"lnt_detstvo" "lnt_druzhinin" "lnt_kugushev" "lnt_mikhaylov" "lnt_otrochestvo" "sta_aksakov" "sta_lazhechnikov" "sta_senkovsky"
"и" 4.68408865365531 3.69529187895157 4.20013548824156 4.14714954872615 4.62437609317009 5.20131132651179 3.83430895455721 3.87184488975587
"в" 2.25934502150182 2.50649642952141 2.15813413335914 2.24780075402719 2.43163687555992 2.56730482664661 2.8727930977737 2.92605071821245
"не" 1.89216010585511 2.2445931291306 2.11458434143037 1.77082143265166 1.92397935241671 1.97834324397201 1.86896113971366 1.79700892593249
"на" 1.86569632815084 1.45479098888957 1.54843704635633 1.53090369016337 1.5571008062796 1.31558406539602 1.72085478524579 1.41278004374298
"что" 1.75653324512074 1.12536574386676 1.57747024097552 1.28241745687193 1.99223582611663 1.64057732426947 1.22011425347345 1.28864455872791
"с" 1.42242805160437 1.33611605589999 1.40810993903029 1.25671198446247 1.26274476344866 1.4106694293459 1.29769377248043 1.64331737305669
"я" 2.10387032748925 1.03942872342602 3.08719636117294 0.531246429795499 2.78998336248454 0.360472872287584 0.371441333427369 1.24135485015074
"он" 0.932848164075422 0.603605262619442 0.54679183199458 0.845424425911116 0.874536069280321 0.945176901352483 1.0061828525754 0.786191405095466
"его" 0.631822692689381 0.769340944898001 0.348398335430175 0.893979207128984 0.554583848811911 0.764940465208691 0.994428379998589 0.673878347224685
"как" 0.87330466424082 0.624066457962474 0.740346462789122 0.751171027076431 0.780683417942921 0.615926088869336 0.806356818769542 0.945794171543418
"к" 0.565663248428713 0.671127207251448 0.590341623923352 0.791157317491146 0.563115908024402 0.736556774477385 0.590074523356137 0.484719512916002
"то" 0.641746609328482 0.707957358868905 0.76454079163844 0.571232720210214 0.767885329124184 0.533613385748549 0.613583468509768 0.449252231483123
"она" 0.896460469732054 0.44196181940949 0.725829865479532 0.225636924483034 0.409538842199565 0.676951023941643 0.446669957918988 1.33593426730508
"ее" 0.635130664902415 0.460376895218219 0.493564308526081 0.339883468525077 0.371144575743356 0.627279565161858 0.695864776547476 1.2236212094343
"но" 0.635130664902415 0.489022568698463 0.541952966224717 0.425568376556609 0.68683076660552 0.681208577551339 0.465477114041893 0.478808299343855
"по" 0.439960304333444 0.581097947742107 0.479047711216491 0.542671084199703 0.439401049443283 0.559158707406724 0.653548675270941 0.602943784358929
"а" 0.420112471055243 0.343748081762937 0.788735120487758 0.82828744430481 0.524721641568192 0.500972141407547 0.557162000141054 0.242359756458001
"все" 0.387032748924909 0.511529883575799 0.522597503145263 0.382725922540843 0.464997227080756 0.557739522870159 0.420810118249994 0.573387716498197
"за" 0.519351637446245 0.466515253821128 0.527436368915126 0.456986176168171 0.537519730386929 0.404467592921108 0.547758422079601 0.307383105751611
"из" 0.42672841548131 0.468561373355431 0.362914932739766 0.511253284588141 0.260227805980974 0.424336176433022 0.550109316594964 0.526098007921026
"это" 0.559047304002646 0.304871810611176 0.585502758153489 0.382725922540843 0.447933108655774 0.312220598044364 0.387897595034911 0.532009221493173
"от" 0.350645054581541 0.421500624066458 0.270976483112358 0.285616360105107 0.328484279680901 0.422916991896456 0.49368784822625 0.342850387184489
"было" 0.535891498511412 0.329425245022814 0.343559469660312 0.274191705700903 0.341282368499637 0.476846004285937 0.413757434703905 0.159602766447952
"так" 0.545815415150513 0.225073148773351 0.420981321978128 0.371301268136639 0.46073119747451 0.388856563018889 0.406704751157816 0.313294319323757
"мне" 0.737677803506451 0.302825691076873 0.870995838575438 0.168513652462013 0.934260483767757 0.109277209315527 0.176317088652232 0.254182183602294
"у" 0.327489249090308 0.235303746444867 0.338720603890448 0.377013595338741 0.337016338893392 0.376083902189802 0.500740531772339 0.271915824318733
"же" 0.363876943433675 0.259857180856506 0.570986160843898 0.342739632126128 0.354080457318374 0.330669997019712 0.251545713143851 0.271915824318733
"о" 0.353953026794575 0.484930329629857 0.16452143617536 0.31989032331772 0.354080457318374 0.255453216581752 0.211580506382679 0.443341017910977
"меня" 0.694674164737016 0.227119268307655 0.633891415852124 0.102821889637838 0.951324602192739 0.0922469948767438 0.169264405106143 0.336939173612343
"только" 0.320873304664241 0.24348822458208 0.372592664279493 0.314177996115617 0.324218250074656 0.239842186679534 0.376143122458095 0.266004610746586
"вы" 0.15547469401257 0.505391524972889 0.595180489693216 0.322746486918771 0.298622072437183 0.0752167804379603 0.138702776406423 0.502453153632441
"был" 0.347337082368508 0.208704192498926 0.198393496564405 0.205643779275677 0.324218250074656 0.302286306288407 0.340879704727649 0.118224271442927
"когда" 0.423420443268277 0.272133898062325 0.280654214652086 0.279904032903005 0.383942664562092 0.168882959851269 0.237440346051673 0.266004610746586
"бы" 0.314257360238174 0.268041658993718 0.329042872350721 0.185650634068319 0.251695746768483 0.19584746604601 0.298563603451113 0.336939173612343
"еще" 0.334105193516374 0.263949419925112 0.290331946191813 0.217068433679881 0.209035450706028 0.201524204192271 0.268001974751393 0.277827037890879
"для" 0.198478332782005 0.360117038037362 0.0629052550082261 0.179938306866217 0.166375154643573 0.239842186679534 0.293861814420387 0.248270970030147
"ему" 0.188554416142904 0.214842551101835 0.111293912706862 0.29418485090826 0.162109125037328 0.232746263996708 0.338528810212286 0.147780339303659
"сказал" 0.244789943764472 0.137090008798314 0.377431530049356 0.334171141322975 0.614308263299347 0.136241715510268 0.122246514798881 0.0709345628657563
"ты" 0.241481971551439 0.210750312033229 0.474208845446627 0.302753341711413 0.238897657949746 0.156110299022182 0.117544725768155 0.236448542885854
"да" 0.14555077737347 0.10230597671516 0.440336785057583 0.365588940934537 0.149311036218591 0.163206221705008 0.33382702118156 0.100490630726488
"ни" 0.208402249421105 0.255764941787899 0.145165973095906 0.231349251685137 0.191971332281046 0.166044590778139 0.157509932529327 0.331027960040196
"уже" 0.115779027456169 0.157551204141346 0.111293912706862 0.302753341711413 0.268759865193464 0.279579353703362 0.0634741519148036 0.313294319323757
"до" 0.162090638438637 0.270087778528022 0.15000483886577 0.114246544042043 0.217567509918519 0.24409974028923 0.178667983167595 0.118224271442927
"была" 0.251405888190539 0.149366726004133 0.169360301945224 0.165657488860962 0.0981186809436457 0.21997360316762 0.218633189928768 0.307383105751611
"их" 0.14555077737347 0.151412845538436 0.140327107326043 0.117102707643094 0.174907213856064 0.217135234094489 0.277405552812845 0.26009339717444
"ей" 0.142242805160437 0.14118224786692 0.217748959643859 0.128527362047298 0.0853205921249093 0.231327079460142 0.218633189928768 0.331027960040196
"очень" 0.258021832616606 0.135043889264011 0.295170811961676 0.154232834456758 0.132246917793609 0.207200942338532 0.176317088652232 0.124135485015074
"или" 0.175322527290771 0.184150758087287 0.154843704635633 0.0971095624357363 0.174907213856064 0.180236436143792 0.256247502174577 0.0768457764379027
"своей" 0.0661594442606682 0.19847359482741 0.0338720603890448 0.137095852850451 0.0895866217311548 0.239842186679534 0.169264405106143 0.0827569900100491
"мы" 0.307641415812107 0.270087778528022 0.135488241556179 0.0714040900262767 0.396740753380828 0.0496714587797851 0.0470178903072619 0.112313057870781
"даже" 0.105855110817069 0.163689562744256 0.130649375786316 0.102821889637838 0.0895866217311548 0.229907894923577 0.131650092860333 0.153691552875805
"вот" 0.162090638438637 0.0879831399750373 0.266137617342495 0.299897178110362 0.183439273068555 0.0667016732185686 0.190422455744411 0.0886682035821954
"быть" 0.218326166060205 0.206658072964623 0.174199167715088 0.0714040900262767 0.200503391493537 0.0965045484864397 0.101088464160613 0.26009339717444
"ли" 0.129010916308303 0.178012399484378 0.309687409271267 0.154232834456758 0.115182799368628 0.0695400422916992 0.181018877682958 0.183247620736537
"были" 0.218326166060205 0.118674932989585 0.145165973095906 0.0885410716325831 0.106650740156137 0.187332358826618 0.145755459952512 0.100490630726488
"во" 0.152166721799537 0.178012399484378 0.101616181167134 0.117102707643094 0.196237361887291 0.116373131998354 0.176317088652232 0.135957912159366
"себя" 0.0959311941779689 0.167781801812862 0.0919384496274073 0.111390380440992 0.191971332281046 0.14759519180279 0.157509932529327 0.171425193592244
"него" 0.168706582864704 0.0797986618378246 0.0870995838575438 0.125671198446247 0.157843095431082 0.161787037168443 0.204527822836589 0.135957912159366
"своего" 0.072775388686735 0.175966279950075 0.0580663892383625 0.165657488860962 0.0383942664562092 0.1717213289244 0.213931400898042 0.0827569900100491
"со" 0.115779027456169 0.165735682278559 0.111293912706862 0.145664343653604 0.149311036218591 0.114953947461788 0.152808143498601 0.224626115741562
"время" 0.109163083030103 0.186196877621591 0.125810510016452 0.0942533988346853 0.200503391493537 0.134822530973703 0.101088464160613 0.159602766447952
"без" 0.102547138604036 0.190289116690197 0.106455046936998 0.0685479264252256 0.0895866217311548 0.153271929949051 0.13635188189106 0.159602766447952
"чтобы" 0.29110155474694 0.0245534344116383 0.0870995838575438 0.154232834456758 0.187705302674801 0.0894086258036132 0.225685873474857 0.0472897085771709
"под" 0.168706582864704 0.10230597671516 0.0774218523178167 0.219924597280932 0.145045006612346 0.0837318876573521 0.169264405106143 0.0945794171543418
"если" 0.148858749586503 0.155505084607043 0.203232362334269 0.0913972352336342 0.00853205921249093 0.130564977364007 0.119895620283518 0.200981261452976
"свою" 0.0860072775388687 0.122767172058192 0.0870995838575438 0.125671198446247 0.102384710549891 0.183074805216922 0.117544725768155 0.0827569900100491
"адам" 0 0 0 1.02250656917628 0 0 0 0
"при" 0.0760833608997684 0.218934790170442 0.0870995838575438 0.117102707643094 0.0810545625186639 0.122049870144615 0.124597409314244 0.06502334929361
"они" 0.112471055243136 0.073660303234915 0.0435497919287719 0.082828744430481 0.127980888187364 0.180236436143792 0.117544725768155 0.200981261452976
"себе" 0.12570294409527 0.139136128332617 0.0919384496274073 0.125671198446247 0.102384710549891 0.102181286632701 0.143404565437149 0.112313057870781
"после" 0.138934832947403 0.110490454852372 0.116132778476725 0.0942533988346853 0.127980888187364 0.143337638193094 0.0799304135223453 0.147780339303659
"вам" 0.0595434998346014 0.19847359482741 0.319365140810994 0.10567805323889 0.0895866217311548 0.0368987979506975 0.103439358675976 0.165513980020098
"раз" 0.119086999669203 0.151412845538436 0.0677441207780896 0.082828744430481 0.191971332281046 0.0837318876573521 0.138702776406423 0.0945794171543418
"ней" 0.138934832947403 0.114582693920979 0.0967773153972709 0.0685479264252256 0.0597244144874365 0.117792316534919 0.155159038013964 0.141869125731513
"несколько" 0.0992391663910023 0.0879831399750373 0.0967773153972709 0.10567805323889 0.102384710549891 0.129145792827441 0.176317088652232 0.0532009221493173
"нет" 0.119086999669203 0.0920753790436437 0.237104422723314 0.182794470467268 0.170641184249819 0.043994720633524 0.0869830970684345 0.159602766447952
"может" 0.0926232219649355 0.165735682278559 0.15000483886577 0.085684908031532 0.0938526513374003 0.105019655705831 0.112842936737429 0.0827569900100491
"потому" 0.122394971882236 0.0695680641663086 0.0435497919287719 0.131383525648349 0.072522503306173 0.184493989753488 0.0963866751298869 0.0827569900100491
"того" 0.152166721799537 0.14118224786692 0.0725829865479532 0.0656917628241746 0.0895866217311548 0.0993429175595703 0.155159038013964 0.106401844298635
"адамыч" 0 0 0 0.931109333942648 0 0 0 0
"где" 0.0496195831955012 0.143228367401224 0.212910093873996 0.125671198446247 0.0853205921249093 0.0794743340476562 0.117544725768155 0.112313057870781
"который" 0.168706582864704 0.0552452274261862 0.0629052550082261 0.151376670855707 0.162109125037328 0.105019655705831 0.09873756964525 0.0945794171543418
"теперь" 0.129010916308303 0.128905530661101 0.0870995838575438 0.0514109448189192 0.123714858581119 0.119211501071484 0.0540705738533512 0.236448542885854
"между" 0.0430036387694343 0.212796431567532 0.15000483886577 0.0799725808294299 0.0895866217311548 0.0737975959013951 0.0963866751298869 0.124135485015074
"ничего" 0.138934832947403 0.112536574386676 0.111293912706862 0.119958871244145 0.102384710549891 0.110696393852093 0.0470178903072619 0.141869125731513
"ну" 0.0826993053258353 0.0184150758087287 0.256459885802768 0.402719067748201 0.0810545625186639 0.063863304145438 0.0188071561229048 0.0295560678607318
"нибудь" 0.129010916308303 0.15345896507274 0.0919384496274073 0.122815034845196 0.136512947399855 0.0737975959013951 0.072877729976256 0.0591121357214636
"сказала" 0.158782666225604 0.0961676181122501 0.391948127358947 0.0971095624357363 0.132246917793609 0.043994720633524 0.0329125232150833 0.0886682035821954
"этого" 0.112471055243136 0.0941214985779469 0.120971644246589 0.0771164172283788 0.136512947399855 0.0766359649745256 0.138702776406423 0.141869125731513
"вас" 0.0396956665564009 0.167781801812862 0.261298751572631 0.0942533988346853 0.127980888187364 0.0397371670238281 0.103439358675976 0.0886682035821954
"человек" 0.0661594442606682 0.122767172058192 0.16452143617536 0.0742602536273278 0.149311036218591 0.0908278103401785 0.103439358675976 0.0768457764379027
"чем" 0.132318888521336 0.120721052523888 0.0919384496274073 0.0742602536273278 0.123714858581119 0.0993429175595703 0.0846322025530714 0.0709345628657563
"своих" 0.0628514720476348 0.0982137376465533 0.0338720603890448 0.0771164172283788 0.0469263256687001 0.117792316534919 0.173966194136869 0.0827569900100491
"всех" 0.115779027456169 0.10230597671516 0.0435497919287719 0.0599794356220724 0.0895866217311548 0.116373131998354 0.103439358675976 0.118224271442927
"будет" 0.158782666225604 0.106398215783766 0.0822607180876802 0.0656917628241746 0.110916769762382 0.0936661794133091 0.072877729976256 0.100490630726488
"перед" 0.0992391663910023 0.178012399484378 0.0290331946191813 0.082828744430481 0.0767885329124184 0.0695400422916992 0.0893339915837976 0.13004669858722
"тем" 0.0760833608997684 0.118674932989585 0.145165973095906 0.10567805323889 0.0938526513374003 0.0737975959013951 0.0916848860991607 0.106401844298635
"более" 0.056235527621568 0.10230597671516 0.0580663892383625 0.154232834456758 0.072522503306173 0.0780551495110909 0.12929919834497 0.0472897085771709
"которые" 0.198478332782005 0.0347840320831543 0.0387109261589084 0.039986290414715 0.157843095431082 0.0780551495110909 0.13635188189106 0.100490630726488
"этот" 0.109163083030103 0.0941214985779469 0.120971644246589 0.10567805323889 0.0810545625186639 0.0596057505357422 0.124597409314244 0.06502334929361
"мой" 0.13562686073437 0.120721052523888 0.0725829865479532 0.0514109448189192 0.187705302674801 0.053929012389481 0.0587723628840774 0.124135485015074
"мог" 0.138934832947403 0.132997769729708 0.111293912706862 0.0714040900262767 0.123714858581119 0.0610249350723075 0.0752286244916191 0
"чтоб" 0.00661594442606682 0.118674932989585 0.0580663892383625 0 0.0170641184249819 0.140499269119964 0.0517196793379881 0.342850387184489
"будто" 0.109163083030103 0.073660303234915 0.0580663892383625 0.0485547812178682 0.153577065824837 0.0425755360969587 0.171615299621506 0.06502334929361
"лет" 0.0595434998346014 0.135043889264011 0.0677441207780896 0.0485547812178682 0.063990444093682 0.0737975959013951 0.124597409314244 0.0709345628657563
"сам" 0.0496195831955012 0.0879831399750373 0.0483886576986354 0.0885410716325831 0.0767885329124184 0.107858024778962 0.115193831252792 0.0236448542885854
"нее" 0.112471055243136 0.0204611953430319 0.0822607180876802 0.0542671084199703 0.0767885329124184 0.087989441267048 0.126948303829607 0.171425193592244
"жизни" 0.0628514720476348 0.137090008798314 0.0241943288493177 0.0342739632126128 0.102384710549891 0.0794743340476562 0.0822813080377083 0.100490630726488
"один" 0.0793913331128018 0.108444335318069 0.0725829865479532 0.0656917628241746 0.0895866217311548 0.0780551495110909 0.0799304135223453 0.0532009221493173
"ним" 0.0529275554085346 0.0941214985779469 0.0338720603890448 0.0799725808294299 0.0682564736999275 0.087989441267048 0.0940357806145238 0.100490630726488
"сказать" 0.056235527621568 0.0675219446320054 0.179038033484951 0.0599794356220724 0.0682564736999275 0.0780551495110909 0.0893339915837976 0.0886682035821954
"хотя" 0.0694674164737016 0.0716141837006118 0.0774218523178167 0.0913972352336342 0.0341282368499637 0.106438840242397 0.0893339915837976 0.0354672814328782
"много" 0.0628514720476348 0.122767172058192 0.0338720603890448 0.0599794356220724 0.0511923552749456 0.103600471169266 0.072877729976256 0.0413784950050245
"софья" 0 0 0 0.0142808180052553 0 0.313639782580929 0 0.0118224271442927
"которая" 0.0893152497519021 0.0409223906860639 0.0725829865479532 0.0799725808294299 0.072522503306173 0.100762102096136 0.0705268354608929 0.112313057870781
"всегда" 0.172014555077737 0.0859370204407341 0.0193554630794542 0.0514109448189192 0.1407789770061 0.0681208577551339 0.0587723628840774 0.0236448542885854
"тебе" 0.0760833608997684 0.0982137376465533 0.140327107326043 0.0771164172283788 0.0511923552749456 0.0652824886820033 0.0705268354608929 0.0472897085771709
"день" 0.0529275554085346 0.0716141837006118 0.0435497919287719 0.0656917628241746 0.0682564736999275 0.114953947461788 0.0799304135223453 0.0413784950050245
"глаза" 0.138934832947403 0.0491068688232767 0.0919384496274073 0.0771164172283788 0.102384710549891 0.043994720633524 0.0822813080377083 0.106401844298635
"тебя" 0.0628514720476348 0.106398215783766 0.154843704635633 0.0371301268136639 0.102384710549891 0.0581865659991769 0.0705268354608929 0.0472897085771709
"николавна" 0 0 0 0 0 0.307963044434668 0 0
"есть" 0.0430036387694343 0.0757064227692182 0.154843704635633 0.0542671084199703 0.0895866217311548 0.0808935185842215 0.0564214683687143 0.0768457764379027
"том" 0.129010916308303 0.0920753790436437 0.0290331946191813 0.0542671084199703 0.102384710549891 0.0581865659991769 0.0634741519148036 0.0886682035821954
"этом" 0.109163083030103 0.0879831399750373 0.053227523468499 0.039986290414715 0.0597244144874365 0.053929012389481 0.0869830970684345 0.135957912159366
"них" 0.0529275554085346 0.0491068688232767 0.0338720603890448 0.0514109448189192 0.0554583848811911 0.0865702567304827 0.13635188189106 0.0768457764379027
"через" 0.0694674164737016 0.0675219446320054 0.0435497919287719 0.0371301268136639 0.0469263256687001 0.113534762925223 0.0916848860991607 0.0236448542885854
"эти" 0.0760833608997684 0.104352096249463 0.0580663892383625 0.0628355992231235 0.0810545625186639 0.0383179824872628 0.110492042222065 0.0532009221493173
"нас" 0.195170360568971 0.0818447813721278 0.0387109261589084 0.0142808180052553 0.22609956913101 0.0283836907313058 0.0376143122458095 0.0472897085771709
"свое" 0.0330797221303341 0.0613835860290958 0.0193554630794542 0.0714040900262767 0.102384710549891 0.0950853639498744 0.0775795190069822 0.0886682035821954
"руку" 0.138934832947403 0.0695680641663086 0.0919384496274073 0.082828744430481 0.0895866217311548 0.0354796134141322 0.0634741519148036 0.0591121357214636
"какой" 0.072775388686735 0.0593374664947926 0.053227523468499 0.0599794356220724 0.0810545625186639 0.0425755360969587 0.12929919834497 0.100490630726488
"никогда" 0.102547138604036 0.10230597671516 0.0338720603890448 0.0257054724094596 0.106650740156137 0.0496714587797851 0.0634741519148036 0.112313057870781
"потом" 0.138934832947403 0.0368301516174575 0.0290331946191813 0.0771164172283788 0.063990444093682 0.063863304145438 0.0775795190069822 0.100490630726488
"уж" 0.0694674164737016 0 0.116132778476725 0.177082143265166 0.0469263256687001 0.0368987979506975 0.12929919834497 0.0236448542885854
"опять" 0.0595434998346014 0.0491068688232767 0.0725829865479532 0.0685479264252256 0.0383942664562092 0.0596057505357422 0.0940357806145238 0.165513980020098
"знаю" 0.0992391663910023 0.0716141837006118 0.16452143617536 0.0628355992231235 0.072522503306173 0.0482522742432198 0.0376143122458095 0.0591121357214636
"им" 0.072775388686735 0.0757064227692182 0.0145165973095906 0.0714040900262767 0.0298622072437183 0.0851510721939174 0.072877729976256 0.0709345628657563
"нем" 0.0496195831955012 0.053199107891883 0.0145165973095906 0.148520507254656 0.0426602960624547 0.0596057505357422 0.0822813080377083 0.0768457764379027
"об" 0.0496195831955012 0.0695680641663086 0.0290331946191813 0.039986290414715 0.0426602960624547 0.106438840242397 0.0517196793379881 0.106401844298635
"свои" 0.072775388686735 0.0900292595093405 0.0338720603890448 0.0656917628241746 0.0554583848811911 0.0468330897066546 0.0846322025530714 0.0827569900100491
"всем" 0.0793913331128018 0.0675219446320054 0.0241943288493177 0.0542671084199703 0.063990444093682 0.0894086258036132 0.0446669957918988 0.0768457764379027
"два" 0.0463116109824677 0.0552452274261862 0.101616181167134 0.0542671084199703 0.0511923552749456 0.0766359649745256 0.0893339915837976 0.0354672814328782
"своим" 0.0264637777042673 0.0879831399750373 0.0387109261589084 0.0599794356220724 0.0213301480312273 0.0823127031207868 0.0846322025530714 0.0709345628657563
"совершенно" 0.112471055243136 0.0920753790436437 0.0338720603890448 0.0885410716325831 0.0597244144874365 0.0695400422916992 0.0164562616075417 0.0236448542885854
"которого" 0.0793913331128018 0.0654758250977022 0.0387109261589084 0.042842454015766 0.0597244144874365 0.0752167804379603 0.0658250464301667 0.06502334929361
"дело" 0.0463116109824677 0.0572913469604894 0.0967773153972709 0.0456986176168171 0.0127980888187364 0.0865702567304827 0.072877729976256 0.0591121357214636
"кто" 0.0496195831955012 0.0859370204407341 0.106455046936998 0.0685479264252256 0.0981186809436457 0.0312220598044364 0.0399652067611726 0.100490630726488
"наконец" 0.0463116109824677 0.0429685102203671 0.0580663892383625 0.0913972352336342 0.0341282368499637 0.0993429175595703 0.0470178903072619 0.0295560678607318
"которой" 0.0793913331128018 0.0716141837006118 0.0387109261589084 0.0485547812178682 0.115182799368628 0.0482522742432198 0.072877729976256 0.0295560678607318
"тут" 0.0198478332782005 0.0470607492889735 0.0629052550082261 0.0913972352336342 0.0383942664562092 0.0510906433163504 0.134000987375696 0.0295560678607318
"руки" 0.0760833608997684 0.053199107891883 0.0725829865479532 0.0599794356220724 0.072522503306173 0.0567673814626116 0.0587723628840774 0.0709345628657563
"степан" 0 0 0 0.00285616360105107 0 0.252614847508622 0 0
"человека" 0.0396956665564009 0.124813291592495 0.0193554630794542 0.0456986176168171 0.0597244144874365 0.0652824886820033 0.049368784822625 0.0295560678607318
"владислав" 0 0.362163157571665 0 0 0 0 0 0
"надо" 0.0463116109824677 0.0838909009064309 0.0483886576986354 0.0742602536273278 0.0341282368499637 0.0354796134141322 0.0963866751298869 0.0709345628657563
"скоро" 0.0496195831955012 0.0327379125488511 0.111293912706862 0.0485547812178682 0.0469263256687001 0.0837318876573521 0.0611232573994405 0.0532009221493173
"марья" 0.00661594442606682 0.313056288748389 0 0.0371301268136639 0 0.00851510721939174 0 0.00591121357214636
"феша" 0 0 0.84680150972612 0 0 0 0 0
"этой" 0.056235527621568 0.0797986618378246 0.0725829865479532 0.0628355992231235 0.0469263256687001 0.0383179824872628 0.0658250464301667 0.0768457764379027
"говорил" 0.0826993053258353 0.0695680641663086 0.0145165973095906 0.0342739632126128 0.0682564736999275 0.053929012389481 0.0893339915837976 0.0118224271442927
"лицо" 0.142242805160437 0.0286456734802447 0.0677441207780896 0.0714040900262767 0.072522503306173 0.0283836907313058 0.0634741519148036 0.0472897085771709
"вдруг" 0.0826993053258353 0.0204611953430319 0.0387109261589084 0.0656917628241746 0.162109125037328 0.0567673814626116 0.0188071561229048 0.0886682035821954
"мери" 0 0.341701962228633 0 0 0 0 0 0
"всю" 0.0363876943433675 0.0879831399750373 0.0435497919287719 0.0485547812178682 0.0213301480312273 0.0681208577551339 0.0399652067611726 0.0945794171543418
"голову" 0.132318888521336 0.0286456734802447 0.0677441207780896 0.0685479264252256 0.115182799368628 0.0269645061947405 0.0376143122458095 0.06502334929361
"над" 0.0694674164737016 0.0982137376465533 0.0145165973095906 0.0542671084199703 0.0469263256687001 0.0482522742432198 0.049368784822625 0.0472897085771709
"сердце" 0.0231558054912339 0.0491068688232767 0.0241943288493177 0.114246544042043 0.0213301480312273 0.0383179824872628 0.0822813080377083 0.13004669858722
"алексей" 0 0 0 0 0 0.229907894923577 0 0
"жизнь" 0.0396956665564009 0.108444335318069 0.0435497919287719 0.0285616360105107 0.0170641184249819 0.0681208577551339 0.0399652067611726 0.0532009221493173
"давно" 0.0430036387694343 0.0900292595093405 0.0435497919287719 0.0628355992231235 0.0298622072437183 0.0752167804379603 0.0211580506382679 0.0236448542885854
"долго" 0.0363876943433675 0.0552452274261862 0.0629052550082261 0.042842454015766 0.0426602960624547 0.0808935185842215 0.049368784822625 0.0413784950050245
"другой" 0.0793913331128018 0.0204611953430319 0.0580663892383625 0.0285616360105107 0.072522503306173 0.0581865659991769 0.0916848860991607 0.0413784950050245
"которых" 0.0396956665564009 0.0654758250977022 0 0.0371301268136639 0.0298622072437183 0.0851510721939174 0.0634741519148036 0.0472897085771709
"отвечал" 0.0463116109824677 0.0409223906860639 0.179038033484951 0.0942533988346853 0.063990444093682 0.0255453216581752 0.0399652067611726 0.0295560678607318
"спросил" 0.0363876943433675 0.0388762711517607 0.256459885802768 0.122815034845196 0.0298622072437183 0.0156110299022182 0.0282107341843571 0.0177336407164391
"хорошо" 0.0826993053258353 0 0.0629052550082261 0.0456986176168171 0.145045006612346 0.0709592268282645 0.0399652067611726 0.0177336407164391
"александровна" 0 0.313056288748389 0 0 0 0 0.00940357806145238 0
"одно" 0.0529275554085346 0.0716141837006118 0.0822607180876802 0.0742602536273278 0.0554583848811911 0.0383179824872628 0.0376143122458095 0.0413784950050245
"чего" 0.0529275554085346 0.053199107891883 0.0870995838575438 0.0656917628241746 0.0554583848811911 0.0368987979506975 0.0634741519148036 0.0472897085771709
"нам" 0.129010916308303 0.0613835860290958 0.0483886576986354 0.0257054724094596 0.127980888187364 0.0326412443410017 0.0258598396689941 0.0236448542885854
"одной" 0.0826993053258353 0.063429705563399 0.0387109261589084 0.0656917628241746 0.0383942664562092 0.0354796134141322 0.0681759409455298 0.0295560678607318
"там" 0.0363876943433675 0.0368301516174575 0.0338720603890448 0.108534216839941 0.0511923552749456 0.0496714587797851 0.0446669957918988 0.0709345628657563
"лучше" 0.072775388686735 0.0470607492889735 0.101616181167134 0.0456986176168171 0.0298622072437183 0.0454139051700893 0.0446669957918988 0.06502334929361
"можно" 0.0496195831955012 0.0511529883575799 0.0580663892383625 0.0628355992231235 0.0255961776374728 0.0482522742432198 0.0705268354608929 0.0413784950050245
"минуту" 0.0826993053258353 0.0920753790436437 0.053227523468499 0.0257054724094596 0.0767885329124184 0.0383179824872628 0.0117544725768155 0.0591121357214636
"почти" 0.0496195831955012 0.0695680641663086 0.0435497919287719 0.0685479264252256 0.0341282368499637 0.0383179824872628 0.0399652067611726 0.0827569900100491
"однако" 0.0330797221303341 0.073660303234915 0.101616181167134 0.042842454015766 0.0298622072437183 0.0255453216581752 0.0658250464301667 0.06502334929361
"старик" 0.0165398610651671 0.0552452274261862 0.0629052550082261 0.0114246544042043 0.00853205921249093 0.106438840242397 0.0470178903072619 0
"эта" 0.0760833608997684 0.0695680641663086 0.0435497919287719 0.0456986176168171 0.0127980888187364 0.0411563515603934 0.0446669957918988 0.0768457764379027
"времени" 0.0231558054912339 0.0900292595093405 0.0145165973095906 0.0228493088084085 0.0298622072437183 0.0581865659991769 0.0681759409455298 0.0354672814328782
"здесь" 0.0595434998346014 0.0716141837006118 0.0677441207780896 0.0285616360105107 0.0469263256687001 0.0184493989753488 0.0540705738533512 0.124135485015074
"слова" 0.0793913331128018 0.0552452274261862 0.00967773153972709 0.0571232720210214 0.0426602960624547 0.0482522742432198 0.0446669957918988 0.0472897085771709
"степаныч" 0 0 0 0 0 0.204362573265402 0 0
"также" 0.0132318888521336 0.0204611953430319 0.0387109261589084 0.0199931452073575 0 0.116373131998354 0.0681759409455298 0.0177336407164391
"иногда" 0.0297717499173007 0.0327379125488511 0.0193554630794542 0.0171369816063064 0.0554583848811911 0.0624441196088727 0.110492042222065 0.0177336407164391
"отца" 0.0231558054912339 0.0368301516174575 0.0338720603890448 0.0171369816063064 0.0127980888187364 0.0950853639498744 0.0775795190069822 0.00591121357214636
"своему" 0.0198478332782005 0.053199107891883 0.0145165973095906 0.0257054724094596 0.0127980888187364 0.0908278103401785 0.0517196793379881 0.0472897085771709
"сама" 0.0264637777042673 0.0572913469604894 0.0290331946191813 0.0114246544042043 0.00853205921249093 0.0837318876573521 0.0446669957918988 0.0827569900100491
"эту" 0.0959311941779689 0.0511529883575799 0.0725829865479532 0.0371301268136639 0.0341282368499637 0.0283836907313058 0.0446669957918988 0.0591121357214636
"дома" 0.0198478332782005 0.0511529883575799 0.0435497919287719 0.0371301268136639 0.0554583848811911 0.0510906433163504 0.0775795190069822 0.0177336407164391
"друг" 0.0661594442606682 0.110490454852372 0.0193554630794542 0.0114246544042043 0.063990444093682 0.0241261371216099 0.0258598396689941 0.0768457764379027
"ко" 0.0661594442606682 0.0245534344116383 0.154843704635633 0.0314177996115617 0.0981186809436457 0.0425755360969587 0.0188071561229048 0.0118224271442927
"молодой" 0.0496195831955012 0.0757064227692182 0.0241943288493177 0.0114246544042043 0.0469263256687001 0.0567673814626116 0.049368784822625 0.0295560678607318
"больше" 0.12570294409527 0.0306917930145479 0.0435497919287719 0.0742602536273278 0.0810545625186639 0.034060428877567 0.0117544725768155 0
"вместе" 0.0463116109824677 0.0409223906860639 0.0290331946191813 0.0485547812178682 0.063990444093682 0.0425755360969587 0.0517196793379881 0.0709345628657563
"ж" 0.0330797221303341 0.0122767172058192 0.0193554630794542 0.0199931452073575 0.0511923552749456 0.00851510721939174 0.176317088652232 0.0945794171543418
"такой" 0.0297717499173007 0.0184150758087287 0.0725829865479532 0.0742602536273278 0.0511923552749456 0.0312220598044364 0.0846322025530714 0.0413784950050245
"которое" 0.0926232219649355 0.0245534344116383 0.0241943288493177 0.0257054724094596 0.0853205921249093 0.043994720633524 0.0564214683687143 0.0354672814328782
"людей" 0.0297717499173007 0.128905530661101 0.00483886576986354 0.0142808180052553 0.0298622072437183 0.043994720633524 0.0352634177304464 0.0236448542885854
"тогда" 0.0529275554085346 0.0163689562744256 0.0338720603890448 0.0228493088084085 0.063990444093682 0.0695400422916992 0.049368784822625 0.06502334929361
"всего" 0.0430036387694343 0.0613835860290958 0.053227523468499 0.0285616360105107 0.0511923552749456 0.0596057505357422 0.0164562616075417 0.0532009221493173
"люди" 0.0231558054912339 0.0716141837006118 0.0193554630794542 0.0199931452073575 0.0255961776374728 0.0496714587797851 0.0658250464301667 0.0709345628657563
"моя" 0.0959311941779689 0.0675219446320054 0.053227523468499 0.00571232720210214 0.0938526513374003 0.0156110299022182 0.0470178903072619 0.0354672814328782
"говорить" 0.0760833608997684 0.0757064227692182 0.0193554630794542 0.042842454015766 0.0383942664562092 0.0482522742432198 0.0141053670921786 0.0295560678607318
"одна" 0.0529275554085346 0.0695680641663086 0.0677441207780896 0.0171369816063064 0.0597244144874365 0.0312220598044364 0.0470178903072619 0.0413784950050245
"любви" 0.0694674164737016 0.0388762711517607 0.0241943288493177 0.0542671084199703 0.0469263256687001 0.0525098278529157 0.0258598396689941 0.0532009221493173
"довольно" 0.0330797221303341 0.0491068688232767 0.0774218523178167 0.082828744430481 0.0170641184249819 0.0354796134141322 0.0399652067611726 0.0354672814328782
"моей" 0.0860072775388687 0.053199107891883 0.0919384496274073 0.0171369816063064 0.0938526513374003 0.0227069525850446 0.023508945153631 0.0295560678607318
"несмотря" 0.072775388686735 0 0.0387109261589084 0.0314177996115617 0.102384710549891 0.0624441196088727 0.0470178903072619 0.00591121357214636
"своем" 0.0529275554085346 0.0716141837006118 0.00967773153972709 0.0285616360105107 0.0255961776374728 0.0567673814626116 0.0399652067611726 0.0236448542885854
"свой" 0.0396956665564009 0.0429685102203671 0.0290331946191813 0.0714040900262767 0.0255961776374728 0.0283836907313058 0.0775795190069822 0.0413784950050245
"тоже" 0.0463116109824677 0.0450146297546703 0.0967773153972709 0.0771164172283788 0.0767885329124184 0.0141918453656529 0.0164562616075417 0.06502334929361
"ведь" 0.0198478332782005 0.00613835860290958 0.0919384496274073 0.122815034845196 0.0255961776374728 0.034060428877567 0.0423161012765357 0.0532009221493173
"доме" 0.0396956665564009 0.0306917930145479 0.0387109261589084 0.0314177996115617 0.0554583848811911 0.0610249350723075 0.0540705738533512 0.0177336407164391
"дочери" 0.00661594442606682 0.0143228367401224 0.0290331946191813 0.00285616360105107 0.00426602960624547 0.0780551495110909 0.0822813080377083 0.118224271442927
"казалось" 0.0760833608997684 0.0265995539459415 0.0387109261589084 0.0485547812178682 0.0682564736999275 0.0312220598044364 0.0634741519148036 0.00591121357214636
"которую" 0.0463116109824677 0.0245534344116383 0.0435497919287719 0.0371301268136639 0.0597244144874365 0.0454139051700893 0.0611232573994405 0.0413784950050245
"сейчас" 0.0463116109824677 0.0450146297546703 0.0193554630794542 0.0314177996115617 0.0341282368499637 0.0695400422916992 0.0352634177304464 0.0236448542885854
"папа" 0.218326166060205 0.0184150758087287 0 0 0.209035450706028 0 0 0
"три" 0.0363876943433675 0.0368301516174575 0.0387109261589084 0.0514109448189192 0.0341282368499637 0.0354796134141322 0.0775795190069822 0.0177336407164391
"такое" 0.0396956665564009 0.0184150758087287 0.116132778476725 0.0571232720210214 0.0298622072437183 0.0354796134141322 0.0399652067611726 0.0472897085771709
"отец" 0.0165398610651671 0.0593374664947926 0.0435497919287719 0.0142808180052553 0.0341282368499637 0.0397371670238281 0.0822813080377083 0.0118224271442927
"этих" 0.0264637777042673 0.0368301516174575 0.0241943288493177 0.0257054724094596 0.00853205921249093 0.034060428877567 0.108141147706702 0.0532009221493173
"могла" 0.0396956665564009 0.0491068688232767 0.0193554630794542 0.0171369816063064 0.0127980888187364 0.0652824886820033 0.049368784822625 0.0236448542885854
"слишком" 0.0463116109824677 0.0613835860290958 0.0193554630794542 0.0171369816063064 0.0597244144874365 0.0383179824872628 0.0352634177304464 0.0532009221493173
"кажется" 0.0595434998346014 0.0511529883575799 0.0677441207780896 0.0371301268136639 0.0767885329124184 0.0156110299022182 0.0305616286997202 0.0354672814328782
"куда" 0.0297717499173007 0.0306917930145479 0.106455046936998 0.0628355992231235 0.0554583848811911 0.0283836907313058 0.0352634177304464 0.0118224271442927
"любовь" 0.0628514720476348 0.0184150758087287 0.0145165973095906 0.0514109448189192 0.0170641184249819 0.0567673814626116 0.0376143122458095 0.0532009221493173
"никто" 0.0463116109824677 0.053199107891883 0.0241943288493177 0.0199931452073575 0.0682564736999275 0.0525098278529157 0.0258598396689941 0.0118224271442927
"тетушка" 0 0 0.556469563534308 0 0 0.00141918453656529 0 0.00591121357214636
"нему" 0.0463116109824677 0.0409223906860639 0.0241943288493177 0.039986290414715 0.0426602960624547 0.0397371670238281 0.0517196793379881 0.0177336407164391
"знал" 0.056235527621568 0.0511529883575799 0.0193554630794542 0.0285616360105107 0.0383942664562092 0.043994720633524 0.0352634177304464 0.0236448542885854
"могу" 0.0396956665564009 0.0470607492889735 0.116132778476725 0.0285616360105107 0.0767885329124184 0.0184493989753488 0.0211580506382679 0.0354672814328782
"сколько" 0.056235527621568 0.0429685102203671 0.0387109261589084 0.0456986176168171 0.0341282368499637 0.0198685835119141 0.0587723628840774 0.0354672814328782
"бог" 0.0529275554085346 0.0225073148773351 0.0387109261589084 0.0114246544042043 0.0767885329124184 0.0525098278529157 0.0376143122458095 0.0177336407164391
"около" 0.0661594442606682 0.0757064227692182 0.0193554630794542 0.0314177996115617 0.0426602960624547 0.0298028752678711 0.0164562616075417 0.0177336407164391
"прежде" 0.056235527621568 0.0265995539459415 0.0145165973095906 0.0171369816063064 0.063990444093682 0.0482522742432198 0.0470178903072619 0.0295560678607318
"про" 0.0231558054912339 0.0859370204407341 0.00967773153972709 0.0371301268136639 0.0469263256687001 0.0326412443410017 0.023508945153631 0.0295560678607318
"адама" 0 0 0 0.31989032331772 0 0 0 0
"стал" 0.0959311941779689 0.0470607492889735 0.0338720603890448 0.0142808180052553 0.0426602960624547 0.0241261371216099 0.0470178903072619 0.00591121357214636
"таким" 0.0496195831955012 0.0327379125488511 0.0145165973095906 0.0456986176168171 0.0255961776374728 0.0468330897066546 0.0399652067611726 0.0354672814328782
"какое" 0.056235527621568 0.0470607492889735 0.0241943288493177 0.0571232720210214 0.0426602960624547 0.0184493989753488 0.0258598396689941 0.0709345628657563
"котором" 0.0595434998346014 0.0388762711517607 0.0145165973095906 0.0314177996115617 0.0511923552749456 0.043994720633524 0.0258598396689941 0.0354672814328782
"одного" 0.0198478332782005 0.0572913469604894 0.0193554630794542 0.0371301268136639 0.0170641184249819 0.0397371670238281 0.049368784822625 0.0295560678607318
"б" 0.00661594442606682 0.00409223906860639 0.0387109261589084 0.0257054724094596 0.0127980888187364 0.0397371670238281 0.0399652067611726 0.230537329313708
"весь" 0.0165398610651671 0.0654758250977022 0.0241943288493177 0.039986290414715 0.0383942664562092 0.0411563515603934 0.0211580506382679 0.0295560678607318
"закурдаев" 0 0 0 0.308465668913515 0 0 0 0
"павел" 0 0.218934790170442 0 0 0 0 0 0
"стороны" 0.0463116109824677 0.0429685102203671 0.0435497919287719 0.039986290414715 0.0469263256687001 0.0354796134141322 0.0211580506382679 0.0236448542885854
"олинька" 0 0 0 0 0 0 0 0.626588638647514
"адамыча" 0 0 0 0.299897178110362 0 0 0 0
"комнату" 0.0661594442606682 0.0306917930145479 0.0241943288493177 0.0456986176168171 0.0810545625186639 0.0184493989753488 0.0282107341843571 0.0295560678607318
"моего" 0.0496195831955012 0.0225073148773351 0.0677441207780896 0.0571232720210214 0.0938526513374003 0.0198685835119141 0.00940357806145238 0.0295560678607318
"оно" 0.0628514720476348 0.0286456734802447 0.0241943288493177 0.0114246544042043 0.0255961776374728 0.0312220598044364 0.0446669957918988 0.0945794171543418
"иваныч" 0.185246443929871 0 0.00967773153972709 0 0.0981186809436457 0 0.0540705738533512 0
"нельзя" 0.0661594442606682 0.053199107891883 0.0145165973095906 0.00856849080315321 0.0255961776374728 0.0454139051700893 0.0258598396689941 0.0177336407164391
"едва" 0.0165398610651671 0.0491068688232767 0.0193554630794542 0.0257054724094596 0.0383942664562092 0.0312220598044364 0.0611232573994405 0.0236448542885854
"особенно" 0.0363876943433675 0.0286456734802447 0.0193554630794542 0.00856849080315321 0.0511923552749456 0.0553481969260463 0.0423161012765357 0.0118224271442927
"ах" 0.0430036387694343 0.0184150758087287 0.053227523468499 0.114246544042043 0.0127980888187364 0 0 0.153691552875805
"вся" 0.0330797221303341 0.0388762711517607 0.0145165973095906 0.0371301268136639 0.0170641184249819 0.043994720633524 0.0282107341843571 0.0591121357214636
"делать" 0.056235527621568 0.0429685102203671 0.0677441207780896 0.0114246544042043 0.0341282368499637 0.0283836907313058 0.023508945153631 0.0472897085771709
"хотел" 0.0396956665564009 0.0327379125488511 0.0338720603890448 0.0342739632126128 0.0938526513374003 0.0255453216581752 0.0282107341843571 0.0177336407164391
"володя" 0.142242805160437 0 0 0 0.247429717162237 0 0 0
"две" 0.0297717499173007 0.0388762711517607 0.0387109261589084 0.0257054724094596 0.0341282368499637 0.0326412443410017 0.0446669957918988 0.0354672814328782
"михайлович" 0 0.0388762711517607 0 0 0 0.114953947461788 0.0023508945153631 0
"михайлыч" 0 0 0 0 0 0.143337638193094 0 0
"продолжал" 0.0628514720476348 0.0225073148773351 0.0919384496274073 0.0628355992231235 0.0383942664562092 0.0241261371216099 0.00705268354608929 0.00591121357214636
"дела" 0.00992391663910023 0.063429705563399 0.0193554630794542 0.00856849080315321 0.00426602960624547 0.0397371670238281 0.0587723628840774 0.0295560678607318
"впрочем" 0.0132318888521336 0.0265995539459415 0.0870995838575438 0.0799725808294299 0.0298622072437183 0.0269645061947405 0.00940357806145238 0.0354672814328782
"мое" 0.0529275554085346 0.0225073148773351 0.0677441207780896 0.0142808180052553 0.123714858581119 0.00993429175595703 0.0258598396689941 0.0354672814328782
"начал" 0.0264637777042673 0.0245534344116383 0.0774218523178167 0.085684908031532 0.0469263256687001 0.0184493989753488 0.0141053670921786 0.0177336407164391
"тальгоф" 0 0.202565833896016 0 0 0 0 0 0
"часто" 0.0396956665564009 0.0409223906860639 0.0338720603890448 0.0199931452073575 0.0554583848811911 0.0312220598044364 0.0352634177304464 0.0177336407164391
"весело" 0.0396956665564009 0.0450146297546703 0.0725829865479532 0.0228493088084085 0.0170641184249819 0.0411563515603934 0.00940357806145238 0.0236448542885854
"мало" 0.0231558054912339 0.0491068688232767 0.0338720603890448 0.0314177996115617 0.0255961776374728 0.043994720633524 0.0258598396689941 0
"точно" 0.0463116109824677 0.0163689562744256 0.0580663892383625 0.0456986176168171 0.0298622072437183 0.0454139051700893 0.00940357806145238 0.0236448542885854
"антонович" 0 0.182104638552984 0 0 0 0 0 0.0413784950050245
"говорит" 0.0661594442606682 0.0204611953430319 0 0.0514109448189192 0.0767885329124184 0.00851510721939174 0.0446669957918988 0.0295560678607318
"которым" 0.0661594442606682 0.0347840320831543 0.0241943288493177 0.0257054724094596 0.0554583848811911 0.0269645061947405 0.0164562616075417 0.0354672814328782
"отчего" 0.0628514720476348 0.0327379125488511 0.0338720603890448 0.0342739632126128 0.0938526513374003 0.0198685835119141 0.0117544725768155 0.00591121357214636
"конечно" 0 0.0306917930145479 0.106455046936998 0.00856849080315321 0 0.0652824886820033 0.0164562616075417 0.0118224271442927
"слезы" 0.112471055243136 0.0204611953430319 0.0290331946191813 0.0142808180052553 0.0511923552749456 0.0198685835119141 0.0211580506382679 0.0295560678607318
"имел" 0.0661594442606682 0.0306917930145479 0 0.0171369816063064 0.0127980888187364 0.034060428877567 0.0611232573994405 0
"мысли" 0.0430036387694343 0.0265995539459415 0.0193554630794542 0.0228493088084085 0.1407789770061 0.0212877680484793 0.0023508945153631 0.0413784950050245
"сергеич" 0 0.1923352362245 0 0 0 0 0 0
"быстро" 0.0132318888521336 0.0347840320831543 0.15000483886577 0.0285616360105107 0.0426602960624547 0.00993429175595703 0.00705268354608929 0.06502334929361
"голосом" 0.0860072775388687 0.010230597671516 0.0193554630794542 0.0285616360105107 0.0511923552749456 0.0269645061947405 0.0329125232150833 0.0177336407164391
"какие" 0.0330797221303341 0.0450146297546703 0.0338720603890448 0.0228493088084085 0.0383942664562092 0.0113534762925223 0.0540705738533512 0.0354672814328782
"мои" 0.0860072775388687 0.0327379125488511 0.0629052550082261 0.00571232720210214 0.0810545625186639 0.0127726608290876 0.00705268354608929 0.0295560678607318
"снова" 0.00661594442606682 0.0306917930145479 0.135488241556179 0.0542671084199703 0.0895866217311548 0.00709592268282645 0.00470178903072619 0.00591121357214636
"совсем" 0.056235527621568 0.0265995539459415 0.0241943288493177 0.0628355992231235 0.0682564736999275 0.0227069525850446 0.00705268354608929 0.00591121357214636
"дедушка" 0.00661594442606682 0 0 0 0 0.124888239217745 0.00470178903072619 0
"письмо" 0.0165398610651671 0.00613835860290958 0.0483886576986354 0.00571232720210214 0.00426602960624547 0.0794743340476562 0.0352634177304464 0
"кроме" 0.0297717499173007 0.0368301516174575 0.0387109261589084 0.0199931452073575 0.0469263256687001 0.0354796134141322 0.0211580506382679 0.0236448542885854
"любил" 0.0430036387694343 0.0204611953430319 0.0145165973095906 0.00856849080315321 0.0426602960624547 0.0411563515603934 0.0517196793379881 0.00591121357214636
"вами" 0.0297717499173007 0.0757064227692182 0.0483886576986354 0.0171369816063064 0.0255961776374728 0.00709592268282645 0.0282107341843571 0.0295560678607318
"дом" 0.00992391663910023 0.0286456734802447 0.0241943288493177 0.0199931452073575 0.0255961776374728 0.0397371670238281 0.0517196793379881 0.0295560678607318
"душа" 0.0363876943433675 0.0327379125488511 0 0.0456986176168171 0.0213301480312273 0.0198685835119141 0.0305616286997202 0.0886682035821954
"замка" 0.00330797221303341 0.180058519018681 0 0 0 0 0.0023508945153631 0
"мужа" 0.00330797221303341 0.0286456734802447 0.00483886576986354 0.0142808180052553 0 0.0667016732185686 0.0352634177304464 0.0413784950050245
"тех" 0.0529275554085346 0.0225073148773351 0.0241943288493177 0.0142808180052553 0.063990444093682 0.0326412443410017 0.0164562616075417 0.0472897085771709
"знает" 0.0396956665564009 0.0225073148773351 0.0483886576986354 0.0485547812178682 0.0597244144874365 0.0170302144387835 0.0258598396689941 0.0118224271442927
"карл" 0.175322527290771 0.00613835860290958 0 0 0.1407789770061 0 0 0
"весьма" 0.00661594442606682 0.0286456734802447 0.111293912706862 0.0371301268136639 0.0383942664562092 0.0312220598044364 0.00470178903072619 0.0177336407164391
"жить" 0.0231558054912339 0.0429685102203671 0.0435497919287719 0.00285616360105107 0.0597244144874365 0.0354796134141322 0.0117544725768155 0.0354672814328782
"нею" 0.0297717499173007 0.0163689562744256 0.0241943288493177 0.0142808180052553 0.00853205921249093 0.0383179824872628 0.0141053670921786 0.153691552875805
"слово" 0.0231558054912339 0.0245534344116383 0.0435497919287719 0.0285616360105107 0.0597244144874365 0.0227069525850446 0.0305616286997202 0.0413784950050245
"говорила" 0.0826993053258353 0.0204611953430319 0.00967773153972709 0.00571232720210214 0.0341282368499637 0.0269645061947405 0.0305616286997202 0.0472897085771709
"голос" 0.0760833608997684 0.0245534344116383 0.0290331946191813 0.0199931452073575 0.0469263256687001 0.0184493989753488 0.0352634177304464 0
"завтра" 0.0132318888521336 0.0450146297546703 0.0677441207780896 0.0456986176168171 0.00853205921249093 0.0127726608290876 0.023508945153631 0.0591121357214636
"мать" 0.0231558054912339 0 0.00967773153972709 0.00571232720210214 0.0213301480312273 0.043994720633524 0.0564214683687143 0.0945794171543418
"место" 0.0363876943433675 0.0245534344116383 0.0193554630794542 0.0485547812178682 0.0255961776374728 0.0241261371216099 0.0399652067611726 0.0177336407164391
"первый" 0.0264637777042673 0.0347840320831543 0.0338720603890448 0.0171369816063064 0.0426602960624547 0.0269645061947405 0.0376143122458095 0.0236448542885854
"какая" 0.0363876943433675 0.0347840320831543 0.0483886576986354 0.0485547812178682 0.0383942664562092 0.00709592268282645 0.023508945153631 0.0413784950050245
"одну" 0.0231558054912339 0.0306917930145479 0.0241943288493177 0.0257054724094596 0.0469263256687001 0.034060428877567 0.023508945153631 0.0295560678607318
"двух" 0.0165398610651671 0.0306917930145479 0.0241943288493177 0.0285616360105107 0.00426602960624547 0.0411563515603934 0.0305616286997202 0.0413784950050245
"дочь" 0.00330797221303341 0.00818447813721278 0.0241943288493177 0 0 0.0510906433163504 0.0587723628840774 0.0827569900100491
"думал" 0.0430036387694343 0.0265995539459415 0.0290331946191813 0.0371301268136639 0.0426602960624547 0.00851510721939174 0.0376143122458095 0.0472897085771709
"немного" 0.0529275554085346 0.0491068688232767 0.00483886576986354 0.039986290414715 0.0170641184249819 0.0127726608290876 0.0399652067611726 0
"софьи" 0 0 0 0.00285616360105107 0 0.119211501071484 0 0
"старика" 0 0.0245534344116383 0.0338720603890448 0.00571232720210214 0 0.0766359649745256 0.0211580506382679 0.00591121357214636
"такие" 0.0330797221303341 0.0347840320831543 0.0193554630794542 0.0199931452073575 0.0383942664562092 0.034060428877567 0.0305616286997202 0.00591121357214636
"дверь" 0.0661594442606682 0.0163689562744256 0.0193554630794542 0.0514109448189192 0.0341282368499637 0.0241261371216099 0.0117544725768155 0.0236448542885854
"ноги" 0.0694674164737016 0.00613835860290958 0.0145165973095906 0.0342739632126128 0.0255961776374728 0.0269645061947405 0.0352634177304464 0.0295560678607318
"сделать" 0.0430036387694343 0.0286456734802447 0.0435497919287719 0.0257054724094596 0.0213301480312273 0.0156110299022182 0.0399652067611726 0.0354672814328782
"бабушка" 0.12570294409527 0 0 0 0.132246917793609 0.0198685835119141 0 0
"должен" 0.0231558054912339 0.0225073148773351 0.0145165973095906 0.0257054724094596 0.0597244144874365 0.0198685835119141 0.0329125232150833 0.06502334929361
"заметил" 0.0330797221303341 0.0265995539459415 0.130649375786316 0.0571232720210214 0.00426602960624547 0.0113534762925223 0.00940357806145238 0
"наш" 0.0297717499173007 0.0613835860290958 0.0193554630794542 0.0656917628241746 0.0127980888187364 0.00709592268282645 0.0188071561229048 0.00591121357214636
"самого" 0.0330797221303341 0.0368301516174575 0.0145165973095906 0.0514109448189192 0.0511923552749456 0.0184493989753488 0.0141053670921786 0.0177336407164391
"хоть" 0.00992391663910023 0.0409223906860639 0.053227523468499 0.0371301268136639 0.0298622072437183 0.00851510721939174 0.0517196793379881 0.00591121357214636
"отвечала" 0.0264637777042673 0.010230597671516 0.0822607180876802 0.0171369816063064 0.0341282368499637 0.0312220598044364 0.0164562616075417 0.0532009221493173
"сегодня" 0.00661594442606682 0.073660303234915 0.0193554630794542 0.0599794356220724 0 0.00993429175595703 0 0.0709345628657563
"должно" 0.0860072775388687 0.0347840320831543 0.0338720603890448 0.0285616360105107 0.0213301480312273 0.0113534762925223 0.0117544725768155 0.0177336407164391
"прямо" 0.0297717499173007 0.0163689562744256 0.0290331946191813 0.0285616360105107 0.0341282368499637 0.0425755360969587 0.0141053670921786 0.0236448542885854
"своими" 0.0231558054912339 0.0265995539459415 0 0.0314177996115617 0.0383942664562092 0.0283836907313058 0.0305616286997202 0.0472897085771709
"видел" 0.0463116109824677 0.0347840320831543 0.0338720603890448 0.00856849080315321 0.0213301480312273 0.0283836907313058 0.0258598396689941 0.0177336407164391
"граф" 0 0.110490454852372 0 0 0.00426602960624547 0.00141918453656529 0.00470178903072619 0.13004669858722
"комнате" 0.0363876943433675 0.0225073148773351 0.0241943288493177 0.0314177996115617 0.0895866217311548 0.0127726608290876 0.0188071561229048 0.0236448542885854
"комнаты" 0.0297717499173007 0.0429685102203671 0.0145165973095906 0.0571232720210214 0.0383942664562092 0.00851510721939174 0.023508945153631 0.0118224271442927
"николавны" 0 0 0 0 0 0.113534762925223 0 0
"разве" 0.0297717499173007 0.0204611953430319 0.0725829865479532 0.0285616360105107 0.0255961776374728 0.0127726608290876 0.0399652067611726 0.0236448542885854
"каким" 0.0165398610651671 0.0450146297546703 0.0290331946191813 0.00285616360105107 0.0341282368499637 0.0255453216581752 0.0282107341843571 0.0413784950050245
"мысль" 0.0396956665564009 0.0286456734802447 0.00483886576986354 0.0171369816063064 0.0767885329124184 0.0298028752678711 0.0141053670921786 0.00591121357214636
"ними" 0.0198478332782005 0.0225073148773351 0.0145165973095906 0.0114246544042043 0.0213301480312273 0.0312220598044364 0.0540705738533512 0.0295560678607318
"прасковья" 0 0 0 0.00285616360105107 0 0.0624441196088727 0.0752286244916191 0.0118224271442927
"самом" 0.00992391663910023 0.0327379125488511 0.00967773153972709 0.0314177996115617 0.0255961776374728 0.0383179824872628 0.0258598396689941 0.0177336407164391
"этим" 0.0628514720476348 0.0143228367401224 0.0338720603890448 0.0342739632126128 0.0298622072437183 0.00993429175595703 0.0399652067611726 0.0177336407164391
"буду" 0.0363876943433675 0.0429685102203671 0.0241943288493177 0.0228493088084085 0.0554583848811911 0.00425755360969587 0.0141053670921786 0.06502334929361
"дня" 0.0264637777042673 0.0306917930145479 0.0290331946191813 0.0114246544042043 0.0255961776374728 0.0283836907313058 0.0376143122458095 0.0177336407164391
"зачем" 0.0661594442606682 0.00613835860290958 0.0483886576986354 0.0342739632126128 0.0341282368499637 0.0141918453656529 0.0164562616075417 0.0472897085771709
"пор" 0.0363876943433675 0.0347840320831543 0.0241943288493177 0.00856849080315321 0.0469263256687001 0.0241261371216099 0.0258598396689941 0.0177336407164391
"тот" 0.0330797221303341 0.0245534344116383 0.0435497919287719 0.0228493088084085 0.0127980888187364 0.0269645061947405 0.0329125232150833 0.0177336407164391
"видеть" 0.0463116109824677 0.0265995539459415 0.0338720603890448 0.00856849080315321 0.0383942664562092 0.0170302144387835 0.0376143122458095 0.0177336407164391
"всей" 0 0.0695680641663086 0.0338720603890448 0.0285616360105107 0.0127980888187364 0.0184493989753488 0.0141053670921786 0.0236448542885854
"деньги" 0.0198478332782005 0.010230597671516 0.0774218523178167 0.0114246544042043 0.0255961776374728 0.0184493989753488 0.0611232573994405 0.00591121357214636
"разумеется" 0 0.00204611953430319 0.0145165973095906 0.0342739632126128 0.0255961776374728 0.0695400422916992 0.0117544725768155 0.00591121357214636
"видно" 0.0595434998346014 0.0204611953430319 0.0193554630794542 0.0257054724094596 0.0426602960624547 0.00283836907313058 0.0423161012765357 0.0295560678607318
"глаз" 0.0396956665564009 0.0204611953430319 0 0.0371301268136639 0.0341282368499637 0.0212877680484793 0.0258598396689941 0.0413784950050245
"собой" 0.00992391663910023 0.0613835860290958 0.0145165973095906 0.0114246544042043 0.0511923552749456 0.0156110299022182 0.0305616286997202 0
"вышел" 0.0198478332782005 0.0122767172058192 0.0967773153972709 0.0342739632126128 0.0426602960624547 0.0156110299022182 0.023508945153631 0
"места" 0.0396956665564009 0.0204611953430319 0.0193554630794542 0.0285616360105107 0.0170641184249819 0.0255453216581752 0.0352634177304464 0.0118224271442927
"минуты" 0.0231558054912339 0.053199107891883 0.0193554630794542 0.0228493088084085 0.0426602960624547 0.0141918453656529 0.0188071561229048 0.0118224271442927
"спросила" 0.0330797221303341 0.0245534344116383 0.111293912706862 0.039986290414715 0.00853205921249093 0.00283836907313058 0.0211580506382679 0.0177336407164391
"степана" 0 0 0 0 0 0.106438840242397 0 0
"деле" 0.00661594442606682 0.0306917930145479 0.00967773153972709 0.0142808180052553 0.0213301480312273 0.0411563515603934 0.0282107341843571 0.0236448542885854
"друга" 0.0198478332782005 0.063429705563399 0.00483886576986354 0.0314177996115617 0.0255961776374728 0.0113534762925223 0.0141053670921786 0.0295560678607318
"знаете" 0.0165398610651671 0.0450146297546703 0.0435497919287719 0.0285616360105107 0.0383942664562092 0.00851510721939174 0.0117544725768155 0.0472897085771709
"мною" 0.0396956665564009 0.0225073148773351 0.0290331946191813 0.0142808180052553 0.0511923552749456 0.0241261371216099 0.00705268354608929 0.0472897085771709
"мою" 0.0396956665564009 0.0265995539459415 0.0967773153972709 0.00856849080315321 0.0469263256687001 0.00709592268282645 0.0188071561229048 0.0118224271442927
"такого" 0.0430036387694343 0.0163689562744256 0.0145165973095906 0.0285616360105107 0.0298622072437183 0.0283836907313058 0.0258598396689941 0.0118224271442927
"тому" 0.0430036387694343 0.0163689562744256 0.0290331946191813 0.0171369816063064 0.0255961776374728 0.0241261371216099 0.0376143122458095 0.0118224271442927
"душе" 0.0264637777042673 0.0347840320831543 0.0193554630794542 0.0114246544042043 0.0213301480312273 0.0241261371216099 0.0258598396689941 0.0413784950050245
"какую" 0.0264637777042673 0.0265995539459415 0.0338720603890448 0.0371301268136639 0.0170641184249819 0.0227069525850446 0.023508945153631 0.0118224271442927
"самой" 0.0231558054912339 0.0327379125488511 0.0145165973095906 0.0228493088084085 0.0255961776374728 0.0241261371216099 0.0164562616075417 0.0532009221493173
"свет" 0.00992391663910023 0.0470607492889735 0.00483886576986354 0.0285616360105107 0 0.0184493989753488 0.023508945153631 0.0768457764379027
"собою" 0.0264637777042673 0.0265995539459415 0.00483886576986354 0.0199931452073575 0.00853205921249093 0.0283836907313058 0.0117544725768155 0.100490630726488
"час" 0.0231558054912339 0.0306917930145479 0.00483886576986354 0.0228493088084085 0.0127980888187364 0.0368987979506975 0.0258598396689941 0.0118224271442927
"других" 0.0231558054912339 0.0225073148773351 0.0193554630794542 0.0199931452073575 0.0213301480312273 0.0368987979506975 0.0188071561229048 0.0236448542885854
"женщина" 0.00992391663910023 0.0429685102203671 0.0145165973095906 0.00856849080315321 0.00426602960624547 0.0241261371216099 0.0423161012765357 0.0354672814328782
"матери" 0.0198478332782005 0.00409223906860639 0.00483886576986354 0.00856849080315321 0.0255961776374728 0.043994720633524 0.0399652067611726 0.0354672814328782
"свете" 0.0132318888521336 0.0593374664947926 0.0290331946191813 0.00571232720210214 0.0255961776374728 0.0127726608290876 0.0117544725768155 0.06502334929361
"скажу" 0.0231558054912339 0.00613835860290958 0.0483886576986354 0.0199931452073575 0.063990444093682 0.0170302144387835 0.0352634177304464 0.0177336407164391
"этому" 0.0165398610651671 0.0286456734802447 0.0387109261589084 0.0257054724094596 0 0.0198685835119141 0.0376143122458095 0.0354672814328782
"всеми" 0.0297717499173007 0.0245534344116383 0.0241943288493177 0.0142808180052553 0.0170641184249819 0.0354796134141322 0.0188071561229048 0.0177336407164391
"знала" 0.00992391663910023 0.0286456734802447 0.0193554630794542 0.00856849080315321 0.0127980888187364 0.0383179824872628 0.023508945153631 0.0413784950050245
"мной" 0.0231558054912339 0.0347840320831543 0.0435497919287719 0.0114246544042043 0.0810545625186639 0.0113534762925223 0.0164562616075417 0
"прибавил" 0.0463116109824677 0.0225073148773351 0.0580663892383625 0.0257054724094596 0.0383942664562092 0.0113534762925223 0.0188071561229048 0
"старый" 0.00992391663910023 0.0757064227692182 0.00967773153972709 0.00571232720210214 0.00426602960624547 0.0141918453656529 0.0329125232150833 0.0118224271442927
"таки" 0.0231558054912339 0.0409223906860639 0.0483886576986354 0.0199931452073575 0.0298622072437183 0.00283836907313058 0.0399652067611726 0.00591121357214636
"чувство" 0.0860072775388687 0.010230597671516 0 0.0114246544042043 0.0853205921249093 0.0127726608290876 0.0117544725768155 0.0118224271442927
"взял" 0.0231558054912339 0.0122767172058192 0.0241943288493177 0.039986290414715 0.0597244144874365 0.0170302144387835 0.0258598396689941 0.00591121357214636
"кого" 0.0363876943433675 0.0184150758087287 0.0580663892383625 0.00571232720210214 0.0213301480312273 0.0198685835119141 0.0282107341843571 0.0295560678607318
"лица" 0.0363876943433675 0.0225073148773351 0.00967773153972709 0.0314177996115617 0.0341282368499637 0.0184493989753488 0.0164562616075417 0.0413784950050245
"люблю" 0.0198478332782005 0.0184150758087287 0.101616181167134 0.0171369816063064 0.0469263256687001 0.00851510721939174 0.0141053670921786 0.0295560678607318
"образом" 0.0231558054912339 0.0245534344116383 0.0145165973095906 0.0285616360105107 0.0170641184249819 0.0255453216581752 0.0188071561229048 0.0472897085771709
"слов" 0.0132318888521336 0.0347840320831543 0.00483886576986354 0.0285616360105107 0.00426602960624547 0.0397371670238281 0.0141053670921786 0.0177336407164391
"той" 0.0165398610651671 0.0409223906860639 0.0193554630794542 0.0228493088084085 0.0341282368499637 0.0113534762925223 0.0305616286997202 0.0236448542885854
"алексея" 0 0 0 0 0 0.097923733023005 0 0
"батюшка" 0.0430036387694343 0.00613835860290958 0.00483886576986354 0.00856849080315321 0 0.0411563515603934 0.0470178903072619 0
"года" 0.00330797221303341 0.0225073148773351 0.00967773153972709 0.0142808180052553 0.0213301480312273 0.0383179824872628 0.0399652067611726 0.00591121357214636
"городе" 0.00330797221303341 0.010230597671516 0.0145165973095906 0.0342739632126128 0.00426602960624547 0.0241261371216099 0.0658250464301667 0.0118224271442927
"нами" 0.0463116109824677 0.0327379125488511 0.0241943288493177 0.00285616360105107 0.106650740156137 0.00283836907313058 0.00470178903072619 0.0236448542885854
"обеда" 0.0264637777042673 0.0327379125488511 0.0145165973095906 0.0257054724094596 0.0255961776374728 0.0326412443410017 0.00705268354608929 0.00591121357214636
"одним" 0.00330797221303341 0.0122767172058192 0.0241943288493177 0.0456986176168171 0.0426602960624547 0.0312220598044364 0.00940357806145238 0.0295560678607318
"столько" 0.0396956665564009 0.0286456734802447 0.0290331946191813 0.0285616360105107 0.0127980888187364 0.0141918453656529 0.0282107341843571 0.0118224271442927
"таких" 0.0165398610651671 0.0388762711517607 0.00967773153972709 0.0199931452073575 0.0127980888187364 0.0312220598044364 0.0211580506382679 0.0118224271442927
"виде" 0.0198478332782005 0.0245534344116383 0.0290331946191813 0.0285616360105107 0.00853205921249093 0.0141918453656529 0.0423161012765357 0.0236448542885854
"вошел" 0.0529275554085346 0.010230597671516 0.0774218523178167 0.039986290414715 0.0383942664562092 0.00851510721939174 0.0023508945153631 0.00591121357214636
"глава" 0.0926232219649355 0.00409223906860639 0 0.0285616360105107 0.115182799368628 0.00141918453656529 0 0
"катя" 0 0.00204611953430319 0 0 0 0 0.157509932529327 0
"правда" 0.0132318888521336 0.0122767172058192 0.0435497919287719 0.0371301268136639 0.00853205921249093 0.0255453216581752 0.0164562616075417 0.0532009221493173
"сначала" 0.0264637777042673 0.00204611953430319 0.00483886576986354 0.0199931452073575 0.0255961776374728 0.0411563515603934 0.0376143122458095 0
"чай" 0.0132318888521336 0.00409223906860639 0.0290331946191813 0.0571232720210214 0.00853205921249093 0.0312220598044364 0.023508945153631 0.0118224271442927
"большой" 0.0496195831955012 0 0.0241943288493177 0.0228493088084085 0.0469263256687001 0.0198685835119141 0.0188071561229048 0.0354672814328782
"смотрел" 0.0628514720476348 0.00204611953430319 0.00967773153972709 0.00856849080315321 0.0767885329124184 0.0212877680484793 0.0164562616075417 0.0118224271442927
"глазами" 0.0363876943433675 0.0245534344116383 0.00967773153972709 0.0314177996115617 0.0170641184249819 0.0127726608290876 0.023508945153631 0.0413784950050245
"гостиной" 0.0396956665564009 0.0143228367401224 0.0677441207780896 0.0314177996115617 0.00853205921249093 0.0198685835119141 0.00705268354608929 0.0177336407164391
"детей" 0.0529275554085346 0.0122767172058192 0 0.0314177996115617 0.0298622072437183 0.0198685835119141 0.0282107341843571 0
"максимович" 0 0 0 0 0 0.0752167804379603 0.0305616286997202 0
"маменька" 0.00330797221303341 0 0 0 0.0554583848811911 0 0.0023508945153631 0.301471892179464
"молодых" 0.0132318888521336 0.0265995539459415 0 0.00285616360105107 0 0.0610249350723075 0.00940357806145238 0.00591121357214636
"немец" 0.00661594442606682 0.00409223906860639 0 0.1342396892494 0 0.0212877680484793 0 0
"платье" 0.0330797221303341 0.0143228367401224 0.0193554630794542 0.0199931452073575 0.0469263256687001 0.0156110299022182 0.0117544725768155 0.06502334929361
"сильно" 0.0231558054912339 0.00613835860290958 0.0145165973095906 0.0371301268136639 0.0341282368499637 0.0212877680484793 0.0305616286997202 0.0236448542885854
"часов" 0.0132318888521336 0.0245534344116383 0.00483886576986354 0.042842454015766 0.0127980888187364 0.0283836907313058 0.0164562616075417 0.0236448542885854
"молодого" 0.00992391663910023 0.0409223906860639 0.00967773153972709 0.00571232720210214 0 0.0425755360969587 0.0164562616075417 0.00591121357214636
"ночь" 0.0231558054912339 0.0409223906860639 0 0.0199931452073575 0.00426602960624547 0.034060428877567 0.00705268354608929 0.0177336407164391
"нужно" 0.0529275554085346 0.0204611953430319 0.0193554630794542 0.0142808180052553 0.0426602960624547 0.0127726608290876 0.0211580506382679 0.0118224271442927
"одном" 0.0297717499173007 0.0286456734802447 0.0145165973095906 0.0171369816063064 0.0170641184249819 0.0170302144387835 0.0329125232150833 0.0177336407164391
"степаныча" 0 0 0 0 0 0.0922469948767438 0 0
"сына" 0.00330797221303341 0.0184150758087287 0 0.00571232720210214 0.00853205921249093 0.0525098278529157 0.0305616286997202 0.00591121357214636
"долянович" 0 0.130951650195404 0 0 0 0 0 0
"ивановна" 0.00661594442606682 0 0.00483886576986354 0 0.00426602960624547 0.0766359649745256 0 0.0354672814328782
"пошел" 0.0132318888521336 0.0143228367401224 0.0435497919287719 0.0371301268136639 0.0511923552749456 0.0127726608290876 0.0141053670921786 0.0236448542885854
"maman" 0.185246443929871 0 0 0 0.0341282368499637 0 0 0
"беспрестанно" 0.0463116109824677 0.00613835860290958 0.00483886576986354 0.039986290414715 0.0170641184249819 0.0326412443410017 0.00940357806145238 0
"всякого" 0.00992391663910023 0.0327379125488511 0.0290331946191813 0.0257054724094596 0.00426602960624547 0.0283836907313058 0.00940357806145238 0.0236448542885854
"головой" 0.0297717499173007 0.00818447813721278 0.0145165973095906 0.0599794356220724 0.0298622072437183 0.00993429175595703 0.0282107341843571 0
"жениха" 0 0.0450146297546703 0.00967773153972709 0 0 0.0468330897066546 0.00470178903072619 0.0236448542885854
"знать" 0.0165398610651671 0.0245534344116383 0.0435497919287719 0.0228493088084085 0.0170641184249819 0.0141918453656529 0.0211580506382679 0.0354672814328782
"месте" 0.0496195831955012 0.0245534344116383 0.0241943288493177 0 0.0255961776374728 0.0113534762925223 0.0329125232150833 0.0177336407164391
"самое" 0.0396956665564009 0.0225073148773351 0.0145165973095906 0.0171369816063064 0.0298622072437183 0.0227069525850446 0.0117544725768155 0.0177336407164391
"сердца" 0.00992391663910023 0.0265995539459415 0.00967773153972709 0.0285616360105107 0.0127980888187364 0.0127726608290876 0.0188071561229048 0.0886682035821954
"тотчас" 0.0430036387694343 0.0225073148773351 0.0145165973095906 0.0371301268136639 0.0255961776374728 0.00141918453656529 0.0188071561229048 0.0472897085771709
"хочу" 0.00661594442606682 0.0245534344116383 0.0483886576986354 0.0142808180052553 0.0170641184249819 0.0198685835119141 0.0211580506382679 0.0413784950050245
"вероятно" 0 0.00818447813721278 0.0483886576986354 0.039986290414715 0 0.0326412443410017 0.0141053670921786 0.0295560678607318
"год" 0.0165398610651671 0.010230597671516 0 0.0228493088084085 0.00853205921249093 0.0496714587797851 0.0141053670921786 0.00591121357214636
"просто" 0.0165398610651671 0.0184150758087287 0.0967773153972709 0.0342739632126128 0.00853205921249093 0.0141918453656529 0.00705268354608929 0.00591121357214636
"против" 0.0231558054912339 0.0306917930145479 0.0145165973095906 0.0114246544042043 0.0127980888187364 0.0184493989753488 0.023508945153631 0.0413784950050245
"те" 0.0297717499173007 0.0122767172058192 0.0580663892383625 0.0171369816063064 0.0341282368499637 0.0170302144387835 0.0164562616075417 0.0118224271442927
"хозяйка" 0 0.0675219446320054 0.00483886576986354 0.0314177996115617 0.00426602960624547 0.0141918453656529 0.0117544725768155 0.00591121357214636
"чувства" 0.0297717499173007 0.0225073148773351 0.00967773153972709 0.0171369816063064 0.0383942664562092 0.0170302144387835 0.00705268354608929 0.0591121357214636
"женщины" 0.00661594442606682 0.0511529883575799 0.0145165973095906 0.0171369816063064 0 0.00993429175595703 0.0188071561229048 0.0591121357214636
"софье" 0 0 0 0.00856849080315321 0 0.0823127031207868 0 0
"хозяин" 0 0.0327379125488511 0.0338720603890448 0.0542671084199703 0.00853205921249093 0.0127726608290876 0.0188071561229048 0
"васильевна" 0 0 0 0.0314177996115617 0 0.0681208577551339 0 0.00591121357214636
"какого" 0.0264637777042673 0.0163689562744256 0.00967773153972709 0.0171369816063064 0.0213301480312273 0.0184493989753488 0.0352634177304464 0.0177336407164391
"лошадей" 0.0132318888521336 0.00818447813721278 0.0338720603890448 0 0.0255961776374728 0.0312220598044364 0.0399652067611726 0
"максим" 0 0 0 0.117102707643094 0 0 0.0446669957918988 0
"моих" 0.0297717499173007 0.0286456734802447 0.0241943288493177 0 0.063990444093682 0.0127726608290876 0.0141053670921786 0.0118224271442927
"непременно" 0.0595434998346014 0.010230597671516 0.00483886576986354 0.0199931452073575 0.0170641184249819 0.0198685835119141 0.0023508945153631 0.0591121357214636
"подле" 0.056235527621568 0.00204611953430319 0.0241943288493177 0 0.063990444093682 0.0141918453656529 0.0117544725768155 0.0413784950050245
"разговор" 0.0396956665564009 0.0347840320831543 0.00967773153972709 0.0285616360105107 0.0170641184249819 0.00993429175595703 0.0188071561229048 0
"тихо" 0.0396956665564009 0.0388762711517607 0.0241943288493177 0.0171369816063064 0 0.0127726608290876 0.0211580506382679 0
"фон" 0 0.120721052523888 0 0 0.00426602960624547 0 0 0
"всякий" 0.0165398610651671 0.0265995539459415 0.00483886576986354 0.0114246544042043 0.0213301480312273 0.0298028752678711 0.0117544725768155 0.0295560678607318
"лошади" 0.0430036387694343 0.0143228367401224 0.0241943288493177 0.00285616360105107 0.0298622072437183 0.0127726608290876 0.0399652067611726 0
"любит" 0.00661594442606682 0.0204611953430319 0.0241943288493177 0.0171369816063064 0.0426602960624547 0.0184493989753488 0.0211580506382679 0.0236448542885854
"почему" 0.0165398610651671 0.0306917930145479 0.0387109261589084 0.00571232720210214 0.0383942664562092 0.00993429175595703 0.0188071561229048 0.0295560678607318
"продолжала" 0.0363876943433675 0.00818447813721278 0.0919384496274073 0.0257054724094596 0.0341282368499637 0.00993429175595703 0 0.00591121357214636
"пять" 0.00992391663910023 0.0409223906860639 0.00483886576986354 0.0199931452073575 0.0341282368499637 0.0156110299022182 0.0188071561229048 0.00591121357214636
"смерти" 0.0198478332782005 0.0225073148773351 0.00483886576986354 0.00856849080315321 0.0213301480312273 0.034060428877567 0.0141053670921786 0.0177336407164391
"стало" 0.0297717499173007 0.0204611953430319 0.0290331946191813 0.0114246544042043 0.0341282368499637 0.0227069525850446 0.00940357806145238 0.0118224271442927
"сторону" 0.0231558054912339 0.0122767172058192 0.0290331946191813 0.0228493088084085 0.0255961776374728 0.0198685835119141 0.023508945153631 0.0118224271442927
"хотела" 0.0231558054912339 0.0184150758087287 0.0145165973095906 0.00856849080315321 0.00853205921249093 0.0212877680484793 0.023508945153631 0.0591121357214636
"александр" 0 0.0388762711517607 0 0 0 0 0.072877729976256 0.0472897085771709
"богу" 0.0330797221303341 0.00409223906860639 0.0241943288493177 0.0314177996115617 0.0255961776374728 0.0255453216581752 0.0117544725768155 0.00591121357214636
"груди" 0.0297717499173007 0.00613835860290958 0.00967773153972709 0.039986290414715 0.0127980888187364 0.0113534762925223 0.0282107341843571 0.0413784950050245
"действительно" 0.0297717499173007 0.0409223906860639 0.0145165973095906 0 0.0255961776374728 0.00709592268282645 0.0305616286997202 0.0118224271442927
"денег" 0.0198478332782005 0.0143228367401224 0.0338720603890448 0.0114246544042043 0.0298622072437183 0.0156110299022182 0.0329125232150833 0.0118224271442927
"знаешь" 0.0165398610651671 0.0184150758087287 0.0483886576986354 0.0142808180052553 0.0341282368499637 0.00851510721939174 0.023508945153631 0.0295560678607318
"лице" 0.0132318888521336 0.0368301516174575 0 0.0228493088084085 0.0170641184249819 0.0198685835119141 0.0164562616075417 0.0177336407164391
"лицом" 0.0297717499173007 0.010230597671516 0.00967773153972709 0.0314177996115617 0.0554583848811911 0.00993429175595703 0.0211580506382679 0.0118224271442927
"мимо" 0.0198478332782005 0.00204611953430319 0.0387109261589084 0.039986290414715 0.0554583848811911 0.0113534762925223 0.0141053670921786 0.0118224271442927
"нечего" 0.0132318888521336 0.0225073148773351 0.0193554630794542 0.0285616360105107 0.0213301480312273 0.0184493989753488 0.0164562616075417 0.0236448542885854
"петрович" 0.00330797221303341 0 0.0145165973095906 0.119958871244145 0.00853205921249093 0.00851510721939174 0.00940357806145238 0
"пока" 0.00661594442606682 0.0286456734802447 0.0677441207780896 0.0142808180052553 0.0127980888187364 0.00993429175595703 0.0188071561229048 0.0295560678607318
"семейной" 0 0 0 0 0 0.0794743340476562 0.00470178903072619 0
"вид" 0.0231558054912339 0.0347840320831543 0.0145165973095906 0.0257054724094596 0.00426602960624547 0.00993429175595703 0.0258598396689941 0.0118224271442927
"владислава" 0 0.116628813455282 0 0 0 0 0 0
"волгин" 0 0 0 0 0 0 0.134000987375696 0
"добрый" 0.0198478332782005 0.0286456734802447 0.00967773153972709 0.0199931452073575 0.0170641184249819 0.0198685835119141 0.023508945153631 0
"домой" 0.00661594442606682 0.0143228367401224 0.0145165973095906 0.0228493088084085 0.00426602960624547 0.0326412443410017 0.0211580506382679 0.0236448542885854
"души" 0.0132318888521336 0.0143228367401224 0.00967773153972709 0.0142808180052553 0.0255961776374728 0.0269645061947405 0.0211580506382679 0.0295560678607318
"михайла" 0 0 0 0 0 0.0808935185842215 0 0
"петенька" 0 0 0 0.162801325259911 0 0 0 0
"сделал" 0.0396956665564009 0.0122767172058192 0.0290331946191813 0.0142808180052553 0.0170641184249819 0.0156110299022182 0.023508945153631 0.0177336407164391
"больно" 0.0430036387694343 0.00204611953430319 0.0193554630794542 0.00856849080315321 0.0170641184249819 0.0227069525850446 0.0282107341843571 0.0177336407164391
"глазах" 0.00992391663910023 0.0184150758087287 0.00483886576986354 0.00285616360105107 0.0554583848811911 0.0184493989753488 0.0258598396689941 0.0295560678607318
"голове" 0.0264637777042673 0.00818447813721278 0.0193554630794542 0.0314177996115617 0.0213301480312273 0.0141918453656529 0.0258598396689941 0.0177336407164391
"дал" 0.00330797221303341 0.0143228367401224 0.0193554630794542 0.0342739632126128 0.00426602960624547 0.0255453216581752 0.023508945153631 0.0177336407164391
"двери" 0.0529275554085346 0.0163689562744256 0.0290331946191813 0.0228493088084085 0.0298622072437183 0.00709592268282645 0.0141053670921786 0
"другого" 0.0132318888521336 0.0286456734802447 0.0338720603890448 0.0114246544042043 0.0127980888187364 0.0170302144387835 0.023508945153631 0.0118224271442927
"молодые" 0 0.0163689562744256 0.00967773153972709 0.00571232720210214 0.00853205921249093 0.0496714587797851 0.00940357806145238 0.0177336407164391
"назад" 0.0198478332782005 0.0163689562744256 0.0145165973095906 0.0285616360105107 0.0127980888187364 0.0113534762925223 0.0305616286997202 0.0295560678607318
"николай" 0.056235527621568 0 0 0 0.0298622072437183 0.0454139051700893 0 0
"сидел" 0.0363876943433675 0.0122767172058192 0.0145165973095906 0.0342739632126128 0.0170641184249819 0.0198685835119141 0.0117544725768155 0.00591121357214636
"ту" 0.0330797221303341 0.0184150758087287 0.00967773153972709 0.0199931452073575 0.0255961776374728 0.0184493989753488 0.0141053670921786 0.0177336407164391
"александровны" 0 0.104352096249463 0 0 0 0 0.00940357806145238 0
"замок" 0.00330797221303341 0.106398215783766 0 0 0.00426602960624547 0 0.0023508945153631 0
"зато" 0.00992391663910023 0.00204611953430319 0 0.0514109448189192 0 0.0198685835119141 0.0446669957918988 0
"имя" 0.00330797221303341 0.0245534344116383 0.0241943288493177 0.0171369816063064 0 0.0212877680484793 0.0376143122458095 0
"любить" 0.0396956665564009 0.010230597671516 0.0387109261589084 0.00285616360105107 0.0127980888187364 0.0227069525850446 0.0117544725768155 0.0295560678607318
"марьи" 0 0.104352096249463 0 0.00571232720210214 0 0.00283836907313058 0 0
"муж" 0 0.0184150758087287 0.00967773153972709 0.00571232720210214 0.00426602960624547 0.0312220598044364 0.0329125232150833 0.0295560678607318
"никакого" 0.0330797221303341 0.0122767172058192 0.00967773153972709 0.0228493088084085 0.0213301480312273 0.0184493989753488 0.00940357806145238 0.0413784950050245
"николавне" 0 0 0 0 0 0.0780551495110909 0 0
"одни" 0.0330797221303341 0.0286456734802447 0.0290331946191813 0.00285616360105107 0.0127980888187364 0.0156110299022182 0.0164562616075417 0.0177336407164391
"рукой" 0.0297717499173007 0.0163689562744256 0.0193554630794542 0.0142808180052553 0.0127980888187364 0.0113534762925223 0.0423161012765357 0
"сюда" 0.0132318888521336 0.0327379125488511 0.0338720603890448 0.0142808180052553 0.0298622072437183 0.00425755360969587 0.0164562616075417 0.0354672814328782
"часть" 0.0231558054912339 0.0429685102203671 0.0145165973095906 0.0114246544042043 0.00426602960624547 0.0198685835119141 0.00940357806145238 0.00591121357214636
"человеком" 0.00992391663910023 0.0409223906860639 0.0241943288493177 0.00571232720210214 0.0255961776374728 0.0113534762925223 0.0164562616075417 0.0236448542885854
"чувствовал" 0.0396956665564009 0.0184150758087287 0.00967773153972709 0.0114246544042043 0.0554583848811911 0.0127726608290876 0.0117544725768155 0.00591121357214636
"господина" 0.00661594442606682 0.00204611953430319 0.0193554630794542 0.0942533988346853 0 0.00851510721939174 0.0117544725768155 0.0177336407164391
"думать" 0.00992391663910023 0.053199107891883 0.00483886576986354 0.00856849080315321 0.0383942664562092 0.00567673814626116 0.00705268354608929 0.0295560678607318
"жена" 0 0.0143228367401224 0.0145165973095906 0.00856849080315321 0.00853205921249093 0.0255453216581752 0.0399652067611726 0.0236448542885854
"менее" 0.00661594442606682 0.0122767172058192 0.0145165973095906 0.0371301268136639 0.00853205921249093 0.0354796134141322 0.00470178903072619 0.00591121357214636
"молодая" 0.00330797221303341 0.0245534344116383 0 0.00856849080315321 0.00853205921249093 0.0354796134141322 0.0258598396689941 0
"нашего" 0.00992391663910023 0.0368301516174575 0.0145165973095906 0.0371301268136639 0.0341282368499637 0.00567673814626116 0.00470178903072619 0.0177336407164391
"разных" 0.00992391663910023 0.0122767172058192 0.0290331946191813 0.0257054724094596 0 0.0170302144387835 0.0352634177304464 0.0177336407164391
"руками" 0.0396956665564009 0.00818447813721278 0.0193554630794542 0.0199931452073575 0.0298622072437183 0.0113534762925223 0.0188071561229048 0.0236448542885854
"стала" 0.0165398610651671 0.0143228367401224 0.00967773153972709 0.0114246544042043 0.0170641184249819 0.0184493989753488 0.0329125232150833 0.0295560678607318
"стоял" 0.0396956665564009 0.0265995539459415 0.0145165973095906 0.0228493088084085 0.0127980888187364 0.0127726608290876 0.0117544725768155 0.00591121357214636
"целый" 0.00661594442606682 0.0286456734802447 0.00483886576986354 0.0171369816063064 0.0255961776374728 0.0227069525850446 0.0164562616075417 0.0118224271442927
"чуть" 0.0297717499173007 0.0245534344116383 0.00967773153972709 0.0285616360105107 0.0255961776374728 0.0141918453656529 0 0.0295560678607318
"боже" 0.0132318888521336 0.0327379125488511 0.0193554630794542 0.0257054724094596 0.0170641184249819 0.00851510721939174 0.00705268354608929 0.0413784950050245
"господин" 0 0.00204611953430319 0.0290331946191813 0.0685479264252256 0.0383942664562092 0.00283836907313058 0.00705268354608929 0.0472897085771709
"зале" 0.0231558054912339 0.0143228367401224 0.053227523468499 0.0199931452073575 0.0127980888187364 0.00567673814626116 0.00470178903072619 0.0709345628657563
"каждый" 0.0165398610651671 0.00409223906860639 0.0145165973095906 0.0257054724094596 0.0298622072437183 0.0212877680484793 0.0282107341843571 0
"никак" 0.0297717499173007 0.00613835860290958 0.0290331946191813 0.0571232720210214 0.0341282368499637 0.00567673814626116 0 0.0177336407164391
"стоит" 0.00992391663910023 0.0265995539459415 0.0193554630794542 0.0142808180052553 0.0213301480312273 0.00425755360969587 0.0399652067611726 0.0177336407164391
"стол" 0.0132318888521336 0.00409223906860639 0.0677441207780896 0.0371301268136639 0.0170641184249819 0.0156110299022182 0.0117544725768155 0
"хроники" 0 0 0 0 0 0.0752167804379603 0 0
"александра" 0 0.0122767172058192 0 0.00856849080315321 0 0.0482522742432198 0.0211580506382679 0
"всему" 0.0165398610651671 0.0184150758087287 0.00483886576986354 0.0114246544042043 0.0170641184249819 0.0269645061947405 0.0164562616075417 0.0177336407164391
"другие" 0.0297717499173007 0.0143228367401224 0.0241943288493177 0.00571232720210214 0.0127980888187364 0.0184493989753488 0.0258598396689941 0.0118224271442927
"думаю" 0.0363876943433675 0.0245534344116383 0.0193554630794542 0.0228493088084085 0.0469263256687001 0.00567673814626116 0.0023508945153631 0.00591121357214636
"жених" 0 0.0470607492889735 0.00967773153972709 0.00285616360105107 0 0.0326412443410017 0.0023508945153631 0.0118224271442927
"иван" 0.0297717499173007 0.010230597671516 0.00483886576986354 0.00285616360105107 0 0.0156110299022182 0.023508945153631 0.0886682035821954
"оба" 0 0.0368301516174575 0 0.042842454015766 0.00426602960624547 0.0156110299022182 0.00940357806145238 0.0177336407164391
"подошел" 0.0396956665564009 0.0225073148773351 0.00967773153972709 0.0199931452073575 0.0511923552749456 0.00425755360969587 0.00705268354608929 0.0118224271442927
"постели" 0.0463116109824677 0.0163689562744256 0 0.0142808180052553 0.0127980888187364 0.0184493989753488 0.0141053670921786 0.0177336407164391
"сел" 0.0297717499173007 0.0143228367401224 0.0338720603890448 0.0342739632126128 0.0298622072437183 0.0127726608290876 0.0023508945153631 0
"стали" 0.0430036387694343 0.0245534344116383 0.00483886576986354 0.00856849080315321 0.00426602960624547 0.0170302144387835 0.0211580506382679 0.00591121357214636
"хочет" 0.0165398610651671 0.0163689562744256 0.0241943288493177 0.0142808180052553 0.0511923552749456 0.00993429175595703 0.0164562616075417 0.0177336407164391
"говорили" 0.0231558054912339 0.00818447813721278 0.00483886576986354 0.0142808180052553 0.0170641184249819 0.0269645061947405 0.023508945153631 0.00591121357214636
"гости" 0.0165398610651671 0.0286456734802447 0.00967773153972709 0.00571232720210214 0.0127980888187364 0.0283836907313058 0.0117544725768155 0
"десять" 0.0165398610651671 0.0245534344116383 0.0145165973095906 0.0171369816063064 0.00426602960624547 0.0156110299022182 0.0258598396689941 0.0118224271442927
"дней" 0.0165398610651671 0.0143228367401224 0.00483886576986354 0.00285616360105107 0.0255961776374728 0.0269645061947405 0.0282107341843571 0
"зная" 0.00661594442606682 0.0306917930145479 0.0193554630794542 0.0114246544042043 0.00853205921249093 0.0184493989753488 0.0141053670921786 0.0295560678607318
"могли" 0.0165398610651671 0.0122767172058192 0.00483886576986354 0.0114246544042043 0.0298622072437183 0.0283836907313058 0.0141053670921786 0.0118224271442927
"никого" 0.00661594442606682 0.0143228367401224 0.0435497919287719 0.00285616360105107 0.0170641184249819 0.0227069525850446 0.0188071561229048 0.0236448542885854
"первого" 0.00330797221303341 0.0225073148773351 0.0193554630794542 0.0114246544042043 0.0213301480312273 0.0241261371216099 0.0141053670921786 0.0177336407164391
"пора" 0.0198478332782005 0.0204611953430319 0.0290331946191813 0.039986290414715 0.00853205921249093 0.0141918453656529 0.00705268354608929 0
"сторон" 0.0165398610651671 0.0245534344116383 0.00967773153972709 0.0114246544042043 0.0298622072437183 0.0141918453656529 0.023508945153631 0.00591121357214636
"чрезвычайно" 0.0330797221303341 0.00613835860290958 0.00483886576986354 0.042842454015766 0.0511923552749456 0.00851510721939174 0.00470178903072619 0.0118224271442927
"видела" 0.0165398610651671 0.0184150758087287 0.00967773153972709 0.00285616360105107 0.0213301480312273 0.0212877680484793 0.0117544725768155 0.0472897085771709
"воды" 0.00330797221303341 0.0143228367401224 0.00483886576986354 0.0142808180052553 0.00426602960624547 0.0354796134141322 0.0188071561229048 0.0118224271442927
"вполне" 0.0165398610651671 0.0204611953430319 0.00967773153972709 0.0257054724094596 0.0127980888187364 0.0283836907313058 0 0.00591121357214636
"гостиную" 0.0231558054912339 0.0184150758087287 0.0919384496274073 0.0114246544042043 0.00426602960624547 0.0127726608290876 0.0023508945153631 0
"душу" 0.0132318888521336 0.0225073148773351 0.0145165973095906 0.0228493088084085 0.00853205921249093 0.00993429175595703 0.0211580506382679 0.0354672814328782
"моим" 0.0264637777042673 0.0225073148773351 0.0193554630794542 0.0171369816063064 0.0341282368499637 0.00425755360969587 0.00705268354608929 0.0413784950050245
"напротив" 0.0363876943433675 0.00613835860290958 0.00967773153972709 0.0142808180052553 0.063990444093682 0.0113534762925223 0.00705268354608929 0.0177336407164391
"неужели" 0.0231558054912339 0.0450146297546703 0.0290331946191813 0.00285616360105107 0.0213301480312273 0.00709592268282645 0.00940357806145238 0
"положение" 0.0264637777042673 0.0143228367401224 0.0145165973095906 0.00856849080315321 0.0170641184249819 0.0283836907313058 0.0117544725768155 0
"рода" 0.00330797221303341 0.0368301516174575 0.0145165973095906 0.00285616360105107 0.00853205921249093 0.0269645061947405 0.0117544725768155 0.00591121357214636
"jérôme" 0 0 0 0 0.213301480312273 0 0 0
"st" 0 0 0 0 0.213301480312273 0 0 0
"василий" 0 0 0.0145165973095906 0.0571232720210214 0.110916769762382 0 0 0
"вечер" 0 0.0368301516174575 0.0193554630794542 0.0371301268136639 0 0.00993429175595703 0.00940357806145238 0.0177336407164391
"должны" 0.0198478332782005 0.0163689562744256 0.00967773153972709 0.0114246544042043 0.0341282368499637 0.0227069525850446 0 0.0295560678607318
"крепко" 0.0231558054912339 0.00613835860290958 0.00967773153972709 0.0199931452073575 0.00426602960624547 0.0212877680484793 0.0305616286997202 0.00591121357214636
"мере" 0.00661594442606682 0.0245534344116383 0.0483886576986354 0.0142808180052553 0.0170641184249819 0.00993429175595703 0.00470178903072619 0.0413784950050245
"михайловича" 0.00330797221303341 0.00409223906860639 0 0 0 0.0652824886820033 0 0
"право" 0.0198478332782005 0.0265995539459415 0.0387109261589084 0.0199931452073575 0 0.00993429175595703 0.00705268354608929 0.0295560678607318
"прибавила" 0.0264637777042673 0.0163689562744256 0.0822607180876802 0.00856849080315321 0.0127980888187364 0.00709592268282645 0.0117544725768155 0
"руках" 0.0297717499173007 0.010230597671516 0.00483886576986354 0.0171369816063064 0.0213301480312273 0.0141918453656529 0.0211580506382679 0.0236448542885854
"сами" 0.0132318888521336 0.0286456734802447 0.00967773153972709 0.0114246544042043 0.00426602960624547 0.0212877680484793 0.0164562616075417 0.0118224271442927
"слез" 0.0661594442606682 0.00818447813721278 0.00483886576986354 0.0114246544042043 0.00853205921249093 0.0212877680484793 0.00470178903072619 0.00591121357214636
"т" 0.0264637777042673 0 0 0 0.0213301480312273 0.043994720633524 0.00940357806145238 0.00591121357214636
"брат" 0.00661594442606682 0.00613835860290958 0.00483886576986354 0.00856849080315321 0.0255961776374728 0.0255453216581752 0.0352634177304464 0
"ваше" 0.0132318888521336 0.0163689562744256 0.0241943288493177 0.0114246544042043 0.0213301480312273 0.00425755360969587 0.0352634177304464 0.0236448542885854
"верно" 0.0330797221303341 0.00204611953430319 0.0290331946191813 0.0285616360105107 0.0255961776374728 0.00993429175595703 0.0141053670921786 0.0118224271442927
"вечера" 0.00992391663910023 0.0245534344116383 0.00483886576986354 0.0228493088084085 0.00853205921249093 0.0212877680484793 0.00940357806145238 0.0177336407164391
"вещи" 0.0231558054912339 0.0163689562744256 0.0580663892383625 0.0114246544042043 0.0341282368499637 0.00283836907313058 0.00470178903072619 0.0295560678607318
"вперед" 0.0231558054912339 0.0245534344116383 0.0145165973095906 0.0114246544042043 0.0213301480312273 0.00851510721939174 0.0258598396689941 0
"говорю" 0.00661594442606682 0.00613835860290958 0.0193554630794542 0.0314177996115617 0.0597244144874365 0.00425755360969587 0.0164562616075417 0.0236448542885854
"далеко" 0.0297717499173007 0.0265995539459415 0.00967773153972709 0.0228493088084085 0.00853205921249093 0.0113534762925223 0.0117544725768155 0.00591121357214636
"двадцать" 0.00330797221303341 0.0388762711517607 0 0.00571232720210214 0.0170641184249819 0.0156110299022182 0.023508945153631 0.00591121357214636
"ехать" 0.0165398610651671 0.0204611953430319 0.0193554630794542 0.0285616360105107 0.0127980888187364 0.0156110299022182 0.0117544725768155 0
"минут" 0.00661594442606682 0.0184150758087287 0.0145165973095906 0.0314177996115617 0.0298622072437183 0.0113534762925223 0.0164562616075417 0.00591121357214636
"осип" 0 0.0961676181122501 0 0 0 0 0 0.00591121357214636
"первой" 0.0198478332782005 0.0163689562744256 0.00483886576986354 0.0114246544042043 0.00853205921249093 0.0170302144387835 0.0211580506382679 0.0354672814328782
"слезами" 0.00661594442606682 0.0143228367401224 0.00967773153972709 0.00285616360105107 0.0213301480312273 0.0269645061947405 0.0211580506382679 0.0177336407164391
"степановна" 0 0 0 0 0 0.0681208577551339 0 0
"таком" 0.0165398610651671 0.0163689562744256 0.0241943288493177 0.00856849080315321 0.0170641184249819 0.0227069525850446 0.00940357806145238 0.0177336407164391
"тобой" 0.0132318888521336 0.0306917930145479 0.0241943288493177 0.0114246544042043 0.0170641184249819 0.0127726608290876 0.0117544725768155 0.0118224271442927
"a" 0.00661594442606682 0.053199107891883 0.0435497919287719 0.00571232720210214 0.0341282368499637 0 0.0023508945153631 0
"арина" 0 0 0 0 0 0.0667016732185686 0 0
"бумаги" 0.0264637777042673 0.0245534344116383 0.0145165973095906 0.0142808180052553 0.00853205921249093 0.00425755360969587 0.0258598396689941 0.0177336407164391
"взгляд" 0.0198478332782005 0.0265995539459415 0.00483886576986354 0.0142808180052553 0.0298622072437183 0.00709592268282645 0.0211580506382679 0.00591121357214636
"внимания" 0.0231558054912339 0.0122767172058192 0.0193554630794542 0.0199931452073575 0.0383942664562092 0.0127726608290876 0.0023508945153631 0.0236448542885854
"город" 0.00661594442606682 0.0184150758087287 0.0241943288493177 0.0199931452073575 0.0170641184249819 0.0141918453656529 0.0211580506382679 0.00591121357214636
"должна" 0.00992391663910023 0.0245534344116383 0.0145165973095906 0.00571232720210214 0.00426602960624547 0.0198685835119141 0.00470178903072619 0.0591121357214636
"отцу" 0.0165398610651671 0.00204611953430319 0.00483886576986354 0 0 0.0397371670238281 0.0282107341843571 0
"рано" 0.00661594442606682 0.0122767172058192 0.00967773153972709 0.0257054724094596 0.0127980888187364 0.0227069525850446 0.0188071561229048 0.00591121357214636
"успел" 0.0132318888521336 0.0184150758087287 0.0193554630794542 0.0285616360105107 0.0213301480312273 0.00851510721939174 0.0188071561229048 0.00591121357214636
"бывало" 0.056235527621568 0.0122767172058192 0.00483886576986354 0.00856849080315321 0 0.0127726608290876 0.0211580506382679 0.00591121357214636
"ежели" 0.0264637777042673 0 0 0 0.136512947399855 0 0 0.0354672814328782
"которыми" 0.0165398610651671 0.0143228367401224 0 0.0142808180052553 0.0255961776374728 0.0212877680484793 0.0188071561229048 0
"лакей" 0.0198478332782005 0.00204611953430319 0.106455046936998 0.00285616360105107 0.00426602960624547 0.0170302144387835 0.0023508945153631 0.0118224271442927
"мережин" 0 0.0941214985779469 0 0 0 0 0 0
"мими" 0.0661594442606682 0 0 0 0.110916769762382 0 0 0
"невеста" 0 0.0347840320831543 0.00483886576986354 0 0 0.0354796134141322 0.00705268354608929 0
"рублей" 0.0330797221303341 0.00204611953430319 0.00967773153972709 0 0.00853205921249093 0.0212877680484793 0.0329125232150833 0.0118224271442927
"скорее" 0.00661594442606682 0.0245534344116383 0.0145165973095906 0.00856849080315321 0.0255961776374728 0.00851510721939174 0.0141053670921786 0.0472897085771709
"стола" 0.0231558054912339 0.00818447813721278 0.0145165973095906 0.0314177996115617 0.0213301480312273 0.0156110299022182 0.0117544725768155 0
"ум" 0 0.0163689562744256 0.00967773153972709 0.00856849080315321 0.0469263256687001 0.0241261371216099 0.00705268354608929 0.0118224271442927
"хотите" 0.00992391663910023 0.0265995539459415 0.0435497919287719 0.0285616360105107 0.0170641184249819 0.00141918453656529 0.00470178903072619 0.0236448542885854
"голова" 0.0165398610651671 0.00204611953430319 0.00967773153972709 0.0285616360105107 0.00853205921249093 0.0127726608290876 0.0258598396689941 0.0295560678607318
"города" 0.00330797221303341 0.010230597671516 0.00483886576986354 0.0285616360105107 0.00426602960624547 0.0141918453656529 0.0352634177304464 0.0118224271442927
"моем" 0.0231558054912339 0.0245534344116383 0.0435497919287719 0.00571232720210214 0.0341282368499637 0.00283836907313058 0.00705268354608929 0.0118224271442927
"наши" 0.0198478332782005 0.0388762711517607 0.00967773153972709 0.00856849080315321 0.0341282368499637 0.00283836907313058 0.00470178903072619 0.0177336407164391
"нисколько" 0.0330797221303341 0.0143228367401224 0.00483886576986354 0.0228493088084085 0.0298622072437183 0.0141918453656529 0 0.0118224271442927
"сидела" 0.0297717499173007 0.010230597671516 0.0290331946191813 0.0114246544042043 0.0255961776374728 0.0141918453656529 0.00470178903072619 0.0177336407164391
"словами" 0.00992391663910023 0.0163689562744256 0.0145165973095906 0.0199931452073575 0.00853205921249093 0.0212877680484793 0.00940357806145238 0.0177336407164391
"хороше" 0 0.0920753790436437 0 0 0 0 0 0
"чувством" 0.0198478332782005 0.0184150758087287 0.00483886576986354 0.0114246544042043 0.0341282368499637 0.0127726608290876 0.0164562616075417 0.00591121357214636
"бабушки" 0.0496195831955012 0 0 0 0.0767885329124184 0.0156110299022182 0 0
"вовсе" 0.00992391663910023 0.0388762711517607 0.00483886576986354 0.0314177996115617 0.0127980888187364 0.00567673814626116 0.00705268354608929 0
"волосы" 0.0198478332782005 0.00613835860290958 0.0241943288493177 0.0257054724094596 0.00853205921249093 0.00993429175595703 0.0188071561229048 0.0236448542885854
"всякой" 0.00992391663910023 0.0368301516174575 0.00967773153972709 0.00856849080315321 0.0255961776374728 0.0113534762925223 0.0023508945153631 0.0177336407164391
"говорят" 0.00992391663910023 0.0184150758087287 0.0241943288493177 0.0228493088084085 0.0127980888187364 0.00709592268282645 0.0188071561229048 0.0177336407164391
"гостей" 0.0132318888521336 0.0347840320831543 0.00483886576986354 0.00856849080315321 0.0127980888187364 0.0127726608290876 0.00705268354608929 0.0236448542885854
"двумя" 0.0198478332782005 0.0204611953430319 0.0145165973095906 0.0257054724094596 0 0.00851510721939174 0.0211580506382679 0.00591121357214636
"деревне" 0.0198478332782005 0.0265995539459415 0.0145165973095906 0.00285616360105107 0.00426602960624547 0.0127726608290876 0.0258598396689941 0
"другом" 0.0165398610651671 0.0143228367401224 0.00967773153972709 0.0171369816063064 0.0127980888187364 0.0170302144387835 0.0117544725768155 0.0236448542885854
"ею" 0.00992391663910023 0.0122767172058192 0.00967773153972709 0.0171369816063064 0 0.0212877680484793 0.0188071561229048 0.0236448542885854
"жил" 0.00992391663910023 0.0265995539459415 0.00483886576986354 0.00571232720210214 0.0170641184249819 0.0212877680484793 0.0117544725768155 0.00591121357214636
"залу" 0.0198478332782005 0.0245534344116383 0.053227523468499 0.00856849080315321 0.00853205921249093 0.00567673814626116 0 0.0354672814328782
"мужем" 0 0.0184150758087287 0.00483886576986354 0 0.00426602960624547 0.0397371670238281 0.0117544725768155 0
"оттого" 0.0231558054912339 0.0306917930145479 0.00967773153972709 0.00856849080315321 0.0255961776374728 0.00851510721939174 0.00940357806145238 0.00591121357214636
"речь" 0.00992391663910023 0.0306917930145479 0.00483886576986354 0.0342739632126128 0.00426602960624547 0.0127726608290876 0.00705268354608929 0
"самым" 0.0165398610651671 0.0143228367401224 0.00967773153972709 0.0199931452073575 0.0255961776374728 0.0227069525850446 0 0.00591121357214636
"словом" 0 0.00613835860290958 0.0290331946191813 0.0257054724094596 0.0255961776374728 0.0212877680484793 0.0023508945153631 0.0236448542885854
"та" 0.0165398610651671 0.0204611953430319 0.0338720603890448 0.0114246544042043 0.0213301480312273 0.00567673814626116 0.0164562616075417 0.0118224271442927
"улыбкой" 0.0463116109824677 0.0122767172058192 0.00483886576986354 0.0257054724094596 0.0255961776374728 0.00425755360969587 0.0117544725768155 0
"экс" 0 0 0 0.125671198446247 0 0 0 0
"вслед" 0.0198478332782005 0.010230597671516 0.0290331946191813 0.0285616360105107 0.00853205921249093 0.00709592268282645 0.0211580506382679 0
"головы" 0.0165398610651671 0.00818447813721278 0.00967773153972709 0.0257054724094596 0.0255961776374728 0.00709592268282645 0.023508945153631 0.0118224271442927
"дамы" 0.0231558054912339 0.0347840320831543 0.0145165973095906 0.0171369816063064 0.00426602960624547 0.00709592268282645 0.00470178903072619 0.0118224271442927
"другое" 0.0231558054912339 0.010230597671516 0.0241943288493177 0.00856849080315321 0.0127980888187364 0.0156110299022182 0.0164562616075417 0.0118224271442927
"имела" 0.0264637777042673 0.0184150758087287 0 0.00285616360105107 0.0127980888187364 0.0227069525850446 0.00705268354608929 0.0177336407164391
"моему" 0.0165398610651671 0.0122767172058192 0.0145165973095906 0.00571232720210214 0.0426602960624547 0.0156110299022182 0.0141053670921786 0
"начала" 0.0132318888521336 0.0143228367401224 0.0241943288493177 0.0114246544042043 0.00426602960624547 0.0127726608290876 0.0141053670921786 0.0413784950050245
"письма" 0.00661594442606682 0.0143228367401224 0.0387109261589084 0 0 0.0241261371216099 0.0211580506382679 0
"принялся" 0.00330797221303341 0.00204611953430319 0.00967773153972709 0.042842454015766 0.0255961776374728 0.0170302144387835 0.0141053670921786 0
"степени" 0.00661594442606682 0.0184150758087287 0.00483886576986354 0.0171369816063064 0.0426602960624547 0.00709592268282645 0.00705268354608929 0.0413784950050245
"сын" 0.00992391663910023 0.0184150758087287 0 0.00571232720210214 0.0255961776374728 0.0269645061947405 0.00940357806145238 0
"угодно" 0.0132318888521336 0.00818447813721278 0.0338720603890448 0.00571232720210214 0.0127980888187364 0.0212877680484793 0.00470178903072619 0.0354672814328782
"утро" 0.00330797221303341 0.0327379125488511 0.0145165973095906 0.0199931452073575 0 0.0156110299022182 0.00470178903072619 0.0177336407164391
"ха" 0 0.0613835860290958 0 0.0257054724094596 0 0 0.00940357806145238 0
"часа" 0 0.0204611953430319 0.0241943288493177 0.00856849080315321 0.0298622072437183 0.0184493989753488 0.00705268354608929 0.0118224271442927
"бывает" 0.0198478332782005 0.0184150758087287 0.00967773153972709 0.00571232720210214 0.0170641184249819 0.0156110299022182 0.0141053670921786 0.0118224271442927
"вижу" 0.0198478332782005 0.0286456734802447 0.00483886576986354 0 0.0213301480312273 0.0156110299022182 0.00705268354608929 0.0118224271442927
"внимание" 0.0198478332782005 0.0163689562744256 0.00967773153972709 0.0171369816063064 0.0298622072437183 0.00993429175595703 0.0117544725768155 0.00591121357214636
"вон" 0.00992391663910023 0.010230597671516 0.0338720603890448 0.0456986176168171 0.0213301480312273 0.00709592268282645 0 0.00591121357214636
"грустно" 0.0330797221303341 0.00613835860290958 0.0435497919287719 0.0228493088084085 0.00853205921249093 0.00709592268282645 0.00940357806145238 0.00591121357214636
"девушка" 0.00992391663910023 0.0368301516174575 0.00483886576986354 0.0114246544042043 0 0.00851510721939174 0.0023508945153631 0.0532009221493173
"девушки" 0.00661594442606682 0.0409223906860639 0.00483886576986354 0.00571232720210214 0 0.00993429175595703 0.00470178903072619 0.0472897085771709
"дороге" 0.0198478332782005 0.0122767172058192 0.00483886576986354 0.00571232720210214 0.0469263256687001 0.0156110299022182 0.0117544725768155 0
"затем" 0.00330797221303341 0.0306917930145479 0 0.0228493088084085 0.0170641184249819 0.00851510721939174 0.0188071561229048 0
"идет" 0.0132318888521336 0.0122767172058192 0.0241943288493177 0.0257054724094596 0.0170641184249819 0.0113534762925223 0.0141053670921786 0
"именно" 0.00661594442606682 0.010230597671516 0 0.0142808180052553 0.0341282368499637 0.0156110299022182 0.0141053670921786 0.0295560678607318
"кому" 0.0198478332782005 0.00818447813721278 0.0241943288493177 0.0228493088084085 0.0213301480312273 0.00851510721939174 0.0141053670921786 0.0118224271442927
"которому" 0.00661594442606682 0.0184150758087287 0.0193554630794542 0.00571232720210214 0.0255961776374728 0.0141918453656529 0.0117544725768155 0.0236448542885854
"нашей" 0.0165398610651671 0.0429685102203671 0.0193554630794542 0.00285616360105107 0.0213301480312273 0.00425755360969587 0.00705268354608929 0
"обед" 0.0132318888521336 0.0143228367401224 0.0193554630794542 0.0199931452073575 0.00853205921249093 0.0227069525850446 0.00470178903072619 0
"окна" 0.0264637777042673 0.00818447813721278 0.0193554630794542 0.0371301268136639 0.00853205921249093 0.0113534762925223 0.00705268354608929 0
"петровна" 0 0 0 0.00571232720210214 0 0.00709592268282645 0 0.206892475025123
"произнес" 0 0.0225073148773351 0.0193554630794542 0.0714040900262767 0 0.00141918453656529 0.0023508945153631 0
"самых" 0.00661594442606682 0.0184150758087287 0.00967773153972709 0.0114246544042043 0.0127980888187364 0.0241261371216099 0.0117544725768155 0
"солнце" 0.0132318888521336 0.00409223906860639 0.0193554630794542 0.039986290414715 0.0298622072437183 0.0113534762925223 0.00470178903072619 0.00591121357214636
"спокойно" 0.0231558054912339 0.00818447813721278 0.0145165973095906 0.00571232720210214 0.0213301480312273 0.0184493989753488 0.00940357806145238 0.0236448542885854
"такую" 0.00992391663910023 0.0163689562744256 0.00483886576986354 0.0285616360105107 0.00853205921249093 0.0170302144387835 0.00940357806145238 0.0118224271442927
"хотелось" 0.0396956665564009 0.0184150758087287 0 0.00285616360105107 0.0383942664562092 0.0141918453656529 0.0023508945153631 0
"вашего" 0.00661594442606682 0.0368301516174575 0.0290331946191813 0.00571232720210214 0.00853205921249093 0.00283836907313058 0.00705268354608929 0.0354672814328782
"вышла" 0.0165398610651671 0.00613835860290958 0.0483886576986354 0.00285616360105107 0.0170641184249819 0.0198685835119141 0.00705268354608929 0.00591121357214636
"горлицын" 0 0 0 0 0 0 0.0963866751298869 0
"знали" 0.0165398610651671 0.010230597671516 0.0241943288493177 0 0.0127980888187364 0.0212877680484793 0.0117544725768155 0.0177336407164391
"ка" 0.00330797221303341 0.00613835860290958 0.0241943288493177 0.042842454015766 0.0127980888187364 0.00567673814626116 0.023508945153631 0
"невольно" 0.0264637777042673 0.0122767172058192 0.0338720603890448 0.00856849080315321 0.0383942664562092 0.00283836907313058 0.00940357806145238 0.0118224271442927
"писал" 0.00661594442606682 0.00204611953430319 0.00483886576986354 0.00856849080315321 0.00426602960624547 0.0283836907313058 0.0305616286997202 0
"получил" 0.00992391663910023 0.0184150758087287 0.00967773153972709 0.0142808180052553 0.00426602960624547 0.0170302144387835 0.0141053670921786 0.0177336407164391
"тальгофа" 0 0.0838909009064309 0 0 0 0 0 0
"ума" 0.00330797221303341 0.0163689562744256 0.00967773153972709 0.00856849080315321 0.0170641184249819 0.0227069525850446 0.00940357806145238 0.0177336407164391
"утра" 0.0231558054912339 0.0122767172058192 0.00967773153972709 0.0142808180052553 0.00426602960624547 0.0227069525850446 0.00705268354608929 0.00591121357214636
"г" 0.0165398610651671 0 0.00483886576986354 0 0.00426602960624547 0.0397371670238281 0 0.0295560678607318
"гораздо" 0.00661594442606682 0.0143228367401224 0.00483886576986354 0.0171369816063064 0.0170641184249819 0.0212877680484793 0.00705268354608929 0.0118224271442927
"землю" 0.0330797221303341 0 0.0145165973095906 0.0114246544042043 0.00853205921249093 0.0113534762925223 0.0258598396689941 0.0118224271442927
"идти" 0 0.0245534344116383 0.00967773153972709 0.0285616360105107 0.0255961776374728 0.00141918453656529 0.0164562616075417 0.0118224271442927
"катенька" 0.0330797221303341 0 0 0 0.123714858581119 0 0 0.00591121357214636
"любила" 0.0165398610651671 0.00818447813721278 0.00483886576986354 0.00571232720210214 0.00426602960624547 0.0227069525850446 0.0188071561229048 0.0177336407164391
"обыкновенно" 0.0330797221303341 0.00613835860290958 0.00967773153972709 0.0114246544042043 0.0213301480312273 0.00993429175595703 0.0141053670921786 0.0177336407164391
"спать" 0.0231558054912339 0.0184150758087287 0.00967773153972709 0.00856849080315321 0.0127980888187364 0.0184493989753488 0.0023508945153631 0.0118224271442927
"большим" 0.0231558054912339 0.00204611953430319 0.0145165973095906 0.0142808180052553 0.0255961776374728 0.0184493989753488 0.00705268354608929 0.00591121357214636
"вместо" 0.0231558054912339 0.010230597671516 0.0145165973095906 0.00856849080315321 0.0127980888187364 0.0127726608290876 0.0188071561229048 0.00591121357214636
"вообще" 0.0132318888521336 0.010230597671516 0.0241943288493177 0.0171369816063064 0.0213301480312273 0.0170302144387835 0.00470178903072619 0
"дать" 0.0132318888521336 0.010230597671516 0.0193554630794542 0.0142808180052553 0.0127980888187364 0.0113534762925223 0.0188071561229048 0.0118224271442927
"заметила" 0.00661594442606682 0.0306917930145479 0.0338720603890448 0.0114246544042043 0 0.0127726608290876 0.00470178903072619 0
"ибо" 0 0.010230597671516 0.00483886576986354 0.0542671084199703 0 0.0141918453656529 0.0023508945153631 0.0177336407164391
"мальчик" 0.0297717499173007 0.010230597671516 0.00483886576986354 0.0114246544042043 0.0127980888187364 0.00283836907313058 0.0352634177304464 0
"михайловна" 0 0 0 0 0.00853205921249093 0.00709592268282645 0.0752286244916191 0
"могло" 0.0297717499173007 0.010230597671516 0 0.00856849080315321 0.0127980888187364 0.00993429175595703 0.023508945153631 0.0118224271442927
"новые" 0.0132318888521336 0.010230597671516 0.00483886576986354 0.00285616360105107 0.00853205921249093 0.0156110299022182 0.0282107341843571 0.0177336407164391
"нынче" 0.0396956665564009 0.010230597671516 0.0145165973095906 0.0142808180052553 0.0554583848811911 0 0.0023508945153631 0
"радости" 0.0165398610651671 0.010230597671516 0.00967773153972709 0.0142808180052553 0.0127980888187364 0.0156110299022182 0.0141053670921786 0.0118224271442927
"разные" 0.0231558054912339 0.00409223906860639 0.0145165973095906 0.0114246544042043 0.00426602960624547 0.00993429175595703 0.0258598396689941 0.0236448542885854
"решился" 0.0231558054912339 0.00818447813721278 0.0145165973095906 0.00856849080315321 0.0127980888187364 0.0127726608290876 0.0188071561229048 0.0118224271442927
"своею" 0.00661594442606682 0.00409223906860639 0.00483886576986354 0.0314177996115617 0 0.0141918453656529 0.00705268354608929 0.0591121357214636
"сквозь" 0.0264637777042673 0.00613835860290958 0.00967773153972709 0.0142808180052553 0.0170641184249819 0.00283836907313058 0.0282107341843571 0.0177336407164391
"состоянии" 0.00661594442606682 0.00818447813721278 0.00483886576986354 0.0114246544042043 0.0341282368499637 0.0127726608290876 0.0141053670921786 0.0295560678607318
"такая" 0.0132318888521336 0 0.0145165973095906 0.0142808180052553 0.0341282368499637 0.0198685835119141 0.00940357806145238 0.00591121357214636
"туда" 0.00992391663910023 0.010230597671516 0.00967773153972709 0.0228493088084085 0.00853205921249093 0.0170302144387835 0.00705268354608929 0.0236448542885854
"бога" 0.0132318888521336 0.0163689562744256 0.00967773153972709 0.0114246544042043 0.0170641184249819 0.00709592268282645 0.0188071561229048 0.0177336407164391
"вашей" 0.00330797221303341 0.0388762711517607 0.0193554630794542 0.00285616360105107 0.00853205921249093 0.00567673814626116 0.0117544725768155 0.0118224271442927
"глядя" 0.0198478332782005 0.0163689562744256 0 0.0314177996115617 0.0255961776374728 0.00851510721939174 0 0.00591121357214636
"говоря" 0.0198478332782005 0.0143228367401224 0.00967773153972709 0.0171369816063064 0.00426602960624547 0.0184493989753488 0.00470178903072619 0.00591121357214636
"дни" 0.00661594442606682 0.0184150758087287 0.00967773153972709 0.0199931452073575 0.00853205921249093 0.0141918453656529 0.0141053670921786 0
"женщин" 0.00330797221303341 0.0225073148773351 0.0338720603890448 0.00285616360105107 0.00426602960624547 0.00567673814626116 0.0141053670921786 0.0413784950050245
"крайней" 0 0.0204611953430319 0.0387109261589084 0.00285616360105107 0.0127980888187364 0.00851510721939174 0.00940357806145238 0.0354672814328782
"последний" 0.0330797221303341 0.0184150758087287 0 0.0114246544042043 0.0170641184249819 0.00851510721939174 0.00470178903072619 0.0177336407164391
"постоянно" 0 0.0143228367401224 0.00967773153972709 0.0171369816063064 0.0213301480312273 0.0255453216581752 0 0
"приказал" 0 0.00204611953430319 0 0.00571232720210214 0 0.043994720633524 0.00940357806145238 0
"самый" 0 0.0184150758087287 0.0241943288493177 0.0171369816063064 0.0170641184249819 0.00567673814626116 0.0141053670921786 0.0236448542885854
"случилось" 0.0132318888521336 0.0122767172058192 0.00967773153972709 0.00285616360105107 0.0127980888187364 0.0170302144387835 0.0188071561229048 0.0118224271442927
"смотреть" 0.0297717499173007 0.00613835860290958 0.00483886576986354 0.00571232720210214 0.0213301480312273 0.0170302144387835 0.0117544725768155 0.00591121357214636
"части" 0.00661594442606682 0.0163689562744256 0.0387109261589084 0.0171369816063064 0.00853205921249093 0.00851510721939174 0.0117544725768155 0.00591121357214636
"чаю" 0.00661594442606682 0.00204611953430319 0.0387109261589084 0.0257054724094596 0 0.0198685835119141 0.00940357806145238 0
"чему" 0.0132318888521336 0.0163689562744256 0.0145165973095906 0.0142808180052553 0.00853205921249093 0.0127726608290876 0.00940357806145238 0.0177336407164391
"ваш" 0.00661594442606682 0.0265995539459415 0.00483886576986354 0.0257054724094596 0.0127980888187364 0 0.00705268354608929 0.0354672814328782
"выше" 0 0.010230597671516 0.00967773153972709 0.00571232720210214 0.0597244144874365 0.00709592268282645 0.0141053670921786 0.0177336407164391
"графа" 0 0.0613835860290958 0.00483886576986354 0 0.00853205921249093 0.00283836907313058 0 0.0118224271442927
"делал" 0.0264637777042673 0.00204611953430319 0.00967773153972709 0.00856849080315321 0.0298622072437183 0.00567673814626116 0.0282107341843571 0
"замуж" 0.0165398610651671 0.00204611953430319 0.0145165973095906 0 0.00853205921249093 0.0227069525850446 0.0117544725768155 0.0295560678607318
"иваныча" 0.0793913331128018 0 0 0 0.0213301480312273 0 0.0188071561229048 0
"карлович" 0 0.0757064227692182 0 0 0 0 0 0
"кое" 0.00992391663910023 0.00409223906860639 0.00483886576986354 0.00285616360105107 0.0127980888187364 0.0241261371216099 0.023508945153631 0
"людьми" 0.00661594442606682 0.0306917930145479 0.0145165973095906 0 0.00853205921249093 0.0141918453656529 0.00705268354608929 0.0118224271442927
"напрасно" 0.0165398610651671 0.0265995539459415 0.00483886576986354 0.00571232720210214 0.00426602960624547 0.0141918453656529 0.0117544725768155 0
"невесты" 0 0.0286456734802447 0.00483886576986354 0.00285616360105107 0 0.0198685835119141 0.00940357806145238 0.0177336407164391
"немедленно" 0 0.00613835860290958 0.00483886576986354 0.0285616360105107 0 0.0255453216581752 0.0023508945153631 0.0236448542885854
"ночи" 0.00330797221303341 0.0327379125488511 0.0145165973095906 0.00856849080315321 0.00426602960624547 0.0113534762925223 0.0117544725768155 0
"п" 0.00661594442606682 0 0 0 0.00853205921249093 0.0127726608290876 0.00470178903072619 0.13004669858722
"раза" 0.00330797221303341 0.0184150758087287 0.0193554630794542 0.00571232720210214 0.00853205921249093 0.0227069525850446 0.00705268354608929 0
"смотрела" 0.0231558054912339 0 0.0145165973095906 0.00856849080315321 0.00426602960624547 0.0198685835119141 0.0023508945153631 0.0472897085771709
"состояние" 0.00992391663910023 0.0204611953430319 0.00483886576986354 0.00856849080315321 0.0170641184249819 0.0141918453656529 0.0141053670921786 0
"стояла" 0.0198478332782005 0.00818447813721278 0.0387109261589084 0.00571232720210214 0.00426602960624547 0.0156110299022182 0.00940357806145238 0.00591121357214636
"трудно" 0.00992391663910023 0.0163689562744256 0.0193554630794542 0.00856849080315321 0 0.0212877680484793 0.00940357806145238 0
"аксакова" 0 0 0 0 0 0.0496714587797851 0.0023508945153631 0
"ваших" 0.00330797221303341 0.0511529883575799 0.00483886576986354 0 0 0.00709592268282645 0.0023508945153631 0.0177336407164391
"видом" 0.0132318888521336 0.0204611953430319 0 0.0171369816063064 0.00853205921249093 0.00993429175595703 0.00705268354608929 0.0236448542885854
"встал" 0.00661594442606682 0.00409223906860639 0.0193554630794542 0.042842454015766 0.0170641184249819 0.0113534762925223 0.0023508945153631 0
"готов" 0.0132318888521336 0.00409223906860639 0.0387109261589084 0.00856849080315321 0.0170641184249819 0.00425755360969587 0.0211580506382679 0.0177336407164391
"другим" 0.00661594442606682 0.00613835860290958 0.0241943288493177 0.0142808180052553 0.0127980888187364 0.0127726608290876 0.00940357806145238 0.0295560678607318
"другую" 0.00992391663910023 0.00204611953430319 0.0290331946191813 0.0142808180052553 0.0213301480312273 0.00709592268282645 0.0211580506382679 0.0118224271442927
"истории" 0.00992391663910023 0.0286456734802447 0 0.0114246544042043 0.0213301480312273 0.00567673814626116 0.00940357806145238 0.0118224271442927
"кровати" 0.0132318888521336 0.00409223906860639 0.00483886576986354 0.042842454015766 0.00853205921249093 0.0127726608290876 0.0023508945153631 0.0118224271442927
"любовью" 0.0132318888521336 0.00409223906860639 0.00967773153972709 0.0142808180052553 0 0.0184493989753488 0.0164562616075417 0.0177336407164391
"любочка" 0.0363876943433675 0 0 0 0.106650740156137 0 0 0
"надобно" 0 0.0122767172058192 0 0 0.00853205921249093 0.0326412443410017 0 0.0295560678607318
"подумал" 0.0363876943433675 0.0163689562744256 0.0387109261589084 0.00856849080315321 0 0.00141918453656529 0.00705268354608929 0.0118224271442927
"положении" 0.0198478332782005 0.0184150758087287 0.00483886576986354 0.00571232720210214 0.00853205921249093 0.0141918453656529 0.00940357806145238 0.0118224271442927
"природы" 0.00330797221303341 0.00818447813721278 0.00967773153972709 0.0142808180052553 0.00426602960624547 0.0156110299022182 0.0164562616075417 0.0295560678607318
"прошло" 0.00330797221303341 0.0163689562744256 0.0290331946191813 0.00856849080315321 0 0.0156110299022182 0.0117544725768155 0.0118224271442927
"речи" 0.00661594442606682 0.0225073148773351 0.0145165973095906 0.0171369816063064 0 0.0127726608290876 0.00940357806145238 0.00591121357214636
"следует" 0.00330797221303341 0.0265995539459415 0.00483886576986354 0.0342739632126128 0.00853205921249093 0.00283836907313058 0.00705268354608929 0.0118224271442927
"случае" 0.00330797221303341 0.0163689562744256 0.0145165973095906 0.0142808180052553 0.00426602960624547 0.0141918453656529 0.0141053670921786 0.0118224271442927
"страха" 0.0198478332782005 0.00204611953430319 0.00483886576986354 0 0.0511923552749456 0.0156110299022182 0.00705268354608929 0.0118224271442927
"студент" 0 0 0 0.0999657260367874 0.00426602960624547 0 0 0
"тень" 0.00661594442606682 0.00613835860290958 0.0580663892383625 0.0142808180052553 0.00853205921249093 0.00993429175595703 0.0117544725768155 0
"аксаков" 0 0 0 0 0 0.0496714587797851 0 0
"анна" 0 0 0.00483886576986354 0 0 0 0 0.200981261452976
"ваша" 0.00992391663910023 0.0163689562744256 0.0145165973095906 0.00285616360105107 0.0255961776374728 0.0113534762925223 0.0117544725768155 0.00591121357214636
"выражение" 0.0496195831955012 0.0122767172058192 0.00483886576986354 0.00856849080315321 0.0170641184249819 0.00709592268282645 0.0023508945153631 0
"губы" 0.0198478332782005 0.0204611953430319 0.00967773153972709 0.0257054724094596 0.00853205921249093 0.00567673814626116 0.00470178903072619 0
"доктор" 0.00661594442606682 0.0347840320831543 0 0 0.0213301480312273 0.0127726608290876 0 0.0118224271442927
"жены" 0 0.010230597671516 0 0.00571232720210214 0 0.0241261371216099 0.0258598396689941 0
"здоровье" 0 0.0143228367401224 0 0.00285616360105107 0.0170641184249819 0.0283836907313058 0.00470178903072619 0.00591121357214636
"значит" 0.00330797221303341 0.0122767172058192 0.0483886576986354 0.0228493088084085 0 0.0127726608290876 0 0.00591121357214636
"кабинет" 0.0198478332782005 0.0184150758087287 0.0193554630794542 0.0142808180052553 0.00426602960624547 0.00709592268282645 0.0023508945153631 0.0236448542885854
"легко" 0.00330797221303341 0.0184150758087287 0.0193554630794542 0.0114246544042043 0.0127980888187364 0.0156110299022182 0.00470178903072619 0.00591121357214636
"лишь" 0.00330797221303341 0.0388762711517607 0 0.00571232720210214 0 0.00993429175595703 0.00940357806145238 0.0118224271442927
"надежды" 0.00330797221303341 0.00613835860290958 0 0.00571232720210214 0.0213301480312273 0.0127726608290876 0.0164562616075417 0.0472897085771709
"некоторые" 0.0165398610651671 0.010230597671516 0 0.00856849080315321 0.00426602960624547 0.0227069525850446 0.0117544725768155 0
"отправился" 0.00992391663910023 0.00204611953430319 0.00967773153972709 0.0456986176168171 0 0.0156110299022182 0.00470178903072619 0
"прасковьи" 0 0 0 0 0 0.034060428877567 0.0258598396689941 0
"пришел" 0.00992391663910023 0.00613835860290958 0.00483886576986354 0.0142808180052553 0.0341282368499637 0.0156110299022182 0.00940357806145238 0
"пришла" 0.00992391663910023 0.0122767172058192 0.00483886576986354 0 0.0298622072437183 0.0170302144387835 0.00940357806145238 0.0118224271442927
"приятно" 0.00661594442606682 0.00818447813721278 0.0387109261589084 0.0257054724094596 0.0127980888187364 0.00709592268282645 0.0023508945153631 0.0177336407164391
"старался" 0.0297717499173007 0 0.0145165973095906 0.00856849080315321 0.0383942664562092 0.00851510721939174 0.0117544725768155 0
"фешу" 0 0 0.169360301945224 0 0 0 0 0
"хочешь" 0.0231558054912339 0.010230597671516 0.0483886576986354 0.0114246544042043 0.0127980888187364 0.00283836907313058 0.00470178903072619 0.0118224271442927
"бобелина" 0 0 0 0.0971095624357363 0 0 0 0
"будем" 0.0132318888521336 0.0204611953430319 0 0.00571232720210214 0.0469263256687001 0.00567673814626116 0.00705268354608929 0
"вокруг" 0.00992391663910023 0.0163689562744256 0 0.0171369816063064 0.0298622072437183 0.00851510721939174 0.0023508945153631 0.0177336407164391
"вскоре" 0.00661594442606682 0 0 0.0142808180052553 0 0.0141918453656529 0.0376143122458095 0.00591121357214636
"героя" 0 0.00204611953430319 0 0.0913972352336342 0 0 0 0.00591121357214636
"духа" 0.00992391663910023 0.010230597671516 0 0 0.0298622072437183 0.0241261371216099 0.00470178903072619 0
"иначе" 0.00992391663910023 0.0245534344116383 0.0290331946191813 0.0114246544042043 0.0127980888187364 0.00283836907313058 0.00940357806145238 0
"каком" 0.00330797221303341 0.00818447813721278 0.0145165973095906 0.0114246544042043 0.0127980888187364 0.0156110299022182 0.0141053670921786 0.0118224271442927
"колени" 0.0264637777042673 0.00409223906860639 0.00483886576986354 0.0114246544042043 0.0213301480312273 0.00993429175595703 0.0117544725768155 0.0118224271442927
"крикнул" 0.00992391663910023 0.00818447813721278 0.0677441207780896 0.0285616360105107 0.00426602960624547 0.00283836907313058 0 0
"навсегда" 0.00992391663910023 0.00818447813721278 0.00967773153972709 0 0.00853205921249093 0.0127726608290876 0.0258598396689941 0.0177336407164391
"немца" 0.00330797221303341 0 0 0.0913972352336342 0 0.00141918453656529 0 0
"никакой" 0.0132318888521336 0.0225073148773351 0 0.0142808180052553 0.00426602960624547 0.0127726608290876 0.00705268354608929 0.00591121357214636
"откуда" 0.00661594442606682 0.0163689562744256 0.0241943288493177 0.0114246544042043 0.0127980888187364 0.00567673814626116 0.0141053670921786 0.0118224271442927
"очередь" 0.00330797221303341 0.0265995539459415 0.0338720603890448 0.00856849080315321 0 0.00993429175595703 0.00470178903072619 0.00591121357214636
"первых" 0.00992391663910023 0.0163689562744256 0.00967773153972709 0.00571232720210214 0 0.0141918453656529 0.0117544725768155 0.0236448542885854
"приехал" 0.00992391663910023 0.0122767172058192 0.0290331946191813 0.00571232720210214 0 0.0184493989753488 0.00940357806145238 0
"рукою" 0.0231558054912339 0.00818447813721278 0 0.00571232720210214 0.0213301480312273 0.00851510721939174 0.00705268354608929 0.0413784950050245
"сестры" 0.00330797221303341 0.00204611953430319 0 0 0.00853205921249093 0.034060428877567 0.0141053670921786 0
"словно" 0 0.00613835860290958 0.0145165973095906 0.0142808180052553 0 0 0.049368784822625 0.0118224271442927
"софью" 0 0 0 0.00285616360105107 0 0.0468330897066546 0 0
"узнал" 0.00992391663910023 0.0122767172058192 0.0290331946191813 0.0114246544042043 0.0170641184249819 0.00993429175595703 0.00470178903072619 0.0118224271442927
"человеку" 0 0.0204611953430319 0.0145165973095906 0.00856849080315321 0.0170641184249819 0.00851510721939174 0.0164562616075417 0.00591121357214636
"этими" 0.00661594442606682 0.010230597671516 0.0193554630794542 0.0228493088084085 0.0127980888187364 0.00283836907313058 0.0188071561229048 0.0118224271442927
"вдова" 0 0 0 0.085684908031532 0 0.00283836907313058 0.0023508945153631 0
"взглянул" 0.0198478332782005 0.00613835860290958 0.0338720603890448 0.0257054724094596 0.00853205921249093 0.00283836907313058 0.00940357806145238 0
"видя" 0 0.010230597671516 0.00967773153972709 0.00856849080315321 0 0.0269645061947405 0.00940357806145238 0
"впоследствии" 0.00992391663910023 0 0 0.00285616360105107 0.00853205921249093 0.034060428877567 0.00705268354608929 0
"всё" 0.0992391663910023 0 0 0 0 0.00283836907313058 0 0.00591121357214636
"выражением" 0.0628514720476348 0.00613835860290958 0.00483886576986354 0 0.0170641184249819 0.00851510721939174 0 0
"герой" 0 0.00204611953430319 0 0.085684908031532 0.00426602960624547 0.00141918453656529 0 0
"гостя" 0 0.0347840320831543 0.00967773153972709 0.0171369816063064 0 0.00283836907313058 0.0141053670921786 0
"громко" 0.0165398610651671 0.00204611953430319 0.0387109261589084 0.0199931452073575 0.00426602960624547 0.0156110299022182 0 0
"дороги" 0.00330797221303341 0.0286456734802447 0.00483886576986354 0.00285616360105107 0.0341282368499637 0.00709592268282645 0.00705268354608929 0
"другая" 0.0165398610651671 0.010230597671516 0.00967773153972709 0.00285616360105107 0.0341282368499637 0.0127726608290876 0.00705268354608929 0
"закричал" 0.0264637777042673 0.00818447813721278 0 0.0114246544042043 0.00853205921249093 0.0127726608290876 0.0141053670921786 0
"имеет" 0 0.010230597671516 0.00967773153972709 0.0142808180052553 0.00426602960624547 0.00567673814626116 0.0188071561229048 0.0472897085771709
"максимовича" 0 0 0 0 0 0.0411563515603934 0.00940357806145238 0
"написал" 0.00992391663910023 0.00409223906860639 0.0145165973095906 0.00285616360105107 0.00853205921249093 0.0269645061947405 0.00470178903072619 0.00591121357214636
"насчет" 0.0297717499173007 0 0.0145165973095906 0.0142808180052553 0.0127980888187364 0.00425755360969587 0.00940357806145238 0.0354672814328782
"николавну" 0 0 0 0 0 0.0468330897066546 0 0
"отцом" 0 0.0122767172058192 0.0145165973095906 0.00285616360105107 0 0.0170302144387835 0.0258598396689941 0
"платок" 0.0396956665564009 0.00204611953430319 0.0145165973095906 0.0228493088084085 0.0127980888187364 0.00425755360969587 0.0023508945153631 0.0118224271442927
"пожалуй" 0 0.0122767172058192 0.0290331946191813 0.00856849080315321 0 0.0113534762925223 0.023508945153631 0
"пошли" 0.0231558054912339 0.0184150758087287 0.00483886576986354 0.00856849080315321 0.00853205921249093 0.00425755360969587 0.0164562616075417 0.00591121357214636
"ручку" 0.0198478332782005 0.00409223906860639 0.00967773153972709 0.0142808180052553 0 0.0127726608290876 0.0117544725768155 0.0236448542885854
"рядом" 0.0165398610651671 0.0163689562744256 0.00483886576986354 0.0228493088084085 0.00426602960624547 0.00425755360969587 0.0117544725768155 0.0118224271442927
"сделала" 0.0264637777042673 0.010230597671516 0.0290331946191813 0.00285616360105107 0.0127980888187364 0.00425755360969587 0.0141053670921786 0.00591121357214636
"сделалась" 0.00992391663910023 0 0 0.00285616360105107 0 0.0312220598044364 0.00940357806145238 0.0177336407164391
"семейства" 0.00330797221303341 0.0204611953430319 0.00483886576986354 0.00571232720210214 0.00426602960624547 0.00993429175595703 0.0258598396689941 0
"силы" 0.0165398610651671 0.0184150758087287 0 0.00571232720210214 0.0170641184249819 0.00709592268282645 0.0164562616075417 0.00591121357214636
"стр" 0 0.00204611953430319 0 0 0 0.0454139051700893 0 0
"стыдно" 0.00992391663910023 0.0143228367401224 0.0290331946191813 0 0.0127980888187364 0.00283836907313058 0.0211580506382679 0.0177336407164391
"умел" 0.0198478332782005 0.00818447813721278 0.00483886576986354 0 0 0.0184493989753488 0.0164562616075417 0.0118224271442927
"шею" 0.0198478332782005 0.00613835860290958 0.00967773153972709 0.0142808180052553 0.0127980888187364 0.0127726608290876 0.00470178903072619 0.0177336407164391
"бал" 0 0.0143228367401224 0 0 0.0127980888187364 0.00567673814626116 0 0.106401844298635
"беда" 0 0.00818447813721278 0.0241943288493177 0.0257054724094596 0.00426602960624547 0.0113534762925223 0.0117544725768155 0
"берегу" 0 0.0225073148773351 0 0.00285616360105107 0 0.0156110299022182 0.0211580506382679 0
"большая" 0.0198478332782005 0.0122767172058192 0.00483886576986354 0.00856849080315321 0.00853205921249093 0.0127726608290876 0.0117544725768155 0
"ваня" 0 0 0 0 0 0 0.0752286244916191 0
"ваши" 0.00330797221303341 0.0286456734802447 0.0145165973095906 0.00285616360105107 0.0170641184249819 0.00567673814626116 0.00940357806145238 0.00591121357214636
"верст" 0 0.00818447813721278 0.0145165973095906 0 0.00853205921249093 0.0241261371216099 0.0141053670921786 0
"вечером" 0.00992391663910023 0.0143228367401224 0.00483886576986354 0.00856849080315321 0.0341282368499637 0.00993429175595703 0.00705268354608929 0
"видал" 0.0132318888521336 0.00613835860290958 0.0290331946191813 0.00856849080315321 0.0127980888187364 0.00567673814626116 0.0164562616075417 0.0118224271442927
"дам" 0.00661594442606682 0.0286456734802447 0.00483886576986354 0.0114246544042043 0.00426602960624547 0.00425755360969587 0.00470178903072619 0.0295560678607318
"двор" 0.00661594442606682 0.00204611953430319 0.00967773153972709 0.0199931452073575 0.0170641184249819 0.0141918453656529 0.0141053670921786 0
"дениска" 0 0 0 0.0913972352336342 0 0 0 0
"думала" 0.00661594442606682 0.0163689562744256 0.0145165973095906 0.00285616360105107 0 0.0156110299022182 0.00705268354608929 0.0236448542885854
"желнобобова" 0 0 0 0.0913972352336342 0 0 0 0
"замке" 0 0.0593374664947926 0 0.00285616360105107 0.00853205921249093 0 0 0
"заранее" 0 0.00613835860290958 0.0193554630794542 0.0114246544042043 0 0.0241261371216099 0.00940357806145238 0
"иметь" 0.00661594442606682 0.0204611953430319 0 0.00571232720210214 0.00853205921249093 0.0113534762925223 0.0117544725768155 0.0177336407164391
"крестьян" 0 0.00204611953430319 0 0 0 0.0368987979506975 0.00940357806145238 0.00591121357214636
"наталья" 0.105855110817069 0 0 0 0 0 0 0
"обо" 0 0.0265995539459415 0.0145165973095906 0.00285616360105107 0 0.0170302144387835 0.0023508945153631 0.0118224271442927
"посреди" 0 0.0429685102203671 0.00483886576986354 0.0142808180052553 0.00853205921249093 0.00283836907313058 0.0023508945153631 0
"правду" 0.00992391663910023 0.010230597671516 0.0145165973095906 0.00285616360105107 0.00853205921249093 0.0212877680484793 0.00470178903072619 0.00591121357214636
"прежнему" 0 0.00204611953430319 0.00483886576986354 0.0171369816063064 0.0170641184249819 0.0184493989753488 0.0164562616075417 0
"проговорил" 0.00330797221303341 0.0143228367401224 0.00967773153972709 0.0571232720210214 0.00426602960624547 0 0.0023508945153631 0
"сердцу" 0.00330797221303341 0.0286456734802447 0.00967773153972709 0.00285616360105107 0.00426602960624547 0.00425755360969587 0.0188071561229048 0.0118224271442927
"сонечка" 0.0496195831955012 0 0 0 0.0213301480312273 0.0170302144387835 0 0
"старого" 0.00992391663910023 0.0265995539459415 0.00483886576986354 0.0114246544042043 0.00426602960624547 0.00567673814626116 0.0117544725768155 0.00591121357214636
"стихи" 0.0496195831955012 0.00409223906860639 0 0.0142808180052553 0 0.00283836907313058 0.0188071561229048 0
"считал" 0.0132318888521336 0.0122767172058192 0.00967773153972709 0.0285616360105107 0.00426602960624547 0.00567673814626116 0.0117544725768155 0
"тысяч" 0 0.00409223906860639 0.0483886576986354 0 0 0.0141918453656529 0.0141053670921786 0.0236448542885854
"удовольствием" 0.00661594442606682 0.00204611953430319 0.0145165973095906 0.00571232720210214 0.00426602960624547 0.0227069525850446 0.00940357806145238 0.0177336407164391
"ужасно" 0.0297717499173007 0.00613835860290958 0.0241943288493177 0.00856849080315321 0.0127980888187364 0.00425755360969587 0 0.0354672814328782
"хуже" 0.0165398610651671 0.0143228367401224 0.00967773153972709 0.0114246544042043 0.00426602960624547 0.0127726608290876 0.00705268354608929 0.00591121357214636
"шесть" 0.00992391663910023 0.00818447813721278 0.0241943288493177 0.00285616360105107 0.0127980888187364 0.0198685835119141 0.0023508945153631 0.00591121357214636
"ближе" 0.0363876943433675 0.010230597671516 0.00967773153972709 0 0.00426602960624547 0.00993429175595703 0.0117544725768155 0
"большие" 0.0363876943433675 0.00204611953430319 0.00967773153972709 0.00571232720210214 0.0170641184249819 0.00567673814626116 0.0117544725768155 0.0118224271442927
"взгляда" 0.00992391663910023 0.0122767172058192 0 0 0.0170641184249819 0.0184493989753488 0.00470178903072619 0.0177336407164391
"возле" 0 0.0204611953430319 0.00967773153972709 0 0 0.0170302144387835 0.00940357806145238 0.0177336407164391
"горе" 0.0396956665564009 0.010230597671516 0 0.0142808180052553 0 0.0113534762925223 0 0.00591121357214636
"дитя" 0 0.0163689562744256 0 0 0.00426602960624547 0.0113534762925223 0.0258598396689941 0.0177336407164391
"женщину" 0 0.0204611953430319 0.0145165973095906 0.00285616360105107 0.00426602960624547 0.0113534762925223 0.0164562616075417 0.00591121357214636
"забыл" 0.0198478332782005 0.010230597671516 0 0.0257054724094596 0 0.00851510721939174 0.00940357806145238 0.00591121357214636
"мисс" 0 0.063429705563399 0 0 0 0 0 0
"могут" 0.00992391663910023 0.010230597671516 0.00483886576986354 0.00285616360105107 0.0127980888187364 0.0113534762925223 0.0141053670921786 0.0236448542885854
"молча" 0.0297717499173007 0.00409223906860639 0.0193554630794542 0.0142808180052553 0.0213301480312273 0.00283836907313058 0.00940357806145238 0
"наставник" 0.00330797221303341 0.00818447813721278 0 0.0714040900262767 0 0 0.0023508945153631 0
"невестку" 0 0 0 0 0 0.0411563515603934 0.00470178903072619 0
"никому" 0.0198478332782005 0.0143228367401224 0.0145165973095906 0.00571232720210214 0.00853205921249093 0.00709592268282645 0.0117544725768155 0.00591121357214636
"ногами" 0.0396956665564009 0.00204611953430319 0 0.0142808180052553 0.0170641184249819 0.00567673814626116 0.00940357806145238 0.00591121357214636
"нос" 0.0165398610651671 0 0 0.039986290414715 0.0213301480312273 0 0.0141053670921786 0.00591121357214636
"павла" 0 0.063429705563399 0 0 0 0 0 0
"поцеловал" 0 0.0122767172058192 0.00483886576986354 0.00285616360105107 0.0255961776374728 0.0141918453656529 0.0164562616075417 0
"пусть" 0.00330797221303341 0.0265995539459415 0.00483886576986354 0.00285616360105107 0 0.00283836907313058 0.00940357806145238 0.0532009221493173
"руке" 0.0529275554085346 0 0.00967773153972709 0.00856849080315321 0.0170641184249819 0.00283836907313058 0.00705268354608929 0.00591121357214636
"света" 0.0132318888521336 0.0163689562744256 0.00967773153972709 0.00856849080315321 0.00426602960624547 0.00567673814626116 0.00940357806145238 0.0295560678607318
"сидеть" 0.0231558054912339 0.0204611953430319 0 0 0.0213301480312273 0.00425755360969587 0.0117544725768155 0.00591121357214636
"случалось" 0.00992391663910023 0.00613835860290958 0.00483886576986354 0.0114246544042043 0.0127980888187364 0.00425755360969587 0.0329125232150833 0
"сон" 0.0264637777042673 0.00613835860290958 0 0.0142808180052553 0.00426602960624547 0.0141918453656529 0.00940357806145238 0
"такими" 0 0.0143228367401224 0.00483886576986354 0.00856849080315321 0.00853205921249093 0.0127726608290876 0.0188071561229048 0.00591121357214636
"удовольствие" 0.0231558054912339 0.00409223906860639 0.0193554630794542 0.00285616360105107 0.0298622072437183 0.00283836907313058 0.0117544725768155 0.0177336407164391
"хлеба" 0.00661594442606682 0 0.00483886576986354 0.0142808180052553 0.00853205921249093 0.0184493989753488 0.0188071561229048 0
"штромменберга" 0 0.063429705563399 0 0 0 0 0 0
"ясно" 0.0297717499173007 0.00818447813721278 0.00483886576986354 0.00571232720210214 0.0170641184249819 0.00993429175595703 0.00470178903072619 0.0118224271442927
"болезни" 0.00992391663910023 0.00613835860290958 0 0.00856849080315321 0.00426602960624547 0.0212877680484793 0.0117544725768155 0
"брата" 0 0.00613835860290958 0.00967773153972709 0.00571232720210214 0.00426602960624547 0.0212877680484793 0.0117544725768155 0.0118224271442927
"будешь" 0.00661594442606682 0.00818447813721278 0.0145165973095906 0.00285616360105107 0.0213301480312273 0.0113534762925223 0.00940357806145238 0.0177336407164391
"взглядом" 0.00661594442606682 0.0245534344116383 0.0193554630794542 0.00571232720210214 0.0170641184249819 0.00283836907313058 0.0023508945153631 0.0177336407164391
"воду" 0 0.00613835860290958 0.0193554630794542 0.00285616360105107 0.0127980888187364 0.0212877680484793 0.00940357806145238 0
"воздух" 0.00330797221303341 0.00409223906860639 0.0290331946191813 0.00571232720210214 0.00853205921249093 0.0170302144387835 0.00470178903072619 0.0177336407164391
"губернии" 0.00330797221303341 0.00409223906860639 0.00483886576986354 0.00285616360105107 0 0.0198685835119141 0.023508945153631 0.00591121357214636
"дай" 0.0132318888521336 0.010230597671516 0.0145165973095906 0.00571232720210214 0.0298622072437183 0.00709592268282645 0.00940357806145238 0
"дети" 0.0264637777042673 0 0.00967773153972709 0.00856849080315321 0.0255961776374728 0.00567673814626116 0.0164562616075417 0
"желал" 0.0198478332782005 0.00818447813721278 0.0145165973095906 0 0.00426602960624547 0.00567673814626116 0.023508945153631 0.0118224271442927
"желание" 0.0264637777042673 0.00204611953430319 0.00967773153972709 0 0.0127980888187364 0.0127726608290876 0.00470178903072619 0.0295560678607318
"жену" 0 0.00409223906860639 0 0 0 0.0269645061947405 0.0188071561229048 0.00591121357214636
"залы" 0.0198478332782005 0.0184150758087287 0.00967773153972709 0.00571232720210214 0 0.00283836907313058 0.0023508945153631 0.0472897085771709
"изредка" 0.0231558054912339 0.00613835860290958 0.00483886576986354 0.00571232720210214 0.0298622072437183 0.00709592268282645 0.0117544725768155 0
"каждым" 0 0.0122767172058192 0.00483886576986354 0.0199931452073575 0.0170641184249819 0.00851510721939174 0.0141053670921786 0
"каких" 0.00330797221303341 0.0143228367401224 0.00483886576986354 0.00856849080315321 0.00426602960624547 0.0156110299022182 0.0117544725768155 0.00591121357214636
"книги" 0.0132318888521336 0.0143228367401224 0 0.00856849080315321 0.00426602960624547 0.0170302144387835 0.00470178903072619 0.00591121357214636
"княгиня" 0.0430036387694343 0 0 0 0.00426602960624547 0 0 0.0945794171543418
"кровь" 0.00992391663910023 0.010230597671516 0.00483886576986354 0.00856849080315321 0.0213301480312273 0.00709592268282645 0.00940357806145238 0.0236448542885854
"лошадь" 0.0463116109824677 0.00204611953430319 0 0.00571232720210214 0.0170641184249819 0.00141918453656529 0.0188071561229048 0
"называл" 0.00992391663910023 0.00204611953430319 0 0.0114246544042043 0.0127980888187364 0.00851510721939174 0.0305616286997202 0
"нашел" 0.0198478332782005 0.00409223906860639 0.00483886576986354 0.0199931452073575 0.0127980888187364 0.00993429175595703 0.00705268354608929 0.00591121357214636
"нежели" 0 0.0225073148773351 0.0145165973095906 0 0 0.00425755360969587 0.023508945153631 0.0177336407164391
"некогда" 0.00330797221303341 0.0143228367401224 0.0338720603890448 0 0.00426602960624547 0.0113534762925223 0.00470178903072619 0.0236448542885854
"некоторых" 0.0165398610651671 0.00818447813721278 0 0.0114246544042043 0.0127980888187364 0.0141918453656529 0.00705268354608929 0.00591121357214636
"никаких" 0.00330797221303341 0.0327379125488511 0 0.00285616360105107 0.00426602960624547 0.0141918453656529 0.0023508945153631 0
"обращаясь" 0.0132318888521336 0.00204611953430319 0.0145165973095906 0.042842454015766 0.0213301480312273 0.00283836907313058 0 0
"окно" 0.00661594442606682 0.00818447813721278 0.0145165973095906 0.0228493088084085 0.0255961776374728 0.00141918453656529 0.0141053670921786 0
"особенности" 0.0231558054912339 0.010230597671516 0 0.0171369816063064 0.0383942664562092 0.00141918453656529 0.0023508945153631 0.00591121357214636
"остановился" 0.0231558054912339 0.0163689562744256 0.0145165973095906 0.00856849080315321 0 0.00709592268282645 0.00940357806145238 0
"полу" 0.0132318888521336 0.0163689562744256 0.0193554630794542 0.0171369816063064 0.00426602960624547 0.00567673814626116 0.00705268354608929 0
"помню" 0.0430036387694343 0.00818447813721278 0 0 0.0255961776374728 0.00851510721939174 0 0.00591121357214636
"просил" 0.00992391663910023 0.00613835860290958 0.00483886576986354 0.00856849080315321 0.00853205921249093 0.0156110299022182 0.0141053670921786 0.00591121357214636
"реки" 0 0 0 0.00285616360105107 0 0.0269645061947405 0.0211580506382679 0.00591121357214636
"решилась" 0.00661594442606682 0.00613835860290958 0.00967773153972709 0.00856849080315321 0 0.0198685835119141 0.00470178903072619 0.0236448542885854
"рука" 0.0198478332782005 0.0122767172058192 0.00483886576986354 0.0199931452073575 0.0127980888187364 0.00141918453656529 0.00470178903072619 0.0236448542885854
"самые" 0.0198478332782005 0.010230597671516 0 0.0199931452073575 0.0127980888187364 0.0113534762925223 0.0023508945153631 0
"сверх" 0.0132318888521336 0.0143228367401224 0 0 0.00426602960624547 0.0141918453656529 0.0117544725768155 0.0177336407164391
"словах" 0.00330797221303341 0.010230597671516 0.00483886576986354 0.00571232720210214 0 0.0141918453656529 0.023508945153631 0.00591121357214636
"случай" 0.0132318888521336 0.0122767172058192 0.00967773153972709 0.00571232720210214 0.0170641184249819 0.00283836907313058 0.0188071561229048 0.0118224271442927
"смотря" 0 0.0429685102203671 0.00483886576986354 0.00285616360105107 0 0.00425755360969587 0.00705268354608929 0.00591121357214636
"строго" 0.00661594442606682 0.0122767172058192 0.00967773153972709 0.00571232720210214 0.0170641184249819 0.0141918453656529 0.00940357806145238 0
"ходить" 0.00661594442606682 0.0143228367401224 0 0.00285616360105107 0.0213301480312273 0.0156110299022182 0.00940357806145238 0
"хозяина" 0 0.0143228367401224 0 0.0228493088084085 0.00426602960624547 0.0141918453656529 0.00705268354608929 0.00591121357214636
"юноша" 0 0.0265995539459415 0.00967773153972709 0.042842454015766 0 0 0 0
"барин" 0.00661594442606682 0.00409223906860639 0.0435497919287719 0.00285616360105107 0.00426602960624547 0.0141918453656529 0.00940357806145238 0
"барина" 0.00661594442606682 0.00204611953430319 0.0241943288493177 0 0.00426602960624547 0.0170302144387835 0.0188071561229048 0
"вниз" 0.0297717499173007 0 0.00483886576986354 0.0142808180052553 0.0341282368499637 0.00709592268282645 0.0023508945153631 0
"возразил" 0 0.0245534344116383 0.0338720603890448 0.0114246544042043 0.00426602960624547 0.00425755360969587 0.0023508945153631 0.00591121357214636
"воля" 0.0165398610651671 0.00409223906860639 0.00483886576986354 0.00285616360105107 0.0127980888187364 0.00851510721939174 0.0258598396689941 0
"другу" 0.00661594442606682 0.0122767172058192 0.00483886576986354 0.0199931452073575 0.0170641184249819 0.00283836907313058 0.0141053670921786 0.00591121357214636
"жаль" 0 0.010230597671516 0.0241943288493177 0.0257054724094596 0 0.00851510721939174 0.00940357806145238 0
"желая" 0.0363876943433675 0.010230597671516 0.0193554630794542 0.0142808180052553 0 0.00425755360969587 0.0023508945153631 0
"ивановны" 0 0 0.00967773153972709 0 0 0.034060428877567 0 0.0177336407164391
"михайлыча" 0 0 0 0 0 0.0411563515603934 0 0
"молодости" 0.00992391663910023 0.0265995539459415 0.00967773153972709 0.00285616360105107 0.0127980888187364 0.00709592268282645 0.0023508945153631 0.00591121357214636
"москве" 0.00330797221303341 0.00204611953430319 0.053227523468499 0.00285616360105107 0.00853205921249093 0.00851510721939174 0.0164562616075417 0
"москву" 0.0264637777042673 0 0.0145165973095906 0 0.0127980888187364 0.00709592268282645 0.023508945153631 0
"находился" 0.00330797221303341 0.0143228367401224 0 0.00571232720210214 0.0298622072437183 0.00851510721939174 0.0141053670921786 0
"общества" 0 0.0143228367401224 0 0.0199931452073575 0 0.00709592268282645 0.00705268354608929 0.0413784950050245
"покуда" 0.0297717499173007 0.00409223906860639 0 0 0.00426602960624547 0.0170302144387835 0.00940357806145238 0.00591121357214636
"последнее" 0.0132318888521336 0.0122767172058192 0.00483886576986354 0.00285616360105107 0.0213301480312273 0.00851510721939174 0.00705268354608929 0.0177336407164391
"села" 0.0198478332782005 0.00204611953430319 0.0483886576986354 0.00571232720210214 0 0.00851510721939174 0 0.0236448542885854
"трубку" 0 0 0.0387109261589084 0.0514109448189192 0.00426602960624547 0.00141918453656529 0.0023508945153631 0
"тяжело" 0.0132318888521336 0.00818447813721278 0.00967773153972709 0.00571232720210214 0.0170641184249819 0.00993429175595703 0.0117544725768155 0.00591121357214636
"удовольствия" 0.0198478332782005 0.00204611953430319 0.00483886576986354 0.0171369816063064 0.0127980888187364 0.00567673814626116 0.0023508945153631 0.0413784950050245
"феши" 0 0 0.140327107326043 0 0 0 0 0
"часы" 0.0132318888521336 0.00613835860290958 0.00967773153972709 0.0257054724094596 0.00853205921249093 0.00993429175595703 0.00470178903072619 0
"ви" 0 0 0 0.0799725808294299 0 0 0 0
"видимому" 0 0.00409223906860639 0.0241943288493177 0.0285616360105107 0.00426602960624547 0.0113534762925223 0 0.0118224271442927
"горячо" 0.00330797221303341 0 0.00483886576986354 0 0.00426602960624547 0.0227069525850446 0.0211580506382679 0
"доброго" 0.00330797221303341 0.0184150758087287 0 0.0114246544042043 0.00426602960624547 0.00567673814626116 0.0164562616075417 0.0118224271442927
"дочерью" 0.00330797221303341 0.00613835860290958 0.00967773153972709 0 0 0.0184493989753488 0.0164562616075417 0.0118224271442927
"душ" 0 0.00409223906860639 0.0145165973095906 0.00285616360105107 0 0.0227069525850446 0.0117544725768155 0.00591121357214636
"земли" 0.00330797221303341 0.00409223906860639 0.0241943288493177 0 0 0.0184493989753488 0.0164562616075417 0
"играть" 0.0165398610651671 0.00409223906860639 0.0145165973095906 0.00285616360105107 0.0170641184249819 0.00851510721939174 0.00940357806145238 0.0177336407164391
"имею" 0.00661594442606682 0.0122767172058192 0.0338720603890448 0.00285616360105107 0.0213301480312273 0.00283836907313058 0.00705268354608929 0.0118224271442927
"кабинете" 0.00661594442606682 0.00818447813721278 0.0241943288493177 0.0114246544042043 0.0127980888187364 0.00141918453656529 0.0117544725768155 0.0236448542885854
"карла" 0.0793913331128018 0 0 0 0.0170641184249819 0 0 0
"книгу" 0.00992391663910023 0.0122767172058192 0.00483886576986354 0.0199931452073575 0.0213301480312273 0.00567673814626116 0.00470178903072619 0
"людям" 0.00992391663910023 0.0204611953430319 0 0.00571232720210214 0.00426602960624547 0.00709592268282645 0.0164562616075417 0
"многих" 0.00330797221303341 0.0122767172058192 0.00967773153972709 0 0 0.0141918453656529 0.0164562616075417 0.0118224271442927
"молодым" 0.00992391663910023 0.0122767172058192 0 0.00285616360105107 0 0.0184493989753488 0.00940357806145238 0.00591121357214636
"невестка" 0 0 0 0 0 0.0383179824872628 0.0023508945153631 0
"неловко" 0.0165398610651671 0.00409223906860639 0.0145165973095906 0.00571232720210214 0.0341282368499637 0.00567673814626116 0.00705268354608929 0.00591121357214636
"новое" 0.00330797221303341 0.0163689562744256 0.00967773153972709 0.00571232720210214 0.00426602960624547 0.00567673814626116 0.0188071561229048 0.0118224271442927
"ног" 0.00992391663910023 0.00409223906860639 0.00483886576986354 0.0228493088084085 0.0127980888187364 0.00567673814626116 0.0141053670921786 0.00591121357214636
"обе" 0.00992391663910023 0.0225073148773351 0.0145165973095906 0.0114246544042043 0.00426602960624547 0.00851510721939174 0 0
"ольга" 0 0.0450146297546703 0 0 0 0 0 0.0354672814328782
"петербурге" 0 0.0327379125488511 0.00967773153972709 0 0 0.00851510721939174 0.00705268354608929 0.00591121357214636
"писать" 0.00661594442606682 0.00409223906860639 0.00483886576986354 0.00571232720210214 0 0.00993429175595703 0.0305616286997202 0.00591121357214636
"прекрасно" 0.0264637777042673 0.00409223906860639 0 0.0114246544042043 0.0298622072437183 0.00425755360969587 0 0.0236448542885854
"просила" 0.0198478332782005 0 0 0.0114246544042043 0 0.0170302144387835 0.0117544725768155 0.00591121357214636
"прошу" 0.00661594442606682 0.00818447813721278 0.0338720603890448 0.00285616360105107 0.0127980888187364 0.00567673814626116 0.0117544725768155 0.0118224271442927
"редко" 0.00992391663910023 0.010230597671516 0.00483886576986354 0.00571232720210214 0.0127980888187364 0.0141918453656529 0.00940357806145238 0
"решительно" 0.0330797221303341 0.010230597671516 0.0193554630794542 0.00571232720210214 0.0127980888187364 0.00425755360969587 0.0023508945153631 0
"рук" 0.00661594442606682 0.00204611953430319 0.0193554630794542 0.00856849080315321 0.0127980888187364 0.0113534762925223 0.0117544725768155 0.0118224271442927
"семья" 0 0.00204611953430319 0 0.00856849080315321 0 0.0298028752678711 0.00705268354608929 0
"сил" 0.0297717499173007 0.0204611953430319 0.00483886576986354 0.00285616360105107 0.0127980888187364 0.00425755360969587 0.0023508945153631 0
"сих" 0.00992391663910023 0.00818447813721278 0.00483886576986354 0 0.0127980888187364 0.0127726608290876 0.0164562616075417 0.00591121357214636
"скажет" 0.00661594442606682 0.00613835860290958 0.00483886576986354 0.00571232720210214 0.0213301480312273 0.0156110299022182 0.00470178903072619 0.0118224271442927
"спала" 0.0165398610651671 0.0143228367401224 0.00483886576986354 0 0.00426602960624547 0.0170302144387835 0.0023508945153631 0.00591121357214636
"сыну" 0.00661594442606682 0.0122767172058192 0 0.00285616360105107 0.00426602960624547 0.0212877680484793 0.00705268354608929 0
"тысячи" 0.00661594442606682 0.0163689562744256 0.0387109261589084 0 0.00853205921249093 0.00567673814626116 0.00470178903072619 0.0118224271442927
"ухо" 0.0132318888521336 0 0.00967773153972709 0.0285616360105107 0.0170641184249819 0.00425755360969587 0.00940357806145238 0.00591121357214636
"хороша" 0.00661594442606682 0.0122767172058192 0.0145165973095906 0.00571232720210214 0.00426602960624547 0.00567673814626116 0.0188071561229048 0.0118224271442927
"анисим" 0 0 0.130649375786316 0 0 0 0 0
"багрова" 0 0 0 0 0 0.0383179824872628 0 0
"большей" 0 0.0286456734802447 0.00483886576986354 0.00285616360105107 0 0.00709592268282645 0.0117544725768155 0.00591121357214636
"боялся" 0.0132318888521336 0.00818447813721278 0.00483886576986354 0 0.0127980888187364 0.0113534762925223 0.0164562616075417 0
"будут" 0.0132318888521336 0.00613835860290958 0 0.0114246544042043 0.0127980888187364 0.00709592268282645 0.0141053670921786 0.0118224271442927
"верстах" 0 0 0 0.00285616360105107 0.00426602960624547 0.0326412443410017 0.00470178903072619 0
"видели" 0.00330797221303341 0.00818447813721278 0.00483886576986354 0 0.00426602960624547 0.0113534762925223 0.0188071561229048 0.0236448542885854
"видите" 0.00330797221303341 0.0204611953430319 0.0193554630794542 0.00571232720210214 0.00853205921249093 0 0.0188071561229048 0
"воскликнул" 0 0.00409223906860639 0 0.0656917628241746 0 0.00283836907313058 0 0
"вчера" 0.00992391663910023 0.0245534344116383 0.0145165973095906 0.0142808180052553 0 0.00425755360969587 0 0.00591121357214636
"выйти" 0.00992391663910023 0.00818447813721278 0.0241943288493177 0.00285616360105107 0.00426602960624547 0.00851510721939174 0.00705268354608929 0.0236448542885854
"грудь" 0 0.00818447813721278 0.00967773153972709 0.00571232720210214 0.00853205921249093 0.00851510721939174 0.0188071561229048 0.0177336407164391
"деревни" 0 0.00204611953430319 0 0 0.00853205921249093 0.0227069525850446 0.0188071561229048 0
"дорогой" 0.00330797221303341 0.0143228367401224 0.0241943288493177 0.00571232720210214 0.0170641184249819 0.00709592268282645 0.00705268354608929 0
"заметно" 0.0463116109824677 0.00409223906860639 0.00483886576986354 0.00285616360105107 0.0170641184249819 0.00425755360969587 0.00470178903072619 0
"иванович" 0 0 0 0 0 0.00283836907313058 0.0211580506382679 0.0945794171543418
"известно" 0.0132318888521336 0.00613835860290958 0.00483886576986354 0.0228493088084085 0.00426602960624547 0.00851510721939174 0.0023508945153631 0.0177336407164391
"имени" 0.00661594442606682 0.00409223906860639 0.00967773153972709 0.0114246544042043 0.00426602960624547 0.0141918453656529 0.00705268354608929 0.0177336407164391
"итак" 0 0 0.0241943288493177 0.00856849080315321 0 0.0198685835119141 0.00470178903072619 0.0177336407164391
"кем" 0.0165398610651671 0.00613835860290958 0.0193554630794542 0.00856849080315321 0.00426602960624547 0.00851510721939174 0.0117544725768155 0
"лицу" 0.0231558054912339 0.00409223906860639 0.0145165973095906 0.0114246544042043 0.0170641184249819 0.00425755360969587 0.0023508945153631 0.0177336407164391
"наша" 0.0165398610651671 0.0225073148773351 0.00483886576986354 0 0.00853205921249093 0.00425755360969587 0.0023508945153631 0.0236448542885854
"образ" 0.00992391663910023 0.00204611953430319 0 0.0114246544042043 0.00426602960624547 0.0141918453656529 0.0141053670921786 0.0118224271442927
"обществе" 0.00330797221303341 0.010230597671516 0.00483886576986354 0.0142808180052553 0.00426602960624547 0.0156110299022182 0.00470178903072619 0.00591121357214636
"оставить" 0.00330797221303341 0.00613835860290958 0.0145165973095906 0.00571232720210214 0.00853205921249093 0.0113534762925223 0.0164562616075417 0.00591121357214636
"платья" 0.0132318888521336 0.00204611953430319 0.00483886576986354 0.0142808180052553 0.0127980888187364 0.00425755360969587 0.00940357806145238 0.0354672814328782
"позвольте" 0.00992391663910023 0.00818447813721278 0.0241943288493177 0.00856849080315321 0.0213301480312273 0.00283836907313058 0.00940357806145238 0.00591121357214636
"понял" 0.0264637777042673 0.0122767172058192 0.00483886576986354 0.00571232720210214 0.00426602960624547 0.0113534762925223 0 0.00591121357214636
"понять" 0.00330797221303341 0.010230597671516 0.0241943288493177 0.00285616360105107 0.0213301480312273 0.0113534762925223 0.00470178903072619 0
"посмотрел" 0.0165398610651671 0.00204611953430319 0.0193554630794542 0.0171369816063064 0.0127980888187364 0.00993429175595703 0.0023508945153631 0
"постель" 0.0165398610651671 0.010230597671516 0.00967773153972709 0.00285616360105107 0.00426602960624547 0.00567673814626116 0.0141053670921786 0.0177336407164391
"поутру" 0 0.00613835860290958 0 0.0171369816063064 0 0.0198685835119141 0.00470178903072619 0.0118224271442927
"прошла" 0.00330797221303341 0.0122767172058192 0.0193554630794542 0.00856849080315321 0.0127980888187364 0.00993429175595703 0.00705268354608929 0
"равно" 0.00661594442606682 0.00409223906860639 0.0483886576986354 0.00571232720210214 0 0.00567673814626116 0.0117544725768155 0.0118224271442927
"ради" 0 0.0122767172058192 0.0145165973095906 0.0114246544042043 0.0127980888187364 0.00425755360969587 0.0141053670921786 0.0118224271442927
"савишна" 0.0893152497519021 0 0 0 0 0 0 0
"сад" 0.00330797221303341 0.0225073148773351 0.00483886576986354 0.00856849080315321 0.00426602960624547 0.00709592268282645 0.0117544725768155 0
"самому" 0.00330797221303341 0.010230597671516 0 0.0228493088084085 0.00853205921249093 0.0113534762925223 0.00470178903072619 0.00591121357214636
"слышал" 0.0132318888521336 0.00409223906860639 0.0145165973095906 0.00571232720210214 0.0170641184249819 0.00567673814626116 0.0188071561229048 0
"смерть" 0.00661594442606682 0.0122767172058192 0.00483886576986354 0.0114246544042043 0.00853205921249093 0.00567673814626116 0.00705268354608929 0.0295560678607318
"степану" 0 0 0 0 0 0.0383179824872628 0 0
"счастия" 0.0231558054912339 0.00613835860290958 0 0 0.0127980888187364 0.00567673814626116 0.00705268354608929 0.0413784950050245
"четыре" 0.0165398610651671 0.00204611953430319 0.00483886576986354 0.00571232720210214 0.0170641184249819 0.00851510721939174 0.0188071561229048 0
"шел" 0.00992391663910023 0.0122767172058192 0 0.0142808180052553 0.0255961776374728 0.00567673814626116 0.00470178903072619 0.00591121357214636
"явился" 0.00992391663910023 0.0122767172058192 0.00483886576986354 0.0257054724094596 0 0.00425755360969587 0.0117544725768155 0
"ямщик" 0.00661594442606682 0.00204611953430319 0.00967773153972709 0 0.00426602960624547 0 0.049368784822625 0
"адаму" 0 0 0 0.0742602536273278 0 0 0 0
"багровых" 0 0 0 0 0 0.0368987979506975 0 0
"братец" 0 0 0 0.0171369816063064 0 0.0170302144387835 0.0164562616075417 0.00591121357214636
"бросился" 0.0132318888521336 0.00818447813721278 0.0193554630794542 0.0199931452073575 0 0.00851510721939174 0 0.00591121357214636
"вечно" 0.0198478332782005 0.0143228367401224 0 0.00856849080315321 0.0170641184249819 0.00283836907313058 0.00705268354608929 0.00591121357214636
"взять" 0.0198478332782005 0.00613835860290958 0.00967773153972709 0.00285616360105107 0.0127980888187364 0.00851510721939174 0.0117544725768155 0
"видит" 0.00330797221303341 0.00409223906860639 0.00483886576986354 0 0.0127980888187364 0.00567673814626116 0.0164562616075417 0.0472897085771709
"волгина" 0 0 0 0 0 0 0.0611232573994405 0
"графиня" 0 0.010230597671516 0.0774218523178167 0 0.00426602960624547 0 0.00940357806145238 0
"д" 0.0198478332782005 0.00409223906860639 0 0 0.0127980888187364 0.0198685835119141 0.0023508945153631 0
"дому" 0.00992391663910023 0.00204611953430319 0.00483886576986354 0.0171369816063064 0.0127980888187364 0.00993429175595703 0.0117544725768155 0
"заметив" 0.0297717499173007 0 0.00483886576986354 0.0114246544042043 0.0298622072437183 0.00283836907313058 0.00705268354608929 0
"заметить" 0 0.00409223906860639 0.00967773153972709 0.0114246544042043 0.00426602960624547 0.0127726608290876 0.0188071561229048 0
"историю" 0 0.0143228367401224 0 0.0114246544042043 0.0170641184249819 0.00567673814626116 0.0141053670921786 0.00591121357214636
"ласково" 0 0.0122767172058192 0.00483886576986354 0.00285616360105107 0 0.0212877680484793 0.00705268354608929 0
"лежал" 0.00330797221303341 0.00613835860290958 0.00967773153972709 0.0314177996115617 0.00426602960624547 0.0113534762925223 0 0
"нарочно" 0.00330797221303341 0.00818447813721278 0 0.0114246544042043 0 0.0113534762925223 0.00470178903072619 0.0413784950050245
"неделю" 0.00992391663910023 0.00613835860290958 0 0.00856849080315321 0 0.0212877680484793 0.00470178903072619 0
"нея" 0 0.053199107891883 0 0 0 0 0 0
"нового" 0 0.0225073148773351 0.0145165973095906 0.00285616360105107 0.00426602960624547 0.00993429175595703 0.0023508945153631 0.0118224271442927
"новый" 0.00661594442606682 0.00818447813721278 0.00483886576986354 0.00285616360105107 0.00853205921249093 0.00993429175595703 0.0188071561229048 0.00591121357214636
"ныне" 0 0.00204611953430319 0 0.00285616360105107 0 0.00993429175595703 0.0376143122458095 0.00591121357214636
"обратился" 0 0.00613835860290958 0.0387109261589084 0.0199931452073575 0.00853205921249093 0.00709592268282645 0.0023508945153631 0
"обыкновению" 0.00661594442606682 0.0204611953430319 0.00967773153972709 0.00571232720210214 0.00426602960624547 0.00993429175595703 0.00470178903072619 0
"одному" 0.0198478332782005 0.00818447813721278 0 0.00571232720210214 0.00426602960624547 0.00709592268282645 0.0188071561229048 0
"остался" 0.0132318888521336 0.00613835860290958 0.00967773153972709 0.0114246544042043 0 0.0141918453656529 0.0023508945153631 0.0118224271442927
"ответ" 0 0.0143228367401224 0.0145165973095906 0.00285616360105107 0.00426602960624547 0.0141918453656529 0.00940357806145238 0
"первая" 0.00661594442606682 0.0163689562744256 0.0145165973095906 0.00571232720210214 0 0.0127726608290876 0.0023508945153631 0.00591121357214636
"первое" 0.00661594442606682 0.0122767172058192 0.0145165973095906 0 0.00426602960624547 0.00993429175595703 0.00705268354608929 0.0236448542885854
"первым" 0.00330797221303341 0.00818447813721278 0.00967773153972709 0.00856849080315321 0 0.0127726608290876 0.0117544725768155 0.0118224271442927
"перебил" 0.00992391663910023 0.0347840320831543 0 0 0.00426602960624547 0.00141918453656529 0.00705268354608929 0.00591121357214636
"петр" 0.00992391663910023 0.00204611953430319 0 0.0628355992231235 0 0 0 0
"пола" 0.00661594442606682 0.00818447813721278 0.00483886576986354 0.0171369816063064 0.00426602960624547 0.00851510721939174 0.00470178903072619 0.0236448542885854
"положения" 0.00661594442606682 0.00409223906860639 0.00483886576986354 0.00856849080315321 0.0127980888187364 0.0127726608290876 0.0117544725768155 0.00591121357214636
"понимаю" 0.0132318888521336 0.00613835860290958 0.0338720603890448 0 0.0170641184249819 0.00425755360969587 0.0023508945153631 0.0236448542885854
"просить" 0.0132318888521336 0.00409223906860639 0.00967773153972709 0.00571232720210214 0.0255961776374728 0.00425755360969587 0.0141053670921786 0.00591121357214636
"прошел" 0.00661594442606682 0.00818447813721278 0.0193554630794542 0.0171369816063064 0 0.00993429175595703 0.00470178903072619 0.00591121357214636
"самая" 0 0.0184150758087287 0.00967773153972709 0.00571232720210214 0.0127980888187364 0.00851510721939174 0.00470178903072619 0.0118224271442927
"свекор" 0 0 0 0 0 0.0326412443410017 0.00705268354608929 0
"свекра" 0 0 0 0 0 0.0298028752678711 0.0117544725768155 0
"слуга" 0 0.00818447813721278 0.00483886576986354 0 0 0.00283836907313058 0.0446669957918988 0
"старуха" 0.00330797221303341 0.00204611953430319 0.0193554630794542 0 0 0.0269645061947405 0.0023508945153631 0
"странно" 0.0264637777042673 0.00204611953430319 0.0241943288493177 0.00285616360105107 0.0127980888187364 0.00567673814626116 0.00705268354608929 0.00591121357214636
"страсти" 0.00330797221303341 0.00409223906860639 0.0193554630794542 0.0114246544042043 0.0127980888187364 0.00567673814626116 0.0023508945153631 0.0413784950050245
"стула" 0.0165398610651671 0.00409223906860639 0.0290331946191813 0.0285616360105107 0.00426602960624547 0.00141918453656529 0.0023508945153631 0
"счет" 0.0231558054912339 0.0163689562744256 0.00483886576986354 0.00285616360105107 0.00853205921249093 0.00141918453656529 0.00470178903072619 0.0236448542885854
"трезвонин" 0 0 0.125810510016452 0 0 0 0 0
"трех" 0.00330797221303341 0.0143228367401224 0.00483886576986354 0.0199931452073575 0.00426602960624547 0.00709592268282645 0.00705268354608929 0.00591121357214636
"увидел" 0 0.0122767172058192 0.0193554630794542 0.0114246544042043 0 0.0141918453656529 0.00470178903072619 0
"узнать" 0.00992391663910023 0.0143228367401224 0.00483886576986354 0.00285616360105107 0.0127980888187364 0.0127726608290876 0.0023508945153631 0.00591121357214636
"холодне" 0 0 0 0 0 0 0.0611232573994405 0
"чаще" 0.00661594442606682 0.00204611953430319 0.00967773153972709 0.00285616360105107 0.0213301480312273 0.0141918453656529 0.0117544725768155 0
"читать" 0.0165398610651671 0.00613835860290958 0.00967773153972709 0.0199931452073575 0.00853205921249093 0.00425755360969587 0.00705268354608929 0.00591121357214636
"marie" 0 0.053199107891883 0 0 0 0 0 0
"vous" 0.0132318888521336 0.0143228367401224 0.053227523468499 0 0.0170641184249819 0 0 0
"бабушке" 0.0264637777042673 0 0 0 0.0255961776374728 0.0156110299022182 0 0
"возьми" 0.00661594442606682 0.00613835860290958 0.0435497919287719 0.00571232720210214 0.0127980888187364 0.00283836907313058 0.00705268354608929 0.00591121357214636
"генерал" 0 0.0286456734802447 0 0 0.00853205921249093 0.0127726608290876 0 0
"далее" 0 0.00818447813721278 0 0.0114246544042043 0.00853205921249093 0.00425755360969587 0.0188071561229048 0.0236448542885854
"живет" 0.00661594442606682 0.0204611953430319 0.00483886576986354 0.00285616360105107 0.0170641184249819 0.00567673814626116 0.00705268354608929 0
"запах" 0.0198478332782005 0.00204611953430319 0.00967773153972709 0.00571232720210214 0.0255961776374728 0.00709592268282645 0.00470178903072619 0.00591121357214636
"конце" 0.00992391663910023 0.0143228367401224 0.00967773153972709 0.00571232720210214 0 0.00993429175595703 0.00705268354608929 0.00591121357214636
"любили" 0.00330797221303341 0.00613835860290958 0 0.00571232720210214 0.0127980888187364 0.0156110299022182 0.00705268354608929 0.0118224271442927
"м" 0 0.00204611953430319 0.00483886576986354 0.00285616360105107 0 0.0298028752678711 0.0023508945153631 0
"маленький" 0.0165398610651671 0.00613835860290958 0.00483886576986354 0.0142808180052553 0.0255961776374728 0.00425755360969587 0.00470178903072619 0
"матушка" 0.0198478332782005 0 0.00483886576986354 0 0 0.0113534762925223 0.023508945153631 0
"месяц" 0.00992391663910023 0.0163689562744256 0 0.00571232720210214 0 0.00567673814626116 0.0188071561229048 0
"многие" 0.00661594442606682 0.00818447813721278 0.0145165973095906 0.00571232720210214 0 0.00851510721939174 0.0188071561229048 0
"мужу" 0 0.00613835860290958 0 0 0 0.0241261371216099 0.00705268354608929 0.0118224271442927
"найти" 0.00661594442606682 0.00613835860290958 0.0145165973095906 0.00856849080315321 0.00853205921249093 0.00851510721939174 0.0117544725768155 0.00591121357214636
"начали" 0.00992391663910023 0.00204611953430319 0 0.00285616360105107 0 0.0127726608290876 0.0164562616075417 0.0236448542885854
"нашла" 0.00330797221303341 0.00818447813721278 0.00483886576986354 0.0142808180052553 0.00426602960624547 0.0141918453656529 0.00470178903072619 0.00591121357214636
"необыкновенно" 0.00661594442606682 0.00204611953430319 0 0 0.0127980888187364 0.0227069525850446 0.00705268354608929 0
"обоих" 0 0.0184150758087287 0 0.00285616360105107 0.00426602960624547 0.0170302144387835 0.00470178903072619 0
"ответа" 0.00661594442606682 0.010230597671516 0.0241943288493177 0.00571232720210214 0 0.00709592268282645 0.0117544725768155 0.00591121357214636
"плакала" 0.00992391663910023 0.00818447813721278 0 0 0.00853205921249093 0.0113534762925223 0.00470178903072619 0.0354672814328782
"поздно" 0.0132318888521336 0.00409223906860639 0.0290331946191813 0.00571232720210214 0.0213301480312273 0.00283836907313058 0.00705268354608929 0.00591121357214636
"пол" 0.00992391663910023 0.00204611953430319 0.00967773153972709 0.0285616360105107 0.00426602960624547 0.00425755360969587 0.0117544725768155 0
"понимал" 0.0132318888521336 0.00409223906860639 0 0.00285616360105107 0.0213301480312273 0.0170302144387835 0.0023508945153631 0
"понятия" 0.00992391663910023 0.010230597671516 0.00483886576986354 0.00571232720210214 0.0127980888187364 0.00567673814626116 0.0023508945153631 0.0354672814328782
"придет" 0.00330797221303341 0.00818447813721278 0 0.00285616360105107 0.0255961776374728 0.00567673814626116 0.0141053670921786 0.0177336407164391
"приехали" 0.0165398610651671 0.00409223906860639 0.00483886576986354 0 0.0170641184249819 0.0141918453656529 0.00705268354608929 0
"пути" 0 0.0122767172058192 0 0.00285616360105107 0.00426602960624547 0.0156110299022182 0.00940357806145238 0.0118224271442927
"рассказ" 0.00661594442606682 0.010230597671516 0 0.00856849080315321 0 0.0113534762925223 0.0117544725768155 0.0118224271442927
"скажите" 0.00992391663910023 0.00818447813721278 0.0241943288493177 0.00856849080315321 0.00853205921249093 0.00283836907313058 0.00705268354608929 0.0177336407164391
"слегка" 0.0132318888521336 0.0122767172058192 0.00483886576986354 0.00571232720210214 0.0170641184249819 0.00425755360969587 0.0023508945153631 0.0236448542885854
"следовало" 0 0.0265995539459415 0.00483886576986354 0.00571232720210214 0 0.00851510721939174 0 0.0177336407164391
"случаях" 0.00992391663910023 0.010230597671516 0 0.00285616360105107 0 0.0141918453656529 0.0117544725768155 0.00591121357214636
"стояли" 0.0264637777042673 0.00818447813721278 0.00483886576986354 0.00285616360105107 0.00853205921249093 0.0113534762925223 0.0023508945153631 0
"твердо" 0.0198478332782005 0.00409223906860639 0.0241943288493177 0.00285616360105107 0.00853205921249093 0.00993429175595703 0.00470178903072619 0
"терпеть" 0.00330797221303341 0.00613835860290958 0.00483886576986354 0 0.0170641184249819 0.0156110299022182 0.0023508945153631 0.0236448542885854
"указывая" 0.0165398610651671 0.00409223906860639 0.0290331946191813 0.0171369816063064 0.0213301480312273 0 0.0023508945153631 0
"ушел" 0.00661594442606682 0.00613835860290958 0.00967773153972709 0.00856849080315321 0.0255961776374728 0.00851510721939174 0 0.0177336407164391
"хорошего" 0.00330797221303341 0.010230597671516 0.0145165973095906 0.00856849080315321 0.0213301480312273 0.00141918453656529 0.00940357806145238 0.0177336407164391
"черные" 0.00661594442606682 0.00818447813721278 0.0387109261589084 0.00571232720210214 0.0127980888187364 0.00283836907313058 0.00940357806145238 0
"de" 0.0198478332782005 0.0204611953430319 0.0193554630794542 0 0.0213301480312273 0 0 0
"адамычу" 0 0 0 0.0685479264252256 0 0 0 0
"антоновича" 0 0.0470607492889735 0 0 0 0 0 0.00591121357214636
"большую" 0.0165398610651671 0.00818447813721278 0.00967773153972709 0.00285616360105107 0.0127980888187364 0.00993429175595703 0.00470178903072619 0
"боюсь" 0.00330797221303341 0.00204611953430319 0.0193554630794542 0.00285616360105107 0.0255961776374728 0.00283836907313058 0.0023508945153631 0.0472897085771709
"будете" 0.00330797221303341 0.0143228367401224 0.0145165973095906 0 0.0170641184249819 0.00283836907313058 0.0023508945153631 0.0354672814328782
"вашу" 0.00661594442606682 0.0204611953430319 0 0.00571232720210214 0.00426602960624547 0.00425755360969587 0.00940357806145238 0.0118224271442927
"володи" 0.0198478332782005 0 0 0 0.0767885329124184 0 0 0
"вследствие" 0 0 0.00483886576986354 0.0114246544042043 0.0170641184249819 0.00567673814626116 0.023508945153631 0.00591121357214636
"высокий" 0.00992391663910023 0.010230597671516 0.00967773153972709 0.00571232720210214 0.0170641184249819 0.00709592268282645 0.00470178903072619 0.00591121357214636
"годов" 0 0.0265995539459415 0 0 0 0.00425755360969587 0.0188071561229048 0
"горлицына" 0 0 0 0 0 0 0.0564214683687143 0
"движение" 0.0198478332782005 0 0.00483886576986354 0.00856849080315321 0.0383942664562092 0.00283836907313058 0.00705268354608929 0
"думает" 0.00661594442606682 0.010230597671516 0 0.0285616360105107 0 0.00567673814626116 0.00470178903072619 0.00591121357214636
"жалко" 0.0430036387694343 0.00204611953430319 0 0 0.00426602960624547 0.00851510721939174 0.00470178903072619 0.00591121357214636
"жила" 0.0132318888521336 0.00818447813721278 0.00483886576986354 0 0.00426602960624547 0.0156110299022182 0.00470178903072619 0.00591121357214636
"жили" 0.00330797221303341 0.0143228367401224 0.00967773153972709 0 0.00426602960624547 0.0156110299022182 0.00470178903072619 0
"звали" 0 0.0184150758087287 0.00483886576986354 0 0.0127980888187364 0.0113534762925223 0.00705268354608929 0
"имение" 0 0.00818447813721278 0.00483886576986354 0 0.00426602960624547 0.0170302144387835 0.0141053670921786 0
"каждого" 0.00992391663910023 0.00409223906860639 0 0.0199931452073575 0.0127980888187364 0.00141918453656529 0.0164562616075417 0.00591121357214636
"конец" 0 0.00818447813721278 0.0145165973095906 0.0114246544042043 0.00853205921249093 0.00709592268282645 0.00940357806145238 0.0118224271442927
"крыльца" 0.00992391663910023 0 0.00967773153972709 0.0142808180052553 0 0.0184493989753488 0.0023508945153631 0
"максима" 0 0 0 0.042842454015766 0 0 0.0211580506382679 0
"месяца" 0.00992391663910023 0.00409223906860639 0.00483886576986354 0.0114246544042043 0.00426602960624547 0.00993429175595703 0.0117544725768155 0.00591121357214636
"милый" 0.0231558054912339 0.00818447813721278 0 0.00285616360105107 0.0383942664562092 0 0.0023508945153631 0.0118224271442927
"отдохнуть" 0.00992391663910023 0.0143228367401224 0.00483886576986354 0.0114246544042043 0.00426602960624547 0.00851510721939174 0.00470178903072619 0
"отношениях" 0.0165398610651671 0.0143228367401224 0 0.00285616360105107 0.00426602960624547 0.00993429175595703 0.00705268354608929 0
"памяти" 0.00661594442606682 0.0122767172058192 0 0.00285616360105107 0 0.0141918453656529 0.00705268354608929 0.0118224271442927
"подобных" 0.00330797221303341 0.010230597671516 0.00483886576986354 0.00571232720210214 0 0.00851510721939174 0.0188071561229048 0.00591121357214636
"поняла" 0.00661594442606682 0.0143228367401224 0.00967773153972709 0.00285616360105107 0.00426602960624547 0.0113534762925223 0.00470178903072619 0.00591121357214636
"пошла" 0.00661594442606682 0.00613835860290958 0.00483886576986354 0.00571232720210214 0.00426602960624547 0.00709592268282645 0.0117544725768155 0.0295560678607318
"приехать" 0.00992391663910023 0.00409223906860639 0.0145165973095906 0 0.0127980888187364 0.0170302144387835 0.0023508945153631 0
"принять" 0.00661594442606682 0.0143228367401224 0.0145165973095906 0.00571232720210214 0.00426602960624547 0.00283836907313058 0.0141053670921786 0.00591121357214636
"прощайте" 0.00330797221303341 0.0225073148773351 0.0483886576986354 0 0 0.00283836907313058 0 0
"разными" 0.00330797221303341 0.00204611953430319 0.00967773153972709 0.00571232720210214 0.00426602960624547 0.0141918453656529 0.0141053670921786 0.00591121357214636
"разом" 0 0.0122767172058192 0.00483886576986354 0.0114246544042043 0 0.00283836907313058 0.0211580506382679 0.0118224271442927
"сделался" 0.00330797221303341 0.00204611953430319 0 0.00285616360105107 0 0.0170302144387835 0.0211580506382679 0
"службе" 0.00330797221303341 0.0122767172058192 0 0 0.00426602960624547 0.00709592268282645 0.0164562616075417 0.0236448542885854
"служить" 0.0165398610651671 0.00204611953430319 0 0.00856849080315321 0.0127980888187364 0.00567673814626116 0.0141053670921786 0.0118224271442927
"слышать" 0.0165398610651671 0.00204611953430319 0 0 0.0213301480312273 0.0113534762925223 0.0117544725768155 0
"старики" 0 0.0143228367401224 0.00483886576986354 0 0 0.0184493989753488 0.0023508945153631 0.0118224271442927
"столе" 0.00661594442606682 0 0.00967773153972709 0.0285616360105107 0.0170641184249819 0.00851510721939174 0 0
"твой" 0.00661594442606682 0.0184150758087287 0.00483886576986354 0 0.00853205921249093 0.00709592268282645 0.00470178903072619 0.0177336407164391
"успела" 0 0.00409223906860639 0.00967773153972709 0.00856849080315321 0.00426602960624547 0.0141918453656529 0.0141053670921786 0
"хозяйки" 0 0.0265995539459415 0.00483886576986354 0.0114246544042043 0 0.00567673814626116 0.0023508945153631 0.00591121357214636
"ярко" 0 0.00613835860290958 0.0193554630794542 0.0114246544042043 0.0127980888187364 0.0127726608290876 0.0023508945153631 0
"александровне" 0 0.0327379125488511 0 0 0 0 0.0164562616075417 0
"алексею" 0 0 0 0 0 0.0326412443410017 0 0
"благодарю" 0.00330797221303341 0.00409223906860639 0.0338720603890448 0.00856849080315321 0.0127980888187364 0.00567673814626116 0.00705268354608929 0
"везде" 0 0.010230597671516 0.0145165973095906 0.00571232720210214 0 0.00567673814626116 0.0188071561229048 0.00591121357214636
"век" 0.0165398610651671 0.010230597671516 0.0145165973095906 0.00285616360105107 0.0127980888187364 0.00567673814626116 0.00470178903072619 0
"восемь" 0.00992391663910023 0.0245534344116383 0.00967773153972709 0.00571232720210214 0.00426602960624547 0.00283836907313058 0 0.00591121357214636
"воспоминания" 0.0330797221303341 0.00204611953430319 0.00483886576986354 0.00285616360105107 0.0127980888187364 0.00851510721939174 0 0.00591121357214636
"всяких" 0 0.00409223906860639 0.00483886576986354 0.0171369816063064 0.00426602960624547 0.0127726608290876 0.00705268354608929 0.00591121357214636
"второй" 0.0132318888521336 0.010230597671516 0 0.00285616360105107 0.0127980888187364 0.00425755360969587 0.00705268354608929 0.0236448542885854
"глубоко" 0.00330797221303341 0.00409223906860639 0.00483886576986354 0.0114246544042043 0 0.0113534762925223 0.0164562616075417 0
"гость" 0 0.0245534344116383 0.00483886576986354 0.0114246544042043 0 0.00425755360969587 0.00705268354608929 0
"дала" 0 0.0143228367401224 0.0145165973095906 0.00285616360105107 0 0.00851510721939174 0.00705268354608929 0.0177336407164391
"дворе" 0.00661594442606682 0 0.00483886576986354 0.0142808180052553 0.00853205921249093 0.00851510721939174 0.0164562616075417 0
"дедушки" 0.00330797221303341 0 0 0 0 0.0298028752678711 0.0023508945153631 0
"дел" 0.0132318888521336 0.0122767172058192 0 0 0 0.00851510721939174 0.0141053670921786 0.00591121357214636
"делом" 0.00330797221303341 0.00818447813721278 0.00483886576986354 0.00856849080315321 0 0.0141918453656529 0.00940357806145238 0
"деревню" 0.00661594442606682 0.00613835860290958 0.0145165973095906 0 0 0.0156110299022182 0.00940357806145238 0
"доволен" 0.00330797221303341 0.00409223906860639 0.00967773153972709 0 0.00853205921249093 0.0212877680484793 0.0023508945153631 0
"доктора" 0.00661594442606682 0.0163689562744256 0 0 0 0.0170302144387835 0.0023508945153631 0
"закурдаева" 0 0 0 0.0656917628241746 0 0 0 0
"знак" 0.00661594442606682 0.00818447813721278 0.0193554630794542 0.00856849080315321 0.00426602960624547 0.00283836907313058 0.0141053670921786 0.00591121357214636
"каждом" 0 0 0.00967773153972709 0.00571232720210214 0.0383942664562092 0.00425755360969587 0.0164562616075417 0
"казался" 0.0198478332782005 0.010230597671516 0.00483886576986354 0.00285616360105107 0.00853205921249093 0.00709592268282645 0.0023508945153631 0.0118224271442927
"карты" 0.00330797221303341 0 0.0338720603890448 0.00571232720210214 0.00426602960624547 0.0156110299022182 0 0.00591121357214636
"мельник" 0.00330797221303341 0 0 0.0599794356220724 0 0.00141918453656529 0 0
"месяцев" 0.00661594442606682 0.00409223906860639 0.00967773153972709 0 0.00853205921249093 0.0141918453656529 0.0117544725768155 0
"милости" 0.00330797221303341 0.00204611953430319 0.0290331946191813 0.00285616360105107 0.00426602960624547 0.0127726608290876 0.00705268354608929 0.00591121357214636
"мыслей" 0.00661594442606682 0.0143228367401224 0 0.00285616360105107 0.0255961776374728 0.00567673814626116 0.00705268354608929 0
"например" 0 0.00409223906860639 0.00967773153972709 0.00571232720210214 0.00426602960624547 0.0127726608290876 0.0117544725768155 0.0118224271442927
"наставника" 0 0.00613835860290958 0 0.0514109448189192 0.00426602960624547 0 0.0023508945153631 0
"наших" 0.00661594442606682 0.0184150758087287 0.00967773153972709 0 0.0213301480312273 0.00283836907313058 0.00705268354608929 0
"нескольких" 0 0.00409223906860639 0.00967773153972709 0.0171369816063064 0.00426602960624547 0.00141918453656529 0.0211580506382679 0.0118224271442927
"павловна" 0 0 0 0 0 0.00283836907313058 0.049368784822625 0
"первые" 0.00992391663910023 0.010230597671516 0 0 0 0.0127726608290876 0.0117544725768155 0.00591121357214636
"петербург" 0.00330797221303341 0.0265995539459415 0.0193554630794542 0 0 0.00283836907313058 0.00705268354608929 0
"пить" 0.00661594442606682 0.00818447813721278 0.00483886576986354 0.0114246544042043 0.00853205921249093 0.00993429175595703 0.00705268354608929 0
"подал" 0.00992391663910023 0.00613835860290958 0.0338720603890448 0.00856849080315321 0.00853205921249093 0.00425755360969587 0.00470178903072619 0
"подумать" 0.00992391663910023 0.010230597671516 0.0241943288493177 0.00571232720210214 0.00426602960624547 0.00851510721939174 0.0023508945153631 0
"пойдет" 0.0132318888521336 0.00409223906860639 0 0.00856849080315321 0.00426602960624547 0.0156110299022182 0.0023508945153631 0.00591121357214636
"пойду" 0.00661594442606682 0.00613835860290958 0.0241943288493177 0.00285616360105107 0.0383942664562092 0.00283836907313058 0 0.00591121357214636
"полно" 0.0132318888521336 0.00204611953430319 0.0193554630794542 0.0199931452073575 0.00426602960624547 0.00425755360969587 0.0023508945153631 0.0118224271442927
"посмотреть" 0.0198478332782005 0 0.00967773153972709 0.0171369816063064 0.00853205921249093 0.00425755360969587 0.00940357806145238 0
"поэтому" 0.0363876943433675 0 0.00483886576986354 0.00571232720210214 0.0213301480312273 0 0.00705268354608929 0.00591121357214636
"приказание" 0.00661594442606682 0.00818447813721278 0.00967773153972709 0.0114246544042043 0 0.00851510721939174 0.0117544725768155 0
"сделали" 0.00330797221303341 0.010230597671516 0.00967773153972709 0.00285616360105107 0.00853205921249093 0.00567673814626116 0.0141053670921786 0.0118224271442927
"семейство" 0 0.0122767172058192 0 0.00285616360105107 0.00853205921249093 0.0170302144387835 0.00470178903072619 0
"семьи" 0 0.00409223906860639 0 0.00285616360105107 0.00426602960624547 0.0255453216581752 0.0023508945153631 0
"сережа" 0.0628514720476348 0 0 0 0.0127980888187364 0.00141918453656529 0 0
"скучно" 0.00992391663910023 0.00818447813721278 0.0435497919287719 0 0.00853205921249093 0.00141918453656529 0.0023508945153631 0.0177336407164391
"следующее" 0.00661594442606682 0.00818447813721278 0 0.00856849080315321 0.00426602960624547 0.0141918453656529 0.00705268354608929 0
"слушал" 0.0165398610651671 0.00613835860290958 0 0.00571232720210214 0.00853205921249093 0.0127726608290876 0.00470178903072619 0
"смеяться" 0.00992391663910023 0.0204611953430319 0.00483886576986354 0.00571232720210214 0.0127980888187364 0.00425755360969587 0 0.00591121357214636
"смотри" 0.00661594442606682 0.00204611953430319 0.0145165973095906 0.00856849080315321 0.00426602960624547 0.00851510721939174 0.0141053670921786 0.00591121357214636
"сна" 0.00330797221303341 0.00409223906860639 0 0.0199931452073575 0.00853205921249093 0.00993429175595703 0.00940357806145238 0
"старику" 0 0.00409223906860639 0.0193554630794542 0.00285616360105107 0 0.0184493989753488 0.00705268354608929 0
"стены" 0.00661594442606682 0.0143228367401224 0.0145165973095906 0.0142808180052553 0 0 0.00940357806145238 0.0118224271442927
"страшно" 0.00992391663910023 0.0122767172058192 0.00483886576986354 0.0142808180052553 0.0170641184249819 0.00141918453656529 0.00705268354608929 0
"супруга" 0 0.0143228367401224 0 0.00856849080315321 0 0.0127726608290876 0.00940357806145238 0
"третий" 0.0132318888521336 0.00409223906860639 0.0145165973095906 0 0 0.0113534762925223 0.0117544725768155 0.00591121357214636
"уфу" 0 0 0 0 0 0.0326412443410017 0 0
"ходит" 0.00992391663910023 0.00818447813721278 0.0193554630794542 0.0114246544042043 0.0127980888187364 0.00425755360969587 0.0023508945153631 0.00591121357214636
"честь" 0.00330797221303341 0.00613835860290958 0.00967773153972709 0.00571232720210214 0 0.00425755360969587 0.0211580506382679 0.0177336407164391
"бедный" 0.00661594442606682 0.0143228367401224 0.00483886576986354 0 0.0170641184249819 0.00283836907313058 0.0141053670921786 0
"бывают" 0.0132318888521336 0.00409223906860639 0.0145165973095906 0.00285616360105107 0.0170641184249819 0.00851510721939174 0.0023508945153631 0.00591121357214636
"велел" 0.00992391663910023 0.00409223906860639 0 0.0142808180052553 0 0.00851510721939174 0.0141053670921786 0
"взяв" 0.0165398610651671 0.00613835860290958 0.0241943288493177 0.00571232720210214 0.0170641184249819 0.00141918453656529 0.0023508945153631 0.00591121357214636
"взяла" 0.00661594442606682 0.00409223906860639 0.0241943288493177 0.00285616360105107 0 0.00851510721939174 0.00705268354608929 0.0177336407164391
"виду" 0.00661594442606682 0.00613835860290958 0.00967773153972709 0.0114246544042043 0 0.00425755360969587 0.00470178903072619 0.0354672814328782
"волнения" 0.00661594442606682 0.00818447813721278 0 0.00285616360105107 0.0298622072437183 0.0113534762925223 0 0
"вопрос" 0.00992391663910023 0.0122767172058192 0.0145165973095906 0.00285616360105107 0.0170641184249819 0.00567673814626116 0.0023508945153631 0
"господа" 0.00330797221303341 0.00818447813721278 0 0 0.00853205921249093 0.00141918453656529 0.0188071561229048 0.0354672814328782
"господи" 0.0231558054912339 0 0.00967773153972709 0.00856849080315321 0.00426602960624547 0.00141918453656529 0.0164562616075417 0.00591121357214636
"дальше" 0.0198478332782005 0.00613835860290958 0.0145165973095906 0.00285616360105107 0.0213301480312273 0.00567673814626116 0 0
"девица" 0.00661594442606682 0.0143228367401224 0.00483886576986354 0.0114246544042043 0 0.00567673814626116 0.00940357806145238 0
"домик" 0 0 0.00967773153972709 0.00856849080315321 0 0.00425755360969587 0.0329125232150833 0
"дочерей" 0.00330797221303341 0.00204611953430319 0 0 0 0.0283836907313058 0 0
"другому" 0.00661594442606682 0.00818447813721278 0.00967773153972709 0.00285616360105107 0.00853205921249093 0.00425755360969587 0.0117544725768155 0.0177336407164391
"жизнью" 0.00330797221303341 0.0245534344116383 0 0.00571232720210214 0 0.00709592268282645 0.00470178903072619 0
"земле" 0.0132318888521336 0.00613835860290958 0 0.0142808180052553 0.00853205921249093 0.00283836907313058 0.00940357806145238 0.0118224271442927
"имея" 0 0.0286456734802447 0 0 0 0.00709592268282645 0.00470178903072619 0.00591121357214636
"история" 0.00661594442606682 0.0184150758087287 0.00483886576986354 0.00285616360105107 0.00853205921249093 0.00709592268282645 0.00470178903072619 0
"какими" 0.00330797221303341 0.0122767172058192 0.00967773153972709 0.00285616360105107 0.00426602960624547 0.0127726608290876 0.0023508945153631 0.00591121357214636
"край" 0.00330797221303341 0.0122767172058192 0 0.00571232720210214 0.00426602960624547 0.00993429175595703 0.00705268354608929 0.0118224271442927
"кругом" 0.0132318888521336 0.00204611953430319 0.00483886576986354 0 0.00426602960624547 0.00851510721939174 0.0188071561229048 0.00591121357214636
"кузьма" 0 0 0.0967773153972709 0 0 0 0.00470178903072619 0
"л" 0.00330797221303341 0 0 0.00285616360105107 0 0.0283836907313058 0 0
"любезный" 0 0.00204611953430319 0.0290331946191813 0.0199931452073575 0.00853205921249093 0.00567673814626116 0 0.0118224271442927
"максимыч" 0 0 0 0.0628355992231235 0 0 0 0
"марье" 0.00661594442606682 0.0368301516174575 0 0.00571232720210214 0 0 0 0
"милая" 0.0297717499173007 0.00818447813721278 0 0 0.0127980888187364 0.00709592268282645 0.0023508945153631 0
"мир" 0 0.0163689562744256 0.00483886576986354 0.00571232720210214 0 0.00567673814626116 0.0117544725768155 0.0118224271442927
"настоящую" 0.00330797221303341 0.0225073148773351 0 0.00285616360105107 0 0.00993429175595703 0.00470178903072619 0
"наше" 0.00330797221303341 0.0143228367401224 0.0145165973095906 0 0.0127980888187364 0.00567673814626116 0.00705268354608929 0.00591121357214636
"нашем" 0.0132318888521336 0.0163689562744256 0.00967773153972709 0.00571232720210214 0.0170641184249819 0.00141918453656529 0 0.00591121357214636
"нашему" 0.0132318888521336 0.00818447813721278 0.00967773153972709 0.0171369816063064 0 0.00425755360969587 0.00705268354608929 0
"обстоятельство" 0.00330797221303341 0.0143228367401224 0.00483886576986354 0.0114246544042043 0.00853205921249093 0.00425755360969587 0.00940357806145238 0
"общество" 0.00661594442606682 0.00409223906860639 0 0.0171369816063064 0.00853205921249093 0.00851510721939174 0.0023508945153631 0.0177336407164391
"ожидать" 0.0132318888521336 0.0122767172058192 0.00483886576986354 0 0 0.0141918453656529 0 0.00591121357214636
"оставаться" 0.00661594442606682 0.00409223906860639 0 0.00285616360105107 0.0213301480312273 0.0113534762925223 0.00940357806145238 0
"отправились" 0.00992391663910023 0 0 0.0114246544042043 0 0.0198685835119141 0.0023508945153631 0
"отчасти" 0 0.0122767172058192 0.00483886576986354 0.0114246544042043 0 0.0113534762925223 0.00705268354608929 0
"пальцами" 0.0231558054912339 0.00409223906860639 0 0.00571232720210214 0.00426602960624547 0.00425755360969587 0.0117544725768155 0.0118224271442927
"плакал" 0.0264637777042673 0.00204611953430319 0 0.00571232720210214 0.0127980888187364 0.0113534762925223 0 0
"плакать" 0.0430036387694343 0.00204611953430319 0 0 0.00426602960624547 0.00425755360969587 0 0.0236448542885854
"плохо" 0 0.010230597671516 0.00483886576986354 0.00571232720210214 0.00426602960624547 0.0156110299022182 0.00470178903072619 0
"подала" 0.0132318888521336 0.00409223906860639 0.0241943288493177 0.00285616360105107 0.00853205921249093 0.00567673814626116 0.00470178903072619 0.0118224271442927
"подошла" 0.0165398610651671 0.00613835860290958 0.0193554630794542 0.0114246544042043 0.0127980888187364 0.00141918453656529 0.0023508945153631 0.00591121357214636
"поле" 0.00992391663910023 0.00204611953430319 0.0145165973095906 0.0114246544042043 0.00853205921249093 0.00993429175595703 0.00470178903072619 0
"полное" 0 0.010230597671516 0.00967773153972709 0.0171369816063064 0 0.0113534762925223 0 0.00591121357214636
"положил" 0.0132318888521336 0.00409223906860639 0.0241943288493177 0.0114246544042043 0.0127980888187364 0.00425755360969587 0.0023508945153631 0
"полюбила" 0 0.00204611953430319 0.00483886576986354 0 0.00426602960624547 0.0212877680484793 0.00705268354608929 0.00591121357214636
"последней" 0.00330797221303341 0.0122767172058192 0.00967773153972709 0.00571232720210214 0.00853205921249093 0.00283836907313058 0.00470178903072619 0.0295560678607318
"предметы" 0.00330797221303341 0.00204611953430319 0.00967773153972709 0.00856849080315321 0.0341282368499637 0.00141918453656529 0.0117544725768155 0.00591121357214636
"принял" 0.00992391663910023 0.00204611953430319 0.00483886576986354 0.0114246544042043 0 0.0113534762925223 0.0117544725768155 0
"пристально" 0.0297717499173007 0 0 0 0.0255961776374728 0.00851510721939174 0.0023508945153631 0
"причины" 0.00992391663910023 0.0122767172058192 0 0 0.00853205921249093 0.0127726608290876 0.0023508945153631 0.00591121357214636
"разговора" 0.00330797221303341 0.0306917930145479 0.00967773153972709 0.00285616360105107 0.0127980888187364 0 0 0
"ребенка" 0.00661594442606682 0.00818447813721278 0.00483886576986354 0.00856849080315321 0 0.00709592268282645 0.0164562616075417 0
"ровно" 0.0132318888521336 0.010230597671516 0.0145165973095906 0.00285616360105107 0.00853205921249093 0.00851510721939174 0 0.00591121357214636
"родителей" 0.00330797221303341 0 0 0.00856849080315321 0 0.0156110299022182 0.00705268354608929 0.0236448542885854
"рот" 0.00661594442606682 0 0.00483886576986354 0.0199931452073575 0.0213301480312273 0.00993429175595703 0 0
"самим" 0.00330797221303341 0.010230597671516 0 0.0228493088084085 0 0.00425755360969587 0.00940357806145238 0.00591121357214636
"слухи" 0 0.0225073148773351 0 0 0 0.0141918453656529 0.0023508945153631 0
"слушать" 0.00992391663910023 0.010230597671516 0.00483886576986354 0 0.00426602960624547 0.0156110299022182 0.0023508945153631 0
"смеясь" 0 0.0122767172058192 0.0483886576986354 0.00571232720210214 0 0.00283836907313058 0.0023508945153631 0.00591121357214636
"степанычу" 0 0 0 0 0 0.0312220598044364 0 0
"сто" 0.00330797221303341 0.0143228367401224 0 0.00285616360105107 0 0.00567673814626116 0.0141053670921786 0.0177336407164391
"сударь" 0 0 0.0338720603890448 0.00571232720210214 0.00426602960624547 0 0.0188071561229048 0.0236448542885854
"схватил" 0.00992391663910023 0.00613835860290958 0.00483886576986354 0.00571232720210214 0.0255961776374728 0.00425755360969587 0.00705268354608929 0.00591121357214636
"танцовать" 0.00992391663910023 0.00818447813721278 0 0 0 0 0 0.0886682035821954
"твоей" 0.00661594442606682 0.0184150758087287 0.0193554630794542 0.00571232720210214 0 0.00425755360969587 0.00470178903072619 0
"тени" 0.0165398610651671 0.00613835860290958 0.00967773153972709 0.00285616360105107 0.0127980888187364 0.00993429175595703 0.0023508945153631 0
"улыбаясь" 0.0297717499173007 0.00818447813721278 0.00483886576986354 0.0142808180052553 0.00426602960624547 0.00283836907313058 0 0
"учитель" 0.00992391663910023 0 0 0.00571232720210214 0.0682564736999275 0 0.0023508945153631 0
"уши" 0.0132318888521336 0.00204611953430319 0 0.00856849080315321 0.00853205921249093 0.00709592268282645 0.0117544725768155 0.0118224271442927
"ушла" 0 0.00409223906860639 0.0241943288493177 0.00571232720210214 0 0.00851510721939174 0 0.0413784950050245
"фамилии" 0 0.0245534344116383 0.00967773153972709 0 0 0.00567673814626116 0.00940357806145238 0
"холодно" 0.0132318888521336 0.0184150758087287 0.00967773153972709 0.00285616360105107 0 0.00709592268282645 0 0.00591121357214636
"хорошенько" 0.00661594442606682 0.00818447813721278 0.0193554630794542 0.00571232720210214 0.00853205921249093 0.00709592268282645 0.00470178903072619 0.00591121357214636
"часу" 0.00661594442606682 0.0122767172058192 0 0.00285616360105107 0 0.0184493989753488 0 0
"чести" 0 0.00613835860290958 0.0241943288493177 0.00285616360105107 0 0.00141918453656529 0.023508945153631 0.0118224271442927
"числе" 0.0165398610651671 0 0 0.00285616360105107 0 0.00993429175595703 0.0188071561229048 0.00591121357214636
"шли" 0.00661594442606682 0.0204611953430319 0.00483886576986354 0.00571232720210214 0.00426602960624547 0.00567673814626116 0.00470178903072619 0
"экипаж" 0.00330797221303341 0.00613835860290958 0.00967773153972709 0.00571232720210214 0.00853205921249093 0.00567673814626116 0.0188071561229048 0
"la" 0.00992391663910023 0.0184150758087287 0.0193554630794542 0 0.0213301480312273 0 0.0023508945153631 0
"алешка" 0 0 0 0.0599794356220724 0 0 0 0
"благодаря" 0.0132318888521336 0.0163689562744256 0.00967773153972709 0 0 0.00709592268282645 0 0.0118224271442927
"брови" 0.0132318888521336 0.00204611953430319 0 0.00856849080315321 0.0127980888187364 0.00993429175595703 0.00705268354608929 0
"вещей" 0.00661594442606682 0.0122767172058192 0.00483886576986354 0.00285616360105107 0.00853205921249093 0.00425755360969587 0.00470178903072619 0.0236448542885854
"взглянула" 0.0231558054912339 0.00818447813721278 0.0193554630794542 0 0 0.00567673814626116 0.00470178903072619 0
"вина" 0.00330797221303341 0.00204611953430319 0 0.00285616360105107 0 0.0212877680484793 0.00705268354608929 0
"виноват" 0 0.00613835860290958 0.00967773153972709 0.00285616360105107 0.0127980888187364 0.0113534762925223 0.00705268354608929 0.00591121357214636
"владиславу" 0 0.0429685102203671 0 0 0 0 0 0
"влиянием" 0.00992391663910023 0.00613835860290958 0 0.00856849080315321 0.0469263256687001 0.00141918453656529 0 0
"вниманием" 0.00661594442606682 0.00613835860290958 0 0.00571232720210214 0.00853205921249093 0.00993429175595703 0.0023508945153631 0.0236448542885854
"воображение" 0.0231558054912339 0 0.00483886576986354 0 0.0170641184249819 0.00567673814626116 0.0023508945153631 0.0236448542885854
"впечатление" 0.00992391663910023 0.00613835860290958 0 0.0142808180052553 0 0.00851510721939174 0.00470178903072619 0.0118224271442927
"говорите" 0.00661594442606682 0.0163689562744256 0.00967773153972709 0.00285616360105107 0.0127980888187364 0 0.0023508945153631 0.0236448542885854
"григорий" 0 0.0388762711517607 0.00483886576986354 0 0 0.00141918453656529 0 0
"дает" 0.00330797221303341 0.00613835860290958 0.0145165973095906 0 0.0127980888187364 0.00709592268282645 0.0117544725768155 0.00591121357214636
"дали" 0.00330797221303341 0.00818447813721278 0.0145165973095906 0.00571232720210214 0 0.0113534762925223 0.00470178903072619 0.00591121357214636
"даром" 0.00330797221303341 0 0 0.00856849080315321 0.00426602960624547 0.0127726608290876 0.0117544725768155 0.0118224271442927
"двадцати" 0 0.00818447813721278 0 0 0 0.0141918453656529 0.0164562616075417 0
"дверью" 0.0198478332782005 0.00204611953430319 0.00483886576986354 0.0114246544042043 0.0298622072437183 0.00283836907313058 0 0
"делу" 0 0.00613835860290958 0.00483886576986354 0 0 0.0156110299022182 0.0117544725768155 0.00591121357214636
"держал" 0.0165398610651671 0.00613835860290958 0 0.0114246544042043 0.00853205921249093 0.00425755360969587 0.00940357806145238 0
"долг" 0 0.00409223906860639 0 0.00571232720210214 0 0.00709592268282645 0.0258598396689941 0.00591121357214636
"дорога" 0.00992391663910023 0.00613835860290958 0.00483886576986354 0.0114246544042043 0.00853205921249093 0.00851510721939174 0.00470178903072619 0
"дорогу" 0.0165398610651671 0.00204611953430319 0.00483886576986354 0.00285616360105107 0.0170641184249819 0.00709592268282645 0.00470178903072619 0.0118224271442927
"желнобобов" 0 0 0 0.0599794356220724 0 0 0 0
"женского" 0.00661594442606682 0.010230597671516 0.00967773153972709 0.0142808180052553 0.00426602960624547 0.00141918453656529 0 0.0295560678607318
"занимался" 0.00330797221303341 0.00409223906860639 0 0.0114246544042043 0.0127980888187364 0.00709592268282645 0.0141053670921786 0
"звуки" 0.0231558054912339 0.00204611953430319 0.0145165973095906 0.00285616360105107 0.0298622072437183 0 0.0023508945153631 0.00591121357214636
"здоровья" 0.00330797221303341 0.00409223906860639 0 0.0114246544042043 0 0.0184493989753488 0 0.00591121357214636
"ивана" 0 0 0 0 0.00426602960624547 0.00851510721939174 0.00705268354608929 0.06502334929361
"ими" 0.0165398610651671 0.00409223906860639 0.00483886576986354 0.00571232720210214 0.00426602960624547 0.00709592268282645 0.00470178903072619 0.0177336407164391
"калмык" 0 0 0 0 0 0.0298028752678711 0 0
"куролесова" 0 0 0 0 0 0.0298028752678711 0 0
"любимой" 0.00661594442606682 0.0143228367401224 0 0 0.0127980888187364 0.00709592268282645 0.00940357806145238 0
"матерью" 0.00661594442606682 0 0 0 0 0.0127726608290876 0.023508945153631 0
"мнению" 0.00330797221303341 0.0122767172058192 0 0.00285616360105107 0.0170641184249819 0.0127726608290876 0 0
"настоящее" 0.00661594442606682 0.010230597671516 0.00483886576986354 0.00285616360105107 0.00853205921249093 0.0127726608290876 0.0023508945153631 0
"настоящий" 0 0.0143228367401224 0 0.0142808180052553 0.00426602960624547 0.00141918453656529 0.0141053670921786 0.00591121357214636
"начало" 0.00330797221303341 0.00613835860290958 0.00483886576986354 0.0114246544042043 0.0170641184249819 0.00425755360969587 0.00705268354608929 0.0118224271442927
"невозможно" 0.00661594442606682 0.00613835860290958 0.00483886576986354 0.00571232720210214 0.0127980888187364 0.00993429175595703 0.00470178903072619 0.00591121357214636
"недели" 0 0.010230597671516 0 0.00285616360105107 0 0.0113534762925223 0.0141053670921786 0.00591121357214636
"отношения" 0 0.0163689562744256 0.00483886576986354 0.00571232720210214 0.0170641184249819 0.00709592268282645 0.0023508945153631 0
"папенька" 0 0.00409223906860639 0 0.00571232720210214 0.0682564736999275 0 0 0.00591121357214636
"передать" 0.0231558054912339 0.00818447813721278 0.00483886576986354 0.00571232720210214 0.00426602960624547 0.00709592268282645 0.0023508945153631 0
"переднюю" 0.00992391663910023 0.00409223906860639 0.0193554630794542 0.0142808180052553 0.00426602960624547 0.00283836907313058 0.00940357806145238 0
"песни" 0.00330797221303341 0 0.00967773153972709 0.00571232720210214 0.0127980888187364 0.0156110299022182 0.00470178903072619 0
"петровича" 0.00330797221303341 0 0 0.042842454015766 0 0.00567673814626116 0.0023508945153631 0
"платком" 0.0198478332782005 0.00204611953430319 0.0193554630794542 0.00285616360105107 0.00853205921249093 0.00425755360969587 0.0023508945153631 0.0177336407164391
"повторил" 0.0132318888521336 0.00613835860290958 0.00967773153972709 0.0142808180052553 0.0127980888187364 0.00141918453656529 0.00705268354608929 0
"показались" 0.00992391663910023 0.00818447813721278 0.00967773153972709 0 0.00853205921249093 0.0113534762925223 0.0023508945153631 0.00591121357214636
"помощью" 0.00661594442606682 0.00409223906860639 0.00483886576986354 0 0 0.0141918453656529 0.0117544725768155 0.00591121357214636
"путь" 0 0.0143228367401224 0.00483886576986354 0.00856849080315321 0 0.00709592268282645 0.0117544725768155 0
"ребенок" 0.00661594442606682 0.010230597671516 0.0193554630794542 0.0114246544042043 0.00426602960624547 0.00567673814626116 0.0023508945153631 0
"роде" 0.00992391663910023 0.0204611953430319 0 0.00285616360105107 0.00426602960624547 0.00567673814626116 0.00470178903072619 0
"родной" 0 0.00818447813721278 0.00483886576986354 0.00285616360105107 0 0.0141918453656529 0.00940357806145238 0.00591121357214636
"самовар" 0.00330797221303341 0 0.00967773153972709 0.0142808180052553 0.00853205921249093 0.0113534762925223 0.00705268354608929 0
"связи" 0.00661594442606682 0.0163689562744256 0 0.00285616360105107 0 0.00283836907313058 0.0164562616075417 0.00591121357214636
"сделалось" 0.0132318888521336 0.00613835860290958 0.00967773153972709 0.00856849080315321 0.00426602960624547 0.00709592268282645 0.00705268354608929 0
"семействе" 0 0.00204611953430319 0 0 0.00426602960624547 0.0156110299022182 0.0188071561229048 0
"сидит" 0.0198478332782005 0.00204611953430319 0 0.00571232720210214 0.0170641184249819 0.00567673814626116 0.0023508945153631 0.0177336407164391
"силой" 0.0132318888521336 0.00409223906860639 0.0241943288493177 0.00285616360105107 0.0127980888187364 0.00567673814626116 0.00470178903072619 0
"сильнее" 0.0165398610651671 0.00818447813721278 0.00483886576986354 0.0114246544042043 0 0.00283836907313058 0.00940357806145238 0.00591121357214636
"скажи" 0.00661594442606682 0 0.0387109261589084 0.0114246544042043 0.00426602960624547 0.00141918453656529 0.00705268354608929 0.0118224271442927
"сказали" 0.00330797221303341 0.00818447813721278 0.00967773153972709 0.00856849080315321 0.0127980888187364 0.00425755360969587 0.00705268354608929 0.0118224271442927
"слава" 0.00330797221303341 0.00818447813721278 0.00483886576986354 0.00285616360105107 0.00853205921249093 0.0127726608290876 0.0023508945153631 0.0118224271442927
"сне" 0.0231558054912339 0.00613835860290958 0 0.00285616360105107 0 0.00425755360969587 0.0164562616075417 0
"сосед" 0 0.00204611953430319 0.0338720603890448 0 0 0.00141918453656529 0.0282107341843571 0
"спит" 0.00330797221303341 0.00204611953430319 0 0.0142808180052553 0.00426602960624547 0.00851510721939174 0.0164562616075417 0
"спросить" 0.00661594442606682 0.00818447813721278 0.00967773153972709 0.0114246544042043 0.00426602960624547 0.00425755360969587 0.00705268354608929 0.0118224271442927
"старалась" 0.0132318888521336 0.00409223906860639 0 0 0 0.0127726608290876 0.0117544725768155 0.00591121357214636
"старые" 0.00330797221303341 0.0225073148773351 0.00483886576986354 0.00285616360105107 0 0.00283836907313058 0.00470178903072619 0.0177336407164391
"стороне" 0.00992391663910023 0.010230597671516 0 0.00856849080315321 0.00853205921249093 0.00709592268282645 0.00705268354608929 0
"судьба" 0.00330797221303341 0.00818447813721278 0.00483886576986354 0.00571232720210214 0.0127980888187364 0.00851510721939174 0.00470178903072619 0.0118224271442927
"счастие" 0.0132318888521336 0.00204611953430319 0 0 0.00853205921249093 0.00851510721939174 0.00940357806145238 0.0236448542885854
"темно" 0.0165398610651671 0.00204611953430319 0.00967773153972709 0.0142808180052553 0.00853205921249093 0.00567673814626116 0.00470178903072619 0
"уважения" 0 0.00613835860290958 0 0.00571232720210214 0.0170641184249819 0.00425755360969587 0.0141053670921786 0.0177336407164391
"угол" 0.0198478332782005 0 0.0145165973095906 0.00571232720210214 0.0127980888187364 0.00567673814626116 0.00470178903072619 0.00591121357214636
"улыбнулся" 0.00330797221303341 0.00409223906860639 0.00967773153972709 0.0171369816063064 0.0127980888187364 0.00567673814626116 0.00705268354608929 0
"умереть" 0.00330797221303341 0.00613835860290958 0.00967773153972709 0.00285616360105107 0.0127980888187364 0.00851510721939174 0.00705268354608929 0.0118224271442927
"хотели" 0.0132318888521336 0.00613835860290958 0.00483886576986354 0.0114246544042043 0 0.00567673814626116 0.00940357806145238 0.00591121357214636
"хочется" 0.0132318888521336 0.00409223906860639 0.0193554630794542 0.0171369816063064 0.00853205921249093 0.00425755360969587 0 0
"чувствую" 0.00992391663910023 0.0143228367401224 0 0 0.0298622072437183 0.00141918453656529 0 0.0177336407164391
"багрово" 0 0 0 0 0 0.0283836907313058 0 0
"больной" 0.00330797221303341 0.00613835860290958 0 0 0 0.0212877680484793 0.0023508945153631 0
"бросилась" 0.00330797221303341 0.00204611953430319 0.0145165973095906 0.00571232720210214 0.00426602960624547 0.0113534762925223 0.0023508945153631 0.0177336407164391
"будь" 0.00992391663910023 0.00613835860290958 0.0290331946191813 0.00285616360105107 0.00426602960624547 0 0.0141053670921786 0
"гостями" 0.00330797221303341 0.0163689562744256 0.00967773153972709 0.00856849080315321 0.00426602960624547 0.00567673814626116 0 0.00591121357214636
"дайте" 0 0.0143228367401224 0.0290331946191813 0.00571232720210214 0.0127980888187364 0 0.0023508945153631 0.00591121357214636
"девицы" 0.00330797221303341 0.00613835860290958 0 0.0199931452073575 0 0.00141918453656529 0.0117544725768155 0.0177336407164391
"делает" 0.00330797221303341 0.00409223906860639 0.00483886576986354 0.00571232720210214 0.0213301480312273 0.00425755360969587 0.00940357806145238 0.0118224271442927
"диване" 0 0.00409223906860639 0.0241943288493177 0.0199931452073575 0.00426602960624547 0 0.0023508945153631 0.0236448542885854
"добрая" 0 0.00409223906860639 0 0.00285616360105107 0.00853205921249093 0.00567673814626116 0.0117544725768155 0.0354672814328782
"ждать" 0.00330797221303341 0.0184150758087287 0.0145165973095906 0.00571232720210214 0 0.00283836907313058 0.00705268354608929 0
"живо" 0.0165398610651671 0.00613835860290958 0.00483886576986354 0.00285616360105107 0.0170641184249819 0.00851510721939174 0 0
"катерина" 0 0 0 0 0 0.0198685835119141 0.0117544725768155 0.00591121357214636
"кати" 0 0 0 0 0 0 0.0470178903072619 0
"красоты" 0.0165398610651671 0.00613835860290958 0.00483886576986354 0.00285616360105107 0.00426602960624547 0.00709592268282645 0.00705268354608929 0.00591121357214636
"кресло" 0.0264637777042673 0.0143228367401224 0.00483886576986354 0.00571232720210214 0.00426602960624547 0.00141918453656529 0 0
"маша" 0 0.00409223906860639 0 0 0.0767885329124184 0 0 0
"медленно" 0.0165398610651671 0.00409223906860639 0.0145165973095906 0.0114246544042043 0.0127980888187364 0.00283836907313058 0 0.00591121357214636
"минхен" 0 0 0 0.0571232720210214 0 0 0 0
"михаила" 0 0 0 0 0 0.0283836907313058 0 0
"молодую" 0 0.00818447813721278 0.00483886576986354 0 0 0.0156110299022182 0.00940357806145238 0
"молчал" 0.00992391663910023 0 0 0.00285616360105107 0.0341282368499637 0.00425755360969587 0.0117544725768155 0
"намерение" 0 0.00613835860290958 0 0.00571232720210214 0 0.0170302144387835 0.00705268354608929 0
"наружности" 0.00992391663910023 0.00409223906860639 0 0.00285616360105107 0.00426602960624547 0.0113534762925223 0.0117544725768155 0
"невестке" 0 0 0 0 0 0.0255453216581752 0.00470178903072619 0
"нежно" 0.00661594442606682 0 0.00967773153972709 0.0171369816063064 0.00426602960624547 0.00283836907313058 0.00940357806145238 0.0177336407164391
"немножко" 0.00330797221303341 0.00409223906860639 0.0338720603890448 0.00571232720210214 0 0.00425755360969587 0 0.0295560678607318
"нередко" 0 0 0.00483886576986354 0.00285616360105107 0 0.0156110299022182 0.0141053670921786 0.00591121357214636
"николая" 0.00992391663910023 0 0 0 0.0127980888187364 0.0198685835119141 0 0
"новой" 0.00992391663910023 0.0163689562744256 0.00967773153972709 0 0.0127980888187364 0.00567673814626116 0 0
"новых" 0 0.0122767172058192 0 0.00285616360105107 0.00426602960624547 0.00851510721939174 0.00940357806145238 0.0118224271442927
"однажды" 0 0 0.00967773153972709 0.00571232720210214 0.00426602960624547 0.00567673814626116 0.0141053670921786 0.0295560678607318
"остается" 0.0165398610651671 0.00818447813721278 0 0 0.0298622072437183 0.00283836907313058 0 0.0118224271442927
"осталась" 0 0.00613835860290958 0.0290331946191813 0 0.00426602960624547 0.00709592268282645 0.00940357806145238 0.00591121357214636
"отлетаев" 0 0 0.0967773153972709 0 0 0 0 0
"оттуда" 0.0132318888521336 0.00204611953430319 0.00483886576986354 0.0171369816063064 0.00853205921249093 0.00425755360969587 0.00470178903072619 0.00591121357214636
"павильона" 0 0.0409223906860639 0 0 0 0 0 0
"петербурга" 0 0.0245534344116383 0.00967773153972709 0 0 0.00141918453656529 0.0117544725768155 0
"пользу" 0.00992391663910023 0.00204611953430319 0.00483886576986354 0.00285616360105107 0.00426602960624547 0.00709592268282645 0.0141053670921786 0.0118224271442927
"почтенный" 0.00330797221303341 0.00613835860290958 0.00483886576986354 0.042842454015766 0 0 0 0
"прав" 0.00330797221303341 0.010230597671516 0 0 0.00426602960624547 0.00709592268282645 0.0117544725768155 0.0177336407164391
"прелесть" 0.0165398610651671 0.00818447813721278 0.0193554630794542 0.00285616360105107 0.00426602960624547 0.00283836907313058 0 0.0177336407164391
"привязанности" 0.00661594442606682 0.0143228367401224 0.00483886576986354 0.0142808180052553 0.00853205921249093 0.00283836907313058 0.0023508945153631 0
"приезда" 0.00330797221303341 0.0225073148773351 0 0 0 0.00851510721939174 0.00470178903072619 0
"продолжение" 0.00330797221303341 0 0.00967773153972709 0.00285616360105107 0.0170641184249819 0.0156110299022182 0.0023508945153631 0
"происходило" 0.00661594442606682 0.00613835860290958 0 0 0 0.0184493989753488 0.00470178903072619 0
"проснулся" 0.00330797221303341 0.00204611953430319 0 0.00285616360105107 0.0127980888187364 0.0184493989753488 0.0023508945153631 0
"реку" 0 0.00204611953430319 0 0.00285616360105107 0 0.0141918453656529 0.0188071561229048 0
"светом" 0 0.0143228367401224 0 0.00571232720210214 0.0170641184249819 0.00141918453656529 0.00470178903072619 0.0236448542885854
"стараясь" 0.0264637777042673 0 0.00483886576986354 0.00856849080315321 0.0170641184249819 0.00425755360969587 0.0023508945153631 0
"столь" 0.00661594442606682 0.00204611953430319 0.00483886576986354 0.0114246544042043 0.0127980888187364 0.00709592268282645 0.0023508945153631 0.0177336407164391
"углу" 0.00992391663910023 0 0.00967773153972709 0.0285616360105107 0.00426602960624547 0.00425755360969587 0 0.00591121357214636
"ужина" 0.00661594442606682 0.00409223906860639 0 0.00571232720210214 0.00426602960624547 0.0170302144387835 0 0.00591121357214636
"умерла" 0.00661594442606682 0.00409223906860639 0.00967773153972709 0.00285616360105107 0.0127980888187364 0.0113534762925223 0.0023508945153631 0.00591121357214636
"федорыч" 0 0 0 0 0 0.0283836907313058 0 0
"ходил" 0.00330797221303341 0.00818447813721278 0.00967773153972709 0.00856849080315321 0.00853205921249093 0.00425755360969587 0.0117544725768155 0
"читал" 0.0165398610651671 0.010230597671516 0 0 0.0127980888187364 0.00567673814626116 0.00705268354608929 0
"чувств" 0.00661594442606682 0.010230597671516 0 0.0199931452073575 0 0.00567673814626116 0.00470178903072619 0
"штромменберг" 0 0.0409223906860639 0 0 0 0 0 0
"i" 0.00330797221303341 0.00818447813721278 0.00483886576986354 0.00285616360105107 0.00426602960624547 0.00567673814626116 0.00940357806145238 0.0236448542885854
"ich" 0.00661594442606682 0 0 0.00571232720210214 0.0682564736999275 0 0 0
"n" 0.00330797221303341 0.00204611953430319 0.00967773153972709 0 0 0.0170302144387835 0.00940357806145238 0
"und" 0 0 0 0.00571232720210214 0.0767885329124184 0 0 0
"александрина" 0 0 0 0.0542671084199703 0 0 0 0
"большое" 0.0165398610651671 0 0.0241943288493177 0 0.0170641184249819 0.00425755360969587 0.00470178903072619 0
"бывал" 0 0.00409223906860639 0.00483886576986354 0.00856849080315321 0 0.0156110299022182 0.00470178903072619 0
"вдовы" 0 0 0 0.0542671084199703 0 0 0 0
"влияние" 0.00661594442606682 0.0184150758087287 0 0.00285616360105107 0.0170641184249819 0.00141918453656529 0.00470178903072619 0
"встала" 0.00992391663910023 0.00818447813721278 0.0145165973095906 0 0 0.0113534762925223 0.0023508945153631 0
"вынул" 0.00330797221303341 0.00409223906860639 0.00967773153972709 0.0285616360105107 0.00426602960624547 0 0.00705268354608929 0
"высокой" 0.00661594442606682 0.00613835860290958 0.00967773153972709 0.00571232720210214 0.00853205921249093 0.00567673814626116 0.00705268354608929 0.00591121357214636
"глядел" 0 0.0184150758087287 0 0.0114246544042043 0.00426602960624547 0.00425755360969587 0.00470178903072619 0
"годы" 0 0.0286456734802447 0 0 0 0.00425755360969587 0.00470178903072619 0
"делах" 0 0.0184150758087287 0 0.00571232720210214 0.00426602960624547 0 0.0117544725768155 0.0118224271442927
"детьми" 0.0264637777042673 0.00409223906860639 0 0.00285616360105107 0 0.00709592268282645 0.00705268354608929 0
"добрые" 0 0.00613835860290958 0 0 0.00426602960624547 0.0156110299022182 0.00940357806145238 0
"добрым" 0.0165398610651671 0.010230597671516 0 0 0.00426602960624547 0.00283836907313058 0.0141053670921786 0
"дух" 0 0.00818447813721278 0.00967773153972709 0.00571232720210214 0.00426602960624547 0.00851510721939174 0.0023508945153631 0.0177336407164391
"жениться" 0 0 0.00967773153972709 0 0.00853205921249093 0.0184493989753488 0 0.0118224271442927
"женщине" 0 0.0184150758087287 0.0193554630794542 0.00285616360105107 0 0.00283836907313058 0.00470178903072619 0.00591121357214636
"житье" 0 0 0 0.00571232720210214 0.00426602960624547 0.0141918453656529 0.0117544725768155 0.00591121357214636
"замечал" 0.00330797221303341 0.00204611953430319 0.00483886576986354 0.00285616360105107 0.0127980888187364 0.0113534762925223 0.00940357806145238 0
"зубы" 0.00330797221303341 0.00204611953430319 0.00483886576986354 0.0342739632126128 0.00426602960624547 0.00283836907313058 0.0023508945153631 0
"игнатьич" 0 0 0 0.0542671084199703 0 0 0 0
"извините" 0.00661594442606682 0.00613835860290958 0.0338720603890448 0.00856849080315321 0 0 0.00470178903072619 0.0118224271442927
"искусно" 0.00661594442606682 0.00409223906860639 0.00967773153972709 0 0 0.00851510721939174 0.00705268354608929 0.0236448542885854
"картины" 0.00330797221303341 0.0204611953430319 0 0.00285616360105107 0 0.00425755360969587 0.00705268354608929 0.00591121357214636
"князь" 0.0396956665564009 0 0.00483886576986354 0 0.00853205921249093 0 0.00705268354608929 0.00591121357214636
"конца" 0.00661594442606682 0.00204611953430319 0 0.0171369816063064 0.00426602960624547 0.00141918453656529 0.0141053670921786 0.0118224271442927
"корнет" 0.00330797221303341 0 0.0870995838575438 0 0 0 0 0
"края" 0.00330797221303341 0.00818447813721278 0 0.00285616360105107 0.0170641184249819 0.0113534762925223 0.0023508945153631 0
"крестьяне" 0 0 0 0 0 0.0241261371216099 0.00470178903072619 0
"кусок" 0.00992391663910023 0.00204611953430319 0.00483886576986354 0.0257054724094596 0.00426602960624547 0.00141918453656529 0.00705268354608929 0
"ларивон" 0 0 0 0 0 0 0.0446669957918988 0
"леса" 0.00661594442606682 0.00818447813721278 0 0 0.00426602960624547 0.0156110299022182 0.0023508945153631 0
"лесу" 0.0165398610651671 0.00613835860290958 0.00967773153972709 0.00856849080315321 0 0.00141918453656529 0.0117544725768155 0
"любишь" 0.00330797221303341 0.00204611953430319 0.0290331946191813 0 0.00853205921249093 0.00425755360969587 0.00705268354608929 0.0177336407164391
"малейшего" 0.00330797221303341 0.00409223906860639 0 0.0142808180052553 0.0255961776374728 0.00425755360969587 0.00470178903072619 0
"находилась" 0 0.00818447813721278 0 0.00285616360105107 0 0.0156110299022182 0.00470178903072619 0.00591121357214636
"невесте" 0 0.0163689562744256 0.00483886576986354 0 0 0.0127726608290876 0.0023508945153631 0
"невесту" 0 0.0184150758087287 0 0 0 0.0113534762925223 0.00470178903072619 0
"неизвестно" 0 0.00613835860290958 0 0.0142808180052553 0.00426602960624547 0.00567673814626116 0.0141053670921786 0
"необходимо" 0.0132318888521336 0.00818447813721278 0.00483886576986354 0 0 0.00993429175595703 0.00705268354608929 0
"неожиданно" 0.00661594442606682 0.00204611953430319 0.00967773153972709 0.0142808180052553 0 0.00993429175595703 0.0023508945153631 0.00591121357214636
"нечаянно" 0.00330797221303341 0.00204611953430319 0 0.0114246544042043 0.0170641184249819 0.00283836907313058 0.00705268354608929 0.0236448542885854
"новым" 0 0.00613835860290958 0.00483886576986354 0.00856849080315321 0.00426602960624547 0.00709592268282645 0.00940357806145238 0.0118224271442927
"нравится" 0.00661594442606682 0.00613835860290958 0.00483886576986354 0.0114246544042043 0.00426602960624547 0.00141918453656529 0.00470178903072619 0.0295560678607318
"обедать" 0 0.0143228367401224 0.0145165973095906 0.00571232720210214 0.0127980888187364 0.00425755360969587 0.0023508945153631 0
"остановилась" 0.0165398610651671 0.00818447813721278 0.00967773153972709 0.0142808180052553 0 0.00141918453656529 0.00470178903072619 0
"отдать" 0.00661594442606682 0.00409223906860639 0.0193554630794542 0.00285616360105107 0.00426602960624547 0.00141918453656529 0.0141053670921786 0.0118224271442927
"отношении" 0.0165398610651671 0.0143228367401224 0 0 0.00853205921249093 0.00283836907313058 0 0.0177336407164391
"охотно" 0.00330797221303341 0.00818447813721278 0 0 0 0.0156110299022182 0.00470178903072619 0.00591121357214636
"память" 0.00330797221303341 0.010230597671516 0.00483886576986354 0.00571232720210214 0.00426602960624547 0.00425755360969587 0.0141053670921786 0
"побежал" 0.0165398610651671 0.00409223906860639 0 0.00285616360105107 0.00853205921249093 0.00851510721939174 0.00470178903072619 0.00591121357214636
"подавая" 0.00992391663910023 0 0.053227523468499 0.00856849080315321 0.00853205921249093 0 0 0
"подарок" 0.0165398610651671 0.00204611953430319 0.0193554630794542 0 0.00853205921249093 0.00567673814626116 0.00470178903072619 0.00591121357214636
"поди" 0.00330797221303341 0 0.0241943288493177 0.0114246544042043 0.00853205921249093 0.00567673814626116 0.0023508945153631 0.0118224271442927
"показалось" 0 0.00818447813721278 0.0145165973095906 0.00571232720210214 0.0255961776374728 0.00141918453656529 0.00470178903072619 0.00591121357214636
"половине" 0.00330797221303341 0.0143228367401224 0.00967773153972709 0.00285616360105107 0.0170641184249819 0.00141918453656529 0.00470178903072619 0.00591121357214636
"поля" 0.00330797221303341 0.0122767172058192 0 0.00285616360105107 0 0.00851510721939174 0.0117544725768155 0
"понемногу" 0.00661594442606682 0 0.00967773153972709 0.0142808180052553 0.00853205921249093 0.00709592268282645 0.00705268354608929 0
"пору" 0 0.0122767172058192 0 0.00856849080315321 0.00853205921249093 0.00425755360969587 0.00705268354608929 0.0118224271442927
"последние" 0.00992391663910023 0.00204611953430319 0 0.00285616360105107 0.00426602960624547 0.0141918453656529 0.00470178903072619 0.00591121357214636
"поспешил" 0.00330797221303341 0.00613835860290958 0.0193554630794542 0.00856849080315321 0.00426602960624547 0.00851510721939174 0 0.00591121357214636
"постой" 0 0.00204611953430319 0.0193554630794542 0.0371301268136639 0 0 0 0.00591121357214636
"почувствовал" 0.0165398610651671 0.0122767172058192 0.00483886576986354 0.00571232720210214 0.0127980888187364 0.00283836907313058 0 0
"приняла" 0.00992391663910023 0.00409223906860639 0 0 0 0.0127726608290876 0.00940357806145238 0.00591121357214636
"роль" 0.00330797221303341 0.0122767172058192 0.0145165973095906 0.00571232720210214 0.00853205921249093 0.00141918453656529 0.00470178903072619 0.0118224271442927
"русский" 0 0.00613835860290958 0.00967773153972709 0.00285616360105107 0 0.00709592268282645 0.0188071561229048 0
"свадьбы" 0 0.00613835860290958 0 0 0 0.0184493989753488 0.00705268354608929 0
"сердцем" 0.00330797221303341 0.00409223906860639 0.00483886576986354 0.0114246544042043 0 0.00283836907313058 0.0141053670921786 0.0177336407164391
"сидя" 0.0165398610651671 0.010230597671516 0.00483886576986354 0.00856849080315321 0.00426602960624547 0.00283836907313058 0.0023508945153631 0.00591121357214636
"сказав" 0.00330797221303341 0 0.0241943288493177 0.00571232720210214 0.00426602960624547 0.00851510721939174 0.00705268354608929 0.00591121357214636
"сомнения" 0.00330797221303341 0.010230597671516 0.00483886576986354 0.00571232720210214 0.00853205921249093 0.00851510721939174 0 0.0118224271442927
"станет" 0.00661594442606682 0.00409223906860639 0.00483886576986354 0.00285616360105107 0.00426602960624547 0.00851510721939174 0.0141053670921786 0
"стану" 0 0.0122767172058192 0.00483886576986354 0 0.00426602960624547 0.0127726608290876 0 0.0118224271442927
"старости" 0.00330797221303341 0.0122767172058192 0.00483886576986354 0 0.00426602960624547 0.0127726608290876 0.0023508945153631 0
"столу" 0.0132318888521336 0.00204611953430319 0.00483886576986354 0.0257054724094596 0.0127980888187364 0 0.0023508945153631 0
"страсть" 0.00330797221303341 0.00409223906860639 0.0193554630794542 0.00285616360105107 0.0127980888187364 0.00141918453656529 0.00940357806145238 0.0177336407164391
"счастье" 0.00330797221303341 0 0.00483886576986354 0.00285616360105107 0.00853205921249093 0.00709592268282645 0.0164562616075417 0.0118224271442927
"твои" 0.00661594442606682 0.0122767172058192 0.00483886576986354 0.00285616360105107 0 0.00993429175595703 0.0023508945153631 0.00591121357214636
"террасу" 0.00330797221303341 0.00204611953430319 0.0822607180876802 0 0 0 0 0
"тетушки" 0 0 0.0822607180876802 0 0 0 0 0.0118224271442927
"товарища" 0 0.0143228367401224 0 0.0171369816063064 0 0.00567673814626116 0.00470178903072619 0
"уважение" 0.0132318888521336 0.00409223906860639 0.00483886576986354 0.00285616360105107 0.00853205921249093 0.00709592268282645 0.00705268354608929 0.00591121357214636
"умела" 0 0.00613835860290958 0 0 0 0.0170302144387835 0.00705268354608929 0.00591121357214636
"упал" 0.0132318888521336 0.00204611953430319 0 0.00285616360105107 0.0213301480312273 0.00283836907313058 0.0117544725768155 0.00591121357214636
"ф" 0 0 0 0 0 0.0255453216581752 0 0.00591121357214636
"характер" 0.00330797221303341 0.00818447813721278 0.00967773153972709 0.00571232720210214 0.0170641184249819 0.00425755360969587 0.00705268354608929 0
"целую" 0.00661594442606682 0.0163689562744256 0 0.00285616360105107 0.0127980888187364 0.00425755360969587 0.00470178903072619 0
"целым" 0 0 0.00483886576986354 0.00856849080315321 0.0170641184249819 0.00709592268282645 0.00940357806145238 0.0118224271442927
"церкви" 0 0 0 0 0 0.0141918453656529 0.0141053670921786 0.0177336407164391
"черты" 0.00992391663910023 0.00409223906860639 0.00483886576986354 0.00856849080315321 0.0127980888187364 0.00425755360969587 0.00705268354608929 0.00591121357214636
"читатель" 0 0.00613835860290958 0.00967773153972709 0.0257054724094596 0.0127980888187364 0.00283836907313058 0 0
"чрез" 0.00330797221303341 0.00818447813721278 0.00483886576986354 0.00571232720210214 0.00426602960624547 0.0127726608290876 0 0.00591121357214636
"шаги" 0.00661594442606682 0.010230597671516 0.0145165973095906 0.0142808180052553 0 0 0.00940357806145238 0
"шла" 0.00992391663910023 0.00818447813721278 0 0.00571232720210214 0 0.0127726608290876 0.0023508945153631 0
"шляпу" 0.00661594442606682 0.00613835860290958 0.0387109261589084 0.00285616360105107 0.0127980888187364 0.00141918453656529 0 0.00591121357214636
"языке" 0.00661594442606682 0.0143228367401224 0.0145165973095906 0.00856849080315321 0 0.00425755360969587 0.0023508945153631 0
"ящик" 0 0.00613835860290958 0 0.00285616360105107 0.0170641184249819 0.00709592268282645 0.0141053670921786 0
"ma" 0.0231558054912339 0.00818447813721278 0.0338720603890448 0 0.00426602960624547 0 0 0
"ай" 0 0 0 0.0228493088084085 0 0.0141918453656529 0 0
"алакаева" 0 0 0 0 0 0.0255453216581752 0 0
"башни" 0 0.0225073148773351 0 0 0 0 0.0164562616075417 0
"больного" 0.00330797221303341 0.00613835860290958 0 0 0 0.0184493989753488 0.0023508945153631 0
"бумагу" 0.0132318888521336 0.00613835860290958 0.0145165973095906 0.00856849080315321 0 0 0.00940357806145238 0.00591121357214636
"василья" 0.00330797221303341 0 0 0.0142808180052553 0.0469263256687001 0.00141918453656529 0 0
"весел" 0 0 0 0 0.0127980888187364 0.0198685835119141 0.0023508945153631 0
"вести" 0 0.0122767172058192 0.00483886576986354 0 0.00853205921249093 0.00851510721939174 0.00470178903072619 0.00591121357214636
"ветер" 0.00992391663910023 0 0.0193554630794542 0.0114246544042043 0.00426602960624547 0.00141918453656529 0.00940357806145238 0.00591121357214636
"взглянуть" 0.0198478332782005 0.00409223906860639 0 0.00571232720210214 0.0127980888187364 0.00425755360969587 0.00470178903072619 0
"видишь" 0.00661594442606682 0.00818447813721278 0.0290331946191813 0 0.00853205921249093 0.00141918453656529 0.00705268354608929 0
"вошла" 0.0132318888521336 0.00409223906860639 0.00967773153972709 0.00285616360105107 0 0.00993429175595703 0 0.0118224271442927
"всякое" 0.00330797221303341 0.010230597671516 0.00483886576986354 0.00571232720210214 0 0.00425755360969587 0.00470178903072619 0.0236448542885854
"говори" 0.00661594442606682 0.00818447813721278 0.0387109261589084 0.00856849080315321 0 0 0 0.00591121357214636
"двора" 0.00330797221303341 0.00204611953430319 0 0.0114246544042043 0.00853205921249093 0.00567673814626116 0.0141053670921786 0
"делала" 0.00992391663910023 0.00613835860290958 0.00967773153972709 0.00285616360105107 0.00426602960624547 0.00851510721939174 0.0023508945153631 0.00591121357214636
"доброе" 0.0165398610651671 0.00409223906860639 0 0.00571232720210214 0 0.00425755360969587 0.0141053670921786 0
"достаточно" 0.00330797221303341 0.0122767172058192 0.00967773153972709 0.00285616360105107 0.00853205921249093 0.00709592268282645 0 0.00591121357214636
"думаете" 0 0.00818447813721278 0.0290331946191813 0.00571232720210214 0.00853205921249093 0.00141918453656529 0.00470178903072619 0.00591121357214636
"жар" 0.0132318888521336 0.00204611953430319 0.00483886576986354 0.00571232720210214 0.00426602960624547 0.00567673814626116 0.00470178903072619 0.0177336407164391
"ждет" 0 0.0163689562744256 0 0.0142808180052553 0 0.00283836907313058 0.00705268354608929 0
"известие" 0.00661594442606682 0.00818447813721278 0 0.00571232720210214 0 0.00993429175595703 0.00705268354608929 0
"изо" 0.0132318888521336 0.0163689562744256 0.00967773153972709 0.00285616360105107 0 0.00141918453656529 0.00470178903072619 0
"имели" 0.00330797221303341 0.0143228367401224 0 0 0.00426602960624547 0.00567673814626116 0.0117544725768155 0
"карман" 0 0.00613835860290958 0.0387109261589084 0.0142808180052553 0 0.00283836907313058 0 0
"коли" 0.0198478332782005 0.00409223906860639 0 0.00285616360105107 0.0170641184249819 0.00425755360969587 0.00470178903072619 0
"лакея" 0 0 0.0629052550082261 0 0 0.00567673814626116 0 0.00591121357214636
"лежала" 0.00992391663910023 0.00613835860290958 0 0.00856849080315321 0 0.00993429175595703 0.0023508945153631 0.00591121357214636
"либо" 0 0.00818447813721278 0.00967773153972709 0.0171369816063064 0.00853205921249093 0.00283836907313058 0.0023508945153631 0.00591121357214636
"локтева" 0 0.0368301516174575 0 0 0 0 0 0
"мазан" 0 0 0 0 0 0.0255453216581752 0 0
"маленькие" 0.0198478332782005 0.00409223906860639 0.00967773153972709 0 0.00426602960624547 0.00425755360969587 0.00705268354608929 0.00591121357214636
"мечты" 0.0231558054912339 0.00613835860290958 0 0.00285616360105107 0.0170641184249819 0.00141918453656529 0.00470178903072619 0
"мнение" 0.0165398610651671 0.00409223906860639 0 0.00571232720210214 0.0127980888187364 0.00709592268282645 0.0023508945153631 0
"множество" 0 0.00204611953430319 0 0 0 0.0198685835119141 0.0023508945153631 0.0118224271442927
"можете" 0.00992391663910023 0.00818447813721278 0.0145165973095906 0.00285616360105107 0.0127980888187364 0.00141918453656529 0 0.0177336407164391
"надел" 0.00992391663910023 0 0 0.0114246544042043 0.0170641184249819 0.00425755360969587 0.00940357806145238 0
"нашим" 0.0132318888521336 0.0225073148773351 0 0 0 0.00283836907313058 0.0023508945153631 0
"недавно" 0 0.00818447813721278 0.00483886576986354 0 0.00426602960624547 0.00993429175595703 0.00940357806145238 0.00591121357214636
"нехлюдов" 0 0 0 0 0.0767885329124184 0 0 0
"новом" 0.00661594442606682 0.00204611953430319 0.00967773153972709 0.00571232720210214 0 0.00851510721939174 0.00940357806145238 0.00591121357214636
"обеих" 0 0.00818447813721278 0 0.00856849080315321 0.0170641184249819 0.00425755360969587 0.00940357806145238 0
"объявил" 0.0165398610651671 0.0122767172058192 0.00967773153972709 0.00856849080315321 0 0.00283836907313058 0 0
"окончательно" 0.00661594442606682 0.0122767172058192 0 0.00856849080315321 0.00426602960624547 0.00709592268282645 0.0023508945153631 0
"олиньку" 0 0 0 0 0 0 0 0.106401844298635
"оставил" 0.0165398610651671 0.00818447813721278 0.00967773153972709 0.00571232720210214 0 0.00141918453656529 0.00470178903072619 0.0118224271442927
"осталось" 0.00992391663910023 0.00613835860290958 0.00483886576986354 0.0114246544042043 0 0.00425755360969587 0.00705268354608929 0.00591121357214636
"ответил" 0 0.0327379125488511 0 0.00571232720210214 0 0 0 0
"павильон" 0 0.0368301516174575 0 0 0 0 0 0
"пальма" 0 0 0 0.0514109448189192 0 0 0 0
"перебила" 0 0.0286456734802447 0.00967773153972709 0.00285616360105107 0 0 0.0023508945153631 0
"позволения" 0.00661594442606682 0.00204611953430319 0.00967773153972709 0.00285616360105107 0.00853205921249093 0.0127726608290876 0.0023508945153631 0
"получила" 0.00992391663910023 0.00613835860290958 0 0.00285616360105107 0 0.00993429175595703 0.00705268354608929 0.00591121357214636
"полчаса" 0 0.0143228367401224 0.00483886576986354 0 0 0.00993429175595703 0.0023508945153631 0.0118224271442927
"полюбил" 0.00330797221303341 0 0.00483886576986354 0 0.00853205921249093 0.0113534762925223 0.0141053670921786 0
"помалу" 0 0 0 0.0142808180052553 0.00426602960624547 0.0141918453656529 0.00470178903072619 0
"послал" 0.00661594442606682 0 0 0.00285616360105107 0 0.0156110299022182 0.00940357806145238 0
"посмотрела" 0.0198478332782005 0.00204611953430319 0.0290331946191813 0 0.00426602960624547 0 0.00470178903072619 0.0118224271442927
"поступок" 0.00661594442606682 0.00204611953430319 0.00483886576986354 0.00285616360105107 0.00853205921249093 0.0113534762925223 0.00470178903072619 0.00591121357214636
"почувствовала" 0.00330797221303341 0.010230597671516 0 0 0 0.0141918453656529 0 0.0118224271442927
"предмет" 0.0165398610651671 0.00818447813721278 0.00483886576986354 0.0114246544042043 0.00426602960624547 0.00141918453656529 0.0023508945153631 0.00591121357214636
"прекрасной" 0 0 0 0.0142808180052553 0.00853205921249093 0.00709592268282645 0.00705268354608929 0.0177336407164391
"придется" 0.00330797221303341 0.0163689562744256 0.00967773153972709 0.00285616360105107 0.00426602960624547 0.00425755360969587 0.00470178903072619 0
"приказания" 0.00992391663910023 0.00409223906860639 0.00967773153972709 0.00285616360105107 0 0.0127726608290876 0 0.00591121357214636
"присутствие" 0.0132318888521336 0.00409223906860639 0.0145165973095906 0.00285616360105107 0.00853205921249093 0.00709592268282645 0 0.00591121357214636
"пришло" 0.00661594442606682 0.00818447813721278 0 0 0.0127980888187364 0.00851510721939174 0.00470178903072619 0.00591121357214636
"прощай" 0.0198478332782005 0.00204611953430319 0.0338720603890448 0.00571232720210214 0 0 0 0.0118224271442927
"пшеницын" 0 0 0 0 0 0 0.0423161012765357 0
"рад" 0.00992391663910023 0.00613835860290958 0.0290331946191813 0 0 0.00283836907313058 0.00940357806145238 0
"родных" 0.00661594442606682 0.00613835860290958 0.00483886576986354 0 0 0.0156110299022182 0 0.00591121357214636
"сапоги" 0.0132318888521336 0 0 0.0199931452073575 0.0127980888187364 0.00141918453656529 0.00705268354608929 0
"согласился" 0.00330797221303341 0.00613835860290958 0.00483886576986354 0 0 0.0141918453656529 0.0023508945153631 0.0118224271442927
"спасибо" 0 0.00613835860290958 0 0.00571232720210214 0 0.0141918453656529 0.00705268354608929 0
"страшным" 0.0165398610651671 0.00204611953430319 0.00483886576986354 0.00571232720210214 0 0.00851510721939174 0.0023508945153631 0.0118224271442927
"твое" 0.00992391663910023 0.00409223906860639 0.0145165973095906 0 0 0.00425755360969587 0.00940357806145238 0.0177336407164391
"твоя" 0.0132318888521336 0.00409223906860639 0.00483886576986354 0 0.00426602960624547 0.00709592268282645 0.0117544725768155 0
"тобою" 0 0.0204611953430319 0 0 0 0.00709592268282645 0.00705268354608929 0
"тоном" 0.00661594442606682 0.00204611953430319 0.0145165973095906 0.0171369816063064 0.0170641184249819 0 0.0023508945153631 0.00591121357214636
"тщательно" 0.00992391663910023 0.00613835860290958 0 0.0228493088084085 0.00853205921249093 0.00141918453656529 0.0023508945153631 0
"улыбка" 0.00992391663910023 0.00409223906860639 0.00483886576986354 0.0142808180052553 0 0 0.0164562616075417 0
"умер" 0 0.00613835860290958 0 0.00571232720210214 0.0127980888187364 0.00993429175595703 0.00705268354608929 0
"умом" 0 0.010230597671516 0.00967773153972709 0.00571232720210214 0.00426602960624547 0.00709592268282645 0.00470178903072619 0.00591121357214636
"участие" 0.00992391663910023 0.00204611953430319 0 0.00285616360105107 0.00853205921249093 0.0127726608290876 0.0023508945153631 0.00591121357214636
"фигура" 0.0132318888521336 0.010230597671516 0.00483886576986354 0.0114246544042043 0.00853205921249093 0 0.0023508945153631 0.00591121357214636
"ходили" 0.0132318888521336 0.00818447813721278 0 0 0 0.00425755360969587 0.0164562616075417 0
"целые" 0 0.00613835860290958 0.00483886576986354 0.00571232720210214 0.00426602960624547 0.00993429175595703 0.00940357806145238 0
"mon" 0.0231558054912339 0.00613835860290958 0.0193554630794542 0 0.0170641184249819 0 0 0
"автор" 0 0 0.00483886576986354 0.0199931452073575 0 0.00851510721939174 0.00705268354608929 0
"ангел" 0.0264637777042673 0.00409223906860639 0.00483886576986354 0 0 0.00141918453656529 0.0023508945153631 0.0236448542885854
"бедная" 0.00330797221303341 0.00613835860290958 0.0145165973095906 0.00571232720210214 0 0.00709592268282645 0 0.0177336407164391
"бедного" 0.0165398610651671 0.00409223906860639 0 0.00285616360105107 0.00426602960624547 0.00283836907313058 0.0141053670921786 0
"белое" 0.00330797221303341 0.00409223906860639 0.00483886576986354 0.00856849080315321 0.00853205921249093 0 0.00705268354608929 0.0295560678607318
"белые" 0.0132318888521336 0.00613835860290958 0 0.0114246544042043 0.00426602960624547 0.00283836907313058 0.00470178903072619 0.00591121357214636
"боясь" 0.00330797221303341 0.00409223906860639 0.00483886576986354 0.00571232720210214 0 0.00567673814626116 0.0141053670921786 0.00591121357214636
"вашим" 0 0.0122767172058192 0.00483886576986354 0.00571232720210214 0.00426602960624547 0.00425755360969587 0.00470178903072619 0.0118224271442927
"великого" 0 0.00818447813721278 0 0.00856849080315321 0 0.00141918453656529 0.0164562616075417 0.0118224271442927
"ворота" 0.00330797221303341 0 0.00483886576986354 0.0142808180052553 0.0127980888187364 0.00283836907313058 0.0117544725768155 0
"воротился" 0 0.00204611953430319 0 0.00285616360105107 0 0.0198685835119141 0.0023508945153631 0
"воспоминаний" 0.0165398610651671 0.010230597671516 0 0.00571232720210214 0.00426602960624547 0.00567673814626116 0 0
"вошли" 0.0165398610651671 0.00613835860290958 0.0145165973095906 0.00285616360105107 0.00426602960624547 0.00425755360969587 0.0023508945153631 0
"временам" 0 0.010230597671516 0 0.0171369816063064 0 0.00141918453656529 0.00940357806145238 0.00591121357214636
"глубокой" 0 0.00613835860290958 0 0.00571232720210214 0.00426602960624547 0.00851510721939174 0.00940357806145238 0.00591121357214636
"гнева" 0 0 0 0 0 0.0241261371216099 0 0
"годами" 0 0.0122767172058192 0.00483886576986354 0.00285616360105107 0 0.00709592268282645 0.00705268354608929 0.00591121357214636
"головою" 0.00661594442606682 0.0143228367401224 0 0.0142808180052553 0 0 0 0.0177336407164391
"голубые" 0.00661594442606682 0.00409223906860639 0.0290331946191813 0 0.0127980888187364 0.00425755360969587 0 0.00591121357214636
"готово" 0.0132318888521336 0 0 0.00571232720210214 0.00853205921249093 0.0127726608290876 0 0
"девять" 0.00330797221303341 0.00409223906860639 0 0.0171369816063064 0.0170641184249819 0.00425755360969587 0.0023508945153631 0
"делается" 0.0132318888521336 0.00613835860290958 0 0.00285616360105107 0.0127980888187364 0.00283836907313058 0.00705268354608929 0.00591121357214636
"детства" 0.00992391663910023 0.0122767172058192 0.00967773153972709 0.00285616360105107 0.00853205921249093 0.00141918453656529 0.00470178903072619 0
"добра" 0.00661594442606682 0.00409223906860639 0.00967773153972709 0.00571232720210214 0 0.00709592268282645 0.00940357806145238 0
"другими" 0.00661594442606682 0.00613835860290958 0.00967773153972709 0.00571232720210214 0.00426602960624547 0.00851510721939174 0.0023508945153631 0
"дружески" 0.00330797221303341 0.0163689562744256 0 0.00571232720210214 0 0.00425755360969587 0.00705268354608929 0
"дубков" 0 0 0 0 0.072522503306173 0 0 0
"едем" 0.0132318888521336 0.0122767172058192 0 0 0.0213301480312273 0 0.00470178903072619 0
"ездил" 0 0.00613835860290958 0.0193554630794542 0.00571232720210214 0 0.00567673814626116 0.00940357806145238 0
"желания" 0.00661594442606682 0.00204611953430319 0.00483886576986354 0.00856849080315321 0.00853205921249093 0.00993429175595703 0.0023508945153631 0
"замечания" 0 0 0.00483886576986354 0.0114246544042043 0 0.0113534762925223 0.00705268354608929 0.00591121357214636
"записку" 0.0132318888521336 0.0122767172058192 0.0193554630794542 0 0 0.00141918453656529 0.00470178903072619 0
"ильич" 0 0 0 0 0 0 0.0399652067611726 0
"именем" 0.00330797221303341 0.00613835860290958 0 0.00285616360105107 0.00853205921249093 0.00993429175595703 0.00705268354608929 0
"имения" 0 0.00613835860290958 0.0145165973095906 0 0 0.00851510721939174 0.0117544725768155 0
"каждое" 0.00330797221303341 0.00818447813721278 0 0.00856849080315321 0.0170641184249819 0.00425755360969587 0.00470178903072619 0
"карете" 0.00661594442606682 0.00409223906860639 0.0241943288493177 0 0 0.00993429175595703 0 0.00591121357214636
"комнат" 0 0.0204611953430319 0 0 0 0.00141918453656529 0.00470178903072619 0.0236448542885854
"кресле" 0.0231558054912339 0 0 0.0228493088084085 0.00853205921249093 0 0 0
"кругу" 0.00992391663910023 0.00613835860290958 0 0.00571232720210214 0 0.00425755360969587 0.0023508945153631 0.0295560678607318
"легче" 0.00661594442606682 0.00818447813721278 0.00967773153972709 0 0.00853205921249093 0.00141918453656529 0.00705268354608929 0.0177336407164391
"лес" 0.00992391663910023 0.00613835860290958 0 0.00571232720210214 0 0.00709592268282645 0.00940357806145238 0
"лестнице" 0.0132318888521336 0.010230597671516 0 0.00285616360105107 0.0170641184249819 0 0.00705268354608929 0
"меньше" 0.00992391663910023 0.00818447813721278 0.00483886576986354 0.00571232720210214 0.00853205921249093 0.00567673814626116 0.0023508945153631 0
"мережина" 0 0.0347840320831543 0 0 0 0 0 0
"молод" 0.00330797221303341 0.010230597671516 0.0241943288493177 0.00856849080315321 0.00853205921249093 0 0.0023508945153631 0
"мужчина" 0 0.0122767172058192 0.00483886576986354 0 0.0127980888187364 0.00425755360969587 0.00470178903072619 0.0118224271442927
"н" 0 0 0.00483886576986354 0 0 0.0212877680484793 0 0.00591121357214636
"наверх" 0.0330797221303341 0 0 0.0142808180052553 0 0 0.00470178903072619 0
"наедине" 0 0.00613835860290958 0.00967773153972709 0 0 0.0141918453656529 0.00470178903072619 0
"называли" 0.00330797221303341 0 0 0 0.0127980888187364 0.0113534762925223 0.0117544725768155 0
"начинает" 0.00330797221303341 0.00204611953430319 0.00483886576986354 0.00285616360105107 0.0383942664562092 0.00141918453656529 0 0.0177336407164391
"новую" 0.00661594442606682 0.00409223906860639 0 0.00856849080315321 0.00426602960624547 0.00709592268282645 0.00705268354608929 0.00591121357214636
"обратилась" 0.00661594442606682 0.00204611953430319 0.0338720603890448 0.00571232720210214 0.00426602960624547 0.00567673814626116 0 0
"ожидал" 0.00992391663910023 0.00204611953430319 0.00483886576986354 0.00856849080315321 0 0.00709592268282645 0.00705268354608929 0.00591121357214636
"оказалось" 0.00992391663910023 0 0.00483886576986354 0.00856849080315321 0 0.00567673814626116 0.0141053670921786 0
"олиньки" 0 0 0 0 0 0 0 0.100490630726488
"особенной" 0.00661594442606682 0.010230597671516 0.00967773153972709 0 0.00853205921249093 0.00283836907313058 0.00940357806145238 0
"особы" 0.00661594442606682 0.00818447813721278 0.00967773153972709 0.0114246544042043 0 0 0.0117544725768155 0
"оставалось" 0.00661594442606682 0.00613835860290958 0.00967773153972709 0.00856849080315321 0.00426602960624547 0.00709592268282645 0.0023508945153631 0
"отсюда" 0 0.0184150758087287 0.00483886576986354 0.00285616360105107 0.0127980888187364 0 0.00470178903072619 0.00591121357214636
"охоту" 0.0231558054912339 0.00204611953430319 0.0145165973095906 0.0114246544042043 0 0.00141918453656529 0.0023508945153631 0
"первом" 0.00661594442606682 0.00818447813721278 0.00967773153972709 0.00571232720210214 0.00426602960624547 0.00709592268282645 0.0023508945153631 0
"перо" 0 0 0.00483886576986354 0.0171369816063064 0.0127980888187364 0.00425755360969587 0.00940357806145238 0
"пил" 0 0 0 0.00285616360105107 0.00853205921249093 0.0156110299022182 0.00705268354608929 0
"полный" 0.00661594442606682 0.00204611953430319 0.00483886576986354 0.0199931452073575 0 0.00567673814626116 0.0023508945153631 0.00591121357214636
"поскорее" 0.00661594442606682 0.00409223906860639 0 0.00285616360105107 0.00853205921249093 0.0113534762925223 0.00470178903072619 0
"последних" 0.00992391663910023 0.0143228367401224 0 0 0 0.00567673814626116 0.00705268354608929 0
"потерял" 0.0165398610651671 0 0 0.00571232720210214 0.00426602960624547 0.00425755360969587 0.0117544725768155 0.00591121357214636
"потихоньку" 0.00992391663910023 0 0 0.00285616360105107 0.0341282368499637 0.00567673814626116 0 0.00591121357214636
"права" 0 0.0122767172058192 0.00483886576986354 0 0.0170641184249819 0.00567673814626116 0.00470178903072619 0
"представить" 0.00992391663910023 0.00204611953430319 0 0.00285616360105107 0 0.00993429175595703 0.00470178903072619 0.0177336407164391
"прекрасная" 0.00661594442606682 0 0.00483886576986354 0.0228493088084085 0 0.00283836907313058 0.00705268354608929 0.00591121357214636
"прекрасный" 0.00661594442606682 0 0.00483886576986354 0.00856849080315321 0 0.00141918453656529 0.0164562616075417 0.0177336407164391
"принялась" 0.00330797221303341 0.00204611953430319 0.00483886576986354 0.00856849080315321 0 0.0141918453656529 0.0023508945153631 0
"прости" 0.00661594442606682 0 0.00483886576986354 0 0.0127980888187364 0.00709592268282645 0.0141053670921786 0
"радость" 0.00661594442606682 0.010230597671516 0.00967773153972709 0.00285616360105107 0.00426602960624547 0.00709592268282645 0 0.00591121357214636
"расстаться" 0.00661594442606682 0.00204611953430319 0.00967773153972709 0.00285616360105107 0.00853205921249093 0.00993429175595703 0.0023508945153631 0.00591121357214636
"реке" 0 0.00613835860290958 0 0 0 0.0113534762925223 0.0141053670921786 0
"саду" 0.00330797221303341 0.0122767172058192 0.0145165973095906 0.00856849080315321 0 0.00283836907313058 0.00470178903072619 0
"самую" 0.0132318888521336 0.00613835860290958 0.00483886576986354 0.0114246544042043 0 0.00283836907313058 0.0023508945153631 0.0118224271442927
"семейством" 0 0.00818447813721278 0 0.00285616360105107 0 0.0141918453656529 0.00470178903072619 0
"сергеича" 0 0.0347840320831543 0 0 0 0 0 0
"силу" 0 0.00613835860290958 0 0.00571232720210214 0.00853205921249093 0.00567673814626116 0.0117544725768155 0.00591121357214636
"сказано" 0.00992391663910023 0.00409223906860639 0.0145165973095906 0 0.00426602960624547 0.00283836907313058 0.0141053670921786 0
"слушала" 0 0.010230597671516 0 0 0.00426602960624547 0.00993429175595703 0.00705268354608929 0.00591121357214636
"слушая" 0.0132318888521336 0.010230597671516 0 0.00856849080315321 0 0.00283836907313058 0.0023508945153631 0.0118224271442927
"слышно" 0.0198478332782005 0.00204611953430319 0.00483886576986354 0.00285616360105107 0.0213301480312273 0.00283836907313058 0.0023508945153631 0
"смел" 0.00661594442606682 0.00409223906860639 0.00967773153972709 0 0.0127980888187364 0.00851510721939174 0.0023508945153631 0.00591121357214636
"смеха" 0.0132318888521336 0.00613835860290958 0.00967773153972709 0.00856849080315321 0.0170641184249819 0.00141918453656529 0 0
"смотрит" 0.00330797221303341 0.00409223906860639 0 0.00856849080315321 0.0170641184249819 0.00141918453656529 0.00705268354608929 0.0177336407164391
"собак" 0.0330797221303341 0.00204611953430319 0.0241943288493177 0.00285616360105107 0 0 0 0
"солнца" 0.00661594442606682 0.00409223906860639 0 0.00285616360105107 0.00853205921249093 0.0127726608290876 0 0.00591121357214636
"спальню" 0.00330797221303341 0.00204611953430319 0 0 0.00426602960624547 0.0127726608290876 0.0023508945153631 0.0236448542885854
"страдания" 0.00992391663910023 0.00409223906860639 0 0.00285616360105107 0.0127980888187364 0.00283836907313058 0.00940357806145238 0.0118224271442927
"страхом" 0.00330797221303341 0 0.00967773153972709 0 0.00426602960624547 0.0113534762925223 0.0117544725768155 0
"счастлив" 0.00330797221303341 0.010230597671516 0.0145165973095906 0.00856849080315321 0.0170641184249819 0 0.0023508945153631 0
"счастлива" 0.00661594442606682 0.00204611953430319 0.00483886576986354 0.00285616360105107 0 0.00993429175595703 0.0023508945153631 0.0236448542885854
"табак" 0 0.00204611953430319 0.00967773153972709 0.0114246544042043 0.0170641184249819 0 0 0.0354672814328782
"такою" 0.00661594442606682 0 0 0.0142808180052553 0.00853205921249093 0.00709592268282645 0.0023508945153631 0.0118224271442927
"твоего" 0 0.0184150758087287 0 0 0.00853205921249093 0.00567673814626116 0.00470178903072619 0
"увидав" 0.00330797221303341 0.00409223906860639 0.0193554630794542 0.00571232720210214 0.0127980888187364 0 0.0117544725768155 0
"уехал" 0 0 0.0241943288493177 0 0 0.0141918453656529 0.00470178903072619 0
"узнала" 0 0.0122767172058192 0.00483886576986354 0.00285616360105107 0 0.00709592268282645 0.00940357806145238 0
"умный" 0 0.00409223906860639 0 0 0.0127980888187364 0.0156110299022182 0 0.00591121357214636
"упала" 0.00992391663910023 0.00204611953430319 0.00483886576986354 0 0.00853205921249093 0.00425755360969587 0.00705268354608929 0.0236448542885854
"урок" 0.00330797221303341 0 0 0.0171369816063064 0.0383942664562092 0 0.0023508945153631 0
"усердно" 0 0.00613835860290958 0.00483886576986354 0.00856849080315321 0 0.00851510721939174 0.00940357806145238 0
"уфе" 0 0 0 0 0 0.0241261371216099 0 0
"филиппович" 0 0.0347840320831543 0 0 0 0 0 0
"хороший" 0 0.0122767172058192 0 0.00571232720210214 0.0213301480312273 0.00283836907313058 0.0023508945153631 0.00591121357214636
"цвета" 0.00661594442606682 0.00204611953430319 0.0145165973095906 0.00571232720210214 0.00426602960624547 0.00567673814626116 0.00705268354608929 0.00591121357214636
"этакой" 0 0 0.00967773153972709 0.0285616360105107 0.00853205921249093 0 0.00705268354608929 0
"ii" 0.00330797221303341 0.00613835860290958 0.00483886576986354 0.00285616360105107 0.00426602960624547 0.00709592268282645 0.00470178903072619 0.0177336407164391
"авдотья" 0 0 0 0.0456986176168171 0 0 0 0
"багрове" 0 0 0 0 0 0.0227069525850446 0 0
"бале" 0 0.0204611953430319 0 0 0 0 0 0.0354672814328782
"белой" 0.00992391663910023 0.00818447813721278 0.00967773153972709 0.00285616360105107 0 0.00709592268282645 0 0.00591121357214636
"бок" 0.00992391663910023 0.00204611953430319 0 0.0171369816063064 0.00426602960624547 0.00283836907313058 0.00705268354608929 0
"вел" 0.00992391663910023 0.00204611953430319 0 0.00285616360105107 0.00853205921249093 0.00709592268282645 0.00940357806145238 0
"верх" 0.0132318888521336 0 0 0 0.0383942664562092 0.00141918453656529 0.0023508945153631 0.00591121357214636
"весть" 0.00330797221303341 0.00818447813721278 0 0.00856849080315321 0 0.00425755360969587 0.00940357806145238 0.00591121357214636
"видимо" 0 0.00818447813721278 0.0290331946191813 0 0.00426602960624547 0.00283836907313058 0.00705268354608929 0
"власти" 0.00330797221303341 0.00204611953430319 0 0.00285616360105107 0 0.0127726608290876 0.00940357806145238 0
"возможности" 0 0.00613835860290958 0.00483886576986354 0.00285616360105107 0.00853205921249093 0.00851510721939174 0.00470178903072619 0.00591121357214636
"волю" 0.00330797221303341 0.00409223906860639 0 0 0 0.0113534762925223 0.0117544725768155 0
"впереди" 0.00661594442606682 0.00613835860290958 0 0.00285616360105107 0.0127980888187364 0.00141918453656529 0.0141053670921786 0
"вскрикнула" 0 0.00409223906860639 0.0483886576986354 0.00856849080315321 0 0.00141918453656529 0 0
"вторых" 0.00992391663910023 0.00613835860290958 0.00483886576986354 0.00285616360105107 0 0.00709592268282645 0.0023508945153631 0.0118224271442927
"гнев" 0 0.00409223906860639 0.00483886576986354 0 0.00426602960624547 0.0170302144387835 0 0
"гору" 0 0.00204611953430319 0.00483886576986354 0.00571232720210214 0.00853205921249093 0.00993429175595703 0.00705268354608929 0
"гостям" 0 0.0184150758087287 0 0.00285616360105107 0 0.00851510721939174 0 0
"грозно" 0.00330797221303341 0.00613835860290958 0 0 0.0255961776374728 0.00567673814626116 0.0023508945153631 0.00591121357214636
"движения" 0.0132318888521336 0.00818447813721278 0.00967773153972709 0.00571232720210214 0.00853205921249093 0 0.0023508945153631 0.00591121357214636
"девочка" 0.0132318888521336 0.00409223906860639 0.00483886576986354 0 0.00426602960624547 0.00567673814626116 0.00940357806145238 0
"десяти" 0 0.0143228367401224 0 0.00285616360105107 0 0.00567673814626116 0.00470178903072619 0.0118224271442927
"днем" 0 0.00818447813721278 0.00967773153972709 0.00571232720210214 0 0.00425755360969587 0.00940357806145238 0.00591121357214636
"добро" 0.00661594442606682 0.00818447813721278 0 0.00285616360105107 0.0127980888187364 0.00141918453656529 0.0117544725768155 0
"должность" 0.00330797221303341 0 0.00483886576986354 0 0 0.00567673814626116 0.023508945153631 0
"дурак" 0.00330797221303341 0.00613835860290958 0.00967773153972709 0.0142808180052553 0 0.00141918453656529 0.00470178903072619 0.0118224271442927
"дурно" 0.00992391663910023 0.00204611953430319 0.00483886576986354 0.00571232720210214 0.0127980888187364 0.00567673814626116 0.0023508945153631 0.00591121357214636
"дыхание" 0.0132318888521336 0.00409223906860639 0.0145165973095906 0.00285616360105107 0.0170641184249819 0 0.00470178903072619 0
"жаром" 0.00330797221303341 0.00613835860290958 0.00483886576986354 0.00571232720210214 0.00426602960624547 0.00851510721939174 0 0.0118224271442927
"жене" 0 0.00613835860290958 0.00483886576986354 0 0.00426602960624547 0.0127726608290876 0.00470178903072619 0
"звездою" 0 0.00409223906860639 0 0 0 0 0 0.0827569900100491
"казалась" 0.00992391663910023 0.00409223906860639 0.00483886576986354 0.00285616360105107 0.00853205921249093 0.00567673814626116 0 0.0177336407164391
"карета" 0.00330797221303341 0.00613835860290958 0.0193554630794542 0 0.00426602960624547 0.00709592268282645 0.0023508945153631 0.00591121357214636
"кармана" 0.0132318888521336 0.00409223906860639 0.0145165973095906 0.0142808180052553 0.00426602960624547 0 0 0.00591121357214636
"касьяновна" 0 0 0 0.0456986176168171 0 0 0 0
"клоус" 0 0 0 0 0 0.0227069525850446 0 0
"концу" 0.00992391663910023 0.00409223906860639 0.0145165973095906 0.00571232720210214 0 0.00709592268282645 0.0023508945153631 0
"красавица" 0 0.00204611953430319 0 0 0 0.00851510721939174 0.0117544725768155 0.0236448542885854
"крикнула" 0 0 0.0677441207780896 0.00285616360105107 0 0.00141918453656529 0 0
"кучер" 0.00992391663910023 0.00409223906860639 0 0.00285616360105107 0.00853205921249093 0.00283836907313058 0.0141053670921786 0
"лежит" 0.00661594442606682 0 0 0.00856849080315321 0.00853205921249093 0.00709592268282645 0.00470178903072619 0.0118224271442927
"макарыч" 0 0 0 0.042842454015766 0 0 0.0023508945153631 0
"мельницу" 0.00330797221303341 0 0 0.0228493088084085 0 0.00851510721939174 0 0.00591121357214636
"михайловичу" 0 0.00409223906860639 0 0 0 0.0198685835119141 0 0
"мужчин" 0.00330797221303341 0.00613835860290958 0 0.00285616360105107 0 0.00567673814626116 0.0023508945153631 0.0354672814328782
"навстречу" 0 0 0.0193554630794542 0.00571232720210214 0.0170641184249819 0.00567673814626116 0 0.0118224271442927
"назвал" 0 0.00613835860290958 0.00483886576986354 0 0 0.0141918453656529 0.0023508945153631 0.00591121357214636
"наружность" 0.0165398610651671 0 0.00483886576986354 0 0.00853205921249093 0.00425755360969587 0.0117544725768155 0
"начинал" 0.0165398610651671 0 0 0.00571232720210214 0.00426602960624547 0.00993429175595703 0.0023508945153631 0
"нежной" 0.0165398610651671 0 0 0.0114246544042043 0 0.00283836907313058 0.00470178903072619 0.0177336407164391
"неприятно" 0 0 0.00483886576986354 0.0114246544042043 0.0213301480312273 0.00851510721939174 0 0
"носом" 0.00992391663910023 0 0 0.0142808180052553 0.00853205921249093 0 0.0141053670921786 0
"огня" 0 0.00613835860290958 0 0.00856849080315321 0 0.00567673814626116 0.00705268354608929 0.0177336407164391
"огромные" 0.00330797221303341 0.00204611953430319 0.00967773153972709 0.00571232720210214 0.0127980888187364 0.00709592268282645 0.00470178903072619 0
"отлично" 0.00330797221303341 0.010230597671516 0.00967773153972709 0.00571232720210214 0.00426602960624547 0.00709592268282645 0 0
"отставку" 0 0.00204611953430319 0 0.00285616360105107 0 0.00851510721939174 0.0188071561229048 0
"пара" 0 0.00409223906860639 0.0193554630794542 0.00285616360105107 0 0.00709592268282645 0.00705268354608929 0.00591121357214636
"передал" 0.00661594442606682 0.00409223906860639 0.00483886576986354 0.00571232720210214 0.00426602960624547 0.00283836907313058 0.0141053670921786 0
"передней" 0.0132318888521336 0.00613835860290958 0.0145165973095906 0.00285616360105107 0.00853205921249093 0.00283836907313058 0.0023508945153631 0
"плечо" 0.0165398610651671 0 0.00483886576986354 0.0142808180052553 0 0 0.00940357806145238 0.00591121357214636
"подобного" 0 0.0122767172058192 0 0.00571232720210214 0 0.00851510721939174 0.00470178903072619 0
"подсохин" 0 0 0 0 0 0 0.0376143122458095 0
"показал" 0.0165398610651671 0.00613835860290958 0.00483886576986354 0.00571232720210214 0.00426602960624547 0.00283836907313058 0.00470178903072619 0
"показать" 0.00992391663910023 0.00409223906860639 0 0.00571232720210214 0.00426602960624547 0.00567673814626116 0.00705268354608929 0.00591121357214636
"поклонился" 0.00330797221303341 0.00204611953430319 0.0193554630794542 0.00571232720210214 0 0.00425755360969587 0.00470178903072619 0.0177336407164391
"полной" 0.00330797221303341 0.0204611953430319 0 0.00285616360105107 0.00426602960624547 0.00425755360969587 0 0
"понапрасну" 0 0.0184150758087287 0 0.00285616360105107 0 0.00567673814626116 0.00470178903072619 0
"порядком" 0 0 0 0.00285616360105107 0 0.00851510721939174 0.0141053670921786 0.0177336407164391
"послышался" 0.00992391663910023 0.00204611953430319 0.00967773153972709 0 0.0170641184249819 0.00283836907313058 0.00940357806145238 0
"поставил" 0.00661594442606682 0.00204611953430319 0.00483886576986354 0.0142808180052553 0.00426602960624547 0.00567673814626116 0.00470178903072619 0
"поцеловать" 0 0 0 0.00285616360105107 0.00853205921249093 0.0113534762925223 0.0117544725768155 0
"предложение" 0 0.00613835860290958 0 0 0.00426602960624547 0.00851510721939174 0.00940357806145238 0.0118224271442927
"прекрасного" 0.00661594442606682 0.00204611953430319 0 0.00571232720210214 0 0.00425755360969587 0.0117544725768155 0.0177336407164391
"привык" 0.0165398610651671 0 0 0.00285616360105107 0.0127980888187364 0.00851510721939174 0.0023508945153631 0
"приедет" 0 0.00204611953430319 0 0.00571232720210214 0 0.00709592268282645 0.0164562616075417 0.00591121357214636
"приехала" 0.00992391663910023 0.00204611953430319 0 0 0 0.0113534762925223 0.00470178903072619 0.0118224271442927
"природа" 0.00330797221303341 0.00613835860290958 0 0.00285616360105107 0.00853205921249093 0.00851510721939174 0.00470178903072619 0.00591121357214636
"присутствии" 0 0.0122767172058192 0 0.00856849080315321 0.00426602960624547 0.00709592268282645 0.0023508945153631 0
"приходилось" 0 0.0204611953430319 0 0.00571232720210214 0.00426602960624547 0 0.00705268354608929 0
"приходит" 0.00661594442606682 0.00204611953430319 0 0.00856849080315321 0.0213301480312273 0.00141918453656529 0.00470178903072619 0.0118224271442927
"приятель" 0.00330797221303341 0.0163689562744256 0.00483886576986354 0.00285616360105107 0 0 0.00705268354608929 0.0118224271442927
"продолжать" 0.00661594442606682 0.0122767172058192 0 0.0114246544042043 0 0.00425755360969587 0 0.00591121357214636
"пяти" 0.00330797221303341 0 0 0.0114246544042043 0.00853205921249093 0.00567673814626116 0.00940357806145238 0.00591121357214636
"пятьдесят" 0 0.00204611953430319 0.0145165973095906 0 0 0.00993429175595703 0.00470178903072619 0.0177336407164391
"разу" 0.00661594442606682 0.00613835860290958 0 0.00856849080315321 0.00426602960624547 0.00709592268282645 0.00470178903072619 0
"робко" 0.00992391663910023 0.00409223906860639 0.00967773153972709 0.00285616360105107 0.0127980888187364 0.00141918453656529 0.00705268354608929 0.00591121357214636
"род" 0 0.00409223906860639 0 0 0 0.0113534762925223 0.0141053670921786 0
"русски" 0.00992391663910023 0.00613835860290958 0 0.0142808180052553 0 0.00425755360969587 0.00470178903072619 0
"русского" 0.00330797221303341 0.00613835860290958 0 0.0114246544042043 0 0.00851510721939174 0.00470178903072619 0
"само" 0 0.00204611953430319 0.00967773153972709 0.0114246544042043 0.0127980888187364 0.00283836907313058 0.00470178903072619 0.0118224271442927
"самыми" 0 0.0143228367401224 0 0.00856849080315321 0.00426602960624547 0.00283836907313058 0.00705268354608929 0
"свекру" 0 0 0 0 0 0.0227069525850446 0 0
"семеныч" 0 0 0 0.0456986176168171 0 0 0 0
"семь" 0 0 0.0193554630794542 0.00856849080315321 0.00426602960624547 0.00709592268282645 0.00470178903072619 0.00591121357214636
"сестру" 0.00330797221303341 0.00204611953430319 0 0 0 0.0170302144387835 0.00470178903072619 0
"слабость" 0 0.00204611953430319 0.0145165973095906 0.00856849080315321 0.00426602960624547 0.00425755360969587 0.0117544725768155 0
"следствие" 0 0.0245534344116383 0 0.00285616360105107 0 0.00283836907313058 0.0023508945153631 0
"службу" 0 0.00613835860290958 0 0.00285616360105107 0.00426602960624547 0.00709592268282645 0.0117544725768155 0.00591121357214636
"служил" 0 0.00204611953430319 0 0 0.00853205921249093 0.0141918453656529 0.00470178903072619 0.00591121357214636
"случаю" 0 0.0143228367401224 0 0.00285616360105107 0 0.00141918453656529 0.0117544725768155 0.0118224271442927
"случая" 0.00330797221303341 0 0 0.00571232720210214 0.0127980888187364 0.00283836907313058 0.0141053670921786 0.0118224271442927
"слышала" 0 0.00409223906860639 0 0.00571232720210214 0 0.00425755360969587 0.00940357806145238 0.0295560678607318
"смех" 0.00992391663910023 0.00613835860290958 0.00483886576986354 0.00856849080315321 0.00853205921249093 0.00283836907313058 0.00470178903072619 0
"собственной" 0.00330797221303341 0.0143228367401224 0 0.00571232720210214 0 0.00567673814626116 0.00470178903072619 0
"события" 0 0.00613835860290958 0 0.0114246544042043 0.00426602960624547 0.00851510721939174 0.0023508945153631 0.00591121357214636
"совести" 0 0.00613835860290958 0.0145165973095906 0.00571232720210214 0.00426602960624547 0.00141918453656529 0.00705268354608929 0.0177336407164391
"совестно" 0.0165398610651671 0.00204611953430319 0.00967773153972709 0 0.0213301480312273 0.00283836907313058 0 0.00591121357214636
"спал" 0 0.0122767172058192 0.00483886576986354 0.0114246544042043 0 0.00425755360969587 0.00470178903072619 0
"стакан" 0 0 0.0241943288493177 0.0314177996115617 0 0 0 0
"стариков" 0 0.00818447813721278 0.00483886576986354 0 0 0.0141918453656529 0.0023508945153631 0
"степановны" 0 0 0 0 0 0.0227069525850446 0 0
"стоило" 0.00330797221303341 0.00818447813721278 0 0 0.00426602960624547 0.00851510721939174 0.00705268354608929 0.00591121357214636
"стоя" 0.0231558054912339 0.00204611953430319 0 0.00571232720210214 0.00426602960624547 0.00425755360969587 0.0023508945153631 0.00591121357214636
"страх" 0.0132318888521336 0 0 0.00285616360105107 0 0.00851510721939174 0.0023508945153631 0.0236448542885854
"тальгофов" 0 0.0327379125488511 0 0 0 0 0 0
"танюша" 0.00330797221303341 0 0 0 0 0.0212877680484793 0 0
"труда" 0 0.0163689562744256 0 0.00285616360105107 0.00426602960624547 0.00283836907313058 0.00940357806145238 0
"удивительно" 0.00992391663910023 0.00613835860290958 0.0145165973095906 0.00285616360105107 0.00426602960624547 0.00283836907313058 0.0023508945153631 0.0118224271442927
"ужь" 0 0.0327379125488511 0 0 0 0 0 0
"улице" 0 0 0.0145165973095906 0.00856849080315321 0.00853205921249093 0.00425755360969587 0.00940357806145238 0.00591121357214636
"ход" 0.00661594442606682 0.00613835860290958 0 0.00856849080315321 0 0.00851510721939174 0.0023508945153631 0.00591121357214636
"церковь" 0 0 0 0 0.00426602960624547 0.0156110299022182 0.00705268354608929 0.00591121357214636
"чая" 0 0.00204611953430319 0.0145165973095906 0.0171369816063064 0 0.00851510721939174 0 0
"честный" 0 0.0122767172058192 0 0 0.00853205921249093 0.00425755360969587 0.00940357806145238 0.00591121357214636
"четырех" 0 0.010230597671516 0 0.0114246544042043 0 0.00141918453656529 0.00940357806145238 0.0118224271442927
"чувствуя" 0.0132318888521336 0.00409223906860639 0 0.00856849080315321 0.00853205921249093 0.00283836907313058 0.00470178903072619 0.00591121357214636
"штромменбергов" 0 0.0327379125488511 0 0 0 0 0 0
"юности" 0 0.0184150758087287 0 0.00571232720210214 0.00853205921249093 0.00141918453656529 0.00470178903072619 0
"язык" 0 0.00409223906860639 0 0.00856849080315321 0.00426602960624547 0.00851510721939174 0.00940357806145238 0
"est" 0.00992391663910023 0.00613835860290958 0.0241943288493177 0.00285616360105107 0.0170641184249819 0 0 0
"барыня" 0 0 0 0.00285616360105107 0 0.00709592268282645 0.0211580506382679 0
"белая" 0.00330797221303341 0.00204611953430319 0 0.0142808180052553 0.00426602960624547 0.00283836907313058 0.00705268354608929 0.0118224271442927
"берега" 0 0.00818447813721278 0 0.00285616360105107 0 0.00851510721939174 0.00940357806145238 0
"беседы" 0.00330797221303341 0.0184150758087287 0 0 0 0.00425755360969587 0.0023508945153631 0.00591121357214636
"будущем" 0.00330797221303341 0.00409223906860639 0.00967773153972709 0.00285616360105107 0.00853205921249093 0.00993429175595703 0 0
"бывали" 0 0 0.00967773153972709 0 0.0127980888187364 0.00851510721939174 0.00705268354608929 0.00591121357214636
"важно" 0 0.00409223906860639 0.0338720603890448 0 0 0 0.0023508945153631 0.0295560678607318
"вашем" 0 0.0143228367401224 0 0 0.00426602960624547 0.00283836907313058 0.00470178903072619 0.0177336407164391
"взглянув" 0.0132318888521336 0 0.00967773153972709 0.00571232720210214 0 0.00851510721939174 0.0023508945153631 0
"взяли" 0.00992391663910023 0.00204611953430319 0.00967773153972709 0.00571232720210214 0.00853205921249093 0.00425755360969587 0.0023508945153631 0.00591121357214636
"видать" 0.00661594442606682 0.00409223906860639 0 0.00285616360105107 0.00853205921249093 0.00283836907313058 0.0117544725768155 0.00591121357214636
"возраста" 0 0.010230597671516 0 0.00285616360105107 0.0170641184249819 0.00425755360969587 0.0023508945153631 0.00591121357214636
"воли" 0 0.00818447813721278 0 0.00571232720210214 0.00853205921249093 0.00993429175595703 0 0
"встали" 0.00992391663910023 0.00613835860290958 0.00967773153972709 0.00285616360105107 0 0.00709592268282645 0 0.00591121357214636
"выходит" 0.00330797221303341 0.00613835860290958 0.0145165973095906 0.0142808180052553 0.00426602960624547 0.00141918453656529 0.0023508945153631 0
"говорится" 0 0.00204611953430319 0.0145165973095906 0.0142808180052553 0 0.00851510721939174 0 0
"городничий" 0 0 0 0.0171369816063064 0 0.00141918453656529 0.0188071561229048 0
"грязи" 0.00330797221303341 0.00613835860290958 0.00967773153972709 0 0.0170641184249819 0.00141918453656529 0.00940357806145238 0
"девушку" 0.00330797221303341 0.010230597671516 0.00483886576986354 0.00571232720210214 0 0.00567673814626116 0.00470178903072619 0
"делая" 0.00992391663910023 0.00409223906860639 0 0.0114246544042043 0.0213301480312273 0.00141918453656529 0 0
"деревня" 0.00330797221303341 0.00409223906860639 0 0 0.00426602960624547 0.0127726608290876 0.00470178903072619 0
"длинный" 0 0.00613835860290958 0.00483886576986354 0.0114246544042043 0.00853205921249093 0.00283836907313058 0.0023508945153631 0.0118224271442927
"дождя" 0.00330797221303341 0 0.0145165973095906 0 0.0255961776374728 0.00567673814626116 0.0023508945153631 0
"домашнего" 0 0.00204611953430319 0 0.00571232720210214 0 0.00709592268282645 0.0164562616075417 0
"дружбы" 0.00330797221303341 0.00613835860290958 0 0 0.0127980888187364 0 0.00940357806145238 0.0236448542885854
"друзей" 0.00330797221303341 0.0143228367401224 0 0.00571232720210214 0 0.00567673814626116 0 0.00591121357214636
"думая" 0.00661594442606682 0.00818447813721278 0.00967773153972709 0.0114246544042043 0 0.00283836907313058 0 0.00591121357214636
"елизавета" 0 0 0 0 0 0.0212877680484793 0 0
"еслиб" 0 0.0306917930145479 0 0 0 0 0 0
"женой" 0 0.00613835860290958 0.00967773153972709 0 0.00426602960624547 0.00709592268282645 0.00940357806145238 0
"забыли" 0 0.0122767172058192 0.00483886576986354 0.0114246544042043 0 0.00283836907313058 0.00470178903072619 0
"замку" 0 0.0286456734802447 0 0 0 0 0.0023508945153631 0
"зеркало" 0.00330797221303341 0.00409223906860639 0.0241943288493177 0 0.00426602960624547 0.00283836907313058 0.00470178903072619 0.0118224271442927
"игры" 0.0198478332782005 0.00409223906860639 0 0.00285616360105107 0.0170641184249819 0.00141918453656529 0.0023508945153631 0
"идут" 0.00661594442606682 0.00409223906860639 0.00483886576986354 0.0142808180052553 0.00853205921249093 0.00141918453656529 0.0023508945153631 0.00591121357214636
"имеют" 0.00330797221303341 0.00613835860290958 0 0 0.00853205921249093 0.00425755360969587 0.00940357806145238 0.0118224271442927
"иные" 0.00661594442606682 0.00818447813721278 0 0.00285616360105107 0 0.00567673814626116 0.00940357806145238 0
"искренне" 0 0 0 0 0 0.0212877680484793 0 0
"капли" 0.00992391663910023 0.00409223906860639 0.00483886576986354 0.00856849080315321 0.00853205921249093 0.00283836907313058 0 0.0118224271442927
"карету" 0 0.00204611953430319 0.0193554630794542 0 0.0127980888187364 0.00709592268282645 0.0023508945153631 0.00591121357214636
"комната" 0.00992391663910023 0.010230597671516 0 0.00571232720210214 0 0.00141918453656529 0.00470178903072619 0.0118224271442927
"лист" 0.0132318888521336 0.00818447813721278 0.00967773153972709 0.00571232720210214 0.00426602960624547 0.00141918453656529 0 0.00591121357214636
"ловко" 0.00661594442606682 0.00613835860290958 0.00483886576986354 0.00285616360105107 0 0.00425755360969587 0.0023508945153631 0.0236448542885854
"лукерия" 0 0 0 0 0 0 0.0352634177304464 0
"любопытством" 0.0165398610651671 0 0.00483886576986354 0.00285616360105107 0.0127980888187364 0.00283836907313058 0 0.0177336407164391
"маленькую" 0.00330797221303341 0.010230597671516 0.00967773153972709 0.0114246544042043 0.00853205921249093 0.00141918453656529 0 0
"мгновение" 0.00330797221303341 0.00818447813721278 0.0193554630794542 0.00571232720210214 0.00426602960624547 0.00141918453656529 0 0.0118224271442927
"мгновенно" 0.00330797221303341 0.00613835860290958 0.00483886576986354 0.00856849080315321 0.00853205921249093 0.00425755360969587 0 0.0118224271442927
"местах" 0.00992391663910023 0 0 0.00285616360105107 0 0.00993429175595703 0.00940357806145238 0
"мило" 0.00661594442606682 0.00613835860290958 0 0.0142808180052553 0 0 0.0023508945153631 0.0236448542885854
"мире" 0.00992391663910023 0.00409223906860639 0 0.00285616360105107 0.00426602960624547 0.00283836907313058 0 0.0354672814328782
"мужчины" 0.00330797221303341 0.00818447813721278 0 0 0.00426602960624547 0.00567673814626116 0 0.0295560678607318
"написать" 0.00330797221303341 0.00204611953430319 0 0.00571232720210214 0 0.00709592268282645 0.0117544725768155 0.00591121357214636
"находила" 0.0165398610651671 0.00204611953430319 0 0 0.00426602960624547 0.00851510721939174 0.00470178903072619 0
"начались" 0.00992391663910023 0.00613835860290958 0 0 0.00426602960624547 0.00709592268282645 0.00470178903072619 0.00591121357214636
"начальник" 0 0.00204611953430319 0 0 0 0 0.0117544725768155 0.0532009221493173
"начальника" 0 0.00409223906860639 0 0 0 0.00141918453656529 0.023508945153631 0.0118224271442927
"небольшого" 0.00992391663910023 0 0.0193554630794542 0.00571232720210214 0 0.00709592268282645 0.0023508945153631 0
"нимало" 0.00661594442606682 0 0 0.0314177996115617 0 0 0.00470178903072619 0
"обстоятельства" 0 0.00613835860290958 0.00483886576986354 0.00571232720210214 0 0.00567673814626116 0.0117544725768155 0
"огромный" 0.00661594442606682 0.00409223906860639 0.0145165973095906 0.00571232720210214 0 0.00283836907313058 0.00940357806145238 0
"окнами" 0.00661594442606682 0.010230597671516 0.00967773153972709 0.00571232720210214 0.00853205921249093 0.00283836907313058 0 0
"остались" 0.00661594442606682 0.0122767172058192 0.00967773153972709 0.00571232720210214 0 0.00425755360969587 0 0
"осторожно" 0.00661594442606682 0 0.0145165973095906 0 0.00426602960624547 0.00283836907313058 0.0164562616075417 0
"отвечает" 0.00330797221303341 0.00204611953430319 0 0.0171369816063064 0.00853205921249093 0.00141918453656529 0.00705268354608929 0.00591121357214636
"отдал" 0.00661594442606682 0.00409223906860639 0.00967773153972709 0.00285616360105107 0 0.00425755360969587 0.00705268354608929 0.0118224271442927
"откровенно" 0.00661594442606682 0.00409223906860639 0.0193554630794542 0 0 0.00851510721939174 0 0.00591121357214636
"ох" 0.00992391663910023 0 0.00483886576986354 0.00856849080315321 0 0.00283836907313058 0.00470178903072619 0.0236448542885854
"писем" 0 0.00818447813721278 0.00967773153972709 0.00285616360105107 0 0.00851510721939174 0.00470178903072619 0
"пишет" 0.00661594442606682 0 0 0.0114246544042043 0 0.00141918453656529 0.0188071561229048 0
"поговорить" 0.00661594442606682 0.00613835860290958 0.00967773153972709 0.00285616360105107 0.00426602960624547 0.00851510721939174 0 0
"подарки" 0.0165398610651671 0 0 0 0 0.0113534762925223 0 0.0118224271442927
"подобные" 0 0.00818447813721278 0.00967773153972709 0.00285616360105107 0 0.00567673814626116 0.00705268354608929 0.00591121357214636
"полном" 0 0.0122767172058192 0 0.00856849080315321 0 0.00709592268282645 0.0023508945153631 0
"получить" 0.0165398610651671 0 0 0.00571232720210214 0 0.00709592268282645 0.00470178903072619 0.00591121357214636
"поспешно" 0.00330797221303341 0.00409223906860639 0.00967773153972709 0 0 0.0127726608290876 0 0.00591121357214636
"прежнего" 0 0.0122767172058192 0.00967773153972709 0.00571232720210214 0 0.00425755360969587 0.0023508945153631 0.00591121357214636
"приветливо" 0.00330797221303341 0.00818447813721278 0 0.00571232720210214 0.00426602960624547 0.00425755360969587 0.00705268354608929 0.00591121357214636
"привыкла" 0.00661594442606682 0.00204611953430319 0 0 0 0.0141918453656529 0.00470178903072619 0
"принес" 0.0165398610651671 0 0.00967773153972709 0.00285616360105107 0.00853205921249093 0.00141918453656529 0.00705268354608929 0.00591121357214636
"прислуги" 0.00330797221303341 0.010230597671516 0 0 0 0.00425755360969587 0.0141053670921786 0
"пришли" 0.00661594442606682 0.010230597671516 0 0.00571232720210214 0 0.00425755360969587 0.00705268354608929 0
"пришлось" 0.00330797221303341 0.0184150758087287 0 0.00856849080315321 0 0.00141918453656529 0 0.00591121357214636
"приятеля" 0.00330797221303341 0.0204611953430319 0 0.00571232720210214 0 0.00141918453656529 0.0023508945153631 0
"прочел" 0.0132318888521336 0.00409223906860639 0.00483886576986354 0.00856849080315321 0.00426602960624547 0.00283836907313058 0.00470178903072619 0
"прочим" 0 0.00613835860290958 0.00483886576986354 0.00856849080315321 0 0.00851510721939174 0.0023508945153631 0.00591121357214636
"пыли" 0 0 0.00967773153972709 0.00856849080315321 0.0170641184249819 0.00425755360969587 0.00705268354608929 0
"р" 0.00661594442606682 0.0122767172058192 0 0 0 0.00283836907313058 0 0.0295560678607318
"работы" 0 0.00818447813721278 0 0.0114246544042043 0.00426602960624547 0.00567673814626116 0.00470178903072619 0
"рассказа" 0 0.0122767172058192 0 0.00856849080315321 0 0.00425755360969587 0.00705268354608929 0
"рассказал" 0 0.00613835860290958 0 0 0.00426602960624547 0.0113534762925223 0.00705268354608929 0
"рассказать" 0.00330797221303341 0.00204611953430319 0.00483886576986354 0.00571232720210214 0.00426602960624547 0.00993429175595703 0.0023508945153631 0.00591121357214636
"речке" 0 0.00818447813721278 0 0 0 0.0141918453656529 0.0023508945153631 0
"сада" 0.00661594442606682 0.010230597671516 0.0193554630794542 0.00285616360105107 0 0 0.0023508945153631 0.0118224271442927
"свету" 0.00330797221303341 0.0184150758087287 0.00483886576986354 0 0 0.00141918453656529 0.0023508945153631 0.0118224271442927
"сели" 0.00992391663910023 0.00613835860290958 0.0145165973095906 0.00571232720210214 0.00426602960624547 0.00425755360969587 0 0
"сестра" 0 0.00409223906860639 0 0.00285616360105107 0.00853205921249093 0.00709592268282645 0.0117544725768155 0
"сидели" 0.00661594442606682 0.00818447813721278 0 0.00571232720210214 0.00426602960624547 0.00709592268282645 0 0.00591121357214636
"силах" 0 0.0184150758087287 0 0 0.00426602960624547 0.00425755360969587 0.0023508945153631 0.00591121357214636
"скрывать" 0.00992391663910023 0.00818447813721278 0 0.00285616360105107 0.00853205921249093 0.00425755360969587 0.0023508945153631 0.00591121357214636
"скрыть" 0.00330797221303341 0.00204611953430319 0.00483886576986354 0 0.0127980888187364 0.00425755360969587 0.00940357806145238 0.0118224271442927
"скуки" 0.00330797221303341 0.00818447813721278 0.0241943288493177 0 0 0.00425755360969587 0.00470178903072619 0
"следы" 0.00661594442606682 0.00818447813721278 0.0241943288493177 0 0 0.00141918453656529 0.00705268354608929 0
"слугу" 0.00330797221303341 0 0 0 0.00426602960624547 0.00425755360969587 0.023508945153631 0
"сонечку" 0.0231558054912339 0 0 0 0.00426602960624547 0.00993429175595703 0 0
"сорок" 0.00661594442606682 0 0.0145165973095906 0 0.00426602960624547 0.00993429175595703 0.0023508945153631 0.00591121357214636
"способен" 0 0.0143228367401224 0 0 0.00853205921249093 0.00567673814626116 0 0.0118224271442927
"справедливо" 0 0.00409223906860639 0.0145165973095906 0.00856849080315321 0.0127980888187364 0.00425755360969587 0.0023508945153631 0
"спрашивать" 0.00992391663910023 0 0.0241943288493177 0.00856849080315321 0.00426602960624547 0.00283836907313058 0.0023508945153631 0
"старой" 0 0.010230597671516 0.00483886576986354 0 0 0.00425755360969587 0.0117544725768155 0.00591121357214636
"страстно" 0.00330797221303341 0.00204611953430319 0.00483886576986354 0 0 0.0113534762925223 0.00705268354608929 0.00591121357214636
"стуле" 0.00992391663910023 0 0 0.0228493088084085 0.00426602960624547 0.00141918453656529 0.00470178903072619 0
"судьбу" 0 0.00409223906860639 0.00483886576986354 0.00285616360105107 0.00426602960624547 0.00567673814626116 0.0141053670921786 0
"супруги" 0 0.0143228367401224 0 0.00285616360105107 0 0.00709592268282645 0.0023508945153631 0.00591121357214636
"сыном" 0.00330797221303341 0.00818447813721278 0 0.00285616360105107 0 0.00993429175595703 0.00470178903072619 0
"сюртук" 0.00661594442606682 0.00613835860290958 0 0.00285616360105107 0.0213301480312273 0.00141918453656529 0.00705268354608929 0
"тайны" 0.00330797221303341 0.00818447813721278 0 0.00571232720210214 0.00426602960624547 0 0.00470178903072619 0.0295560678607318
"татьяна" 0 0 0 0.0314177996115617 0 0.00567673814626116 0 0
"тело" 0.00661594442606682 0.00204611953430319 0 0.00571232720210214 0.0127980888187364 0.00567673814626116 0 0.0177336407164391
"телом" 0.00330797221303341 0.00409223906860639 0 0.00285616360105107 0.00426602960624547 0.00851510721939174 0 0.0236448542885854
"тоска" 0 0.0143228367401224 0.00967773153972709 0.00285616360105107 0 0.00567673814626116 0.0023508945153631 0
"трое" 0.00330797221303341 0.00204611953430319 0.00483886576986354 0.0114246544042043 0.00426602960624547 0.00709592268282645 0.00470178903072619 0
"улицу" 0.00330797221303341 0 0 0.0114246544042043 0.0170641184249819 0.00283836907313058 0.00705268354608929 0.00591121357214636
"уме" 0 0.00409223906860639 0.00967773153972709 0 0.00426602960624547 0.0141918453656529 0 0
"уст" 0.00330797221303341 0 0 0.0142808180052553 0 0 0.00705268354608929 0.0354672814328782
"феше" 0 0 0.0725829865479532 0 0 0 0 0
"фигуру" 0.00661594442606682 0.00204611953430319 0.00483886576986354 0.0114246544042043 0.0170641184249819 0.00283836907313058 0.0023508945153631 0
"филемон" 0 0 0 0.00856849080315321 0 0 0.0282107341843571 0
"худо" 0 0.00818447813721278 0 0 0 0.00141918453656529 0.0188071561229048 0.0118224271442927
"цветов" 0.00330797221303341 0.00409223906860639 0.0145165973095906 0.00856849080315321 0 0.00283836907313058 0.00940357806145238 0
"цели" 0.00330797221303341 0.00409223906860639 0 0.00571232720210214 0.0170641184249819 0.00425755360969587 0.0023508945153631 0.0118224271442927
"черный" 0.00330797221303341 0.00409223906860639 0.0241943288493177 0.00856849080315321 0 0.00283836907313058 0.0023508945153631 0.00591121357214636
"чечеткина" 0 0 0 0 0 0 0.0352634177304464 0
"чудак" 0 0.0225073148773351 0 0 0 0 0.00940357806145238 0
"шагами" 0.00661594442606682 0.00818447813721278 0.00483886576986354 0.0114246544042043 0.00426602960624547 0.00141918453656529 0.00470178903072619 0
"шум" 0.0198478332782005 0.010230597671516 0 0 0.00853205921249093 0.00283836907313058 0 0
"барышня" 0 0.00613835860290958 0.00483886576986354 0.00285616360105107 0 0.00567673814626116 0.00940357806145238 0.00591121357214636
"бежал" 0.00330797221303341 0.00204611953430319 0.00967773153972709 0.00285616360105107 0.0127980888187364 0.00567673814626116 0.00470178903072619 0
"бережно" 0 0 0.0241943288493177 0.0142808180052553 0.00853205921249093 0.00283836907313058 0 0
"близко" 0.00661594442606682 0 0.0193554630794542 0.0114246544042043 0 0.00283836907313058 0.0023508945153631 0.00591121357214636
"бывшего" 0 0.0143228367401224 0 0.00571232720210214 0 0.00283836907313058 0.00705268354608929 0
"верить" 0.00661594442606682 0.010230597671516 0.00483886576986354 0 0.0127980888187364 0.00283836907313058 0 0.00591121357214636
"взгляде" 0.00330797221303341 0.00613835860290958 0 0.00571232720210214 0.0255961776374728 0.00141918453656529 0.0023508945153631 0
"вновь" 0 0 0 0 0 0.0141918453656529 0.00940357806145238 0
"вода" 0.00330797221303341 0 0.00483886576986354 0.00571232720210214 0.00853205921249093 0.00993429175595703 0.0023508945153631 0
"воздухе" 0.0132318888521336 0 0.00483886576986354 0.00285616360105107 0 0.00425755360969587 0.0023508945153631 0.0236448542885854
"володе" 0.0198478332782005 0 0 0 0.0341282368499637 0 0 0
"волос" 0.00330797221303341 0.00204611953430319 0 0.00856849080315321 0.00426602960624547 0.00141918453656529 0.00940357806145238 0.0177336407164391
"воспитания" 0.00661594442606682 0.00818447813721278 0.00967773153972709 0 0 0.00283836907313058 0.00705268354608929 0.00591121357214636
"вроде" 0 0 0.00967773153972709 0.0114246544042043 0.00426602960624547 0.00567673814626116 0.00705268354608929 0
"вскочил" 0.00992391663910023 0.00409223906860639 0.00483886576986354 0.00285616360105107 0.00426602960624547 0.00567673814626116 0.00470178903072619 0
"вспомнил" 0.0132318888521336 0.00409223906860639 0.00967773153972709 0.00856849080315321 0.00426602960624547 0 0.0023508945153631 0.00591121357214636
"вставая" 0.00330797221303341 0.00204611953430319 0.0338720603890448 0.0114246544042043 0.00426602960624547 0 0 0
"всякие" 0 0.00204611953430319 0.00483886576986354 0.00285616360105107 0 0.0113534762925223 0.00470178903072619 0.00591121357214636
"ганюшка" 0 0 0 0.039986290414715 0 0 0 0
"году" 0.00330797221303341 0 0.00967773153972709 0 0.00426602960624547 0.0113534762925223 0.0023508945153631 0.00591121357214636
"горничная" 0.00330797221303341 0.00409223906860639 0 0.00285616360105107 0.0255961776374728 0.00141918453656529 0.00470178903072619 0.00591121357214636
"горничной" 0 0 0.0145165973095906 0.00285616360105107 0.00426602960624547 0.00851510721939174 0.00705268354608929 0
"горя" 0.00330797221303341 0.00204611953430319 0 0.0114246544042043 0.00853205921249093 0.00283836907313058 0.00705268354608929 0.00591121357214636
"господ" 0.00661594442606682 0.00204611953430319 0.00483886576986354 0 0 0.00567673814626116 0.0117544725768155 0.00591121357214636
"господином" 0 0.00204611953430319 0.0193554630794542 0 0.00426602960624547 0.00567673814626116 0.00470178903072619 0.0118224271442927
"господь" 0.0132318888521336 0 0 0 0 0.00141918453656529 0.0211580506382679 0
"грех" 0.00661594442606682 0.00204611953430319 0 0.00285616360105107 0 0.00567673814626116 0.0141053670921786 0
"гриша" 0.0463116109824677 0 0 0 0 0 0 0
"губки" 0.0132318888521336 0.00204611953430319 0.00967773153972709 0.0114246544042043 0.00426602960624547 0 0.00470178903072619 0
"двое" 0 0.00613835860290958 0.00483886576986354 0.00571232720210214 0 0.00851510721939174 0.00470178903072619 0
"девиц" 0 0.00613835860290958 0.00483886576986354 0.00856849080315321 0 0 0.00940357806145238 0.0177336407164391
"дедушке" 0.00661594442606682 0 0 0 0 0.0170302144387835 0 0
"должности" 0.00330797221303341 0 0 0 0.00426602960624547 0.00709592268282645 0.0164562616075417 0
"доляновича" 0 0.0286456734802447 0 0 0 0 0 0
"дорого" 0 0.010230597671516 0.00967773153972709 0.00285616360105107 0 0.00425755360969587 0.00705268354608929 0
"досады" 0.00661594442606682 0.00409223906860639 0.00967773153972709 0.00285616360105107 0.0127980888187364 0.00283836907313058 0.0023508945153631 0.00591121357214636
"друзья" 0 0.0163689562744256 0.00483886576986354 0.00285616360105107 0 0.00283836907313058 0.00470178903072619 0
"единственно" 0.00330797221303341 0.00204611953430319 0 0.00856849080315321 0.00853205921249093 0.00425755360969587 0.0023508945153631 0.0177336407164391
"ездить" 0.00661594442606682 0.00613835860290958 0.00483886576986354 0.00285616360105107 0.00426602960624547 0.00709592268282645 0.0023508945153631 0
"ехал" 0.00661594442606682 0.00818447813721278 0.00967773153972709 0 0 0.00425755360969587 0.00705268354608929 0
"ждал" 0 0.0163689562744256 0.0145165973095906 0.00285616360105107 0.00426602960624547 0.00141918453656529 0 0
"жениху" 0 0.00613835860290958 0 0 0 0.0156110299022182 0 0
"жив" 0 0.00409223906860639 0 0.00571232720210214 0.0170641184249819 0.00851510721939174 0 0
"замечала" 0.00661594442606682 0.00204611953430319 0 0 0 0.0127726608290876 0.00470178903072619 0
"замечание" 0.00661594442606682 0.00613835860290958 0 0.00571232720210214 0.00853205921249093 0.00567673814626116 0.0023508945153631 0
"зла" 0 0.010230597671516 0.0145165973095906 0.00285616360105107 0.00426602960624547 0.00141918453656529 0.00470178903072619 0.00591121357214636
"знакомый" 0.00661594442606682 0.00409223906860639 0.00483886576986354 0.00571232720210214 0.00426602960624547 0.00425755360969587 0.00705268354608929 0
"каждому" 0 0.00409223906860639 0.0145165973095906 0.00571232720210214 0 0.00709592268282645 0.00470178903072619 0
"какою" 0.00330797221303341 0.00613835860290958 0 0.00285616360105107 0.00853205921249093 0.00709592268282645 0 0.0118224271442927
"кареты" 0 0.00204611953430319 0.0145165973095906 0 0.0298622072437183 0.00425755360969587 0 0
"ком" 0 0.00204611953430319 0.00967773153972709 0.00285616360105107 0.0127980888187364 0.00283836907313058 0.00470178903072619 0.0177336407164391
"кончилась" 0.0165398610651671 0.00409223906860639 0 0.00571232720210214 0 0.00141918453656529 0.0023508945153631 0.0177336407164391
"которою" 0.00661594442606682 0.00204611953430319 0 0.00285616360105107 0 0.00567673814626116 0.0117544725768155 0.00591121357214636
"кресел" 0.0132318888521336 0.00409223906860639 0 0.00856849080315321 0.00426602960624547 0.00141918453656529 0.00470178903072619 0.00591121357214636
"кровать" 0.0132318888521336 0 0 0.0114246544042043 0.00426602960624547 0.00567673814626116 0.0023508945153631 0
"крови" 0 0.0122767172058192 0.00483886576986354 0 0.00426602960624547 0.00141918453656529 0.00940357806145238 0.00591121357214636
"куролесов" 0 0 0 0 0 0.0198685835119141 0 0
"ладно" 0 0.00204611953430319 0 0.0285616360105107 0 0.00283836907313058 0.0023508945153631 0
"лето" 0.00992391663910023 0.00613835860290958 0.0193554630794542 0 0 0.00141918453656529 0.00470178903072619 0.00591121357214636
"лоб" 0.00992391663910023 0 0 0.00856849080315321 0.00853205921249093 0.00283836907313058 0.00705268354608929 0.00591121357214636
"любят" 0 0.0143228367401224 0.00483886576986354 0 0 0.00709592268282645 0 0.00591121357214636
"мальчишка" 0.00992391663910023 0.00204611953430319 0 0.0142808180052553 0.0170641184249819 0.00141918453656529 0 0
"марью" 0.00330797221303341 0.0225073148773351 0 0 0.00426602960624547 0.00141918453656529 0 0
"матушки" 0.0297717499173007 0.00204611953430319 0 0 0.00853205921249093 0.00141918453656529 0.0023508945153631 0
"можешь" 0.00661594442606682 0.00818447813721278 0.00967773153972709 0.00285616360105107 0.00426602960624547 0.00425755360969587 0 0.00591121357214636
"молитвы" 0.0198478332782005 0 0 0.00285616360105107 0.00853205921249093 0.00425755360969587 0.00470178903072619 0
"молчания" 0.00661594442606682 0 0.0290331946191813 0.00571232720210214 0.0127980888187364 0.00141918453656529 0 0
"надеюсь" 0.00661594442606682 0.010230597671516 0.00967773153972709 0 0.00853205921249093 0.00141918453656529 0.0023508945153631 0.00591121357214636
"накануне" 0.00992391663910023 0.00204611953430319 0 0.00571232720210214 0.00853205921249093 0.00709592268282645 0.0023508945153631 0
"наслаждение" 0.0132318888521336 0.010230597671516 0.00483886576986354 0 0.0127980888187364 0 0.0023508945153631 0
"настоящем" 0.00330797221303341 0.00613835860290958 0 0.00285616360105107 0.00853205921249093 0.00993429175595703 0 0
"нашу" 0.0132318888521336 0.00818447813721278 0.0145165973095906 0 0.00426602960624547 0.00141918453656529 0 0.00591121357214636
"невестки" 0 0.00204611953430319 0 0 0 0.0156110299022182 0.00470178903072619 0
"нежная" 0.00661594442606682 0.00204611953430319 0 0.0228493088084085 0 0.00283836907313058 0 0.00591121357214636
"несколькими" 0 0.00204611953430319 0.00967773153972709 0 0.00426602960624547 0.00851510721939174 0.00705268354608929 0.00591121357214636
"нечто" 0 0.0122767172058192 0.00967773153972709 0.00856849080315321 0 0.00141918453656529 0.00470178903072619 0
"нигде" 0.00661594442606682 0.00409223906860639 0.00967773153972709 0.00285616360105107 0 0.00141918453656529 0.0117544725768155 0.00591121357214636
"николавной" 0 0 0 0 0 0.0198685835119141 0 0
"ногу" 0.0165398610651671 0 0.00483886576986354 0.00856849080315321 0 0.00283836907313058 0.00470178903072619 0.00591121357214636
"носу" 0.0165398610651671 0 0 0.0142808180052553 0.00426602960624547 0 0.00705268354608929 0
"ночью" 0.00330797221303341 0.010230597671516 0 0.00285616360105107 0 0.00425755360969587 0.00705268354608929 0.00591121357214636
"общего" 0.00661594442606682 0.00818447813721278 0 0 0.0170641184249819 0.00425755360969587 0 0.00591121357214636
"общее" 0.0198478332782005 0.00409223906860639 0 0 0 0.00567673814626116 0.00470178903072619 0
"оставила" 0.00992391663910023 0 0 0.00571232720210214 0.00853205921249093 0.00567673814626116 0.00470178903072619 0.00591121357214636
"отчаяния" 0.00992391663910023 0.00409223906860639 0.00483886576986354 0.00285616360105107 0.0127980888187364 0 0.0023508945153631 0.0177336407164391
"охотник" 0.00992391663910023 0.00204611953430319 0 0.00571232720210214 0 0.00567673814626116 0.00940357806145238 0
"очевидно" 0 0.00818447813721278 0 0 0 0.0127726608290876 0 0.00591121357214636
"первую" 0.00330797221303341 0.00613835860290958 0.00483886576986354 0.00285616360105107 0.00426602960624547 0.00425755360969587 0.0023508945153631 0.0177336407164391
"показывая" 0.00992391663910023 0.00818447813721278 0.00483886576986354 0.0114246544042043 0 0.00141918453656529 0.0023508945153631 0
"порядок" 0.00330797221303341 0.00409223906860639 0.00483886576986354 0 0 0.00851510721939174 0.0023508945153631 0.0177336407164391
"поскребкин" 0 0 0 0 0 0 0.0329125232150833 0
"послать" 0 0.00409223906860639 0.00483886576986354 0.0171369816063064 0 0.00283836907313058 0.00705268354608929 0
"прекрасную" 0.00330797221303341 0 0.00483886576986354 0.00856849080315321 0.00426602960624547 0.00851510721939174 0.00470178903072619 0
"привязанность" 0.00992391663910023 0.0143228367401224 0 0.00856849080315321 0 0.00141918453656529 0 0
"притом" 0.00661594442606682 0.00204611953430319 0.00483886576986354 0.00571232720210214 0.00426602960624547 0.00851510721939174 0.0023508945153631 0
"приходил" 0.00661594442606682 0.00613835860290958 0 0 0.00853205921249093 0.00567673814626116 0.00705268354608929 0
"причину" 0.00330797221303341 0.00613835860290958 0 0.0114246544042043 0 0.00709592268282645 0.0023508945153631 0
"провел" 0 0.0122767172058192 0.00483886576986354 0.00285616360105107 0.00853205921249093 0.00283836907313058 0.00470178903072619 0
"продолжая" 0.0132318888521336 0.00204611953430319 0.00483886576986354 0.00856849080315321 0.0127980888187364 0.00141918453656529 0 0.00591121357214636
"работу" 0 0.010230597671516 0.00967773153972709 0.00571232720210214 0.00426602960624547 0.00567673814626116 0 0
"равнодушно" 0.00992391663910023 0 0.00483886576986354 0 0.00853205921249093 0.00425755360969587 0.0023508945153631 0.0236448542885854
"разговоры" 0.00661594442606682 0.00613835860290958 0 0.00285616360105107 0.00426602960624547 0.00993429175595703 0 0
"решение" 0 0.00409223906860639 0 0.00571232720210214 0 0.00993429175595703 0.00705268354608929 0
"родные" 0 0.00818447813721278 0 0 0 0.0141918453656529 0 0
"роду" 0 0.0225073148773351 0 0.00285616360105107 0 0.00141918453656529 0 0.00591121357214636
"роман" 0 0.00613835860290958 0 0.0199931452073575 0.00853205921249093 0.00141918453656529 0.0023508945153631 0
"роста" 0.00661594442606682 0 0.0241943288493177 0.00856849080315321 0 0.00283836907313058 0.00470178903072619 0
"садитесь" 0 0.00613835860290958 0.0241943288493177 0.0142808180052553 0.00426602960624547 0 0 0
"сальме" 0 0 0 0 0 0.0198685835119141 0 0
"свойства" 0 0.0143228367401224 0 0.0142808180052553 0 0.00141918453656529 0 0.00591121357214636
"сильным" 0.00330797221303341 0.00204611953430319 0.00967773153972709 0 0.0127980888187364 0.00425755360969587 0.00940357806145238 0
"скажете" 0 0 0.0241943288493177 0.0142808180052553 0.00853205921249093 0 0.00470178903072619 0
"слуг" 0.00330797221303341 0.00409223906860639 0 0.00285616360105107 0 0.0127726608290876 0.0023508945153631 0
"соседей" 0 0.00613835860290958 0.00483886576986354 0 0 0.0127726608290876 0.0023508945153631 0
"софьей" 0 0 0 0 0 0.0184493989753488 0.0023508945153631 0
"спальне" 0.00661594442606682 0.00409223906860639 0 0 0.00853205921249093 0.00709592268282645 0.00705268354608929 0
"спокойствие" 0.00330797221303341 0 0 0.00856849080315321 0.00426602960624547 0.00851510721939174 0.00705268354608929 0
"спрашивает" 0.00330797221303341 0 0.00483886576986354 0.0142808180052553 0.0127980888187364 0 0.00705268354608929 0.00591121357214636
"спрашивал" 0.00992391663910023 0.00818447813721278 0.00967773153972709 0.00285616360105107 0.00426602960624547 0.00141918453656529 0.00470178903072619 0
"становится" 0.00330797221303341 0 0.00483886576986354 0.0142808180052553 0.0255961776374728 0.00141918453656529 0 0
"старая" 0 0.0122767172058192 0 0 0 0.00851510721939174 0.00470178903072619 0
"старое" 0 0.0143228367401224 0 0.00285616360105107 0.00426602960624547 0.00567673814626116 0.0023508945153631 0
"столом" 0.00992391663910023 0.00204611953430319 0.00967773153972709 0.0171369816063064 0 0.00141918453656529 0.0023508945153631 0
"судья" 0 0 0.00483886576986354 0.00571232720210214 0 0.00283836907313058 0.0211580506382679 0
"сухо" 0 0.0143228367401224 0.0145165973095906 0 0.00853205921249093 0.00283836907313058 0 0
"табаку" 0.00661594442606682 0.00204611953430319 0.00483886576986354 0.0114246544042043 0.00426602960624547 0 0.00705268354608929 0.0118224271442927
"танайченок" 0 0 0 0 0 0.0198685835119141 0 0
"тетрадь" 0.00330797221303341 0 0 0.00856849080315321 0.0127980888187364 0 0.0164562616075417 0
"тремя" 0.00330797221303341 0.010230597671516 0.00483886576986354 0.00856849080315321 0 0.00141918453656529 0.0023508945153631 0.0118224271442927
"тридцать" 0 0.00204611953430319 0.00483886576986354 0.00285616360105107 0 0.00709592268282645 0.0141053670921786 0
"уверен" 0 0.00204611953430319 0 0 0.0213301480312273 0.00283836907313058 0.00705268354608929 0.0177336407164391
"увидев" 0.00992391663910023 0 0 0.00285616360105107 0.00853205921249093 0.00709592268282645 0.0023508945153631 0.0118224271442927
"удивления" 0.0165398610651671 0.00409223906860639 0.00483886576986354 0 0.00426602960624547 0.00283836907313058 0.00470178903072619 0.00591121357214636
"узнав" 0 0 0 0 0 0.0156110299022182 0.00705268354608929 0
"умная" 0 0.00204611953430319 0 0.00285616360105107 0.00426602960624547 0.0113534762925223 0.00470178903072619 0.00591121357214636
"ушей" 0.00330797221303341 0.00613835860290958 0 0.00856849080315321 0.00853205921249093 0.00283836907313058 0.00470178903072619 0.00591121357214636
"федоровна" 0 0.0286456734802447 0 0 0 0 0 0
"филипп" 0.0132318888521336 0 0 0 0.0298622072437183 0.00425755360969587 0 0
"французски" 0.0132318888521336 0.00818447813721278 0.00967773153972709 0 0.00426602960624547 0.00141918453656529 0.0023508945153631 0.00591121357214636
"характера" 0.00661594442606682 0.010230597671516 0 0.00285616360105107 0 0.00425755360969587 0.00470178903072619 0.00591121357214636
"холодню" 0 0 0 0 0 0 0.0329125232150833 0
"часам" 0 0.00818447813721278 0 0.00856849080315321 0.00853205921249093 0.00425755360969587 0.00470178903072619 0
"чашку" 0.00330797221303341 0 0.0387109261589084 0.00571232720210214 0 0.00425755360969587 0 0
"черной" 0.0132318888521336 0.00409223906860639 0.00483886576986354 0.00285616360105107 0.00853205921249093 0 0.00940357806145238 0
"чувствовала" 0.00330797221303341 0.00613835860290958 0.00483886576986354 0 0 0.0113534762925223 0 0.00591121357214636
"чужие" 0 0.00818447813721278 0 0 0 0.00851510721939174 0.00705268354608929 0.00591121357214636
"чужих" 0 0.0122767172058192 0 0.00285616360105107 0 0.00425755360969587 0.00470178903072619 0.0118224271442927
"щеки" 0 0.00204611953430319 0 0.0199931452073575 0.00853205921249093 0.00567673814626116 0 0
"экипажа" 0.00661594442606682 0.00818447813721278 0.00967773153972709 0 0.00426602960624547 0 0.0117544725768155 0
"юноши" 0 0.0143228367401224 0 0.0171369816063064 0 0 0 0.00591121357214636
"яков" 0.0363876943433675 0 0 0 0.0127980888187364 0 0 0
"адамом" 0 0 0 0.0371301268136639 0 0 0 0
"адамычем" 0 0 0 0.0371301268136639 0 0 0 0
"барину" 0 0 0.0193554630794542 0 0.00426602960624547 0.00709592268282645 0.00705268354608929 0
"бежать" 0.0165398610651671 0.00204611953430319 0 0.00285616360105107 0.00853205921249093 0.00141918453656529 0.00470178903072619 0.00591121357214636
"благодарить" 0.00330797221303341 0.00409223906860639 0 0.00285616360105107 0.00426602960624547 0.00425755360969587 0.00940357806145238 0.00591121357214636
"больна" 0.00661594442606682 0.00409223906860639 0.00483886576986354 0.00285616360105107 0.00426602960624547 0.00851510721939174 0 0
"большого" 0.0132318888521336 0 0.00483886576986354 0.00571232720210214 0 0.00283836907313058 0.00705268354608929 0.00591121357214636
"брал" 0.00330797221303341 0 0.0145165973095906 0.00285616360105107 0.00426602960624547 0.00283836907313058 0.0117544725768155 0
"братьев" 0.00330797221303341 0 0 0.00285616360105107 0 0.0127726608290876 0.00470178903072619 0
"бричке" 0.00992391663910023 0.00409223906860639 0 0 0.0298622072437183 0 0.0023508945153631 0
"бросил" 0 0.00204611953430319 0.00967773153972709 0.00856849080315321 0.0127980888187364 0.00425755360969587 0.0023508945153631 0
"броситься" 0.00330797221303341 0.00204611953430319 0 0.00285616360105107 0.00426602960624547 0.00567673814626116 0.0117544725768155 0
"будущего" 0 0 0 0 0.00853205921249093 0.0113534762925223 0.00470178903072619 0.00591121357214636
"васильевне" 0.00330797221303341 0 0 0.00285616360105107 0 0.0156110299022182 0 0
"вдали" 0 0.0122767172058192 0 0.00285616360105107 0 0.00283836907313058 0.00940357806145238 0
"велела" 0.00330797221303341 0 0.00483886576986354 0.00571232720210214 0 0.00709592268282645 0.00470178903072619 0.0118224271442927
"вели" 0.00330797221303341 0.00409223906860639 0.0241943288493177 0.00285616360105107 0 0 0.0023508945153631 0.0177336407164391
"верил" 0.00330797221303341 0.00613835860290958 0 0.00285616360105107 0 0.0113534762925223 0 0
"верхом" 0.0132318888521336 0.00204611953430319 0 0 0 0.00709592268282645 0.00705268354608929 0
"вечеру" 0.00661594442606682 0.00204611953430319 0.00967773153972709 0.0142808180052553 0 0.00425755360969587 0 0
"вещь" 0 0 0.0145165973095906 0.0114246544042043 0.0127980888187364 0 0.00470178903072619 0.00591121357214636
"вздумал" 0 0 0.00483886576986354 0.00571232720210214 0.0170641184249819 0.00567673814626116 0.0023508945153631 0.00591121357214636
"внимательно" 0.00661594442606682 0.00613835860290958 0.00967773153972709 0.00285616360105107 0 0.00709592268282645 0 0
"возвратился" 0 0 0 0.0228493088084085 0 0.00141918453656529 0.00940357806145238 0
"встречу" 0 0.0204611953430319 0.00483886576986354 0 0 0.00141918453656529 0.0023508945153631 0
"выпить" 0.00330797221303341 0 0 0.0114246544042043 0.00426602960624547 0.00993429175595703 0 0
"выражения" 0.00992391663910023 0 0 0.00571232720210214 0.00426602960624547 0.00709592268282645 0.0023508945153631 0.00591121357214636
"глазки" 0.00661594442606682 0.00204611953430319 0.0193554630794542 0.0114246544042043 0 0 0.00470178903072619 0
"голосе" 0 0.00818447813721278 0.00483886576986354 0.00571232720210214 0.00426602960624547 0.00425755360969587 0.00470178903072619 0
"голубчик" 0.00992391663910023 0 0.00483886576986354 0.00285616360105107 0.0127980888187364 0.00141918453656529 0.00940357806145238 0
"горит" 0.00330797221303341 0.00409223906860639 0 0.00285616360105107 0 0.00425755360969587 0.00470178903072619 0.0236448542885854
"городничего" 0 0 0 0.00285616360105107 0 0 0.0282107341843571 0
"господину" 0 0.00204611953430319 0.00967773153972709 0.0114246544042043 0.00426602960624547 0.00141918453656529 0 0.0236448542885854
"графини" 0 0.00613835860290958 0.0483886576986354 0 0 0 0 0
"давай" 0.0132318888521336 0 0.00967773153972709 0.00285616360105107 0 0.00425755360969587 0.00705268354608929 0
"давал" 0 0.00613835860290958 0.00483886576986354 0 0 0.00851510721939174 0.00705268354608929 0
"дворовые" 0.00330797221303341 0 0 0 0 0.0141918453656529 0.00470178903072619 0
"действовать" 0.00330797221303341 0.00818447813721278 0 0 0 0.00851510721939174 0 0.0118224271442927
"делам" 0.00330797221303341 0.00409223906860639 0.00967773153972709 0.00285616360105107 0 0.00283836907313058 0.0117544725768155 0
"делают" 0.00992391663910023 0.00204611953430319 0.00483886576986354 0.00285616360105107 0.00853205921249093 0 0.00940357806145238 0.00591121357214636
"держать" 0 0.00409223906860639 0 0.00571232720210214 0.00426602960624547 0.00567673814626116 0.00470178903072619 0.0118224271442927
"детям" 0.00992391663910023 0.00204611953430319 0 0.00856849080315321 0.00426602960624547 0.00425755360969587 0.00470178903072619 0
"длинными" 0.00330797221303341 0.00204611953430319 0.0145165973095906 0.00856849080315321 0 0.00283836907313058 0.00470178903072619 0.00591121357214636
"домом" 0.00992391663910023 0 0.00483886576986354 0.00285616360105107 0.00426602960624547 0.00851510721939174 0.0023508945153631 0
"досадно" 0.00992391663910023 0.00204611953430319 0.00967773153972709 0.00285616360105107 0.00853205921249093 0.00567673814626116 0 0
"досаду" 0.0132318888521336 0.00204611953430319 0 0.00285616360105107 0 0.00709592268282645 0 0.0118224271442927
"достоинства" 0.00661594442606682 0.00204611953430319 0 0.00571232720210214 0.00853205921249093 0.00567673814626116 0.00470178903072619 0
"думаешь" 0.00992391663910023 0.00613835860290958 0.00483886576986354 0 0.0127980888187364 0.00141918453656529 0.00470178903072619 0
"думали" 0 0.00409223906860639 0 0.00571232720210214 0 0.00993429175595703 0.00470178903072619 0
"дурного" 0.00661594442606682 0 0.00967773153972709 0.0114246544042043 0.00426602960624547 0.00283836907313058 0 0.0118224271442927
"ждала" 0.00330797221303341 0.0163689562744256 0.00483886576986354 0.00571232720210214 0 0.00141918453656529 0 0
"желала" 0 0.00204611953430319 0.00483886576986354 0 0 0.00709592268282645 0.00705268354608929 0.0177336407164391
"живут" 0 0.00204611953430319 0.00483886576986354 0 0.00853205921249093 0.00567673814626116 0.00940357806145238 0.00591121357214636
"знаем" 0 0.00409223906860639 0.00483886576986354 0 0.00853205921249093 0.0113534762925223 0 0
"знай" 0.00330797221303341 0 0.00483886576986354 0.0257054724094596 0 0 0.00470178903072619 0
"знают" 0.00330797221303341 0.00818447813721278 0 0 0.00853205921249093 0.00425755360969587 0.0023508945153631 0.0118224271442927
"зубов" 0.00661594442606682 0 0.00967773153972709 0.0228493088084085 0 0.00141918453656529 0 0
"играла" 0.00992391663910023 0.00204611953430319 0.0193554630794542 0.00571232720210214 0.00426602960624547 0.00283836907313058 0 0
"имена" 0 0.00613835860290958 0 0.00571232720210214 0 0.00709592268282645 0.00705268354608929 0
"иной" 0 0.00204611953430319 0 0.00285616360105107 0 0.00567673814626116 0.0164562616075417 0
"института" 0 0 0 0 0 0.00141918453656529 0.0141053670921786 0.0354672814328782
"исполнение" 0 0 0 0.00571232720210214 0 0.00709592268282645 0.0141053670921786 0
"исполнить" 0 0.00409223906860639 0.00483886576986354 0 0.00426602960624547 0.00709592268282645 0.00940357806145238 0
"каждую" 0.00330797221303341 0.010230597671516 0 0.00285616360105107 0.00426602960624547 0.00709592268282645 0 0
"каков" 0.00661594442606682 0.00409223906860639 0 0.00856849080315321 0 0.00425755360969587 0.00705268354608929 0
"каратаев" 0 0 0 0 0 0.0184493989753488 0 0
"ключ" 0 0.00204611953430319 0 0.00571232720210214 0.00853205921249093 0.00425755360969587 0.0117544725768155 0
"книг" 0.0132318888521336 0.00818447813721278 0 0.00285616360105107 0 0.00283836907313058 0.00470178903072619 0
"конрада" 0 0.0265995539459415 0 0 0 0 0 0
"кончил" 0 0.010230597671516 0.00967773153972709 0.00856849080315321 0.00426602960624547 0.00141918453656529 0.0023508945153631 0
"короткое" 0 0.0122767172058192 0 0 0 0.00851510721939174 0 0.00591121357214636
"краснея" 0 0.00204611953430319 0.00967773153972709 0.00856849080315321 0.0213301480312273 0 0.00470178903072619 0
"красной" 0.0165398610651671 0 0 0.00285616360105107 0.0127980888187364 0.00567673814626116 0 0
"кресла" 0.00661594442606682 0.00613835860290958 0 0.0114246544042043 0 0.00283836907313058 0 0.0118224271442927
"крыльцо" 0.00661594442606682 0 0.0241943288493177 0 0 0.00851510721939174 0 0
"кучера" 0.00330797221303341 0 0.00967773153972709 0 0.0127980888187364 0.00567673814626116 0.00705268354608929 0
"лег" 0.00992391663910023 0 0.00483886576986354 0.00285616360105107 0 0.00993429175595703 0.0023508945153631 0
"любопытства" 0.00661594442606682 0.00818447813721278 0 0 0.0213301480312273 0 0.0023508945153631 0.00591121357214636
"мальчика" 0.00992391663910023 0.010230597671516 0 0 0 0 0.0117544725768155 0
"марьей" 0 0.0245534344116383 0 0.00285616360105107 0 0 0 0
"милость" 0.00661594442606682 0 0.00967773153972709 0.00285616360105107 0.00426602960624547 0.00709592268282645 0.0023508945153631 0.00591121357214636
"михайловны" 0 0 0 0 0 0.00283836907313058 0.0258598396689941 0
"моими" 0.00661594442606682 0.00613835860290958 0.00483886576986354 0 0.00853205921249093 0.00567673814626116 0.0023508945153631 0
"молвил" 0 0 0.0629052550082261 0 0 0 0 0
"молодость" 0 0.0163689562744256 0.00967773153972709 0 0.00426602960624547 0.00141918453656529 0.0023508945153631 0
"моря" 0 0.0225073148773351 0 0 0 0 0 0.0118224271442927
"москвы" 0.00330797221303341 0 0.00967773153972709 0 0.00426602960624547 0.00567673814626116 0.0117544725768155 0
"мосту" 0 0 0 0.00571232720210214 0.00853205921249093 0.00283836907313058 0.00470178903072619 0.0295560678607318
"мужик" 0.00661594442606682 0 0.0193554630794542 0.00285616360105107 0 0 0.0141053670921786 0
"наперед" 0 0.00204611953430319 0 0 0 0.0113534762925223 0.00470178903072619 0.0118224271442927
"находил" 0.00992391663910023 0.00204611953430319 0 0.00285616360105107 0.00426602960624547 0.00567673814626116 0.00470178903072619 0.00591121357214636
"начинала" 0.00992391663910023 0.00818447813721278 0 0 0 0.00567673814626116 0.0023508945153631 0.00591121357214636
"начинали" 0.00992391663910023 0.00613835860290958 0 0.00285616360105107 0.00853205921249093 0.00283836907313058 0.00470178903072619 0
"неба" 0 0.00409223906860639 0.0145165973095906 0.00571232720210214 0.00426602960624547 0.00283836907313058 0.00705268354608929 0
"небе" 0.00330797221303341 0.00613835860290958 0 0.00285616360105107 0.00426602960624547 0.00141918453656529 0.00940357806145238 0.0118224271442927
"нервы" 0.0132318888521336 0 0.00967773153972709 0 0.00853205921249093 0.00709592268282645 0 0
"несчастие" 0.00661594442606682 0.00818447813721278 0 0 0.0170641184249819 0.00283836907313058 0.0023508945153631 0
"несчастной" 0 0 0.0145165973095906 0.00285616360105107 0.00426602960624547 0.00141918453656529 0.00940357806145238 0.0177336407164391
"нетерпением" 0.00992391663910023 0.0122767172058192 0 0 0.0127980888187364 0 0.0023508945153631 0
"нехорошо" 0.00661594442606682 0 0.0145165973095906 0.0114246544042043 0.00426602960624547 0.00425755360969587 0 0
"обеду" 0 0.00613835860290958 0 0.00285616360105107 0.0127980888187364 0.00709592268282645 0.0023508945153631 0
"обнял" 0.00661594442606682 0.00204611953430319 0 0 0 0.00709592268282645 0.0117544725768155 0
"обращая" 0.0132318888521336 0.00204611953430319 0 0.00571232720210214 0.0127980888187364 0.00283836907313058 0.0023508945153631 0
"обыкновенного" 0 0.00818447813721278 0.00483886576986354 0 0.00853205921249093 0.00851510721939174 0 0
"обязан" 0.00330797221303341 0.00409223906860639 0.00483886576986354 0.00285616360105107 0 0 0.0164562616075417 0.00591121357214636
"огорчения" 0.00992391663910023 0.00409223906860639 0 0.00571232720210214 0 0.00851510721939174 0 0
"одних" 0.00992391663910023 0 0 0 0.0127980888187364 0.00425755360969587 0.00705268354608929 0.00591121357214636
"окон" 0 0.00204611953430319 0 0.00856849080315321 0.00853205921249093 0.00709592268282645 0.00470178903072619 0
"окрестность" 0 0.00818447813721278 0.00967773153972709 0 0.0127980888187364 0.00141918453656529 0.00705268354608929 0
"оскорбления" 0 0.00204611953430319 0.00483886576986354 0.00856849080315321 0 0.00567673814626116 0.00940357806145238 0
"особенное" 0.00661594442606682 0.00204611953430319 0 0.00571232720210214 0 0.00283836907313058 0.00940357806145238 0.0118224271442927
"особенным" 0.00661594442606682 0.00204611953430319 0.00483886576986354 0 0.0127980888187364 0.00425755360969587 0.00470178903072619 0.00591121357214636
"оставался" 0.00330797221303341 0.00613835860290958 0.00967773153972709 0.00285616360105107 0 0.00567673814626116 0.00470178903072619 0
"остаться" 0 0.00204611953430319 0 0.00856849080315321 0 0.00567673814626116 0 0.0295560678607318
"открыто" 0.00661594442606682 0.0163689562744256 0.00483886576986354 0.00285616360105107 0 0.00141918453656529 0 0
"отрывок" 0 0 0 0 0 0.0156110299022182 0.00470178903072619 0
"отчаяние" 0.00330797221303341 0.00409223906860639 0.00483886576986354 0 0.00426602960624547 0.00709592268282645 0 0.0177336407164391
"параша" 0 0 0 0 0 0.00993429175595703 0.0141053670921786 0
"парашино" 0 0 0 0 0 0.0184493989753488 0 0
"перекрестился" 0.00992391663910023 0 0 0 0 0.00851510721939174 0.00940357806145238 0
"перестал" 0.00661594442606682 0.00204611953430319 0 0.00856849080315321 0.00426602960624547 0.00709592268282645 0.0023508945153631 0
"поближе" 0.00330797221303341 0.010230597671516 0 0.00285616360105107 0 0.00709592268282645 0.0023508945153631 0
"поднимая" 0.0297717499173007 0.00409223906860639 0 0 0.00853205921249093 0 0 0
"пожалуйста" 0.00661594442606682 0.00204611953430319 0.00967773153972709 0.00856849080315321 0.0127980888187364 0.00283836907313058 0 0
"полноте" 0.00330797221303341 0 0 0.0314177996115617 0 0.00141918453656529 0 0
"положим" 0.00992391663910023 0.00204611953430319 0 0.00856849080315321 0 0.00283836907313058 0.00705268354608929 0.00591121357214636
"помнил" 0.00661594442606682 0.00613835860290958 0 0.00285616360105107 0.00426602960624547 0.00283836907313058 0.00940357806145238 0
"поневоле" 0 0.00818447813721278 0.00967773153972709 0 0 0.00425755360969587 0.00705268354608929 0.00591121357214636
"понравиться" 0.00661594442606682 0.00204611953430319 0 0.00285616360105107 0 0.00851510721939174 0.00470178903072619 0.00591121357214636
"праздник" 0 0.00818447813721278 0 0.00856849080315321 0.0127980888187364 0.00283836907313058 0.0023508945153631 0
"прежние" 0.00661594442606682 0.00409223906860639 0 0 0 0.00709592268282645 0.00940357806145238 0
"признаюсь" 0.00661594442606682 0 0.00483886576986354 0.00285616360105107 0.0127980888187364 0.00283836907313058 0.00470178903072619 0.0118224271442927
"прийти" 0.0165398610651671 0 0 0.00571232720210214 0.00853205921249093 0.00567673814626116 0 0
"принести" 0 0.00613835860290958 0.00483886576986354 0.0114246544042043 0.00853205921249093 0 0.00470178903072619 0.00591121357214636
"пристава" 0 0 0 0 0 0 0.0305616286997202 0
"проворно" 0 0.00409223906860639 0 0 0 0.0156110299022182 0 0
"прогулки" 0 0.0143228367401224 0 0 0 0.00709592268282645 0.0023508945153631 0
"произнесла" 0 0.00613835860290958 0.00483886576986354 0.0199931452073575 0 0 0.00470178903072619 0
"просит" 0.00661594442606682 0 0.00483886576986354 0.00285616360105107 0.00853205921249093 0.00709592268282645 0.0023508945153631 0.00591121357214636
"прочее" 0 0 0.00483886576986354 0.00285616360105107 0 0.00283836907313058 0.0211580506382679 0
"прощения" 0 0 0.00967773153972709 0 0.0213301480312273 0.00283836907313058 0.00940357806145238 0
"радостью" 0.00330797221303341 0.00613835860290958 0 0.00856849080315321 0.00426602960624547 0.00283836907313058 0 0.0177336407164391
"раздался" 0.00330797221303341 0.00818447813721278 0.0145165973095906 0.00285616360105107 0 0.00425755360969587 0.0023508945153631 0
"рассказывать" 0.00330797221303341 0.00613835860290958 0 0.00571232720210214 0 0.00567673814626116 0.00705268354608929 0
"резко" 0 0.00204611953430319 0.0145165973095906 0.00285616360105107 0.00853205921249093 0.00425755360969587 0.00705268354608929 0
"решил" 0.00330797221303341 0.00204611953430319 0.00967773153972709 0 0.0170641184249819 0.00283836907313058 0.00470178903072619 0.00591121357214636
"родился" 0 0.00409223906860639 0 0.00285616360105107 0.00426602960624547 0.00709592268282645 0.00470178903072619 0.0118224271442927
"родители" 0.00330797221303341 0 0 0 0 0.0113534762925223 0.00940357806145238 0
"рождения" 0.00330797221303341 0.00204611953430319 0.0145165973095906 0.00285616360105107 0.0127980888187364 0.00141918453656529 0 0.0177336407164391
"рубашки" 0 0 0 0.00571232720210214 0.0255961776374728 0.00425755360969587 0.00470178903072619 0
"ружье" 0 0.00204611953430319 0 0.0257054724094596 0.00426602960624547 0.00283836907313058 0 0
"садился" 0.00661594442606682 0 0.0241943288493177 0.00571232720210214 0.00426602960624547 0.00425755360969587 0 0
"свадьбу" 0 0.00204611953430319 0 0 0 0.0113534762925223 0.00705268354608929 0.00591121357214636
"свидания" 0 0.0122767172058192 0.0193554630794542 0 0.00426602960624547 0.00283836907313058 0 0
"сей" 0 0 0.00483886576986354 0.0171369816063064 0.0170641184249819 0.00283836907313058 0 0
"семью" 0 0.00204611953430319 0 0 0 0.0170302144387835 0 0
"сесть" 0.00330797221303341 0.00204611953430319 0.0241943288493177 0.00285616360105107 0 0.00425755360969587 0.0023508945153631 0.00591121357214636
"сзади" 0.0165398610651671 0.00204611953430319 0.00483886576986354 0.00285616360105107 0.00853205921249093 0 0.00705268354608929 0
"сильное" 0.0132318888521336 0 0 0.00856849080315321 0 0.00851510721939174 0 0
"словам" 0 0.0122767172058192 0 0 0.00426602960624547 0.00425755360969587 0.0023508945153631 0.0118224271442927
"смеялся" 0.00992391663910023 0.00409223906860639 0.00483886576986354 0 0.00426602960624547 0.00709592268282645 0 0.00591121357214636
"совет" 0.00661594442606682 0.010230597671516 0.00967773153972709 0.00285616360105107 0 0.00283836907313058 0.0023508945153631 0
"согласия" 0.00330797221303341 0 0.00967773153972709 0 0 0.0127726608290876 0 0.00591121357214636
"сознание" 0.0198478332782005 0 0 0 0.0127980888187364 0.00425755360969587 0.0023508945153631 0
"соляного" 0 0 0 0 0 0 0.0305616286997202 0
"спокойствия" 0 0.00409223906860639 0 0.00285616360105107 0 0.00993429175595703 0 0.0177336407164391
"среди" 0 0.00613835860290958 0 0 0 0.00141918453656529 0.0211580506382679 0
"средство" 0.00330797221303341 0.00204611953430319 0 0.00285616360105107 0 0.00425755360969587 0.00470178903072619 0.0295560678607318
"ста" 0 0.00204611953430319 0 0 0.00426602960624547 0.00709592268282645 0.0141053670921786 0
"странное" 0 0.0122767172058192 0.0145165973095906 0.00285616360105107 0 0.00425755360969587 0 0
"твердостью" 0.00330797221303341 0 0 0 0 0.00851510721939174 0.0141053670921786 0
"твою" 0 0.00409223906860639 0.0145165973095906 0.00285616360105107 0 0.00709592268282645 0.0023508945153631 0.00591121357214636
"телега" 0 0 0 0.0342739632126128 0 0.00141918453656529 0 0
"террасы" 0.00330797221303341 0.00204611953430319 0.053227523468499 0 0 0 0 0
"торопливо" 0.00992391663910023 0.00409223906860639 0 0.00571232720210214 0.00426602960624547 0.00567673814626116 0 0.00591121357214636
"трудом" 0.00992391663910023 0.00204611953430319 0.00483886576986354 0 0.00426602960624547 0.00709592268282645 0.0023508945153631 0.00591121357214636
"удержать" 0 0.00204611953430319 0 0.00285616360105107 0.0170641184249819 0.00283836907313058 0.0117544725768155 0
"умнее" 0 0.00409223906860639 0.00483886576986354 0 0.0213301480312273 0.00567673814626116 0 0.00591121357214636
"услыхав" 0.0165398610651671 0.00613835860290958 0 0.00285616360105107 0 0.00425755360969587 0.0023508945153631 0
"уста" 0.00330797221303341 0.00204611953430319 0 0.0142808180052553 0 0 0 0.0354672814328782
"фраке" 0.00330797221303341 0.00204611953430319 0.0193554630794542 0.00571232720210214 0.0213301480312273 0 0 0
"ходила" 0.00661594442606682 0.00409223906860639 0 0 0.00426602960624547 0.00425755360969587 0.00940357806145238 0.00591121357214636
"хозяева" 0 0.00204611953430319 0 0 0 0.0141918453656529 0.00470178903072619 0
"цвет" 0 0.00204611953430319 0.00967773153972709 0 0.00426602960624547 0.00709592268282645 0.00470178903072619 0.0118224271442927
"целью" 0.00661594442606682 0 0 0.0228493088084085 0 0.00283836907313058 0 0.00591121357214636
"чеботарь" 0 0 0 0.0371301268136639 0 0 0 0
"человеке" 0.00330797221303341 0.00613835860290958 0.00967773153972709 0 0.00426602960624547 0.00567673814626116 0.0023508945153631 0.00591121357214636
"черная" 0.0132318888521336 0.00613835860290958 0 0.00285616360105107 0.0127980888187364 0.00141918453656529 0.0023508945153631 0
"чулане" 0.0165398610651671 0 0 0.00285616360105107 0.0213301480312273 0.00283836907313058 0 0
"шагом" 0.00330797221303341 0.00409223906860639 0.00967773153972709 0.00571232720210214 0.00426602960624547 0 0.0117544725768155 0
"шло" 0.00661594442606682 0.00204611953430319 0 0.00285616360105107 0 0.00709592268282645 0.00940357806145238 0
"штаб" 0 0.00204611953430319 0 0.0342739632126128 0 0 0 0
"ein" 0.00330797221303341 0 0 0.0114246544042043 0.0341282368499637 0 0 0
"iii" 0.00330797221303341 0.00613835860290958 0.00483886576986354 0.00285616360105107 0.00426602960624547 0.00283836907313058 0.0023508945153631 0.0177336407164391
"m" 0 0.0143228367401224 0 0 0.00426602960624547 0 0.0117544725768155 0
"un" 0.0264637777042673 0.00409223906860639 0 0 0.00853205921249093 0 0.0023508945153631 0
"александровной" 0 0.0245534344116383 0 0 0 0 0 0
"антон" 0 0.0204611953430319 0.00483886576986354 0 0 0 0.0023508945153631 0
"бактеевой" 0 0 0 0 0 0.0170302144387835 0 0
"бала" 0 0.00409223906860639 0 0 0 0 0 0.0591121357214636
"барыню" 0 0 0.00483886576986354 0 0 0.0127726608290876 0.00470178903072619 0
"белого" 0.00330797221303341 0.00204611953430319 0 0.00856849080315321 0 0.00425755360969587 0.00470178903072619 0.0118224271442927
"берег" 0 0.00409223906860639 0 0.00285616360105107 0 0.00425755360969587 0.0141053670921786 0
"благодарность" 0.00992391663910023 0.00204611953430319 0.00967773153972709 0 0 0.00283836907313058 0.00940357806145238 0
"большими" 0.0132318888521336 0.00613835860290958 0.00483886576986354 0 0.00853205921249093 0.00141918453656529 0.0023508945153631 0
"брички" 0.00330797221303341 0.00204611953430319 0 0 0.0426602960624547 0 0 0
"будучи" 0.00330797221303341 0 0 0 0 0.0127726608290876 0 0.0118224271442927
"будьте" 0 0.00818447813721278 0.0338720603890448 0 0.00426602960624547 0 0 0
"бумага" 0.00330797221303341 0.0143228367401224 0 0.00856849080315321 0 0 0.0023508945153631 0
"бывший" 0 0.010230597671516 0.00483886576986354 0.00571232720210214 0 0.00425755360969587 0.0023508945153631 0
"бьет" 0.00661594442606682 0.00204611953430319 0 0.00285616360105107 0 0 0.0164562616075417 0.00591121357214636
"вверх" 0.00661594442606682 0.00409223906860639 0 0.00856849080315321 0.00426602960624547 0.00141918453656529 0.00705268354608929 0
"веки" 0.00330797221303341 0 0 0.0142808180052553 0 0.00141918453656529 0.0117544725768155 0
"верь" 0.00330797221303341 0.00818447813721278 0.00483886576986354 0.0114246544042043 0 0.00141918453656529 0.0023508945153631 0
"веселее" 0 0 0 0 0 0.0156110299022182 0 0.00591121357214636
"вздохом" 0.00992391663910023 0.00204611953430319 0.0193554630794542 0 0 0.00141918453656529 0.00470178903072619 0.00591121357214636
"взоры" 0.0165398610651671 0 0 0.00856849080315321 0.00426602960624547 0 0.0023508945153631 0.0118224271442927
"вкусу" 0 0 0.00967773153972709 0.00571232720210214 0 0.00709592268282645 0 0.0177336407164391
"владиславом" 0 0.0245534344116383 0 0 0 0 0 0
"влюблен" 0.0132318888521336 0.00613835860290958 0 0.00285616360105107 0 0.00283836907313058 0 0.0118224271442927
"внука" 0 0 0 0 0 0.0156110299022182 0.0023508945153631 0
"возможно" 0 0.00204611953430319 0.0193554630794542 0 0 0.00283836907313058 0.00940357806145238 0.00591121357214636
"володю" 0.0231558054912339 0 0 0 0.0213301480312273 0 0 0
"воспитание" 0.00330797221303341 0.00613835860290958 0 0 0.00426602960624547 0 0.0117544725768155 0.0118224271442927
"воспоминаниями" 0.00330797221303341 0.00613835860290958 0 0 0.0127980888187364 0.00567673814626116 0.0023508945153631 0
"вслух" 0.0165398610651671 0.00204611953430319 0 0 0.00426602960624547 0 0.0117544725768155 0
"встретила" 0 0.00818447813721278 0.00483886576986354 0.00571232720210214 0 0.00567673814626116 0.0023508945153631 0
"всякую" 0 0.00613835860290958 0 0.00285616360105107 0.00426602960624547 0.00709592268282645 0.0023508945153631 0.00591121357214636
"входил" 0 0.00409223906860639 0.00967773153972709 0.00285616360105107 0.00426602960624547 0.00567673814626116 0.0023508945153631 0.00591121357214636
"входя" 0.0132318888521336 0.00409223906860639 0.00967773153972709 0.00571232720210214 0.00853205921249093 0 0 0
"выпил" 0.00330797221303341 0 0 0.0171369816063064 0.0127980888187364 0.00283836907313058 0 0
"высоко" 0.00661594442606682 0.00204611953430319 0.0145165973095906 0 0.00426602960624547 0.00425755360969587 0.00470178903072619 0
"высокое" 0.00661594442606682 0 0.00483886576986354 0 0.00426602960624547 0 0.0117544725768155 0.0177336407164391
"выходила" 0 0.010230597671516 0.00967773153972709 0.00285616360105107 0 0.00425755360969587 0.0023508945153631 0
"выходя" 0.00992391663910023 0.00204611953430319 0 0.00571232720210214 0.00853205921249093 0.00425755360969587 0 0.00591121357214636
"вышли" 0.00661594442606682 0.00204611953430319 0.00967773153972709 0 0 0.00709592268282645 0.0023508945153631 0.00591121357214636
"глубокое" 0 0.00204611953430319 0 0.00571232720210214 0 0.00993429175595703 0.00470178903072619 0
"глупости" 0.00992391663910023 0.00204611953430319 0.0145165973095906 0 0.00853205921249093 0.00141918453656529 0 0.0118224271442927
"глядеть" 0 0.0204611953430319 0 0 0 0.00283836907313058 0 0
"го" 0.00330797221303341 0.00204611953430319 0 0 0.00426602960624547 0 0.00940357806145238 0.0295560678607318
"годится" 0.00330797221303341 0 0 0.00285616360105107 0.00426602960624547 0.00425755360969587 0.00470178903072619 0.0236448542885854
"головку" 0.0264637777042673 0 0 0.00285616360105107 0.00426602960624547 0 0.00470178903072619 0
"голоса" 0.00661594442606682 0 0.00483886576986354 0.00856849080315321 0.00853205921249093 0.00141918453656529 0.00705268354608929 0
"голубой" 0.00992391663910023 0.00613835860290958 0 0.00285616360105107 0.00853205921249093 0 0.0023508945153631 0.0118224271442927
"городу" 0 0.00409223906860639 0 0.00571232720210214 0 0.00141918453656529 0.0164562616075417 0
"горько" 0.00330797221303341 0.00409223906860639 0.0145165973095906 0.00571232720210214 0 0 0.00470178903072619 0.0118224271442927
"грусть" 0.00661594442606682 0.00204611953430319 0.0145165973095906 0.00571232720210214 0 0.00141918453656529 0.00705268354608929 0
"девочки" 0.0165398610651671 0 0.0145165973095906 0 0.0170641184249819 0 0 0
"действие" 0.00330797221303341 0 0 0 0 0.00567673814626116 0.00705268354608929 0.0236448542885854
"дескать" 0 0 0 0.0142808180052553 0 0.00283836907313058 0.0117544725768155 0
"диван" 0 0.00613835860290958 0.00483886576986354 0.0114246544042043 0.00426602960624547 0.00141918453656529 0 0.0118224271442927
"дивана" 0.00330797221303341 0.00409223906860639 0 0.0199931452073575 0 0 0.0023508945153631 0.00591121357214636
"длинную" 0.00330797221303341 0 0 0.0142808180052553 0.00426602960624547 0.00425755360969587 0 0.0118224271442927
"длинные" 0.00330797221303341 0 0.0145165973095906 0 0.00853205921249093 0.00567673814626116 0.00470178903072619 0
"добрых" 0.00330797221303341 0.00204611953430319 0 0 0 0.0113534762925223 0.00470178903072619 0
"довольна" 0.00330797221303341 0.00613835860290958 0 0 0 0.0113534762925223 0 0
"долгом" 0.00661594442606682 0.0122767172058192 0.00483886576986354 0.00285616360105107 0 0 0.00470178903072619 0
"долее" 0 0.00409223906860639 0.00483886576986354 0 0 0.00567673814626116 0 0.0295560678607318
"досадой" 0.00992391663910023 0.00204611953430319 0 0.0114246544042043 0 0.00283836907313058 0.00470178903072619 0
"дрожащим" 0.0198478332782005 0.00204611953430319 0 0.00571232720210214 0.00426602960624547 0 0.00470178903072619 0
"душенька" 0 0 0 0.00571232720210214 0 0 0 0.0591121357214636
"дядька" 0.00330797221303341 0 0 0 0.0170641184249819 0 0.0164562616075417 0
"едет" 0.00661594442606682 0.00409223906860639 0.00483886576986354 0 0.00426602960624547 0.00141918453656529 0.0117544725768155 0
"ежедневно" 0 0 0.00967773153972709 0.00856849080315321 0 0.00567673814626116 0.00705268354608929 0
"женихом" 0 0.0122767172058192 0 0 0 0.00709592268282645 0.0023508945153631 0
"жестоко" 0 0.00409223906860639 0 0 0 0.00425755360969587 0.0023508945153631 0.0354672814328782
"живой" 0 0.00204611953430319 0 0 0 0.00851510721939174 0.0117544725768155 0
"живые" 0 0.0122767172058192 0 0.00285616360105107 0.00426602960624547 0.00425755360969587 0.0023508945153631 0
"забавы" 0 0.010230597671516 0.00483886576986354 0.00285616360105107 0 0.00141918453656529 0.00470178903072619 0.0118224271442927
"забыла" 0.00330797221303341 0.00204611953430319 0.00483886576986354 0 0.00426602960624547 0.00709592268282645 0.00705268354608929 0
"забыть" 0.00661594442606682 0.00613835860290958 0 0.00856849080315321 0.00853205921249093 0.00283836907313058 0 0
"захотелось" 0.00661594442606682 0.00409223906860639 0 0 0.0170641184249819 0.00567673814626116 0 0
"значило" 0.00330797221303341 0.00818447813721278 0.00483886576986354 0 0.0127980888187364 0.00141918453656529 0.0023508945153631 0.00591121357214636
"золотом" 0.00330797221303341 0.00204611953430319 0.00483886576986354 0 0 0.00425755360969587 0.00705268354608929 0.0177336407164391
"ивановича" 0 0 0 0 0 0 0.0023508945153631 0.06502334929361
"ивановну" 0.00330797221303341 0 0 0 0.00426602960624547 0.0141918453656529 0 0
"иду" 0.00330797221303341 0.00204611953430319 0.0145165973095906 0.00571232720210214 0.0127980888187364 0 0.00470178903072619 0
"искать" 0 0.00204611953430319 0.0193554630794542 0.00285616360105107 0.00426602960624547 0.00567673814626116 0.0023508945153631 0
"испытывал" 0.0165398610651671 0 0 0.00285616360105107 0.0213301480312273 0.00141918453656529 0 0
"ищет" 0 0.00409223906860639 0.00483886576986354 0 0.00426602960624547 0 0.00705268354608929 0.0295560678607318
"казались" 0.00661594442606682 0.00204611953430319 0 0.00285616360105107 0 0.00709592268282645 0.0023508945153631 0.0118224271442927
"казачка" 0 0 0 0.0342739632126128 0 0 0 0
"качества" 0 0.00409223906860639 0.00483886576986354 0 0 0.00425755360969587 0.00940357806145238 0.0118224271442927
"княгини" 0.0165398610651671 0 0 0 0 0 0 0.0413784950050245
"коленях" 0.00661594442606682 0 0 0.00285616360105107 0 0.00425755360969587 0.00705268354608929 0.0177336407164391
"колокольчик" 0 0 0 0.00285616360105107 0.00853205921249093 0 0.0211580506382679 0
"коляска" 0.00661594442606682 0.00409223906860639 0.0290331946191813 0 0.00426602960624547 0.00141918453656529 0 0
"кончено" 0.00330797221303341 0.00204611953430319 0.0193554630794542 0 0.00853205921249093 0.00425755360969587 0.0023508945153631 0
"кричал" 0.00330797221303341 0.00204611953430319 0.0193554630794542 0.00856849080315321 0.00426602960624547 0.00141918453656529 0 0.00591121357214636
"купил" 0 0 0 0.00571232720210214 0.00853205921249093 0.00993429175595703 0.0023508945153631 0
"курил" 0 0.00409223906860639 0.00483886576986354 0.00856849080315321 0.0213301480312273 0.00141918453656529 0 0
"лета" 0.00330797221303341 0.00613835860290958 0.00967773153972709 0.00285616360105107 0 0.00567673814626116 0.0023508945153631 0
"лиц" 0 0.00613835860290958 0 0 0 0.00141918453656529 0.0164562616075417 0.00591121357214636
"ловкий" 0 0 0.00967773153972709 0.00571232720210214 0 0.00425755360969587 0.00705268354608929 0.0118224271442927
"любите" 0.00661594442606682 0.00613835860290958 0 0.00856849080315321 0.00853205921249093 0.00141918453656529 0.0023508945153631 0
"макарыча" 0 0 0 0.0342739632126128 0 0 0 0
"маленькой" 0.00992391663910023 0.00409223906860639 0 0.00856849080315321 0.00426602960624547 0.00283836907313058 0 0.00591121357214636
"маменьки" 0 0 0 0 0.0127980888187364 0 0 0.0532009221493173
"мельнице" 0 0 0 0.0285616360105107 0 0.00283836907313058 0 0
"минута" 0.00661594442606682 0.010230597671516 0.00967773153972709 0 0.00426602960624547 0 0.0023508945153631 0.00591121357214636
"михаил" 0 0 0 0 0.00426602960624547 0.0156110299022182 0 0
"михайлычу" 0 0 0 0 0 0.0170302144387835 0 0
"многим" 0.00330797221303341 0.00613835860290958 0.00483886576986354 0.00856849080315321 0 0.00567673814626116 0 0
"молилась" 0.00661594442606682 0 0 0 0 0.00993429175595703 0.00705268354608929 0
"молодежь" 0 0.010230597671516 0.0145165973095906 0 0 0.00283836907313058 0 0.0118224271442927
"молодец" 0.00992391663910023 0 0 0.0114246544042043 0 0.00283836907313058 0.00705268354608929 0
"мудрено" 0 0.00204611953430319 0.00483886576986354 0 0 0.00425755360969587 0.0164562616075417 0
"надобности" 0.00330797221303341 0.00818447813721278 0.00483886576986354 0 0 0.00851510721939174 0 0
"наказание" 0.00330797221303341 0.00409223906860639 0 0 0.0298622072437183 0 0.0023508945153631 0.00591121357214636
"направление" 0.00992391663910023 0.00409223906860639 0 0.00856849080315321 0.0170641184249819 0 0 0
"небольшой" 0 0 0 0.00571232720210214 0 0.0141918453656529 0 0
"нежное" 0 0.00204611953430319 0.00967773153972709 0.0114246544042043 0.00426602960624547 0.00283836907313058 0.0023508945153631 0.00591121357214636
"некоторое" 0 0.00204611953430319 0 0.00571232720210214 0.00853205921249093 0.00567673814626116 0.0023508945153631 0.0118224271442927
"николаю" 0.00992391663910023 0 0 0 0 0.0127726608290876 0 0
"нравилось" 0.00661594442606682 0 0 0 0.00426602960624547 0.0127726608290876 0 0
"обедом" 0.00992391663910023 0.00613835860290958 0 0.00285616360105107 0.0127980888187364 0.00141918453656529 0.0023508945153631 0
"обратил" 0.00992391663910023 0.00409223906860639 0.00483886576986354 0.0114246544042043 0 0.00141918453656529 0.0023508945153631 0
"обстоятельствах" 0 0.00204611953430319 0 0 0 0.0127726608290876 0.0023508945153631 0.00591121357214636
"объяснения" 0 0.00613835860290958 0.0145165973095906 0 0 0.00851510721939174 0 0
"обязанности" 0.00661594442606682 0.00409223906860639 0 0 0 0 0.0164562616075417 0.00591121357214636
"огонь" 0.00330797221303341 0.0163689562744256 0.00483886576986354 0 0.00426602960624547 0.00141918453656529 0 0
"огород" 0 0 0.0580663892383625 0 0 0 0 0
"одною" 0 0.00409223906860639 0 0.00856849080315321 0 0.00567673814626116 0.0023508945153631 0.0118224271442927
"олинькою" 0 0 0 0 0 0 0 0.0709345628657563
"опасности" 0 0.00613835860290958 0 0 0 0.00567673814626116 0.0117544725768155 0
"ответила" 0 0.0225073148773351 0 0 0.00426602960624547 0 0 0
"отвечать" 0.00661594442606682 0.00409223906860639 0 0.00285616360105107 0 0.00283836907313058 0.00470178903072619 0.0177336407164391
"охота" 0.00661594442606682 0 0.00483886576986354 0.0114246544042043 0.00426602960624547 0.00425755360969587 0.0023508945153631 0
"ошен" 0 0 0 0.0342739632126128 0 0 0 0
"пальцем" 0 0.00204611953430319 0 0.0199931452073575 0.00426602960624547 0 0.00470178903072619 0.00591121357214636
"перчатки" 0.00992391663910023 0.010230597671516 0.0193554630794542 0 0 0 0 0
"петербургских" 0 0.0184150758087287 0.00483886576986354 0 0 0 0.00470178903072619 0
"письме" 0.00330797221303341 0 0 0 0 0.0141918453656529 0.0023508945153631 0
"поверить" 0.00992391663910023 0 0.00483886576986354 0.00285616360105107 0 0.00851510721939174 0 0.00591121357214636
"повесть" 0 0.00204611953430319 0.00483886576986354 0.00856849080315321 0 0.00709592268282645 0.0023508945153631 0.00591121357214636
"повидимому" 0.00661594442606682 0.0204611953430319 0 0 0 0 0 0
"повторял" 0.00330797221303341 0.00204611953430319 0.00483886576986354 0.0114246544042043 0.00426602960624547 0.00425755360969587 0.0023508945153631 0
"погуров" 0 0 0 0.0342739632126128 0 0 0 0
"подушки" 0.0231558054912339 0.00204611953430319 0.00483886576986354 0.00571232720210214 0 0 0.0023508945153631 0
"половина" 0 0.00613835860290958 0 0.00571232720210214 0 0.00709592268282645 0.00470178903072619 0
"половину" 0.00330797221303341 0.00613835860290958 0.00483886576986354 0.00571232720210214 0 0.00141918453656529 0.00940357806145238 0
"понимать" 0.00330797221303341 0 0 0 0.0127980888187364 0.00851510721939174 0.00470178903072619 0
"понятие" 0 0 0 0 0.00853205921249093 0.00425755360969587 0.0023508945153631 0.0354672814328782
"поразил" 0.0264637777042673 0 0 0.00285616360105107 0.00853205921249093 0.00141918453656529 0 0
"портрет" 0.00330797221303341 0.00204611953430319 0 0.00856849080315321 0 0 0.0164562616075417 0
"поспешила" 0 0.00409223906860639 0 0.00285616360105107 0 0.0127726608290876 0 0
"поставить" 0.00330797221303341 0.00409223906860639 0.00967773153972709 0.00285616360105107 0 0.00283836907313058 0.00940357806145238 0
"почерком" 0.00661594442606682 0.00409223906860639 0.00483886576986354 0.00571232720210214 0.00426602960624547 0.00283836907313058 0.00470178903072619 0
"правой" 0.00330797221303341 0.00204611953430319 0.00483886576986354 0.0142808180052553 0.00853205921249093 0 0.00470178903072619 0
"прежняя" 0 0.0122767172058192 0 0.00285616360105107 0 0.00709592268282645 0 0
"прекрасное" 0.00992391663910023 0.00204611953430319 0.00483886576986354 0.00856849080315321 0.00426602960624547 0.00283836907313058 0.0023508945153631 0
"прекрасные" 0 0 0 0.0114246544042043 0.00426602960624547 0.00709592268282645 0.00470178903072619 0
"приданого" 0 0 0.00967773153972709 0 0 0.00709592268282645 0.00705268354608929 0.0118224271442927
"приезжал" 0 0.00613835860290958 0 0 0 0.00993429175595703 0.00470178903072619 0
"признаться" 0.00330797221303341 0.00613835860290958 0.0145165973095906 0.00285616360105107 0.00426602960624547 0.00141918453656529 0 0.0118224271442927
"приказала" 0.00992391663910023 0 0 0 0.00853205921249093 0.00709592268282645 0.0023508945153631 0.00591121357214636
"принимал" 0.00661594442606682 0.00204611953430319 0.00483886576986354 0.00285616360105107 0.00426602960624547 0.00567673814626116 0.00470178903072619 0
"принимать" 0.00330797221303341 0.00613835860290958 0 0 0.00426602960624547 0.00567673814626116 0.00705268354608929 0
"природе" 0 0 0.00483886576986354 0.00571232720210214 0 0.00993429175595703 0 0.0118224271442927
"прислуга" 0 0.010230597671516 0 0 0 0.00709592268282645 0.00470178903072619 0
"присутствия" 0.00330797221303341 0.00409223906860639 0 0.00285616360105107 0.00853205921249093 0.00567673814626116 0 0.0118224271442927
"приходило" 0.00992391663910023 0 0.00483886576986354 0.00571232720210214 0.0170641184249819 0 0.0023508945153631 0.00591121357214636
"причин" 0 0.0143228367401224 0 0 0.00426602960624547 0.00425755360969587 0.0023508945153631 0
"происходит" 0.00330797221303341 0.00818447813721278 0 0 0.0127980888187364 0.00283836907313058 0.0023508945153631 0.00591121357214636
"проч" 0 0 0.00483886576986354 0 0 0.00993429175595703 0.0023508945153631 0.0177336407164391
"прочесть" 0.00661594442606682 0.00204611953430319 0.00483886576986354 0.00571232720210214 0 0.00425755360969587 0.00705268354608929 0
"пшеницына" 0 0 0 0 0 0 0.0282107341843571 0
"пшеницыных" 0 0 0 0 0 0 0.0282107341843571 0
"пыль" 0.00330797221303341 0.00204611953430319 0.00967773153972709 0.00285616360105107 0.0127980888187364 0 0.00705268354608929 0.00591121357214636
"радостно" 0 0.010230597671516 0 0.00285616360105107 0 0.00709592268282645 0.0023508945153631 0
"ранее" 0 0.00613835860290958 0 0 0.00426602960624547 0.00993429175595703 0.0023508945153631 0
"расположении" 0.00661594442606682 0.00204611953430319 0 0 0.00853205921249093 0.00709592268282645 0.00470178903072619 0
"рукописи" 0 0 0 0 0 0.0141918453656529 0.00470178903072619 0
"русской" 0 0.00613835860290958 0 0 0 0.00993429175595703 0.00470178903072619 0
"ручки" 0.00661594442606682 0 0 0 0.00426602960624547 0.00993429175595703 0.0023508945153631 0.00591121357214636
"самолюбие" 0 0.00204611953430319 0 0 0.0213301480312273 0.00567673814626116 0 0.0118224271442927
"свадьба" 0 0.00204611953430319 0.0145165973095906 0 0 0.00141918453656529 0.00940357806145238 0.0177336407164391
"село" 0.00330797221303341 0.00613835860290958 0.0145165973095906 0 0.00426602960624547 0.00567673814626116 0 0
"сердито" 0.00330797221303341 0.00204611953430319 0.00967773153972709 0.0142808180052553 0 0 0.00705268354608929 0
"серьезно" 0.0198478332782005 0 0.00967773153972709 0.00285616360105107 0.00853205921249093 0 0.0023508945153631 0
"сигару" 0.00330797221303341 0.00409223906860639 0.0145165973095906 0.0171369816063064 0 0 0 0
"сильный" 0.00992391663910023 0.00613835860290958 0.00483886576986354 0.00571232720210214 0 0.00425755360969587 0 0
"сладко" 0 0.00204611953430319 0 0.0171369816063064 0 0.00141918453656529 0.00705268354608929 0.00591121357214636
"следующий" 0 0 0.00967773153972709 0.00856849080315321 0.0127980888187364 0.00567673814626116 0 0
"слыхал" 0.00992391663910023 0.00204611953430319 0.00483886576986354 0 0 0.00993429175595703 0 0
"смело" 0.00330797221303341 0.00204611953430319 0.00483886576986354 0 0.00426602960624547 0.00141918453656529 0.00705268354608929 0.0236448542885854
"смехом" 0.00992391663910023 0.00204611953430319 0.00483886576986354 0.00856849080315321 0.00426602960624547 0.00141918453656529 0.0023508945153631 0.00591121357214636
"смутно" 0.00661594442606682 0.00409223906860639 0 0.00571232720210214 0.00426602960624547 0.00283836907313058 0.00705268354608929 0
"снял" 0.0165398610651671 0 0 0.0142808180052553 0 0 0.00470178903072619 0
"собака" 0.00330797221303341 0 0.00483886576986354 0.0257054724094596 0 0.00141918453656529 0 0
"согласен" 0 0.00409223906860639 0.00483886576986354 0.00285616360105107 0 0.00567673814626116 0 0.0236448542885854
"согласие" 0.00330797221303341 0 0.00967773153972709 0 0 0.00851510721939174 0.00705268354608929 0
"сожаления" 0.0132318888521336 0.00204611953430319 0 0 0.00426602960624547 0.00425755360969587 0.0023508945153631 0.0118224271442927
"соседа" 0 0 0.0145165973095906 0 0 0.00141918453656529 0.0188071561229048 0
"соседи" 0 0.00613835860290958 0 0 0 0.0113534762925223 0.0023508945153631 0
"состояния" 0 0.00409223906860639 0.00967773153972709 0.00285616360105107 0.00426602960624547 0.00283836907313058 0.00705268354608929 0.00591121357214636
"средства" 0 0.00409223906860639 0 0.00285616360105107 0.00426602960624547 0.00141918453656529 0.00940357806145238 0.0177336407164391
"старом" 0 0.0143228367401224 0 0 0 0.00425755360969587 0.00470178903072619 0
"старых" 0 0.010230597671516 0 0.00285616360105107 0 0.00567673814626116 0.0023508945153631 0.00591121357214636
"степаном" 0 0 0 0 0 0.0170302144387835 0 0
"столетия" 0.00992391663910023 0.010230597671516 0 0 0 0.00141918453656529 0.00705268354608929 0
"странный" 0.00661594442606682 0.00409223906860639 0.0145165973095906 0 0 0.00141918453656529 0.00705268354608929 0.00591121357214636
"стыда" 0.00661594442606682 0 0.00967773153972709 0 0.00853205921249093 0.00141918453656529 0.00470178903072619 0.0177336407164391
"суд" 0 0.00204611953430319 0 0 0 0.00709592268282645 0.0117544725768155 0.00591121357214636
"сухой" 0.00661594442606682 0.00818447813721278 0 0.00285616360105107 0.00853205921249093 0.00425755360969587 0 0
"существом" 0.00330797221303341 0.00818447813721278 0 0 0 0.00709592268282645 0.0023508945153631 0.00591121357214636
"такому" 0.00330797221303341 0.00613835860290958 0.00483886576986354 0.00285616360105107 0.00426602960624547 0.00425755360969587 0.00470178903072619 0
"тела" 0 0.00204611953430319 0 0.00856849080315321 0 0.00141918453656529 0.0023508945153631 0.0354672814328782
"тетушке" 0 0 0.0580663892383625 0 0 0 0 0
"тогдашнему" 0 0 0 0 0.00426602960624547 0.0113534762925223 0.00705268354608929 0
"толстяк" 0 0.0245534344116383 0 0 0 0 0 0
"тон" 0.00330797221303341 0.00818447813721278 0.00967773153972709 0.00571232720210214 0 0.00283836907313058 0 0.00591121357214636
"увидела" 0.00330797221303341 0.00204611953430319 0 0 0 0.00425755360969587 0.0023508945153631 0.0354672814328782
"уголок" 0 0.010230597671516 0 0.00571232720210214 0.00426602960624547 0.00283836907313058 0.00470178903072619 0
"удар" 0.00992391663910023 0.00204611953430319 0 0 0.00426602960624547 0.00425755360969587 0.00705268354608929 0.00591121357214636
"уехать" 0 0.00613835860290958 0.00967773153972709 0 0.00426602960624547 0.00567673814626116 0.00470178903072619 0
"ужас" 0.00661594442606682 0 0.0193554630794542 0 0.00426602960624547 0.00709592268282645 0 0
"улыбнувшись" 0.00330797221303341 0.0225073148773351 0 0 0 0 0 0
"улыбнулась" 0.00992391663910023 0.00818447813721278 0 0.00856849080315321 0 0.00141918453656529 0 0.00591121357214636
"утром" 0.00661594442606682 0.00409223906860639 0.00483886576986354 0.00571232720210214 0.0127980888187364 0.00141918453656529 0.0023508945153631 0
"учителя" 0.00661594442606682 0 0 0.0171369816063064 0.0127980888187364 0 0.0023508945153631 0
"учиться" 0.0231558054912339 0 0 0.0114246544042043 0.00426602960624547 0 0 0
"философ" 0 0.010230597671516 0 0.00285616360105107 0 0 0.00940357806145238 0.0118224271442927
"французский" 0 0.010230597671516 0.00483886576986354 0.00571232720210214 0.0127980888187364 0 0.0023508945153631 0
"халат" 0.0132318888521336 0 0 0.00571232720210214 0.00426602960624547 0.00567673814626116 0.0023508945153631 0
"характеру" 0.00661594442606682 0.00613835860290958 0 0.00285616360105107 0.00853205921249093 0.00567673814626116 0 0
"хозяйством" 0 0.00409223906860639 0.00967773153972709 0 0 0.00709592268282645 0.00705268354608929 0
"цветами" 0 0.00818447813721278 0.0193554630794542 0 0 0.00141918453656529 0.0023508945153631 0.0118224271442927
"целая" 0 0.00613835860290958 0.00483886576986354 0.00285616360105107 0 0.00425755360969587 0.00940357806145238 0
"четверть" 0.00330797221303341 0.00409223906860639 0.00483886576986354 0 0.0127980888187364 0.00283836907313058 0.0023508945153631 0.0118224271442927
"чтo" 0.0396956665564009 0 0 0 0 0 0 0
"шагов" 0.00661594442606682 0.00818447813721278 0 0 0.0127980888187364 0 0.00470178903072619 0.00591121357214636
"шапку" 0 0.00613835860290958 0 0.00285616360105107 0.00426602960624547 0 0.0164562616075417 0
"шума" 0.00330797221303341 0.0143228367401224 0 0 0.00426602960624547 0.00283836907313058 0.0023508945153631 0
"этак" 0.0132318888521336 0 0.00483886576986354 0.0114246544042043 0 0 0.00705268354608929 0
"языка" 0.00330797221303341 0.00204611953430319 0 0.0114246544042043 0.00426602960624547 0.00709592268282645 0 0
"soldat" 0 0 0 0 0.0511923552749456 0 0 0
"аксютка" 0 0 0 0 0 0.0156110299022182 0 0
"александровну" 0 0.0225073148773351 0 0 0 0 0 0
"анны" 0 0 0.00967773153972709 0 0 0 0 0.0532009221493173
"арине" 0 0 0 0 0 0.0156110299022182 0 0
"бабушкой" 0.00992391663910023 0 0 0 0.00853205921249093 0.00851510721939174 0 0
"багровы" 0 0 0 0 0 0.0156110299022182 0 0
"белую" 0.00330797221303341 0.00818447813721278 0 0 0.00426602960624547 0.00425755360969587 0 0.0118224271442927
"белый" 0.0132318888521336 0.00204611953430319 0 0.00285616360105107 0.00426602960624547 0.00425755360969587 0 0.00591121357214636
"белых" 0.00661594442606682 0 0.00967773153972709 0.0142808180052553 0 0 0 0.0118224271442927
"белье" 0.0198478332782005 0 0 0.00285616360105107 0.00426602960624547 0.00425755360969587 0 0
"беседу" 0 0.0143228367401224 0 0.00285616360105107 0 0.00283836907313058 0.0023508945153631 0
"беспокойство" 0.00992391663910023 0.00204611953430319 0 0.00285616360105107 0.00853205921249093 0.00141918453656529 0 0.0177336407164391
"бессознательно" 0.00661594442606682 0.00409223906860639 0.00483886576986354 0.00285616360105107 0.00426602960624547 0.00567673814626116 0 0
"благословение" 0 0 0 0 0.00426602960624547 0.00851510721939174 0.00940357806145238 0
"богом" 0.00661594442606682 0.00613835860290958 0 0.00571232720210214 0.00426602960624547 0.00283836907313058 0.0023508945153631 0
"боится" 0.00330797221303341 0 0 0.00285616360105107 0.0127980888187364 0 0.0117544725768155 0.00591121357214636
"больших" 0.00992391663910023 0.00409223906860639 0 0 0.00853205921249093 0.00283836907313058 0.00470178903072619 0
"бояться" 0.00992391663910023 0 0 0 0.00426602960624547 0.00709592268282645 0 0.0118224271442927
"брату" 0.00330797221303341 0.00204611953430319 0.00967773153972709 0.00571232720210214 0 0.00425755360969587 0.00470178903072619 0
"братца" 0 0 0.00483886576986354 0 0 0.0127726608290876 0.0023508945153631 0
"бричка" 0.00330797221303341 0.00409223906860639 0 0 0.0170641184249819 0 0.00940357806145238 0
"бугуруслана" 0 0 0 0 0 0.0156110299022182 0 0
"важных" 0 0.010230597671516 0 0.00285616360105107 0 0.00283836907313058 0.0023508945153631 0.0118224271442927
"века" 0.00992391663910023 0.00613835860290958 0 0.00571232720210214 0 0.00283836907313058 0 0.00591121357214636
"видала" 0.00661594442606682 0.00204611953430319 0.00483886576986354 0 0 0.00709592268282645 0.0023508945153631 0.00591121357214636
"вино" 0.00330797221303341 0.00204611953430319 0.00967773153972709 0.00571232720210214 0 0.00141918453656529 0.00940357806145238 0
"виновата" 0.00661594442606682 0.00204611953430319 0.00483886576986354 0 0 0.00993429175595703 0 0
"водой" 0.00661594442606682 0.00409223906860639 0.00483886576986354 0.00285616360105107 0 0.00141918453656529 0.00705268354608929 0.00591121357214636
"возможность" 0.00330797221303341 0.00818447813721278 0 0.00285616360105107 0.00426602960624547 0.00425755360969587 0 0.00591121357214636
"войти" 0.00661594442606682 0 0.0145165973095906 0 0.00426602960624547 0.00709592268282645 0 0
"воле" 0.00330797221303341 0 0.00483886576986354 0.00856849080315321 0.00853205921249093 0.00425755360969587 0.0023508945153631 0
"ворот" 0 0.00613835860290958 0.00483886576986354 0.00856849080315321 0.00853205921249093 0.00141918453656529 0.0023508945153631 0
"времен" 0.00330797221303341 0.00818447813721278 0 0.00571232720210214 0 0.00283836907313058 0.00470178903072619 0
"времена" 0 0 0 0.00285616360105107 0 0.00141918453656529 0.0211580506382679 0
"временем" 0 0.00409223906860639 0 0.00285616360105107 0 0.00993429175595703 0.0023508945153631 0
"всею" 0 0 0 0.00571232720210214 0 0.00283836907313058 0.00705268354608929 0.0236448542885854
"выразить" 0 0.00204611953430319 0.00967773153972709 0.00285616360105107 0.0213301480312273 0.00283836907313058 0 0
"вышло" 0.00330797221303341 0.00204611953430319 0.00483886576986354 0.00285616360105107 0.00426602960624547 0.00709592268282645 0.0023508945153631 0
"главным" 0 0.010230597671516 0.00483886576986354 0.00856849080315321 0 0.00283836907313058 0 0
"горлицыну" 0 0 0 0 0 0 0.0258598396689941 0
"господский" 0 0 0 0 0 0.0113534762925223 0.00705268354608929 0
"гостю" 0 0.0122767172058192 0.00483886576986354 0.00285616360105107 0 0.00141918453656529 0.00470178903072619 0
"графин" 0.00330797221303341 0 0 0.0171369816063064 0 0.00141918453656529 0.00470178903072619 0.00591121357214636
"густые" 0 0.00204611953430319 0.0145165973095906 0.00571232720210214 0 0.00283836907313058 0.00705268354608929 0
"дама" 0.00661594442606682 0.00409223906860639 0 0.00571232720210214 0.00426602960624547 0 0.0023508945153631 0.0177336407164391
"дверей" 0.00661594442606682 0 0 0.00571232720210214 0 0.00425755360969587 0.00705268354608929 0.00591121357214636
"дворовых" 0.00330797221303341 0 0 0 0 0.00993429175595703 0.00705268354608929 0
"девичьей" 0.00661594442606682 0 0 0.00285616360105107 0.0213301480312273 0.00425755360969587 0 0
"делали" 0.00661594442606682 0.00613835860290958 0 0 0.00853205921249093 0.00283836907313058 0.00470178903072619 0
"делалось" 0.00661594442606682 0.00613835860290958 0.00483886576986354 0 0.00426602960624547 0 0.00940357806145238 0
"днях" 0.00330797221303341 0 0.0145165973095906 0 0.00426602960624547 0.00283836907313058 0.00940357806145238 0
"домашний" 0 0.00818447813721278 0 0.00285616360105107 0.00426602960624547 0.00567673814626116 0 0.00591121357214636
"домашних" 0.00330797221303341 0.00409223906860639 0 0.00571232720210214 0 0.00425755360969587 0.0023508945153631 0.0118224271442927
"домика" 0 0.00204611953430319 0.00967773153972709 0.00571232720210214 0 0.00425755360969587 0.00705268354608929 0
"дочка" 0 0 0 0.00285616360105107 0 0.00283836907313058 0.0188071561229048 0
"духе" 0.00992391663910023 0.00204611953430319 0 0 0 0.00709592268282645 0.0023508945153631 0.00591121357214636
"духом" 0.00330797221303341 0 0.00483886576986354 0.00285616360105107 0 0.00709592268282645 0.00470178903072619 0.00591121357214636
"духу" 0.00661594442606682 0.00204611953430319 0.00967773153972709 0 0.00426602960624547 0.00425755360969587 0.00470178903072619 0
"е" 0 0.00204611953430319 0 0 0.00426602960624547 0.00709592268282645 0.00940357806145238 0
"единственного" 0 0.00818447813721278 0 0.00285616360105107 0 0.00851510721939174 0 0
"единственный" 0 0.00204611953430319 0 0.00856849080315321 0 0.00709592268282645 0.00470178903072619 0
"женился" 0 0.00204611953430319 0 0.00285616360105107 0 0.00709592268282645 0.00940357806145238 0
"забубеньева" 0 0 0 0.0314177996115617 0 0 0 0
"запахом" 0.00330797221303341 0 0.00483886576986354 0.00856849080315321 0.00853205921249093 0 0.00940357806145238 0
"заснул" 0 0 0.00967773153972709 0.00285616360105107 0.00853205921249093 0.00851510721939174 0 0
"заставить" 0.00330797221303341 0 0 0 0.00426602960624547 0.00851510721939174 0 0.0177336407164391
"звать" 0 0.00613835860290958 0 0.00571232720210214 0 0.00851510721939174 0 0
"значение" 0.00661594442606682 0.00204611953430319 0 0 0.0127980888187364 0.00283836907313058 0.0023508945153631 0.0118224271442927
"зовут" 0 0.00204611953430319 0.0193554630794542 0.00285616360105107 0.00426602960624547 0.00141918453656529 0.00705268354608929 0
"зубина" 0 0 0 0 0 0.0156110299022182 0 0
"иди" 0.0132318888521336 0.00409223906860639 0 0.0114246544042043 0 0 0 0.00591121357214636
"избы" 0 0.00204611953430319 0.00483886576986354 0.00285616360105107 0.00426602960624547 0.00567673814626116 0.00705268354608929 0
"известный" 0 0 0 0.00285616360105107 0.00853205921249093 0.00567673814626116 0.00705268354608929 0.00591121357214636
"издали" 0 0 0.00483886576986354 0.00571232720210214 0 0.00567673814626116 0.00470178903072619 0.0118224271442927
"изумлением" 0 0.00818447813721278 0.00483886576986354 0.00285616360105107 0 0.00709592268282645 0 0
"имением" 0 0.00409223906860639 0 0 0 0.00993429175595703 0.00470178903072619 0
"исключая" 0.00992391663910023 0 0 0 0.0213301480312273 0.00283836907313058 0 0.00591121357214636
"исполнял" 0.00330797221303341 0 0 0 0.00426602960624547 0.00425755360969587 0.0141053670921786 0
"кабинета" 0.00330797221303341 0.00204611953430319 0 0.0142808180052553 0.00426602960624547 0 0 0.0177336407164391
"кадриль" 0.0165398610651671 0 0 0 0 0 0 0.0354672814328782
"каждая" 0.00661594442606682 0.00613835860290958 0.00483886576986354 0 0.00426602960624547 0.00283836907313058 0.00470178903072619 0
"каждой" 0.00330797221303341 0.00613835860290958 0 0.00285616360105107 0.00426602960624547 0 0.0117544725768155 0
"казаться" 0.0198478332782005 0.00204611953430319 0 0 0.00853205921249093 0.00141918453656529 0 0.00591121357214636
"какому" 0 0.00613835860290958 0.00483886576986354 0 0 0.00425755360969587 0.00470178903072619 0.0118224271442927
"калмыка" 0 0 0 0 0 0.0156110299022182 0 0
"карлыч" 0 0.0225073148773351 0 0 0 0 0 0
"кате" 0 0 0 0 0 0 0.0258598396689941 0
"количество" 0.00330797221303341 0 0.00483886576986354 0.00856849080315321 0 0.00283836907313058 0.00705268354608929 0.00591121357214636
"коляску" 0.00992391663910023 0.00613835860290958 0.00483886576986354 0 0 0.00567673814626116 0 0
"красавицы" 0 0.00613835860290958 0 0.00856849080315321 0 0.00567673814626116 0 0.00591121357214636
"крупные" 0.00661594442606682 0 0.0241943288493177 0.00285616360105107 0.00426602960624547 0.00141918453656529 0 0.00591121357214636
"крыльце" 0 0.00409223906860639 0.00483886576986354 0 0.00426602960624547 0.00851510721939174 0.0023508945153631 0
"крыльцу" 0.00992391663910023 0 0 0.00285616360105107 0.00853205921249093 0.00425755360969587 0.00470178903072619 0
"купить" 0.00330797221303341 0.00204611953430319 0.00483886576986354 0.00285616360105107 0 0.00709592268282645 0.0023508945153631 0.00591121357214636
"кушанье" 0 0 0.00967773153972709 0.00285616360105107 0.00426602960624547 0.00851510721939174 0.0023508945153631 0
"лат" 0 0.00204611953430319 0 0.0257054724094596 0 0 0 0.00591121357214636
"лениво" 0.00661594442606682 0.0122767172058192 0 0.00285616360105107 0.00426602960624547 0 0.0023508945153631 0
"личности" 0 0 0 0.00856849080315321 0 0.00141918453656529 0.0141053670921786 0.00591121357214636
"лукаво" 0 0.010230597671516 0.00483886576986354 0.00571232720210214 0 0 0.00705268354608929 0
"лучшие" 0.00661594442606682 0.00204611953430319 0 0.00571232720210214 0 0.00141918453656529 0.0117544725768155 0
"любимого" 0.00330797221303341 0.00409223906860639 0 0.00285616360105107 0.00426602960624547 0.00567673814626116 0.00470178903072619 0
"любимую" 0.00330797221303341 0.00204611953430319 0 0.00571232720210214 0.00853205921249093 0.00567673814626116 0.0023508945153631 0
"людях" 0.00330797221303341 0.0122767172058192 0 0.00285616360105107 0 0.00141918453656529 0.0023508945153631 0.00591121357214636
"маленькая" 0.0198478332782005 0.00204611953430319 0.00483886576986354 0.00285616360105107 0 0.00141918453656529 0.0023508945153631 0
"маленьких" 0 0.00613835860290958 0 0.00285616360105107 0.00426602960624547 0.00567673814626116 0.00470178903072619 0
"махнул" 0 0 0 0.00571232720210214 0.00426602960624547 0.00283836907313058 0.0141053670921786 0
"мелким" 0 0.00409223906860639 0.00483886576986354 0.00571232720210214 0 0.00851510721939174 0 0
"мельницы" 0.00661594442606682 0 0 0.0114246544042043 0 0.00425755360969587 0.00470178903072619 0
"мест" 0.00330797221303341 0.00204611953430319 0.00483886576986354 0.0114246544042043 0 0.00283836907313058 0.00470178903072619 0
"мечтаний" 0 0.00613835860290958 0 0.0114246544042043 0.00853205921249093 0.00141918453656529 0.0023508945153631 0
"многое" 0 0.00409223906860639 0.0193554630794542 0.00285616360105107 0 0.00425755360969587 0 0.00591121357214636
"молчание" 0.00661594442606682 0 0.0290331946191813 0.00285616360105107 0 0.00283836907313058 0 0
"мыслью" 0.00330797221303341 0.00204611953430319 0.00483886576986354 0.00571232720210214 0.00426602960624547 0.00283836907313058 0.00705268354608929 0
"надеялась" 0.00661594442606682 0 0.00967773153972709 0 0.00426602960624547 0.00709592268282645 0.0023508945153631 0
"написано" 0.00992391663910023 0.00204611953430319 0.00483886576986354 0 0 0.00709592268282645 0.0023508945153631 0
"народа" 0.00330797221303341 0.00409223906860639 0 0 0 0.00709592268282645 0.00705268354608929 0
"наслаждением" 0.00330797221303341 0.00409223906860639 0.00483886576986354 0.00285616360105107 0 0.00425755360969587 0.00470178903072619 0.00591121357214636
"наследство" 0 0 0.00483886576986354 0 0.00426602960624547 0.00283836907313058 0.0141053670921786 0.00591121357214636
"насон" 0 0 0 0 0 0 0.0258598396689941 0
"настоящего" 0 0.00613835860290958 0 0.00571232720210214 0 0.00425755360969587 0.00705268354608929 0
"начиная" 0 0.00409223906860639 0 0.00285616360105107 0.0170641184249819 0.00425755360969587 0.0023508945153631 0
"небо" 0.00661594442606682 0.00204611953430319 0.00483886576986354 0.00285616360105107 0.00853205921249093 0.00283836907313058 0.0023508945153631 0.00591121357214636
"невесткой" 0 0 0 0 0 0.0141918453656529 0.0023508945153631 0
"невестой" 0 0.010230597671516 0.00483886576986354 0 0 0.00709592268282645 0 0
"нежностью" 0 0 0 0.00856849080315321 0 0.00993429175595703 0 0.00591121357214636
"неравно" 0 0 0.00483886576986354 0.00285616360105107 0 0 0.0164562616075417 0.0118224271442927
"нескольку" 0.00330797221303341 0 0 0.00571232720210214 0 0.00141918453656529 0.0141053670921786 0.00591121357214636
"несчастного" 0.00661594442606682 0 0 0.0114246544042043 0.00426602960624547 0.00425755360969587 0.0023508945153631 0
"несчастный" 0.00330797221303341 0 0.00483886576986354 0.00571232720210214 0.0127980888187364 0.00425755360969587 0.0023508945153631 0
"неудачи" 0.00330797221303341 0.00204611953430319 0.00483886576986354 0.00285616360105107 0 0 0.0023508945153631 0.0354672814328782
"неудовольствия" 0 0.00613835860290958 0 0.00571232720210214 0 0.00851510721939174 0 0
"ниже" 0.00661594442606682 0.00204611953430319 0.00483886576986354 0.00285616360105107 0.00853205921249093 0.00283836907313058 0.0023508945153631 0.00591121357214636
"низко" 0 0 0.0290331946191813 0.00285616360105107 0 0.00283836907313058 0.00470178903072619 0
"николенька" 0.0198478332782005 0 0 0 0.0170641184249819 0.00141918453656529 0 0
"ничем" 0 0.00204611953430319 0 0.00285616360105107 0.0127980888187364 0.00425755360969587 0.00705268354608929 0
"ничто" 0.00661594442606682 0.00613835860290958 0 0 0.00853205921249093 0 0.00705268354608929 0.00591121357214636
"новому" 0 0.00409223906860639 0 0 0 0.00851510721939174 0.00470178903072619 0.00591121357214636
"нужен" 0.00992391663910023 0.00613835860290958 0.00483886576986354 0 0.00426602960624547 0.00141918453656529 0.0023508945153631 0.00591121357214636
"обеими" 0.0132318888521336 0 0.00967773153972709 0.00856849080315321 0.00426602960624547 0.00141918453656529 0 0
"общей" 0 0.010230597671516 0 0.00285616360105107 0.00853205921249093 0 0.00705268354608929 0
"объявила" 0 0.00204611953430319 0 0.00285616360105107 0 0.00993429175595703 0.00470178903072619 0
"ожидая" 0.0132318888521336 0.00409223906860639 0.00483886576986354 0.00571232720210214 0 0.00283836907313058 0 0
"окнах" 0 0.00409223906860639 0.00967773153972709 0.0114246544042043 0.00426602960624547 0 0.00470178903072619 0
"окну" 0.00330797221303341 0.00613835860290958 0.00483886576986354 0.00571232720210214 0.0170641184249819 0 0 0
"оне" 0 0.0225073148773351 0 0 0 0 0 0
"опасность" 0.00330797221303341 0.00613835860290958 0 0 0.00853205921249093 0.00709592268282645 0 0
"особенного" 0 0.010230597671516 0 0.00571232720210214 0 0.00567673814626116 0 0
"оставили" 0.00330797221303341 0.00409223906860639 0 0 0.00426602960624547 0.00709592268282645 0.0023508945153631 0.00591121357214636
"оставьте" 0 0.010230597671516 0.0145165973095906 0.00571232720210214 0 0.00141918453656529 0 0
"остальные" 0.00330797221303341 0.00204611953430319 0.00483886576986354 0.0114246544042043 0 0.00567673814626116 0 0
"остановил" 0.00661594442606682 0.00204611953430319 0.0145165973095906 0.00285616360105107 0.00853205921249093 0.00283836907313058 0 0
"отворил" 0.00992391663910023 0.00409223906860639 0 0.00571232720210214 0.00853205921249093 0.00141918453656529 0.0023508945153631 0
"отдыха" 0 0.0122767172058192 0 0 0.00426602960624547 0.00283836907313058 0.00470178903072619 0
"относительно" 0 0.010230597671516 0 0.00571232720210214 0 0.00567673814626116 0 0
"отправилась" 0 0.00204611953430319 0 0.00571232720210214 0 0.00709592268282645 0.00705268354608929 0
"отчаянно" 0.00330797221303341 0.00204611953430319 0 0.00856849080315321 0.00853205921249093 0.00283836907313058 0.0023508945153631 0.00591121357214636
"павильоне" 0 0.0225073148773351 0 0 0 0 0 0
"парашине" 0 0 0 0 0 0.0156110299022182 0 0
"парень" 0.00330797221303341 0 0 0 0.00853205921249093 0.0113534762925223 0 0
"передо" 0.00330797221303341 0.00613835860290958 0.0193554630794542 0 0.00426602960624547 0 0.0023508945153631 0.00591121357214636
"петровны" 0 0 0 0.00285616360105107 0 0.00141918453656529 0 0.0532009221493173
"писателя" 0 0 0 0 0 0.0127726608290876 0.0023508945153631 0.00591121357214636
"письмоводитель" 0 0 0 0 0 0 0.0258598396689941 0
"плечи" 0 0 0.00967773153972709 0.0114246544042043 0.00426602960624547 0.00425755360969587 0.0023508945153631 0
"плечу" 0.00330797221303341 0.00409223906860639 0.00483886576986354 0.0142808180052553 0 0.00141918453656529 0.0023508945153631 0
"подали" 0.00330797221303341 0.00204611953430319 0.00967773153972709 0 0 0.00425755360969587 0.00940357806145238 0
"подать" 0.00330797221303341 0.00204611953430319 0.00967773153972709 0.00856849080315321 0 0.00141918453656529 0.00705268354608929 0
"подобно" 0 0.00409223906860639 0 0.00285616360105107 0 0.00283836907313058 0 0.0354672814328782
"подумала" 0 0.00409223906860639 0.00967773153972709 0 0 0.00141918453656529 0.00470178903072619 0.0236448542885854
"подходя" 0.00330797221303341 0.00409223906860639 0.00483886576986354 0.00856849080315321 0.0127980888187364 0.00141918453656529 0 0
"позвать" 0 0.00204611953430319 0 0 0 0.00709592268282645 0.00940357806145238 0.00591121357214636
"пойдемте" 0.00992391663910023 0.00409223906860639 0.00483886576986354 0 0.0127980888187364 0.00283836907313058 0 0
"показаться" 0 0.00409223906860639 0 0 0.00853205921249093 0.00425755360969587 0.00705268354608929 0.00591121357214636
"покое" 0.00330797221303341 0.00818447813721278 0.00483886576986354 0.00571232720210214 0 0.00425755360969587 0 0
"полную" 0.00330797221303341 0.00409223906860639 0.00483886576986354 0.00285616360105107 0 0.00851510721939174 0 0
"полным" 0 0.00204611953430319 0.0145165973095906 0.00571232720210214 0.00426602960624547 0.00425755360969587 0 0.00591121357214636
"полога" 0 0 0 0.0114246544042043 0 0.00993429175595703 0 0
"положением" 0 0.00818447813721278 0 0 0.0127980888187364 0.00567673814626116 0 0
"положению" 0.00330797221303341 0.00409223906860639 0 0 0.00426602960624547 0.00567673814626116 0.0023508945153631 0.0118224271442927
"положить" 0.00661594442606682 0.00613835860290958 0 0.00285616360105107 0 0.00141918453656529 0.00705268354608929 0.00591121357214636
"получили" 0 0.00204611953430319 0 0.00571232720210214 0.00426602960624547 0.00425755360969587 0.00940357806145238 0
"полюбить" 0.00661594442606682 0.00409223906860639 0.00483886576986354 0.00285616360105107 0 0.00709592268282645 0 0
"помилуйте" 0 0 0.0290331946191813 0.00285616360105107 0 0 0.00470178903072619 0.0118224271442927
"помощь" 0.00330797221303341 0.010230597671516 0 0 0 0.00425755360969587 0.0023508945153631 0.00591121357214636
"понимала" 0 0.00204611953430319 0.00483886576986354 0 0 0.00993429175595703 0.0023508945153631 0.00591121357214636
"понравилось" 0.0132318888521336 0 0 0 0.00853205921249093 0.00425755360969587 0.0023508945153631 0.00591121357214636
"понятий" 0 0.00818447813721278 0 0.00571232720210214 0 0.00567673814626116 0 0.00591121357214636
"понятиям" 0.00661594442606682 0.010230597671516 0 0 0.00426602960624547 0 0.0023508945153631 0.0118224271442927
"порядке" 0 0.00204611953430319 0.00483886576986354 0.00285616360105107 0.00426602960624547 0.00709592268282645 0.0023508945153631 0.00591121357214636
"посмотрите" 0 0 0.00483886576986354 0.0228493088084085 0 0 0.0023508945153631 0.00591121357214636
"почем" 0.00992391663910023 0.00204611953430319 0.0290331946191813 0 0 0.00141918453656529 0 0
"почтенного" 0 0 0 0.0285616360105107 0 0.00141918453656529 0 0
"почтительно" 0 0.00409223906860639 0.00483886576986354 0.00571232720210214 0.00853205921249093 0.00567673814626116 0 0
"прасковью" 0 0 0 0 0 0.0113534762925223 0.00705268354608929 0
"превосходно" 0.00330797221303341 0.010230597671516 0 0.00571232720210214 0 0.00283836907313058 0.0023508945153631 0
"предварительно" 0 0 0.00483886576986354 0.0114246544042043 0 0.00851510721939174 0 0
"прежней" 0 0.00818447813721278 0 0.00285616360105107 0 0.00567673814626116 0.00470178903072619 0
"приездом" 0.00330797221303341 0.00613835860290958 0 0 0.00426602960624547 0.00425755360969587 0.00705268354608929 0
"признать" 0 0.00409223906860639 0.00483886576986354 0.00285616360105107 0 0.00567673814626116 0.00470178903072619 0.00591121357214636
"пример" 0 0.010230597671516 0.00483886576986354 0.00571232720210214 0 0.00283836907313058 0 0.00591121357214636
"принимает" 0 0.00204611953430319 0 0 0.0170641184249819 0.00425755360969587 0.00705268354608929 0
"принимала" 0.00330797221303341 0.00204611953430319 0.00483886576986354 0 0 0.00567673814626116 0.00940357806145238 0
"приняли" 0 0.00409223906860639 0.00483886576986354 0 0 0.00993429175595703 0.0023508945153631 0
"присел" 0.00661594442606682 0.00204611953430319 0 0.0114246544042043 0 0.00283836907313058 0.00470178903072619 0
"причем" 0 0 0 0.0228493088084085 0 0.00141918453656529 0.0023508945153631 0.00591121357214636
"провести" 0.00661594442606682 0.00613835860290958 0.00967773153972709 0 0 0.00283836907313058 0.0023508945153631 0.00591121357214636
"проводил" 0.00330797221303341 0 0.00483886576986354 0.00285616360105107 0.00853205921249093 0.00425755360969587 0.00470178903072619 0.00591121357214636
"произвел" 0.00661594442606682 0.00613835860290958 0 0.0114246544042043 0 0.00141918453656529 0 0.00591121357214636
"произнести" 0.00330797221303341 0.00409223906860639 0 0.0142808180052553 0.0127980888187364 0 0 0
"пройдет" 0 0.00409223906860639 0.00483886576986354 0.00571232720210214 0.00426602960624547 0.00425755360969587 0.00470178903072619 0
"простой" 0 0.00204611953430319 0.00483886576986354 0.00571232720210214 0.0127980888187364 0.00283836907313058 0.00470178903072619 0
"проходили" 0.00992391663910023 0 0.00483886576986354 0 0.00426602960624547 0.00425755360969587 0.00470178903072619 0.00591121357214636
"прощенья" 0.00661594442606682 0 0 0.00285616360105107 0 0.0113534762925223 0 0
"пускай" 0.00330797221303341 0.00409223906860639 0 0 0.00853205921249093 0.00141918453656529 0.0117544725768155 0
"пятнадцать" 0.00330797221303341 0.00204611953430319 0.00483886576986354 0.00571232720210214 0.00853205921249093 0.00567673814626116 0 0
"работа" 0 0 0.00483886576986354 0.00856849080315321 0 0.00425755360969587 0.00940357806145238 0
"различных" 0.00330797221303341 0 0 0.0114246544042043 0.0170641184249819 0.00283836907313058 0 0
"расположение" 0.00330797221303341 0.00204611953430319 0.00483886576986354 0.00285616360105107 0.00426602960624547 0.00709592268282645 0.0023508945153631 0
"рассказывал" 0.00661594442606682 0.00204611953430319 0 0.00571232720210214 0.00853205921249093 0.00567673814626116 0 0
"рассказывали" 0.00661594442606682 0.00613835860290958 0 0 0 0.00709592268282645 0.0023508945153631 0
"рассуждал" 0.0132318888521336 0.00204611953430319 0 0.00285616360105107 0.00426602960624547 0.00141918453656529 0.00470178903072619 0.00591121357214636
"ревизор" 0 0 0 0 0 0 0.0258598396689941 0
"река" 0 0.00409223906860639 0 0.00285616360105107 0 0.00709592268282645 0.00705268354608929 0
"россии" 0 0.0122767172058192 0 0 0 0.00283836907313058 0.00705268354608929 0
"русских" 0 0.0143228367401224 0 0 0 0.00425755360969587 0.0023508945153631 0
"ряд" 0.00330797221303341 0.00204611953430319 0 0.0114246544042043 0 0.00283836907313058 0.0023508945153631 0.0118224271442927
"свободе" 0 0.00818447813721278 0 0.00571232720210214 0.00426602960624547 0.00425755360969587 0.0023508945153631 0
"слабый" 0 0 0 0 0.0127980888187364 0.0113534762925223 0 0
"следовательно" 0.00330797221303341 0.00204611953430319 0.00483886576986354 0 0.00853205921249093 0.00709592268282645 0.0023508945153631 0
"слух" 0.00661594442606682 0.00204611953430319 0.00483886576986354 0.00856849080315321 0 0.00425755360969587 0 0.00591121357214636
"случайно" 0 0 0.00483886576986354 0.00571232720210214 0.00426602960624547 0.00283836907313058 0 0.0295560678607318
"смертью" 0.00992391663910023 0.00613835860290958 0 0 0 0.00425755360969587 0.00470178903072619 0
"смотрели" 0.00992391663910023 0.00204611953430319 0.00967773153972709 0 0.0127980888187364 0.00141918453656529 0.0023508945153631 0
"собственными" 0 0.00204611953430319 0 0.00571232720210214 0 0.00851510721939174 0.0023508945153631 0.00591121357214636
"сорока" 0.00661594442606682 0 0.00483886576986354 0.00285616360105107 0.00853205921249093 0.00425755360969587 0.0023508945153631 0.00591121357214636
"спали" 0.00661594442606682 0.00204611953430319 0.00483886576986354 0.00571232720210214 0 0.00567673814626116 0.0023508945153631 0
"спину" 0.0132318888521336 0 0.00483886576986354 0.00571232720210214 0.00853205921249093 0 0.00470178903072619 0
"становились" 0.00330797221303341 0 0.00967773153972709 0 0.00426602960624547 0.00851510721939174 0.0023508945153631 0
"старается" 0 0 0 0.00285616360105107 0.0170641184249819 0.00141918453656529 0.00470178903072619 0.0177336407164391
"старушка" 0.0132318888521336 0 0 0 0 0 0.0164562616075417 0
"сторонам" 0.00330797221303341 0.00409223906860639 0.00483886576986354 0.00285616360105107 0.00426602960624547 0.00283836907313058 0.00705268354608929 0
"стул" 0.00992391663910023 0 0.00483886576986354 0.0142808180052553 0 0 0.00470178903072619 0
"судя" 0.0132318888521336 0 0.0145165973095906 0 0 0.00567673814626116 0 0
"супругу" 0 0.00409223906860639 0 0 0 0.0113534762925223 0.0023508945153631 0
"счастию" 0.00330797221303341 0.00613835860290958 0 0.00285616360105107 0 0.00425755360969587 0 0.0177336407164391
"счастья" 0 0 0.00967773153972709 0.00285616360105107 0.0127980888187364 0.00141918453656529 0.00705268354608929 0.00591121357214636
"счел" 0.00330797221303341 0.00818447813721278 0.00483886576986354 0.00285616360105107 0 0.00567673814626116 0 0
"танцует" 0 0 0 0 0 0 0 0.06502334929361
"твердость" 0.00330797221303341 0.00204611953430319 0 0 0.00426602960624547 0.00993429175595703 0.0023508945153631 0
"твоим" 0 0.00818447813721278 0.00483886576986354 0 0 0.00425755360969587 0.00705268354608929 0
"твоих" 0.00330797221303341 0.00818447813721278 0 0 0.00426602960624547 0.00425755360969587 0.00470178903072619 0
"толку" 0 0.010230597671516 0.00967773153972709 0.00571232720210214 0 0 0.00470178903072619 0
"тяжелое" 0.00661594442606682 0.00204611953430319 0.00483886576986354 0 0.0213301480312273 0 0.00470178903072619 0
"убежден" 0.00992391663910023 0.00409223906860639 0.00483886576986354 0 0.0213301480312273 0 0 0
"увидал" 0.00661594442606682 0 0.00967773153972709 0 0.0170641184249819 0 0.00705268354608929 0
"уезде" 0 0.00204611953430319 0 0 0 0.00425755360969587 0.0164562616075417 0
"уехала" 0.00661594442606682 0.00204611953430319 0.00967773153972709 0 0 0.00567673814626116 0.0023508945153631 0.00591121357214636
"уйти" 0.00330797221303341 0.00409223906860639 0.0145165973095906 0.00285616360105107 0 0.00283836907313058 0 0.0118224271442927
"улицы" 0.00330797221303341 0 0 0.00856849080315321 0 0.00141918453656529 0.0141053670921786 0
"улыбки" 0.00330797221303341 0.00204611953430319 0.00483886576986354 0.00571232720210214 0.00853205921249093 0.00141918453656529 0 0.0177336407164391
"умирающего" 0 0.00613835860290958 0 0 0 0.0113534762925223 0 0
"уроки" 0.00330797221303341 0 0 0.0114246544042043 0.0213301480312273 0 0.0023508945153631 0
"устах" 0.00330797221303341 0.00409223906860639 0 0.0114246544042043 0 0 0 0.0236448542885854
"уфы" 0 0 0 0 0 0.0156110299022182 0 0
"участия" 0.00330797221303341 0.00204611953430319 0 0.00285616360105107 0.0127980888187364 0.00425755360969587 0.0023508945153631 0.00591121357214636
"французском" 0 0.010230597671516 0.00967773153972709 0.00285616360105107 0 0.00283836907313058 0 0.00591121357214636
"хорош" 0.00330797221303341 0.00613835860290958 0 0 0.00426602960624547 0.00425755360969587 0.00470178903072619 0.00591121357214636
"ценить" 0.0132318888521336 0 0 0.00285616360105107 0.00426602960624547 0.00709592268282645 0 0
"цыпочках" 0.0264637777042673 0 0 0.00285616360105107 0 0 0.00470178903072619 0
"частью" 0 0.00409223906860639 0 0.00285616360105107 0 0.00283836907313058 0.0141053670921786 0
"чей" 0.00330797221303341 0.00409223906860639 0.0290331946191813 0.00285616360105107 0.00426602960624547 0 0 0
"черном" 0.00992391663910023 0 0.0145165973095906 0 0.0127980888187364 0 0 0.0118224271442927
"черт" 0 0 0.00967773153972709 0.0142808180052553 0 0.00283836907313058 0 0.0118224271442927
"члены" 0 0 0 0.00571232720210214 0.00853205921249093 0.00141918453656529 0.0023508945153631 0.0295560678607318
"чтение" 0 0.00613835860290958 0 0.00285616360105107 0.00426602960624547 0.00709592268282645 0.0023508945153631 0
"чувствует" 0 0.00409223906860639 0 0.00285616360105107 0.00853205921249093 0.00567673814626116 0 0.0118224271442927
"чудо" 0.00992391663910023 0.00409223906860639 0.00967773153972709 0 0 0.00283836907313058 0 0.0118224271442927
"юношей" 0 0.0163689562744256 0 0.00571232720210214 0 0 0 0.00591121357214636
"явиться" 0 0.00613835860290958 0.00483886576986354 0.0114246544042043 0 0 0.00470178903072619 0.00591121357214636
"une" 0.00330797221303341 0.0184150758087287 0.00483886576986354 0 0 0 0 0
"авенариус" 0 0 0 0 0 0.0141918453656529 0 0
"аксинья" 0 0 0 0 0 0.0141918453656529 0 0
"алакаевой" 0 0 0 0 0 0.0141918453656529 0 0
"александре" 0 0 0 0.00571232720210214 0 0.0113534762925223 0 0
"александрины" 0 0 0 0.0285616360105107 0 0 0 0
"алексеем" 0 0 0 0 0 0.0127726608290876 0.0023508945153631 0
"беду" 0.00330797221303341 0.00818447813721278 0 0 0 0.00425755360969587 0.00470178903072619 0
"белом" 0.00330797221303341 0.00409223906860639 0.00967773153972709 0.0114246544042043 0.00426602960624547 0 0 0
"берегов" 0 0 0 0 0 0.00993429175595703 0.0023508945153631 0.0118224271442927
"беру" 0.00992391663910023 0.00818447813721278 0 0 0 0.00425755360969587 0 0
"блестящие" 0.00661594442606682 0 0.00967773153972709 0.00285616360105107 0 0.00283836907313058 0.00470178903072619 0.00591121357214636
"богат" 0 0.00204611953430319 0.0145165973095906 0 0 0.00283836907313058 0.00940357806145238 0
"богатый" 0 0 0.00483886576986354 0 0 0.00425755360969587 0.00940357806145238 0.0118224271442927
"болезнь" 0.00330797221303341 0.00409223906860639 0 0 0 0.00993429175595703 0 0
"боль" 0.00661594442606682 0 0 0.00856849080315321 0.0127980888187364 0 0 0.0118224271442927
"бросается" 0 0 0.00483886576986354 0.00856849080315321 0.00426602960624547 0 0.00940357806145238 0.00591121357214636
"важное" 0.00330797221303341 0.010230597671516 0 0.00571232720210214 0.00426602960624547 0 0 0.00591121357214636
"вашему" 0 0.00818447813721278 0 0.00571232720210214 0.00426602960624547 0.00141918453656529 0 0.0118224271442927
"веришь" 0 0.00204611953430319 0.00483886576986354 0.0171369816063064 0.00426602960624547 0.00141918453656529 0 0
"веселости" 0.00330797221303341 0.0163689562744256 0 0 0 0.00141918453656529 0 0
"вида" 0.00330797221303341 0.00613835860290958 0 0.0114246544042043 0 0 0.00470178903072619 0
"видны" 0.00661594442606682 0.00409223906860639 0.00483886576986354 0 0 0 0.0117544725768155 0
"вкус" 0.00330797221303341 0.00204611953430319 0.00483886576986354 0.00285616360105107 0 0.00567673814626116 0.00470178903072619 0
"вкусе" 0 0.0204611953430319 0 0 0 0 0 0
"влюбился" 0 0.00204611953430319 0 0 0.00853205921249093 0.00709592268282645 0.0023508945153631 0.00591121357214636
"воде" 0 0.00409223906860639 0 0 0.00426602960624547 0.00567673814626116 0.00705268354608929 0
"волнение" 0 0.00818447813721278 0 0.00285616360105107 0.00853205921249093 0.00425755360969587 0 0
"вольная" 0.00330797221303341 0 0.0338720603890448 0 0 0.00141918453656529 0.0023508945153631 0
"воображал" 0.0165398610651671 0.00204611953430319 0 0 0.0127980888187364 0 0.0023508945153631 0
"воображения" 0.0132318888521336 0 0 0.00571232720210214 0.00426602960624547 0.00283836907313058 0 0.00591121357214636
"вопроса" 0 0.00613835860290958 0 0 0.0127980888187364 0.00425755360969587 0 0.00591121357214636
"восторгом" 0 0.00818447813721278 0 0.00571232720210214 0 0.00283836907313058 0.0023508945153631 0.00591121357214636
"впечатления" 0.00330797221303341 0.00613835860290958 0.00483886576986354 0 0 0.00283836907313058 0.00705268354608929 0
"вскрикнул" 0.00661594442606682 0.00409223906860639 0.0241943288493177 0 0 0.00141918453656529 0 0
"встретить" 0 0.010230597671516 0.00483886576986354 0 0 0 0.00470178903072619 0.0118224271442927
"всякая" 0 0.00818447813721278 0 0 0 0.00567673814626116 0.0023508945153631 0.00591121357214636
"всяком" 0.00330797221303341 0.00409223906860639 0 0.00285616360105107 0 0.00141918453656529 0.00705268354608929 0.0118224271442927
"всякому" 0 0.0122767172058192 0 0 0.00426602960624547 0.00283836907313058 0.0023508945153631 0
"выпили" 0 0.00204611953430319 0 0.00571232720210214 0.00853205921249093 0.00567673814626116 0.0023508945153631 0
"высокого" 0.00661594442606682 0 0.00483886576986354 0.00856849080315321 0 0.00141918453656529 0.00705268354608929 0
"выходить" 0.00992391663910023 0.00818447813721278 0 0.00285616360105107 0.00426602960624547 0 0 0.00591121357214636
"глазам" 0.00992391663910023 0.00204611953430319 0.00967773153972709 0.00285616360105107 0 0.00141918453656529 0.0023508945153631 0.00591121357214636
"глядела" 0 0.0184150758087287 0 0.00285616360105107 0 0 0 0
"гневом" 0 0 0.00483886576986354 0 0.00426602960624547 0.00425755360969587 0.00470178903072619 0.0177336407164391
"головкой" 0.0165398610651671 0 0.00483886576986354 0.00285616360105107 0.00426602960624547 0 0.00470178903072619 0
"гордо" 0.00992391663910023 0 0.0145165973095906 0.00285616360105107 0.00426602960624547 0.00141918453656529 0.0023508945153631 0
"горести" 0.0165398610651671 0.00409223906860639 0 0.00571232720210214 0 0.00141918453656529 0 0
"готова" 0 0.00409223906860639 0.00967773153972709 0.00285616360105107 0 0.00141918453656529 0.00705268354608929 0.00591121357214636
"графине" 0 0.00409223906860639 0.00967773153972709 0 0.00853205921249093 0 0.00940357806145238 0
"громче" 0.0132318888521336 0 0.00967773153972709 0.00571232720210214 0 0.00283836907313058 0 0
"гул" 0.00330797221303341 0 0.0241943288493177 0 0.00853205921249093 0.00141918453656529 0 0.00591121357214636
"густав" 0 0.0143228367401224 0 0 0.0127980888187364 0 0 0
"давать" 0 0 0 0 0.00853205921249093 0.00567673814626116 0.00705268354608929 0.00591121357214636
"дачи" 0 0 0.0483886576986354 0 0 0 0 0
"двенадцать" 0.00330797221303341 0.00409223906860639 0 0.0114246544042043 0.00426602960624547 0.00141918453656529 0.0023508945153631 0
"делаю" 0.00330797221303341 0.00613835860290958 0.0145165973095906 0 0.00853205921249093 0 0.0023508945153631 0
"деревенских" 0 0.00204611953430319 0 0 0 0.00993429175595703 0.00470178903072619 0
"дерево" 0.00661594442606682 0.00409223906860639 0 0.00285616360105107 0 0.00141918453656529 0.00940357806145238 0
"десятин" 0 0 0.0145165973095906 0 0 0.00993429175595703 0 0
"детских" 0.00992391663910023 0.00613835860290958 0 0 0.00426602960624547 0.00425755360969587 0 0
"длинная" 0.00330797221303341 0.00409223906860639 0 0.00285616360105107 0.00853205921249093 0.00425755360969587 0 0.00591121357214636
"дням" 0 0.00204611953430319 0 0.00571232720210214 0.00853205921249093 0.00425755360969587 0.00470178903072619 0
"догадаться" 0 0.00613835860290958 0 0 0 0.00851510721939174 0.0023508945153631 0
"досталось" 0 0 0 0 0.00426602960624547 0.0113534762925223 0.0023508945153631 0
"другою" 0.00661594442606682 0.00409223906860639 0 0.00856849080315321 0.00426602960624547 0.00141918453656529 0.0023508945153631 0
"душою" 0 0 0 0.00285616360105107 0 0.00709592268282645 0 0.0236448542885854
"желает" 0 0.00409223906860639 0.00483886576986354 0 0 0.00567673814626116 0.00470178903072619 0.00591121357214636
"желанию" 0.00661594442606682 0.00204611953430319 0 0 0.00426602960624547 0.00709592268282645 0.0023508945153631 0
"жертву" 0 0.00204611953430319 0 0.00285616360105107 0 0.00141918453656529 0.0117544725768155 0.0118224271442927
"жива" 0.00330797221303341 0 0.00483886576986354 0 0.00853205921249093 0.00709592268282645 0.0023508945153631 0
"жителей" 0 0.00613835860290958 0 0.00285616360105107 0 0.00283836907313058 0.00940357806145238 0
"з" 0 0 0.00483886576986354 0.0257054724094596 0 0 0 0
"замечаю" 0.00330797221303341 0 0.00483886576986354 0 0.0341282368499637 0 0 0
"занял" 0 0.00409223906860639 0 0.0114246544042043 0 0.00141918453656529 0.00705268354608929 0
"заставил" 0.00330797221303341 0.00204611953430319 0 0 0 0.00709592268282645 0.00705268354608929 0
"захочет" 0 0.00613835860290958 0 0.00285616360105107 0 0.00425755360969587 0.00470178903072619 0.00591121357214636
"звук" 0.00330797221303341 0.00204611953430319 0.00483886576986354 0.00856849080315321 0.00426602960624547 0 0.00705268354608929 0
"земель" 0 0.00204611953430319 0 0 0 0.0113534762925223 0.0023508945153631 0
"знакомства" 0.00330797221303341 0.00204611953430319 0.0145165973095906 0 0 0.00141918453656529 0.00940357806145238 0
"знакомым" 0.00330797221303341 0 0 0.0114246544042043 0 0.00567673814626116 0.0023508945153631 0
"знакомых" 0 0 0 0.00285616360105107 0.00853205921249093 0.00993429175595703 0 0
"игра" 0.0165398610651671 0.00613835860290958 0.00483886576986354 0 0 0.00141918453656529 0 0
"играет" 0 0.00204611953430319 0.00483886576986354 0.00285616360105107 0.00853205921249093 0.00283836907313058 0.0023508945153631 0.0118224271442927
"изволите" 0.00992391663910023 0 0.00967773153972709 0.00285616360105107 0 0.00141918453656529 0.00470178903072619 0.00591121357214636
"ирли" 0 0 0 0 0 0.0141918453656529 0 0
"искал" 0.00330797221303341 0.00613835860290958 0 0.00571232720210214 0 0 0.00470178903072619 0.0118224271442927
"искренно" 0.00661594442606682 0.00409223906860639 0 0 0.00853205921249093 0 0.00705268354608929 0.00591121357214636
"испытал" 0.00330797221303341 0.00409223906860639 0.00483886576986354 0 0.00853205921249093 0.00141918453656529 0.0023508945153631 0.0118224271442927
"истинно" 0.00992391663910023 0.00818447813721278 0 0.00285616360105107 0.00426602960624547 0 0 0.00591121357214636
"карловича" 0 0.0204611953430319 0 0 0 0 0 0
"катю" 0 0 0 0 0 0 0.023508945153631 0
"кверху" 0.0198478332782005 0.00204611953430319 0 0.00571232720210214 0 0 0.0023508945153631 0
"книга" 0.00330797221303341 0.00409223906860639 0 0.00856849080315321 0 0.00567673814626116 0 0
"князя" 0.0132318888521336 0 0.0145165973095906 0 0.00426602960624547 0.00141918453656529 0.0023508945153631 0
"конрад" 0 0.0204611953430319 0 0 0 0 0 0
"кончины" 0.00330797221303341 0 0 0.00285616360105107 0.00426602960624547 0.00851510721939174 0 0.00591121357214636
"кости" 0.00992391663910023 0.00204611953430319 0 0 0.00853205921249093 0 0.00705268354608929 0.00591121357214636
"красивый" 0 0.00613835860290958 0 0.00285616360105107 0.0127980888187364 0.00141918453656529 0 0.0118224271442927
"красоте" 0.00330797221303341 0 0 0.0114246544042043 0 0.00283836907313058 0.0023508945153631 0.0118224271442927
"крепости" 0 0.010230597671516 0.00967773153972709 0 0.00426602960624547 0.00141918453656529 0.0023508945153631 0
"крик" 0.00330797221303341 0 0 0.00285616360105107 0 0.00283836907313058 0.0141053670921786 0
"круга" 0.00661594442606682 0.010230597671516 0 0.00285616360105107 0 0.00141918453656529 0.0023508945153631 0
"купец" 0 0 0.00483886576986354 0.00285616360105107 0 0 0.0188071561229048 0
"ладонью" 0 0 0 0.0199931452073575 0.00853205921249093 0 0.0023508945153631 0
"ласки" 0.00330797221303341 0 0 0.00571232720210214 0 0.00709592268282645 0.00470178903072619 0
"лбу" 0.00330797221303341 0 0.00967773153972709 0.0114246544042043 0.00426602960624547 0.00141918453656529 0.0023508945153631 0
"лежали" 0.0132318888521336 0 0.00967773153972709 0.00285616360105107 0 0.00283836907313058 0.0023508945153631 0
"липы" 0.00330797221303341 0.00818447813721278 0 0.00571232720210214 0 0.00283836907313058 0.0023508945153631 0
"личико" 0.0165398610651671 0 0.00483886576986354 0.00285616360105107 0 0.00141918453656529 0.0023508945153631 0.00591121357214636
"майор" 0 0 0 0 0 0.0127726608290876 0.0023508945153631 0
"максимовичу" 0 0 0 0 0 0.00993429175595703 0.00705268354608929 0
"малейшей" 0.00330797221303341 0.00409223906860639 0 0.00856849080315321 0.00426602960624547 0.00283836907313058 0.0023508945153631 0
"маленькими" 0.0132318888521336 0.00409223906860639 0 0 0.00853205921249093 0.00283836907313058 0 0
"моисеич" 0 0 0 0 0 0 0.023508945153631 0
"молодому" 0 0.0143228367401224 0 0 0.00853205921249093 0.00141918453656529 0 0
"молодыми" 0.00661594442606682 0.00204611953430319 0 0 0 0.00851510721939174 0 0.00591121357214636
"моложе" 0.00330797221303341 0.00613835860290958 0 0.00285616360105107 0.00426602960624547 0 0.00470178903072619 0.0118224271442927
"мост" 0 0.00204611953430319 0 0 0 0.00567673814626116 0.00940357806145238 0.00591121357214636
"музыка" 0.00661594442606682 0.00409223906860639 0.00483886576986354 0.00571232720210214 0.00426602960624547 0 0.00470178903072619 0
"наделал" 0.00661594442606682 0.00409223906860639 0 0 0.0127980888187364 0.00283836907313058 0.0023508945153631 0
"налево" 0.0132318888521336 0.00204611953430319 0.00483886576986354 0 0.0127980888187364 0 0.0023508945153631 0
"намек" 0.00330797221303341 0.00409223906860639 0 0.00285616360105107 0 0.00567673814626116 0.0023508945153631 0.00591121357214636
"намерением" 0.00330797221303341 0 0.00967773153972709 0.00285616360105107 0.00853205921249093 0.00425755360969587 0 0.00591121357214636
"наперекор" 0 0.0143228367401224 0 0.00571232720210214 0 0 0 0.00591121357214636
"направлению" 0 0.00409223906860639 0.0193554630794542 0.00285616360105107 0.00853205921249093 0 0 0.00591121357214636
"наступила" 0.00330797221303341 0.00818447813721278 0 0.00285616360105107 0 0.00425755360969587 0 0.00591121357214636
"натура" 0.00661594442606682 0.00818447813721278 0 0 0 0.00425755360969587 0.0023508945153631 0
"находились" 0 0.00409223906860639 0 0.00285616360105107 0.00426602960624547 0.00567673814626116 0.0023508945153631 0.00591121357214636
"небу" 0.00330797221303341 0 0.0145165973095906 0.00285616360105107 0.00426602960624547 0 0.00940357806145238 0
"нежный" 0 0 0 0.00571232720210214 0.00426602960624547 0.00425755360969587 0.00705268354608929 0.00591121357214636
"незаметно" 0.00330797221303341 0.00409223906860639 0.00967773153972709 0.00285616360105107 0.00853205921249093 0.00283836907313058 0 0
"немецки" 0.00661594442606682 0.00409223906860639 0 0.0171369816063064 0 0 0 0
"немудрено" 0 0 0.00483886576986354 0 0 0.00141918453656529 0.0188071561229048 0
"ногой" 0.0132318888521336 0 0 0.00856849080315321 0 0.00283836907313058 0.0023508945153631 0
"нрав" 0 0 0 0 0 0.0127726608290876 0.0023508945153631 0
"обещал" 0 0 0.00483886576986354 0.00571232720210214 0.00426602960624547 0.00709592268282645 0.0023508945153631 0
"обратить" 0.00330797221303341 0.00613835860290958 0.00483886576986354 0.00856849080315321 0 0.00141918453656529 0 0.00591121357214636
"обратно" 0.00661594442606682 0.00204611953430319 0.00967773153972709 0.00285616360105107 0 0 0.0023508945153631 0.0177336407164391
"общим" 0.00330797221303341 0.00204611953430319 0 0.00285616360105107 0 0.00709592268282645 0.00470178903072619 0
"обычаю" 0.00330797221303341 0.00613835860290958 0 0 0 0.00567673814626116 0.00470178903072619 0
"обязанность" 0.00992391663910023 0.00409223906860639 0 0.00571232720210214 0.00426602960624547 0 0.00470178903072619 0
"огромной" 0.00330797221303341 0.00204611953430319 0.00483886576986354 0.00285616360105107 0.00853205921249093 0.00283836907313058 0.00470178903072619 0
"ожидала" 0.00330797221303341 0 0.00483886576986354 0 0 0.00851510721939174 0 0.0118224271442927
"ожидали" 0.00661594442606682 0 0 0 0 0.00851510721939174 0.0023508945153631 0.00591121357214636
"ожидания" 0.00992391663910023 0.00613835860290958 0 0.00285616360105107 0 0.00141918453656529 0.00470178903072619 0
"осипа" 0 0.0204611953430319 0 0 0 0 0 0
"оставшись" 0.00330797221303341 0.010230597671516 0 0 0 0.00567673814626116 0 0
"оставь" 0.00330797221303341 0.00613835860290958 0.00967773153972709 0.00285616360105107 0.00426602960624547 0 0 0.0118224271442927
"останется" 0 0.00204611953430319 0.00483886576986354 0 0.00426602960624547 0.00425755360969587 0.00940357806145238 0
"отвечали" 0 0.00204611953430319 0.00483886576986354 0 0 0.00993429175595703 0.0023508945153631 0
"отсутствие" 0.00661594442606682 0.00204611953430319 0.00483886576986354 0 0 0.00425755360969587 0.00705268354608929 0
"охоте" 0.00330797221303341 0.00613835860290958 0 0.0142808180052553 0 0.00141918453656529 0 0
"пальцы" 0.0132318888521336 0 0.00483886576986354 0 0 0 0.00940357806145238 0.00591121357214636
"парашина" 0 0 0 0 0 0.0141918453656529 0 0
"перчаток" 0.0132318888521336 0.00818447813721278 0.00483886576986354 0 0 0 0 0.00591121357214636
"песню" 0 0 0.00483886576986354 0.0171369816063064 0.00426602960624547 0.00141918453656529 0.0023508945153631 0
"петеньки" 0 0 0 0.0285616360105107 0 0 0 0
"петеньку" 0 0 0 0.0285616360105107 0 0 0 0
"пешком" 0.00330797221303341 0.00818447813721278 0 0.00571232720210214 0 0.00425755360969587 0 0
"плечами" 0.00661594442606682 0.00818447813721278 0 0.00285616360105107 0 0 0.00470178903072619 0.00591121357214636
"побежала" 0 0 0.0145165973095906 0.00285616360105107 0 0.00283836907313058 0 0.0236448542885854
"повел" 0.00661594442606682 0.00409223906860639 0.00483886576986354 0.00285616360105107 0 0.00425755360969587 0.0023508945153631 0
"поверил" 0.00330797221303341 0 0 0 0 0.0127726608290876 0 0
"повторяя" 0.00661594442606682 0.00204611953430319 0.00483886576986354 0.00571232720210214 0.00426602960624547 0.00141918453656529 0 0.0118224271442927
"поднял" 0.0198478332782005 0 0.00483886576986354 0.00285616360105107 0.00426602960624547 0 0 0.00591121357214636
"поднять" 0.00661594442606682 0.00409223906860639 0 0.00571232720210214 0.00853205921249093 0.00141918453656529 0.0023508945153631 0
"подробно" 0 0 0 0 0 0.0141918453656529 0 0
"поехали" 0.0132318888521336 0.00409223906860639 0.00483886576986354 0 0 0.00283836907313058 0.0023508945153631 0
"познакомиться" 0 0.00409223906860639 0 0 0.00426602960624547 0.00567673814626116 0.00705268354608929 0
"покраснел" 0.0165398610651671 0 0 0.0114246544042043 0.00426602960624547 0 0 0
"полгода" 0 0.00818447813721278 0 0 0 0.00709592268282645 0.0023508945153631 0
"положив" 0.0132318888521336 0.00204611953430319 0.0145165973095906 0.00285616360105107 0 0 0.0023508945153631 0
"положила" 0.00661594442606682 0.00204611953430319 0.0193554630794542 0 0.00426602960624547 0.00141918453656529 0.0023508945153631 0
"понимаешь" 0.00992391663910023 0.00204611953430319 0.00483886576986354 0.00571232720210214 0 0 0.00705268354608929 0
"понравилась" 0.00330797221303341 0 0 0 0 0.00709592268282645 0.00470178903072619 0.0118224271442927
"последняя" 0.00661594442606682 0.00613835860290958 0 0 0 0.00425755360969587 0.00470178903072619 0
"постепенно" 0.00992391663910023 0 0.00967773153972709 0 0.00426602960624547 0.00425755360969587 0 0.00591121357214636
"посылал" 0.00330797221303341 0.00409223906860639 0 0.00285616360105107 0.00426602960624547 0.00425755360969587 0.00470178903072619 0
"правде" 0.00661594442606682 0.00613835860290958 0 0 0.00853205921249093 0.00283836907313058 0.0023508945153631 0
"предметов" 0.00661594442606682 0.00409223906860639 0 0.00285616360105107 0.0170641184249819 0 0 0.00591121357214636
"преимущественно" 0.00330797221303341 0 0 0 0.00853205921249093 0.00993429175595703 0 0
"прервал" 0 0.00409223906860639 0.0145165973095906 0.0114246544042043 0 0.00141918453656529 0 0
"привез" 0.00330797221303341 0.00204611953430319 0.00483886576986354 0 0 0.00709592268282645 0.00470178903072619 0
"привел" 0.00992391663910023 0 0.00483886576986354 0.00856849080315321 0 0.00283836907313058 0.0023508945153631 0
"причине" 0 0.00204611953430319 0.00483886576986354 0.00285616360105107 0 0.00425755360969587 0.00940357806145238 0
"происшествия" 0 0 0 0.00856849080315321 0 0.00567673814626116 0.00705268354608929 0
"проси" 0.00330797221303341 0.00818447813721278 0.00967773153972709 0 0.00426602960624547 0.00141918453656529 0.0023508945153631 0
"прочь" 0.00661594442606682 0.00818447813721278 0.0145165973095906 0 0 0.00141918453656529 0 0
"путем" 0 0.00818447813721278 0.00483886576986354 0 0.00853205921249093 0.00141918453656529 0.0023508945153631 0.00591121357214636
"радоваться" 0.00330797221303341 0.00613835860290958 0 0 0 0.00425755360969587 0.00470178903072619 0.00591121357214636
"радостным" 0 0.00409223906860639 0 0 0.00426602960624547 0.00709592268282645 0.00470178903072619 0
"разным" 0 0.00409223906860639 0 0.00285616360105107 0 0.00425755360969587 0.00705268354608929 0.00591121357214636
"рассказала" 0 0.00204611953430319 0 0.00285616360105107 0 0.00709592268282645 0.00705268354608929 0
"расстоянии" 0.00330797221303341 0.00613835860290958 0 0 0.00853205921249093 0.00283836907313058 0.00470178903072619 0
"родине" 0 0.010230597671516 0 0.00285616360105107 0.00853205921249093 0.00141918453656529 0.0023508945153631 0
"рта" 0.00330797221303341 0 0 0.0114246544042043 0 0.00425755360969587 0.00470178903072619 0
"садись" 0 0.00204611953430319 0 0.0228493088084085 0 0.00141918453656529 0 0
"самолюбия" 0 0 0 0.00285616360105107 0.0213301480312273 0.00141918453656529 0 0.0177336407164391
"светло" 0.0132318888521336 0.00204611953430319 0.00483886576986354 0.00285616360105107 0.00853205921249093 0.00141918453656529 0 0
"светлой" 0 0.00613835860290958 0.00483886576986354 0.00856849080315321 0.00853205921249093 0 0 0.00591121357214636
"светских" 0 0.0122767172058192 0 0.00285616360105107 0 0.00283836907313058 0 0.00591121357214636
"свободно" 0.00992391663910023 0.00409223906860639 0 0 0 0 0.00940357806145238 0.00591121357214636
"семье" 0 0 0 0 0 0.0113534762925223 0.00470178903072619 0
"середине" 0.0132318888521336 0.00204611953430319 0 0 0.00426602960624547 0.00425755360969587 0 0.00591121357214636
"серые" 0 0 0.00483886576986354 0.0114246544042043 0.0127980888187364 0.00141918453656529 0.0023508945153631 0
"сестер" 0.00330797221303341 0 0 0 0 0.00993429175595703 0 0.0118224271442927
"силою" 0 0.010230597671516 0 0.00285616360105107 0 0.00283836907313058 0.0023508945153631 0.00591121357214636
"сильной" 0.00992391663910023 0.00204611953430319 0.00483886576986354 0.00571232720210214 0 0 0.00705268354608929 0
"склонность" 0.00330797221303341 0 0 0.00856849080315321 0.0127980888187364 0 0.00705268354608929 0
"слабым" 0 0.010230597671516 0 0 0 0.00283836907313058 0.00470178903072619 0.00591121357214636
"слышишь" 0.00661594442606682 0 0.00483886576986354 0.00856849080315321 0.00426602960624547 0.00141918453656529 0.00470178903072619 0
"собеседника" 0 0.010230597671516 0.00483886576986354 0.00856849080315321 0 0 0.0023508945153631 0
"собирался" 0.00330797221303341 0.00613835860290958 0.00483886576986354 0.00285616360105107 0 0.00141918453656529 0.00705268354608929 0
"собственного" 0 0.00409223906860639 0 0.00285616360105107 0.00853205921249093 0.00425755360969587 0.0023508945153631 0.00591121357214636
"собственные" 0.00330797221303341 0.0122767172058192 0 0 0 0.00425755360969587 0 0
"совершенное" 0 0.00204611953430319 0 0.0114246544042043 0.00426602960624547 0.00567673814626116 0 0
"совесть" 0.00330797221303341 0 0.00483886576986354 0 0 0.00425755360969587 0.0117544725768155 0
"согласиться" 0.00992391663910023 0.00409223906860639 0 0.00571232720210214 0 0.00141918453656529 0.0023508945153631 0.00591121357214636
"спальни" 0.00992391663910023 0 0 0 0 0.00425755360969587 0.00705268354608929 0.00591121357214636
"средств" 0.00330797221303341 0.00613835860290958 0.00483886576986354 0 0 0.00425755360969587 0.0023508945153631 0.00591121357214636
"становилось" 0.00330797221303341 0.00204611953430319 0.0145165973095906 0.00285616360105107 0 0.00567673814626116 0 0
"станции" 0 0.00613835860290958 0.0338720603890448 0 0 0 0 0
"старую" 0.00330797221303341 0.00204611953430319 0.00483886576986354 0.00285616360105107 0 0.00709592268282645 0.0023508945153631 0
"статьи" 0.00330797221303341 0 0 0.00571232720210214 0 0.00567673814626116 0 0.0177336407164391
"статься" 0 0 0 0.00571232720210214 0 0.00141918453656529 0.0117544725768155 0.0118224271442927
"стене" 0.00992391663910023 0 0 0.0142808180052553 0 0 0.00470178903072619 0
"стоят" 0 0.00204611953430319 0 0.00285616360105107 0.0170641184249819 0.00283836907313058 0.00470178903072619 0
"страшное" 0 0.00204611953430319 0 0.00285616360105107 0.00426602960624547 0.00993429175595703 0 0
"сутки" 0 0.00613835860290958 0.00483886576986354 0 0.00426602960624547 0.00283836907313058 0.00705268354608929 0
"существа" 0.00661594442606682 0.00409223906860639 0 0 0 0.00425755360969587 0 0.0177336407164391
"существо" 0 0.00204611953430319 0.0145165973095906 0.00571232720210214 0.00426602960624547 0.00283836907313058 0 0.00591121357214636
"сынка" 0 0 0 0 0 0.00993429175595703 0.00705268354608929 0
"табакерку" 0.00992391663910023 0 0.0145165973095906 0 0.00426602960624547 0 0 0.0177336407164391
"таинственно" 0 0 0 0.00285616360105107 0.0170641184249819 0 0.00470178903072619 0.0177336407164391
"тихий" 0.00330797221303341 0.00204611953430319 0.00483886576986354 0 0 0.00993429175595703 0 0
"торжественно" 0 0.00613835860290958 0.00483886576986354 0.00571232720210214 0 0.00425755360969587 0 0.00591121357214636
"тою" 0.00992391663910023 0 0 0.0142808180052553 0 0.00283836907313058 0 0
"тысячу" 0 0.00818447813721278 0.0145165973095906 0 0.00426602960624547 0.00141918453656529 0.0023508945153631 0
"увы" 0 0.00204611953430319 0 0.00571232720210214 0 0.00283836907313058 0.00705268354608929 0.0118224271442927
"удалиться" 0.00330797221303341 0.010230597671516 0 0 0 0.00283836907313058 0 0.0118224271442927
"удержаться" 0.00992391663910023 0.00613835860290958 0.00483886576986354 0.00571232720210214 0.00426602960624547 0 0 0
"узнаешь" 0.00661594442606682 0.00204611953430319 0.00967773153972709 0 0 0.00283836907313058 0.00470178903072619 0.00591121357214636
"указал" 0 0 0.00483886576986354 0.00571232720210214 0 0.00283836907313058 0.0117544725768155 0
"умной" 0 0.00613835860290958 0 0 0 0.00851510721939174 0.0023508945153631 0
"усы" 0.00330797221303341 0 0.00483886576986354 0.0142808180052553 0 0 0.00470178903072619 0.00591121357214636
"утешение" 0.00992391663910023 0 0.00483886576986354 0.00856849080315321 0.00853205921249093 0.00141918453656529 0 0
"участь" 0.00330797221303341 0.00409223906860639 0.00483886576986354 0 0.00853205921249093 0 0.00705268354608929 0.00591121357214636
"ушах" 0.00992391663910023 0.00204611953430319 0.00483886576986354 0.00285616360105107 0 0.00141918453656529 0.00705268354608929 0
"фигуры" 0 0.00409223906860639 0 0.00571232720210214 0.0127980888187364 0 0.00470178903072619 0.00591121357214636
"филиппа" 0.00330797221303341 0 0 0 0.0383942664562092 0 0 0
"флигель" 0 0 0 0.0114246544042043 0 0.00709592268282645 0.0023508945153631 0
"фразы" 0.00661594442606682 0.00818447813721278 0.00967773153972709 0 0.00426602960624547 0.00141918453656529 0 0
"хлеб" 0 0.00204611953430319 0.00483886576986354 0 0.00426602960624547 0.00567673814626116 0.00705268354608929 0
"холодной" 0.00330797221303341 0.00409223906860639 0.00483886576986354 0.00285616360105107 0 0.00283836907313058 0.00470178903072619 0.00591121357214636
"хорошенькой" 0.00330797221303341 0 0.00967773153972709 0.00285616360105107 0.00426602960624547 0 0.0117544725768155 0
"хохотом" 0.00330797221303341 0 0 0.0171369816063064 0.00426602960624547 0 0.00470178903072619 0
"целовала" 0 0 0 0 0.00426602960624547 0.00567673814626116 0.00705268354608929 0.0118224271442927
"целовать" 0 0 0 0 0.0170641184249819 0.00567673814626116 0.00470178903072619 0
"целом" 0 0.00204611953430319 0 0 0 0.00709592268282645 0 0.0236448542885854
"цель" 0 0.0143228367401224 0.00483886576986354 0.00285616360105107 0 0.00141918453656529 0 0
"человеческого" 0 0.00409223906860639 0 0.00571232720210214 0 0.00425755360969587 0.0023508945153631 0.0118224271442927
"числа" 0 0.00409223906860639 0 0 0 0.00709592268282645 0.00470178903072619 0.00591121357214636
"число" 0 0.00613835860290958 0 0.00285616360105107 0 0.00283836907313058 0.00705268354608929 0.00591121357214636
"чичагова" 0 0 0 0 0 0.0141918453656529 0 0
"чувству" 0.00661594442606682 0 0 0 0.00426602960624547 0.00993429175595703 0 0
"чурасово" 0 0 0 0 0 0.0141918453656529 0 0
"широкий" 0 0.00204611953430319 0 0.00571232720210214 0 0.00851510721939174 0.0023508945153631 0
"шоссе" 0 0 0.0483886576986354 0 0 0 0 0
"шутя" 0 0.00818447813721278 0.00967773153972709 0 0 0.00425755360969587 0.0023508945153631 0
"явилась" 0.00330797221303341 0.00204611953430319 0 0 0 0.0113534762925223 0 0
"являлся" 0 0.00613835860290958 0 0.00285616360105107 0 0.00567673814626116 0.00470178903072619 0
"à" 0.00661594442606682 0.00204611953430319 0 0 0.0213301480312273 0 0.00470178903072619 0
"die" 0.0165398610651671 0 0 0.00571232720210214 0.0127980888187364 0 0 0
"du" 0.00330797221303341 0.00409223906860639 0 0.0114246544042043 0.0127980888187364 0 0 0
"je" 0.00992391663910023 0.010230597671516 0.00483886576986354 0.00285616360105107 0 0 0 0
"sagte" 0 0 0 0 0.0426602960624547 0 0 0
"sie" 0.0165398610651671 0 0 0.00856849080315321 0.00853205921249093 0 0 0
"vi" 0.00330797221303341 0.00409223906860639 0.00967773153972709 0.00285616360105107 0.00426602960624547 0.00141918453656529 0 0.0118224271442927
"арину" 0 0 0 0 0 0.0127726608290876 0 0
"баба" 0.00330797221303341 0 0 0.00856849080315321 0 0.00425755360969587 0.0023508945153631 0.00591121357214636
"бабушку" 0.0165398610651671 0 0 0 0.00426602960624547 0.00425755360969587 0 0
"багров" 0 0 0 0 0 0.0127726608290876 0 0
"бактеева" 0 0 0 0 0 0.0127726608290876 0 0
"барыне" 0 0 0 0 0 0.00709592268282645 0.00940357806145238 0
"барыни" 0.00661594442606682 0 0.00967773153972709 0 0 0.00709592268282645 0 0
"батюшки" 0 0 0 0.0114246544042043 0.00426602960624547 0.00425755360969587 0 0.00591121357214636
"бедную" 0.00330797221303341 0.00204611953430319 0.00483886576986354 0 0 0.00425755360969587 0.00705268354608929 0
"бежит" 0 0 0 0.0114246544042043 0.00426602960624547 0.00283836907313058 0.00470178903072619 0
"благополучно" 0 0.00204611953430319 0 0 0 0.00993429175595703 0.0023508945153631 0
"бледный" 0.00330797221303341 0.00409223906860639 0 0.00571232720210214 0.00426602960624547 0.00141918453656529 0.0023508945153631 0.00591121357214636
"близ" 0 0.00204611953430319 0.00483886576986354 0.00571232720210214 0 0 0.0117544725768155 0
"бобелины" 0 0 0 0.0257054724094596 0 0 0 0
"богато" 0 0 0 0 0 0.0113534762925223 0 0.00591121357214636
"богаты" 0 0.00409223906860639 0.00483886576986354 0 0.0170641184249819 0.00141918453656529 0.0023508945153631 0
"божия" 0.00330797221303341 0 0 0 0.00426602960624547 0.00709592268282645 0.00470178903072619 0
"больным" 0 0.00204611953430319 0 0.00571232720210214 0 0.00851510721939174 0 0
"боялись" 0.00330797221303341 0.00409223906860639 0 0 0.00853205921249093 0.00283836907313058 0.00470178903072619 0
"бричку" 0.00330797221303341 0.00204611953430319 0 0 0.0255961776374728 0 0.0023508945153631 0
"будить" 0 0.00613835860290958 0 0 0 0.00709592268282645 0 0.00591121357214636
"бури" 0 0.00204611953430319 0.00483886576986354 0 0 0.00567673814626116 0.00470178903072619 0.00591121357214636
"важные" 0.00330797221303341 0 0.00483886576986354 0 0.00426602960624547 0 0.00940357806145238 0.0118224271442927
"васильевну" 0 0 0 0 0 0.0127726608290876 0 0
"васильевны" 0 0 0 0.00285616360105107 0 0.0113534762925223 0 0
"великим" 0 0.010230597671516 0 0.00285616360105107 0.00426602960624547 0.00141918453656529 0.0023508945153631 0
"великих" 0 0.00409223906860639 0.00483886576986354 0.00285616360105107 0 0.00141918453656529 0.00470178903072619 0.0118224271442927
"верный" 0 0 0 0.00285616360105107 0 0.00283836907313058 0.0141053670921786 0
"веселый" 0.00330797221303341 0.00409223906860639 0 0.00285616360105107 0 0.00567673814626116 0.0023508945153631 0
"вздор" 0.00661594442606682 0.00409223906860639 0.00483886576986354 0 0.0127980888187364 0 0 0.00591121357214636
"владений" 0 0.0163689562744256 0 0 0 0 0.0023508945153631 0
"вне" 0.00330797221303341 0.00409223906860639 0.00483886576986354 0 0.00426602960624547 0 0.00940357806145238 0
"внизу" 0.00992391663910023 0 0 0.00285616360105107 0.0170641184249819 0 0.0023508945153631 0
"водится" 0 0 0 0.00571232720210214 0 0.00567673814626116 0.00470178903072619 0.00591121357214636
"вожжи" 0.00330797221303341 0 0 0.00285616360105107 0.0127980888187364 0 0.00940357806145238 0
"возразила" 0 0.010230597671516 0.00967773153972709 0.00571232720210214 0 0 0 0
"вопросы" 0.00661594442606682 0 0 0 0.0170641184249819 0.00141918453656529 0.00470178903072619 0
"воротясь" 0 0 0 0 0 0.0127726608290876 0 0
"воскресенье" 0 0 0 0.00285616360105107 0.0170641184249819 0.00567673814626116 0 0
"воспоминание" 0.00330797221303341 0.00204611953430319 0 0 0.0170641184249819 0.00141918453656529 0.00470178903072619 0
"вспомнила" 0.00330797221303341 0.00409223906860639 0 0 0 0.00567673814626116 0.00470178903072619 0
"встать" 0.00992391663910023 0 0 0.00285616360105107 0.00426602960624547 0.00283836907313058 0.00470178903072619 0
"высоты" 0 0 0.00967773153972709 0 0.00853205921249093 0.00141918453656529 0.00940357806145238 0
"выходил" 0.00330797221303341 0 0.00967773153972709 0.00285616360105107 0.00426602960624547 0.00141918453656529 0.00705268354608929 0
"глубины" 0.00330797221303341 0.00204611953430319 0.00967773153972709 0.00285616360105107 0 0.00425755360969587 0.0023508945153631 0
"глубокую" 0 0.00204611953430319 0 0.00285616360105107 0.00426602960624547 0.00567673814626116 0.00470178903072619 0
"говаривал" 0 0 0 0 0 0.00425755360969587 0.0117544725768155 0.00591121357214636
"говоришь" 0.00330797221303341 0.0122767172058192 0 0 0.00426602960624547 0 0.0023508945153631 0
"гордость" 0 0.00613835860290958 0 0 0.00426602960624547 0.00567673814626116 0.0023508945153631 0
"горницу" 0 0 0 0.00285616360105107 0 0.0113534762925223 0 0
"горничную" 0 0.00613835860290958 0 0.00285616360105107 0 0.00425755360969587 0.0023508945153631 0.00591121357214636
"государь" 0 0 0.00967773153972709 0 0.0127980888187364 0.00283836907313058 0.00470178903072619 0
"графом" 0 0.0122767172058192 0 0 0 0 0.0023508945153631 0.0118224271442927
"губернского" 0 0 0 0.0142808180052553 0 0.00283836907313058 0.00470178903072619 0
"гулять" 0.00330797221303341 0.00409223906860639 0.00483886576986354 0.00285616360105107 0.00426602960624547 0.00283836907313058 0 0.00591121357214636
"густой" 0.00330797221303341 0 0.00483886576986354 0 0 0.00567673814626116 0.00705268354608929 0
"давала" 0.00661594442606682 0 0 0.00285616360105107 0.00426602960624547 0.00425755360969587 0.00470178903072619 0
"даму" 0.0132318888521336 0.00613835860290958 0 0 0 0.00283836907313058 0 0
"даю" 0 0.00613835860290958 0.00967773153972709 0 0 0.00141918453656529 0.0023508945153631 0.0118224271442927
"двенадцати" 0 0.00204611953430319 0 0.00285616360105107 0.00426602960624547 0.00709592268282645 0 0.00591121357214636
"дверях" 0 0.00204611953430319 0.0145165973095906 0.00285616360105107 0.00426602960624547 0.00141918453656529 0.0023508945153631 0.00591121357214636
"движением" 0.0165398610651671 0.00204611953430319 0 0 0.00426602960624547 0.00141918453656529 0.0023508945153631 0
"движений" 0.00992391663910023 0 0.00483886576986354 0.00285616360105107 0.00426602960624547 0 0.0023508945153631 0.0118224271442927
"девушкой" 0 0.0122767172058192 0 0 0.00426602960624547 0.00283836907313058 0 0
"дед" 0.00330797221303341 0.00409223906860639 0.00483886576986354 0 0 0.00567673814626116 0.0023508945153631 0
"делами" 0 0.010230597671516 0.00483886576986354 0 0 0 0.00705268354608929 0
"держит" 0.00330797221303341 0.00204611953430319 0 0.00285616360105107 0.00853205921249093 0 0.00940357806145238 0
"добродетели" 0.00330797221303341 0 0 0 0.00853205921249093 0 0 0.0354672814328782
"добром" 0.00330797221303341 0 0 0.00571232720210214 0 0.00425755360969587 0.00705268354608929 0
"домашние" 0 0 0.00483886576986354 0.00285616360105107 0 0.00709592268282645 0.00470178903072619 0
"дочерьми" 0 0 0 0 0.00426602960624547 0.0113534762925223 0 0
"дрожь" 0.0132318888521336 0.00204611953430319 0.00483886576986354 0 0.00426602960624547 0 0.0023508945153631 0.00591121357214636
"дружбу" 0 0.00613835860290958 0 0 0 0.00425755360969587 0.0023508945153631 0.0118224271442927
"друзьями" 0 0.00204611953430319 0.00483886576986354 0.00856849080315321 0.00853205921249093 0.00141918453656529 0.0023508945153631 0
"дрянь" 0 0.00409223906860639 0.00483886576986354 0.00856849080315321 0 0.00141918453656529 0.00470178903072619 0
"душой" 0 0 0.00483886576986354 0.00285616360105107 0.00426602960624547 0.00709592268282645 0.0023508945153631 0
"дядя" 0 0 0 0 0.00853205921249093 0 0.0164562616075417 0
"ехали" 0.00330797221303341 0.00204611953430319 0 0.00285616360105107 0 0.00425755360969587 0.00470178903072619 0.00591121357214636
"жарко" 0.00330797221303341 0 0.00483886576986354 0.00285616360105107 0.00426602960624547 0.00425755360969587 0.0023508945153631 0.00591121357214636
"женщинами" 0 0.00818447813721278 0.00967773153972709 0 0 0.00283836907313058 0 0.00591121357214636
"женщиной" 0 0.0122767172058192 0 0 0 0.00283836907313058 0.0023508945153631 0
"жилет" 0 0 0.00483886576986354 0.0114246544042043 0.00426602960624547 0 0 0.0177336407164391
"жилище" 0 0 0.00483886576986354 0.00571232720210214 0 0 0.0141053670921786 0
"задумчивости" 0.00330797221303341 0.0163689562744256 0 0 0 0 0 0
"заключил" 0.00330797221303341 0 0.00967773153972709 0.00285616360105107 0.0170641184249819 0.00141918453656529 0 0
"замедлил" 0 0.00204611953430319 0 0.0114246544042043 0.00426602960624547 0.00283836907313058 0.0023508945153631 0
"замужества" 0 0.00204611953430319 0 0.00285616360105107 0.00426602960624547 0.00709592268282645 0.0023508945153631 0
"заниматься" 0.00661594442606682 0.00409223906860639 0 0.00285616360105107 0 0.00425755360969587 0.0023508945153631 0
"занять" 0.00330797221303341 0.00204611953430319 0 0.00285616360105107 0 0.00425755360969587 0.00705268354608929 0
"заставило" 0.00661594442606682 0.00409223906860639 0 0.00285616360105107 0.0127980888187364 0 0.0023508945153631 0
"зеленые" 0.00661594442606682 0 0 0.00856849080315321 0 0.00141918453656529 0.0023508945153631 0.0118224271442927
"зеленью" 0 0.010230597671516 0 0.00571232720210214 0.00426602960624547 0 0.0023508945153631 0
"значительно" 0.00330797221303341 0.00409223906860639 0.00483886576986354 0 0 0.00425755360969587 0.0023508945153631 0.00591121357214636
"ивановне" 0.00330797221303341 0 0.00483886576986354 0 0 0.00851510721939174 0 0.00591121357214636
"ивановной" 0 0 0 0 0 0.0127726608290876 0 0
"ивану" 0 0 0 0 0.00426602960624547 0.00709592268282645 0.00470178903072619 0.00591121357214636
"иванычу" 0.0165398610651671 0 0 0 0.00853205921249093 0 0.00470178903072619 0
"играл" 0 0.00818447813721278 0.00967773153972709 0 0.00426602960624547 0.00141918453656529 0.0023508945153631 0
"играют" 0 0 0 0 0.00426602960624547 0 0 0.0472897085771709
"извольте" 0.00661594442606682 0.00204611953430319 0.00483886576986354 0 0 0 0.00705268354608929 0.0118224271442927
"изумления" 0 0.00409223906860639 0 0.00571232720210214 0.00426602960624547 0.00567673814626116 0 0
"ильича" 0 0 0 0 0 0 0.0211580506382679 0
"иосиф" 0 0.0184150758087287 0 0 0 0 0 0
"исключительно" 0.00992391663910023 0 0 0 0 0.00425755360969587 0 0.0177336407164391
"истины" 0.00330797221303341 0.00613835860290958 0 0 0.0170641184249819 0 0.0023508945153631 0
"катенькой" 0.00661594442606682 0 0 0 0.0298622072437183 0 0 0
"кибитка" 0 0 0 0 0 0 0.0211580506382679 0
"кибитки" 0 0 0.0145165973095906 0 0 0 0.0141053670921786 0
"кивнул" 0.00661594442606682 0.00409223906860639 0.00483886576986354 0.00856849080315321 0 0.00141918453656529 0 0
"классной" 0.0132318888521336 0 0 0.00285616360105107 0.0170641184249819 0 0 0
"количеством" 0.00330797221303341 0.00204611953430319 0.00483886576986354 0.00856849080315321 0.00426602960624547 0.00283836907313058 0 0
"комнатах" 0.00330797221303341 0.00818447813721278 0 0 0 0.00283836907313058 0.00470178903072619 0
"конрадович" 0 0.0184150758087287 0 0 0 0 0 0
"кончилось" 0.00330797221303341 0.00204611953430319 0 0 0 0.00567673814626116 0.0023508945153631 0.0118224271442927
"кончился" 0.00661594442606682 0 0 0.0114246544042043 0 0.00141918453656529 0.0023508945153631 0.00591121357214636
"красноречия" 0.00330797221303341 0.00204611953430319 0.00483886576986354 0 0 0.00141918453656529 0.0117544725768155 0
"краю" 0 0.00204611953430319 0 0.0114246544042043 0.0127980888187364 0 0.0023508945153631 0
"крест" 0.00661594442606682 0 0 0 0.00426602960624547 0.00425755360969587 0.00705268354608929 0
"крестьянских" 0 0 0.00483886576986354 0 0 0.00993429175595703 0.0023508945153631 0
"криком" 0 0.00409223906860639 0 0 0 0.00567673814626116 0.00470178903072619 0.00591121357214636
"кровью" 0 0.00409223906860639 0 0.00285616360105107 0 0.00283836907313058 0.00470178903072619 0.0118224271442927
"круг" 0.00330797221303341 0.00409223906860639 0 0.00571232720210214 0.00426602960624547 0.00283836907313058 0.0023508945153631 0
"кстати" 0 0.00204611953430319 0.0145165973095906 0 0 0.00283836907313058 0.00705268354608929 0
"куски" 0 0 0 0.0114246544042043 0.00426602960624547 0.00141918453656529 0.00470178903072619 0.00591121357214636
"лакеи" 0.00661594442606682 0 0.00483886576986354 0.00285616360105107 0 0.00709592268282645 0 0
"лакейской" 0.00330797221303341 0 0 0.0171369816063064 0 0.00283836907313058 0 0
"локтевой" 0 0.0184150758087287 0 0 0 0 0 0
"лучшее" 0.00992391663910023 0.00204611953430319 0.00967773153972709 0.00571232720210214 0 0 0.0023508945153631 0
"любовался" 0 0.00204611953430319 0 0.00285616360105107 0 0.00709592268282645 0.00470178903072619 0
"мальчиком" 0.00661594442606682 0.010230597671516 0.00483886576986354 0 0 0 0.0023508945153631 0
"материи" 0.00330797221303341 0 0 0.00285616360105107 0 0.00425755360969587 0.00470178903072619 0.0118224271442927
"мачехи" 0 0 0 0 0 0.0127726608290876 0 0
"мебель" 0 0.00818447813721278 0 0.00571232720210214 0 0 0.00470178903072619 0.00591121357214636
"мелких" 0 0.00613835860290958 0.00483886576986354 0 0.00426602960624547 0.00425755360969587 0 0.00591121357214636
"мельника" 0 0 0 0.0171369816063064 0 0.00141918453656529 0.00470178903072619 0
"мельница" 0 0 0 0.00571232720210214 0 0.00567673814626116 0.00705268354608929 0
"мельничиха" 0 0 0 0.0257054724094596 0 0 0 0
"мене" 0 0 0 0.0199931452073575 0.00426602960624547 0.00141918453656529 0 0
"мнении" 0.00661594442606682 0 0 0.00571232720210214 0.00426602960624547 0.00283836907313058 0 0.0118224271442927
"мнения" 0.00661594442606682 0.00204611953430319 0.00967773153972709 0 0 0.00425755360969587 0.0023508945153631 0
"мундир" 0.00661594442606682 0.00204611953430319 0 0.00285616360105107 0.00426602960624547 0.00425755360969587 0.0023508945153631 0
"мух" 0.0132318888521336 0 0 0.00571232720210214 0 0.00283836907313058 0.0023508945153631 0
"мысленно" 0.00661594442606682 0 0.00967773153972709 0 0.00853205921249093 0.00141918453656529 0.0023508945153631 0.00591121357214636
"мыслию" 0.00330797221303341 0.00204611953430319 0 0.00285616360105107 0 0.00283836907313058 0 0.0236448542885854
"надолго" 0.00661594442606682 0.00204611953430319 0.00483886576986354 0 0 0.00567673814626116 0.0023508945153631 0
"названием" 0 0.00409223906860639 0 0.0114246544042043 0 0.00283836907313058 0.0023508945153631 0
"названия" 0 0.00204611953430319 0 0.00571232720210214 0 0.00425755360969587 0.00705268354608929 0
"называется" 0 0.00204611953430319 0.00483886576986354 0.00285616360105107 0 0.00709592268282645 0 0.00591121357214636
"называют" 0.00661594442606682 0.00204611953430319 0.00483886576986354 0 0.00426602960624547 0.00425755360969587 0 0.00591121357214636
"наказания" 0.00330797221303341 0 0 0 0.0127980888187364 0.00425755360969587 0.00470178903072619 0
"написала" 0 0.00204611953430319 0 0 0 0.0113534762925223 0 0
"написали" 0 0 0.0145165973095906 0 0 0.00567673814626116 0.00470178903072619 0
"направо" 0.00661594442606682 0.00613835860290958 0.00483886576986354 0 0.0127980888187364 0 0 0
"наряд" 0 0.00818447813721278 0 0.00571232720210214 0 0.00425755360969587 0 0
"настоящей" 0 0.010230597671516 0 0.00856849080315321 0 0.00141918453656529 0 0
"настоящие" 0.00330797221303341 0.00818447813721278 0 0 0 0.00283836907313058 0 0.0118224271442927
"наталью" 0.0297717499173007 0 0 0 0 0 0 0
"находилось" 0.00330797221303341 0.00409223906860639 0 0.00571232720210214 0.00853205921249093 0.00283836907313058 0 0
"началась" 0.00330797221303341 0.00204611953430319 0 0 0 0.00567673814626116 0.00470178903072619 0.00591121357214636
"начинают" 0.00330797221303341 0 0 0 0.0213301480312273 0 0.0023508945153631 0.0118224271442927
"нашли" 0.00661594442606682 0.00204611953430319 0.00483886576986354 0.00285616360105107 0 0.00283836907313058 0.0023508945153631 0.00591121357214636
"небольшим" 0 0.00204611953430319 0.00483886576986354 0.00285616360105107 0 0.00141918453656529 0.0117544725768155 0
"невыразимо" 0 0.00409223906860639 0 0.00571232720210214 0.0213301480312273 0 0 0
"недалеко" 0.00330797221303341 0.00409223906860639 0.00483886576986354 0.00285616360105107 0 0.00425755360969587 0 0.00591121357214636
"недель" 0 0.00409223906860639 0 0 0.00853205921249093 0.00283836907313058 0.00705268354608929 0
"недоставало" 0.0132318888521336 0 0 0 0 0.00425755360969587 0.0023508945153631 0.00591121357214636
"нежным" 0.00330797221303341 0.00204611953430319 0 0.0114246544042043 0.00426602960624547 0.00141918453656529 0.0023508945153631 0
"некоторой" 0 0.00409223906860639 0.00967773153972709 0.00285616360105107 0.00426602960624547 0.00283836907313058 0.0023508945153631 0
"некоторым" 0 0.00409223906860639 0.00483886576986354 0 0.00426602960624547 0.00283836907313058 0.00705268354608929 0
"необходимости" 0.00661594442606682 0 0.00483886576986354 0 0 0.00567673814626116 0.0023508945153631 0.00591121357214636
"несчастная" 0.00661594442606682 0.00204611953430319 0 0 0 0.00425755360969587 0.00470178903072619 0.00591121357214636
"никанор" 0 0 0.0435497919287719 0 0 0 0 0
"никуда" 0.00992391663910023 0.00409223906860639 0 0 0.00426602960624547 0.00283836907313058 0.0023508945153631 0
"ничему" 0 0.00204611953430319 0.00483886576986354 0 0.00853205921249093 0.00567673814626116 0.0023508945153631 0
"новая" 0.00330797221303341 0 0.00483886576986354 0.00285616360105107 0 0.00283836907313058 0.00705268354608929 0.00591121357214636
"нравиться" 0.00661594442606682 0.00613835860290958 0 0.00285616360105107 0 0 0.0023508945153631 0.0118224271442927
"нужным" 0.0132318888521336 0.00204611953430319 0 0.00285616360105107 0 0 0.00705268354608929 0
"обещания" 0.00330797221303341 0 0 0.00856849080315321 0.00426602960624547 0.00425755360969587 0.0023508945153631 0
"обиды" 0.00330797221303341 0.00204611953430319 0 0 0 0.00283836907313058 0.00470178903072619 0.0177336407164391
"области" 0 0.00204611953430319 0 0.00285616360105107 0.00426602960624547 0.00709592268282645 0 0.00591121357214636
"обращение" 0 0 0 0 0.00853205921249093 0.00567673814626116 0.00705268354608929 0
"общему" 0.00330797221303341 0.00409223906860639 0 0 0 0.00567673814626116 0.00470178903072619 0
"огорчить" 0.00661594442606682 0.00204611953430319 0 0 0 0.00283836907313058 0.00470178903072619 0.0118224271442927
"ожидает" 0 0.00204611953430319 0 0.00285616360105107 0.0127980888187364 0.00141918453656529 0.00470178903072619 0.00591121357214636
"озерский" 0 0.0184150758087287 0 0 0 0 0 0
"олиньке" 0 0 0 0 0 0 0 0.0532009221493173
"ольги" 0 0.0163689562744256 0 0 0 0 0 0.00591121357214636
"опустив" 0.00992391663910023 0 0 0.00285616360105107 0.0127980888187364 0.00141918453656529 0.0023508945153631 0
"основании" 0.00992391663910023 0.00204611953430319 0.00483886576986354 0 0.00426602960624547 0.00141918453656529 0.0023508945153631 0.00591121357214636
"особ" 0.0132318888521336 0 0 0 0.00426602960624547 0.00283836907313058 0.0023508945153631 0.00591121357214636
"остальное" 0.00330797221303341 0 0.00483886576986354 0 0 0.00851510721939174 0.0023508945153631 0
"остаток" 0.00330797221303341 0.00409223906860639 0.00483886576986354 0.00285616360105107 0 0.00283836907313058 0.0023508945153631 0.00591121357214636
"отворилась" 0.00330797221303341 0 0.00967773153972709 0.00571232720210214 0 0.00283836907313058 0.0023508945153631 0.00591121357214636
"открыть" 0.00330797221303341 0.00204611953430319 0.00483886576986354 0.00571232720210214 0.00426602960624547 0.00283836907313058 0 0.00591121357214636
"отошел" 0.0132318888521336 0.00409223906860639 0.00967773153972709 0.00285616360105107 0 0 0 0
"отрадно" 0.00992391663910023 0.00204611953430319 0 0 0.00426602960624547 0.00283836907313058 0.00470178903072619 0
"отрывка" 0 0 0 0 0 0.0127726608290876 0 0
"парашенька" 0 0 0 0 0 0.0113534762925223 0.0023508945153631 0
"парк" 0 0.00818447813721278 0.0193554630794542 0 0 0 0.0023508945153631 0
"парка" 0 0.0163689562744256 0.00483886576986354 0 0 0 0 0
"парфенка" 0 0 0 0.0257054724094596 0 0 0 0
"первому" 0.00330797221303341 0.00613835860290958 0 0 0 0.00283836907313058 0.00470178903072619 0.00591121357214636
"перчатку" 0.0165398610651671 0.00204611953430319 0 0.00571232720210214 0 0 0 0.00591121357214636
"песнями" 0 0 0 0.00285616360105107 0 0.00567673814626116 0.00940357806145238 0
"петеньке" 0 0 0 0.0257054724094596 0 0 0 0
"петь" 0 0.00409223906860639 0.00483886576986354 0.00285616360105107 0.00853205921249093 0.00425755360969587 0 0
"план" 0 0.00204611953430319 0 0.0142808180052553 0 0.00425755360969587 0 0
"плеч" 0 0 0 0.0114246544042043 0 0 0.00705268354608929 0.0118224271442927
"побледнел" 0.00661594442606682 0.00818447813721278 0 0 0 0.00141918453656529 0.00470178903072619 0
"повеса" 0.00330797221303341 0.00204611953430319 0 0.00285616360105107 0.00426602960624547 0 0 0.0295560678607318
"повести" 0 0 0 0.0171369816063064 0 0.00141918453656529 0 0.0118224271442927
"погодина" 0 0 0 0 0 0.0127726608290876 0 0
"подобное" 0 0 0.00483886576986354 0.00856849080315321 0 0.00283836907313058 0.00470178903072619 0.00591121357214636
"подходил" 0.0132318888521336 0.00204611953430319 0 0.00285616360105107 0.00426602960624547 0 0.00470178903072619 0
"поехал" 0 0 0.00967773153972709 0 0 0.00425755360969587 0.00470178903072619 0.0118224271442927
"поехала" 0.00330797221303341 0.00204611953430319 0 0.00285616360105107 0 0.00709592268282645 0.0023508945153631 0
"показался" 0.00330797221303341 0 0.0145165973095906 0 0.00853205921249093 0.00425755360969587 0 0
"покорно" 0 0 0.0241943288493177 0.00856849080315321 0.00426602960624547 0 0 0
"полного" 0 0.00818447813721278 0 0 0 0.00425755360969587 0.0023508945153631 0.00591121357214636
"пользовался" 0.00330797221303341 0 0 0.00285616360105107 0.00426602960624547 0.00425755360969587 0.00705268354608929 0
"помилуй" 0.00330797221303341 0 0.00967773153972709 0 0 0.00709592268282645 0.0023508945153631 0
"понимает" 0.00330797221303341 0.00204611953430319 0 0 0.0127980888187364 0.00283836907313058 0.0023508945153631 0.00591121357214636
"поправить" 0.00330797221303341 0.00409223906860639 0 0.00285616360105107 0.0127980888187364 0.00141918453656529 0.0023508945153631 0
"поры" 0 0 0.00483886576986354 0.00285616360105107 0.0213301480312273 0 0.00470178903072619 0
"посетителей" 0 0.00409223906860639 0 0.00285616360105107 0.00426602960624547 0.00425755360969587 0.00470178903072619 0
"последнего" 0 0.010230597671516 0.00483886576986354 0 0 0.00141918453656529 0.00470178903072619 0
"последовал" 0.00330797221303341 0.00204611953430319 0.00483886576986354 0.0114246544042043 0 0.00141918453656529 0.0023508945153631 0
"поступки" 0.00992391663910023 0 0 0 0.0127980888187364 0.00141918453656529 0.0023508945153631 0.00591121357214636
"пошло" 0.00661594442606682 0.00204611953430319 0.00967773153972709 0.00285616360105107 0 0.00141918453656529 0.0023508945153631 0.00591121357214636
"поэзии" 0.00330797221303341 0.00409223906860639 0 0.00571232720210214 0.00853205921249093 0.00141918453656529 0 0.00591121357214636
"предводителя" 0 0 0 0.00285616360105107 0 0 0.0188071561229048 0
"предлогом" 0.00661594442606682 0.00409223906860639 0 0 0 0.00567673814626116 0 0.00591121357214636
"предложил" 0.00330797221303341 0.00409223906860639 0.00483886576986354 0.00285616360105107 0 0.00283836907313058 0.0023508945153631 0.00591121357214636
"предмете" 0.00661594442606682 0.00818447813721278 0 0.00285616360105107 0.00853205921249093 0 0 0
"презрительно" 0.0132318888521336 0.00204611953430319 0.00967773153972709 0 0.00853205921249093 0 0 0
"прекрасных" 0 0 0.00967773153972709 0.00285616360105107 0 0.00141918453656529 0.00470178903072619 0.0177336407164391
"прелести" 0.00330797221303341 0.00818447813721278 0 0.00285616360105107 0.00853205921249093 0 0 0.00591121357214636
"прибавить" 0 0.00204611953430319 0.00483886576986354 0 0 0.00425755360969587 0.00940357806145238 0
"привезли" 0.00330797221303341 0 0.00483886576986354 0.00285616360105107 0 0.00709592268282645 0 0.00591121357214636
"приезде" 0 0.00204611953430319 0.00483886576986354 0.00571232720210214 0 0.00283836907313058 0.00705268354608929 0
"признак" 0.00661594442606682 0.00204611953430319 0 0 0.0127980888187364 0.00283836907313058 0.0023508945153631 0
"признаки" 0 0.00204611953430319 0 0 0.00853205921249093 0.00709592268282645 0.0023508945153631 0
"прилично" 0.00661594442606682 0.00613835860290958 0.00483886576986354 0 0.00426602960624547 0 0.00470178903072619 0
"примеру" 0 0.00409223906860639 0.0145165973095906 0 0 0.00425755360969587 0.0023508945153631 0
"принесла" 0.00992391663910023 0.00409223906860639 0.00483886576986354 0 0 0.00283836907313058 0.0023508945153631 0
"принесли" 0.00330797221303341 0.00409223906860639 0 0 0.00426602960624547 0.00567673814626116 0 0.00591121357214636
"принужден" 0.00330797221303341 0 0 0.00571232720210214 0.00853205921249093 0.00425755360969587 0 0.00591121357214636
"приняв" 0 0 0 0.00571232720210214 0.00426602960624547 0.00709592268282645 0.0023508945153631 0
"присутствием" 0.00330797221303341 0.0122767172058192 0.00483886576986354 0 0 0.00141918453656529 0 0
"причиною" 0.00330797221303341 0 0 0.00285616360105107 0.00426602960624547 0.00851510721939174 0 0
"приятное" 0.00330797221303341 0.00204611953430319 0.00483886576986354 0.00571232720210214 0.00426602960624547 0 0.00470178903072619 0.00591121357214636
"приятный" 0.00661594442606682 0 0 0.0114246544042043 0 0.00141918453656529 0.00470178903072619 0
"произошло" 0 0.010230597671516 0 0.00285616360105107 0 0.00283836907313058 0.0023508945153631 0
"простите" 0.00661594442606682 0.00409223906860639 0 0 0 0.00141918453656529 0.00470178903072619 0.0118224271442927
"пространство" 0.00330797221303341 0.00409223906860639 0.0145165973095906 0 0 0.00425755360969587 0 0
"просьбы" 0 0 0 0 0 0.0127726608290876 0 0
"прошлого" 0.0132318888521336 0.00818447813721278 0.00483886576986354 0 0 0 0 0
"прощаться" 0.0165398610651671 0.00204611953430319 0 0 0 0.00425755360969587 0 0
"радовался" 0 0.00613835860290958 0 0 0 0.00425755360969587 0.00705268354608929 0
"разговоров" 0 0.00409223906860639 0 0 0.00426602960624547 0.00851510721939174 0 0
"рассеянно" 0 0.00818447813721278 0.00483886576986354 0 0 0.00141918453656529 0 0.0177336407164391
"рассказывала" 0.00992391663910023 0 0 0 0 0.00709592268282645 0.0023508945153631 0
"рассудил" 0 0 0 0.0142808180052553 0 0.00567673814626116 0 0
"рассуждения" 0 0 0.00483886576986354 0 0.0170641184249819 0 0 0.0236448542885854
"ребенком" 0.00330797221303341 0.00204611953430319 0.00483886576986354 0 0.00426602960624547 0.00567673814626116 0.0023508945153631 0
"ревности" 0 0.00204611953430319 0 0 0.00853205921249093 0.00283836907313058 0.00940357806145238 0
"речка" 0 0.00818447813721278 0 0.00285616360105107 0 0.00283836907313058 0.00470178903072619 0
"речки" 0 0.00613835860290958 0 0.00285616360105107 0 0.00709592268282645 0 0
"решения" 0 0.00818447813721278 0 0 0 0.00141918453656529 0.00940357806145238 0
"решено" 0 0.00204611953430319 0.00483886576986354 0 0 0.00425755360969587 0.00940357806145238 0
"родителям" 0 0 0 0 0 0.00993429175595703 0.0023508945153631 0.00591121357214636
"росла" 0 0 0.00483886576986354 0 0.00426602960624547 0.00283836907313058 0.00470178903072619 0.0177336407164391
"рощи" 0 0.00409223906860639 0.00483886576986354 0 0.00426602960624547 0.00141918453656529 0.00940357806145238 0
"русском" 0 0.00204611953430319 0 0.00571232720210214 0 0.00567673814626116 0.00470178903072619 0
"ручке" 0.00661594442606682 0 0 0.00571232720210214 0.00426602960624547 0 0.00705268354608929 0.00591121357214636
"рыбу" 0 0 0 0 0.00426602960624547 0.00993429175595703 0.0023508945153631 0
"садясь" 0 0.00818447813721278 0.00483886576986354 0.00285616360105107 0.00426602960624547 0.00141918453656529 0.0023508945153631 0
"самою" 0.00330797221303341 0 0 0.0114246544042043 0 0.00425755360969587 0 0.00591121357214636
"светской" 0 0.0143228367401224 0 0.00285616360105107 0 0.00141918453656529 0 0
"свидании" 0 0.00818447813721278 0.00483886576986354 0 0.00853205921249093 0.00283836907313058 0 0
"сделано" 0.00330797221303341 0.00409223906860639 0 0 0 0.00283836907313058 0.00940357806145238 0
"семейств" 0 0.0163689562744256 0 0 0 0.00141918453656529 0 0
"сергеевич" 0 0 0 0 0 0.00141918453656529 0.0117544725768155 0.0177336407164391
"сестрицы" 0 0 0 0 0 0.0127726608290876 0 0
"силе" 0 0.00204611953430319 0 0.00571232720210214 0 0.00141918453656529 0 0.0295560678607318
"сильного" 0.00330797221303341 0.00409223906860639 0 0.00285616360105107 0.00426602960624547 0.00283836907313058 0.00470178903072619 0
"сильном" 0.0165398610651671 0.00409223906860639 0 0 0 0.00283836907313058 0 0
"сильную" 0 0 0 0.0114246544042043 0 0.00567673814626116 0.0023508945153631 0
"сиятельство" 0.00992391663910023 0 0.0290331946191813 0 0 0 0 0
"скамейку" 0.00330797221303341 0.00818447813721278 0 0.00285616360105107 0 0.00141918453656529 0.00470178903072619 0
"слову" 0 0.00204611953430319 0 0 0.00426602960624547 0.00283836907313058 0.0117544725768155 0
"службы" 0.00330797221303341 0.00204611953430319 0 0 0 0.00425755360969587 0.00470178903072619 0.0118224271442927
"служит" 0.00330797221303341 0 0.0241943288493177 0 0.00426602960624547 0.00141918453656529 0 0.00591121357214636
"смеются" 0 0.00613835860290958 0 0.00285616360105107 0.00426602960624547 0.00141918453656529 0.00470178903072619 0.00591121357214636
"смысла" 0.00661594442606682 0.00613835860290958 0 0 0 0 0.00940357806145238 0
"снег" 0.00330797221303341 0.00409223906860639 0 0.00571232720210214 0.00426602960624547 0.00283836907313058 0 0.00591121357214636
"собаки" 0.00992391663910023 0 0 0.0114246544042043 0 0 0.00470178903072619 0
"собственных" 0 0.00613835860290958 0 0.00285616360105107 0 0.00425755360969587 0.00470178903072619 0
"содержание" 0.00330797221303341 0.00204611953430319 0.00967773153972709 0.00285616360105107 0 0 0.00940357806145238 0
"сожалению" 0 0.010230597671516 0 0 0 0.00425755360969587 0.0023508945153631 0
"соседней" 0 0.00818447813721278 0 0 0 0.00709592268282645 0 0
"сотни" 0 0.00613835860290958 0.00483886576986354 0 0 0.00283836907313058 0.00705268354608929 0
"спешил" 0 0 0.00967773153972709 0 0.00426602960624547 0.00425755360969587 0.00705268354608929 0
"сряду" 0.00330797221303341 0.00613835860290958 0 0 0.00426602960624547 0.00283836907313058 0 0.0118224271442927
"старину" 0 0.00409223906860639 0 0.00285616360105107 0 0.00851510721939174 0 0
"старший" 0.00661594442606682 0.00818447813721278 0 0 0.00426602960624547 0.00283836907313058 0 0
"степановне" 0 0 0 0 0 0.0127726608290876 0 0
"степанычем" 0 0 0 0 0 0.0127726608290876 0 0
"столик" 0.0132318888521336 0 0.00967773153972709 0 0.0127980888187364 0 0 0
"страданий" 0 0.00204611953430319 0 0 0.00426602960624547 0.00425755360969587 0.00705268354608929 0.00591121357214636
"странным" 0.00330797221303341 0.00409223906860639 0.00967773153972709 0.00285616360105107 0 0.00283836907313058 0.0023508945153631 0
"судьбы" 0 0.00409223906860639 0.00483886576986354 0.00571232720210214 0 0.00283836907313058 0.0023508945153631 0.00591121357214636
"сукна" 0 0 0 0 0.00853205921249093 0.00425755360969587 0.00940357806145238 0
"сходство" 0.00330797221303341 0 0.00483886576986354 0.00856849080315321 0.00853205921249093 0.00141918453656529 0 0.00591121357214636
"счастливый" 0 0.00613835860290958 0 0 0 0.00141918453656529 0.00940357806145238 0.00591121357214636
"считали" 0 0.00613835860290958 0 0 0 0.00425755360969587 0.00705268354608929 0
"считая" 0.00661594442606682 0.00409223906860639 0.00483886576986354 0 0 0.00567673814626116 0 0
"сюртуке" 0 0.00409223906860639 0 0 0.0170641184249819 0.00283836907313058 0.0023508945153631 0
"тальгофу" 0 0.0184150758087287 0 0 0 0 0 0
"твердым" 0.00992391663910023 0.00409223906860639 0.00483886576986354 0 0 0.00283836907313058 0.0023508945153631 0
"террасе" 0 0 0.0435497919287719 0 0 0 0 0
"тетки" 0 0.00204611953430319 0.00483886576986354 0 0 0.00709592268282645 0.00470178903072619 0
"тетради" 0.00330797221303341 0.00409223906860639 0 0 0.0213301480312273 0 0.0023508945153631 0
"тетушку" 0 0 0.0387109261589084 0 0 0 0 0.00591121357214636
"тихие" 0.00330797221303341 0.00204611953430319 0 0.00285616360105107 0 0.00709592268282645 0 0.00591121357214636
"требовал" 0.00661594442606682 0.00409223906860639 0 0 0 0.00283836907313058 0.00705268354608929 0
"третьего" 0.00330797221303341 0.00204611953430319 0.00483886576986354 0 0.0213301480312273 0.00141918453656529 0 0
"триста" 0 0 0.00483886576986354 0 0 0.00851510721939174 0 0.0118224271442927
"трубки" 0 0.00409223906860639 0 0.0199931452073575 0 0 0 0
"тучи" 0.00661594442606682 0 0.00483886576986354 0 0.0127980888187364 0.00283836907313058 0 0.00591121357214636
"тщетно" 0 0 0.00483886576986354 0.0142808180052553 0.00853205921249093 0 0 0.00591121357214636
"тяжелые" 0.0132318888521336 0 0.00483886576986354 0 0.00426602960624547 0.00283836907313058 0.0023508945153631 0
"уважением" 0.00330797221303341 0.00204611953430319 0 0 0.00426602960624547 0.00283836907313058 0.00940357806145238 0
"угла" 0.00992391663910023 0 0.0193554630794542 0 0 0.00141918453656529 0.0023508945153631 0
"удивлением" 0.00330797221303341 0 0.0145165973095906 0 0.00853205921249093 0.00283836907313058 0 0.00591121357214636
"уехали" 0 0.00409223906860639 0 0 0 0.00993429175595703 0 0
"ужасный" 0.00661594442606682 0 0 0.00571232720210214 0.00426602960624547 0 0.00470178903072619 0.0118224271442927
"ужин" 0.00330797221303341 0.00818447813721278 0 0.00571232720210214 0 0.00141918453656529 0.0023508945153631 0
"узнает" 0 0.00204611953430319 0.00483886576986354 0.00571232720210214 0 0.00141918453656529 0.00470178903072619 0.0118224271442927
"узнали" 0 0.00409223906860639 0.00483886576986354 0.00285616360105107 0.00426602960624547 0.00283836907313058 0.0023508945153631 0.00591121357214636
"умных" 0 0.00818447813721278 0.00483886576986354 0.00285616360105107 0 0.00425755360969587 0 0
"университет" 0 0.00204611953430319 0 0.0114246544042043 0.0170641184249819 0 0 0
"устроить" 0 0.00818447813721278 0 0.0114246544042043 0 0.00141918453656529 0 0
"флена" 0 0 0 0 0 0.0127726608290876 0 0
"фока" 0.0297717499173007 0 0 0 0 0 0 0
"французского" 0.00330797221303341 0.00818447813721278 0.00483886576986354 0 0.00426602960624547 0.00283836907313058 0 0
"хозяином" 0 0 0.00967773153972709 0.00571232720210214 0 0.00567673814626116 0 0.00591121357214636
"хозяйкой" 0 0.010230597671516 0 0.00285616360105107 0 0.00141918453656529 0.00470178903072619 0
"хозяйство" 0 0 0 0.00285616360105107 0 0.00567673814626116 0.00940357806145238 0
"хорошее" 0.00992391663910023 0.00204611953430319 0.00967773153972709 0 0.00426602960624547 0 0.0023508945153631 0.00591121357214636
"целое" 0.00661594442606682 0.00204611953430319 0.00967773153972709 0.00571232720210214 0 0 0.00470178903072619 0
"частые" 0.00330797221303341 0.00409223906860639 0 0.00285616360105107 0 0.00567673814626116 0.0023508945153631 0
"черными" 0 0.00409223906860639 0.00967773153972709 0.00285616360105107 0 0 0.0023508945153631 0.0177336407164391
"четвертый" 0.00661594442606682 0 0.00483886576986354 0 0 0.00709592268282645 0 0.00591121357214636
"чисто" 0.00661594442606682 0 0.0193554630794542 0.00285616360105107 0 0.00283836907313058 0 0
"читателей" 0 0.00204611953430319 0 0.00285616360105107 0 0.00851510721939174 0.0023508945153631 0
"читателю" 0 0.00204611953430319 0 0.0171369816063064 0.00426602960624547 0.00141918453656529 0 0
"чтением" 0.00330797221303341 0 0 0.00856849080315321 0.00426602960624547 0.00141918453656529 0.00705268354608929 0
"чтения" 0 0 0 0.00571232720210214 0 0.00141918453656529 0.00940357806145238 0.0118224271442927
"чувствах" 0 0.00409223906860639 0 0 0.00426602960624547 0.00283836907313058 0.00940357806145238 0
"чужой" 0 0 0.00483886576986354 0 0.00426602960624547 0.00567673814626116 0.00705268354608929 0
"шаг" 0 0.00204611953430319 0.00967773153972709 0.00285616360105107 0.00426602960624547 0.00141918453656529 0.00705268354608929 0
"шутить" 0.00330797221303341 0.00409223906860639 0.00483886576986354 0.00285616360105107 0 0.00141918453656529 0.00470178903072619 0.00591121357214636
"щеке" 0.00661594442606682 0 0.00483886576986354 0.00571232720210214 0 0 0.00940357806145238 0
"щеку" 0.00330797221303341 0.00204611953430319 0 0.00856849080315321 0.00853205921249093 0.00283836907313058 0 0
"этою" 0.00330797221303341 0.00204611953430319 0 0.0114246544042043 0 0.00141918453656529 0 0.0118224271442927
"юзгина" 0 0 0 0.0257054724094596 0 0 0 0
"auf" 0.00661594442606682 0 0 0 0.0298622072437183 0 0 0
"c" 0.00661594442606682 0.00409223906860639 0.00967773153972709 0 0.0127980888187364 0 0 0
"d" 0 0.00409223906860639 0 0.00285616360105107 0.0255961776374728 0 0 0
"et" 0.00661594442606682 0.00409223906860639 0.00483886576986354 0.00285616360105107 0.0127980888187364 0 0 0
"iv" 0.00330797221303341 0.00613835860290958 0.00483886576986354 0.00285616360105107 0.00426602960624547 0.00141918453656529 0 0.00591121357214636
"le" 0 0.0143228367401224 0.00483886576986354 0 0.00426602960624547 0 0 0
"александру" 0 0.00204611953430319 0 0.00285616360105107 0 0.00567673814626116 0.00470178903072619 0
"алексевна" 0 0 0 0 0 0.0113534762925223 0 0
"аллее" 0.00330797221303341 0.00818447813721278 0.00483886576986354 0.00571232720210214 0 0 0 0
"андреевич" 0 0 0.0387109261589084 0 0 0 0 0
"андрей" 0 0 0 0 0 0.0113534762925223 0 0
"антоныч" 0 0.0143228367401224 0 0.00285616360105107 0 0 0 0
"арины" 0 0 0 0 0 0.0113534762925223 0 0
"ариша" 0 0 0 0 0 0.0113534762925223 0 0
"архив" 0 0 0 0 0 0.0113534762925223 0 0
"барон" 0 0.0122767172058192 0 0 0 0 0.0023508945153631 0.00591121357214636
"батюшке" 0 0 0 0 0 0.0113534762925223 0 0
"башмаки" 0.00330797221303341 0.00204611953430319 0 0.00856849080315321 0 0.00141918453656529 0.00470178903072619 0
"бедной" 0 0.00204611953430319 0 0 0 0.00425755360969587 0.00470178903072619 0.0118224271442927
"березы" 0 0 0 0 0.00853205921249093 0.00567673814626116 0.00470178903072619 0
"берет" 0.00661594442606682 0 0.00483886576986354 0.00285616360105107 0.00853205921249093 0.00141918453656529 0 0.00591121357214636
"беседовать" 0 0.0143228367401224 0 0.00285616360105107 0 0 0 0
"бесчисленных" 0.00330797221303341 0 0 0 0 0.00141918453656529 0.0117544725768155 0.00591121357214636
"бешенства" 0 0.00204611953430319 0 0.00285616360105107 0 0.00709592268282645 0 0.00591121357214636
"благородного" 0 0.00204611953430319 0 0.00571232720210214 0.00426602960624547 0 0.00705268354608929 0.00591121357214636
"близких" 0 0.00409223906860639 0 0 0 0.00851510721939174 0 0
"близость" 0.00661594442606682 0.00613835860290958 0.00967773153972709 0.00285616360105107 0 0 0 0
"блистали" 0 0.00613835860290958 0.0193554630794542 0 0 0.00141918453656529 0 0
"бойко" 0 0 0 0.00856849080315321 0.00426602960624547 0.00141918453656529 0.00705268354608929 0
"боку" 0 0 0 0.00856849080315321 0.00426602960624547 0.00141918453656529 0.0023508945153631 0.0118224271442927
"боялась" 0.00661594442606682 0 0.0145165973095906 0 0 0.00283836907313058 0.0023508945153631 0
"брака" 0 0 0 0 0 0.00567673814626116 0.00940357806145238 0
"братом" 0 0.00613835860290958 0 0 0.00426602960624547 0.00425755360969587 0.0023508945153631 0
"бросить" 0.00330797221303341 0.00204611953430319 0.00483886576986354 0.00285616360105107 0.00426602960624547 0.00425755360969587 0 0
"будущей" 0 0.00409223906860639 0 0 0.00853205921249093 0.00141918453656529 0.00705268354608929 0
"букет" 0 0 0.0193554630794542 0.00285616360105107 0 0 0.00705268354608929 0
"бумаг" 0 0.00409223906860639 0.00483886576986354 0 0.00426602960624547 0 0.00705268354608929 0.00591121357214636
"бумагах" 0.00330797221303341 0.00204611953430319 0 0 0 0.00141918453656529 0.0117544725768155 0
"быстротой" 0.00330797221303341 0.00204611953430319 0.00483886576986354 0 0.0127980888187364 0 0.00470178903072619 0
"вани" 0 0 0 0 0 0 0.0188071561229048 0
"вдвое" 0.00330797221303341 0.00613835860290958 0.0145165973095906 0.00285616360105107 0 0 0 0
"вдовица" 0 0 0 0.0228493088084085 0 0 0 0
"вела" 0.00661594442606682 0.00409223906860639 0 0 0 0.00425755360969587 0.0023508945153631 0
"велика" 0.00992391663910023 0.00204611953430319 0.00967773153972709 0 0 0.00283836907313058 0 0
"великие" 0 0.00204611953430319 0 0 0.00426602960624547 0.00141918453656529 0.00470178903072619 0.0177336407164391
"великую" 0.00330797221303341 0.010230597671516 0 0 0 0.00141918453656529 0.0023508945153631 0
"веселым" 0.00330797221303341 0.00204611953430319 0 0 0.00426602960624547 0.00425755360969587 0.00470178903072619 0
"весна" 0.00330797221303341 0.00409223906860639 0 0.00856849080315321 0 0.00141918453656529 0.0023508945153631 0
"ветра" 0 0 0.00967773153972709 0 0.0170641184249819 0 0.00470178903072619 0
"ветру" 0 0 0 0.00285616360105107 0.00426602960624547 0.00425755360969587 0.00705268354608929 0
"взад" 0.00330797221303341 0 0.00483886576986354 0.00285616360105107 0.00853205921249093 0.00141918453656529 0.00470178903072619 0
"взгляды" 0.00330797221303341 0.00204611953430319 0.00483886576986354 0 0 0.00709592268282645 0 0
"вздрогнула" 0.00330797221303341 0.00613835860290958 0.00483886576986354 0 0 0.00141918453656529 0.0023508945153631 0.00591121357214636
"видали" 0 0.00409223906860639 0 0.00285616360105107 0.00426602960624547 0.00141918453656529 0.00705268354608929 0
"виднелись" 0.0198478332782005 0.00204611953430319 0 0.00285616360105107 0 0 0 0
"вист" 0 0.00204611953430319 0.00483886576986354 0 0 0 0 0.0354672814328782
"владетель" 0 0.0163689562744256 0 0 0 0 0 0
"власть" 0.00661594442606682 0.00204611953430319 0.00483886576986354 0 0 0.00283836907313058 0 0.0118224271442927
"внезапно" 0 0 0.00967773153972709 0.00285616360105107 0.00426602960624547 0.00283836907313058 0 0.0118224271442927
"внутреннего" 0 0.00204611953430319 0 0.00285616360105107 0.00853205921249093 0.00567673814626116 0 0
"вовремя" 0 0.00204611953430319 0 0 0 0.00567673814626116 0.00705268354608929 0
"война" 0 0.0143228367401224 0 0 0 0 0.0023508945153631 0
"вопросов" 0.00330797221303341 0.00409223906860639 0.0193554630794542 0 0 0 0.0023508945153631 0
"восхищением" 0 0.00409223906860639 0 0 0 0 0 0.0354672814328782
"впервые" 0 0 0.0145165973095906 0 0 0.00283836907313058 0.0023508945153631 0.0118224271442927
"вправо" 0 0.00818447813721278 0 0 0 0 0.00940357806145238 0
"вскричал" 0.00330797221303341 0.00613835860290958 0 0.0114246544042043 0 0 0 0
"вспомнить" 0.0165398610651671 0.00204611953430319 0 0 0.00426602960624547 0 0.0023508945153631 0
"вспыхнула" 0 0.00204611953430319 0.00967773153972709 0.00285616360105107 0 0.00425755360969587 0 0.00591121357214636
"вставать" 0.00661594442606682 0.00204611953430319 0.00483886576986354 0 0 0.00567673814626116 0 0
"встречал" 0 0 0 0 0.0127980888187364 0.00567673814626116 0 0.00591121357214636
"встречи" 0 0.00613835860290958 0 0 0 0.00283836907313058 0.0023508945153631 0.0118224271442927
"вступил" 0 0.00204611953430319 0 0.0142808180052553 0 0 0.0023508945153631 0.00591121357214636
"выражался" 0 0.00409223906860639 0.00483886576986354 0.00285616360105107 0.00426602960624547 0.00425755360969587 0 0
"генерала" 0.00330797221303341 0.010230597671516 0 0 0 0.00141918453656529 0.0023508945153631 0
"герр" 0 0.0163689562744256 0 0 0 0 0 0
"главного" 0 0.00409223906860639 0 0 0.00426602960624547 0.00425755360969587 0.00470178903072619 0
"главное" 0.00992391663910023 0.00204611953430319 0 0 0.00426602960624547 0.00425755360969587 0 0
"главный" 0 0.00818447813721278 0 0.00285616360105107 0 0.00141918453656529 0.0023508945153631 0.00591121357214636
"глубоким" 0.00330797221303341 0 0.00483886576986354 0.00285616360105107 0 0.00283836907313058 0.00470178903072619 0.00591121357214636
"глуп" 0 0.00409223906860639 0.00483886576986354 0.0114246544042043 0.00426602960624547 0 0 0
"годах" 0 0.00818447813721278 0 0 0 0.00425755360969587 0.0023508945153631 0
"голосу" 0.00330797221303341 0 0 0.00285616360105107 0.00426602960624547 0.00283836907313058 0.00470178903072619 0.00591121357214636
"гордости" 0.00661594442606682 0.00409223906860639 0.00967773153972709 0.00285616360105107 0 0 0 0.00591121357214636
"горькие" 0.00992391663910023 0.00409223906860639 0.00483886576986354 0.00285616360105107 0 0.00141918453656529 0 0
"горячие" 0.00330797221303341 0.00204611953430319 0 0 0 0.00567673814626116 0.00470178903072619 0
"горячих" 0 0 0 0 0 0.00851510721939174 0.00470178903072619 0
"готовы" 0.00330797221303341 0.00204611953430319 0.00967773153972709 0 0 0.00425755360969587 0.0023508945153631 0
"гроза" 0 0 0.00967773153972709 0 0.00853205921249093 0.00425755360969587 0.0023508945153631 0
"грозу" 0.00330797221303341 0 0.0145165973095906 0 0 0.00425755360969587 0 0.00591121357214636
"громким" 0.00661594442606682 0.00204611953430319 0.0145165973095906 0.00285616360105107 0 0.00141918453656529 0 0
"грусти" 0.00330797221303341 0.00409223906860639 0.00967773153972709 0.00285616360105107 0 0.00141918453656529 0 0.00591121357214636
"грустные" 0.00661594442606682 0.00204611953430319 0.00483886576986354 0.00285616360105107 0.00853205921249093 0 0.0023508945153631 0
"давая" 0.00330797221303341 0.00818447813721278 0 0.00571232720210214 0 0 0.0023508945153631 0
"дамами" 0.00330797221303341 0 0.00483886576986354 0.00571232720210214 0 0.00283836907313058 0.0023508945153631 0.00591121357214636
"дворецкого" 0.00330797221303341 0.00613835860290958 0 0.00571232720210214 0.00426602960624547 0.00141918453656529 0 0
"дворянского" 0 0 0 0 0 0.0113534762925223 0 0
"девка" 0.00330797221303341 0 0.00483886576986354 0.00285616360105107 0 0.00141918453656529 0.00940357806145238 0
"действительности" 0.00992391663910023 0.00204611953430319 0 0.00856849080315321 0.00426602960624547 0 0 0
"делались" 0.00661594442606682 0.00204611953430319 0 0.00285616360105107 0 0.00141918453656529 0.00705268354608929 0
"делался" 0 0.010230597671516 0 0.00285616360105107 0 0.00283836907313058 0 0
"держа" 0.00661594442606682 0.00409223906860639 0 0 0 0.00283836907313058 0.0023508945153631 0.00591121357214636
"длинной" 0 0.00409223906860639 0 0 0 0.00283836907313058 0.00470178903072619 0.0118224271442927
"добрую" 0.00330797221303341 0.00409223906860639 0 0 0 0.00283836907313058 0.00705268354608929 0
"довольны" 0.00661594442606682 0.00409223906860639 0 0 0 0.00425755360969587 0.0023508945153631 0
"догадался" 0.00330797221303341 0.00409223906860639 0 0.00285616360105107 0.00426602960624547 0.00283836907313058 0.0023508945153631 0
"дожидался" 0 0 0 0 0 0.00993429175595703 0.0023508945153631 0
"доказать" 0.00330797221303341 0 0.00483886576986354 0.00285616360105107 0.00853205921249093 0.00141918453656529 0.00470178903072619 0
"домоправительница" 0 0 0 0.0228493088084085 0 0 0 0
"дошли" 0 0.00409223906860639 0 0.00285616360105107 0.00426602960624547 0.00425755360969587 0.0023508945153631 0
"древнего" 0 0.00613835860290958 0 0.00285616360105107 0 0.00425755360969587 0.0023508945153631 0
"дремал" 0.00661594442606682 0.010230597671516 0 0.00285616360105107 0 0 0 0
"дурной" 0.00661594442606682 0 0 0.00285616360105107 0.00426602960624547 0.00283836907313058 0.00470178903072619 0
"душевного" 0 0.00409223906860639 0 0 0.00426602960624547 0.00567673814626116 0.0023508945153631 0
"еду" 0.00330797221303341 0.00409223906860639 0.0145165973095906 0.00285616360105107 0 0 0.0023508945153631 0
"ерлыкин" 0 0 0 0 0 0.0113534762925223 0 0
"ждут" 0 0.010230597671516 0.00967773153972709 0.00285616360105107 0 0 0 0
"женою" 0 0.00409223906860639 0 0 0 0.00425755360969587 0.0023508945153631 0.0118224271442927
"женской" 0.00330797221303341 0.00409223906860639 0 0.00285616360105107 0 0.00141918453656529 0.00470178903072619 0.00591121357214636
"живого" 0.00330797221303341 0.00204611953430319 0 0.00285616360105107 0.00426602960624547 0.00283836907313058 0.00470178903072619 0
"живостью" 0.00330797221303341 0 0 0.00285616360105107 0 0.00851510721939174 0 0
"забыв" 0 0 0.0193554630794542 0 0 0.00141918453656529 0.00470178903072619 0.00591121357214636
"забывая" 0 0 0.00967773153972709 0.00285616360105107 0.00426602960624547 0.00283836907313058 0.0023508945153631 0.00591121357214636
"заговорила" 0.00992391663910023 0.00409223906860639 0 0.00285616360105107 0 0 0.0023508945153631 0.00591121357214636
"зайца" 0.0264637777042673 0 0 0 0 0 0 0
"закрыла" 0.00992391663910023 0 0.00967773153972709 0 0.00426602960624547 0 0.0023508945153631 0.00591121357214636
"закурдаевым" 0 0 0 0.0228493088084085 0 0 0 0
"заметили" 0.00330797221303341 0 0 0.00285616360105107 0 0.00425755360969587 0.00705268354608929 0
"замечая" 0.00330797221303341 0.00204611953430319 0.00483886576986354 0 0.0170641184249819 0 0.0023508945153631 0
"занят" 0 0.00409223906860639 0.00967773153972709 0.00285616360105107 0.00426602960624547 0.00141918453656529 0 0.00591121357214636
"запас" 0.00661594442606682 0.00613835860290958 0 0 0 0.00425755360969587 0 0
"запел" 0 0 0.0145165973095906 0.00856849080315321 0.00426602960624547 0.00141918453656529 0 0
"заплакал" 0.0132318888521336 0.00409223906860639 0 0 0.00426602960624547 0.00141918453656529 0 0
"заплакала" 0.00330797221303341 0 0.00967773153972709 0 0.00426602960624547 0.00141918453656529 0.0023508945153631 0.0118224271442927
"засмеялась" 0.00661594442606682 0.00409223906860639 0.00967773153972709 0 0.00426602960624547 0 0.0023508945153631 0
"засмеялся" 0 0 0.0241943288493177 0 0.00426602960624547 0.00141918453656529 0.0023508945153631 0
"заснула" 0 0.00613835860290958 0 0 0 0.00709592268282645 0 0
"заснуть" 0.00330797221303341 0.00204611953430319 0 0.00285616360105107 0 0.00567673814626116 0.0023508945153631 0
"заставили" 0.00330797221303341 0.00409223906860639 0.00483886576986354 0 0 0.00283836907313058 0.00470178903072619 0
"захотела" 0 0 0 0 0.00426602960624547 0.00993429175595703 0 0
"звал" 0.00330797221303341 0.00204611953430319 0 0 0.00853205921249093 0.00567673814626116 0 0
"звание" 0 0.00204611953430319 0.00967773153972709 0.00571232720210214 0 0.00141918453656529 0.00470178903072619 0
"здорова" 0.00661594442606682 0 0 0 0.00426602960624547 0.00425755360969587 0.0023508945153631 0.00591121357214636
"зелени" 0 0.00409223906860639 0.00483886576986354 0.00571232720210214 0.00853205921249093 0.00141918453656529 0 0
"зеленую" 0.0132318888521336 0.00204611953430319 0 0 0.00426602960624547 0.00141918453656529 0.0023508945153631 0
"земля" 0 0.00204611953430319 0 0.00285616360105107 0 0.00709592268282645 0 0.00591121357214636
"зи" 0 0 0 0.0228493088084085 0 0 0 0
"злости" 0.00992391663910023 0.00613835860290958 0.00483886576986354 0 0.00426602960624547 0 0 0
"зубами" 0.00330797221303341 0 0 0.00856849080315321 0 0.00425755360969587 0.0023508945153631 0
"зубин" 0 0 0 0 0 0.0113534762925223 0 0
"ивины" 0.0264637777042673 0 0 0 0 0 0 0
"игру" 0 0.00613835860290958 0.00967773153972709 0.00285616360105107 0.00426602960624547 0 0.0023508945153631 0
"идите" 0 0.0122767172058192 0 0.00285616360105107 0.00426602960624547 0 0 0
"илинька" 0.0264637777042673 0 0 0 0 0 0 0
"илья" 0 0 0 0 0 0 0.0188071561229048 0
"искала" 0.00330797221303341 0.00204611953430319 0 0 0 0 0.00940357806145238 0.0118224271442927
"исправить" 0 0 0.00483886576986354 0.00285616360105107 0.0127980888187364 0.00283836907313058 0 0.00591121357214636
"испугалась" 0 0.00204611953430319 0 0 0 0.00425755360969587 0.0023508945153631 0.0177336407164391
"испугался" 0.00330797221303341 0.00204611953430319 0 0 0 0.00283836907313058 0.00705268354608929 0.00591121357214636
"истину" 0.00330797221303341 0.00204611953430319 0 0.00571232720210214 0 0.00425755360969587 0 0.00591121357214636
"исчезла" 0.00330797221303341 0.00613835860290958 0 0.00285616360105107 0 0 0.00470178903072619 0.00591121357214636
"казачок" 0 0 0 0.0228493088084085 0 0 0 0
"камин" 0 0.0163689562744256 0 0 0 0 0 0
"карлу" 0.0231558054912339 0 0 0 0.00426602960624547 0 0 0
"картину" 0 0.00613835860290958 0 0 0 0.00283836907313058 0.00470178903072619 0.00591121357214636
"катерины" 0 0 0 0 0 0.00567673814626116 0.00940357806145238 0
"качая" 0 0 0 0.0199931452073575 0 0.00141918453656529 0 0
"кланяться" 0 0 0.00483886576986354 0.00571232720210214 0.00426602960624547 0.00425755360969587 0 0.00591121357214636
"класса" 0 0 0 0 0.00853205921249093 0.00283836907313058 0 0.0236448542885854
"книгах" 0.00330797221303341 0.0122767172058192 0 0 0 0 0.0023508945153631 0
"кнут" 0.0132318888521336 0 0 0 0.0127980888187364 0 0.0023508945153631 0
"кожи" 0.00330797221303341 0 0 0 0 0.00425755360969587 0.00705268354608929 0.00591121357214636
"колес" 0 0.00613835860290958 0 0.00285616360105107 0.0170641184249819 0 0 0
"колеса" 0 0 0 0.00285616360105107 0.0127980888187364 0.00425755360969587 0.0023508945153631 0
"крае" 0 0.0122767172058192 0 0 0 0.00283836907313058 0 0
"крайности" 0.00330797221303341 0.00613835860290958 0 0 0 0.00283836907313058 0.0023508945153631 0.00591121357214636
"красивым" 0.00330797221303341 0.00409223906860639 0.00483886576986354 0.00571232720210214 0.00426602960624547 0 0.0023508945153631 0
"краска" 0.00661594442606682 0.00204611953430319 0.00483886576986354 0.00285616360105107 0.00853205921249093 0.00141918453656529 0 0
"красный" 0 0.00613835860290958 0 0 0.00426602960624547 0.00425755360969587 0.0023508945153631 0
"красным" 0.00330797221303341 0.00204611953430319 0.00967773153972709 0 0.00426602960624547 0.00283836907313058 0.0023508945153631 0
"красоту" 0 0 0.00967773153972709 0.00285616360105107 0 0.00283836907313058 0 0.0177336407164391
"креслах" 0 0 0 0 0 0.00425755360969587 0.00470178903072619 0.0177336407164391
"кричала" 0.00992391663910023 0 0.00967773153972709 0.00285616360105107 0 0.00141918453656529 0.0023508945153631 0
"кружок" 0.00992391663910023 0 0 0 0 0.00141918453656529 0.00940357806145238 0
"кудри" 0.00661594442606682 0.00409223906860639 0 0.00571232720210214 0 0.00141918453656529 0.0023508945153631 0
"куска" 0 0 0.00483886576986354 0.00856849080315321 0 0 0.00940357806145238 0
"кусты" 0 0.00204611953430319 0.0145165973095906 0 0 0.00141918453656529 0.00705268354608929 0
"кучером" 0.00330797221303341 0 0.00483886576986354 0 0 0.00567673814626116 0.00470178903072619 0
"левой" 0.00330797221303341 0.00204611953430319 0 0.00285616360105107 0.0127980888187364 0.00141918453656529 0.0023508945153631 0
"легким" 0.00330797221303341 0.00204611953430319 0.00483886576986354 0.00856849080315321 0 0 0 0.0118224271442927
"лежа" 0.00992391663910023 0 0 0.00285616360105107 0.00853205921249093 0.00283836907313058 0 0
"лежало" 0.00330797221303341 0.00204611953430319 0 0.00571232720210214 0.00426602960624547 0.00425755360969587 0 0
"лекарства" 0.00330797221303341 0 0 0.00285616360105107 0 0.00567673814626116 0.0023508945153631 0.00591121357214636
"лестницы" 0.00992391663910023 0.00204611953430319 0 0.00285616360105107 0.0127980888187364 0 0 0
"летом" 0 0.00409223906860639 0 0.00285616360105107 0 0.00709592268282645 0 0
"листья" 0.0132318888521336 0.00204611953430319 0 0.00285616360105107 0.00853205921249093 0 0 0
"лично" 0 0.00613835860290958 0 0 0.00426602960624547 0.00567673814626116 0 0
"лишком" 0 0 0.00483886576986354 0.00285616360105107 0 0.00425755360969587 0.00705268354608929 0
"локтев" 0 0.0163689562744256 0 0 0 0 0 0
"лучами" 0.00330797221303341 0.00204611953430319 0 0.00856849080315321 0.00426602960624547 0.00141918453656529 0.0023508945153631 0
"лучшего" 0 0.00613835860290958 0.00483886576986354 0.00285616360105107 0 0.00141918453656529 0.0023508945153631 0.00591121357214636
"лучших" 0.00330797221303341 0.00818447813721278 0 0 0 0.00425755360969587 0 0
"маленького" 0.00661594442606682 0.00204611953430319 0 0.00856849080315321 0 0.00141918453656529 0.0023508945153631 0
"маслом" 0.00330797221303341 0 0 0.0114246544042043 0 0.00141918453656529 0.00470178903072619 0
"местам" 0 0.00204611953430319 0 0.00571232720210214 0.00426602960624547 0.00425755360969587 0.0023508945153631 0
"месту" 0.00330797221303341 0.00409223906860639 0 0 0 0.00425755360969587 0.00470178903072619 0
"мешает" 0 0.00409223906860639 0 0.0114246544042043 0.00426602960624547 0 0.0023508945153631 0
"михайловичем" 0 0 0 0 0 0.0113534762925223 0 0
"младенца" 0 0 0 0 0 0.00709592268282645 0.0023508945153631 0.0118224271442927
"молчала" 0 0 0.0145165973095906 0.00285616360105107 0 0.00283836907313058 0.0023508945153631 0.00591121357214636
"мудрого" 0 0 0 0.0228493088084085 0 0 0 0
"мужчине" 0 0 0 0 0.00426602960624547 0.00567673814626116 0 0.0177336407164391
"надежду" 0 0 0.00483886576986354 0 0 0.00851510721939174 0 0.00591121357214636
"надеялся" 0 0 0 0.00571232720210214 0 0.00851510721939174 0 0
"название" 0.00330797221303341 0 0 0 0.00426602960624547 0.00425755360969587 0.00470178903072619 0.00591121357214636
"назваться" 0 0.0143228367401224 0 0 0 0.00141918453656529 0 0
"наказать" 0 0 0 0 0.00426602960624547 0.00283836907313058 0.00940357806145238 0.00591121357214636
"намеков" 0 0.00204611953430319 0 0 0 0.00851510721939174 0 0.00591121357214636
"намерен" 0.00661594442606682 0.00818447813721278 0 0 0.00426602960624547 0 0.0023508945153631 0
"намерения" 0 0 0.00967773153972709 0.00285616360105107 0.00426602960624547 0.00425755360969587 0.0023508945153631 0
"наместника" 0 0 0 0 0 0.0113534762925223 0 0
"наружностью" 0 0.00409223906860639 0.00483886576986354 0 0.00853205921249093 0.00283836907313058 0.0023508945153631 0
"наружу" 0 0.00409223906860639 0 0.00285616360105107 0.00426602960624547 0.00283836907313058 0.00470178903072619 0
"наслаждения" 0.00330797221303341 0.00613835860290958 0 0.00285616360105107 0.00853205921249093 0 0 0.00591121357214636
"натуре" 0.00330797221303341 0.00613835860290958 0 0.00571232720210214 0 0.00141918453656529 0.0023508945153631 0
"натуры" 0 0.00613835860290958 0 0 0 0.00283836907313058 0.00705268354608929 0
"начале" 0 0.00204611953430319 0.00483886576986354 0 0 0.00567673814626116 0 0.0118224271442927
"начать" 0.00330797221303341 0 0 0.00571232720210214 0 0.00283836907313058 0.00705268354608929 0
"начинается" 0 0.00409223906860639 0 0 0 0 0.0141053670921786 0
"начнет" 0.00661594442606682 0 0 0 0 0.00283836907313058 0.00940357806145238 0
"недолго" 0.00330797221303341 0 0.00483886576986354 0.00571232720210214 0 0.00567673814626116 0 0
"нежности" 0.00661594442606682 0.00409223906860639 0.00483886576986354 0 0 0.00141918453656529 0.0023508945153631 0.00591121357214636
"нежность" 0.00330797221303341 0 0 0.00856849080315321 0.00426602960624547 0.00283836907313058 0.0023508945153631 0
"нежными" 0 0 0 0.00571232720210214 0 0.00141918453656529 0.00470178903072619 0.0177336407164391
"немцу" 0 0 0 0.0199931452073575 0 0.00141918453656529 0 0
"ненависти" 0 0.00204611953430319 0 0 0.0255961776374728 0.00141918453656529 0 0
"неправда" 0.00330797221303341 0.00613835860290958 0.00483886576986354 0 0 0 0.00470178903072619 0.00591121357214636
"неприятное" 0 0.00204611953430319 0 0.00571232720210214 0 0.00709592268282645 0 0
"несчастию" 0 0.00409223906860639 0 0.00285616360105107 0.00426602960624547 0.00283836907313058 0 0.0118224271442927
"несчастия" 0.0165398610651671 0 0 0 0.00853205921249093 0 0 0.00591121357214636
"никем" 0 0.00409223906860639 0.00483886576986354 0.00856849080315321 0 0.00283836907313058 0 0
"николаевна" 0.0132318888521336 0 0 0 0 0.00283836907313058 0 0.0118224271442927
"ногах" 0.00661594442606682 0.00204611953430319 0 0.00856849080315321 0 0.00283836907313058 0 0
"ножку" 0.00330797221303341 0 0 0.00285616360105107 0.00426602960624547 0 0.00470178903072619 0.0177336407164391
"носит" 0.00330797221303341 0.00204611953430319 0 0.00285616360105107 0.00853205921249093 0.00141918453656529 0.0023508945153631 0.00591121357214636
"ночевать" 0 0 0.00483886576986354 0 0 0.00567673814626116 0.00705268354608929 0
"нрава" 0.00330797221303341 0.00409223906860639 0 0.00285616360105107 0 0.00567673814626116 0 0
"нравов" 0 0.00204611953430319 0 0.00571232720210214 0 0.00425755360969587 0.00470178903072619 0
"нужны" 0 0.00204611953430319 0 0.00571232720210214 0.00426602960624547 0.00283836907313058 0.0023508945153631 0.00591121357214636
"обещание" 0.00330797221303341 0 0.00483886576986354 0.00285616360105107 0 0.00709592268282645 0 0
"обняла" 0.00330797221303341 0 0 0 0 0.00851510721939174 0 0.00591121357214636
"обрадовался" 0 0 0 0 0 0.00993429175595703 0.0023508945153631 0
"образа" 0.00330797221303341 0.00613835860290958 0 0 0 0.00425755360969587 0.0023508945153631 0
"образование" 0.00661594442606682 0 0 0.00285616360105107 0 0.00283836907313058 0.00705268354608929 0
"обратиться" 0 0.00818447813721278 0 0.00571232720210214 0 0.00141918453656529 0.0023508945153631 0
"общем" 0 0.00613835860290958 0 0.00285616360105107 0 0.00283836907313058 0 0.0118224271442927
"общий" 0.00661594442606682 0.010230597671516 0 0 0 0.00141918453656529 0 0
"объятия" 0 0.00409223906860639 0 0.00571232720210214 0.00426602960624547 0 0.00705268354608929 0
"огромного" 0 0.00613835860290958 0.00483886576986354 0.00285616360105107 0 0.00283836907313058 0 0.00591121357214636
"огромным" 0.00330797221303341 0.00613835860290958 0.00483886576986354 0.00571232720210214 0 0.00141918453656529 0 0
"одет" 0.00661594442606682 0.00204611953430319 0.0145165973095906 0.00285616360105107 0 0 0.0023508945153631 0
"одеяло" 0.00330797221303341 0.00204611953430319 0.00483886576986354 0.00285616360105107 0.00853205921249093 0.00141918453656529 0 0.00591121357214636
"окончании" 0 0.00204611953430319 0 0.00571232720210214 0.00426602960624547 0.00425755360969587 0.0023508945153631 0
"оп" 0 0 0 0 0 0.0113534762925223 0 0
"оренбургской" 0 0 0 0 0 0.0113534762925223 0 0
"останавливаясь" 0 0.00204611953430319 0 0.00285616360105107 0.0170641184249819 0.00283836907313058 0 0
"остановились" 0.00992391663910023 0.00818447813721278 0 0 0 0.00141918453656529 0 0
"остановиться" 0 0.00204611953430319 0 0 0.0170641184249819 0.00141918453656529 0 0.0118224271442927
"отвращение" 0 0.00204611953430319 0 0 0.00426602960624547 0.00851510721939174 0 0
"отказался" 0.00330797221303341 0.00204611953430319 0.00967773153972709 0.00285616360105107 0 0.00283836907313058 0.0023508945153631 0
"открыл" 0 0 0.00483886576986354 0.00285616360105107 0 0.00141918453656529 0.00940357806145238 0.00591121357214636
"отношений" 0 0.0122767172058192 0 0 0.00426602960624547 0 0.0023508945153631 0
"отправить" 0.00661594442606682 0.00204611953430319 0.00483886576986354 0.00285616360105107 0 0.00425755360969587 0 0
"отрывки" 0 0 0 0 0 0.00993429175595703 0.0023508945153631 0
"отсутствия" 0 0.00204611953430319 0.00483886576986354 0 0.0170641184249819 0.00283836907313058 0 0
"офицер" 0 0.00409223906860639 0 0 0 0 0.0141053670921786 0
"охотника" 0.00330797221303341 0 0 0.00856849080315321 0 0.00425755360969587 0.0023508945153631 0
"охотники" 0.00661594442606682 0 0 0.0114246544042043 0 0.00141918453656529 0.0023508945153631 0
"охотников" 0.00661594442606682 0.00204611953430319 0 0.00571232720210214 0 0.00283836907313058 0.0023508945153631 0
"ошибался" 0.00661594442606682 0.00409223906860639 0 0.00571232720210214 0.00426602960624547 0.00141918453656529 0 0
"пальцев" 0.00992391663910023 0 0 0.00285616360105107 0.00853205921249093 0 0.0023508945153631 0.00591121357214636
"переехал" 0 0.00204611953430319 0 0.00285616360105107 0 0.00425755360969587 0.00705268354608929 0
"перестала" 0.00330797221303341 0.00409223906860639 0 0 0.00426602960624547 0.00425755360969587 0 0.00591121357214636
"песен" 0 0 0.00483886576986354 0.00571232720210214 0.00426602960624547 0.00141918453656529 0.00705268354608929 0
"печали" 0.00992391663910023 0 0 0 0.0127980888187364 0.00141918453656529 0 0.00591121357214636
"печаль" 0.0165398610651671 0 0 0.00285616360105107 0.00853205921249093 0 0 0
"пива" 0 0 0 0.00856849080315321 0.00853205921249093 0.00283836907313058 0.0023508945153631 0
"письмом" 0.00330797221303341 0 0 0 0 0.00993429175595703 0 0
"поводу" 0.00330797221303341 0.00204611953430319 0 0.00856849080315321 0 0 0.00470178903072619 0.00591121357214636
"погоди" 0 0 0 0.0142808180052553 0.00426602960624547 0.00283836907313058 0 0
"подавал" 0 0.00204611953430319 0.0145165973095906 0 0.00853205921249093 0.00141918453656529 0.0023508945153631 0
"подавать" 0 0.00204611953430319 0.00483886576986354 0 0 0.00851510721939174 0 0
"подняла" 0.00330797221303341 0.00204611953430319 0.00483886576986354 0.00285616360105107 0.00426602960624547 0.00283836907313058 0.0023508945153631 0
"подойти" 0.00992391663910023 0 0 0.00285616360105107 0.00853205921249093 0.00141918453656529 0.0023508945153631 0
"подругу" 0.00330797221303341 0.00818447813721278 0 0 0 0 0.00705268354608929 0
"подчас" 0 0.00204611953430319 0 0.00571232720210214 0 0.00141918453656529 0.00940357806145238 0
"подъезда" 0.00992391663910023 0.00613835860290958 0.00483886576986354 0 0.00426602960624547 0 0 0
"поездки" 0.00330797221303341 0 0.00483886576986354 0.00571232720210214 0 0.00283836907313058 0.00470178903072619 0
"пожалуйте" 0.00330797221303341 0 0.00967773153972709 0.0114246544042043 0 0 0 0.00591121357214636
"пожимая" 0 0.00818447813721278 0 0.00571232720210214 0.00426602960624547 0 0.0023508945153631 0
"позволяли" 0 0.00204611953430319 0.00483886576986354 0 0.00426602960624547 0.00709592268282645 0 0
"пойдем" 0 0 0.00483886576986354 0.00571232720210214 0.00853205921249093 0.00283836907313058 0 0.00591121357214636
"пойти" 0.00330797221303341 0 0.00483886576986354 0.0142808180052553 0.00426602960624547 0 0 0
"показалась" 0.00330797221303341 0.00409223906860639 0 0.00285616360105107 0 0 0.00940357806145238 0
"покраснела" 0.00661594442606682 0.00204611953430319 0.00483886576986354 0 0.00426602960624547 0.00141918453656529 0 0.0118224271442927
"полтора" 0.00330797221303341 0 0 0 0.0127980888187364 0.00567673814626116 0 0
"получал" 0 0 0 0.00571232720210214 0 0.00567673814626116 0.00470178903072619 0
"помещиков" 0 0 0.00483886576986354 0 0 0.00993429175595703 0 0
"помочь" 0.00661594442606682 0 0 0.00571232720210214 0 0.00425755360969587 0.0023508945153631 0
"понимая" 0.00661594442606682 0.00204611953430319 0 0.00285616360105107 0.00853205921249093 0.00141918453656529 0 0.00591121357214636
"понравился" 0.00661594442606682 0.00204611953430319 0 0 0 0.00567673814626116 0.0023508945153631 0
"порядку" 0.00661594442606682 0 0 0.00571232720210214 0 0 0.00705268354608929 0.00591121357214636
"посадил" 0.00330797221303341 0 0 0.00285616360105107 0 0.00425755360969587 0.0023508945153631 0.0118224271442927
"послушай" 0 0 0.0145165973095906 0 0 0.00425755360969587 0.00470178903072619 0
"поставила" 0.00330797221303341 0.00204611953430319 0.00967773153972709 0.0114246544042043 0 0 0 0
"постойте" 0.00330797221303341 0 0 0.0142808180052553 0 0.00141918453656529 0 0.00591121357214636
"походил" 0 0.00409223906860639 0.00483886576986354 0.00571232720210214 0 0.00283836907313058 0.0023508945153631 0
"поцеловала" 0 0 0.00967773153972709 0 0 0.00283836907313058 0.00470178903072619 0.0118224271442927
"правил" 0.00661594442606682 0 0.00483886576986354 0.00285616360105107 0 0 0.00470178903072619 0.0118224271442927
"правы" 0 0.0163689562744256 0 0 0 0 0 0
"прасковье" 0 0 0 0 0 0.00851510721939174 0.00470178903072619 0
"прасковьей" 0 0 0 0 0 0.00993429175595703 0.0023508945153631 0
"пред" 0.00330797221303341 0 0 0.00571232720210214 0 0.00567673814626116 0.0023508945153631 0
"предлагал" 0.00330797221303341 0.00409223906860639 0.00483886576986354 0 0 0.00567673814626116 0 0
"предметом" 0 0.00409223906860639 0 0.00856849080315321 0.00426602960624547 0.00283836907313058 0 0
"предмету" 0 0.00409223906860639 0 0.0114246544042043 0 0 0.0023508945153631 0.00591121357214636
"прежнее" 0 0.00409223906860639 0 0.00571232720210214 0.00426602960624547 0.00425755360969587 0 0
"прекрасным" 0.00330797221303341 0 0.00967773153972709 0.00571232720210214 0 0 0.00470178903072619 0.00591121357214636
"привести" 0.00661594442606682 0.00204611953430319 0 0.00856849080315321 0 0 0.0023508945153631 0.00591121357214636
"привыкли" 0.00330797221303341 0 0 0 0.00426602960624547 0.00851510721939174 0 0
"привычка" 0.0132318888521336 0 0.00483886576986354 0.00285616360105107 0 0.00283836907313058 0 0
"приглашение" 0 0.00613835860290958 0 0.00285616360105107 0 0.00283836907313058 0.0023508945153631 0.00591121357214636
"приданое" 0 0 0.00483886576986354 0 0 0.00851510721939174 0.0023508945153631 0
"приезжего" 0 0.0122767172058192 0 0.00571232720210214 0 0 0 0
"приезжий" 0 0.00409223906860639 0.00483886576986354 0.0114246544042043 0 0 0.0023508945153631 0
"приезжих" 0 0.00204611953430319 0.00483886576986354 0 0 0.00141918453656529 0.0117544725768155 0
"приказаний" 0 0.00204611953430319 0 0 0 0.00851510721939174 0.0023508945153631 0
"принялись" 0.00330797221303341 0 0.00483886576986354 0.0114246544042043 0 0.00283836907313058 0 0
"природу" 0 0 0.00483886576986354 0.00571232720210214 0 0.00283836907313058 0.00705268354608929 0
"приходила" 0 0.00409223906860639 0.00967773153972709 0.00285616360105107 0 0.00283836907313058 0.0023508945153631 0
"причина" 0 0.00409223906860639 0 0.00285616360105107 0.00853205921249093 0.00141918453656529 0.0023508945153631 0.00591121357214636
"пробормотал" 0 0.00204611953430319 0.00967773153972709 0.0114246544042043 0 0.00141918453656529 0 0
"провела" 0.00661594442606682 0.00613835860290958 0 0 0 0.00141918453656529 0.0023508945153631 0.00591121357214636
"прожил" 0 0.00409223906860639 0 0.00285616360105107 0 0.00567673814626116 0.0023508945153631 0
"произведение" 0.00661594442606682 0 0 0.00285616360105107 0.00426602960624547 0.00141918453656529 0.00470178903072619 0.00591121357214636
"произведения" 0.00330797221303341 0 0 0 0 0.00709592268282645 0.00470178903072619 0
"произошла" 0 0.00613835860290958 0 0 0.00426602960624547 0.00425755360969587 0.0023508945153631 0
"происходил" 0.00661594442606682 0.00409223906860639 0.00483886576986354 0 0.00426602960624547 0.00283836907313058 0 0
"пройти" 0.00661594442606682 0.00409223906860639 0 0.00285616360105107 0.00426602960624547 0.00141918453656529 0.0023508945153631 0
"проснулась" 0 0.00204611953430319 0 0.00285616360105107 0 0.00709592268282645 0.0023508945153631 0
"проститься" 0.00992391663910023 0.00409223906860639 0.00483886576986354 0.00285616360105107 0 0.00141918453656529 0 0
"просьбу" 0 0 0.00483886576986354 0.00285616360105107 0 0.00851510721939174 0 0
"противиться" 0 0 0 0.00285616360105107 0 0.00567673814626116 0.00705268354608929 0
"протянул" 0 0.00409223906860639 0 0.00856849080315321 0 0.00141918453656529 0.0023508945153631 0.00591121357214636
"процесс" 0 0.00204611953430319 0.00483886576986354 0.00571232720210214 0 0 0.00940357806145238 0
"прочие" 0 0.00204611953430319 0 0.00571232720210214 0 0.00425755360969587 0.00470178903072619 0
"прошедшего" 0.00330797221303341 0 0 0.00285616360105107 0.00853205921249093 0.00283836907313058 0.00470178903072619 0
"прошли" 0.00330797221303341 0.00409223906860639 0 0 0 0.00567673814626116 0.0023508945153631 0
"пустяки" 0 0.00204611953430319 0.00967773153972709 0.00856849080315321 0 0.00141918453656529 0.0023508945153631 0
"пятый" 0 0 0.00483886576986354 0.00571232720210214 0 0.00567673814626116 0 0.00591121357214636
"пятьсот" 0 0 0 0 0 0.00851510721939174 0.00470178903072619 0
"рада" 0.00992391663910023 0.00204611953430319 0.00967773153972709 0 0.00426602960624547 0.00141918453656529 0 0
"рады" 0 0 0 0 0.00426602960624547 0.00993429175595703 0 0
"разбудил" 0.0132318888521336 0 0 0 0 0.00567673814626116 0 0
"разговаривал" 0.00661594442606682 0 0 0 0.00853205921249093 0.00283836907313058 0 0.0118224271442927
"разделить" 0 0.00613835860290958 0.00483886576986354 0.00856849080315321 0.00426602960624547 0 0 0
"расскажу" 0 0 0 0 0.0170641184249819 0.00425755360969587 0 0.00591121357214636
"речей" 0 0.00818447813721278 0 0.00571232720210214 0 0.00141918453656529 0.0023508945153631 0
"розовой" 0 0 0 0.00571232720210214 0.0127980888187364 0 0.00470178903072619 0.00591121357214636
"роли" 0 0.00818447813721278 0 0 0 0.00425755360969587 0.0023508945153631 0
"романа" 0 0.00409223906860639 0 0.00571232720210214 0.00853205921249093 0.00283836907313058 0 0
"рост" 0.00661594442606682 0 0 0 0.0127980888187364 0.00141918453656529 0.00470178903072619 0
"ростом" 0 0.00204611953430319 0 0.00571232720210214 0.0127980888187364 0.00141918453656529 0.0023508945153631 0
"рощу" 0 0 0 0 0.00426602960624547 0.00851510721939174 0.0023508945153631 0
"русская" 0 0.00409223906860639 0 0.00285616360105107 0 0.00141918453656529 0.00940357806145238 0
"садика" 0 0.00613835860290958 0 0 0 0 0.0117544725768155 0
"свечу" 0.0132318888521336 0 0.00483886576986354 0.00285616360105107 0 0.00141918453656529 0 0.00591121357214636
"секретарь" 0 0 0 0 0 0 0.0188071561229048 0
"секрету" 0 0 0 0.00285616360105107 0 0.00283836907313058 0.0117544725768155 0
"семейству" 0 0.00204611953430319 0 0 0 0.00851510721939174 0.0023508945153631 0
"семи" 0 0.00204611953430319 0 0.00571232720210214 0 0.00425755360969587 0 0.0118224271442927
"сени" 0 0.00204611953430319 0.00967773153972709 0.00571232720210214 0 0.00141918453656529 0.00470178903072619 0
"сентября" 0 0 0 0 0 0.0113534762925223 0 0
"сенях" 0 0 0.00967773153972709 0.00571232720210214 0.00426602960624547 0 0.00705268354608929 0
"сердечного" 0 0 0 0 0 0.00567673814626116 0.00470178903072619 0.0118224271442927
"сердился" 0.00330797221303341 0.00613835860290958 0 0 0.00853205921249093 0.00283836907313058 0 0
"сержант" 0 0 0 0 0.0341282368499637 0 0 0
"сильные" 0.00330797221303341 0.00204611953430319 0 0 0 0.00425755360969587 0.0023508945153631 0.0118224271442927
"сирота" 0.00330797221303341 0 0 0 0.00426602960624547 0.00851510721939174 0 0
"сказавши" 0 0.0122767172058192 0 0 0 0.00283836907313058 0 0
"слабости" 0.00661594442606682 0.00204611953430319 0 0 0 0.00283836907313058 0.00705268354608929 0
"следить" 0.00330797221303341 0.00409223906860639 0 0 0.0127980888187364 0.00141918453656529 0.0023508945153631 0
"следовал" 0 0.00204611953430319 0 0.00285616360105107 0 0.00283836907313058 0.00470178903072619 0.0118224271442927
"слышалось" 0 0.00204611953430319 0 0.00285616360105107 0.00426602960624547 0.00425755360969587 0.00470178903072619 0
"слышу" 0.00992391663910023 0.00204611953430319 0 0 0.0127980888187364 0 0.0023508945153631 0
"смела" 0 0 0.00967773153972709 0 0 0.00851510721939174 0 0
"смеху" 0.00992391663910023 0 0 0 0.00853205921249093 0.00141918453656529 0.00470178903072619 0
"смешно" 0.00661594442606682 0.00204611953430319 0 0.00285616360105107 0.00853205921249093 0.00283836907313058 0 0
"смея" 0.00330797221303341 0 0.00967773153972709 0.00285616360105107 0 0.00141918453656529 0.00705268354608929 0
"смотрите" 0 0.00613835860290958 0.00483886576986354 0.00571232720210214 0 0 0.00470178903072619 0
"сном" 0 0.00409223906860639 0.00483886576986354 0.00285616360105107 0 0.00425755360969587 0.0023508945153631 0
"собаку" 0.00992391663910023 0 0.00483886576986354 0.0114246544042043 0 0 0 0
"собрались" 0.00330797221303341 0 0 0.00571232720210214 0 0.00567673814626116 0.0023508945153631 0
"собственном" 0 0 0 0 0.0127980888187364 0.00709592268282645 0 0
"событий" 0 0.00204611953430319 0 0.00571232720210214 0 0.00567673814626116 0.0023508945153631 0
"совершенная" 0 0.00204611953430319 0 0 0.00426602960624547 0.00851510721939174 0 0
"совершенный" 0 0.00409223906860639 0.00483886576986354 0.00571232720210214 0 0.00425755360969587 0 0
"советы" 0 0.00409223906860639 0 0 0 0.00851510721939174 0 0
"согласно" 0 0.00204611953430319 0 0 0 0.00567673814626116 0 0.0177336407164391
"сокровище" 0 0 0 0.00285616360105107 0 0.00141918453656529 0.0141053670921786 0
"состояло" 0.00330797221303341 0 0 0.00285616360105107 0.00853205921249093 0.00425755360969587 0.0023508945153631 0
"сошлись" 0.00330797221303341 0.00613835860290958 0 0.00285616360105107 0.00426602960624547 0.00141918453656529 0.0023508945153631 0
"сперва" 0.00330797221303341 0.00818447813721278 0.00483886576986354 0 0.00426602960624547 0 0 0.00591121357214636
"спор" 0 0.00818447813721278 0 0.00571232720210214 0 0.00141918453656529 0.0023508945153631 0
"способности" 0 0.00409223906860639 0.00483886576986354 0.00571232720210214 0.00426602960624547 0.00141918453656529 0.0023508945153631 0
"справедливости" 0 0.00613835860290958 0 0.00285616360105107 0 0.00283836907313058 0 0.0118224271442927
"спрашиваю" 0.00661594442606682 0 0.00483886576986354 0.00285616360105107 0.0170641184249819 0 0 0
"спрятал" 0 0.00409223906860639 0.0145165973095906 0.00571232720210214 0 0.00141918453656529 0 0
"становился" 0.00330797221303341 0.00818447813721278 0 0.00571232720210214 0 0 0 0.00591121357214636
"старее" 0 0.0143228367401224 0 0 0 0 0 0.00591121357214636
"старинного" 0.00330797221303341 0 0 0 0 0.00851510721939174 0.0023508945153631 0
"староста" 0.00330797221303341 0 0 0 0 0.00567673814626116 0.00705268354608929 0
"старухи" 0 0.00204611953430319 0.00967773153972709 0 0 0.00709592268282645 0 0
"степановну" 0 0 0 0 0 0.0113534762925223 0 0
"степь" 0 0 0 0 0 0.0113534762925223 0 0
"столицы" 0 0.010230597671516 0.00483886576986354 0 0 0 0.0023508945153631 0.00591121357214636
"странная" 0.00661594442606682 0.00204611953430319 0 0.00571232720210214 0.0127980888187364 0 0 0
"страстей" 0 0.00409223906860639 0.00483886576986354 0.00285616360105107 0 0.00283836907313058 0 0.0118224271442927
"страшную" 0.00330797221303341 0.00204611953430319 0 0.00285616360105107 0.00426602960624547 0.00425755360969587 0 0.00591121357214636
"студента" 0 0.00613835860290958 0 0.0142808180052553 0 0 0 0
"стук" 0 0.00613835860290958 0 0 0.00853205921249093 0.00283836907313058 0.0023508945153631 0
"ступай" 0 0 0.0145165973095906 0.00571232720210214 0 0.00425755360969587 0 0
"судить" 0.00661594442606682 0.00204611953430319 0 0.00285616360105107 0.00426602960624547 0.00425755360969587 0 0
"сцена" 0 0 0.00483886576986354 0.00571232720210214 0 0.00567673814626116 0.0023508945153631 0
"сцены" 0 0.00204611953430319 0.0193554630794542 0.00285616360105107 0 0.00141918453656529 0.0023508945153631 0
"счеты" 0.0165398610651671 0.00204611953430319 0 0 0 0 0.00470178903072619 0
"считает" 0 0.00409223906860639 0 0.00571232720210214 0 0.00141918453656529 0.0023508945153631 0.0118224271442927
"считать" 0.00661594442606682 0.00818447813721278 0 0 0.00426602960624547 0 0.0023508945153631 0
"считаю" 0.00330797221303341 0.00204611953430319 0 0.00285616360105107 0.00426602960624547 0.00567673814626116 0 0
"сынок" 0 0 0 0 0 0.00425755360969587 0.0117544725768155 0
"сырой" 0 0.00409223906860639 0 0.00285616360105107 0.00853205921249093 0.00283836907313058 0 0.00591121357214636
"тальгофом" 0 0.0163689562744256 0 0 0 0 0 0
"твердый" 0 0 0 0 0.00426602960624547 0.00851510721939174 0 0.00591121357214636
"твоему" 0.00330797221303341 0.00409223906860639 0 0 0 0.00425755360969587 0.0023508945153631 0.00591121357214636
"телеги" 0.00330797221303341 0 0 0.0142808180052553 0 0.00141918453656529 0.0023508945153631 0
"телу" 0.00992391663910023 0.00204611953430319 0 0 0 0.00141918453656529 0 0.0177336407164391
"темном" 0.00661594442606682 0.00409223906860639 0 0 0.0127980888187364 0 0.0023508945153631 0
"темные" 0.00330797221303341 0 0 0 0 0.00851510721939174 0.0023508945153631 0
"терпения" 0 0.00613835860290958 0 0.00285616360105107 0 0.00425755360969587 0.0023508945153631 0
"тимофей" 0 0 0 0 0 0.00141918453656529 0 0.0413784950050245
"тише" 0.00330797221303341 0 0.00967773153972709 0.0114246544042043 0 0 0.0023508945153631 0
"тишина" 0 0.00204611953430319 0 0.00571232720210214 0.00426602960624547 0.00283836907313058 0.00470178903072619 0
"товарищ" 0 0.00613835860290958 0 0 0.00426602960624547 0.00283836907313058 0.00470178903072619 0
"толпа" 0 0.00204611953430319 0.00483886576986354 0.00285616360105107 0 0.00425755360969587 0.00470178903072619 0
"тонкими" 0.00330797221303341 0.00409223906860639 0 0 0 0.00283836907313058 0.0023508945153631 0.0118224271442927
"тонких" 0.00330797221303341 0.00204611953430319 0.00483886576986354 0.00856849080315321 0 0.00141918453656529 0 0.00591121357214636
"тонкой" 0 0.00818447813721278 0 0.00285616360105107 0 0.00425755360969587 0 0
"торчали" 0.00661594442606682 0.00409223906860639 0 0.00285616360105107 0 0.00141918453656529 0.00470178903072619 0
"требовать" 0.00661594442606682 0.00409223906860639 0 0 0 0.00141918453656529 0.00705268354608929 0
"требует" 0.00330797221303341 0.00818447813721278 0.00483886576986354 0 0 0.00141918453656529 0.0023508945153631 0
"третьей" 0.00661594442606682 0 0.00967773153972709 0.00285616360105107 0 0.00141918453656529 0 0.0118224271442927
"трехвостов" 0 0 0 0 0 0 0.0188071561229048 0
"троицкое" 0 0 0 0 0 0.0113534762925223 0 0
"труды" 0.00330797221303341 0.00613835860290958 0 0 0.00426602960624547 0.00141918453656529 0.00470178903072619 0
"турка" 0.0264637777042673 0 0 0 0 0 0 0
"туча" 0.00992391663910023 0 0 0 0.0127980888187364 0.00283836907313058 0 0
"тяжелым" 0.00661594442606682 0 0 0.00571232720210214 0.0127980888187364 0.00141918453656529 0 0
"убедительно" 0.00330797221303341 0.00204611953430319 0 0 0 0.00709592268282645 0 0.00591121357214636
"убеждение" 0 0 0.00483886576986354 0 0.0298622072437183 0 0 0
"убеждения" 0.00330797221303341 0.00409223906860639 0 0 0.00426602960624547 0.00283836907313058 0.0023508945153631 0.00591121357214636
"увидимся" 0.00992391663910023 0 0.0241943288493177 0 0 0 0 0
"увидит" 0.00330797221303341 0.00204611953430319 0 0 0.00426602960624547 0.00141918453656529 0.0023508945153631 0.0177336407164391
"увлечением" 0 0 0 0.00285616360105107 0 0.00851510721939174 0.0023508945153631 0
"углом" 0.00330797221303341 0.00204611953430319 0 0 0.00853205921249093 0.00141918453656529 0.00470178903072619 0.00591121357214636
"угодить" 0.00330797221303341 0.00204611953430319 0 0.00285616360105107 0 0.00425755360969587 0.00470178903072619 0
"удивлению" 0.00330797221303341 0.00204611953430319 0 0 0.00853205921249093 0.00567673814626116 0 0
"уезда" 0 0 0.00483886576986354 0.00285616360105107 0 0 0.0141053670921786 0
"узнаю" 0.00330797221303341 0.00204611953430319 0.0241943288493177 0 0.00426602960624547 0 0 0
"улыбку" 0.00330797221303341 0.00409223906860639 0 0.00571232720210214 0.00426602960624547 0 0.00470178903072619 0
"умен" 0.00330797221303341 0.00204611953430319 0.00483886576986354 0 0.00426602960624547 0.00425755360969587 0.0023508945153631 0
"умею" 0.00330797221303341 0.00409223906860639 0.0193554630794542 0.00285616360105107 0 0 0 0
"умные" 0.00661594442606682 0.00409223906860639 0 0 0 0.00567673814626116 0 0
"умным" 0.00661594442606682 0 0 0 0.00853205921249093 0.00283836907313058 0.0023508945153631 0.00591121357214636
"употреблял" 0.0132318888521336 0 0 0.00285616360105107 0 0 0.00705268354608929 0
"упреки" 0 0.00204611953430319 0 0 0 0.00709592268282645 0.00470178903072619 0
"усердием" 0.00661594442606682 0 0.00483886576986354 0 0 0.00283836907313058 0.00705268354608929 0
"успели" 0 0.00204611953430319 0 0 0.00426602960624547 0.00425755360969587 0.00705268354608929 0
"успеха" 0 0 0.00483886576986354 0 0.00426602960624547 0.00567673814626116 0.00470178903072619 0
"успокоить" 0.00330797221303341 0 0.00483886576986354 0 0.00426602960624547 0.00567673814626116 0.0023508945153631 0
"усталости" 0 0.00409223906860639 0 0.00285616360105107 0.00426602960624547 0.00283836907313058 0.00470178903072619 0
"устроил" 0 0.00409223906860639 0 0 0 0.00567673814626116 0.00470178903072619 0
"утомленный" 0 0.00818447813721278 0 0.00285616360105107 0 0.00141918453656529 0.00470178903072619 0
"ученый" 0 0.010230597671516 0 0.00285616360105107 0 0.00283836907313058 0 0
"федорыча" 0 0 0 0 0 0.0113534762925223 0 0
"федорычу" 0 0 0 0 0 0.0113534762925223 0 0
"философии" 0.00330797221303341 0.00613835860290958 0 0.00571232720210214 0 0 0 0.0118224271442927
"флигеля" 0 0 0 0.00856849080315321 0.00426602960624547 0.00425755360969587 0.0023508945153631 0
"фомка" 0 0 0.0387109261589084 0 0 0 0 0
"формы" 0 0.00613835860290958 0.00483886576986354 0 0.00426602960624547 0 0.00470178903072619 0.00591121357214636
"фуражку" 0.00330797221303341 0.00204611953430319 0.00483886576986354 0.00571232720210214 0.00853205921249093 0 0.0023508945153631 0
"хе" 0 0.00613835860290958 0 0 0 0 0.0117544725768155 0
"ходу" 0 0.00204611953430319 0.00483886576986354 0.00285616360105107 0.00426602960624547 0.00141918453656529 0.00705268354608929 0
"хозяину" 0 0 0 0.00285616360105107 0.00426602960624547 0.00425755360969587 0.00470178903072619 0.00591121357214636
"хозяйке" 0.00330797221303341 0.00613835860290958 0 0.00571232720210214 0 0 0 0.0118224271442927
"хозяйку" 0 0.00818447813721278 0 0.00285616360105107 0 0.00141918453656529 0.0023508945153631 0.00591121357214636
"хозяйственные" 0 0.00204611953430319 0 0 0 0.00567673814626116 0.00705268354608929 0
"цветы" 0.00330797221303341 0.00613835860290958 0 0.00571232720210214 0.00426602960624547 0 0.0023508945153631 0
"целовал" 0 0.00204611953430319 0 0 0.00426602960624547 0.00567673814626116 0.00470178903072619 0
"целого" 0 0 0 0 0 0.00425755360969587 0.00940357806145238 0.00591121357214636
"целой" 0 0.00409223906860639 0 0.00285616360105107 0 0.00425755360969587 0.0023508945153631 0.00591121357214636
"целуя" 0 0.00204611953430319 0 0 0.0127980888187364 0.00283836907313058 0.0023508945153631 0.00591121357214636
"чаем" 0 0 0.00483886576986354 0 0 0.00709592268282645 0.0023508945153631 0.00591121357214636
"чацкого" 0 0 0 0.0228493088084085 0 0 0 0
"человеческий" 0 0.00204611953430319 0 0 0.00426602960624547 0.00283836907313058 0.00705268354608929 0.00591121357214636
"черту" 0 0 0 0.0114246544042043 0.00853205921249093 0.00141918453656529 0.0023508945153631 0
"честное" 0 0 0.0241943288493177 0 0 0.00141918453656529 0 0.0118224271442927
"четырнадцать" 0 0.00204611953430319 0 0 0.0170641184249819 0.00425755360969587 0 0
"чистая" 0.00992391663910023 0.00204611953430319 0 0 0 0.00141918453656529 0.0023508945153631 0.0118224271442927
"читала" 0.00330797221303341 0.00818447813721278 0.00483886576986354 0.00285616360105107 0 0.00141918453656529 0 0
"чувствительной" 0 0 0 0.0199931452073575 0 0.00141918453656529 0 0
"чудесное" 0.00992391663910023 0 0 0 0 0.00425755360969587 0.0023508945153631 0.00591121357214636
"чулки" 0.00661594442606682 0 0 0.00856849080315321 0.00426602960624547 0 0.0023508945153631 0.00591121357214636
"чулок" 0.0132318888521336 0 0 0.00571232720210214 0 0.00141918453656529 0.0023508945153631 0
"чьи" 0.00330797221303341 0.00204611953430319 0 0.00856849080315321 0.00426602960624547 0 0.0023508945153631 0.00591121357214636
"шагах" 0.00330797221303341 0.00613835860290958 0 0 0 0.00141918453656529 0.0023508945153631 0.0118224271442927
"шагу" 0.00330797221303341 0.00409223906860639 0.00967773153972709 0 0 0.00425755360969587 0 0
"шелопаев" 0 0 0 0.0228493088084085 0 0 0 0
"шепнул" 0 0.00613835860290958 0.00483886576986354 0.00285616360105107 0 0.00283836907313058 0.0023508945153631 0
"шептала" 0 0 0.0290331946191813 0 0 0.00283836907313058 0 0
"шести" 0 0.00409223906860639 0 0.00285616360105107 0.00853205921249093 0.00283836907313058 0.0023508945153631 0
"шестнадцать" 0 0.00204611953430319 0 0.00285616360105107 0.00426602960624547 0.00141918453656529 0.0023508945153631 0.0177336407164391
"широкое" 0.00330797221303341 0 0.00483886576986354 0.00571232720210214 0 0.00141918453656529 0.00705268354608929 0
"широкой" 0 0.00204611953430319 0.00967773153972709 0.00285616360105107 0.00426602960624547 0 0.00705268354608929 0
"шкатулку" 0 0.00409223906860639 0.00483886576986354 0.00571232720210214 0 0.00141918453656529 0.00470178903072619 0
"шутки" 0 0.00204611953430319 0.00483886576986354 0.00285616360105107 0 0.00425755360969587 0.0023508945153631 0.00591121357214636
"щеках" 0.00330797221303341 0.00204611953430319 0.0145165973095906 0 0 0.00141918453656529 0.0023508945153631 0.00591121357214636
"châtelaine" 0 0.0163689562744256 0 0 0 0 0 0
"cher" 0.00330797221303341 0.00613835860290958 0.00967773153972709 0 0.00853205921249093 0 0 0
"pas" 0.0165398610651671 0.00204611953430319 0.00967773153972709 0 0 0 0 0
"s" 0.00661594442606682 0.00204611953430319 0 0.0114246544042043 0.00426602960624547 0 0 0
"v" 0.00330797221303341 0.00613835860290958 0.00483886576986354 0.00285616360105107 0.00426602960624547 0.00141918453656529 0 0
"авось" 0.00661594442606682 0 0.00483886576986354 0 0 0.00283836907313058 0.00470178903072619 0
"александры" 0 0 0 0.00571232720210214 0 0.00709592268282645 0 0
"алексеевна" 0 0 0 0.0142808180052553 0 0 0.0023508945153631 0.00591121357214636
"антона" 0 0.0143228367401224 0 0 0 0 0 0
"антоныча" 0 0.010230597671516 0 0.00285616360105107 0.00426602960624547 0 0 0
"арестанты" 0 0 0 0 0 0 0.0164562616075417 0
"балкона" 0.00330797221303341 0.00818447813721278 0.00483886576986354 0.00285616360105107 0 0 0 0
"барышни" 0 0 0 0 0 0.00141918453656529 0.00940357806145238 0.0118224271442927
"барышню" 0.00330797221303341 0 0 0 0 0.00141918453656529 0.0117544725768155 0
"бежали" 0.00992391663910023 0 0 0 0 0.00283836907313058 0.00470178903072619 0
"безгранично" 0 0.00204611953430319 0 0 0 0.00709592268282645 0.0023508945153631 0
"белыми" 0 0.00409223906860639 0 0.00285616360105107 0 0.00425755360969587 0.0023508945153631 0
"бери" 0 0 0.00483886576986354 0 0 0.00425755360969587 0.00470178903072619 0.00591121357214636
"беседовал" 0 0.00409223906860639 0 0 0 0.00425755360969587 0.00470178903072619 0
"беспрерывно" 0 0.00613835860290958 0.00483886576986354 0 0 0 0 0.0177336407164391
"бил" 0 0.00204611953430319 0 0.00856849080315321 0.00426602960624547 0.00283836907313058 0 0
"бить" 0.00992391663910023 0 0 0 0.00426602960624547 0.00283836907313058 0.0023508945153631 0
"благодарил" 0.00330797221303341 0 0 0 0 0.00567673814626116 0.00470178903072619 0
"богатая" 0 0 0 0 0 0.00709592268282645 0.00470178903072619 0
"богатого" 0 0.00204611953430319 0.00483886576986354 0 0 0.00567673814626116 0.0023508945153631 0
"богатой" 0 0 0.00967773153972709 0 0 0.00141918453656529 0.00470178903072619 0.0118224271442927
"богатства" 0 0.00409223906860639 0 0 0 0.00141918453656529 0.00940357806145238 0
"большего" 0.00330797221303341 0.00818447813721278 0 0.00285616360105107 0 0.00141918453656529 0 0
"бросив" 0 0.00204611953430319 0.00967773153972709 0.00571232720210214 0.00426602960624547 0 0.0023508945153631 0
"бугуруслан" 0 0 0 0 0 0.00993429175595703 0 0
"будущее" 0 0.00204611953430319 0 0 0.0170641184249819 0.00283836907313058 0 0
"будущность" 0.00330797221303341 0.00204611953430319 0.0145165973095906 0 0 0.00141918453656529 0.0023508945153631 0
"ваню" 0 0 0 0 0 0 0.0164562616075417 0
"ведома" 0 0 0.0145165973095906 0 0 0.00425755360969587 0 0.00591121357214636
"вежливо" 0 0.00204611953430319 0 0.00285616360105107 0 0 0.0023508945153631 0.0236448542885854
"великий" 0.00330797221303341 0.00204611953430319 0 0 0.00426602960624547 0.00283836907313058 0.00470178903072619 0
"великодольский" 0 0 0.0338720603890448 0 0 0 0 0
"велит" 0 0.00409223906860639 0.00483886576986354 0 0.00426602960624547 0.00141918453656529 0.00470178903072619 0
"вернее" 0.00330797221303341 0.00613835860290958 0 0.00285616360105107 0 0.00141918453656529 0.0023508945153631 0
"верной" 0 0.00204611953430319 0 0.00856849080315321 0 0.00425755360969587 0 0
"вернулась" 0.00330797221303341 0.00409223906860639 0.0145165973095906 0 0.00426602960624547 0 0 0
"вернулся" 0 0.00818447813721278 0.00967773153972709 0 0.00426602960624547 0 0 0
"верхний" 0.00330797221303341 0 0 0 0 0.00425755360969587 0.00705268354608929 0
"весела" 0 0 0 0 0 0.00709592268282645 0.0023508945153631 0.00591121357214636
"веселая" 0.00330797221303341 0 0.00483886576986354 0 0.00426602960624547 0.00567673814626116 0 0
"веселой" 0 0.00409223906860639 0 0.00285616360105107 0.0127980888187364 0.00141918453656529 0 0
"веселость" 0.00661594442606682 0.00204611953430319 0.00483886576986354 0.00285616360105107 0 0.00283836907313058 0 0
"ветерок" 0.00661594442606682 0 0 0.00856849080315321 0 0.00283836907313058 0 0
"вечность" 0 0 0.00967773153972709 0.00285616360105107 0.0127980888187364 0.00141918453656529 0 0
"взор" 0.00330797221303341 0 0 0.00285616360105107 0.00426602960624547 0 0 0.0236448542885854
"взявшись" 0.00330797221303341 0.00409223906860639 0 0.00856849080315321 0 0 0 0.00591121357214636
"взялся" 0.00330797221303341 0 0.00483886576986354 0.00571232720210214 0.00426602960624547 0 0.00470178903072619 0
"виды" 0 0 0.00483886576986354 0.00571232720210214 0 0 0.00705268354608929 0.00591121357214636
"владения" 0 0.0122767172058192 0 0 0 0 0.0023508945153631 0
"влияния" 0.00330797221303341 0.00818447813721278 0 0 0.00426602960624547 0 0 0.00591121357214636
"внук" 0 0 0 0 0 0.00851510721939174 0.0023508945153631 0
"возьмет" 0.00330797221303341 0 0.00967773153972709 0 0 0.00141918453656529 0.00705268354608929 0
"войну" 0 0.00613835860290958 0 0 0.00853205921249093 0.00141918453656529 0.0023508945153631 0
"волосами" 0.00661594442606682 0 0 0.00571232720210214 0.00426602960624547 0 0.00470178903072619 0
"воображая" 0.00992391663910023 0.00204611953430319 0 0 0.00853205921249093 0.00141918453656529 0 0
"воображении" 0.00992391663910023 0 0 0 0.0127980888187364 0.00141918453656529 0 0
"вопреки" 0 0 0 0 0 0.00851510721939174 0 0.00591121357214636
"воротились" 0 0 0 0 0 0.00993429175595703 0 0
"воскликнула" 0 0 0 0.00571232720210214 0.00426602960624547 0.00283836907313058 0 0.0118224271442927
"восторг" 0 0.00204611953430319 0 0.00285616360105107 0.00426602960624547 0.00141918453656529 0.00705268354608929 0
"восторга" 0.00661594442606682 0.00409223906860639 0 0 0 0.00283836907313058 0.0023508945153631 0
"вспоминаю" 0.00661594442606682 0.00204611953430319 0.00483886576986354 0 0.00853205921249093 0 0.0023508945153631 0
"вспоминая" 0.00330797221303341 0 0.00967773153972709 0 0.00853205921249093 0.00283836907313058 0 0
"вспышки" 0 0 0 0 0 0.00567673814626116 0.00705268354608929 0
"вставай" 0.00661594442606682 0 0 0.0114246544042043 0 0.00141918453656529 0 0
"встретил" 0.00330797221303341 0.00409223906860639 0 0 0 0.00425755360969587 0 0.00591121357214636
"встрече" 0.00330797221303341 0.00613835860290958 0 0 0 0.00141918453656529 0.00470178903072619 0
"всюду" 0 0.010230597671516 0 0.00285616360105107 0 0 0 0.00591121357214636
"втайне" 0 0 0 0 0 0.00567673814626116 0.00705268354608929 0
"входить" 0 0.00409223906860639 0 0.00285616360105107 0 0.00283836907313058 0.0023508945153631 0.00591121357214636
"вывести" 0.00330797221303341 0.00409223906860639 0 0 0.00426602960624547 0.00283836907313058 0 0.00591121357214636
"выговор" 0 0 0.00483886576986354 0.00285616360105107 0 0.00283836907313058 0.00705268354608929 0
"выйдет" 0 0.00409223906860639 0.00483886576986354 0 0.00853205921249093 0.00141918453656529 0.0023508945153631 0
"вынес" 0 0 0 0.00285616360105107 0.00426602960624547 0.00283836907313058 0.00705268354608929 0
"выражалось" 0.00330797221303341 0.00204611953430319 0 0 0 0.00425755360969587 0.00470178903072619 0
"выражению" 0.00330797221303341 0.00204611953430319 0 0.00285616360105107 0.00426602960624547 0.00425755360969587 0 0
"выразительно" 0.00330797221303341 0 0 0.00571232720210214 0 0.00425755360969587 0.0023508945153631 0
"высокая" 0.00330797221303341 0 0 0.00285616360105107 0 0.00283836907313058 0.00470178903072619 0.00591121357214636
"высоких" 0.00661594442606682 0.00204611953430319 0 0.00285616360105107 0 0.00283836907313058 0 0.00591121357214636
"высоком" 0.00330797221303341 0.00613835860290958 0 0.00285616360105107 0 0 0.00470178903072619 0
"высшей" 0 0.00204611953430319 0 0.00285616360105107 0.00853205921249093 0.00141918453656529 0.00470178903072619 0
"вытащил" 0 0 0 0.00285616360105107 0.00853205921249093 0.00425755360969587 0.0023508945153631 0
"выучил" 0.00330797221303341 0 0 0.00571232720210214 0.00426602960624547 0.00141918453656529 0.0023508945153631 0.00591121357214636
"выхода" 0 0.00613835860290958 0 0.00571232720210214 0 0.00283836907313058 0 0
"выходили" 0.00330797221303341 0.00409223906860639 0 0.00285616360105107 0 0.00141918453656529 0.00470178903072619 0
"гаша" 0 0 0 0 0.0298622072437183 0 0 0
"генералом" 0.00330797221303341 0.00818447813721278 0 0 0.00426602960624547 0 0.0023508945153631 0
"глазу" 0.00330797221303341 0.00409223906860639 0 0.00285616360105107 0.00426602960624547 0.00141918453656529 0.0023508945153631 0
"глубине" 0 0.00204611953430319 0.00483886576986354 0 0 0.00567673814626116 0.0023508945153631 0
"глубоких" 0 0.00409223906860639 0 0 0 0.00567673814626116 0 0.00591121357214636
"глуши" 0 0.0122767172058192 0 0.00285616360105107 0 0 0 0
"говорим" 0.00330797221303341 0.00818447813721278 0 0 0.00426602960624547 0 0 0.00591121357214636
"горела" 0 0 0.00483886576986354 0.00285616360105107 0.00426602960624547 0.00141918453656529 0.0023508945153631 0.0118224271442927
"горничных" 0.00330797221303341 0.00409223906860639 0 0 0.00426602960624547 0.00425755360969587 0 0
"городом" 0 0.00204611953430319 0 0 0 0.00567673814626116 0.00470178903072619 0
"горы" 0 0 0 0.00285616360105107 0 0.00851510721939174 0 0
"горяч" 0 0.00204611953430319 0 0.00285616360105107 0 0.00283836907313058 0.00705268354608929 0
"горячее" 0 0 0 0 0 0.00851510721939174 0.0023508945153631 0
"горячности" 0 0.00409223906860639 0 0 0 0.00709592268282645 0 0
"госпожа" 0 0 0 0.00285616360105107 0 0.00709592268282645 0.0023508945153631 0
"госпожи" 0.00330797221303341 0.00204611953430319 0 0.00285616360105107 0.00426602960624547 0.00425755360969587 0 0
"гостиных" 0 0.0122767172058192 0 0 0 0.00141918453656529 0 0
"границ" 0 0.00409223906860639 0 0.00571232720210214 0 0.00141918453656529 0.00470178903072619 0
"границей" 0.00330797221303341 0.0122767172058192 0 0 0 0 0 0
"границы" 0 0.00409223906860639 0 0.00856849080315321 0 0.00141918453656529 0.0023508945153631 0
"графу" 0 0.010230597671516 0 0 0 0 0 0.0118224271442927
"грациозно" 0.00661594442606682 0 0.0145165973095906 0.00285616360105107 0 0 0.0023508945153631 0
"грешно" 0 0 0.0145165973095906 0 0 0.00425755360969587 0.0023508945153631 0
"грудью" 0 0.00409223906860639 0 0 0.00853205921249093 0 0.00705268354608929 0
"грустное" 0.00661594442606682 0 0 0.00285616360105107 0.00426602960624547 0.00425755360969587 0 0
"грустным" 0.00330797221303341 0.00613835860290958 0.00483886576986354 0 0 0.00283836907313058 0 0
"грязь" 0 0 0 0.00285616360105107 0.00426602960624547 0.00425755360969587 0.00470178903072619 0
"губами" 0.00992391663910023 0 0 0.0114246544042043 0 0 0 0
"губой" 0 0 0 0.0199931452073575 0 0 0 0
"губу" 0 0 0 0.0171369816063064 0 0 0.0023508945153631 0
"густым" 0.00330797221303341 0.00204611953430319 0 0.00856849080315321 0 0 0.00470178903072619 0
"гуся" 0 0 0.00483886576986354 0.00571232720210214 0 0.00283836907313058 0.00470178903072619 0
"дав" 0 0.00204611953430319 0 0.00285616360105107 0 0.00567673814626116 0.0023508945153631 0
"давайте" 0.0132318888521336 0.00204611953430319 0 0 0.00426602960624547 0 0.0023508945153631 0
"давали" 0 0 0 0 0 0.00283836907313058 0.00940357806145238 0.00591121357214636
"даете" 0 0.00613835860290958 0 0.00571232720210214 0 0.00141918453656529 0.0023508945153631 0
"дар" 0.00661594442606682 0 0 0 0 0 0.0117544725768155 0
"даст" 0.00330797221303341 0.00204611953430319 0 0 0 0.00283836907313058 0.00470178903072619 0.00591121357214636
"движениям" 0.00992391663910023 0.00204611953430319 0 0 0.0127980888187364 0 0 0
"дворецкий" 0.00330797221303341 0.00613835860290958 0 0.00571232720210214 0.00426602960624547 0 0 0
"двору" 0.00661594442606682 0.00204611953430319 0 0 0 0.00283836907313058 0.00470178903072619 0
"девушек" 0 0.00613835860290958 0 0 0 0 0 0.0236448542885854
"девушками" 0 0.00818447813721278 0 0 0 0 0 0.0177336407164391
"дедушкой" 0 0 0 0 0 0.00567673814626116 0.00705268354608929 0
"действительность" 0.00661594442606682 0 0 0 0.00426602960624547 0.00567673814626116 0 0
"дельце" 0 0 0 0.0142808180052553 0 0 0.00470178903072619 0
"деньгами" 0.00330797221303341 0 0 0 0 0.00425755360969587 0.00705268354608929 0
"деревьев" 0.00330797221303341 0.010230597671516 0 0.00285616360105107 0 0 0 0
"держала" 0.00661594442606682 0 0.00483886576986354 0 0.00426602960624547 0.00425755360969587 0 0
"деятельности" 0 0.010230597671516 0 0 0.00853205921249093 0 0 0
"дно" 0.00330797221303341 0 0 0.00285616360105107 0.00426602960624547 0.00567673814626116 0 0
"доверенность" 0 0 0 0 0 0.00993429175595703 0 0
"дожидаясь" 0 0.00204611953430319 0.00967773153972709 0 0 0.00567673814626116 0 0
"доляновичем" 0 0.0143228367401224 0 0 0 0 0 0
"доляновичу" 0 0.0143228367401224 0 0 0 0 0 0
"домашним" 0 0.00204611953430319 0 0.00571232720210214 0 0.00283836907313058 0.00470178903072619 0
"достойных" 0 0.00409223906860639 0 0.00285616360105107 0 0.00425755360969587 0.0023508945153631 0
"дура" 0 0 0.00483886576986354 0.00285616360105107 0.00426602960624547 0.00567673814626116 0 0
"дурное" 0 0.00409223906860639 0 0 0.00426602960624547 0.00425755360969587 0 0.00591121357214636
"дьячок" 0.00992391663910023 0 0 0 0.0170641184249819 0 0 0
"ел" 0 0 0 0.00571232720210214 0 0.00425755360969587 0.00470178903072619 0
"ест" 0 0 0 0.0114246544042043 0.00426602960624547 0.00141918453656529 0.0023508945153631 0
"ехала" 0 0 0.00483886576986354 0 0.00853205921249093 0.00141918453656529 0.00705268354608929 0
"жалею" 0 0.00409223906860639 0.00483886576986354 0 0.0127980888187364 0.00141918453656529 0 0
"желаю" 0 0.00409223906860639 0 0.00285616360105107 0 0.00283836907313058 0 0.0118224271442927
"желудок" 0 0 0 0.0199931452073575 0 0 0 0
"жен" 0 0.00409223906860639 0 0 0 0.00425755360969587 0.00470178903072619 0
"женится" 0 0 0 0 0 0.00425755360969587 0 0.0236448542885854
"жест" 0 0.00818447813721278 0 0 0.0127980888187364 0 0 0
"жестокости" 0.00330797221303341 0 0 0 0 0.00709592268282645 0 0.00591121357214636
"жители" 0 0 0 0.00285616360105107 0 0 0.0117544725768155 0.00591121357214636
"забавно" 0 0.00204611953430319 0.00967773153972709 0 0 0.00567673814626116 0 0
"зависти" 0 0.00613835860290958 0 0 0.00426602960624547 0.00283836907313058 0 0.00591121357214636
"задолго" 0.00661594442606682 0.00204611953430319 0 0 0 0.00567673814626116 0 0
"задумавшись" 0.00992391663910023 0.00409223906860639 0 0.00285616360105107 0 0.00141918453656529 0 0
"заключалось" 0 0 0 0 0.00426602960624547 0.00567673814626116 0.00470178903072619 0
"заключения" 0 0.00204611953430319 0.00483886576986354 0 0.00426602960624547 0.00141918453656529 0.00470178903072619 0.00591121357214636
"заметным" 0.00992391663910023 0.00204611953430319 0 0.00285616360105107 0 0 0.0023508945153631 0.00591121357214636
"заметьте" 0 0.00204611953430319 0 0.00285616360105107 0 0 0.00940357806145238 0.00591121357214636
"занятия" 0.00661594442606682 0 0 0 0 0 0.0117544725768155 0
"занятиях" 0 0.00613835860290958 0 0.00571232720210214 0 0 0.00470178903072619 0
"запил" 0 0 0 0.00285616360105107 0.00426602960624547 0.00425755360969587 0.00470178903072619 0
"зари" 0 0.00204611953430319 0.00483886576986354 0 0 0.00425755360969587 0.00470178903072619 0
"заря" 0 0.00204611953430319 0.00483886576986354 0.00285616360105107 0 0.00283836907313058 0.0023508945153631 0.00591121357214636
"застенчивость" 0.00992391663910023 0 0 0 0.0127980888187364 0.00141918453656529 0 0
"зашел" 0.00330797221303341 0 0 0.0114246544042043 0 0.00141918453656529 0.0023508945153631 0
"здорово" 0 0 0.00483886576986354 0.0114246544042043 0 0.00141918453656529 0.0023508945153631 0
"зелеными" 0.00661594442606682 0 0 0 0.00426602960624547 0.00567673814626116 0 0
"зимы" 0 0.00204611953430319 0 0.00285616360105107 0 0.00567673814626116 0.0023508945153631 0
"злодей" 0 0 0 0 0.0127980888187364 0.00283836907313058 0.0023508945153631 0.00591121357214636
"знаки" 0.00330797221303341 0 0 0 0.00853205921249093 0.00283836907313058 0.00470178903072619 0
"зрителей" 0.0132318888521336 0.00204611953430319 0 0 0 0.00141918453656529 0.0023508945153631 0
"известия" 0 0.00613835860290958 0 0 0 0.00567673814626116 0 0
"имении" 0 0.010230597671516 0 0 0 0.00283836907313058 0 0
"иное" 0 0.00409223906860639 0 0.00571232720210214 0 0.00283836907313058 0.0023508945153631 0
"искры" 0 0.00204611953430319 0.00483886576986354 0 0 0 0.00470178903072619 0.0177336407164391
"искусством" 0.00330797221303341 0.00204611953430319 0 0.00571232720210214 0 0.00283836907313058 0 0.00591121357214636
"исполнении" 0 0 0 0.00285616360105107 0 0.00709592268282645 0.0023508945153631 0
"исполнил" 0 0 0.00483886576986354 0.00285616360105107 0 0.00141918453656529 0.00705268354608929 0.00591121357214636
"исполнять" 0 0.00409223906860639 0.00483886576986354 0.00285616360105107 0 0.00425755360969587 0 0
"истинный" 0 0.00613835860290958 0 0.00285616360105107 0 0.00425755360969587 0 0
"каково" 0.00330797221303341 0 0.00483886576986354 0 0.00426602960624547 0.00425755360969587 0.0023508945153631 0
"камень" 0.00330797221303341 0.00204611953430319 0 0 0.00426602960624547 0.00141918453656529 0.0023508945153631 0.0118224271442927
"касается" 0 0.00204611953430319 0 0 0 0.00425755360969587 0 0.0177336407164391
"катерине" 0 0 0 0 0 0 0.0164562616075417 0
"квартиру" 0 0.00409223906860639 0 0.00285616360105107 0 0.00141918453656529 0.00705268354608929 0
"кладбище" 0 0 0 0.00571232720210214 0 0 0 0.0295560678607318
"клянусь" 0.00330797221303341 0.00204611953430319 0.00967773153972709 0 0 0 0 0.0177336407164391
"книге" 0.00330797221303341 0.00204611953430319 0 0 0 0.00567673814626116 0.0023508945153631 0
"княгине" 0.00330797221303341 0 0.00967773153972709 0 0 0 0 0.0236448542885854
"коже" 0 0 0 0 0 0.00425755360969587 0 0.0236448542885854
"кой" 0.00992391663910023 0 0 0.00571232720210214 0 0.00141918453656529 0.0023508945153631 0
"коляски" 0.0198478332782005 0 0.00483886576986354 0 0 0 0 0
"комнатку" 0.00330797221303341 0 0 0.0142808180052553 0.00426602960624547 0 0 0
"кони" 0 0 0 0.00285616360105107 0 0.00851510721939174 0 0
"кончена" 0 0.00409223906860639 0 0.00856849080315321 0 0 0.0023508945153631 0.00591121357214636
"кончить" 0.00330797221303341 0.00409223906860639 0 0 0 0.00425755360969587 0 0.00591121357214636
"короткие" 0 0.00204611953430319 0.00483886576986354 0.00285616360105107 0 0.00425755360969587 0 0.00591121357214636
"коротко" 0 0 0 0.00285616360105107 0 0.00709592268282645 0.0023508945153631 0
"кофе" 0.00661594442606682 0 0.0145165973095906 0 0.00426602960624547 0.00141918453656529 0 0
"крайне" 0.00330797221303341 0.00613835860290958 0 0.00285616360105107 0 0.00141918453656529 0 0.00591121357214636
"красота" 0.00330797221303341 0 0 0 0 0.00283836907313058 0.00705268354608929 0.00591121357214636
"крепче" 0.00330797221303341 0.00204611953430319 0 0.00856849080315321 0.00426602960624547 0.00141918453656529 0 0
"крестьянами" 0.00330797221303341 0.00204611953430319 0 0 0 0.00709592268282645 0 0
"крики" 0.00330797221303341 0.00409223906860639 0 0 0 0.00283836907313058 0.00470178903072619 0
"кружево" 0 0.010230597671516 0.00967773153972709 0 0 0 0 0
"крылечко" 0 0 0 0 0 0.00993429175595703 0 0
"кустами" 0 0.00204611953430319 0 0.00285616360105107 0 0.00567673814626116 0.0023508945153631 0
"кустов" 0.00330797221303341 0.00613835860290958 0 0 0 0.00425755360969587 0 0
"кушать" 0.00661594442606682 0 0.00483886576986354 0.00856849080315321 0 0 0.0023508945153631 0
"лавку" 0 0 0.00483886576986354 0 0.0170641184249819 0.00141918453656529 0.0023508945153631 0
"ласковые" 0 0.00409223906860639 0 0.00285616360105107 0 0.00425755360969587 0.0023508945153631 0
"левую" 0.00661594442606682 0.00409223906860639 0 0.00285616360105107 0.00426602960624547 0.00141918453656529 0 0
"легкие" 0.00330797221303341 0.00204611953430319 0.0145165973095906 0 0 0.00141918453656529 0.0023508945153631 0
"легкой" 0.00330797221303341 0.00613835860290958 0.00483886576986354 0.00285616360105107 0 0.00141918453656529 0 0
"лежат" 0.00330797221303341 0.00409223906860639 0 0 0.0127980888187364 0 0.0023508945153631 0
"лекарь" 0 0 0 0.0171369816063064 0 0 0.0023508945153631 0
"лентами" 0.00661594442606682 0 0.00483886576986354 0.00285616360105107 0.0127980888187364 0 0 0
"ленты" 0 0 0 0 0 0 0.00470178903072619 0.0295560678607318
"лесом" 0.00330797221303341 0.00204611953430319 0 0 0 0.00567673814626116 0.0023508945153631 0
"летний" 0 0.00409223906860639 0 0.00285616360105107 0 0.00283836907313058 0.00470178903072619 0
"лицами" 0.00330797221303341 0 0 0.00285616360105107 0.00853205921249093 0 0.00470178903072619 0.00591121357214636
"лицах" 0 0.00409223906860639 0 0 0.00426602960624547 0.00141918453656529 0 0.0177336407164391
"лукерья" 0 0 0 0 0 0 0.0164562616075417 0
"лучей" 0 0.00409223906860639 0 0.00285616360105107 0 0.00141918453656529 0 0.0177336407164391
"лучший" 0.00330797221303341 0.00409223906860639 0 0 0 0.00141918453656529 0.00705268354608929 0
"любезности" 0.00330797221303341 0.00818447813721278 0 0 0 0.00141918453656529 0.0023508945153631 0
"любимцем" 0 0 0 0 0 0.00993429175595703 0 0
"любящая" 0 0.00818447813721278 0 0.00285616360105107 0 0.00141918453656529 0.0023508945153631 0
"мазурка" 0.00992391663910023 0 0 0.00571232720210214 0 0 0 0.0118224271442927
"максиму" 0 0 0 0.00856849080315321 0 0 0.00940357806145238 0
"малыш" 0 0 0 0 0 0.00993429175595703 0 0
"мауер" 0.00330797221303341 0 0 0 0.0255961776374728 0 0 0
"машу" 0 0 0 0 0.0298622072437183 0 0 0
"медведя" 0 0 0 0 0 0.00141918453656529 0.0141053670921786 0
"мельничихи" 0 0 0 0.0199931452073575 0 0 0 0
"меры" 0 0.00818447813721278 0 0.00285616360105107 0 0.00141918453656529 0 0.00591121357214636
"местами" 0 0.00818447813721278 0 0 0.00426602960624547 0.00283836907313058 0 0
"местности" 0 0.00409223906860639 0 0 0 0.00709592268282645 0 0
"мешало" 0 0.00204611953430319 0 0.00285616360105107 0.00426602960624547 0.00567673814626116 0 0
"мешать" 0 0.00409223906860639 0.00483886576986354 0.00856849080315321 0 0 0 0.00591121357214636
"мигом" 0 0 0 0.00285616360105107 0 0.00283836907313058 0.0023508945153631 0.0177336407164391
"минна" 0 0 0 0.0199931452073575 0 0 0 0
"миру" 0.00330797221303341 0.00409223906860639 0 0 0 0.00425755360969587 0.0023508945153631 0
"можем" 0 0.00613835860290958 0 0 0.0127980888187364 0.00141918453656529 0 0
"молебен" 0 0 0 0 0 0.00709592268282645 0.00470178903072619 0
"молода" 0 0 0.0193554630794542 0.00285616360105107 0 0.00141918453656529 0.0023508945153631 0
"мрачный" 0 0 0 0 0.00426602960624547 0.00425755360969587 0.00705268354608929 0
"муже" 0 0.00204611953430319 0 0.00285616360105107 0 0.00425755360969587 0.0023508945153631 0.00591121357214636
"мучить" 0 0.0122767172058192 0 0 0.00426602960624547 0 0 0
"нагаткина" 0 0 0 0 0 0.00993429175595703 0 0
"надежд" 0 0 0 0.00571232720210214 0 0.00141918453656529 0.00470178903072619 0.0118224271442927
"надежда" 0 0.00204611953430319 0.00967773153972709 0 0 0.00567673814626116 0 0
"назвать" 0.00330797221303341 0.00409223906860639 0 0 0 0.00425755360969587 0.0023508945153631 0
"называть" 0.00992391663910023 0.00204611953430319 0 0 0.00426602960624547 0.00141918453656529 0.0023508945153631 0
"наизусть" 0.00330797221303341 0 0 0.00856849080315321 0 0.00283836907313058 0.0023508945153631 0
"наказывал" 0.00330797221303341 0 0 0 0.00853205921249093 0.00283836907313058 0.00470178903072619 0
"наместничество" 0 0 0 0 0 0.00993429175595703 0 0
"написана" 0.00661594442606682 0.00204611953430319 0 0.00285616360105107 0 0.00141918453656529 0 0.0118224271442927
"наравне" 0 0 0.00483886576986354 0.00285616360105107 0.00426602960624547 0.00425755360969587 0.0023508945153631 0
"народ" 0 0.00409223906860639 0.00967773153972709 0 0 0 0.00470178903072619 0.00591121357214636
"наряды" 0 0.00409223906860639 0 0 0 0.00283836907313058 0.0023508945153631 0.0118224271442927
"наслаждаться" 0.00992391663910023 0.00204611953430319 0 0 0 0 0.00470178903072619 0.00591121357214636
"насона" 0 0 0 0 0 0 0.0164562616075417 0
"настоящим" 0.00330797221303341 0 0 0 0.00853205921249093 0.00425755360969587 0.0023508945153631 0
"наступил" 0 0.00204611953430319 0 0.00285616360105107 0.00853205921249093 0.00141918453656529 0.00470178903072619 0
"находится" 0 0.00204611953430319 0 0.00285616360105107 0 0.00425755360969587 0.0023508945153631 0.00591121357214636
"небрежно" 0.00330797221303341 0.00409223906860639 0.00967773153972709 0 0 0 0.0023508945153631 0.00591121357214636
"неделя" 0 0 0.00483886576986354 0.00856849080315321 0 0.00283836907313058 0.0023508945153631 0
"недостаток" 0.00992391663910023 0.00204611953430319 0 0 0 0.00425755360969587 0 0
"нежного" 0.00330797221303341 0 0 0.00571232720210214 0 0.00283836907313058 0 0.0118224271442927
"некому" 0 0.00409223906860639 0 0 0.00426602960624547 0.00567673814626116 0 0
"некоторого" 0.00330797221303341 0 0.00483886576986354 0.00571232720210214 0.00426602960624547 0.00283836907313058 0 0
"немецкого" 0 0.00818447813721278 0 0.00571232720210214 0.00426602960624547 0 0 0
"немецком" 0 0.010230597671516 0 0.00285616360105107 0 0 0.0023508945153631 0
"неудовольствием" 0 0.00613835860290958 0 0.00571232720210214 0 0 0.00470178903072619 0
"никакими" 0 0.00409223906860639 0 0.00571232720210214 0 0.00141918453656529 0.0023508945153631 0.00591121357214636
"новорожденного" 0 0 0 0.00285616360105107 0 0.00709592268282645 0.0023508945153631 0
"ногам" 0.00661594442606682 0 0 0 0.00426602960624547 0.00141918453656529 0.00705268354608929 0
"ноге" 0.00661594442606682 0 0 0.00285616360105107 0 0.00141918453656529 0.00705268354608929 0
"ножки" 0.00661594442606682 0.00204611953430319 0 0.00571232720210214 0 0.00141918453656529 0 0.00591121357214636
"носа" 0 0.00204611953430319 0 0.00571232720210214 0 0.00283836907313058 0 0.0118224271442927
"обман" 0.00330797221303341 0 0 0.00285616360105107 0 0.00567673814626116 0 0.00591121357214636
"обморок" 0 0.00204611953430319 0 0 0.00426602960624547 0.00425755360969587 0 0.0118224271442927
"обнять" 0.00330797221303341 0.00204611953430319 0.00483886576986354 0 0.00853205921249093 0.00141918453656529 0.0023508945153631 0
"обоим" 0.00661594442606682 0.00613835860290958 0 0.00285616360105107 0 0 0.0023508945153631 0
"образованный" 0 0 0 0.00285616360105107 0.00426602960624547 0.00283836907313058 0.00705268354608929 0
"обращался" 0.00330797221303341 0 0 0 0 0.00567673814626116 0.00470178903072619 0
"объяснение" 0 0.00204611953430319 0.00483886576986354 0.00285616360105107 0 0.00567673814626116 0 0
"объяснил" 0.00661594442606682 0.00409223906860639 0 0.00285616360105107 0 0.00283836907313058 0 0
"объятиях" 0 0 0 0.00285616360105107 0 0.00141918453656529 0.0023508945153631 0.0236448542885854
"обыкновенное" 0.00330797221303341 0 0 0 0 0.00851510721939174 0 0
"огнем" 0.00330797221303341 0 0.00483886576986354 0 0 0.00141918453656529 0.00470178903072619 0.0118224271442927
"огромное" 0 0.00409223906860639 0.0145165973095906 0.00285616360105107 0 0.00141918453656529 0 0
"одинаково" 0.00992391663910023 0 0.00967773153972709 0 0.00426602960624547 0.00141918453656529 0 0
"одушевлением" 0.00661594442606682 0.00204611953430319 0 0 0.00426602960624547 0.00141918453656529 0.00470178903072619 0
"ока" 0.00330797221303341 0 0 0.00285616360105107 0 0.00283836907313058 0.00470178903072619 0.00591121357214636
"опасно" 0 0.00204611953430319 0 0 0.00426602960624547 0.00283836907313058 0.0023508945153631 0.0118224271442927
"опустил" 0.00330797221303341 0 0.0193554630794542 0.00285616360105107 0 0 0.0023508945153631 0
"опустила" 0.00330797221303341 0 0.00483886576986354 0.00285616360105107 0.00853205921249093 0.00141918453656529 0 0.00591121357214636
"оружие" 0 0.0122767172058192 0 0 0 0.00141918453656529 0 0
"оскорбить" 0.00330797221303341 0.00204611953430319 0 0.00285616360105107 0.00853205921249093 0 0.00470178903072619 0
"осмелился" 0 0.00204611953430319 0 0 0 0.00567673814626116 0.00470178903072619 0
"осмотрев" 0.00661594442606682 0 0 0 0 0.00283836907313058 0.00470178903072619 0.00591121357214636
"особа" 0.00330797221303341 0 0 0.00856849080315321 0 0 0.00705268354608929 0
"особенный" 0.00330797221303341 0 0.00483886576986354 0 0 0.00141918453656529 0.00940357806145238 0
"особу" 0.00330797221303341 0 0.00483886576986354 0.00571232720210214 0 0 0.00705268354608929 0
"оставлю" 0 0.00204611953430319 0.00483886576986354 0.00285616360105107 0.00853205921249093 0 0 0.0118224271442927
"оставляла" 0.00661594442606682 0 0 0 0 0.00283836907313058 0.00705268354608929 0
"оставляли" 0.00330797221303341 0 0 0 0 0.00567673814626116 0.00470178903072619 0
"останавливались" 0.00661594442606682 0.00409223906860639 0 0 0 0 0.00705268354608929 0
"остановить" 0 0.00204611953430319 0 0.00285616360105107 0.00426602960624547 0.00283836907313058 0.00470178903072619 0
"остров" 0.00330797221303341 0 0 0 0.00426602960624547 0.00567673814626116 0 0.00591121357214636
"отвернулась" 0.0132318888521336 0.00204611953430319 0.00483886576986354 0 0.00426602960624547 0 0 0
"отдавать" 0 0.00409223906860639 0.00483886576986354 0.00571232720210214 0 0 0.00470178903072619 0
"отдыхать" 0 0.00818447813721278 0 0 0.00426602960624547 0.00283836907313058 0 0
"отечество" 0 0.00409223906860639 0 0 0.0213301480312273 0 0 0
"открыла" 0.00661594442606682 0.00409223906860639 0.00483886576986354 0 0 0.00141918453656529 0.0023508945153631 0
"отлетаева" 0 0 0.0338720603890448 0 0 0 0 0
"отправиться" 0 0.00204611953430319 0.00483886576986354 0.00856849080315321 0 0.00283836907313058 0 0
"отпустила" 0.00661594442606682 0.00204611953430319 0 0 0.00426602960624547 0.00425755360969587 0 0
"отчаянием" 0.00330797221303341 0.00613835860290958 0.00967773153972709 0.00285616360105107 0 0 0 0
"охоты" 0 0.00204611953430319 0 0.00856849080315321 0 0.00425755360969587 0 0
"ошибки" 0.00330797221303341 0.00204611953430319 0.00483886576986354 0.00571232720210214 0 0.00141918453656529 0 0.00591121357214636
"павильону" 0 0.0143228367401224 0 0 0 0 0 0
"папаша" 0 0 0 0.00571232720210214 0 0 0.0117544725768155 0
"папироску" 0 0 0.0338720603890448 0 0 0 0 0
"пар" 0.00330797221303341 0 0 0.00571232720210214 0.00426602960624547 0.00141918453656529 0.00470178903072619 0
"парашеньку" 0 0 0 0 0 0.00993429175595703 0 0
"парке" 0 0.010230597671516 0.00967773153972709 0 0 0 0 0
"партия" 0 0 0.0145165973095906 0 0 0 0.00470178903072619 0.0118224271442927
"пару" 0.00330797221303341 0.00204611953430319 0.00967773153972709 0.00285616360105107 0.00426602960624547 0 0 0.00591121357214636
"первою" 0.00330797221303341 0.00204611953430319 0 0.00285616360105107 0 0.00283836907313058 0 0.0118224271442927
"перемена" 0.00330797221303341 0.00204611953430319 0 0 0.00853205921249093 0.00425755360969587 0 0
"переставал" 0.0165398610651671 0 0 0.00571232720210214 0 0 0 0
"перешел" 0 0.00409223906860639 0 0.00571232720210214 0 0 0.00470178903072619 0.00591121357214636
"перешли" 0.00330797221303341 0 0 0 0.00853205921249093 0.00425755360969587 0.0023508945153631 0
"петербургские" 0 0.0122767172058192 0 0 0 0 0.0023508945153631 0
"печи" 0.00330797221303341 0.00204611953430319 0 0.0114246544042043 0 0.00141918453656529 0 0
"пили" 0 0.00204611953430319 0.00483886576986354 0 0 0.00425755360969587 0.00470178903072619 0
"питье" 0.00330797221303341 0 0 0.00285616360105107 0 0.00709592268282645 0 0
"плакали" 0.00661594442606682 0.00204611953430319 0 0 0 0.00567673814626116 0 0
"плеча" 0 0.00613835860290958 0 0.00285616360105107 0 0 0.00470178903072619 0.00591121357214636
"плечом" 0.00661594442606682 0 0 0 0.0170641184249819 0 0.0023508945153631 0
"побежали" 0.0132318888521336 0.00204611953430319 0 0 0 0.00283836907313058 0 0
"повела" 0.00330797221303341 0 0 0 0 0.00283836907313058 0.00705268354608929 0.00591121357214636
"повторять" 0 0 0 0.00571232720210214 0 0.00283836907313058 0.0023508945153631 0.0118224271442927
"погода" 0.00661594442606682 0.00204611953430319 0 0.00571232720210214 0 0.00141918453656529 0 0.00591121357214636
"подвигов" 0 0.00613835860290958 0 0.00285616360105107 0 0.00283836907313058 0 0.00591121357214636
"подражать" 0.00330797221303341 0 0 0 0.0170641184249819 0.00283836907313058 0 0
"подробности" 0.00330797221303341 0.00204611953430319 0 0.00856849080315321 0 0.00283836907313058 0 0
"подруги" 0 0.00818447813721278 0 0 0 0 0.00705268354608929 0
"подушке" 0 0.00204611953430319 0 0.00285616360105107 0 0.00141918453656529 0.00470178903072619 0.0118224271442927
"подъехал" 0.00330797221303341 0.00818447813721278 0.00483886576986354 0.00285616360105107 0 0 0 0
"поедет" 0.0132318888521336 0.00204611953430319 0.00483886576986354 0 0.00426602960624547 0 0 0
"пожал" 0.00330797221303341 0.00204611953430319 0 0 0.00426602960624547 0.00141918453656529 0 0.0177336407164391
"пожалуста" 0.0231558054912339 0 0 0 0 0 0 0
"позвали" 0.00330797221303341 0 0 0 0.00426602960624547 0.00425755360969587 0.00470178903072619 0
"поздравить" 0.00330797221303341 0 0.00967773153972709 0 0 0.00283836907313058 0 0.0118224271442927
"покажу" 0 0.00818447813721278 0.00967773153972709 0 0 0 0 0.00591121357214636
"показывать" 0.00330797221303341 0.00204611953430319 0 0 0 0.00709592268282645 0 0
"поклоном" 0 0.00613835860290958 0.00483886576986354 0 0 0 0.00470178903072619 0.00591121357214636
"покойника" 0 0 0 0.00571232720210214 0 0 0.00940357806145238 0.00591121357214636
"полная" 0.00330797221303341 0.00409223906860639 0 0 0.00426602960624547 0.00283836907313058 0 0.00591121357214636
"половины" 0 0.00204611953430319 0 0.00285616360105107 0.00426602960624547 0.00283836907313058 0.00470178903072619 0
"получении" 0.00330797221303341 0 0.00967773153972709 0.00285616360105107 0 0.00425755360969587 0 0
"пользоваться" 0.00330797221303341 0.00204611953430319 0.00483886576986354 0 0 0.00283836907313058 0.0023508945153631 0.00591121357214636
"пользы" 0 0.00818447813721278 0 0 0.00426602960624547 0.00141918453656529 0 0.00591121357214636
"помещика" 0 0.00204611953430319 0 0.00285616360105107 0 0.00709592268282645 0 0
"помни" 0.00330797221303341 0.00613835860290958 0 0 0 0 0.00705268354608929 0
"помолчав" 0.0132318888521336 0 0.00483886576986354 0 0.00426602960624547 0.00141918453656529 0 0
"помощи" 0.00330797221303341 0.00409223906860639 0 0.00285616360105107 0 0.00425755360969587 0 0
"помыслов" 0 0.0143228367401224 0 0 0 0 0 0
"попало" 0 0.00204611953430319 0.00483886576986354 0 0 0.00283836907313058 0.00705268354608929 0
"поперек" 0 0 0 0 0 0.00851510721939174 0.0023508945153631 0
"поразила" 0.0132318888521336 0 0 0.00571232720210214 0 0 0 0.00591121357214636
"поразило" 0.00661594442606682 0.00204611953430319 0.00483886576986354 0.00285616360105107 0 0.00141918453656529 0 0.00591121357214636
"порывы" 0 0.00204611953430319 0.00967773153972709 0 0.00426602960624547 0.00141918453656529 0.00470178903072619 0
"посещения" 0 0.00204611953430319 0 0.00285616360105107 0 0.00425755360969587 0.00470178903072619 0
"послали" 0 0 0.00483886576986354 0 0 0.00851510721939174 0 0
"последним" 0.00661594442606682 0.00613835860290958 0.00483886576986354 0 0 0 0.0023508945153631 0
"последнюю" 0 0.00409223906860639 0 0.00856849080315321 0 0.00283836907313058 0 0
"посредством" 0.00330797221303341 0 0 0.00856849080315321 0.00426602960624547 0 0.0023508945153631 0.00591121357214636
"поставлен" 0.00330797221303341 0.00204611953430319 0.00483886576986354 0 0 0.00283836907313058 0.00470178903072619 0
"посторонних" 0 0 0 0.00571232720210214 0.0127980888187364 0.00283836907313058 0 0
"пот" 0.00330797221303341 0 0 0.00856849080315321 0 0.00141918453656529 0.00470178903072619 0
"потеряли" 0.00661594442606682 0.00204611953430319 0 0 0.00426602960624547 0.00141918453656529 0.0023508945153631 0.00591121357214636
"поток" 0 0 0.00483886576986354 0.00571232720210214 0 0.00425755360969587 0.0023508945153631 0
"похвал" 0 0.00409223906860639 0 0.00285616360105107 0 0.00141918453656529 0 0.0177336407164391
"похвалы" 0.00661594442606682 0.00204611953430319 0 0 0 0.00283836907313058 0.0023508945153631 0.00591121357214636
"походила" 0 0.00204611953430319 0 0.00571232720210214 0.00426602960624547 0 0.00705268354608929 0
"похожи" 0.00330797221303341 0.00613835860290958 0 0 0 0.00141918453656529 0.00470178903072619 0
"похороны" 0 0.00204611953430319 0 0 0 0.00141918453656529 0.0023508945153631 0.0236448542885854
"почувствовать" 0.00330797221303341 0.00204611953430319 0 0.00285616360105107 0 0.00567673814626116 0 0
"правую" 0 0.00409223906860639 0.00483886576986354 0.00285616360105107 0.00426602960624547 0.00141918453656529 0.0023508945153631 0
"превосходительство" 0 0.00613835860290958 0 0 0 0 0 0.0236448542885854
"предалась" 0 0 0.00483886576986354 0 0 0.00709592268282645 0.0023508945153631 0
"предводитель" 0 0 0 0 0 0 0.0164562616075417 0
"прежним" 0 0.00613835860290958 0 0 0 0.00567673814626116 0 0
"прекрасном" 0.00330797221303341 0 0.00483886576986354 0 0 0.00425755360969587 0 0.0118224271442927
"прекратить" 0.00330797221303341 0 0.00483886576986354 0 0 0.00567673814626116 0.0023508945153631 0
"преминул" 0 0.00204611953430319 0 0.00856849080315321 0 0 0.00705268354608929 0
"преступление" 0 0.00613835860290958 0 0 0.00426602960624547 0.00141918453656529 0.00470178903072619 0
"привычку" 0.00330797221303341 0 0 0 0.0213301480312273 0 0 0.00591121357214636
"приключений" 0 0.00409223906860639 0.00483886576986354 0.00571232720210214 0 0 0.00470178903072619 0
"приличия" 0 0 0 0.00285616360105107 0 0.00425755360969587 0.00705268354608929 0
"принадлежала" 0.00661594442606682 0.00409223906860639 0 0 0 0.00141918453656529 0.0023508945153631 0.00591121357214636
"принимался" 0 0 0.00483886576986354 0.00856849080315321 0.00426602960624547 0.00141918453656529 0.0023508945153631 0
"принимая" 0 0.00204611953430319 0.0145165973095906 0.00285616360105107 0 0.00141918453656529 0 0.00591121357214636
"приходили" 0.00330797221303341 0.00613835860290958 0 0 0.00426602960624547 0.00141918453656529 0.0023508945153631 0
"причиной" 0 0.00613835860290958 0 0 0.00426602960624547 0 0.00705268354608929 0
"приятелей" 0 0.00818447813721278 0 0.00285616360105107 0 0 0 0.0118224271442927
"приятного" 0 0 0 0.00571232720210214 0.00426602960624547 0.00141918453656529 0.00470178903072619 0.00591121357214636
"приятным" 0 0 0.00483886576986354 0.00571232720210214 0.00853205921249093 0.00141918453656529 0 0.00591121357214636
"проводить" 0 0 0 0 0.00426602960624547 0.00425755360969587 0.00470178903072619 0.00591121357214636
"прозрачный" 0.00330797221303341 0.00409223906860639 0 0.00285616360105107 0 0.00425755360969587 0 0
"произнося" 0.00330797221303341 0 0 0.0171369816063064 0 0 0 0
"промеж" 0 0 0 0.00285616360105107 0 0.00283836907313058 0.00940357806145238 0
"пропасть" 0.00330797221303341 0.00204611953430319 0.00483886576986354 0.00285616360105107 0.00426602960624547 0 0.00470178903072619 0
"прослезился" 0 0.00613835860290958 0 0.00285616360105107 0 0.00283836907313058 0.0023508945153631 0
"простая" 0.00330797221303341 0.00204611953430319 0 0.00285616360105107 0 0.00425755360969587 0.0023508945153631 0
"простит" 0.00330797221303341 0 0 0.00285616360105107 0 0.00567673814626116 0.0023508945153631 0
"простить" 0.00330797221303341 0.00204611953430319 0 0.00285616360105107 0 0.00141918453656529 0.00705268354608929 0
"простую" 0 0 0 0.00571232720210214 0 0.00709592268282645 0 0
"простые" 0 0.00204611953430319 0 0.00285616360105107 0.00426602960624547 0.00425755360969587 0.0023508945153631 0
"протягивая" 0.00661594442606682 0 0.00483886576986354 0.00285616360105107 0.00426602960624547 0.00141918453656529 0 0.00591121357214636
"проходил" 0.00330797221303341 0 0 0 0 0.00425755360969587 0.00705268354608929 0
"пруд" 0.00330797221303341 0 0 0 0 0.00709592268282645 0.0023508945153631 0
"прямой" 0 0.00409223906860639 0 0.00856849080315321 0.00426602960624547 0 0.0023508945153631 0
"птиц" 0 0 0.00967773153972709 0.00571232720210214 0 0.00283836907313058 0.0023508945153631 0
"пустой" 0 0.00204611953430319 0.00483886576986354 0.00571232720210214 0.00426602960624547 0.00141918453656529 0 0.00591121357214636
"путешествия" 0.00330797221303341 0.00204611953430319 0.00967773153972709 0 0.00853205921249093 0 0.0023508945153631 0
"пятидесяти" 0.00330797221303341 0 0 0.00285616360105107 0 0.00709592268282645 0 0
"разбил" 0.00330797221303341 0 0 0.00285616360105107 0.0170641184249819 0.00141918453656529 0 0
"разбудили" 0 0 0 0 0 0.00851510721939174 0 0.00591121357214636
"разговаривать" 0.00992391663910023 0 0 0.00285616360105107 0 0.00425755360969587 0 0
"разговорами" 0 0.00204611953430319 0 0 0 0.00851510721939174 0 0
"распоряжение" 0 0 0.00483886576986354 0 0 0.00283836907313058 0.00705268354608929 0.00591121357214636
"рассердился" 0.00992391663910023 0 0 0 0 0.00283836907313058 0.0023508945153631 0.00591121357214636
"рассудок" 0 0.00204611953430319 0 0 0 0.00283836907313058 0.00940357806145238 0
"расходы" 0 0.00409223906860639 0 0 0 0.00141918453656529 0.00705268354608929 0.00591121357214636
"речами" 0 0.00613835860290958 0 0 0 0.00567673814626116 0 0
"речью" 0.00330797221303341 0.00204611953430319 0.00483886576986354 0 0 0 0.00940357806145238 0
"решимость" 0 0.010230597671516 0 0 0.00426602960624547 0.00141918453656529 0 0
"родила" 0 0 0 0 0 0.00567673814626116 0.00705268354608929 0
"родителя" 0 0.00613835860290958 0 0.0114246544042043 0 0 0 0
"родится" 0 0 0 0.00285616360105107 0 0.00851510721939174 0 0
"родная" 0 0 0 0 0 0.00851510721939174 0.0023508945153631 0
"родного" 0 0.00204611953430319 0 0 0.00426602960624547 0.00567673814626116 0.0023508945153631 0
"родственника" 0 0.00818447813721278 0 0 0 0 0.00705268354608929 0
"родственников" 0 0.00409223906860639 0 0 0 0.00709592268282645 0 0
"рождение" 0 0 0 0.00571232720210214 0 0.00425755360969587 0 0.0118224271442927
"розовых" 0.00330797221303341 0.00204611953430319 0 0 0.00426602960624547 0 0 0.0236448542885854
"рос" 0.00330797221303341 0.00204611953430319 0 0 0 0.00425755360969587 0.00470178903072619 0
"роскошью" 0 0.00204611953430319 0.00967773153972709 0 0 0.00141918453656529 0.00470178903072619 0.00591121357214636
"ружьем" 0 0 0 0.00571232720210214 0.00853205921249093 0.00141918453656529 0.00470178903072619 0
"ружья" 0 0.00204611953430319 0 0.0114246544042043 0 0.00283836907313058 0 0
"рукав" 0.00992391663910023 0 0 0.00571232720210214 0 0 0.00470178903072619 0
"русскую" 0 0 0.00483886576986354 0 0 0.00425755360969587 0.00705268354608929 0
"сапогах" 0.00992391663910023 0 0 0.00571232720210214 0.00426602960624547 0 0.0023508945153631 0
"сведения" 0 0.00409223906860639 0 0.00571232720210214 0 0.00425755360969587 0 0
"свежее" 0.00330797221303341 0.00409223906860639 0 0.00571232720210214 0 0.00283836907313058 0 0
"свежесть" 0.00330797221303341 0 0 0.00571232720210214 0.00426602960624547 0.00425755360969587 0 0
"свежим" 0.00330797221303341 0.00204611953430319 0.00483886576986354 0.00285616360105107 0 0.00141918453656529 0.00470178903072619 0
"светлые" 0.00330797221303341 0.00204611953430319 0.00483886576986354 0.00285616360105107 0.00426602960624547 0.00283836907313058 0 0
"светлый" 0 0.00409223906860639 0 0.00571232720210214 0 0.00141918453656529 0.0023508945153631 0.00591121357214636
"свидание" 0 0.00204611953430319 0.00483886576986354 0 0 0.00283836907313058 0.00705268354608929 0
"свободу" 0 0 0.00483886576986354 0.00285616360105107 0 0.00425755360969587 0 0.0118224271442927
"связь" 0 0.010230597671516 0 0 0.00426602960624547 0.00141918453656529 0 0
"священник" 0.00330797221303341 0 0 0 0 0.00567673814626116 0.00470178903072619 0
"семейных" 0 0.00613835860290958 0 0 0 0.00425755360969587 0.0023508945153631 0
"семьей" 0 0.00204611953430319 0.00483886576986354 0 0 0.00709592268282645 0 0
"сеней" 0 0 0.0145165973095906 0.00571232720210214 0 0.00283836907313058 0 0
"сердит" 0.00661594442606682 0.00204611953430319 0 0 0.00853205921249093 0.00141918453656529 0 0.00591121357214636
"сердитесь" 0 0.00818447813721278 0 0.00856849080315321 0 0 0 0
"сердиться" 0 0.00613835860290958 0 0.00571232720210214 0.00426602960624547 0.00141918453656529 0 0
"серебром" 0 0.00204611953430319 0.0193554630794542 0 0 0 0.0023508945153631 0.00591121357214636
"серебряной" 0 0.00204611953430319 0 0.00571232720210214 0 0.00283836907313058 0.00470178903072619 0
"серых" 0 0 0.00967773153972709 0.00856849080315321 0 0 0.00470178903072619 0
"сестрам" 0 0.00204611953430319 0 0 0 0.00425755360969587 0.00705268354608929 0
"сигары" 0.00330797221303341 0.00204611953430319 0 0.00285616360105107 0.00853205921249093 0 0.00470178903072619 0
"сизокрылов" 0 0 0 0 0 0 0.0164562616075417 0
"сила" 0.0132318888521336 0 0 0.00571232720210214 0 0.00141918453656529 0 0
"синих" 0.00661594442606682 0 0 0.00285616360105107 0.00426602960624547 0 0.0023508945153631 0.0118224271442927
"скажешь" 0.00330797221303341 0.00204611953430319 0.00483886576986354 0 0.00426602960624547 0.00141918453656529 0.00470178903072619 0
"скамейке" 0 0 0.00967773153972709 0.00571232720210214 0 0.00141918453656529 0.0023508945153631 0.00591121357214636
"скорей" 0.00992391663910023 0.00409223906860639 0 0 0.00426602960624547 0.00141918453656529 0 0
"скрепя" 0 0.00409223906860639 0 0 0 0.00283836907313058 0.00705268354608929 0
"скрип" 0.00992391663910023 0 0 0.00856849080315321 0 0 0.0023508945153631 0
"скрывается" 0 0.00204611953430319 0 0 0.00853205921249093 0.00141918453656529 0.00470178903072619 0.00591121357214636
"скрывал" 0.00330797221303341 0.00204611953430319 0.00483886576986354 0 0 0.00425755360969587 0.0023508945153631 0
"скрылась" 0 0 0.0290331946191813 0.00285616360105107 0 0 0 0
"скучать" 0.00661594442606682 0.00204611953430319 0 0 0 0.00283836907313058 0.0023508945153631 0.00591121357214636
"сладкие" 0.00992391663910023 0.00409223906860639 0 0 0 0.00283836907313058 0 0
"сладость" 0.00330797221303341 0.00204611953430319 0 0 0 0 0 0.0295560678607318
"следовать" 0.00330797221303341 0.00409223906860639 0 0.00285616360105107 0.00426602960624547 0.00141918453656529 0.0023508945153631 0
"случается" 0 0 0.00967773153972709 0 0.00853205921249093 0.00283836907313058 0.0023508945153631 0
"слушаю" 0.00661594442606682 0.00204611953430319 0.00483886576986354 0.00285616360105107 0.00426602960624547 0 0.0023508945153631 0
"слыхала" 0 0.00818447813721278 0.00483886576986354 0 0 0.00141918453656529 0.0023508945153631 0
"см" 0 0 0 0 0 0.00425755360969587 0 0.0236448542885854
"смею" 0 0.00409223906860639 0.00967773153972709 0 0 0.00141918453656529 0.0023508945153631 0.00591121357214636
"смысле" 0 0.00409223906860639 0.00483886576986354 0 0 0.00283836907313058 0.0023508945153631 0.00591121357214636
"собирались" 0.00330797221303341 0.00613835860290958 0 0 0.00426602960624547 0.00283836907313058 0 0
"собственному" 0 0 0 0.00285616360105107 0.00426602960624547 0.00425755360969587 0.00470178903072619 0
"собственным" 0 0.00204611953430319 0 0 0.00426602960624547 0.00283836907313058 0.00705268354608929 0
"согласилась" 0.00661594442606682 0 0 0 0 0.00425755360969587 0 0.0118224271442927
"согласитесь" 0 0.00613835860290958 0 0.00285616360105107 0 0.00283836907313058 0 0.00591121357214636
"создание" 0.00330797221303341 0 0.00967773153972709 0.00285616360105107 0.00426602960624547 0.00141918453656529 0.0023508945153631 0
"соли" 0 0 0 0 0 0.00283836907313058 0.0117544725768155 0
"сомнение" 0 0.00204611953430319 0 0 0 0.00851510721939174 0 0
"сообщил" 0 0.010230597671516 0 0 0 0.00283836907313058 0 0
"сопровождении" 0 0 0.0193554630794542 0 0 0.00283836907313058 0.0023508945153631 0
"составить" 0 0 0 0 0 0.00709592268282645 0 0.0118224271442927
"составляют" 0 0 0 0.00285616360105107 0.0127980888187364 0.00283836907313058 0.0023508945153631 0
"состоял" 0 0 0 0.00856849080315321 0 0.00283836907313058 0.00470178903072619 0
"соч" 0 0 0 0 0 0.00993429175595703 0 0
"сочинений" 0 0 0 0.00571232720210214 0 0.00141918453656529 0.00705268354608929 0.00591121357214636
"сочинения" 0 0 0 0.00571232720210214 0 0.00425755360969587 0.00470178903072619 0
"сплетни" 0 0.00409223906860639 0 0 0 0.00141918453656529 0.0023508945153631 0.0177336407164391
"способность" 0.00661594442606682 0.00409223906860639 0.00483886576986354 0 0 0.00283836907313058 0 0
"справедливость" 0 0.00818447813721278 0 0 0 0.00141918453656529 0.0023508945153631 0.00591121357214636
"средствами" 0.00330797221303341 0.00409223906860639 0 0 0 0.00283836907313058 0 0.0118224271442927
"ставил" 0 0 0.00967773153972709 0 0.0127980888187364 0.00283836907313058 0 0
"стан" 0 0.00409223906860639 0 0.00571232720210214 0 0 0.00705268354608929 0
"стараться" 0.00992391663910023 0.00409223906860639 0 0 0.00426602960624547 0 0 0.00591121357214636
"стараюсь" 0.00661594442606682 0 0 0 0.0213301480312273 0 0 0
"старому" 0 0.00204611953430319 0.00483886576986354 0.00285616360105107 0 0.00283836907313058 0.00470178903072619 0
"старухе" 0.00330797221303341 0.00204611953430319 0.00483886576986354 0 0 0.00567673814626116 0 0
"стать" 0 0.00204611953430319 0 0.00285616360105107 0.00426602960624547 0.00141918453656529 0.00705268354608929 0
"стекла" 0 0 0 0.00571232720210214 0.00853205921249093 0.00141918453656529 0.0023508945153631 0.00591121357214636
"стен" 0.00330797221303341 0.00613835860290958 0 0 0 0 0.00470178903072619 0.00591121357214636
"стоявший" 0.00330797221303341 0 0 0.00856849080315321 0.00426602960624547 0.00141918453656529 0.0023508945153631 0
"стоять" 0.00330797221303341 0.00613835860290958 0.00483886576986354 0.00285616360105107 0 0.00141918453656529 0 0
"странные" 0.00992391663910023 0.00204611953430319 0 0.00285616360105107 0.00853205921249093 0 0 0
"страшных" 0.00330797221303341 0 0 0.00285616360105107 0 0.00567673814626116 0 0.00591121357214636
"строгим" 0.00330797221303341 0.00204611953430319 0 0 0.00426602960624547 0.00425755360969587 0.0023508945153631 0
"строк" 0 0 0.00483886576986354 0.0114246544042043 0 0 0.00470178903072619 0
"суде" 0 0 0.00483886576986354 0 0 0.00425755360969587 0.00705268354608929 0
"сумму" 0 0.00204611953430319 0 0.00285616360105107 0 0.00283836907313058 0.00705268354608929 0
"суп" 0 0 0 0.0142808180052553 0 0.00141918453656529 0 0.00591121357214636
"супруге" 0 0.00204611953430319 0 0.00285616360105107 0 0.00567673814626116 0 0.00591121357214636
"суток" 0.00330797221303341 0.00613835860290958 0 0 0.00426602960624547 0.00283836907313058 0 0
"сущности" 0 0.00204611953430319 0.00483886576986354 0.00285616360105107 0.00426602960624547 0.00425755360969587 0 0
"сущность" 0 0.00204611953430319 0 0.00285616360105107 0.00853205921249093 0.00283836907313058 0.0023508945153631 0
"схватив" 0.00661594442606682 0.00409223906860639 0 0.00285616360105107 0 0.00283836907313058 0 0
"сходства" 0 0.00409223906860639 0 0 0.00426602960624547 0.00425755360969587 0.0023508945153631 0
"сцену" 0 0.00818447813721278 0.00483886576986354 0.00285616360105107 0 0.00141918453656529 0 0
"счастии" 0 0 0 0 0.00426602960624547 0 0 0.0354672814328782
"счастливая" 0.00992391663910023 0.00409223906860639 0 0 0 0.00141918453656529 0 0.00591121357214636
"счастливой" 0 0.00204611953430319 0.00483886576986354 0 0.00853205921249093 0 0.00705268354608929 0
"счастливою" 0.00330797221303341 0 0 0 0 0.00567673814626116 0 0.0118224271442927
"считала" 0.00661594442606682 0.00204611953430319 0 0 0 0.00141918453656529 0.0023508945153631 0.0118224271442927
"тайну" 0 0.00204611953430319 0.00483886576986354 0.00285616360105107 0.00853205921249093 0 0 0.0118224271442927
"танцуют" 0.00992391663910023 0.00204611953430319 0 0 0 0 0 0.0177336407164391
"танцы" 0.00330797221303341 0.010230597671516 0 0 0 0.00141918453656529 0 0
"твердила" 0 0 0.0145165973095906 0 0.00426602960624547 0 0.00705268354608929 0
"твоем" 0 0.00409223906860639 0.00483886576986354 0 0.00426602960624547 0.00141918453656529 0.0023508945153631 0.00591121357214636
"театре" 0.00330797221303341 0.010230597671516 0 0 0 0 0 0.00591121357214636
"телегу" 0.00330797221303341 0 0 0.0142808180052553 0 0 0.0023508945153631 0
"теми" 0.00992391663910023 0.00204611953430319 0.00483886576986354 0 0.00426602960624547 0 0 0.00591121357214636
"тепло" 0.00330797221303341 0.00409223906860639 0.00967773153972709 0 0 0.00283836907313058 0 0
"тесно" 0.00330797221303341 0 0 0 0 0.00567673814626116 0.0023508945153631 0.00591121357214636
"тетушкой" 0 0 0.0290331946191813 0 0 0.00141918453656529 0 0
"течение" 0 0.00409223906860639 0 0 0 0.00567673814626116 0 0.00591121357214636
"тихонько" 0 0.00409223906860639 0 0.00285616360105107 0 0.00283836907313058 0 0.0118224271442927
"толкнул" 0.00992391663910023 0 0 0.00856849080315321 0 0 0.0023508945153631 0
"толпы" 0 0.00409223906860639 0 0 0 0.00283836907313058 0.00705268354608929 0
"толстого" 0 0 0 0.00285616360105107 0 0.00709592268282645 0.0023508945153631 0
"толстой" 0.00330797221303341 0 0.00483886576986354 0 0.00426602960624547 0.00425755360969587 0.0023508945153631 0
"толстые" 0.00330797221303341 0.00409223906860639 0 0.00285616360105107 0.00426602960624547 0.00141918453656529 0.0023508945153631 0
"трав" 0 0 0 0.00285616360105107 0 0.00709592268282645 0.0023508945153631 0
"траву" 0.00992391663910023 0 0 0.00285616360105107 0.00426602960624547 0.00141918453656529 0.0023508945153631 0
"тревоги" 0 0.010230597671516 0 0.00285616360105107 0 0.00141918453656529 0 0
"тридцати" 0 0 0.00967773153972709 0.00571232720210214 0.00426602960624547 0.00141918453656529 0 0.00591121357214636
"трубочку" 0 0 0 0.00571232720210214 0.0213301480312273 0 0 0
"тяжелый" 0.00992391663910023 0.00204611953430319 0.00483886576986354 0 0.00426602960624547 0 0.0023508945153631 0
"убить" 0.00661594442606682 0 0.00483886576986354 0 0 0.00283836907313058 0.0023508945153631 0.00591121357214636
"уважать" 0 0.00204611953430319 0.00967773153972709 0 0.00426602960624547 0.00425755360969587 0 0
"уважаю" 0.00661594442606682 0 0 0 0 0.00141918453656529 0.00940357806145238 0
"увидим" 0.00330797221303341 0.00204611953430319 0.00483886576986354 0 0 0.00141918453656529 0.00470178903072619 0.00591121357214636
"увидите" 0 0.00409223906860639 0.00967773153972709 0.00285616360105107 0.00426602960624547 0 0 0.00591121357214636
"угадать" 0.00330797221303341 0.00613835860290958 0 0.00285616360105107 0 0.00141918453656529 0.0023508945153631 0
"угощение" 0 0.00204611953430319 0 0 0 0.00425755360969587 0.00705268354608929 0
"угрюмо" 0.00330797221303341 0.00818447813721278 0.00483886576986354 0 0 0 0.0023508945153631 0
"удалось" 0 0.00613835860290958 0.00483886576986354 0 0 0.00283836907313058 0.0023508945153631 0
"ударил" 0.00661594442606682 0 0 0.00856849080315321 0.00426602960624547 0 0.0023508945153631 0
"ударяя" 0.00661594442606682 0 0.00483886576986354 0.00285616360105107 0.00853205921249093 0 0.0023508945153631 0
"ужаса" 0.00661594442606682 0.00613835860290958 0 0 0.00426602960624547 0.00141918453656529 0 0
"ужасного" 0.00330797221303341 0 0 0 0.00426602960624547 0.00141918453656529 0.00940357806145238 0
"ужасные" 0.00330797221303341 0 0 0 0 0.00141918453656529 0.00705268354608929 0.0118224271442927
"ужасом" 0.00330797221303341 0.00409223906860639 0 0 0.00426602960624547 0.00283836907313058 0 0.00591121357214636
"указала" 0 0 0.00483886576986354 0.00571232720210214 0 0 0.00940357806145238 0
"улыбаться" 0.00992391663910023 0.00204611953430319 0 0.00285616360105107 0.00853205921249093 0 0 0
"улыбкою" 0.00330797221303341 0.00613835860290958 0 0.00285616360105107 0 0.00141918453656529 0 0.00591121357214636
"умеет" 0 0.00409223906860639 0 0.00285616360105107 0.00426602960624547 0.00425755360969587 0 0
"умели" 0.00330797221303341 0.00409223906860639 0 0 0 0.00567673814626116 0 0
"умна" 0.00330797221303341 0.00204611953430319 0.00483886576986354 0.00571232720210214 0 0.00283836907313058 0 0
"умно" 0 0.00818447813721278 0 0 0 0.00141918453656529 0.0023508945153631 0.00591121357214636
"умного" 0 0.00204611953430319 0.00483886576986354 0 0 0.00283836907313058 0.00705268354608929 0
"умру" 0.00330797221303341 0.00204611953430319 0 0 0.0127980888187364 0 0 0.0118224271442927
"уму" 0 0.00204611953430319 0 0.00285616360105107 0.00426602960624547 0.00425755360969587 0.0023508945153631 0
"употреблять" 0.00661594442606682 0.00204611953430319 0 0.00856849080315321 0 0.00141918453656529 0 0
"усаживаясь" 0.00992391663910023 0.00409223906860639 0 0.00285616360105107 0.00426602960624547 0 0 0
"усилием" 0.00661594442606682 0.00409223906860639 0.00483886576986354 0.00285616360105107 0 0.00141918453656529 0 0
"успех" 0 0.00204611953430319 0 0 0 0.00851510721939174 0 0
"утешать" 0.00661594442606682 0 0 0 0.00426602960624547 0.00283836907313058 0.0023508945153631 0.00591121357214636
"уфимское" 0 0 0 0 0 0.00993429175595703 0 0
"ухом" 0.00992391663910023 0 0.00483886576986354 0.00571232720210214 0 0 0.0023508945153631 0
"участием" 0.00661594442606682 0 0 0 0.00426602960624547 0.00425755360969587 0.0023508945153631 0
"ученого" 0.00330797221303341 0.00818447813721278 0 0 0 0.00283836907313058 0 0
"фамилию" 0 0 0.00967773153972709 0 0 0.00283836907313058 0.00705268354608929 0
"федоровны" 0 0.0143228367401224 0 0 0 0 0 0
"фигуре" 0.00330797221303341 0.00204611953430319 0 0.00856849080315321 0.00426602960624547 0 0 0.00591121357214636
"фрак" 0.00661594442606682 0.00409223906860639 0 0.00571232720210214 0.00426602960624547 0 0 0
"футляр" 0.00330797221303341 0 0.0290331946191813 0 0 0 0 0
"халате" 0.00661594442606682 0 0 0 0.00426602960624547 0.00425755360969587 0.0023508945153631 0
"хвост" 0.00330797221303341 0.00204611953430319 0 0.00285616360105107 0.00426602960624547 0 0.00705268354608929 0
"хозяевами" 0 0.00204611953430319 0 0 0.00426602960624547 0.00567673814626116 0 0.00591121357214636
"хороши" 0.00330797221303341 0.00818447813721278 0.00483886576986354 0.00285616360105107 0 0 0 0
"цветок" 0 0.00204611953430319 0.00967773153972709 0.00571232720210214 0 0 0.0023508945153631 0.00591121357214636
"цветом" 0 0.00204611953430319 0.00483886576986354 0.00285616360105107 0 0.00141918453656529 0.00470178903072619 0.00591121357214636
"целует" 0 0 0 0.00285616360105107 0.00853205921249093 0 0.00940357806145238 0
"чайной" 0 0 0.00483886576986354 0.0171369816063064 0 0 0 0
"чашки" 0 0 0.00483886576986354 0.0114246544042043 0 0.00283836907313058 0 0
"черных" 0.00330797221303341 0.00204611953430319 0.00483886576986354 0 0.00426602960624547 0 0.00470178903072619 0.00591121357214636
"чечеткиной" 0 0 0 0 0 0 0.0164562616075417 0
"чиновники" 0 0.00204611953430319 0 0 0 0.00425755360969587 0 0.0177336407164391
"читайте" 0 0 0 0.0199931452073575 0 0 0 0
"читателя" 0 0 0 0.0142808180052553 0 0.00283836907313058 0 0
"читателям" 0 0 0.00967773153972709 0 0 0.00709592268282645 0 0
"читая" 0.00661594442606682 0.00204611953430319 0 0.00285616360105107 0 0.00141918453656529 0.00470178903072619 0
"чтό" 0.0231558054912339 0 0 0 0 0 0 0
"чувствами" 0 0.00204611953430319 0 0.00285616360105107 0 0.00283836907313058 0.00470178903072619 0.00591121357214636
"чувствовали" 0 0.00204611953430319 0.00483886576986354 0.00285616360105107 0.00426602960624547 0.00425755360969587 0 0
"чувствовать" 0.00661594442606682 0.00613835860290958 0 0.00285616360105107 0 0.00141918453656529 0 0
"чья" 0.00992391663910023 0.00613835860290958 0.00483886576986354 0 0 0 0 0
"шага" 0.00330797221303341 0.00613835860290958 0.0145165973095906 0 0 0 0 0
"шаль" 0.0132318888521336 0.00204611953430319 0 0.00285616360105107 0 0 0.0023508945153631 0
"шепотом" 0 0.00613835860290958 0.00483886576986354 0 0.00853205921249093 0.00141918453656529 0 0
"шестьдесят" 0.00661594442606682 0.00204611953430319 0.00967773153972709 0 0 0 0.0023508945153631 0.00591121357214636
"широкие" 0 0 0.00967773153972709 0.00285616360105107 0 0.00283836907313058 0.00470178903072619 0
"широко" 0 0 0 0.00571232720210214 0.00853205921249093 0 0.00470178903072619 0.00591121357214636
"шопотом" 0.0231558054912339 0 0 0 0 0 0 0
"шутите" 0 0.0122767172058192 0 0.00285616360105107 0 0 0 0
"шутку" 0 0.00409223906860639 0.00483886576986354 0 0 0.00425755360969587 0.0023508945153631 0
"э" 0.0132318888521336 0 0 0 0.00426602960624547 0 0.0023508945153631 0.00591121357214636
"экономка" 0 0 0 0.0199931452073575 0 0 0 0
"эх" 0.00330797221303341 0 0.00483886576986354 0 0.0127980888187364 0 0.00470178903072619 0
"ямщику" 0 0.00409223906860639 0.00483886576986354 0 0 0 0.00940357806145238 0
"яснее" 0 0.00818447813721278 0 0 0 0.00141918453656529 0.0023508945153631 0.00591121357214636
"in" 0 0 0 0.00571232720210214 0.0170641184249819 0.00141918453656529 0 0
"johann" 0 0 0 0 0.0298622072437183 0 0 0
"l" 0 0.00409223906860639 0.0145165973095906 0 0.00853205921249093 0 0 0
"les" 0 0.0143228367401224 0 0 0 0 0 0
"moi" 0.00330797221303341 0.00409223906860639 0.0145165973095906 0 0.00426602960624547 0 0 0
"tante" 0.00992391663910023 0 0.0193554630794542 0 0 0 0 0
"xiv" 0.00330797221303341 0.00204611953430319 0 0 0.00426602960624547 0.00567673814626116 0 0
"xviii" 0.00661594442606682 0.00409223906860639 0 0 0.00426602960624547 0 0.00470178903072619 0
"y" 0.00330797221303341 0.00613835860290958 0 0.00285616360105107 0.00426602960624547 0 0.0023508945153631 0
"автора" 0 0 0.00483886576986354 0.00571232720210214 0 0.00425755360969587 0 0
"аксаковых" 0 0 0 0 0 0.00851510721939174 0 0
"алакаеву" 0 0 0 0 0 0.00851510721939174 0 0
"алеша" 0 0 0 0 0 0.00851510721939174 0 0
"алешку" 0 0 0 0.0171369816063064 0 0 0 0
"аллеи" 0 0.010230597671516 0 0 0.00426602960624547 0 0 0
"амишка" 0 0 0.0290331946191813 0 0 0 0 0
"афросинья" 0 0 0 0 0 0.00851510721939174 0 0
"бабы" 0 0 0.00967773153972709 0 0.00426602960624547 0.00141918453656529 0.00470178903072619 0
"барином" 0 0.00204611953430319 0.00483886576986354 0 0 0.00425755360969587 0.0023508945153631 0
"барыней" 0.00330797221303341 0 0.0145165973095906 0 0.00426602960624547 0.00141918453656529 0 0
"башкирских" 0 0 0 0 0 0.00851510721939174 0 0
"башкирцев" 0 0 0 0 0 0.00851510721939174 0 0
"башкирцы" 0 0 0 0 0 0.00851510721939174 0 0
"башню" 0 0.010230597671516 0 0 0 0 0.0023508945153631 0
"бегу" 0.00661594442606682 0 0 0 0.0127980888187364 0 0.0023508945153631 0
"бежала" 0.00661594442606682 0 0.00967773153972709 0 0 0 0.0023508945153631 0.00591121357214636
"белым" 0.00330797221303341 0.00204611953430319 0.00483886576986354 0.00285616360105107 0.00426602960624547 0.00141918453656529 0 0
"беседа" 0 0.00409223906860639 0 0 0 0.00283836907313058 0.00470178903072619 0
"беспокойством" 0.00661594442606682 0 0 0.00285616360105107 0.00426602960624547 0 0 0.0118224271442927
"бешенство" 0 0 0 0.00285616360105107 0 0.00709592268282645 0 0
"били" 0 0 0 0.00285616360105107 0 0.00425755360969587 0.00470178903072619 0
"билось" 0.00330797221303341 0.00613835860290958 0 0 0.00426602960624547 0 0 0.00591121357214636
"бишь" 0 0 0.00483886576986354 0.00856849080315321 0.00426602960624547 0.00141918453656529 0 0
"благодарности" 0.00330797221303341 0 0 0 0 0.00283836907313058 0.00705268354608929 0
"благодарностью" 0 0 0 0 0 0.00567673814626116 0.00470178903072619 0
"благодетелем" 0 0 0.00483886576986354 0 0.00426602960624547 0.00425755360969587 0.0023508945153631 0
"благодетель" 0 0.00204611953430319 0 0 0.0127980888187364 0 0.00470178903072619 0
"благородное" 0.00330797221303341 0.00409223906860639 0 0 0.00426602960624547 0.00141918453656529 0.0023508945153631 0
"благородные" 0 0 0.00483886576986354 0 0.00426602960624547 0.00283836907313058 0.00470178903072619 0
"благородный" 0 0 0 0.00571232720210214 0 0.00141918453656529 0.00705268354608929 0
"благосклонно" 0.00330797221303341 0 0 0.00285616360105107 0 0.00567673814626116 0 0
"благословить" 0.00661594442606682 0 0 0 0 0.00425755360969587 0.0023508945153631 0
"блеска" 0 0.00613835860290958 0.00483886576986354 0.00285616360105107 0 0 0.0023508945153631 0
"блестящий" 0 0.00204611953430319 0 0 0.00426602960624547 0.00141918453656529 0.00705268354608929 0
"близкие" 0 0.00409223906860639 0 0 0 0.00567673814626116 0 0
"блюда" 0 0 0 0.00285616360105107 0 0.00567673814626116 0.0023508945153631 0
"богатство" 0.00330797221303341 0 0 0 0 0.00283836907313058 0.00705268354608929 0
"богатым" 0 0 0.00967773153972709 0 0 0.00141918453656529 0.00470178903072619 0.00591121357214636
"богатых" 0.00330797221303341 0 0 0 0 0.00567673814626116 0.0023508945153631 0
"божья" 0 0 0.00483886576986354 0 0 0 0.0117544725768155 0
"болен" 0 0 0 0 0.00426602960624547 0.00283836907313058 0.00705268354608929 0
"больная" 0 0 0 0 0 0.00851510721939174 0 0
"большом" 0.00661594442606682 0 0 0.00285616360105107 0.00426602960624547 0.00283836907313058 0 0
"борисовна" 0 0.00204611953430319 0 0 0 0.00709592268282645 0 0
"борьбы" 0 0.00613835860290958 0.00483886576986354 0 0 0.00283836907313058 0 0
"бранит" 0.00330797221303341 0.00204611953430319 0.00967773153972709 0 0 0 0 0.0118224271442927
"брань" 0 0 0.0145165973095906 0 0.00426602960624547 0 0.00470178903072619 0
"бросила" 0.00330797221303341 0.00204611953430319 0.0145165973095906 0 0 0.00141918453656529 0 0
"бугуруслане" 0 0 0 0 0 0.00851510721939174 0 0
"бюро" 0 0.00204611953430319 0.0145165973095906 0 0 0.00283836907313058 0 0
"важная" 0 0.00204611953430319 0.00483886576986354 0 0.00853205921249093 0 0.00470178903072619 0
"важного" 0 0.00409223906860639 0 0.00285616360105107 0 0.00283836907313058 0.0023508945153631 0
"ванька" 0.00661594442606682 0 0 0 0.00426602960624547 0.00425755360969587 0 0
"варенья" 0 0 0 0.0142808180052553 0 0 0 0.00591121357214636
"вдовицы" 0 0 0 0.0171369816063064 0 0 0 0
"ведет" 0 0.00409223906860639 0 0 0 0.00283836907313058 0.00470178903072619 0
"вековых" 0 0.010230597671516 0 0 0 0 0.0023508945153631 0
"веку" 0 0.00409223906860639 0 0.00285616360105107 0 0 0.00705268354608929 0
"великая" 0 0.00409223906860639 0 0 0 0.00283836907313058 0.0023508945153631 0.00591121357214636
"велики" 0 0.00204611953430319 0 0 0 0.00425755360969587 0.00470178903072619 0
"великой" 0.00330797221303341 0.00613835860290958 0 0 0.00426602960624547 0 0 0.00591121357214636
"венцом" 0 0 0 0 0 0.00425755360969587 0.00705268354608929 0
"верхней" 0.00330797221303341 0 0 0.00571232720210214 0 0.00425755360969587 0 0
"верю" 0 0.00204611953430319 0.00967773153972709 0 0.00853205921249093 0 0.0023508945153631 0
"веселом" 0.00330797221303341 0 0 0 0.00853205921249093 0.00425755360969587 0 0
"веселостью" 0 0.00204611953430319 0.00967773153972709 0 0 0.00141918453656529 0 0.0118224271442927
"веселые" 0 0 0 0.00285616360105107 0.00426602960624547 0.00283836907313058 0 0.0118224271442927
"веселыми" 0 0.00409223906860639 0 0.00285616360105107 0 0.00283836907313058 0 0.00591121357214636
"веселье" 0 0.00613835860290958 0.00483886576986354 0.00285616360105107 0 0.00141918453656529 0 0
"вечере" 0 0.00204611953430319 0 0.0114246544042043 0 0 0.0023508945153631 0
"вечерней" 0 0.00204611953430319 0 0.00285616360105107 0 0.00283836907313058 0.00470178903072619 0
"взгляду" 0 0.00613835860290958 0 0.00285616360105107 0 0.00283836907313058 0 0
"вздохнул" 0 0.00204611953430319 0.00483886576986354 0.00285616360105107 0 0.00141918453656529 0.00470178903072619 0
"вздыхая" 0.00330797221303341 0 0 0.00285616360105107 0.00426602960624547 0 0.00470178903072619 0.00591121357214636
"взором" 0 0 0 0 0.00426602960624547 0 0 0.0295560678607318
"взявши" 0 0.010230597671516 0 0 0 0 0.0023508945153631 0
"вины" 0 0 0 0 0 0.00425755360969587 0.00470178903072619 0.00591121357214636
"висевший" 0.00330797221303341 0 0.00483886576986354 0.00285616360105107 0.00853205921249093 0 0.0023508945153631 0
"вкусом" 0 0.00204611953430319 0 0.00571232720210214 0 0 0.0023508945153631 0.0118224271442927
"внутри" 0 0.00204611953430319 0 0 0 0.00283836907313058 0.00470178903072619 0.00591121357214636
"военной" 0 0.00818447813721278 0 0 0 0.00283836907313058 0 0
"возвратном" 0 0 0 0 0 0.00567673814626116 0.00470178903072619 0
"возьмите" 0 0 0.0145165973095906 0 0.00853205921249093 0.00141918453656529 0 0
"волгину" 0 0 0 0 0 0 0.0141053670921786 0
"волосах" 0 0.00409223906860639 0 0.00571232720210214 0 0 0.00470178903072619 0
"восклицал" 0 0 0 0.0142808180052553 0 0 0.0023508945153631 0
"восторге" 0.00330797221303341 0 0 0 0 0.00141918453656529 0.00705268354608929 0.00591121357214636
"восьми" 0 0.00204611953430319 0 0 0 0.00709592268282645 0 0
"вполголоса" 0 0 0.00967773153972709 0 0.00426602960624547 0.00141918453656529 0 0.0118224271442927
"вспомните" 0 0.00613835860290958 0 0 0.00426602960624547 0.00141918453656529 0.0023508945153631 0
"вставал" 0.00330797221303341 0 0.00483886576986354 0 0 0.00283836907313058 0.00470178903072619 0
"встретили" 0 0.00613835860290958 0 0 0 0.00283836907313058 0.0023508945153631 0
"всячески" 0.00330797221303341 0 0.00483886576986354 0 0.0170641184249819 0 0 0
"вторая" 0.00330797221303341 0.00204611953430319 0 0 0 0.00425755360969587 0 0.00591121357214636
"второго" 0.00330797221303341 0 0.00483886576986354 0 0 0.00425755360969587 0 0.00591121357214636
"вчерашнего" 0 0.00409223906860639 0 0 0 0.00425755360969587 0.0023508945153631 0
"выбежала" 0.00992391663910023 0.00204611953430319 0 0.00285616360105107 0 0.00141918453656529 0 0
"выдержал" 0.00330797221303341 0 0 0.00285616360105107 0 0 0.0023508945153631 0.0177336407164391
"выдержать" 0 0.00204611953430319 0 0 0.00426602960624547 0.00141918453656529 0 0.0177336407164391
"выражало" 0.0132318888521336 0 0 0 0.00426602960624547 0.00141918453656529 0 0
"вырваться" 0.00330797221303341 0.00613835860290958 0 0 0 0.00141918453656529 0.0023508945153631 0
"высказал" 0 0 0 0 0.00426602960624547 0.00567673814626116 0 0.00591121357214636
"выслушал" 0.00330797221303341 0.010230597671516 0 0 0 0 0 0
"высокие" 0.00330797221303341 0.00204611953430319 0 0.00285616360105107 0 0 0.00470178903072619 0.00591121357214636
"высоким" 0.00661594442606682 0.00204611953430319 0 0.00285616360105107 0 0.00283836907313058 0 0
"вьются" 0.00992391663910023 0 0 0.00285616360105107 0.00853205921249093 0 0 0
"галлерея" 0 0.0122767172058192 0 0 0 0 0 0
"германии" 0 0.0122767172058192 0 0 0 0 0 0
"главе" 0 0.00409223906860639 0 0.00571232720210214 0.00426602960624547 0.00141918453656529 0 0
"глубокая" 0 0 0 0.0171369816063064 0 0 0 0
"глубокие" 0 0 0 0.00285616360105107 0 0.00283836907313058 0.00470178903072619 0.00591121357214636
"глупо" 0.00330797221303341 0.00204611953430319 0.00483886576986354 0.00285616360105107 0 0.00141918453656529 0.0023508945153631 0
"гляди" 0 0 0.00483886576986354 0.00571232720210214 0.00426602960624547 0 0.00470178903072619 0
"головка" 0.00661594442606682 0 0.00483886576986354 0 0.00426602960624547 0.00283836907313058 0 0
"голосов" 0 0 0 0.00285616360105107 0 0.00567673814626116 0.0023508945153631 0
"голубушка" 0.0132318888521336 0 0 0 0 0 0.00470178903072619 0
"голубь" 0.00661594442606682 0 0 0.00285616360105107 0 0 0.00705268354608929 0
"гора" 0 0 0 0 0 0.00709592268282645 0.0023508945153631 0
"гордый" 0 0 0 0.00571232720210214 0.00853205921249093 0.00141918453656529 0.0023508945153631 0
"горло" 0 0.00204611953430319 0 0.0114246544042043 0 0.00141918453656529 0 0
"горнице" 0 0 0 0.00285616360105107 0 0.00709592268282645 0 0
"городка" 0 0.00204611953430319 0 0.00856849080315321 0 0.00283836907313058 0 0
"городке" 0 0 0 0.00571232720210214 0 0 0.00940357806145238 0
"горячей" 0 0.00204611953430319 0 0.00285616360105107 0 0.00425755360969587 0.0023508945153631 0
"горячностью" 0 0.00204611953430319 0 0 0 0.00567673814626116 0.0023508945153631 0
"господского" 0 0.00204611953430319 0 0 0 0.00709592268282645 0 0
"гостем" 0 0.00613835860290958 0 0.00571232720210214 0 0.00141918453656529 0 0
"государыня" 0 0 0 0 0 0.00283836907313058 0.00940357806145238 0
"грозы" 0 0 0 0 0.0127980888187364 0.00425755360969587 0 0
"громкий" 0.00330797221303341 0 0.00967773153972709 0 0.00426602960624547 0.00283836907313058 0 0
"грубо" 0 0 0.00967773153972709 0.00571232720210214 0 0.00283836907313058 0 0
"грустной" 0.00330797221303341 0.00204611953430319 0.00483886576986354 0.00571232720210214 0 0 0.0023508945153631 0
"гу" 0 0 0 0.00571232720210214 0 0 0.00940357806145238 0
"губ" 0.00330797221303341 0.00204611953430319 0 0.00285616360105107 0 0.00141918453656529 0.00470178903072619 0
"густыми" 0 0.00204611953430319 0.00483886576986354 0.00571232720210214 0 0.00283836907313058 0 0
"дано" 0 0.00613835860290958 0 0 0.00426602960624547 0.00141918453656529 0.0023508945153631 0
"движениями" 0.00661594442606682 0 0.00483886576986354 0 0.00853205921249093 0 0 0.00591121357214636
"дворяне" 0 0 0 0 0 0.00709592268282645 0.0023508945153631 0
"дворянин" 0 0 0 0.00285616360105107 0 0.00709592268282645 0 0
"дворянство" 0 0 0 0 0 0.00425755360969587 0.00705268354608929 0
"де" 0 0 0.00483886576986354 0 0 0 0.0117544725768155 0
"девочками" 0.00661594442606682 0.00204611953430319 0 0 0.0127980888187364 0 0 0
"девочке" 0 0 0.00967773153972709 0 0.00426602960624547 0.00141918453656529 0.00470178903072619 0
"деда" 0.00330797221303341 0.00818447813721278 0 0 0 0 0.0023508945153631 0
"делаешь" 0.00330797221303341 0.00409223906860639 0.00483886576986354 0.00285616360105107 0 0.00141918453656529 0 0
"дениску" 0 0 0 0.0171369816063064 0 0 0 0
"дергачовой" 0 0 0 0.0171369816063064 0 0 0 0
"деревьями" 0 0.0122767172058192 0 0 0 0 0 0
"десяток" 0 0 0 0.00285616360105107 0 0.00283836907313058 0.00705268354608929 0
"детски" 0 0.00409223906860639 0 0 0.00853205921249093 0.00141918453656529 0.0023508945153631 0
"детский" 0.00992391663910023 0 0 0 0.00426602960624547 0.00141918453656529 0.0023508945153631 0
"детстве" 0.00330797221303341 0.00204611953430319 0 0 0.00426602960624547 0.00283836907313058 0.0023508945153631 0
"длинных" 0 0 0.00483886576986354 0.00285616360105107 0 0.00283836907313058 0.0023508945153631 0.00591121357214636
"доброй" 0.00330797221303341 0.00409223906860639 0.00483886576986354 0 0 0 0.00470178903072619 0
"доказательство" 0 0 0 0.00285616360105107 0 0.00425755360969587 0.0023508945153631 0.00591121357214636
"доктором" 0 0.010230597671516 0.00483886576986354 0 0 0 0 0
"долгих" 0 0.00409223906860639 0 0.00571232720210214 0.00426602960624547 0 0.0023508945153631 0
"досада" 0.00330797221303341 0.00409223906860639 0 0.00285616360105107 0.00426602960624547 0.00141918453656529 0 0
"достать" 0.00661594442606682 0.00204611953430319 0 0 0.00426602960624547 0 0.00470178903072619 0
"достигла" 0 0 0.00483886576986354 0 0 0.00567673814626116 0.0023508945153631 0
"достойные" 0 0.00409223906860639 0 0.00571232720210214 0 0 0.0023508945153631 0.00591121357214636
"досыта" 0.00661594442606682 0.00409223906860639 0 0 0 0.00283836907313058 0 0
"доходили" 0 0.00613835860290958 0.00483886576986354 0 0 0.00141918453656529 0.0023508945153631 0
"дрожащими" 0 0.00204611953430319 0 0 0 0.00141918453656529 0.00705268354608929 0.00591121357214636
"дрожках" 0 0.00204611953430319 0 0 0 0 0.0117544725768155 0
"дружбе" 0.00330797221303341 0 0 0.00571232720210214 0.00853205921249093 0 0.0023508945153631 0
"дуба" 0.00661594442606682 0.00613835860290958 0 0 0 0.00141918453656529 0 0
"дурным" 0.00330797221303341 0.00409223906860639 0 0 0.00853205921249093 0 0.0023508945153631 0
"дядюшка" 0 0 0 0 0 0.00851510721939174 0 0
"единственную" 0 0.00204611953430319 0 0 0 0.00567673814626116 0 0.00591121357214636
"ездит" 0 0.00409223906860639 0.00967773153972709 0 0.00426602960624547 0 0.0023508945153631 0
"екатерины" 0 0.00204611953430319 0 0 0 0 0.00940357806145238 0.00591121357214636
"жалости" 0.00661594442606682 0 0 0.00285616360105107 0 0.00425755360969587 0 0
"жалость" 0 0 0 0.00285616360105107 0 0.00425755360969587 0.00470178903072619 0
"жертвы" 0 0.00204611953430319 0 0 0 0 0.0117544725768155 0
"живая" 0.00330797221303341 0.00204611953430319 0.00483886576986354 0 0 0.00283836907313058 0.0023508945153631 0
"живем" 0.00330797221303341 0.00204611953430319 0 0 0.00426602960624547 0.00141918453656529 0.0023508945153631 0.00591121357214636
"живот" 0 0.00204611953430319 0 0.00856849080315321 0 0.00141918453656529 0.0023508945153631 0
"живя" 0 0.00204611953430319 0.00483886576986354 0 0 0.00283836907313058 0.00470178903072619 0
"забилось" 0 0.00613835860290958 0.00483886576986354 0.00285616360105107 0 0 0.0023508945153631 0
"заботился" 0.0132318888521336 0.00409223906860639 0 0 0 0 0 0
"заботы" 0.00330797221303341 0.00409223906860639 0 0.00285616360105107 0 0 0.00470178903072619 0
"заботясь" 0 0.00409223906860639 0.00967773153972709 0 0 0.00141918453656529 0 0.00591121357214636
"забубеньеве" 0 0 0 0.0171369816063064 0 0 0 0
"забывать" 0.00330797221303341 0.00613835860290958 0 0.00285616360105107 0 0 0 0.00591121357214636
"зависит" 0 0.00204611953430319 0 0 0.00426602960624547 0.00283836907313058 0.0023508945153631 0.00591121357214636
"завод" 0 0 0 0 0 0.00567673814626116 0.00470178903072619 0
"завтрашнего" 0.00330797221303341 0.00818447813721278 0 0 0 0.00141918453656529 0 0
"заглянул" 0.00330797221303341 0 0.00483886576986354 0.00285616360105107 0 0.00141918453656529 0.00470178903072619 0
"заглянуть" 0 0.00204611953430319 0 0 0 0.00425755360969587 0.0023508945153631 0.00591121357214636
"задрожали" 0 0 0 0.00285616360105107 0.0127980888187364 0.00283836907313058 0 0
