"real_grigorovich" "real_krestovsky" "real_pisemsky" "real_pomyalovsky" "rom_bestuzhev" "rom_gogol" "rom_odoevsky" "rom_polevoy"
"и" 3.36854569817083 4.45374608528066 3.9380494391931 3.98436651829334 3.7070914957949 4.147624716771 3.28194927896569 4.93527925326182
"в" 1.82917328846094 2.41508070344495 2.3424366853143 2.20388665725763 2.38585258022715 2.3003955605054 2.73806563898558 2.02155639214068
"не" 1.92265744289676 1.77366899542279 1.94835616060848 2.67071979155358 1.98185837335163 2.09301432466685 1.87095972153158 2.02671342375329
"на" 1.78243121124303 1.34003854492893 1.25113677074434 1.29555241920892 1.71761059023808 1.92403702139099 1.24005469915465 1.7688618431231
"что" 1.45523667071765 1.25271019031559 1.41648524264888 1.86009481417146 0.965520745991818 1.67057106647721 1.38612630532074 1.33567118766438
"с" 1.1623196534854 1.505661286437 1.46333397635517 1.03861325227084 1.30345300708895 1.04458696570529 0.919940328194928 0.979836006394719
"он" 1.01897728335047 0.770898578655746 1.17948576625238 2.0736076430355 1.049368600249 0.75655747148508 0.593610144206862 1.10360476509721
"как" 0.941073821320619 0.725728740062636 0.719265852784744 0.832338146419137 0.79782503747745 1.24812780828757 0.599825957235206 0.624000825125058
"я" 0.520395126359415 0.635389062876415 0.868079477498829 0.723772301234032 1.18911502401098 0.614462921003111 0.929264047737444 0.819968026404002
"то" 1.62039201022093 0.852204288123344 0.48777799211839 0.745485470271053 0.42432095942272 0.741195898460002 0.540775733465937 0.510546129647775
"его" 0.654389081050762 0.487834256805589 0.540138341554827 1.02051894473998 0.871509515461036 0.672068819847152 0.705494778717056 1.06750554380898
"а" 0.947306098283008 0.707660804625391 0.777137817951332 0.803387254369775 0.365881545849531 0.568378201927877 0.435106911984088 0.742612552214945
"к" 0.694898881306285 0.644423030595037 0.741312315705349 0.67310824014765 0.538658942500699 0.499251123315027 0.506588761810045 0.582744572224228
"все" 0.479885326103892 0.533004095398699 0.429906026951801 0.589874425505736 0.421780115354321 0.591420561465494 0.891969169567379 0.608529730287247
"но" 0.177619893428064 0.373403999036377 0.545649957284978 0.738247747258712 0.74700815610946 0.395560505395753 0.699278965688712 0.474446908359548
"по" 0.564021065096133 0.575162611418935 0.699975197729214 0.376361596641697 0.569149071321493 0.599101347978033 0.400919940328195 0.293950801918416
"за" 0.551556511171356 0.445675740785353 0.440929258412104 0.300365505012123 0.630129328963081 0.641345673796997 0.34808552958727 0.479603939972152
"это" 0.283568601788663 0.653456998313659 0.655882271888004 0.68034596315999 0.363340701781132 0.499251123315027 0.428891098955743 0.0670414109638492
"у" 0.573369480539715 0.334256805589015 0.600766114586491 0.535591502913183 0.31760550854994 0.422443258189639 0.167826951765291 0.505389098035171
"так" 0.548440372690162 0.427607805348109 0.42439441122165 0.571780117974885 0.31760550854994 0.487729943546219 0.292143212332173 0.34036408643185
"из" 0.495466018509863 0.397494579619369 0.394080524705818 0.246082582419571 0.449729400106715 0.430124044702178 0.487941322725012 0.407405497395699
"ты" 0.613879280795239 0.24090580582992 0.2149530134759 0.322078674049144 0.581853291663491 0.395560505395753 0.174042764793635 0.840596152854417
"же" 0.330310679006575 0.548060708263069 0.42439441122165 0.611587594542757 0.218512589882359 0.391720112139483 0.251740427647936 0.257851580630189
"она" 0.274220186345081 0.644423030595037 0.551161573015129 0.521116056888503 0.226135122087557 0.234263988632436 0.282819492789657 0.108297663864679
"от" 0.239942663051946 0.328234160443267 0.212197205610825 0.300365505012123 0.505627969611505 0.34563539306425 0.456862257583292 0.417719560620907
"ее" 0.264871770901499 0.647434353167911 0.352743406729683 0.401693627184888 0.292197067865945 0.349475786320519 0.276603679761313 0.113454695477283
"да" 0.813312143591661 0.367381353890629 0.261801747182186 0.282271197481272 0.154991488172371 0.445485617727255 0.118100447538538 0.407405497395699
"только" 0.267987909382693 0.421585160202361 0.432661834816877 0.260558028444251 0.261706939045151 0.491570336802489 0.183366484336151 0.206281264504151
"бы" 0.320962263562993 0.316188870151771 0.40510375616612 0.22436941338255 0.26424778311355 0.487729943546219 0.289035305818001 0.180496106441132
"еще" 0.36458820229971 0.334256805589015 0.377545677515364 0.264176889950422 0.208349213608761 0.395560505395753 0.270387866732969 0.247537517404982
"было" 0.333426817487769 0.289086966995905 0.267313362912338 0.387218181160207 0.215971745813959 0.337954606551711 0.264172053704625 0.376463307720076
"ему" 0.330310679006575 0.243917128402795 0.272824978642489 0.542829225925524 0.193104149198364 0.284189100963939 0.174042764793635 0.283636738693208
"о" 0.118413262285376 0.231871838111298 0.2149530134759 0.412550211703398 0.256625250908352 0.115211797688083 0.543883639980109 0.257851580630189
"ли" 0.324078402044187 0.156588773789448 0.225976244936203 0.246082582419571 0.282033691592347 0.230423595376167 0.279711586275485 0.464132845134341
"мне" 0.202549001277617 0.204769934955432 0.264557555047262 0.159229906271487 0.360799857712732 0.234263988632436 0.335653903530582 0.360992212882265
"меня" 0.208781278240005 0.162611418935196 0.272824978642489 0.188180798320848 0.416698427217522 0.188179269557203 0.292143212332173 0.309421896756227
"вот" 0.520395126359415 0.147554806070826 0.17086008763469 0.300365505012123 0.114337983077979 0.407081685164561 0.139855793137742 0.237223454179774
"был" 0.152690785578511 0.201758612382558 0.369278253920137 0.282271197481272 0.241380186497955 0.176658089788394 0.152287419194431 0.360992212882265
"ни" 0.224361970645976 0.204769934955432 0.198418166285447 0.162848767777657 0.292197067865945 0.288029494220208 0.276603679761313 0.257851580630189
"они" 0.186968308871646 0.129486870633582 0.159836856174388 0.278652335975102 0.309982976344742 0.142094550481969 0.388488314271507 0.324892991594038
"когда" 0.130877816210152 0.153577451216574 0.283848210102792 0.249701443925741 0.241380186497955 0.261146741426322 0.264172053704625 0.324892991594038
"вы" 0.149574647097317 0.231871838111298 0.462975721332709 0.351029566098505 0.0762253220519857 0.149775336994508 0.270387866732969 0.0979836006394719
"для" 0.0467420772179116 0.237894483257046 0.217708821340976 0.180943075308508 0.365881545849531 0.0844886516379277 0.46929388363998 0.0825125058016606
"их" 0.211897416721199 0.144543483497952 0.0992090831427233 0.144754460246806 0.274411159387148 0.13441376396943 0.407135753356539 0.273322675468001
"нет" 0.215013555202393 0.12045290291496 0.245266899991733 0.296746643505953 0.180399928856366 0.238104381888705 0.161611138736947 0.23206642256717
"уже" 0.221245832164781 0.301132257287401 0.0744068123570425 0.112184706691275 0.142287267830373 0.360996966089328 0.192690203878667 0.165025011603321
"до" 0.158923062540899 0.19573596723681 0.146057816849009 0.173705352296168 0.21089005767716 0.172817696532125 0.229985082048732 0.103140632252076
"мы" 0.140226231653735 0.0963623223319682 0.112988122468102 0.170086490789997 0.16007317630917 0.0960098314067361 0.400919940328195 0.247537517404982
"него" 0.19008444735284 0.114430257769212 0.165348471904539 0.285890058987443 0.162614020377569 0.20354084258228 0.0808055693684734 0.206281264504151
"сказал" 0.186968308871646 0.0572151288846061 0.206685589880674 0.177324213802338 0.180399928856366 0.168977303275855 0.111884634510194 0.319735959981435
"или" 0.140226231653735 0.171645386653818 0.17086008763469 0.126660152715956 0.243921030566354 0.13441376396943 0.2113376429637 0.0825125058016606
"если" 0.0280452463307469 0.16562274150807 0.173615895499766 0.126660152715956 0.182940772924766 0.245785168401244 0.158503232222775 0.206281264504151
"ну" 0.60764700383285 0.147554806070826 0.10747650673795 0.112184706691275 0.0330309728891938 0.176658089788394 0.00621581302834411 0.0618843793512454
"тебе" 0.239942663051946 0.0813057094675982 0.0661393887618155 0.0868526761480838 0.198185837335163 0.226583202119897 0.055942317255097 0.355835181269661
"очень" 0.0249291078495528 0.261985063840039 0.432661834816877 0.180943075308508 0.0965520745991818 0.00384039325626944 0.0776976628543013 0.00515703161260378
"теперь" 0.168271477984482 0.117441580342086 0.104720698872875 0.213512828864039 0.144828111898773 0.176658089788394 0.0776976628543013 0.23206642256717
"где" 0.152690785578511 0.129486870633582 0.151569432579161 0.133897875728296 0.0813070101887847 0.122892584200622 0.139855793137742 0.324892991594038
"время" 0.146458508616123 0.168634064080944 0.121255546063328 0.170086490789997 0.116878827146378 0.130573370713161 0.12120835405271 0.123768758702491
"была" 0.0810196005110467 0.213803902674054 0.201173974150522 0.130279014222126 0.116878827146378 0.0998502246630055 0.0994530084535057 0.134082821927698
"тебя" 0.17450375494687 0.0542038063117321 0.0826742359522694 0.068758368617233 0.261706939045151 0.157456123507047 0.0248632521133764 0.283636738693208
"себя" 0.0623227696238821 0.192724644663936 0.168104279769614 0.155611044765317 0.0965520745991818 0.153615730250778 0.146071606166087 0.0670414109638492
"есть" 0.180736031909258 0.0993736449048422 0.10747650673795 0.155611044765317 0.119419671214778 0.0844886516379277 0.2113376429637 0.0773554741890568
"между" 0.090368015954629 0.132498193206456 0.104720698872875 0.0940903991604241 0.195644993266763 0.0614462921003111 0.220661362506216 0.108297663864679
"человек" 0.118413262285376 0.129486870633582 0.148813624714085 0.180943075308508 0.0660619457783876 0.103690617919275 0.174042764793635 0.144396885152906
"кто" 0.155806924059705 0.0873283546133462 0.101964891007799 0.123041291209785 0.119419671214778 0.122892584200622 0.102560914967678 0.278479707080604
"быть" 0.0623227696238821 0.0963623223319682 0.173615895499766 0.166467629283827 0.127042203419976 0.0998502246630055 0.2113376429637 0.0412562529008303
"отвечал" 0.171387616465676 0.012045290291496 0.377545677515364 0.0615206456048927 0.0863886983255838 0.00768078651253888 0.055942317255097 0.221752359341963
"под" 0.127761677728958 0.162611418935196 0.0661393887618155 0.101328122172764 0.144828111898773 0.172817696532125 0.130532073595226 0.0876695374142644
"во" 0.0872518774734349 0.129486870633582 0.0992090831427233 0.108565845185105 0.124501359351577 0.0998502246630055 0.170934858279463 0.128925790315095
"этого" 0.0467420772179116 0.177668031799566 0.187394934825144 0.141135598740636 0.137205579693574 0.0652866853565805 0.108776727996022 0.0257851580630189
"чем" 0.0685550465862703 0.147554806070826 0.154325240444236 0.144754460246806 0.114337983077979 0.126732977456892 0.111884634510194 0.0464132845134341
"тем" 0.112180985322988 0.141532160925078 0.135034585388707 0.0868526761480838 0.15753233224077 0.0384039325626944 0.152287419194431 0.0567273477386416
"без" 0.12152940076657 0.117441580342086 0.0771626202221181 0.162848767777657 0.165154864445969 0.0844886516379277 0.124316260566882 0.0464132845134341
"может" 0.0405098002555234 0.0933509997590942 0.112988122468102 0.137516737234466 0.101633762735981 0.130573370713161 0.25795624067628 0.0206281264504151
"михайлыч" 0 0 0.777137817951332 0 0 0 0 0
"ничего" 0.0872518774734349 0.126475548060708 0.209441397745749 0.199037382839359 0.0482760372995909 0.0960098314067361 0.0776976628543013 0.0567273477386416
"петр" 0.0155806924059705 0.00301132257287401 0.752335547165652 0 0.00254084406839952 0 0 0
"того" 0.137110093172541 0.111418935196338 0.132278777523631 0.0940903991604241 0.0762253220519857 0.115211797688083 0.146071606166087 0.0876695374142644
"тут" 0.230594247608364 0.129486870633582 0.10747650673795 0.0832338146419137 0.0177859084787967 0.226583202119897 0.0155395325708603 0.0928265690268681
"нас" 0.130877816210152 0.0451698385931101 0.0826742359522694 0.137516737234466 0.109256294941179 0.103690617919275 0.130532073595226 0.154710948378114
"нибудь" 0.0249291078495528 0.159600096362322 0.19015074269022 0.148373321752977 0.0482760372995909 0.172817696532125 0.055942317255097 0.0567273477386416
"вам" 0.0623227696238821 0.111418935196338 0.198418166285447 0.148373321752977 0.0254084406839952 0.103690617919275 0.13674788662357 0.0567273477386416
"были" 0.0872518774734349 0.0993736449048422 0.101964891007799 0.0940903991604241 0.0838478542571842 0.0537655055877722 0.13674788662357 0.237223454179774
"ей" 0.115297123804182 0.204769934955432 0.135034585388707 0.133897875728296 0.05335772543639 0.115211797688083 0.0466185977125808 0.0206281264504151
"себе" 0.0529743541802998 0.183690676945314 0.115743930333177 0.108565845185105 0.0686027898467871 0.0998502246630055 0.133639980109398 0.0670414109638492
"калинович" 0 0 0.710998429189517 0 0 0 0 0
"ним" 0.124645539247764 0.0752830643218502 0.101964891007799 0.0977092606665943 0.0965520745991818 0.149775336994508 0.0714818498259572 0.144396885152906
"свою" 0.0872518774734349 0.156588773789448 0.104720698872875 0.0832338146419137 0.114337983077979 0.1382541572257 0.059050223769269 0.0825125058016606
"будто" 0.0436259387367175 0.0813057094675982 0.0496045415713616 0.0759960916295733 0.147368955967172 0.318752640270364 0.0528344107409249 0.0876695374142644
"чтобы" 0.0654389081050762 0.108407612623464 0.00826742359522694 0.101328122172764 0.236298498361156 0.20354084258228 0.0435106911984088 0.0257851580630189
"князь" 0 0.186701999518188 0.17086008763469 0 0 0 0 0.654943014800681
"при" 0.0654389081050762 0.144543483497952 0.112988122468102 0.0832338146419137 0.101633762735981 0.107531011175544 0.0994530084535057 0.0928265690268681
"раз" 0.143342370134929 0.0662490966032281 0.154325240444236 0.0579017840987225 0.119419671214778 0.145934943738239 0.0310790651417205 0.0825125058016606
"со" 0.0934841544358231 0.126475548060708 0.0716510044919668 0.0832338146419137 0.167695708514368 0.0806482583816583 0.0839134758826454 0.0825125058016606
"один" 0.102832569879405 0.0963623223319682 0.0744068123570425 0.0832338146419137 0.0863886983255838 0.180498483044664 0.0963451019393337 0.0928265690268681
"даже" 0.115297123804182 0.153577451216574 0.148813624714085 0.0470451995802121 0.0686027898467871 0.0768078651253888 0.0994530084535057 0.0515703161260379
"дело" 0.22747810912717 0.126475548060708 0.0440929258412103 0.126660152715956 0.0711436339151866 0.0652866853565805 0.055942317255097 0.0773554741890568
"сам" 0.124645539247764 0.0632377740303541 0.12676716179348 0.141135598740636 0.0965520745991818 0.0921694381504666 0.0528344107409249 0.0979836006394719
"вас" 0.0498582156991057 0.114430257769212 0.198418166285447 0.123041291209785 0.0406535050943924 0.0537655055877722 0.108776727996022 0.072198442576453
"тот" 0.146458508616123 0.0843170320404722 0.187394934825144 0.068758368617233 0.058439413573189 0.0768078651253888 0.0528344107409249 0.072198442576453
"всех" 0.0934841544358231 0.0511924837388581 0.10747650673795 0.0434263380740419 0.0965520745991818 0.126732977456892 0.124316260566882 0.123768758702491
"своей" 0.0623227696238821 0.13550951577933 0.112988122468102 0.0579017840987225 0.0838478542571842 0.0652866853565805 0.142963699651914 0.0773554741890568
"человека" 0.0467420772179116 0.0572151288846061 0.0551161573015129 0.0868526761480838 0.0431943491627919 0.0460847190752333 0.34808552958727 0.0670414109638492
"наконец" 0.102832569879405 0.132498193206456 0.121255546063328 0.068758368617233 0.109256294941179 0.0576058988440416 0.0808055693684734 0.0309421896756227
"там" 0.112180985322988 0.102384967477716 0.0771626202221181 0.090471537654254 0.0736844779835861 0.0921694381504666 0.059050223769269 0.175339074828529
"перед" 0.0872518774734349 0.123464225487834 0.0661393887618155 0.00723772301234032 0.121960515283177 0.20354084258228 0.0435106911984088 0.0670414109638492
"который" 0.0654389081050762 0.108407612623464 0.110232314603026 0.0651395071110629 0.0863886983255838 0.0729674718691194 0.146071606166087 0.0360992212882265
"несколько" 0.130877816210152 0.102384967477716 0.12676716179348 0.0832338146419137 0.0635211017099881 0.034563539306425 0.0776976628543013 0.0928265690268681
"них" 0.0934841544358231 0.0692604191761022 0.0909416595474963 0.090471537654254 0.114337983077979 0.0576058988440416 0.108776727996022 0.0825125058016606
"уж" 0.177619893428064 0.123464225487834 0.19015074269022 0.0434263380740419 0.0152450644103971 0.0192019662813472 0.0372948781700646 0.0876695374142644
"более" 0.0623227696238821 0.13550951577933 0.115743930333177 0.0361886150617016 0.0914703864623828 0.034563539306425 0.133639980109398 0.0360992212882265
"будет" 0.090368015954629 0.0903396771862202 0.093697467412572 0.0615206456048927 0.0787661661203852 0.119052190944353 0.0652660367976131 0.0928265690268681
"говорил" 0.0560904926614939 0.0421585160202361 0.217708821340976 0.108565845185105 0.0228675966155957 0.122892584200622 0.0435106911984088 0.0670414109638492
"глаза" 0.090368015954629 0.123464225487834 0.0744068123570425 0.0759960916295733 0.0736844779835861 0.115211797688083 0.0528344107409249 0.072198442576453
"которые" 0.0779034620298526 0.0993736449048422 0.0523603494364373 0.068758368617233 0.0558985695047895 0.0422443258189639 0.236200895077076 0.0154710948378114
"здесь" 0.109064846841794 0.0421585160202361 0.0964532752776476 0.0723772301234032 0.0762253220519857 0.034563539306425 0.0776976628543013 0.201124232891548
"ж" 0.124645539247764 0.0451698385931101 0.137790393253782 0.0542829225925524 0.0558985695047895 0.180498483044664 0.0217553455992044 0.0515703161260379
"какой" 0.130877816210152 0.102384967477716 0.0799184280871938 0.104946983678935 0.0381126610259928 0.0921694381504666 0.055942317255097 0.0670414109638492
"потом" 0.0779034620298526 0.0451698385931101 0.165348471904539 0.130279014222126 0.0965520745991818 0.0153615730250778 0.0466185977125808 0.0464132845134341
"жизни" 0.0031161384811941 0.0963623223319682 0.0413371179761347 0.144754460246806 0.0635211017099881 0 0.245524614619592 0.0464132845134341
"им" 0.0872518774734349 0.0572151288846061 0.0606277730316642 0.0506640610863822 0.0914703864623828 0.0652866853565805 0.152287419194431 0.0825125058016606
"аммалат" 0 0 0 0 0.503087125543105 0 0 0
"голову" 0.146458508616123 0.0240905805829921 0.0606277730316642 0.0651395071110629 0.10671545087278 0.1382541572257 0.0404027846842367 0.0567273477386416
"чего" 0.118413262285376 0.0542038063117321 0.0523603494364373 0.112184706691275 0.05335772543639 0.0921694381504666 0.0714818498259572 0.118611727089887
"сердце" 0.0373936617743292 0.0361358708744881 0.0330696943809078 0.0723772301234032 0.221053433950758 0.0499251123315027 0.0714818498259572 0.0618843793512454
"ней" 0.0747873235486585 0.0813057094675982 0.132278777523631 0.101328122172764 0.058439413573189 0.06912707861285 0.0528344107409249 0.0154710948378114
"потому" 0.00623227696238821 0.13550951577933 0.101964891007799 0.162848767777657 0.0711436339151866 0.0307231460501555 0.0652660367976131 0.0103140632252076
"антон" 0.582717895983297 0 0 0 0 0 0 0
"молотов" 0 0 0 0.67310824014765 0 0.00384039325626944 0 0
"своего" 0.0405098002555234 0.10539629005059 0.0523603494364373 0.0759960916295733 0.0711436339151866 0.06912707861285 0.0932371954251616 0.118611727089887
"хорошо" 0.0872518774734349 0.0903396771862202 0.132278777523631 0.195418521333189 0.0279492847523947 0.00768078651253888 0.0186474390850323 0.0257851580630189
"настенька" 0 0 0.498801223578692 0 0 0 0 0
"тогда" 0.0716711850674644 0.0542038063117321 0.0330696943809078 0.126660152715956 0.0635211017099881 0.0883290448941972 0.0839134758826454 0.0928265690268681
"много" 0.0872518774734349 0.0511924837388581 0.0826742359522694 0.151992183259147 0.05335772543639 0.0652866853565805 0.0435106911984088 0.0257851580630189
"люди" 0.0623227696238821 0.0361358708744881 0.0496045415713616 0.0796149531357435 0.0203267525471962 0.0844886516379277 0.177150671307807 0.072198442576453
"опять" 0.0779034620298526 0.0602264514574801 0.12676716179348 0.137516737234466 0.0254084406839952 0.0460847190752333 0.0155395325708603 0.0876695374142644
"этот" 0.0249291078495528 0.0993736449048422 0.093697467412572 0.0940903991604241 0.058439413573189 0.0422443258189639 0.102560914967678 0.0206281264504151
"после" 0.031161384811941 0.0903396771862202 0.10747650673795 0.0940903991604241 0.0762253220519857 0.0614462921003111 0.0372948781700646 0.0412562529008303
"бог" 0.090368015954629 0.0391471934473621 0.0633835808967399 0.0868526761480838 0.0381126610259928 0.122892584200622 0.00932371954251616 0.14955391676551
"хоть" 0.0560904926614939 0.0451698385931101 0.0909416595474963 0.0361886150617016 0.0762253220519857 0.165136910019586 0.0279711586275485 0.0515703161260379
"мой" 0.0498582156991057 0.0481811611659841 0.112988122468102 0.0542829225925524 0.0813070101887847 0.0422443258189639 0.0652660367976131 0.0773554741890568
"над" 0.031161384811941 0.0421585160202361 0.0358255022459834 0.0868526761480838 0.0965520745991818 0.0576058988440416 0.130532073595226 0.0567273477386416
"свои" 0.0623227696238821 0.0903396771862202 0.0413371179761347 0.0579017840987225 0.0686027898467871 0.0806482583816583 0.0994530084535057 0.0309421896756227
"иваныч" 0.0031161384811941 0 0.00275580786507565 0.593493287011906 0 0 0 0
"этом" 0.031161384811941 0.144543483497952 0.093697467412572 0.0615206456048927 0.0279492847523947 0.0384039325626944 0.108776727996022 0.00515703161260378
"ведь" 0.102832569879405 0.12045290291496 0.0110232314603026 0.144754460246806 0.0177859084787967 0.0537655055877722 0.00932371954251616 0.123768758702491
"чтоб" 0.0218129693683587 0.0451698385931101 0.17086008763469 0.0108565845185105 0.0406535050943924 0.0729674718691194 0.130532073595226 0
"нам" 0.0747873235486585 0.0391471934473621 0.0799184280871938 0.0506640610863822 0.058439413573189 0.0460847190752333 0.0808055693684734 0.113454695477283
"лицо" 0.102832569879405 0.0481811611659841 0.0496045415713616 0.090471537654254 0.0711436339151866 0.0537655055877722 0.0497265042267529 0.0567273477386416
"всем" 0.0467420772179116 0.0843170320404722 0.0633835808967399 0.090471537654254 0.0457351932311914 0.0652866853565805 0.0776976628543013 0.0360992212882265
"вдруг" 0.059206631142688 0.0511924837388581 0.0799184280871938 0.0579017840987225 0.0686027898467871 0.0998502246630055 0.0435106911984088 0.0257851580630189
"кажется" 0.0031161384811941 0.0240905805829921 0.0992090831427233 0.0470451995802121 0.0558985695047895 0.0460847190752333 0.164719045251119 0.0360992212882265
"нем" 0.0560904926614939 0.0602264514574801 0.0275580786507565 0.0940903991604241 0.0838478542571842 0.06912707861285 0.0652660367976131 0.0309421896756227
"всегда" 0.0218129693683587 0.0752830643218502 0.0992090831427233 0.137516737234466 0.0381126610259928 0.034563539306425 0.0341869716558926 0.0515703161260379
"своих" 0.0155806924059705 0.0542038063117321 0.0440929258412103 0.068758368617233 0.0736844779835861 0.0576058988440416 0.108776727996022 0.0670414109638492
"эти" 0.0186968308871646 0.0722717417489761 0.0826742359522694 0.0759960916295733 0.0508168813679904 0.0307231460501555 0.127424167081054 0
"жизнь" 0.0031161384811941 0.0301132257287401 0.0275580786507565 0.177324213802338 0.0711436339151866 0.0115211797688083 0.139855793137742 0.0154710948378114
"зачем" 0.0342775232931351 0.0361358708744881 0.0578719651665886 0.119422429703615 0.058439413573189 0.0307231460501555 0.0714818498259572 0.0928265690268681
"спросил" 0.0810196005110467 0.0662490966032281 0.10747650673795 0.068758368617233 0.0355718169575933 0.0192019662813472 0.0248632521133764 0.0825125058016606
"совсем" 0.1059487083606 0.108407612623464 0.0551161573015129 0.090471537654254 0.0127042203419976 0.0576058988440416 0.0372948781700646 0.00515703161260378
"никогда" 0.0031161384811941 0.102384967477716 0.0771626202221181 0.101328122172764 0.0635211017099881 0.0307231460501555 0.0497265042267529 0.0257851580630189
"слова" 0.0280452463307469 0.0451698385931101 0.0330696943809078 0.0651395071110629 0.0762253220519857 0.0806482583816583 0.0714818498259572 0.0876695374142644
"егор" 0 0 0 0.517497195382333 0 0 0 0
"нее" 0.0467420772179116 0.114430257769212 0.0771626202221181 0.0325697535555314 0.0355718169575933 0.0614462921003111 0.0466185977125808 0.0412562529008303
"своим" 0.0280452463307469 0.108407612623464 0.0578719651665886 0.0325697535555314 0.0813070101887847 0.0729674718691194 0.0341869716558926 0.0309421896756227
"руки" 0.0623227696238821 0.0752830643218502 0.0496045415713616 0.0325697535555314 0.0457351932311914 0.0806482583816583 0.0341869716558926 0.0979836006394719
"знаю" 0.0342775232931351 0.0240905805829921 0.118499738198253 0.090471537654254 0.0254084406839952 0.0652866853565805 0.059050223769269 0.0309421896756227
"другой" 0.059206631142688 0.0391471934473621 0.0440929258412103 0.0615206456048927 0.0279492847523947 0.111371404431814 0.059050223769269 0.0670414109638492
"почти" 0.0623227696238821 0.0903396771862202 0.115743930333177 0.0253320305431911 0.0279492847523947 0.0307231460501555 0.0404027846842367 0.0309421896756227
"такое" 0.0405098002555234 0.0481811611659841 0.0799184280871938 0.0723772301234032 0.0127042203419976 0.0499251123315027 0.0963451019393337 0.0515703161260379
"руку" 0.0280452463307469 0.0662490966032281 0.0771626202221181 0.0398074765678718 0.0609802576415885 0.0806482583816583 0.0248632521133764 0.0670414109638492
"сказать" 0.0529743541802998 0.0511924837388581 0.046848733706286 0.0615206456048927 0.0609802576415885 0.0652866853565805 0.0310790651417205 0.0876695374142644
"свое" 0.0436259387367175 0.0843170320404722 0.0440929258412103 0.0579017840987225 0.0381126610259928 0.0460847190752333 0.0714818498259572 0.0515703161260379
"можно" 0.0436259387367175 0.0632377740303541 0.0523603494364373 0.104946983678935 0.0304901288207943 0.0268827527938861 0.0808055693684734 0.0206281264504151
"продолжал" 0.1059487083606 0.0271019031558661 0.140546201118858 0.0144754460246806 0.0101633762735981 0.0652866853565805 0.0248632521133764 0.0206281264504151
"голова" 0.0249291078495528 0.00903396771862202 0.0248022707856808 0.0144754460246806 0.0254084406839952 0.322593033526633 0.00932371954251616 0.0464132845134341
"те" 0.171387616465676 0.0481811611659841 0.0358255022459834 0.0289508920493613 0.0203267525471962 0.0460847190752333 0.0466185977125808 0.0103140632252076
"день" 0.0498582156991057 0.0481811611659841 0.0633835808967399 0.0579017840987225 0.0381126610259928 0.0729674718691194 0.0310790651417205 0.0670414109638492
"лучше" 0.0405098002555234 0.0421585160202361 0.0881858516824207 0.0434263380740419 0.0635211017099881 0.0537655055877722 0.0341869716558926 0.0360992212882265
"снова" 0.102832569879405 0.0271019031558661 0.0385813101110591 0.0180943075308508 0.0609802576415885 0.0960098314067361 0.0497265042267529 0.0103140632252076
"собою" 0.0186968308871646 0.147554806070826 0.0165348471904539 0.0361886150617016 0.0355718169575933 0.0652866853565805 0.055942317255097 0.0412562529008303
"брат" 0.252407216976722 0.0271019031558661 0.0220464629206052 0.0108565845185105 0.0254084406839952 0.0153615730250778 0.00621581302834411 0.0515703161260379
"слово" 0.059206631142688 0.0391471934473621 0.0165348471904539 0.0615206456048927 0.0558985695047895 0.0652866853565805 0.0808055693684734 0.0360992212882265
"которого" 0.0280452463307469 0.0391471934473621 0.0523603494364373 0.0361886150617016 0.0813070101887847 0.0576058988440416 0.0714818498259572 0.0257851580630189
"леночка" 0 0 0 0.45597654977744 0 0 0 0
"сказала" 0.0249291078495528 0.0572151288846061 0.124011353928404 0.141135598740636 0.0127042203419976 0.0307231460501555 0.00621581302834411 0
"долго" 0.0529743541802998 0.0271019031558661 0.0248022707856808 0.0868526761480838 0.0711436339151866 0.0960098314067361 0.0279711586275485 0.0206281264504151
"об" 0.0342775232931351 0.0722717417489761 0.046848733706286 0.0398074765678718 0.0406535050943924 0.0576058988440416 0.0839134758826454 0.0206281264504151
"однако" 0.0467420772179116 0.0692604191761022 0.0413371179761347 0.0434263380740419 0.0558985695047895 0.0960098314067361 0.0279711586275485 0.0206281264504151
"через" 0.0467420772179116 0.111418935196338 0.0275580786507565 0.00723772301234032 0.0686027898467871 0.0460847190752333 0.0310790651417205 0.0618843793512454
"которая" 0.0342775232931351 0.0903396771862202 0.0523603494364373 0.0289508920493613 0.0203267525471962 0.0307231460501555 0.12120835405271 0.00515703161260378
"всего" 0.0498582156991057 0.0572151288846061 0.0716510044919668 0.0651395071110629 0.0304901288207943 0.0499251123315027 0.0435106911984088 0.0257851580630189
"такой" 0.115297123804182 0.0271019031558661 0.0303138865158321 0.068758368617233 0.0381126610259928 0.0576058988440416 0.0404027846842367 0.0154710948378114
"вместе" 0.0436259387367175 0.0692604191761022 0.0440929258412103 0.0180943075308508 0.0558985695047895 0.0537655055877722 0.0714818498259572 0.0206281264504151
"два" 0.0436259387367175 0.0662490966032281 0.085430043817345 0.021713169037021 0.0304901288207943 0.0499251123315027 0.0404027846842367 0.0515703161260379
"свой" 0.0218129693683587 0.0813057094675982 0.0744068123570425 0.021713169037021 0.0482760372995909 0.0729674718691194 0.0155395325708603 0.0515703161260379
"этой" 0.0155806924059705 0.126475548060708 0.0496045415713616 0.0180943075308508 0.0381126610259928 0.0230423595376167 0.0870213823968175 0
"друг" 0.00934841544358231 0.0301132257287401 0.0330696943809078 0.0615206456048927 0.0889295423939833 0.0153615730250778 0.0714818498259572 0.072198442576453
"какие" 0.031161384811941 0.0813057094675982 0.0578719651665886 0.068758368617233 0.0254084406839952 0.06912707861285 0.0217553455992044 0.0309421896756227
"людей" 0.00934841544358231 0.0361358708744881 0.0165348471904539 0.0977092606665943 0.0279492847523947 0.034563539306425 0.127424167081054 0.0464132845134341
"минуту" 0.0529743541802998 0.0873283546133462 0.0275580786507565 0.0506640610863822 0.0279492847523947 0.0268827527938861 0.0776976628543013 0.0257851580630189
"моя" 0.00623227696238821 0.018067935437244 0.046848733706286 0.0325697535555314 0.101633762735981 0.0998502246630055 0.0310790651417205 0.0360992212882265
"никто" 0.0373936617743292 0.0542038063117321 0.0165348471904539 0.0398074765678718 0.0431943491627919 0.0652866853565805 0.0870213823968175 0.0412562529008303
"лет" 0.0779034620298526 0.0451698385931101 0.0606277730316642 0.0434263380740419 0.0254084406839952 0.0422443258189639 0.0404027846842367 0.0412562529008303
"одна" 0.0405098002555234 0.0602264514574801 0.0385813101110591 0.0434263380740419 0.0355718169575933 0.0768078651253888 0.0683739433117852 0.00515703161260378
"одно" 0.059206631142688 0.0301132257287401 0.0220464629206052 0.0506640610863822 0.0381126610259928 0.0230423595376167 0.124316260566882 0.0206281264504151
"том" 0.0249291078495528 0.0632377740303541 0.0440929258412103 0.0506640610863822 0.0304901288207943 0.0460847190752333 0.0808055693684734 0.0360992212882265
"одного" 0.0218129693683587 0.0361358708744881 0.0358255022459834 0.0361886150617016 0.0381126610259928 0.0576058988440416 0.114992541024366 0.0257851580630189
"знает" 0.0529743541802998 0.0361358708744881 0.0413371179761347 0.104946983678935 0.0203267525471962 0.0652866853565805 0.0124316260566882 0.0567273477386416
"которых" 0.0249291078495528 0.0481811611659841 0.0578719651665886 0.0325697535555314 0.0304901288207943 0.0499251123315027 0.0870213823968175 0.0309421896756227
"начал" 0.0654389081050762 0.012045290291496 0.146057816849009 0.0180943075308508 0.0152450644103971 0.0499251123315027 0.0186474390850323 0.0257851580630189
"ними" 0.0747873235486585 0.0361358708744881 0.0248022707856808 0.0180943075308508 0.058439413573189 0.0460847190752333 0.0435106911984088 0.072198442576453
"капитан" 0 0.00301132257287401 0.248022707856808 0 0.05335772543639 0 0 0
"давно" 0.0560904926614939 0.0391471934473621 0.0385813101110591 0.0361886150617016 0.0330309728891938 0.0806482583816583 0.0497265042267529 0.0309421896756227
"делать" 0.0405098002555234 0.0572151288846061 0.0661393887618155 0.068758368617233 0.0279492847523947 0.0537655055877722 0.00932371954251616 0.0412562529008303
"какое" 0.059206631142688 0.0301132257287401 0.046848733706286 0.0434263380740419 0.0279492847523947 0.0384039325626944 0.0963451019393337 0.00515703161260378
"куда" 0.0560904926614939 0.0391471934473621 0.0385813101110591 0.0615206456048927 0.0330309728891938 0.0576058988440416 0.00310790651417205 0.103140632252076
"мог" 0.0342775232931351 0.0301132257287401 0.0192906550555295 0.0759960916295733 0.0813070101887847 0.034563539306425 0.0497265042267529 0.0257851580630189
"про" 0.0560904926614939 0.0271019031558661 0.0358255022459834 0.021713169037021 0.0431943491627919 0.153615730250778 0.00932371954251616 0.0154710948378114
"которой" 0.0342775232931351 0.0602264514574801 0.046848733706286 0.0470451995802121 0.0431943491627919 0.0307231460501555 0.059050223769269 0.0154710948378114
"мало" 0.0373936617743292 0.0331245483016141 0.0413371179761347 0.0759960916295733 0.0406535050943924 0.0768078651253888 0.0341869716558926 0.0103140632252076
"нему" 0.059206631142688 0.0481811611659841 0.0551161573015129 0.0651395071110629 0.0203267525471962 0.0576058988440416 0.0124316260566882 0.0412562529008303
"старик" 0.0529743541802998 0 0.151569432579161 0.0579017840987225 0 0 0.0217553455992044 0.0567273477386416
"больше" 0.00623227696238821 0.0481811611659841 0.115743930333177 0.0579017840987225 0.0228675966155957 0.0384039325626944 0.0310790651417205 0
"стал" 0.0436259387367175 0.0331245483016141 0.0413371179761347 0.0940903991604241 0.0330309728891938 0.0652866853565805 0.0155395325708603 0.0206281264504151
"тоже" 0.0155806924059705 0.0692604191761022 0.162592664039463 0.0506640610863822 0 0.0115211797688083 0 0.00515703161260378
"некомат" 0 0 0 0 0 0 0 0.536331287710794
"нельзя" 0.0373936617743292 0.0451698385931101 0.0303138865158321 0.0796149531357435 0.0203267525471962 0.0499251123315027 0.059050223769269 0.0206281264504151
"хотя" 0.0031161384811941 0.0602264514574801 0.0496045415713616 0.115803568197445 0.0355718169575933 0.0115211797688083 0.0404027846842367 0.0103140632252076
"говорить" 0.0405098002555234 0.0240905805829921 0.0578719651665886 0.0868526761480838 0.0177859084787967 0.0268827527938861 0.0341869716558926 0.0515703161260379
"князя" 0 0.0692604191761022 0.0523603494364373 0 0.00254084406839952 0 0.00310790651417205 0.293950801918416
"проговорил" 0.0124645539247764 0.012045290291496 0.201173974150522 0.0289508920493613 0 0.0192019662813472 0.0124316260566882 0.0154710948378114
"эта" 0.0155806924059705 0.0813057094675982 0.0440929258412103 0.0542829225925524 0.0330309728891938 0.00384039325626944 0.0714818498259572 0.00515703161260378
"мое" 0.031161384811941 0.0240905805829921 0.0220464629206052 0.0434263380740419 0.058439413573189 0.034563539306425 0.055942317255097 0.0618843793512454
"отец" 0.0280452463307469 0.0240905805829921 0.0248022707856808 0.126660152715956 0.0203267525471962 0.0537655055877722 0.0341869716558926 0.0309421896756227
"иногда" 0.0155806924059705 0.0511924837388581 0.0358255022459834 0.0832338146419137 0.0330309728891938 0.0268827527938861 0.059050223769269 0.0103140632252076
"оно" 0.0373936617743292 0.0451698385931101 0.0165348471904539 0.0651395071110629 0.0279492847523947 0.0153615730250778 0.0870213823968175 0.0257851580630189
"право" 0.143342370134929 0.01505661286437 0.0413371179761347 0.0325697535555314 0.0279492847523947 0.0115211797688083 0.0186474390850323 0.0103140632252076
"скоро" 0.0249291078495528 0.01505661286437 0.0165348471904539 0.0868526761480838 0.058439413573189 0.034563539306425 0.0310790651417205 0.0618843793512454
"тому" 0.0436259387367175 0.0240905805829921 0.0248022707856808 0.0434263380740419 0.0431943491627919 0.0153615730250778 0.0683739433117852 0.0567273477386416
"эту" 0.0218129693683587 0.0511924837388581 0.0358255022459834 0.0289508920493613 0.0482760372995909 0.0614462921003111 0.0528344107409249 0
"могу" 0 0.0301132257287401 0.0661393887618155 0.0361886150617016 0.0787661661203852 0.0115211797688083 0.0372948781700646 0.0309421896756227
"надо" 0.0654389081050762 0.138520838352204 0.0220464629206052 0.0253320305431911 0.0228675966155957 0.0153615730250778 0 0.00515703161260378
"говорит" 0.0623227696238821 0.01505661286437 0.046848733706286 0.0723772301234032 0.0203267525471962 0.0230423595376167 0.0310790651417205 0.0464132845134341
"лишь" 0.0186968308871646 0.0240905805829921 0 0.068758368617233 0.0406535050943924 0.00768078651253888 0.133639980109398 0.00515703161260378
"одной" 0.0654389081050762 0.0451698385931101 0.0303138865158321 0.0180943075308508 0.0279492847523947 0.034563539306425 0.059050223769269 0.0206281264504151
"кого" 0.0467420772179116 0.0301132257287401 0.0496045415713616 0.0542829225925524 0.0304901288207943 0.0384039325626944 0.0217553455992044 0.0360992212882265
"руками" 0.0747873235486585 0.0271019031558661 0.0303138865158321 0.0434263380740419 0.0152450644103971 0.06912707861285 0.0217553455992044 0.0360992212882265
"видно" 0.0810196005110467 0.012045290291496 0.0440929258412103 0.00361886150617016 0.0127042203419976 0.0806482583816583 0.0186474390850323 0.072198442576453
"впрочем" 0.0218129693683587 0.0873283546133462 0.0716510044919668 0.0434263380740419 0.0304901288207943 0.00384039325626944 0.0186474390850323 0
"значит" 0 0.108407612623464 0.0220464629206052 0.0832338146419137 0.0381126610259928 0.0153615730250778 0.0186474390850323 0.00515703161260378
"души" 0.00623227696238821 0.018067935437244 0.00826742359522694 0.0506640610863822 0.0381126610259928 0.0153615730250778 0.12120835405271 0.0464132845134341
"ночь" 0.0249291078495528 0.00903396771862202 0.0248022707856808 0.0289508920493613 0.0635211017099881 0.0998502246630055 0.0279711586275485 0.0206281264504151
"сколько" 0.090368015954629 0.0391471934473621 0.0358255022459834 0.021713169037021 0.0228675966155957 0.0384039325626944 0.0124316260566882 0.0412562529008303
"времени" 0.0405098002555234 0.0602264514574801 0.0413371179761347 0.0253320305431911 0.0203267525471962 0.0115211797688083 0.0683739433117852 0.0154710948378114
"думал" 0.0186968308871646 0.012045290291496 0.0137790393253782 0.191799659827018 0.0203267525471962 0.0268827527938861 0.00932371954251616 0.0257851580630189
"знать" 0.102832569879405 0.0481811611659841 0.0303138865158321 0.021713169037021 0.0177859084787967 0.0384039325626944 0.0155395325708603 0.0154710948378114
"мои" 0.0186968308871646 0.012045290291496 0.0248022707856808 0.00723772301234032 0.0431943491627919 0.0307231460501555 0.108776727996022 0.0515703161260379
"надобно" 0 0.00903396771862202 0.0716510044919668 0.0832338146419137 0.0330309728891938 0.00384039325626944 0.0497265042267529 0.0464132845134341
"весь" 0.031161384811941 0.0421585160202361 0.0440929258412103 0.0325697535555314 0.0304901288207943 0.0729674718691194 0.0124316260566882 0.0309421896756227
"довольно" 0.0155806924059705 0.0361358708744881 0.0909416595474963 0.0579017840987225 0.0177859084787967 0.00384039325626944 0.0341869716558926 0.0257851580630189
"дома" 0.0249291078495528 0.0542038063117321 0.0440929258412103 0.0325697535555314 0.0304901288207943 0.00768078651253888 0.0279711586275485 0.0825125058016606
"димитрий" 0 0 0 0 0 0 0 0.458975813521737
"разве" 0.0436259387367175 0.01505661286437 0.0137790393253782 0.0651395071110629 0.0457351932311914 0.0384039325626944 0.0341869716558926 0.0412562529008303
"сюда" 0.0810196005110467 0.0240905805829921 0.0413371179761347 0.0108565845185105 0.0177859084787967 0.0460847190752333 0 0.0876695374142644
"хан" 0 0 0 0 0.21089005767716 0 0 0.0257851580630189
"казалось" 0.0623227696238821 0.021079258010118 0.00826742359522694 0.0398074765678718 0.0355718169575933 0.0537655055877722 0.0341869716558926 0.0309421896756227
"моей" 0.00623227696238821 0.0301132257287401 0.0413371179761347 0.00361886150617016 0.0686027898467871 0.0115211797688083 0.0528344107409249 0.0567273477386416
"три" 0.0529743541802998 0.0602264514574801 0.0275580786507565 0.0289508920493613 0.0355718169575933 0.0192019662813472 0.00621581302834411 0.0515703161260379
"часто" 0.0124645539247764 0.0331245483016141 0.0385813101110591 0.0651395071110629 0.0279492847523947 0.0192019662813472 0.0528344107409249 0.0309421896756227
"деньги" 0.0934841544358231 0.0481811611659841 0.0220464629206052 0.0253320305431911 0.00508168813679904 0.0153615730250778 0.0372948781700646 0.0309421896756227
"пор" 0.0124645539247764 0.0391471934473621 0.0110232314603026 0.0506640610863822 0.0660619457783876 0.0268827527938861 0.0435106911984088 0.0154710948378114
"какая" 0.059206631142688 0.0240905805829921 0.0358255022459834 0.0868526761480838 0.0127042203419976 0.0268827527938861 0.0155395325708603 0.0154710948378114
"ко" 0.0342775232931351 0.0331245483016141 0.0330696943809078 0.021713169037021 0.0355718169575933 0.0307231460501555 0.0217553455992044 0.0773554741890568
"немного" 0.0342775232931351 0.0391471934473621 0.0440929258412103 0.0398074765678718 0.00508168813679904 0.107531011175544 0.00621581302834411 0.00515703161260378
"прежде" 0.031161384811941 0.018067935437244 0.0523603494364373 0.0434263380740419 0.0304901288207943 0.0153615730250778 0.0341869716558926 0.0515703161260379
"та" 0.0249291078495528 0.0421585160202361 0.0716510044919668 0.0253320305431911 0.0101633762735981 0.06912707861285 0.0217553455992044 0
"лошадь" 0.193200585834034 0.00301132257287401 0.0385813101110591 0 0.0152450644103971 0 0 0
"отчего" 0.0124645539247764 0.018067935437244 0.0385813101110591 0.0723772301234032 0.0152450644103971 0.0192019662813472 0.0839134758826454 0.00515703161260378
"самом" 0.0249291078495528 0.0240905805829921 0.0110232314603026 0.0180943075308508 0.0355718169575933 0.0729674718691194 0.0652660367976131 0.0206281264504151
"словно" 0.0810196005110467 0.0421585160202361 0.00275580786507565 0 0.0457351932311914 0.0768078651253888 0.00310790651417205 0.0154710948378114
"едва" 0.0529743541802998 0.018067935437244 0.0110232314603026 0.0434263380740419 0.05335772543639 0.00768078651253888 0.0404027846842367 0.0360992212882265
"тех" 0.0124645539247764 0.0391471934473621 0.0248022707856808 0.0398074765678718 0.0355718169575933 0.0268827527938861 0.0652660367976131 0.0154710948378114
"весьма" 0.0031161384811941 0.144543483497952 0.0330696943809078 0 0.0152450644103971 0.00384039325626944 0.0404027846842367 0
"землю" 0.031161384811941 0.00602264514574801 0.00826742359522694 0.0108565845185105 0.0482760372995909 0.0576058988440416 0.055942317255097 0.0567273477386416
"произнес" 0.12152940076657 0.00903396771862202 0.0413371179761347 0.00361886150617016 0.0406535050943924 0.0268827527938861 0 0
"хотел" 0.0186968308871646 0.00301132257287401 0.0358255022459834 0.0542829225925524 0.0330309728891938 0.034563539306425 0.0372948781700646 0.0618843793512454
"этих" 0.0155806924059705 0.0451698385931101 0.0220464629206052 0.0579017840987225 0.0203267525471962 0.0192019662813472 0.0745897563401293 0
"вся" 0.0218129693683587 0.0421585160202361 0.0330696943809078 0.0361886150617016 0.0228675966155957 0.0307231460501555 0.0466185977125808 0.0206281264504151
"сегодня" 0.00934841544358231 0.0391471934473621 0.0744068123570425 0.0434263380740419 0.0355718169575933 0.0230423595376167 0.00310790651417205 0.0154710948378114
"всю" 0.031161384811941 0.0481811611659841 0.0275580786507565 0.0361886150617016 0.00508168813679904 0.0230423595376167 0.0621581302834411 0.0206281264504151
"друга" 0.00623227696238821 0.012045290291496 0.0192906550555295 0.0253320305431911 0.0889295423939833 0.00768078651253888 0.0497265042267529 0.0257851580630189
"молодой" 0.0186968308871646 0.0662490966032281 0.0716510044919668 0.0289508920493613 0.0177859084787967 0.0115211797688083 0.0124316260566882 0.0103140632252076
"мужик" 0.199432862796423 0 0 0.00361886150617016 0 0.0499251123315027 0 0
"тотчас" 0.059206631142688 0.0813057094675982 0.0496045415713616 0.00361886150617016 0 0.0307231460501555 0.00932371954251616 0.0103140632252076
"этим" 0.0280452463307469 0.0511924837388581 0.0523603494364373 0.021713169037021 0.0355718169575933 0.0153615730250778 0.0279711586275485 0
"место" 0.031161384811941 0.0361358708744881 0.0358255022459834 0.0361886150617016 0.0177859084787967 0.0268827527938861 0.0372948781700646 0.0309421896756227
"ноги" 0.0810196005110467 0.00602264514574801 0.0165348471904539 0.0180943075308508 0.0101633762735981 0.111371404431814 0 0.0257851580630189
"первый" 0.0405098002555234 0.0361358708744881 0.0440929258412103 0.0398074765678718 0.0228675966155957 0.0115211797688083 0.0186474390850323 0.0360992212882265
"говорят" 0.0373936617743292 0.01505661286437 0.0358255022459834 0.0325697535555314 0.0152450644103971 0.0268827527938861 0.0435106911984088 0.0515703161260379
"подле" 0.0872518774734349 0.00602264514574801 0 0.00723772301234032 0.0431943491627919 0 0.00310790651417205 0.134082821927698
"совершенно" 0.0249291078495528 0.0361358708744881 0.093697467412572 0.0253320305431911 0.00508168813679904 0.00768078651253888 0.0341869716558926 0
"старуха" 0.0810196005110467 0.0572151288846061 0.0385813101110591 0.00361886150617016 0.0228675966155957 0.0268827527938861 0 0
"стороны" 0.0560904926614939 0.0421585160202361 0.0220464629206052 0.0361886150617016 0.0152450644103971 0.0230423595376167 0.0248632521133764 0.0309421896756227
"деле" 0.0155806924059705 0.0271019031558661 0.00551161573015129 0.0253320305431911 0.0355718169575933 0.0537655055877722 0.0621581302834411 0.0206281264504151
"душу" 0.031161384811941 0.012045290291496 0.00551161573015129 0.0723772301234032 0.0508168813679904 0.0115211797688083 0.0279711586275485 0.0360992212882265
"сама" 0.0155806924059705 0.0481811611659841 0.0551161573015129 0.0579017840987225 0.0152450644103971 0.0230423595376167 0.00932371954251616 0.0154710948378114
"свете" 0.0124645539247764 0.0271019031558661 0.0165348471904539 0.0506640610863822 0.0203267525471962 0.0768078651253888 0.0372948781700646 0.0103140632252076
"ступай" 0.165155339503288 0.021079258010118 0.00826742359522694 0 0.0101633762735981 0.0230423595376167 0.00310790651417205 0.00515703161260378
"той" 0.031161384811941 0.0511924837388581 0.00551161573015129 0.0506640610863822 0.00508168813679904 0.0307231460501555 0.055942317255097 0.0206281264504151
"каждый" 0.0218129693683587 0.0240905805829921 0.0385813101110591 0 0.058439413573189 0.0230423595376167 0.0435106911984088 0.0103140632252076
"мысли" 0.0031161384811941 0.00602264514574801 0.00551161573015129 0.0651395071110629 0.0254084406839952 0.00768078651253888 0.12120835405271 0
"пошел" 0.0342775232931351 0.0240905805829921 0.0578719651665886 0.0615206456048927 0.0101633762735981 0.0230423595376167 0.00310790651417205 0.0309421896756227
"прямо" 0.0560904926614939 0.018067935437244 0.0303138865158321 0.0325697535555314 0.0355718169575933 0.0230423595376167 0.00932371954251616 0.0360992212882265
"тихо" 0.0031161384811941 0.0301132257287401 0.0137790393253782 0.0108565845185105 0.0330309728891938 0.0729674718691194 0.00932371954251616 0.103140632252076
"голосом" 0.0529743541802998 0.0331245483016141 0.0440929258412103 0.0144754460246806 0.0254084406839952 0.0115211797688083 0.00932371954251616 0.0464132845134341
"должен" 0.0124645539247764 0.0331245483016141 0.0551161573015129 0.0361886150617016 0.0406535050943924 0.00384039325626944 0.0248632521133764 0.0154710948378114
"другие" 0.0155806924059705 0.01505661286437 0.0275580786507565 0.0325697535555314 0.0228675966155957 0.0115211797688083 0.0745897563401293 0.0412562529008303
"вскричал" 0.031161384811941 0 0.00275580786507565 0 0.05335772543639 0.0192019662813472 0.0155395325708603 0.154710948378114
"душе" 0.0249291078495528 0.0271019031558661 0.00275580786507565 0.0868526761480838 0.0228675966155957 0.0230423595376167 0.0404027846842367 0.0103140632252076
"братцы" 0.19008444735284 0.00903396771862202 0 0 0.00254084406839952 0.0230423595376167 0 0
"ка" 0.112180985322988 0.021079258010118 0.0413371179761347 0 0.0127042203419976 0.0230423595376167 0.00310790651417205 0.00515703161260378
"княгиня" 0 0.189713322091062 0 0 0 0 0.00932371954251616 0.0257851580630189
"которое" 0.0186968308871646 0.0271019031558661 0.0303138865158321 0.0253320305431911 0.0279492847523947 0.0153615730250778 0.0652660367976131 0.0103140632252076
"любви" 0 0.018067935437244 0.0220464629206052 0.0434263380740419 0.0660619457783876 0.00384039325626944 0.055942317255097 0
"наш" 0.0498582156991057 0.012045290291496 0.0220464629206052 0.0180943075308508 0.0152450644103971 0.0460847190752333 0.0279711586275485 0.0567273477386416
"спросила" 0.0124645539247764 0.0572151288846061 0.093697467412572 0.0470451995802121 0.00254084406839952 0 0 0
"сторону" 0.059206631142688 0.0361358708744881 0.0137790393253782 0.0289508920493613 0.0228675966155957 0.0268827527938861 0.0124316260566882 0.0360992212882265
"господи" 0.0342775232931351 0.018067935437244 0.0688951966268912 0.0325697535555314 0 0.0153615730250778 0 0.0773554741890568
"знаешь" 0.031161384811941 0.00903396771862202 0.0303138865158321 0.0144754460246806 0.0355718169575933 0.0268827527938861 0.0186474390850323 0.0773554741890568
"либо" 0.0031161384811941 0.0813057094675982 0.00551161573015129 0.021713169037021 0.00762253220519857 0.0115211797688083 0.0776976628543013 0.0154710948378114
"отвечала" 0.0218129693683587 0.01505661286437 0.115743930333177 0.0325697535555314 0.00508168813679904 0.00768078651253888 0.00621581302834411 0.00515703161260378
"письмо" 0.00934841544358231 0.0391471934473621 0.0496045415713616 0.108565845185105 0.0101633762735981 0 0 0.0103140632252076
"стало" 0.0529743541802998 0.018067935437244 0.0330696943809078 0.0615206456048927 0.0127042203419976 0.034563539306425 0.00621581302834411 0.0103140632252076
"таким" 0.0405098002555234 0.0421585160202361 0.0440929258412103 0.0144754460246806 0.0152450644103971 0.0384039325626944 0.0124316260566882 0.0154710948378114
"боярин" 0 0 0.00275580786507565 0 0 0 0 0.350678149657057
"бывало" 0.0373936617743292 0.01505661286437 0.0137790393253782 0.0361886150617016 0.0254084406839952 0.0768078651253888 0.0124316260566882 0.0154710948378114
"какого" 0.031161384811941 0.0331245483016141 0.0358255022459834 0.021713169037021 0.00762253220519857 0.0614462921003111 0.0279711586275485 0.00515703161260378
"никита" 0.215013555202393 0 0 0 0 0 0 0
"хозяин" 0.149574647097317 0.012045290291496 0.0248022707856808 0.00723772301234032 0 0.00768078651253888 0.00932371954251616 0.00515703161260378
"э" 0.152690785578511 0.00301132257287401 0.0248022707856808 0.00361886150617016 0 0.0268827527938861 0.00310790651417205 0.00515703161260378
"ах" 0.0498582156991057 0.00903396771862202 0.0385813101110591 0.0651395071110629 0.0127042203419976 0.00384039325626944 0.0248632521133764 0.0154710948378114
"вон" 0.059206631142688 0.0271019031558661 0.0330696943809078 0.0434263380740419 0.00254084406839952 0.0384039325626944 0.00621581302834411 0.0154710948378114
"генеральша" 0 0.0933509997590942 0.101964891007799 0 0 0 0 0
"голос" 0.0498582156991057 0.01505661286437 0.0110232314603026 0.021713169037021 0.0355718169575933 0.034563539306425 0.0186474390850323 0.0412562529008303
"дверь" 0.0342775232931351 0.0542038063117321 0.0220464629206052 0.00723772301234032 0.0101633762735981 0.0576058988440416 0.00621581302834411 0.0412562529008303
"должно" 0.0342775232931351 0.012045290291496 0.0248022707856808 0.0180943075308508 0.0381126610259928 0 0.0621581302834411 0.0206281264504151
"заметил" 0.0467420772179116 0.018067935437244 0.0413371179761347 0.0289508920493613 0.00762253220519857 0.0115211797688083 0.0404027846842367 0.0257851580630189
"знал" 0.0249291078495528 0.0301132257287401 0.0165348471904539 0.0579017840987225 0.0228675966155957 0.0230423595376167 0.0124316260566882 0.0464132845134341
"ишь" 0.186968308871646 0.012045290291496 0 0.0144754460246806 0 0 0 0
"назад" 0.0685550465862703 0.0271019031558661 0.0248022707856808 0.021713169037021 0.0177859084787967 0.0422443258189639 0.00932371954251616 0.00515703161260378
"своему" 0.00623227696238821 0.0662490966032281 0.0303138865158321 0.0506640610863822 0.0203267525471962 0.0153615730250778 0.0155395325708603 0.0103140632252076
"своими" 0.0249291078495528 0.0511924837388581 0.0275580786507565 0.021713169037021 0.0381126610259928 0.0230423595376167 0.0124316260566882 0.0103140632252076
"сквозь" 0.0280452463307469 0.0361358708744881 0.00275580786507565 0.00723772301234032 0.0482760372995909 0.034563539306425 0.0155395325708603 0.0567273477386416
"стоит" 0.0373936617743292 0.0301132257287401 0.0165348471904539 0.0361886150617016 0.0304901288207943 0.0230423595376167 0.0124316260566882 0.0412562529008303
"таки" 0.0280452463307469 0.0662490966032281 0.0248022707856808 0.0470451995802121 0.0101633762735981 0.0153615730250778 0.0186474390850323 0.00515703161260378
"кроме" 0.00934841544358231 0.0421585160202361 0.0633835808967399 0.0180943075308508 0.0228675966155957 0.00384039325626944 0.0248632521133764 0.0206281264504151
"мною" 0.00934841544358231 0.018067935437244 0.00826742359522694 0.00361886150617016 0.0381126610259928 0.0307231460501555 0.0776976628543013 0.0309421896756227
"мою" 0.00934841544358231 0.00903396771862202 0.0275580786507565 0.00723772301234032 0.0635211017099881 0.034563539306425 0.0372948781700646 0.0154710948378114
"полно" 0.118413262285376 0.00602264514574801 0.0110232314603026 0.021713169037021 0.00254084406839952 0.034563539306425 0.00621581302834411 0.0257851580630189
"слезы" 0.0218129693683587 0.00903396771862202 0.0303138865158321 0.0398074765678718 0.0508168813679904 0.00384039325626944 0.0248632521133764 0.0309421896756227
"точно" 0.0186968308871646 0.0271019031558661 0.0440929258412103 0.0470451995802121 0.0228675966155957 0.00768078651253888 0.0217553455992044 0.0257851580630189
"аммалата" 0 0 0 0 0.167695708514368 0 0 0
"других" 0.0373936617743292 0.01505661286437 0.0110232314603026 0.0253320305431911 0.0152450644103971 0.0192019662813472 0.059050223769269 0.0412562529008303
"лица" 0.0186968308871646 0.0240905805829921 0.0330696943809078 0.0434263380740419 0.0203267525471962 0.0153615730250778 0.0497265042267529 0
"матери" 0.0155806924059705 0.0662490966032281 0.0303138865158321 0.021713169037021 0.0203267525471962 0.0230423595376167 0.0124316260566882 0.0206281264504151
"отца" 0.00623227696238821 0.018067935437244 0.0385813101110591 0.0361886150617016 0.0508168813679904 0.0307231460501555 0.00932371954251616 0.0154710948378114
"такого" 0.0280452463307469 0.0391471934473621 0.0192906550555295 0.0253320305431911 0.0152450644103971 0.034563539306425 0.0310790651417205 0.0257851580630189
"голове" 0.0218129693683587 0.01505661286437 0.00826742359522694 0.0470451995802121 0.0101633762735981 0.0921694381504666 0.0279711586275485 0
"домой" 0.031161384811941 0.01505661286437 0.0688951966268912 0.0434263380740419 0.00762253220519857 0.0192019662813472 0.00932371954251616 0.0103140632252076
"моего" 0.0031161384811941 0.00903396771862202 0.0385813101110591 0.00361886150617016 0.0508168813679904 0.0192019662813472 0.0372948781700646 0.0464132845134341
"нею" 0.0155806924059705 0.0662490966032281 0.00551161573015129 0.0361886150617016 0.0203267525471962 0.0384039325626944 0.0217553455992044 0.00515703161260378
"образом" 0.0249291078495528 0.0813057094675982 0.0385813101110591 0.00723772301234032 0.00254084406839952 0.0115211797688083 0.0279711586275485 0.00515703161260378
"около" 0 0.0331245483016141 0.0551161573015129 0.0144754460246806 0.0254084406839952 0.0460847190752333 0.00932371954251616 0.0257851580630189
"силы" 0.00934841544358231 0.018067935437244 0.0110232314603026 0.021713169037021 0.0254084406839952 0.0268827527938861 0.0776976628543013 0.0206281264504151
"чувство" 0.0124645539247764 0.0391471934473621 0.0110232314603026 0.068758368617233 0.0177859084787967 0.0153615730250778 0.0435106911984088 0
"б" 0.0124645539247764 0.012045290291496 0.0385813101110591 0.00361886150617016 0.0508168813679904 0.0230423595376167 0.0466185977125808 0
"богу" 0.0436259387367175 0.021079258010118 0.0192906550555295 0.0180943075308508 0.00762253220519857 0.0729674718691194 0 0.0464132845134341
"дочь" 0.0031161384811941 0.0391471934473621 0.0661393887618155 0.0108565845185105 0.0381126610259928 0.00384039325626944 0.00310790651417205 0.0309421896756227
"душа" 0.0186968308871646 0.00301132257287401 0.0137790393253782 0.00723772301234032 0.0406535050943924 0.0268827527938861 0.0714818498259572 0.0206281264504151
"которую" 0.0124645539247764 0.0421585160202361 0.0248022707856808 0.0253320305431911 0.0254084406839952 0.0230423595376167 0.0372948781700646 0.0103140632252076
"правда" 0.0249291078495528 0.012045290291496 0.0110232314603026 0.0434263380740419 0.0177859084787967 0.0307231460501555 0.0497265042267529 0.0257851580630189
"самого" 0.0280452463307469 0.00903396771862202 0.0192906550555295 0.0180943075308508 0.0355718169575933 0.0230423595376167 0.0435106911984088 0.0309421896756227
"хочешь" 0.0436259387367175 0.00301132257287401 0.0110232314603026 0.0253320305431911 0.0431943491627919 0.0230423595376167 0.00932371954251616 0.0618843793512454
"возразил" 0.0155806924059705 0.018067935437244 0.0578719651665886 0 0.0508168813679904 0.00384039325626944 0.0310790651417205 0
"вперед" 0.0560904926614939 0.0391471934473621 0.0165348471904539 0.00723772301234032 0.0304901288207943 0.0192019662813472 0.00310790651417205 0.0309421896756227
"каким" 0.0342775232931351 0.0481811611659841 0.0248022707856808 0.00361886150617016 0.0177859084787967 0.0268827527938861 0.0372948781700646 0
"наши" 0.0186968308871646 0.00301132257287401 0.0220464629206052 0.0253320305431911 0.0431943491627919 0.0230423595376167 0.0372948781700646 0.0309421896756227
"остановился" 0.031161384811941 0.00903396771862202 0.0110232314603026 0.0398074765678718 0.0177859084787967 0.034563539306425 0.0186474390850323 0.0670414109638492
"господа" 0.0529743541802998 0.00602264514574801 0.046848733706286 0.0108565845185105 0 0.0153615730250778 0.055942317255097 0.00515703161260378
"две" 0.0342775232931351 0.0391471934473621 0.0496045415713616 0.0108565845185105 0.0177859084787967 0.00768078651253888 0.0155395325708603 0.0154710948378114
"дела" 0.0155806924059705 0.0391471934473621 0.0192906550555295 0.0470451995802121 0.0152450644103971 0.0230423595376167 0.0124316260566882 0.0412562529008303
"какую" 0.0124645539247764 0.0331245483016141 0.0303138865158321 0.0470451995802121 0.0127042203419976 0.0422443258189639 0.0124316260566882 0.0154710948378114
"места" 0.0373936617743292 0.0271019031558661 0.0165348471904539 0.00723772301234032 0.0254084406839952 0.0384039325626944 0.0248632521133764 0.0257851580630189
"мысль" 0 0.0240905805829921 0 0.0579017840987225 0.0228675966155957 0 0.0839134758826454 0.0103140632252076
"сих" 0.00934841544358231 0.018067935437244 0.00275580786507565 0.0398074765678718 0.0406535050943924 0.0230423595376167 0.0497265042267529 0.0154710948378114
"федорыч" 0.19008444735284 0 0.00275580786507565 0 0 0 0 0
"быстро" 0.031161384811941 0.0271019031558661 0.00551161573015129 0.0470451995802121 0.0152450644103971 0.0307231460501555 0.0217553455992044 0.0309421896756227
"горе" 0.059206631142688 0.012045290291496 0.00275580786507565 0.021713169037021 0.0203267525471962 0.0230423595376167 0.0186474390850323 0.0567273477386416
"дед" 0 0.00301132257287401 0 0 0.00254084406839952 0.226583202119897 0 0
"видел" 0.0249291078495528 0.00602264514574801 0.0275580786507565 0.0470451995802121 0.0228675966155957 0.0230423595376167 0.0248632521133764 0.0206281264504151
"всей" 0.0186968308871646 0.0391471934473621 0.0248022707856808 0.0289508920493613 0.0152450644103971 0.0384039325626944 0.0217553455992044 0.00515703161260378
"глазами" 0.0124645539247764 0.0632377740303541 0.0385813101110591 0.0144754460246806 0.0228675966155957 0.0115211797688083 0.00932371954251616 0.0103140632252076
"наших" 0.0155806924059705 0.00602264514574801 0.0137790393253782 0.0144754460246806 0.0330309728891938 0.0422443258189639 0.055942317255097 0.0103140632252076
"сами" 0.0124645539247764 0.0421585160202361 0.0385813101110591 0.0144754460246806 0.0177859084787967 0.0230423595376167 0.0217553455992044 0.0206281264504151
"словом" 0.0186968308871646 0.0240905805829921 0.0137790393253782 0.021713169037021 0.0330309728891938 0.0153615730250778 0.0528344107409249 0.00515703161260378
"эй" 0.152690785578511 0.00602264514574801 0.00275580786507565 0.00361886150617016 0.00762253220519857 0.00768078651253888 0 0.0103140632252076
"верно" 0.0124645539247764 0.00903396771862202 0.0248022707856808 0.00723772301234032 0.0381126610259928 0.0576058988440416 0.0217553455992044 0.0206281264504151
"говорила" 0.00934841544358231 0.01505661286437 0.0661393887618155 0.0579017840987225 0.00762253220519857 0.0307231460501555 0 0
"говорю" 0.0467420772179116 0.0240905805829921 0.0358255022459834 0.00723772301234032 0.0254084406839952 0.00384039325626944 0.0186474390850323 0.0206281264504151
"город" 0.0529743541802998 0.00903396771862202 0.0413371179761347 0.0253320305431911 0.00762253220519857 0.00384039325626944 0.0248632521133764 0.0257851580630189
"жить" 0.00623227696238821 0.00903396771862202 0.0275580786507565 0.0579017840987225 0.0355718169575933 0.0230423595376167 0.0155395325708603 0.0154710948378114
"коня" 0.00623227696238821 0 0.00275580786507565 0 0.101633762735981 0.0192019662813472 0 0.0567273477386416
"несмотря" 0.031161384811941 0.021079258010118 0.0220464629206052 0.0180943075308508 0.0177859084787967 0.0384039325626944 0.0341869716558926 0.00515703161260378
"нужно" 0.00623227696238821 0.018067935437244 0.0220464629206052 0.0325697535555314 0.00762253220519857 0.0768078651253888 0.0341869716558926 0
"пока" 0.031161384811941 0.0361358708744881 0.0137790393253782 0.0325697535555314 0 0.0192019662813472 0.0279711586275485 0.0464132845134341
"сейчас" 0.0124645539247764 0.00903396771862202 0.0964532752776476 0.021713169037021 0.0101633762735981 0.0192019662813472 0.00310790651417205 0.00515703161260378
"котором" 0.00934841544358231 0.0271019031558661 0.0275580786507565 0.0253320305431911 0.0254084406839952 0.0230423595376167 0.0372948781700646 0.00515703161260378
"народ" 0.0467420772179116 0.00903396771862202 0.0110232314603026 0.0253320305431911 0.0177859084787967 0.0192019662813472 0.00621581302834411 0.0773554741890568
"твой" 0.00934841544358231 0.00903396771862202 0.00826742359522694 0.00361886150617016 0.0609802576415885 0.0153615730250778 0.00932371954251616 0.0876695374142644
"хана" 0 0.00301132257287401 0 0 0.10671545087278 0 0 0.0773554741890568
"видеть" 0.00934841544358231 0.01505661286437 0.0303138865158321 0.021713169037021 0.05335772543639 0.0192019662813472 0.0186474390850323 0
"глаз" 0.0124645539247764 0.0331245483016141 0.0137790393253782 0.00361886150617016 0.0279492847523947 0.0614462921003111 0.0124316260566882 0.0257851580630189
"головою" 0.0342775232931351 0.0240905805829921 0.00826742359522694 0 0.0406535050943924 0.0422443258189639 0.00310790651417205 0.0360992212882265
"добрый" 0.059206631142688 0.00903396771862202 0.00551161573015129 0.0325697535555314 0.0152450644103971 0.0307231460501555 0.00932371954251616 0.0360992212882265
"дорогу" 0.059206631142688 0.00903396771862202 0.00551161573015129 0.0325697535555314 0.0203267525471962 0.0268827527938861 0.0124316260566882 0.0257851580630189
"жарг" 0 0.171645386653818 0 0 0 0 0 0
"кровь" 0.00623227696238821 0.00602264514574801 0.00826742359522694 0.0289508920493613 0.0660619457783876 0.00768078651253888 0.0155395325708603 0.0464132845134341
"нашего" 0.0467420772179116 0.00602264514574801 0.0110232314603026 0.00361886150617016 0.00762253220519857 0.0499251123315027 0.0404027846842367 0.0309421896756227
"рукою" 0.0186968308871646 0.0361358708744881 0.00275580786507565 0.00723772301234032 0.0304901288207943 0.0460847190752333 0.0217553455992044 0.0257851580630189
"сделать" 0.00623227696238821 0.0271019031558661 0.0440929258412103 0.0361886150617016 0.0254084406839952 0.0115211797688083 0.0155395325708603 0.0103140632252076
"час" 0.00934841544358231 0.01505661286437 0.0248022707856808 0.021713169037021 0.0304901288207943 0.034563539306425 0.0279711586275485 0.0206281264504151
"черт" 0.031161384811941 0.01505661286437 0.00275580786507565 0.0180943075308508 0.00762253220519857 0.119052190944353 0 0.0103140632252076
"буду" 0 0.0331245483016141 0.0220464629206052 0.0180943075308508 0.0431943491627919 0.0307231460501555 0.0155395325708603 0.0103140632252076
"города" 0.0373936617743292 0.021079258010118 0.0165348471904539 0.0144754460246806 0.0152450644103971 0 0.0497265042267529 0.0257851580630189
"конечно" 0 0.0331245483016141 0.093697467412572 0 0.0177859084787967 0.00384039325626944 0.00621581302834411 0.00515703161260378
"русских" 0 0 0.00275580786507565 0.00361886150617016 0.124501359351577 0 0.00310790651417205 0.0206281264504151
"сын" 0.0124645539247764 0.012045290291496 0.0110232314603026 0.0470451995802121 0.0304901288207943 0.0460847190752333 0.00621581302834411 0.0257851580630189
"автора" 0.0124645539247764 0.00301132257287401 0.0137790393253782 0.00361886150617016 0.10417460680438 0 0.00932371954251616 0
"дом" 0.0186968308871646 0.018067935437244 0.0248022707856808 0.00723772301234032 0.0228675966155957 0.034563539306425 0.0124316260566882 0.0515703161260379
"замятня" 0 0 0 0 0 0 0 0.283636738693208
"против" 0.00934841544358231 0.00903396771862202 0.0275580786507565 0.021713169037021 0.0279492847523947 0 0.0528344107409249 0.0257851580630189
"свет" 0.0249291078495528 0.0301132257287401 0.0110232314603026 0.0180943075308508 0.0279492847523947 0.0192019662813472 0.0124316260566882 0.0412562529008303
"туда" 0.031161384811941 0.021079258010118 0.00551161573015129 0.0253320305431911 0.0279492847523947 0.0230423595376167 0 0.0618843793512454
"хочу" 0 0.021079258010118 0.0358255022459834 0.0398074765678718 0.0355718169575933 0.0115211797688083 0.00621581302834411 0.0257851580630189
"головы" 0.0124645539247764 0.012045290291496 0.0110232314603026 0.0108565845185105 0.0228675966155957 0.0768078651253888 0.00932371954251616 0.0360992212882265
"дочери" 0 0.0451698385931101 0.0523603494364373 0.0144754460246806 0.0279492847523947 0.00768078651253888 0.00310790651417205 0.0103140632252076
"другого" 0.0186968308871646 0.012045290291496 0.0110232314603026 0.0253320305431911 0.0304901288207943 0.0153615730250778 0.0497265042267529 0.00515703161260378
"евграфовна" 0 0 0.148813624714085 0 0 0 0 0
"мать" 0.0186968308871646 0.0361358708744881 0.046848733706286 0.0144754460246806 0.0152450644103971 0.00768078651253888 0.0186474390850323 0.00515703161260378
"мере" 0.0249291078495528 0.0240905805829921 0.0413371179761347 0.0144754460246806 0.0177859084787967 0.00768078651253888 0.0310790651417205 0
"невольно" 0.0373936617743292 0.018067935437244 0.0137790393253782 0.0289508920493613 0.00508168813679904 0.00384039325626944 0.0497265042267529 0.0206281264504151
"палагея" 0 0 0.148813624714085 0 0 0 0 0
"пора" 0.0467420772179116 0.00301132257287401 0.00826742359522694 0.0470451995802121 0.0228675966155957 0.0230423595376167 0.00310790651417205 0.0309421896756227
"самой" 0.0218129693683587 0.0511924837388581 0.0137790393253782 0.0325697535555314 0.0177859084787967 0.0115211797688083 0.0124316260566882 0.0103140632252076
"своем" 0.0155806924059705 0.0240905805829921 0.0358255022459834 0.0144754460246806 0.0127042203419976 0.0230423595376167 0.0279711586275485 0.0206281264504151
"сердца" 0.0031161384811941 0.018067935437244 0.0110232314603026 0.00723772301234032 0.05335772543639 0.00768078651253888 0.0372948781700646 0.0309421896756227
"человеку" 0.0031161384811941 0.021079258010118 0.0137790393253782 0.021713169037021 0.00508168813679904 0.0192019662813472 0.0714818498259572 0.0257851580630189
"чуть" 0.031161384811941 0.0361358708744881 0.00826742359522694 0.0180943075308508 0.0304901288207943 0.0422443258189639 0.00310790651417205 0
"бек" 0 0 0 0 0.134664735625175 0 0 0
"вишь" 0.146458508616123 0.00602264514574801 0 0 0 0.0153615730250778 0 0
"вместо" 0.00934841544358231 0.018067935437244 0.0358255022459834 0 0.0279492847523947 0.06912707861285 0.00310790651417205 0.00515703161260378
"далеко" 0.0249291078495528 0.01505661286437 0.0137790393253782 0.00361886150617016 0.0508168813679904 0.0230423595376167 0.00932371954251616 0.0257851580630189
"завтра" 0.031161384811941 0.012045290291496 0.0303138865158321 0.0289508920493613 0.0228675966155957 0.0115211797688083 0.0124316260566882 0.0206281264504151
"неужели" 0 0.00903396771862202 0.0248022707856808 0.0579017840987225 0.0279492847523947 0.00384039325626944 0.0341869716558926 0.0103140632252076
"подумал" 0.0031161384811941 0.00602264514574801 0.0137790393253782 0.0832338146419137 0.0127042203419976 0.0384039325626944 0.0124316260566882 0.0154710948378114
"увидел" 0.0405098002555234 0.012045290291496 0.00826742359522694 0.0325697535555314 0.0127042203419976 0.034563539306425 0.00932371954251616 0.0360992212882265
"думаю" 0.0031161384811941 0.00602264514574801 0.0688951966268912 0.0180943075308508 0.0101633762735981 0.0422443258189639 0.00621581302834411 0.0103140632252076
"коли" 0.1059487083606 0.018067935437244 0.0192906550555295 0 0.00762253220519857 0.00384039325626944 0 0.00515703161260378
"одну" 0.0186968308871646 0.0240905805829921 0.0137790393253782 0.021713169037021 0.0177859084787967 0.0499251123315027 0.0155395325708603 0.0103140632252076
"сильно" 0.0373936617743292 0.0240905805829921 0.0248022707856808 0.0325697535555314 0.0101633762735981 0.0153615730250778 0.0186474390850323 0
"успел" 0.031161384811941 0.018067935437244 0.0248022707856808 0.0325697535555314 0.00762253220519857 0.034563539306425 0.00621581302834411 0.0206281264504151
"хочет" 0.0155806924059705 0.00301132257287401 0.0385813101110591 0.0253320305431911 0.0228675966155957 0.0153615730250778 0.0155395325708603 0.0360992212882265
"антона" 0.158923062540899 0 0 0 0 0 0 0
"боже" 0.0031161384811941 0.01505661286437 0.0551161573015129 0.0289508920493613 0.00508168813679904 0.0460847190752333 0 0.0154710948378114
"вами" 0.00623227696238821 0.0271019031558661 0.0330696943809078 0.0253320305431911 0.0127042203419976 0.034563539306425 0.0155395325708603 0.0103140632252076
"ваше" 0.00623227696238821 0.0331245483016141 0.085430043817345 0 0.00508168813679904 0 0.0124316260566882 0.00515703161260378
"далее" 0.031161384811941 0.00903396771862202 0.0165348471904539 0 0.0254084406839952 0.0499251123315027 0.00621581302834411 0.0360992212882265
"земли" 0.0186968308871646 0.00301132257287401 0.00275580786507565 0.0144754460246806 0.0203267525471962 0.0230423595376167 0.0528344107409249 0.0412562529008303
"имя" 0.0031161384811941 0.0271019031558661 0.0110232314603026 0.00723772301234032 0.0406535050943924 0.0153615730250778 0.0372948781700646 0.0154710948378114
"лице" 0 0.0301132257287401 0.0248022707856808 0.0180943075308508 0.0254084406839952 0.0268827527938861 0.0155395325708603 0.0257851580630189
"могла" 0.00623227696238821 0.0602264514574801 0.0137790393253782 0.0289508920493613 0.0152450644103971 0.0115211797688083 0.0155395325708603 0.0103140632252076
"прибавил" 0.0218129693683587 0.018067935437244 0.0496045415713616 0.021713169037021 0.00508168813679904 0 0.0186474390850323 0.0309421896756227
"пришел" 0.0342775232931351 0.00602264514574801 0.046848733706286 0.00723772301234032 0.0152450644103971 0.0230423595376167 0.00310790651417205 0.0309421896756227
"руках" 0.0186968308871646 0.0271019031558661 0.0192906550555295 0.0180943075308508 0.00254084406839952 0.0537655055877722 0.00310790651417205 0.0412562529008303
"самое" 0.0124645539247764 0.0240905805829921 0.0192906550555295 0.0361886150617016 0.0279492847523947 0.0230423595376167 0.0155395325708603 0
"стали" 0.0031161384811941 0.00903396771862202 0.0303138865158321 0.0398074765678718 0.0203267525471962 0.0307231460501555 0.00932371954251616 0.0309421896756227
"такие" 0.0124645539247764 0.012045290291496 0.0192906550555295 0.0579017840987225 0.0101633762735981 0.0268827527938861 0.0155395325708603 0.0206281264504151
"борис" 0.0124645539247764 0 0 0 0 0 0 0.237223454179774
"вышел" 0.0405098002555234 0.021079258010118 0.0330696943809078 0.0289508920493613 0.0127042203419976 0 0.00310790651417205 0.0206281264504151
"жаль" 0.0654389081050762 0.012045290291496 0.0165348471904539 0.0289508920493613 0.0101633762735981 0.0153615730250778 0.00621581302834411 0.00515703161260378
"обыкновенно" 0.00623227696238821 0.0271019031558661 0.0716510044919668 0.00361886150617016 0.0127042203419976 0.00384039325626944 0.0186474390850323 0
"симеон" 0 0 0 0 0 0 0 0.257851580630189
"скорее" 0.0529743541802998 0.00903396771862202 0.00826742359522694 0.0180943075308508 0.00508168813679904 0.0268827527938861 0.0155395325708603 0.0412562529008303
"шадурский" 0 0.1505661286437 0 0 0 0 0 0
"али" 0.0218129693683587 0.00301132257287401 0.00551161573015129 0 0.0990929186675814 0 0 0
"глазах" 0.0124645539247764 0.012045290291496 0.0330696943809078 0.0361886150617016 0.0203267525471962 0.0115211797688083 0.0155395325708603 0.0154710948378114
"год" 0.0249291078495528 0.00903396771862202 0.046848733706286 0.0108565845185105 0.0127042203419976 0.0268827527938861 0.00932371954251616 0.0154710948378114
"мимо" 0.0373936617743292 0.018067935437244 0.0110232314603026 0.0180943075308508 0.0254084406839952 0.0192019662813472 0.00932371954251616 0.0206281264504151
"оттого" 0.00623227696238821 0.00602264514574801 0.0110232314603026 0.0470451995802121 0.0152450644103971 0.0115211797688083 0.055942317255097 0.00515703161260378
"сидел" 0.0218129693683587 0.00903396771862202 0.0358255022459834 0.0289508920493613 0.0127042203419976 0.0153615730250778 0.00621581302834411 0.0360992212882265
"смерть" 0.0280452463307469 0 0 0.00723772301234032 0.0482760372995909 0 0.0372948781700646 0.0360992212882265
"ту" 0.0405098002555234 0.012045290291496 0.0192906550555295 0.0144754460246806 0.00508168813679904 0.0307231460501555 0.0310790651417205 0.00515703161260378
"вокруг" 0.031161384811941 0.00903396771862202 0.00275580786507565 0.00361886150617016 0.00508168813679904 0.0230423595376167 0.0435106911984088 0.0567273477386416
"года" 0.0155806924059705 0.018067935437244 0.0303138865158321 0.0144754460246806 0.0279492847523947 0.00768078651253888 0.0155395325708603 0.0206281264504151
"дай" 0.0373936617743292 0.018067935437244 0.0165348471904539 0.0108565845185105 0.0279492847523947 0.0115211797688083 0.00310790651417205 0.0309421896756227
"нечего" 0.0124645539247764 0.012045290291496 0.0275580786507565 0.0108565845185105 0.0177859084787967 0.0576058988440416 0.00310790651417205 0.0206281264504151
"нынче" 0.0218129693683587 0.0361358708744881 0.0606277730316642 0.00723772301234032 0 0 0.00310790651417205 0.0206281264504151
"природы" 0.0031161384811941 0.00301132257287401 0 0.021713169037021 0.0152450644103971 0 0.10566882148185 0
"просто" 0.00934841544358231 0.0271019031558661 0.0110232314603026 0.0615206456048927 0.0127042203419976 0.00768078651253888 0.0186474390850323 0.0103140632252076
"сударь" 0.0031161384811941 0.00903396771862202 0.112988122468102 0 0 0 0.00932371954251616 0
"улице" 0.0186968308871646 0.012045290291496 0.0303138865158321 0.0144754460246806 0.00762253220519857 0.0499251123315027 0.00310790651417205 0.0309421896756227
"бывает" 0.0124645539247764 0.018067935437244 0.00826742359522694 0.090471537654254 0.00508168813679904 0.00768078651253888 0.0124316260566882 0.00515703161260378
"вопрос" 0.00623227696238821 0.0271019031558661 0.00551161573015129 0.0470451995802121 0.00762253220519857 0 0.055942317255097 0
"двадцать" 0.0155806924059705 0.0301132257287401 0.0165348471904539 0.0253320305431911 0.0254084406839952 0.0115211797688083 0.0186474390850323 0
"комнату" 0.00934841544358231 0.0511924837388581 0.0248022707856808 0.0434263380740419 0.00762253220519857 0.00384039325626944 0.00310790651417205 0.00515703161260378
"которым" 0.0124645539247764 0.0240905805829921 0.0303138865158321 0.021713169037021 0.00508168813679904 0.0307231460501555 0.0217553455992044 0.00515703161260378
"моих" 0.0031161384811941 0.00301132257287401 0.0165348471904539 0.00723772301234032 0.0304901288207943 0.00384039325626944 0.0652660367976131 0.0154710948378114
"молотова" 0 0 0 0.170086490789997 0 0 0 0
"особенно" 0.0342775232931351 0.0361358708744881 0.0248022707856808 0.0253320305431911 0.0101633762735981 0 0.0124316260566882 0
"поле" 0.0218129693683587 0.00602264514574801 0 0.0108565845185105 0.0304901288207943 0.0422443258189639 0.00621581302834411 0.0515703161260379
"проговорила" 0.0124645539247764 0.0391471934473621 0.0771626202221181 0 0 0.00768078651253888 0 0
"рода" 0.0031161384811941 0.0451698385931101 0.0192906550555295 0.0253320305431911 0.00508168813679904 0.0115211797688083 0.0341869716558926 0.00515703161260378
"такая" 0.0342775232931351 0.00602264514574801 0.0192906550555295 0.0361886150617016 0.0101633762735981 0.0307231460501555 0.00310790651417205 0.0206281264504151
"чувства" 0 0.00903396771862202 0.0137790393253782 0.0180943075308508 0.0254084406839952 0.00384039325626944 0.0714818498259572 0
"белевут" 0 0 0 0 0 0 0 0.237223454179774
"вслед" 0.0373936617743292 0.012045290291496 0.0275580786507565 0 0.0254084406839952 0.0307231460501555 0.00310790651417205 0.00515703161260378
"денег" 0.0997164313982113 0.01505661286437 0.00275580786507565 0.0144754460246806 0 0 0.00932371954251616 0.00515703161260378
"дня" 0.00934841544358231 0.0361358708744881 0.0165348471904539 0.0180943075308508 0.0228675966155957 0.00768078651253888 0.00932371954251616 0.0309421896756227
"княжна" 0 0.13550951577933 0.00275580786507565 0 0 0 0 0
"крайней" 0.0155806924059705 0.021079258010118 0.0413371179761347 0.0144754460246806 0.0152450644103971 0.00768078651253888 0.0217553455992044 0
"месте" 0.0342775232931351 0.021079258010118 0.00551161573015129 0 0.00762253220519857 0.0537655055877722 0.00932371954251616 0.0309421896756227
"одни" 0.00934841544358231 0.018067935437244 0.00275580786507565 0.0180943075308508 0.0228675966155957 0.0230423595376167 0.0435106911984088 0.0103140632252076
"откуда" 0.0155806924059705 0.01505661286437 0.0110232314603026 0.0289508920493613 0.0101633762735981 0.0422443258189639 0.00621581302834411 0.0360992212882265
"разговор" 0.00934841544358231 0.00602264514574801 0.0440929258412103 0.0615206456048927 0.00762253220519857 0 0.00932371954251616 0.0103140632252076
"русские" 0 0.00903396771862202 0.00275580786507565 0.00361886150617016 0.0863886983255838 0 0.00932371954251616 0.0206281264504151
"случае" 0.0124645539247764 0.0391471934473621 0.0385813101110591 0.0144754460246806 0.0127042203419976 0.0115211797688083 0.00932371954251616 0
"стоял" 0.0186968308871646 0.012045290291496 0.0192906550555295 0.00361886150617016 0.0279492847523947 0.0307231460501555 0.00621581302834411 0.0360992212882265
"также" 0.0529743541802998 0.0271019031558661 0.00551161573015129 0 0.00254084406839952 0.0153615730250778 0.0341869716558926 0.0103140632252076
"этому" 0.00623227696238821 0.0361358708744881 0.0358255022459834 0.00723772301234032 0.0177859084787967 0.0115211797688083 0.0186474390850323 0.00515703161260378
"ахмет" 0 0 0 0 0.114337983077979 0 0 0
"вообще" 0.0155806924059705 0.0511924837388581 0.0358255022459834 0.0144754460246806 0.0127042203419976 0 0.00310790651417205 0
"двух" 0.031161384811941 0.021079258010118 0.0192906550555295 0.00361886150617016 0.0254084406839952 0.0230423595376167 0.00310790651417205 0.0154710948378114
"девушка" 0 0.0240905805829921 0.0220464629206052 0.0325697535555314 0.0152450644103971 0.0307231460501555 0.00621581302834411 0.0206281264504151
"ибо" 0.00934841544358231 0.0271019031558661 0 0 0.0228675966155957 0 0.0714818498259572 0.00515703161260378
"именно" 0 0.0240905805829921 0.046848733706286 0.0144754460246806 0 0.0268827527938861 0.0248632521133764 0.00515703161260378
"любил" 0.00934841544358231 0.021079258010118 0.0248022707856808 0.0579017840987225 0.00508168813679904 0.0153615730250778 0.00932371954251616 0.00515703161260378
"ночи" 0.0124645539247764 0.00903396771862202 0.00826742359522694 0.021713169037021 0.0330309728891938 0.0268827527938861 0.0217553455992044 0.0103140632252076
"подошел" 0.0529743541802998 0.01505661286437 0.0220464629206052 0.0180943075308508 0.00254084406839952 0.00768078651253888 0.00932371954251616 0.0206281264504151
"самые" 0 0.018067935437244 0.0165348471904539 0.0180943075308508 0.0482760372995909 0.0192019662813472 0.0124316260566882 0
"самый" 0.0155806924059705 0.0271019031558661 0.0137790393253782 0.00361886150617016 0.0101633762735981 0.0499251123315027 0.0186474390850323 0.0103140632252076
"симеона" 0 0 0 0 0 0 0 0.23206642256717
"старый" 0.0249291078495528 0.01505661286437 0.0165348471904539 0.0253320305431911 0.00254084406839952 0.034563539306425 0 0.0464132845134341
"стол" 0.0249291078495528 0.00903396771862202 0.0330696943809078 0.0108565845185105 0.00254084406839952 0.0460847190752333 0.00621581302834411 0.0206281264504151
"твои" 0.0031161384811941 0 0.00826742359522694 0.0108565845185105 0.0355718169575933 0.0115211797688083 0.0341869716558926 0.0515703161260379
"тобою" 0.0155806924059705 0.01505661286437 0 0.00723772301234032 0.0406535050943924 0.0460847190752333 0.00310790651417205 0.0206281264504151
"закричал" 0.0342775232931351 0.00602264514574801 0.0110232314603026 0 0.0101633762735981 0.0537655055877722 0.00932371954251616 0.0309421896756227
"идет" 0.00623227696238821 0.01505661286437 0.0110232314603026 0.0398074765678718 0.0152450644103971 0.0115211797688083 0.00310790651417205 0.0618843793512454
"имел" 0 0.018067935437244 0.0523603494364373 0.0144754460246806 0.0127042203419976 0.0115211797688083 0.0217553455992044 0
"полина" 0 0 0.121255546063328 0 0 0 0 0
"часть" 0.0249291078495528 0.0271019031558661 0.0220464629206052 0.0180943075308508 0.0127042203419976 0.00384039325626944 0.0248632521133764 0
"беда" 0.0716711850674644 0.01505661286437 0.00275580786507565 0.0108565845185105 0.00508168813679904 0.0192019662813472 0.00621581302834411 0.0103140632252076
"больно" 0.102832569879405 0.00903396771862202 0.00275580786507565 0.00723772301234032 0 0.0115211797688083 0 0.00515703161260378
"взял" 0.031161384811941 0 0.0303138865158321 0.0289508920493613 0.00508168813679904 0.0153615730250778 0.0155395325708603 0.0154710948378114
"всеми" 0.00934841544358231 0.0301132257287401 0.0110232314603026 0.021713169037021 0.0127042203419976 0.0153615730250778 0.0217553455992044 0.0206281264504151
"говорили" 0.0186968308871646 0.01505661286437 0.0137790393253782 0.021713169037021 0.0152450644103971 0.00768078651253888 0.0248632521133764 0.0257851580630189
"любит" 0.0031161384811941 0.00903396771862202 0.0165348471904539 0.0615206456048927 0.0279492847523947 0.00768078651253888 0.00310790651417205 0.0103140632252076
"любовь" 0 0.012045290291496 0.0303138865158321 0.021713169037021 0.0330309728891938 0 0.0248632521133764 0.00515703161260378
"многие" 0.00623227696238821 0.00602264514574801 0.0192906550555295 0.0325697535555314 0.0152450644103971 0 0.0310790651417205 0.0360992212882265
"наташа" 0 0.129486870633582 0 0 0 0 0 0
"оба" 0.0405098002555234 0.00602264514574801 0.0137790393253782 0.0253320305431911 0.0228675966155957 0.00384039325626944 0.0124316260566882 0.0103140632252076
"рука" 0 0.0331245483016141 0 0.0289508920493613 0.0254084406839952 0.0230423595376167 0.0124316260566882 0.0206281264504151
"сначала" 0.0218129693683587 0.00903396771862202 0.0358255022459834 0.0289508920493613 0.00508168813679904 0.0115211797688083 0.0155395325708603 0.0103140632252076
"стала" 0.0155806924059705 0.0391471934473621 0.0165348471904539 0.0289508920493613 0.00508168813679904 0.034563539306425 0 0
"фауст" 0 0 0 0.00723772301234032 0 0 0.127424167081054 0
"хотелось" 0.00934841544358231 0.018067935437244 0.00551161573015129 0.0579017840987225 0.0101633762735981 0.0115211797688083 0.0217553455992044 0.0103140632252076
"эх" 0.0623227696238821 0.00602264514574801 0.0110232314603026 0.0108565845185105 0 0.0460847190752333 0 0.0103140632252076
"зато" 0.0031161384811941 0.012045290291496 0.0248022707856808 0.0180943075308508 0.0406535050943924 0.00768078651253888 0.00932371954251616 0.0103140632252076
"легко" 0.00934841544358231 0.021079258010118 0.00275580786507565 0.0651395071110629 0.0127042203419976 0.00384039325626944 0.00932371954251616 0.0206281264504151
"нами" 0.0186968308871646 0.012045290291496 0.00275580786507565 0.0108565845185105 0.0228675966155957 0.0115211797688083 0.0279711586275485 0.0360992212882265
"напрасно" 0.00934841544358231 0.00301132257287401 0.00826742359522694 0.0180943075308508 0.0381126610259928 0.0230423595376167 0.0186474390850323 0.0154710948378114
"непременно" 0.00623227696238821 0.021079258010118 0.0440929258412103 0.0398074765678718 0.00508168813679904 0.00384039325626944 0.00932371954251616 0
"огонь" 0 0.00301132257287401 0.00275580786507565 0.00723772301234032 0.0279492847523947 0.0384039325626944 0.0310790651417205 0.0360992212882265
"очи" 0 0 0 0 0.0558985695047895 0.0768078651253888 0 0
"платье" 0 0.021079258010118 0.0358255022459834 0.0144754460246806 0.0228675966155957 0.0153615730250778 0.0124316260566882 0.00515703161260378
"пожалуй" 0.0124645539247764 0.0331245483016141 0.0330696943809078 0.021713169037021 0.00508168813679904 0.0153615730250778 0.00621581302834411 0.00515703161260378
"решительно" 0.0155806924059705 0.0391471934473621 0.0440929258412103 0.00361886150617016 0.0127042203419976 0 0.00621581302834411 0
"света" 0.0155806924059705 0.021079258010118 0.00551161573015129 0.00361886150617016 0.0228675966155957 0.0230423595376167 0.0186474390850323 0.0309421896756227
"сделал" 0.0155806924059705 0.021079258010118 0.0385813101110591 0.0108565845185105 0.0177859084787967 0.00768078651253888 0.00310790651417205 0.0154710948378114
"селтанета" 0 0 0 0 0.10671545087278 0 0 0
"тщетно" 0 0.00602264514574801 0.00551161573015129 0 0 0 0.114992541024366 0.00515703161260378
"угодно" 0.0124645539247764 0.021079258010118 0.0413371179761347 0.0289508920493613 0.00762253220519857 0.00384039325626944 0 0.0206281264504151
"батюшка" 0.0685550465862703 0 0.0192906550555295 0.00723772301234032 0 0.00384039325626944 0.0124316260566882 0.0257851580630189
"дал" 0.0186968308871646 0.018067935437244 0.0137790393253782 0 0.0228675966155957 0.0192019662813472 0.0186474390850323 0.0206281264504151
"двери" 0.0155806924059705 0.021079258010118 0.00551161573015129 0.0144754460246806 0.0152450644103971 0.0230423595376167 0.0155395325708603 0.0309421896756227
"дороги" 0.0436259387367175 0 0.00275580786507565 0.00361886150617016 0.0279492847523947 0.0153615730250778 0.0248632521133764 0.0103140632252076
"другую" 0.0373936617743292 0.00903396771862202 0.00826742359522694 0.0144754460246806 0.00762253220519857 0.0307231460501555 0.0186474390850323 0.0103140632252076
"жена" 0.0186968308871646 0.021079258010118 0.00551161573015129 0.0289508920493613 0.00762253220519857 0.0268827527938861 0.0217553455992044 0.00515703161260378
"земле" 0.0124645539247764 0 0.00275580786507565 0.00361886150617016 0.00762253220519857 0.034563539306425 0.0217553455992044 0.0825125058016606
"люблю" 0.0031161384811941 0.00903396771862202 0.0220464629206052 0.0470451995802121 0.0228675966155957 0.0192019662813472 0 0.0103140632252076
"могли" 0 0.012045290291496 0.00551161573015129 0.00361886150617016 0.0406535050943924 0.00768078651253888 0.0404027846842367 0.0154710948378114
"начала" 0.0124645539247764 0.00903396771862202 0.0578719651665886 0.0108565845185105 0.00508168813679904 0.00768078651253888 0.0186474390850323 0
"никого" 0.0405098002555234 0.021079258010118 0.0110232314603026 0.0361886150617016 0 0.0115211797688083 0.00621581302834411 0.0103140632252076
"пред" 0 0.00903396771862202 0.00826742359522694 0.0180943075308508 0.00508168813679904 0.00768078651253888 0.0341869716558926 0.0773554741890568
"пусть" 0.00623227696238821 0.021079258010118 0.00275580786507565 0.0253320305431911 0.0228675966155957 0.0307231460501555 0.0124316260566882 0.0154710948378114
"сел" 0.0373936617743292 0.00301132257287401 0.0192906550555295 0.0180943075308508 0.0127042203419976 0.0115211797688083 0.00621581302834411 0.0309421896756227
"твое" 0.00934841544358231 0.00602264514574801 0.00275580786507565 0.0108565845185105 0.0457351932311914 0.00768078651253888 0.0186474390850323 0.0309421896756227
"толпа" 0.0529743541802998 0 0 0 0.0152450644103971 0.0192019662813472 0.0248632521133764 0.0257851580630189
"фр" 0 0.12045290291496 0 0 0.00254084406839952 0 0 0
"вероятно" 0.0155806924059705 0.021079258010118 0.0413371179761347 0.0180943075308508 0.00508168813679904 0 0.0186474390850323 0
"ворот" 0.0186968308871646 0.021079258010118 0.0110232314603026 0 0.0127042203419976 0.00768078651253888 0.00621581302834411 0.072198442576453
"всякий" 0.0155806924059705 0.00903396771862202 0.0192906550555295 0.0180943075308508 0.0177859084787967 0.0230423595376167 0.0155395325708603 0.0103140632252076
"глядя" 0.031161384811941 0.018067935437244 0.00826742359522694 0.0253320305431911 0.00762253220519857 0.0384039325626944 0 0.00515703161260378
"головой" 0.0031161384811941 0.0301132257287401 0.0523603494364373 0.021713169037021 0.00508168813679904 0.00384039325626944 0 0.00515703161260378
"женщина" 0.0031161384811941 0.0542038063117321 0.0165348471904539 0.0361886150617016 0.00508168813679904 0.00768078651253888 0.00310790651417205 0
"князю" 0 0.0391471934473621 0.0192906550555295 0 0 0 0 0.103140632252076
"минуты" 0.00623227696238821 0.012045290291496 0.0192906550555295 0.021713169037021 0.0101633762735981 0 0.0528344107409249 0
"ночью" 0.0249291078495528 0.00602264514574801 0 0.00361886150617016 0.0254084406839952 0.0268827527938861 0.0279711586275485 0.0154710948378114
"ох" 0.0934841544358231 0.00301132257287401 0.00826742359522694 0.00723772301234032 0.00254084406839952 0 0 0.0154710948378114
"пойдем" 0.0529743541802998 0.00602264514574801 0.00275580786507565 0.00723772301234032 0.00762253220519857 0.00384039325626944 0 0.072198442576453
"пять" 0.0342775232931351 0.0240905805829921 0.0192906550555295 0.00723772301234032 0.0127042203419976 0.00768078651253888 0.0124316260566882 0.00515703161260378
"слов" 0 0.018067935437244 0.0137790393253782 0.00361886150617016 0.0228675966155957 0.0192019662813472 0.0279711586275485 0.0257851580630189
"чему" 0.00623227696238821 0.012045290291496 0.0110232314603026 0.0361886150617016 0.0101633762735981 0.00384039325626944 0.0341869716558926 0.0206281264504151
"вид" 0.0218129693683587 0.0331245483016141 0.0110232314603026 0.0180943075308508 0.00762253220519857 0.00768078651253888 0.0186474390850323 0.00515703161260378
"воздухе" 0.0280452463307469 0 0.00275580786507565 0.0651395071110629 0.0203267525471962 0.00384039325626944 0.00621581302834411 0
"дороге" 0.0529743541802998 0.00602264514574801 0.00275580786507565 0.0108565845185105 0.0127042203419976 0.0384039325626944 0.00310790651417205 0
"ерши" 0 0.117441580342086 0 0 0 0 0 0
"иначе" 0.0031161384811941 0.0271019031558661 0.00551161573015129 0.0470451995802121 0.0152450644103971 0 0.0186474390850323 0.0103140632252076
"калиновича" 0 0 0.10747650673795 0 0 0 0 0
"которому" 0.00934841544358231 0.0361358708744881 0.0110232314603026 0.0180943075308508 0.00508168813679904 0.0115211797688083 0.0186474390850323 0.0206281264504151
"крик" 0.00934841544358231 0.00903396771862202 0.00275580786507565 0.0108565845185105 0.0228675966155957 0.0384039325626944 0.0124316260566882 0.0309421896756227
"ладно" 0.0841357389922408 0.012045290291496 0.00275580786507565 0.0108565845185105 0 0.0153615730250778 0 0
"петра" 0.00623227696238821 0 0.085430043817345 0 0.00762253220519857 0.00768078651253888 0.00310790651417205 0
"слышал" 0.0124645539247764 0.00301132257287401 0.0192906550555295 0.0361886150617016 0.0203267525471962 0.0230423595376167 0.00310790651417205 0.0103140632252076
"солнце" 0.00623227696238821 0 0.0110232314603026 0.0289508920493613 0.0330309728891938 0.0153615730250778 0.00932371954251616 0.0257851580630189
"спокойно" 0 0.0301132257287401 0.00826742359522694 0.0180943075308508 0.0101633762735981 0.0268827527938861 0.0155395325708603 0.0257851580630189
"столь" 0.0031161384811941 0.0271019031558661 0 0 0.0355718169575933 0.00768078651253888 0.0372948781700646 0.00515703161260378
"твоя" 0.0155806924059705 0 0.00826742359522694 0.00723772301234032 0.0304901288207943 0.0230423595376167 0.00932371954251616 0.0412562529008303
"тоном" 0.00623227696238821 0.0662490966032281 0.0385813101110591 0.00361886150617016 0 0 0 0
"читать" 0 0.00301132257287401 0.0688951966268912 0.021713169037021 0.00254084406839952 0.00768078651253888 0.00932371954251616 0.00515703161260378
"шапку" 0.0342775232931351 0 0 0.00361886150617016 0.0127042203419976 0.0614462921003111 0 0.0309421896756227
"бога" 0.0186968308871646 0.018067935437244 0.0220464629206052 0.00361886150617016 0.00508168813679904 0.00384039325626944 0.00621581302834411 0.0618843793512454
"вижу" 0.00623227696238821 0.00602264514574801 0.0110232314603026 0.00361886150617016 0.0279492847523947 0.0268827527938861 0.0217553455992044 0.0206281264504151
"давай" 0.0529743541802998 0.00602264514574801 0.00551161573015129 0.00723772301234032 0.00508168813679904 0.0422443258189639 0 0.0103140632252076
"десять" 0.0124645539247764 0.0361358708744881 0.0110232314603026 0.00361886150617016 0.0101633762735981 0.0268827527938861 0.0186474390850323 0
"идти" 0.0124645539247764 0.00602264514574801 0.0248022707856808 0.0144754460246806 0.00508168813679904 0.0230423595376167 0.0124316260566882 0.0360992212882265
"кое" 0.0218129693683587 0.0481811611659841 0.0110232314603026 0.0108565845185105 0.00762253220519857 0.0115211797688083 0 0.0103140632252076
"молча" 0.0249291078495528 0.0391471934473621 0.0110232314603026 0.021713169037021 0.00254084406839952 0.0115211797688083 0 0.0154710948378114
"одним" 0.00934841544358231 0.018067935437244 0.00551161573015129 0.00361886150617016 0.0254084406839952 0.00768078651253888 0.0372948781700646 0.0103140632252076
"понимаю" 0 0.01505661286437 0.0192906550555295 0.0144754460246806 0.0203267525471962 0 0.0341869716558926 0.0154710948378114
"почему" 0.0249291078495528 0.01505661286437 0.0192906550555295 0.0144754460246806 0.0127042203419976 0.00768078651253888 0.0186474390850323 0.00515703161260378
"примеч" 0 0 0 0 0.0965520745991818 0 0 0
"смотрел" 0.0031161384811941 0.00602264514574801 0.0110232314603026 0.0434263380740419 0.0177859084787967 0.00384039325626944 0.0124316260566882 0.0360992212882265
"султан" 0 0 0 0 0.0965520745991818 0 0 0
"ум" 0 0.00301132257287401 0.00275580786507565 0.021713169037021 0.0254084406839952 0.0192019662813472 0.0404027846842367 0.0103140632252076
"чай" 0.0716711850674644 0.00903396771862202 0.0165348471904539 0.00361886150617016 0.00254084406839952 0 0.00932371954251616 0.00515703161260378
"язык" 0.00623227696238821 0.00903396771862202 0.0137790393253782 0.00723772301234032 0.0101633762735981 0.0192019662813472 0.0279711586275485 0.0412562529008303
"ветер" 0.0186968308871646 0 0.00275580786507565 0.0253320305431911 0.0254084406839952 0.00768078651253888 0.0217553455992044 0.0206281264504151
"видя" 0.0031161384811941 0.021079258010118 0.00826742359522694 0 0.0279492847523947 0.0268827527938861 0.00310790651417205 0.0360992212882265
"гость" 0.0031161384811941 0 0.00826742359522694 0 0.0152450644103971 0.0153615730250778 0.00310790651417205 0.113454695477283
"готов" 0.0124645539247764 0.00903396771862202 0.0137790393253782 0.00361886150617016 0.0279492847523947 0.0307231460501555 0.00621581302834411 0.0154710948378114
"двор" 0.059206631142688 0.021079258010118 0.0110232314603026 0 0.00762253220519857 0.00384039325626944 0 0.0154710948378114
"другое" 0.0186968308871646 0.0271019031558661 0.0110232314603026 0.0108565845185105 0.00254084406839952 0.00768078651253888 0.0341869716558926 0.00515703161260378
"дядя" 0.0872518774734349 0 0.00275580786507565 0 0.00508168813679904 0 0.00932371954251616 0.0154710948378114
"книги" 0 0.012045290291496 0.0220464629206052 0.0180943075308508 0.00762253220519857 0 0.0435106911984088 0.0154710948378114
"моим" 0 0.00602264514574801 0.0165348471904539 0 0.0279492847523947 0 0.0341869716558926 0.0360992212882265
"посреди" 0.0280452463307469 0.00602264514574801 0.00275580786507565 0 0.0127042203419976 0.0192019662813472 0.0435106911984088 0.00515703161260378
"слава" 0.0031161384811941 0.021079258010118 0.0165348471904539 0 0.0304901288207943 0.0268827527938861 0 0.0206281264504151
"смотри" 0.0405098002555234 0.00602264514574801 0.0137790393253782 0.00723772301234032 0 0.0307231460501555 0.0124316260566882 0.0154710948378114
"стараясь" 0.0155806924059705 0.0572151288846061 0.0110232314603026 0 0.00508168813679904 0.0153615730250778 0.00310790651417205 0.0103140632252076
"толпы" 0.0218129693683587 0 0 0.00361886150617016 0.0203267525471962 0.0230423595376167 0.0310790651417205 0.0257851580630189
"целый" 0.0124645539247764 0.012045290291496 0.0275580786507565 0.0180943075308508 0.00762253220519857 0.0153615730250778 0.0217553455992044 0
"человеком" 0.00623227696238821 0.00903396771862202 0.0110232314603026 0.0398074765678718 0.00508168813679904 0.00768078651253888 0.0341869716558926 0.0103140632252076
"взгляд" 0.0155806924059705 0.0301132257287401 0.0137790393253782 0.0253320305431911 0.00508168813679904 0.0153615730250778 0.00621581302834411 0.00515703161260378
"волосы" 0.0280452463307469 0.00301132257287401 0.0192906550555295 0.00723772301234032 0.00508168813679904 0.0460847190752333 0.00932371954251616 0
"вполне" 0.00623227696238821 0.0361358708744881 0.0110232314603026 0.021713169037021 0.00762253220519857 0 0.0279711586275485 0
"груди" 0.00934841544358231 0.00903396771862202 0.00826742359522694 0.00723772301234032 0.0381126610259928 0.0115211797688083 0.00932371954251616 0.0206281264504151
"грудь" 0.0249291078495528 0.00602264514574801 0.0110232314603026 0.0180943075308508 0.0381126610259928 0.00384039325626944 0.00310790651417205 0
"кому" 0.0218129693683587 0.021079258010118 0.00275580786507565 0.021713169037021 0.0152450644103971 0.0192019662813472 0.00621581302834411 0.0103140632252076
"медленно" 0.0280452463307469 0.01505661286437 0.0110232314603026 0.0108565845185105 0.0203267525471962 0.0115211797688083 0.00932371954251616 0.00515703161260378
"милости" 0.0280452463307469 0.021079258010118 0.0137790393253782 0 0.0127042203419976 0.00384039325626944 0 0.0464132845134341
"мир" 0.0031161384811941 0.00903396771862202 0.00275580786507565 0.021713169037021 0.0101633762735981 0.00384039325626944 0.0310790651417205 0.0515703161260379
"нашей" 0.0031161384811941 0.01505661286437 0.00551161573015129 0.0144754460246806 0.0101633762735981 0.0230423595376167 0.0310790651417205 0.0206281264504151
"некогда" 0 0.00903396771862202 0.0248022707856808 0.0108565845185105 0.0101633762735981 0 0.0435106911984088 0.0154710948378114
"подхватил" 0.0218129693683587 0.00301132257287401 0.0496045415713616 0.00361886150617016 0.00254084406839952 0.0192019662813472 0 0.0154710948378114
"рад" 0.0249291078495528 0.012045290291496 0.0110232314603026 0.0180943075308508 0.0203267525471962 0.0115211797688083 0.0124316260566882 0
"ума" 0.00623227696238821 0.00602264514574801 0.0165348471904539 0.00361886150617016 0.0101633762735981 0.0192019662813472 0.0466185977125808 0.00515703161260378
"ближе" 0.0342775232931351 0.00602264514574801 0.00826742359522694 0.00723772301234032 0.0127042203419976 0.0115211797688083 0.0124316260566882 0.0257851580630189
"всему" 0.0186968308871646 0.00903396771862202 0.0165348471904539 0.0144754460246806 0.0101633762735981 0.0268827527938861 0.00621581302834411 0.0154710948378114
"девушки" 0 0.0240905805829921 0.00551161573015129 0.0180943075308508 0.0101633762735981 0.0576058988440416 0.00310790651417205 0
"должны" 0.0031161384811941 0.018067935437244 0.0192906550555295 0.021713169037021 0.00508168813679904 0 0.0372948781700646 0.00515703161260378
"другом" 0 0.012045290291496 0.0110232314603026 0.00723772301234032 0.0228675966155957 0.0153615730250778 0.0279711586275485 0.0154710948378114
"жил" 0.0155806924059705 0.00903396771862202 0.0248022707856808 0.0253320305431911 0.00508168813679904 0.00768078651253888 0.0186474390850323 0.00515703161260378
"конь" 0.0218129693683587 0 0 0 0.0558985695047895 0.0153615730250778 0.00310790651417205 0.00515703161260378
"кругом" 0.0373936617743292 0.00602264514574801 0.00275580786507565 0.00723772301234032 0.0304901288207943 0.00768078651253888 0.00310790651417205 0.0154710948378114
"левко" 0 0 0 0 0 0.13441376396943 0 0
"лицом" 0.0155806924059705 0.021079258010118 0.0248022707856808 0.00723772301234032 0.0101633762735981 0.0153615730250778 0.00932371954251616 0.00515703161260378
"некоторые" 0.0155806924059705 0.0240905805829921 0.0137790393253782 0.021713169037021 0.00508168813679904 0.00384039325626944 0.0248632521133764 0
"ответ" 0.00623227696238821 0.0481811611659841 0.0220464629206052 0 0 0.0153615730250778 0.0155395325708603 0
"продолжала" 0.0124645539247764 0.0361358708744881 0.0358255022459834 0.0108565845185105 0 0.0115211797688083 0 0
"путь" 0.0124645539247764 0.00301132257287401 0.00826742359522694 0.00361886150617016 0.0279492847523947 0.0192019662813472 0.0279711586275485 0.00515703161260378
"сафир" 0 0 0 0 0.0889295423939833 0 0 0
"станет" 0.0280452463307469 0.018067935437244 0.00826742359522694 0.00723772301234032 0.0127042203419976 0.0268827527938861 0 0.0154710948378114
"стороне" 0.0405098002555234 0.00301132257287401 0.00551161573015129 0.00361886150617016 0.0152450644103971 0.0230423595376167 0.00310790651417205 0.0257851580630189
"твоего" 0 0.00903396771862202 0.00275580786507565 0.00361886150617016 0.0355718169575933 0.00768078651253888 0.00310790651417205 0.0670414109638492
"тобой" 0.0280452463307469 0.012045290291496 0.0137790393253782 0.0108565845185105 0.0177859084787967 0 0.00310790651417205 0.0309421896756227
"тяжело" 0.0124645539247764 0.00903396771862202 0.0110232314603026 0.0434263380740419 0.0101633762735981 0.0192019662813472 0.00932371954251616 0
"t" 0 0.00301132257287401 0 0 0 0 0.10566882148185 0
"баба" 0.0405098002555234 0.00301132257287401 0.00275580786507565 0.021713169037021 0 0.0460847190752333 0 0.00515703161260378
"бодлевский" 0 0.102384967477716 0 0 0 0 0 0
"горы" 0.0186968308871646 0 0 0 0.0482760372995909 0.00768078651253888 0.00310790651417205 0.0309421896756227
"действительно" 0 0.0301132257287401 0.0330696943809078 0.0144754460246806 0 0 0.0248632521133764 0
"егорушка" 0 0 0 0.123041291209785 0 0 0 0
"менее" 0.0155806924059705 0.0271019031558661 0.00275580786507565 0.00723772301234032 0.0152450644103971 0.00384039325626944 0.0310790651417205 0
"молодого" 0 0.00602264514574801 0.0440929258412103 0.0253320305431911 0.00254084406839952 0.00768078651253888 0.0186474390850323 0
"обросимов" 0 0 0 0.123041291209785 0 0 0 0
"одном" 0.0218129693683587 0.012045290291496 0.0165348471904539 0 0.00762253220519857 0.0230423595376167 0.0217553455992044 0.00515703161260378
"пошла" 0.0529743541802998 0.00301132257287401 0.0248022707856808 0.0108565845185105 0 0.0115211797688083 0.00310790651417205 0
"прочь" 0.0186968308871646 0.00903396771862202 0.00551161573015129 0.0180943075308508 0.0228675966155957 0 0.0124316260566882 0.0257851580630189
"сей" 0 0.0240905805829921 0 0 0.0152450644103971 0.0230423595376167 0.0279711586275485 0.0257851580630189
"слишком" 0.0031161384811941 0.0301132257287401 0.0137790393253782 0.0108565845185105 0.0152450644103971 0.0192019662813472 0.0124316260566882 0
"словами" 0.0031161384811941 0.01505661286437 0 0.00723772301234032 0.0101633762735981 0.0192019662813472 0.0528344107409249 0
"сторон" 0.0342775232931351 0.00602264514574801 0.00551161573015129 0.00361886150617016 0.0101633762735981 0.0230423595376167 0.0124316260566882 0.0206281264504151
"судьба" 0 0.00602264514574801 0.00275580786507565 0.0253320305431911 0.0508168813679904 0.00384039325626944 0 0.0154710948378114
"таких" 0.0031161384811941 0.00602264514574801 0.0110232314603026 0.0398074765678718 0.00762253220519857 0.034563539306425 0.00932371954251616 0.00515703161260378
"узнать" 0.0124645539247764 0.021079258010118 0.00275580786507565 0.0289508920493613 0.00762253220519857 0.0307231460501555 0.00310790651417205 0.0103140632252076
"хочется" 0.00934841544358231 0.00301132257287401 0.00826742359522694 0.0398074765678718 0.0127042203419976 0.0192019662813472 0.00932371954251616 0.0154710948378114
"p" 0 0 0 0 0 0 0.10566882148185 0
"будь" 0.00623227696238821 0 0.00551161573015129 0.0144754460246806 0.0203267525471962 0.034563539306425 0 0.0412562529008303
"вечера" 0 0.0240905805829921 0.0165348471904539 0.0144754460246806 0.00508168813679904 0.034563539306425 0.00621581302834411 0.0103140632252076
"взять" 0.0155806924059705 0.012045290291496 0.0192906550555295 0.00723772301234032 0.00762253220519857 0.0192019662813472 0.00310790651417205 0.0309421896756227
"внимание" 0.0155806924059705 0.01505661286437 0.0248022707856808 0.0108565845185105 0.0127042203419976 0.00384039325626944 0.0124316260566882 0.00515703161260378
"вошел" 0.0249291078495528 0.012045290291496 0.0165348471904539 0.0108565845185105 0.0101633762735981 0 0.00621581302834411 0.0309421896756227
"выше" 0.0124645539247764 0.012045290291496 0 0.0144754460246806 0.0457351932311914 0 0.00932371954251616 0
"дать" 0.00934841544358231 0.0240905805829921 0.00275580786507565 0.00723772301234032 0.0127042203419976 0.0192019662813472 0.0248632521133764 0.00515703161260378
"знала" 0.0031161384811941 0.0451698385931101 0.0192906550555295 0.00723772301234032 0.0101633762735981 0 0.00932371954251616 0.00515703161260378
"известно" 0.0218129693683587 0.0331245483016141 0.0137790393253782 0.0108565845185105 0.00254084406839952 0.00768078651253888 0.0124316260566882 0
"княгини" 0 0.0933509997590942 0 0.00361886150617016 0 0 0 0.00515703161260378
"крепко" 0.00934841544358231 0.00301132257287401 0.0137790393253782 0.0180943075308508 0.0203267525471962 0.0115211797688083 0 0.0412562529008303
"михайлыча" 0 0 0.0909416595474963 0 0 0 0 0
"навстречу" 0.0186968308871646 0.00301132257287401 0.00826742359522694 0.00361886150617016 0.0304901288207943 0.0192019662813472 0 0.0257851580630189
"окна" 0.0155806924059705 0.00903396771862202 0.0248022707856808 0.00723772301234032 0.0101633762735981 0.0115211797688083 0.00932371954251616 0.0206281264504151
"повторил" 0.0124645539247764 0.01505661286437 0.0440929258412103 0 0.00508168813679904 0.00384039325626944 0.00932371954251616 0.0103140632252076
"посмотрел" 0.0124645539247764 0.00602264514574801 0.0192906550555295 0.0253320305431911 0.00508168813679904 0.0230423595376167 0.00932371954251616 0.0103140632252076
"самых" 0.00934841544358231 0.018067935437244 0.00551161573015129 0.00361886150617016 0.0203267525471962 0.0115211797688083 0.0217553455992044 0.0154710948378114
"своею" 0.0124645539247764 0.018067935437244 0 0.00361886150617016 0.0152450644103971 0.0153615730250778 0.0248632521133764 0.0206281264504151
"сидит" 0.00623227696238821 0.012045290291496 0.0137790393253782 0.0180943075308508 0 0.0460847190752333 0.00621581302834411 0.0154710948378114
"столько" 0.00623227696238821 0.018067935437244 0.0110232314603026 0 0.0152450644103971 0.0307231460501555 0.00932371954251616 0.0206281264504151
"честь" 0.0031161384811941 0.0240905805829921 0.0248022707856808 0.00723772301234032 0.0127042203419976 0.00768078651253888 0.00932371954251616 0.0154710948378114
"бежит" 0.0436259387367175 0 0.00551161573015129 0.0108565845185105 0.00254084406839952 0 0.0248632521133764 0.0206281264504151
"беспрестанно" 0.0124645539247764 0 0.0192906550555295 0 0.00762253220519857 0.0192019662813472 0.0372948781700646 0.00515703161260378
"большая" 0.0218129693683587 0.00602264514574801 0.0248022707856808 0.0253320305431911 0.00762253220519857 0.00768078651253888 0.00621581302834411 0
"брата" 0.0280452463307469 0 0.0220464629206052 0.00723772301234032 0.0127042203419976 0.00768078651253888 0.00310790651417205 0.0257851580630189
"будут" 0.0031161384811941 0.00602264514574801 0.00826742359522694 0.0253320305431911 0.0203267525471962 0.0115211797688083 0.0248632521133764 0
"верховского" 0 0 0 0 0.0813070101887847 0 0 0
"видит" 0.0124645539247764 0.00301132257287401 0.00826742359522694 0.021713169037021 0.00762253220519857 0.0153615730250778 0.0217553455992044 0.0206281264504151
"дети" 0 0.00903396771862202 0 0.0144754460246806 0.00762253220519857 0.0192019662813472 0.0279711586275485 0.0412562529008303
"молотову" 0 0 0 0.115803568197445 0 0 0 0
"москву" 0 0.00301132257287401 0.0110232314603026 0.00361886150617016 0 0 0 0.134082821927698
"найти" 0.0155806924059705 0.01505661286437 0 0.00723772301234032 0.0152450644103971 0.0115211797688083 0.0248632521133764 0.0154710948378114
"нашел" 0.00934841544358231 0.01505661286437 0.00551161573015129 0.0180943075308508 0.0177859084787967 0.00768078651253888 0.0186474390850323 0.0103140632252076
"образ" 0.0031161384811941 0.00903396771862202 0 0.0253320305431911 0.0152450644103971 0.00384039325626944 0.0310790651417205 0.0206281264504151
"ой" 0.0747873235486585 0.00301132257287401 0.00275580786507565 0.00723772301234032 0 0.0115211797688083 0 0.00515703161260378
"последний" 0.0124645539247764 0.0240905805829921 0.00275580786507565 0.00361886150617016 0.0330309728891938 0.00384039325626944 0.00932371954251616 0.00515703161260378
"постоянно" 0.0031161384811941 0.0331245483016141 0.0275580786507565 0.0144754460246806 0 0 0.0186474390850323 0
"рук" 0.0218129693683587 0.012045290291496 0.00275580786507565 0.00723772301234032 0.0101633762735981 0.0230423595376167 0.0155395325708603 0.0154710948378114
"рукой" 0.0249291078495528 0.012045290291496 0.00826742359522694 0.0180943075308508 0.0127042203419976 0.0115211797688083 0 0.0206281264504151
"самому" 0.0155806924059705 0.021079258010118 0.0137790393253782 0.021713169037021 0.0127042203419976 0.00384039325626944 0.00621581302834411 0.00515703161260378
"скажи" 0.031161384811941 0.00301132257287401 0.00826742359522694 0.00361886150617016 0.0203267525471962 0.0153615730250778 0.00310790651417205 0.0206281264504151
"трудно" 0.00623227696238821 0.012045290291496 0.0110232314603026 0.0398074765678718 0.0101633762735981 0.00384039325626944 0.0124316260566882 0.0103140632252076
"большой" 0.0031161384811941 0.00602264514574801 0.0248022707856808 0.0325697535555314 0.0127042203419976 0.00384039325626944 0.00621581302834411 0.0103140632252076
"воля" 0.0124645539247764 0.012045290291496 0.00826742359522694 0.0108565845185105 0.0254084406839952 0.00768078651253888 0.00932371954251616 0.0103140632252076
"детей" 0.0031161384811941 0.00301132257287401 0.0165348471904539 0.0108565845185105 0.00508168813679904 0.0115211797688083 0.0404027846842367 0.0103140632252076
"думаешь" 0.0218129693683587 0.00301132257287401 0 0.00723772301234032 0.0152450644103971 0.0230423595376167 0.0124316260566882 0.0257851580630189
"думать" 0.0031161384811941 0.00903396771862202 0.00826742359522694 0.00723772301234032 0.0101633762735981 0.0153615730250778 0.0310790651417205 0.0206281264504151
"коней" 0 0 0 0 0.0635211017099881 0.0115211797688083 0 0.0154710948378114
"лицу" 0.00934841544358231 0.00903396771862202 0.0192906550555295 0.0108565845185105 0.0127042203419976 0.0268827527938861 0.00310790651417205 0.0103140632252076
"москве" 0 0.00903396771862202 0.0137790393253782 0 0 0 0 0.118611727089887
"помалу" 0.0218129693683587 0.00903396771862202 0.00551161573015129 0.0108565845185105 0.0152450644103971 0.0153615730250778 0.0186474390850323 0
"помилуй" 0.00623227696238821 0 0.0496045415713616 0.0108565845185105 0.00254084406839952 0.00384039325626944 0 0.0309421896756227
"пошли" 0.0218129693683587 0 0.0137790393253782 0.021713169037021 0.00762253220519857 0.0115211797688083 0.00310790651417205 0.0309421896756227
"ради" 0.00623227696238821 0.0361358708744881 0.0110232314603026 0 0.00508168813679904 0 0.0124316260566882 0.0360992212882265
"редко" 0.0124645539247764 0.00602264514574801 0.00551161573015129 0.0506640610863822 0.0152450644103971 0 0.00932371954251616 0
"сидела" 0.00623227696238821 0.01505661286437 0.0358255022459834 0.00723772301234032 0.00254084406839952 0.0153615730250778 0.00310790651417205 0.0154710948378114
"состояние" 0.0031161384811941 0.021079258010118 0.00826742359522694 0.0144754460246806 0.00254084406839952 0.00384039325626944 0.0435106911984088 0
"страшно" 0.0031161384811941 0.00903396771862202 0.00826742359522694 0.021713169037021 0.0101633762735981 0.0230423595376167 0.0155395325708603 0.0154710948378114
"сына" 0.0155806924059705 0.0240905805829921 0.00551161573015129 0.00723772301234032 0.00762253220519857 0.0115211797688083 0.00621581302834411 0.0309421896756227
"шею" 0.0280452463307469 0.00602264514574801 0.00551161573015129 0.021713169037021 0.0127042203419976 0.0230423595376167 0 0.00515703161260378
"ясно" 0.0155806924059705 0.01505661286437 0.00551161573015129 0.0253320305431911 0.00254084406839952 0.0153615730250778 0.0186474390850323 0.00515703161260378
"вечер" 0 0.00301132257287401 0.0220464629206052 0.0253320305431911 0.0101633762735981 0.0268827527938861 0.00310790651417205 0.0103140632252076
"видишь" 0.00934841544358231 0.012045290291496 0.00275580786507565 0 0.00762253220519857 0.0307231460501555 0.00310790651417205 0.0515703161260379
"воскликнул" 0.0186968308871646 0.00301132257287401 0.0413371179761347 0 0.00508168813679904 0 0.00932371954251616 0.0154710948378114
"доме" 0.0031161384811941 0.021079258010118 0.0248022707856808 0.00361886150617016 0.0101633762735981 0.00768078651253888 0.00932371954251616 0.0154710948378114
"женщины" 0 0.0271019031558661 0.00826742359522694 0.021713169037021 0.0203267525471962 0 0.00932371954251616 0.00515703161260378
"жены" 0.00934841544358231 0.0361358708744881 0.0110232314603026 0 0.0127042203419976 0.00384039325626944 0.00932371954251616 0.0103140632252076
"лес" 0.00934841544358231 0 0.00275580786507565 0.0253320305431911 0.0203267525471962 0.0230423595376167 0 0.0257851580630189
"минут" 0.00623227696238821 0.0391471934473621 0.0165348471904539 0.0108565845185105 0.00508168813679904 0.00384039325626944 0.00310790651417205 0.0103140632252076
"множество" 0.00934841544358231 0 0 0.0180943075308508 0.0203267525471962 0 0.00621581302834411 0.0618843793512454
"могут" 0 0.00602264514574801 0.0110232314603026 0.021713169037021 0.0152450644103971 0 0.0341869716558926 0.00515703161260378
"нарочно" 0.00623227696238821 0.00602264514574801 0.0192906550555295 0.0180943075308508 0.0152450644103971 0.0192019662813472 0.00310790651417205 0.0103140632252076
"никак" 0.0342775232931351 0.018067935437244 0.00826742359522694 0.00361886150617016 0.00762253220519857 0.00384039325626944 0.0124316260566882 0.00515703161260378
"ногами" 0.0155806924059705 0.00301132257287401 0.00551161573015129 0 0.0228675966155957 0.034563539306425 0.00621581302834411 0.0103140632252076
"очередь" 0.0155806924059705 0.012045290291496 0.0413371179761347 0.00361886150617016 0.00762253220519857 0 0.00621581302834411 0
"первая" 0.0031161384811941 0.01505661286437 0.0192906550555295 0.0180943075308508 0.0127042203419976 0.00384039325626944 0.0124316260566882 0.0103140632252076
"пойду" 0.0467420772179116 0.012045290291496 0.00551161573015129 0.00723772301234032 0.00254084406839952 0.0153615730250778 0 0.0103140632252076
"сила" 0.0124645539247764 0.00602264514574801 0.00551161573015129 0.0253320305431911 0.00254084406839952 0.0153615730250778 0.0279711586275485 0.00515703161260378
"собой" 0.00623227696238821 0.00903396771862202 0.0358255022459834 0.00723772301234032 0.0177859084787967 0 0 0.0154710948378114
"спасибо" 0.0560904926614939 0.00301132257287401 0 0.0108565845185105 0.00508168813679904 0.00384039325626944 0.00310790651417205 0.0206281264504151
"старика" 0.0249291078495528 0 0.0192906550555295 0.0253320305431911 0.00508168813679904 0 0.00310790651417205 0.0257851580630189
"третий" 0.00934841544358231 0.00602264514574801 0.0137790393253782 0.0108565845185105 0.0127042203419976 0.0192019662813472 0.0155395325708603 0.0103140632252076
"ха" 0.0654389081050762 0.00903396771862202 0.00826742359522694 0 0 0 0 0.0154710948378114
"хотите" 0.00934841544358231 0.00301132257287401 0.0192906550555295 0.0180943075308508 0.00254084406839952 0.0153615730250778 0.0186474390850323 0.0154710948378114
"части" 0.0124645539247764 0.0271019031558661 0.00826742359522694 0.00723772301234032 0 0 0.0279711586275485 0.0154710948378114
"чрез" 0.00623227696238821 0 0.0165348471904539 0.0361886150617016 0.00254084406839952 0.0153615730250778 0.0186474390850323 0.00515703161260378
"берегу" 0.0155806924059705 0.00301132257287401 0.00826742359522694 0.0144754460246806 0.0203267525471962 0.0153615730250778 0 0.0206281264504151
"верховский" 0 0 0 0 0.0736844779835861 0 0 0
"взглянул" 0.00623227696238821 0 0.0192906550555295 0.0180943075308508 0.0152450644103971 0.00768078651253888 0.00932371954251616 0.0206281264504151
"виде" 0.0031161384811941 0.018067935437244 0.00551161573015129 0.0108565845185105 0.00508168813679904 0.0115211797688083 0.0341869716558926 0.00515703161260378
"воду" 0.0031161384811941 0 0.00551161573015129 0.0289508920493613 0.0101633762735981 0.034563539306425 0.00310790651417205 0.0206281264504151
"воды" 0.00934841544358231 0.00301132257287401 0.0192906550555295 0.00723772301234032 0.0152450644103971 0.00768078651253888 0.0155395325708603 0.0154710948378114
"городе" 0.00623227696238821 0.00301132257287401 0.0303138865158321 0.0144754460246806 0.00254084406839952 0 0.0186474390850323 0.0206281264504151
"господь" 0.059206631142688 0.00903396771862202 0.00275580786507565 0 0 0.0115211797688083 0 0.0154710948378114
"каждом" 0.00623227696238821 0.012045290291496 0.0137790393253782 0 0.0127042203419976 0.00768078651253888 0.0341869716558926 0
"кем" 0.0031161384811941 0.01505661286437 0.0248022707856808 0.0144754460246806 0.0127042203419976 0.00768078651253888 0.00932371954251616 0
"которыми" 0.00934841544358231 0.01505661286437 0.0110232314603026 0.021713169037021 0.00254084406839952 0.00768078651253888 0.0217553455992044 0.00515703161260378
"крикнул" 0.0560904926614939 0.012045290291496 0.0110232314603026 0.00723772301234032 0.00254084406839952 0 0 0
"куды" 0.0685550465862703 0.00903396771862202 0 0 0 0.0153615730250778 0 0
"мной" 0.0031161384811941 0.00602264514574801 0.0275580786507565 0.0108565845185105 0.0254084406839952 0 0.00310790651417205 0.0103140632252076
"например" 0.0031161384811941 0.01505661286437 0.0248022707856808 0.021713169037021 0.00254084406839952 0.00768078651253888 0.0124316260566882 0.00515703161260378
"небо" 0.0249291078495528 0 0 0.0108565845185105 0.0177859084787967 0.0307231460501555 0.00932371954251616 0
"новый" 0.00623227696238821 0.00903396771862202 0.0248022707856808 0.0180943075308508 0 0.0153615730250778 0.0186474390850323 0
"обращаясь" 0.0249291078495528 0.00903396771862202 0.0248022707856808 0 0.0127042203419976 0 0 0.0206281264504151
"однажды" 0.0031161384811941 0.00602264514574801 0.00551161573015129 0.0289508920493613 0.0177859084787967 0 0.0186474390850323 0.0154710948378114
"окно" 0.0218129693683587 0 0.0165348471904539 0.00723772301234032 0.00254084406839952 0.0384039325626944 0.00621581302834411 0.00515703161260378
"ответил" 0.0031161384811941 0.021079258010118 0.00551161573015129 0.068758368617233 0 0 0 0
"первого" 0.0124645539247764 0.018067935437244 0.0248022707856808 0 0.00762253220519857 0.00384039325626944 0.0186474390850323 0
"песни" 0.00623227696238821 0.00602264514574801 0 0.0180943075308508 0.0127042203419976 0.0422443258189639 0.00310790651417205 0.0154710948378114
"поди" 0.0218129693683587 0.01505661286437 0.0220464629206052 0.00361886150617016 0 0.00384039325626944 0 0.0360992212882265
"правду" 0.00623227696238821 0.00301132257287401 0.0110232314603026 0.0108565845185105 0.0203267525471962 0.00384039325626944 0 0.0515703161260379
"продолжение" 0 0 0.0330696943809078 0.00361886150617016 0 0.0115211797688083 0.0372948781700646 0.00515703161260378
"равно" 0 0.01505661286437 0.00826742359522694 0.00361886150617016 0.0152450644103971 0.00384039325626944 0.0248632521133764 0.0257851580630189
"раза" 0 0.00903396771862202 0.0137790393253782 0.00361886150617016 0.0177859084787967 0.034563539306425 0.00621581302834411 0.0103140632252076
"слушай" 0.0280452463307469 0.00602264514574801 0.00551161573015129 0.00361886150617016 0.00762253220519857 0.0153615730250778 0.00310790651417205 0.0360992212882265
"четыре" 0.0124645539247764 0.021079258010118 0.0137790393253782 0.00723772301234032 0.00762253220519857 0.00384039325626944 0.0124316260566882 0.0154710948378114
"болезни" 0 0.018067935437244 0.0192906550555295 0 0.0127042203419976 0.00384039325626944 0.0279711586275485 0
"ваши" 0.0031161384811941 0.00301132257287401 0.00826742359522694 0.00723772301234032 0.0152450644103971 0.00768078651253888 0.0279711586275485 0.0206281264504151
"вопросы" 0.0031161384811941 0.00602264514574801 0.00551161573015129 0.021713169037021 0.00762253220519857 0 0.0404027846842367 0.00515703161260378
"всякого" 0.0124645539247764 0.012045290291496 0.0110232314603026 0.0144754460246806 0.0101633762735981 0.0153615730250778 0.00932371954251616 0.00515703161260378
"говоришь" 0.0155806924059705 0.00602264514574801 0 0.0108565845185105 0.0101633762735981 0.00384039325626944 0.0279711586275485 0.0206281264504151
"движение" 0.0249291078495528 0.00301132257287401 0.00275580786507565 0.0144754460246806 0.00508168813679904 0.00768078651253888 0.0248632521133764 0.0103140632252076
"живет" 0.00934841544358231 0.00903396771862202 0.00551161573015129 0.0289508920493613 0.0101633762735981 0.0153615730250778 0.00621581302834411 0.0103140632252076
"забыл" 0.031161384811941 0.00301132257287401 0.00551161573015129 0.0108565845185105 0.00762253220519857 0.0153615730250778 0.00310790651417205 0.0206281264504151
"заметно" 0.0186968308871646 0.018067935437244 0.0110232314603026 0.021713169037021 0 0.00768078651253888 0 0.0206281264504151
"каких" 0 0.0331245483016141 0.0165348471904539 0.0108565845185105 0.00762253220519857 0.00384039325626944 0.00621581302834411 0.0103140632252076
"комнаты" 0.00934841544358231 0.0391471934473621 0.00826742359522694 0.00361886150617016 0.0127042203419976 0.00384039325626944 0.00621581302834411 0
"купец" 0.0498582156991057 0 0.0192906550555295 0.00723772301234032 0 0 0.00310790651417205 0.0103140632252076
"многих" 0.0124645539247764 0.00602264514574801 0.0110232314603026 0.0180943075308508 0.00508168813679904 0.00768078651253888 0.0248632521133764 0.00515703161260378
"мужа" 0.00623227696238821 0.0301132257287401 0.0165348471904539 0.0180943075308508 0.00254084406839952 0 0.0124316260566882 0
"народа" 0.00623227696238821 0.00903396771862202 0 0 0.0101633762735981 0.0115211797688083 0.00310790651417205 0.0773554741890568
"нашему" 0.0124645539247764 0.00301132257287401 0.0165348471904539 0.00361886150617016 0.00762253220519857 0.0192019662813472 0.00932371954251616 0.0257851580630189
"нежели" 0 0.00301132257287401 0.00275580786507565 0.0108565845185105 0.0127042203419976 0.0153615730250778 0.0404027846842367 0.00515703161260378
"нижний" 0 0 0 0 0 0 0.00310790651417205 0.139239853540302
"никакого" 0.00934841544358231 0.012045290291496 0.00551161573015129 0.0144754460246806 0.0152450644103971 0.00768078651253888 0.0186474390850323 0.00515703161260378
"парень" 0.0623227696238821 0.00903396771862202 0.00551161573015129 0 0 0.0115211797688083 0 0
"поднял" 0.0249291078495528 0.00602264514574801 0.00551161573015129 0.00361886150617016 0.0177859084787967 0.0192019662813472 0 0.0154710948378114
"позвольте" 0 0.018067935437244 0.0275580786507565 0.0180943075308508 0.00508168813679904 0.00384039325626944 0.0124316260566882 0
"пути" 0.0124645539247764 0.00301132257287401 0.00275580786507565 0.00361886150617016 0.0127042203419976 0.0192019662813472 0.0248632521133764 0.0154710948378114
"села" 0.0218129693683587 0.00301132257287401 0.0275580786507565 0.00361886150617016 0 0.0268827527938861 0 0.0103140632252076
"скажу" 0.0186968308871646 0.00602264514574801 0.00275580786507565 0.0253320305431911 0.0127042203419976 0.0115211797688083 0.00621581302834411 0.0103140632252076
"случилось" 0.00623227696238821 0 0.0165348471904539 0.0325697535555314 0.0101633762735981 0.0115211797688083 0.0124316260566882 0
"среди" 0 0.01505661286437 0 0.0325697535555314 0.00762253220519857 0.00768078651253888 0.00932371954251616 0.0309421896756227
"стены" 0.00623227696238821 0.00903396771862202 0.00826742359522694 0.0108565845185105 0.0152450644103971 0.0115211797688083 0.0186474390850323 0.0103140632252076
"твою" 0.00623227696238821 0.00602264514574801 0.00275580786507565 0 0.0228675966155957 0.0230423595376167 0 0.0412562529008303
"улицу" 0.0124645539247764 0.021079258010118 0.0110232314603026 0.0108565845185105 0.00508168813679904 0.0115211797688083 0.00932371954251616 0.0103140632252076
"шел" 0.00934841544358231 0.00903396771862202 0.0220464629206052 0.0108565845185105 0 0.00768078651253888 0 0.0464132845134341
"шум" 0.0249291078495528 0.00301132257287401 0.00551161573015129 0.00361886150617016 0.0101633762735981 0.0268827527938861 0.00310790651417205 0.0206281264504151
"анна" 0.0342775232931351 0.0481811611659841 0 0 0 0 0 0
"антону" 0.0841357389922408 0 0 0 0 0 0 0
"век" 0.00934841544358231 0.012045290291496 0.00826742359522694 0 0.0127042203419976 0.0115211797688083 0.0217553455992044 0.0103140632252076
"велел" 0.0155806924059705 0 0.0110232314603026 0.0108565845185105 0.0254084406839952 0.00768078651253888 0 0.0154710948378114
"вестимо" 0.0810196005110467 0.00301132257287401 0 0 0 0 0 0
"вовсе" 0.0124645539247764 0.012045290291496 0.00275580786507565 0.00723772301234032 0.0203267525471962 0.0192019662813472 0.00621581302834411 0.00515703161260378
"воздух" 0 0.00602264514574801 0.00551161573015129 0.0361886150617016 0.0177859084787967 0.00384039325626944 0.0124316260566882 0.00515703161260378
"вчера" 0.0031161384811941 0.00301132257287401 0.00826742359522694 0.0253320305431911 0.00508168813679904 0.0115211797688083 0.00621581302834411 0.0412562529008303
"выражение" 0 0.012045290291496 0.0220464629206052 0.021713169037021 0.00762253220519857 0 0.0186474390850323 0
"гораздо" 0 0.018067935437244 0.0275580786507565 0.00361886150617016 0.0101633762735981 0.00384039325626944 0.0124316260566882 0.00515703161260378
"даст" 0.0186968308871646 0.01505661286437 0.00826742359522694 0.00361886150617016 0.00762253220519857 0.00768078651253888 0.0124316260566882 0.0154710948378114
"дворе" 0.0280452463307469 0.00301132257287401 0.0110232314603026 0 0.00508168813679904 0.0115211797688083 0.00310790651417205 0.0360992212882265
"дорога" 0.031161384811941 0.00301132257287401 0.00826742359522694 0.0144754460246806 0.0101633762735981 0.00384039325626944 0.00932371954251616 0.00515703161260378
"другая" 0.0124645539247764 0.00903396771862202 0.0137790393253782 0.0108565845185105 0 0.0115211797688083 0.0248632521133764 0.00515703161260378
"другим" 0.0155806924059705 0.012045290291496 0.0110232314603026 0.00723772301234032 0.00254084406839952 0.00768078651253888 0.0248632521133764 0.00515703161260378
"дух" 0.0124645539247764 0.00301132257287401 0.00275580786507565 0 0.0203267525471962 0.0230423595376167 0.0124316260566882 0.0154710948378114
"женщин" 0.0031161384811941 0.018067935437244 0.00551161573015129 0.021713169037021 0.0228675966155957 0.00384039325626944 0.00310790651417205 0.00515703161260378
"знаете" 0.0031161384811941 0.00602264514574801 0.0137790393253782 0.021713169037021 0.00254084406839952 0.0268827527938861 0.0155395325708603 0
"имеет" 0 0.0240905805829921 0.0137790393253782 0.0144754460246806 0.0152450644103971 0 0.0124316260566882 0
"каждого" 0.00934841544358231 0.00301132257287401 0.0110232314603026 0 0.0177859084787967 0 0.0310790651417205 0.0103140632252076
"кажись" 0.0498582156991057 0.012045290291496 0.00275580786507565 0 0 0.0192019662813472 0 0.00515703161260378
"комнате" 0 0.0331245483016141 0.0330696943809078 0.00361886150617016 0 0.00384039325626944 0.00310790651417205 0.00515703161260378
"конец" 0.00623227696238821 0.021079258010118 0.00551161573015129 0.0108565845185105 0.0127042203419976 0.00768078651253888 0.0155395325708603 0.00515703161260378
"любила" 0 0.0271019031558661 0.0192906550555295 0.0253320305431911 0.00762253220519857 0.00384039325626944 0 0
"море" 0 0 0 0 0.0508168813679904 0 0.0155395325708603 0.0103140632252076
"муж" 0.0155806924059705 0.01505661286437 0.0165348471904539 0.00361886150617016 0.00254084406839952 0 0.0217553455992044 0.0103140632252076
"мужика" 0.0779034620298526 0 0.00275580786507565 0 0 0.00384039325626944 0 0
"напротив" 0.00623227696238821 0.01505661286437 0.0275580786507565 0.0108565845185105 0.0127042203419976 0 0.00621581302834411 0
"наше" 0.0124645539247764 0.00301132257287401 0.0110232314603026 0.00361886150617016 0.00508168813679904 0.00768078651253888 0.0248632521133764 0.0257851580630189
"небось" 0.0747873235486585 0.00301132257287401 0 0.00361886150617016 0.00254084406839952 0 0 0
"обратился" 0 0.012045290291496 0.0330696943809078 0.00361886150617016 0.00762253220519857 0.00384039325626944 0.00310790651417205 0.0257851580630189
"одному" 0.00623227696238821 0.018067935437244 0.0110232314603026 0.00723772301234032 0.00762253220519857 0.0230423595376167 0.00932371954251616 0.00515703161260378
"ответа" 0.00934841544358231 0.00602264514574801 0.0165348471904539 0.0253320305431911 0.00762253220519857 0.00768078651253888 0.00621581302834411 0.0103140632252076
"слез" 0.00934841544358231 0.00301132257287401 0.00551161573015129 0.00723772301234032 0.0254084406839952 0.0153615730250778 0.00932371954251616 0.0103140632252076
"солнца" 0.0031161384811941 0 0 0.021713169037021 0.0279492847523947 0.00384039325626944 0.0217553455992044 0.00515703161260378
"спать" 0.0186968308871646 0.00602264514574801 0.00551161573015129 0.00723772301234032 0.0177859084787967 0.0268827527938861 0.00310790651417205 0
"счастье" 0 0.00301132257287401 0.0137790393253782 0.0361886150617016 0.0152450644103971 0.00384039325626944 0.00310790651417205 0.0154710948378114
"твоей" 0 0.00301132257287401 0 0 0.0203267525471962 0.0268827527938861 0.00310790651417205 0.0515703161260379
"тимур" 0 0 0 0 0 0 0 0.139239853540302
"ушел" 0.00623227696238821 0.00301132257287401 0.0358255022459834 0.0108565845185105 0.0101633762735981 0.0153615730250778 0 0
"хуже" 0.0218129693683587 0.00903396771862202 0.0137790393253782 0.0180943075308508 0.0101633762735981 0 0.00932371954251616 0
"церкви" 0 0.00301132257287401 0.0165348471904539 0.00361886150617016 0.00508168813679904 0.0268827527938861 0.00621581302834411 0.0412562529008303
"человечества" 0 0 0 0 0.00762253220519857 0 0.0714818498259572 0.00515703161260378
"черные" 0.0218129693683587 0.00903396771862202 0.00826742359522694 0.00361886150617016 0.0101633762735981 0.0230423595376167 0.00310790651417205 0.0103140632252076
"шапки" 0.0155806924059705 0 0.00551161573015129 0 0.0177859084787967 0.0422443258189639 0 0.0103140632252076
"аркадьевна" 0 0 0 0.0940903991604241 0 0 0 0
"вашего" 0.0031161384811941 0.012045290291496 0.0165348471904539 0.00723772301234032 0.00508168813679904 0.00768078651253888 0.00932371954251616 0.0309421896756227
"ворота" 0.0218129693683587 0.00301132257287401 0.00826742359522694 0 0.0203267525471962 0.00384039325626944 0 0.0309421896756227
"высокий" 0.0186968308871646 0.012045290291496 0.00551161573015129 0 0.00762253220519857 0.034563539306425 0 0.0103140632252076
"иметь" 0.00623227696238821 0.00301132257287401 0.0248022707856808 0.0144754460246806 0.0127042203419976 0.00384039325626944 0.0124316260566882 0
"каждое" 0.0031161384811941 0.012045290291496 0.0192906550555295 0.00723772301234032 0.0101633762735981 0 0.0186474390850323 0.0103140632252076
"леса" 0.0124645539247764 0 0 0.0180943075308508 0.0127042203419976 0.0230423595376167 0.00310790651417205 0.0257851580630189
"лизавета" 0 0 0 0.0940903991604241 0 0 0 0
"лошади" 0.0560904926614939 0 0.00826742359522694 0 0.00762253220519857 0.00384039325626944 0.00310790651417205 0
"людьми" 0.0031161384811941 0.00602264514574801 0.0192906550555295 0.0180943075308508 0.00762253220519857 0.00384039325626944 0.0217553455992044 0
"медиокритский" 0 0 0.0716510044919668 0 0 0 0 0
"месяца" 0 0.012045290291496 0.0110232314603026 0.0108565845185105 0.0101633762735981 0.0268827527938861 0.00310790651417205 0.0154710948378114
"мира" 0.0031161384811941 0.00903396771862202 0 0.00723772301234032 0.00508168813679904 0.00384039325626944 0.0341869716558926 0.0309421896756227
"ног" 0.0280452463307469 0 0.00551161573015129 0.00361886150617016 0.0177859084787967 0.0115211797688083 0.00621581302834411 0.0103140632252076
"первых" 0.0031161384811941 0.012045290291496 0.0137790393253782 0.0144754460246806 0.0127042203419976 0 0.0155395325708603 0.0103140632252076
"прощай" 0.00934841544358231 0 0 0.0108565845185105 0.00762253220519857 0.0499251123315027 0.00310790651417205 0.0154710948378114
"раздался" 0.0155806924059705 0.00903396771862202 0 0.0144754460246806 0.0127042203419976 0.00768078651253888 0.00621581302834411 0.0257851580630189
"реки" 0.00934841544358231 0 0.00826742359522694 0.0470451995802121 0.00254084406839952 0 0.00621581302834411 0.0206281264504151
"речи" 0.0124645539247764 0 0.00275580786507565 0.021713169037021 0.00762253220519857 0.034563539306425 0.00932371954251616 0
"русский" 0 0.00602264514574801 0.00275580786507565 0.00361886150617016 0.0228675966155957 0 0 0.0670414109638492
"сделалось" 0 0 0.0192906550555295 0.0180943075308508 0 0.0153615730250778 0.0155395325708603 0.0257851580630189
"силу" 0.00623227696238821 0.018067935437244 0.0110232314603026 0.0180943075308508 0.00508168813679904 0.00384039325626944 0.0155395325708603 0.00515703161260378
"смотреть" 0.0124645539247764 0.00602264514574801 0.0248022707856808 0.0180943075308508 0.00762253220519857 0.00384039325626944 0.00621581302834411 0
"стояли" 0.0467420772179116 0 0.00275580786507565 0 0.00254084406839952 0.0115211797688083 0 0.0309421896756227
"страх" 0.0031161384811941 0.00903396771862202 0 0.00723772301234032 0.0152450644103971 0.0422443258189639 0 0.0154710948378114
"управляющий" 0.0685550465862703 0.012045290291496 0 0 0 0 0 0
"часа" 0 0.0240905805829921 0.0275580786507565 0.00361886150617016 0.00254084406839952 0 0.0124316260566882 0.0103140632252076
"часов" 0.00623227696238821 0.0271019031558661 0.0192906550555295 0.00723772301234032 0.0101633762735981 0 0.00310790651417205 0.00515703161260378
"этими" 0.00623227696238821 0.021079258010118 0.0165348471904539 0.0144754460246806 0.00254084406839952 0.00768078651253888 0.0124316260566882 0
"аль" 0.0529743541802998 0.012045290291496 0 0.00361886150617016 0 0 0 0.0154710948378114
"большим" 0.0031161384811941 0.012045290291496 0.0413371179761347 0.00361886150617016 0.00254084406839952 0 0.00621581302834411 0.00515703161260378
"будем" 0 0.018067935437244 0.0137790393253782 0.0325697535555314 0.00508168813679904 0 0.00621581302834411 0.00515703161260378
"вашей" 0.0186968308871646 0.00602264514574801 0.0192906550555295 0 0.00254084406839952 0.00768078651253888 0.00932371954251616 0.0206281264504151
"гроб" 0 0 0.00551161573015129 0.021713169037021 0.0101633762735981 0.00384039325626944 0.0248632521133764 0.0206281264504151
"делом" 0.0124645539247764 0.01505661286437 0.00826742359522694 0 0.00762253220519857 0.00768078651253888 0.0217553455992044 0.00515703161260378
"деревне" 0.0186968308871646 0.0271019031558661 0.00551161573015129 0.0253320305431911 0.00254084406839952 0 0 0
"дней" 0.00623227696238821 0.00301132257287401 0 0.0325697535555314 0.00762253220519857 0.00768078651253888 0.0155395325708603 0.0154710948378114
"думает" 0.00623227696238821 0.00301132257287401 0 0.0180943075308508 0.00508168813679904 0.0307231460501555 0.0155395325708603 0.0103140632252076
"ею" 0 0.0271019031558661 0.0137790393253782 0.00723772301234032 0.0101633762735981 0.0115211797688083 0.00621581302834411 0
"желание" 0 0.00301132257287401 0.0165348471904539 0.0253320305431911 0.0127042203419976 0 0.0186474390850323 0
"каком" 0.0031161384811941 0.018067935437244 0.0192906550555295 0.00361886150617016 0.00762253220519857 0.00768078651253888 0.00621581302834411 0.0154710948378114
"калиновичу" 0 0 0.0688951966268912 0 0 0 0 0
"красавица" 0 0 0 0 0 0.0537655055877722 0.0341869716558926 0
"миг" 0 0.00903396771862202 0 0 0.0457351932311914 0.0115211797688083 0.00310790651417205 0
"милая" 0 0.00301132257287401 0.0110232314603026 0 0.0482760372995909 0.00384039325626944 0 0
"могло" 0.00623227696238821 0.00903396771862202 0 0.0108565845185105 0.0152450644103971 0.00384039325626944 0.0279711586275485 0.00515703161260378
"некомата" 0 0 0 0 0 0 0 0.128925790315095
"никому" 0.00623227696238821 0.012045290291496 0.0110232314603026 0.0325697535555314 0.0101633762735981 0.00384039325626944 0.00310790651417205 0
"обыкновению" 0.0031161384811941 0.00301132257287401 0.0440929258412103 0.00723772301234032 0.00508168813679904 0.00768078651253888 0.00310790651417205 0
"осталось" 0.0218129693683587 0 0.00275580786507565 0.0180943075308508 0.0101633762735981 0.00384039325626944 0.0155395325708603 0.0103140632252076
"подобно" 0.00934841544358231 0.012045290291496 0 0 0.0228675966155957 0 0.0248632521133764 0.00515703161260378
"потихоньку" 0.0186968308871646 0 0.0137790393253782 0.0144754460246806 0.00254084406839952 0.0192019662813472 0.00932371954251616 0.00515703161260378
"природе" 0 0.00602264514574801 0 0.0361886150617016 0.00508168813679904 0 0.0341869716558926 0
"пришли" 0.0186968308871646 0.00602264514574801 0.00551161573015129 0.021713169037021 0 0 0.0155395325708603 0.0206281264504151
"прости" 0.00934841544358231 0.00903396771862202 0 0.00361886150617016 0.0254084406839952 0.0192019662813472 0 0.0154710948378114
"прошло" 0.0031161384811941 0.012045290291496 0.00275580786507565 0.0253320305431911 0 0.0115211797688083 0.00310790651417205 0.0412562529008303
"прошу" 0 0.012045290291496 0.0220464629206052 0.00723772301234032 0.0152450644103971 0.0153615730250778 0 0.00515703161260378
"разумеется" 0.0186968308871646 0 0.00275580786507565 0.0289508920493613 0.0101633762735981 0.00384039325626944 0.0124316260566882 0.00515703161260378
"слегка" 0 0.018067935437244 0.0385813101110591 0.00723772301234032 0.00254084406839952 0.00768078651253888 0 0
"старого" 0.0186968308871646 0.00301132257287401 0.0110232314603026 0.0108565845185105 0.00508168813679904 0.0153615730250778 0.0124316260566882 0.00515703161260378
"старой" 0.00934841544358231 0.0301132257287401 0.00826742359522694 0.0108565845185105 0.00254084406839952 0.0115211797688083 0.00621581302834411 0
"стояла" 0.031161384811941 0.00602264514574801 0.0165348471904539 0 0.0101633762735981 0.00384039325626944 0 0.0103140632252076
"товарищ" 0.0280452463307469 0.00602264514574801 0 0 0.0152450644103971 0 0.0124316260566882 0.0206281264504151
"удар" 0 0.0240905805829921 0.00275580786507565 0 0.0330309728891938 0.00768078651253888 0 0.00515703161260378
"узнал" 0.00934841544358231 0.00602264514574801 0.00275580786507565 0.0144754460246806 0.0152450644103971 0.0115211797688083 0.00621581302834411 0.0206281264504151
"явился" 0.0031161384811941 0.00602264514574801 0.0137790393253782 0.00361886150617016 0.00762253220519857 0 0.00932371954251616 0.0515703161260379
"бросился" 0.0124645539247764 0.00602264514574801 0.00551161573015129 0.0108565845185105 0.00762253220519857 0.0115211797688083 0.0155395325708603 0.0103140632252076
"будешь" 0.0031161384811941 0.00602264514574801 0.00826742359522694 0 0.0254084406839952 0.0153615730250778 0.00310790651417205 0.0154710948378114
"взор" 0.0031161384811941 0.00602264514574801 0.00275580786507565 0.0108565845185105 0.0304901288207943 0 0.00621581302834411 0.0154710948378114
"видом" 0.0186968308871646 0.00301132257287401 0.00551161573015129 0 0.0127042203419976 0.00768078651253888 0.0248632521133764 0
"внимания" 0.0124645539247764 0.012045290291496 0.0110232314603026 0.00723772301234032 0.00762253220519857 0.00768078651253888 0.0155395325708603 0
"вода" 0.0031161384811941 0.00602264514574801 0 0.00723772301234032 0.0152450644103971 0.0115211797688083 0.0310790651417205 0
"ге" 0.0249291078495528 0 0 0 0 0.0614462921003111 0 0
"грех" 0.0249291078495528 0.012045290291496 0.0165348471904539 0 0.00762253220519857 0.00384039325626944 0 0.0103140632252076
"деда" 0 0 0 0 0.00508168813679904 0.0806482583816583 0 0.00515703161260378
"добро" 0.0124645539247764 0 0.00275580786507565 0.00361886150617016 0.00508168813679904 0.0153615730250778 0.00621581302834411 0.0515703161260379
"духа" 0 0.00903396771862202 0.0110232314603026 0.00723772301234032 0.00762253220519857 0.00768078651253888 0.0248632521133764 0.0103140632252076
"зубы" 0.0155806924059705 0.012045290291496 0 0.00723772301234032 0.00762253220519857 0.0230423595376167 0.00932371954251616 0.00515703161260378
"ими" 0.00623227696238821 0.00602264514574801 0 0.00361886150617016 0.0127042203419976 0.00768078651253888 0.0310790651417205 0.0103140632252076
"колени" 0.0124645539247764 0.00301132257287401 0.0137790393253782 0.00361886150617016 0.0101633762735981 0 0.0155395325708603 0.0206281264504151
"кричал" 0.0155806924059705 0.00602264514574801 0.00826742359522694 0.00361886150617016 0.00254084406839952 0.0268827527938861 0 0.0257851580630189
"лесу" 0.0124645539247764 0.00602264514574801 0 0.0253320305431911 0.00762253220519857 0.0192019662813472 0.00310790651417205 0.0103140632252076
"любить" 0 0.00301132257287401 0.00275580786507565 0.0542829225925524 0.0127042203419976 0 0.00621581302834411 0
"мальчик" 0.0031161384811941 0 0.00551161573015129 0.0615206456048927 0.00762253220519857 0 0.00310790651417205 0
"молодые" 0.0124645539247764 0.00602264514574801 0.0248022707856808 0.0108565845185105 0 0 0.0155395325708603 0.00515703161260378
"мотри" 0.0747873235486585 0 0 0 0 0 0 0
"нос" 0.00934841544358231 0.018067935437244 0.0110232314603026 0.00723772301234032 0 0.0268827527938861 0 0.0103140632252076
"общества" 0 0.012045290291496 0 0 0.00508168813679904 0 0.055942317255097 0
"остался" 0.0155806924059705 0.00602264514574801 0.00551161573015129 0.0108565845185105 0.0152450644103971 0.00768078651253888 0.0124316260566882 0
"пан" 0 0 0 0 0 0.0921694381504666 0 0
"плечами" 0.00623227696238821 0.018067935437244 0.0303138865158321 0.0108565845185105 0.00254084406839952 0.00384039325626944 0 0
"полковник" 0 0 0 0 0.0609802576415885 0 0 0
"понял" 0 0.00301132257287401 0.0137790393253782 0.0289508920493613 0.00508168813679904 0 0.0217553455992044 0.00515703161260378
"последнее" 0.0186968308871646 0.00602264514574801 0.00551161573015129 0.0144754460246806 0.0101633762735981 0.00384039325626944 0.0124316260566882 0.00515703161260378
"последние" 0.0031161384811941 0.00903396771862202 0.00551161573015129 0.0144754460246806 0.00762253220519857 0.00384039325626944 0.0217553455992044 0.0154710948378114
"радость" 0.0155806924059705 0.00301132257287401 0.0110232314603026 0 0.0127042203419976 0.0115211797688083 0.00932371954251616 0.0154710948378114
"раздумье" 0.00623227696238821 0.018067935437244 0.0165348471904539 0.0180943075308508 0.00254084406839952 0.0153615730250778 0 0
"ребята" 0.059206631142688 0.00602264514574801 0 0 0 0.00768078651253888 0 0.00515703161260378
"решился" 0 0.00903396771862202 0.0110232314603026 0.00361886150617016 0.0228675966155957 0.0153615730250778 0.00932371954251616 0
"рублей" 0.00934841544358231 0.018067935437244 0.0303138865158321 0.0108565845185105 0 0.00384039325626944 0 0
"ружье" 0.0031161384811941 0 0.00275580786507565 0.00361886150617016 0.05335772543639 0 0 0
"сего" 0.0031161384811941 0.012045290291496 0.00826742359522694 0 0.00254084406839952 0.0153615730250778 0.0310790651417205 0.00515703161260378
"сильнее" 0.0218129693683587 0.00602264514574801 0 0.0144754460246806 0.0101633762735981 0.00768078651253888 0.0124316260566882 0.00515703161260378
"скажите" 0 0.01505661286437 0.0220464629206052 0.021713169037021 0.00254084406839952 0.00384039325626944 0.00621581302834411 0.00515703161260378
"следует" 0.0031161384811941 0.0240905805829921 0.0165348471904539 0.00361886150617016 0.00254084406839952 0.00768078651253888 0.00932371954251616 0.0103140632252076
"слушал" 0.00934841544358231 0.00301132257287401 0.0110232314603026 0.0180943075308508 0.00508168813679904 0.0115211797688083 0.00621581302834411 0.0206281264504151
"сомнения" 0.00623227696238821 0.012045290291496 0.00275580786507565 0.00361886150617016 0.0127042203419976 0.0153615730250778 0.0217553455992044 0
"сразу" 0.0031161384811941 0.01505661286437 0.0110232314603026 0.0470451995802121 0.00254084406839952 0 0 0
"старухи" 0.0124645539247764 0.0391471934473621 0.00826742359522694 0 0.00254084406839952 0.00768078651253888 0 0.00515703161260378
"степени" 0 0.012045290291496 0.00275580786507565 0 0.00762253220519857 0 0.0497265042267529 0
"углу" 0.0249291078495528 0.018067935437244 0 0.00723772301234032 0.00254084406839952 0.00768078651253888 0.00621581302834411 0.0154710948378114
"хлеб" 0.0186968308871646 0 0.00275580786507565 0.0108565845185105 0.0152450644103971 0.0153615730250778 0.00932371954251616 0.00515703161260378
"яков" 0 0.00903396771862202 0.0578719651665886 0 0 0 0 0
"близко" 0.00623227696238821 0.00602264514574801 0.00275580786507565 0.0144754460246806 0.0127042203419976 0.0115211797688083 0.0155395325708603 0.00515703161260378
"бориса" 0 0 0 0 0 0 0 0.118611727089887
"бросил" 0.0124645539247764 0.00903396771862202 0.00551161573015129 0.0180943075308508 0.0203267525471962 0 0 0.00515703161260378
"везде" 0 0.00602264514574801 0.00275580786507565 0.0108565845185105 0.0127042203419976 0.00384039325626944 0.0248632521133764 0.0154710948378114
"видал" 0.0124645539247764 0.00602264514574801 0.00551161573015129 0.0144754460246806 0.00762253220519857 0.0115211797688083 0.00932371954251616 0.0103140632252076
"видимому" 0.0218129693683587 0.021079258010118 0.0110232314603026 0 0 0 0.0124316260566882 0.00515703161260378
"возьми" 0.0218129693683587 0.012045290291496 0.00275580786507565 0.00361886150617016 0 0.0192019662813472 0 0.0257851580630189
"впереди" 0.00934841544358231 0.00301132257287401 0.00826742359522694 0.0180943075308508 0.0177859084787967 0.00384039325626944 0 0.0154710948378114
"вскоре" 0.0405098002555234 0.00903396771862202 0.00551161573015129 0 0 0 0.0155395325708603 0
"встал" 0.0031161384811941 0.00602264514574801 0.0192906550555295 0.0144754460246806 0.0101633762735981 0.00384039325626944 0.00310790651417205 0.0154710948378114
"году" 0 0.00903396771862202 0.00551161573015129 0.0108565845185105 0.0228675966155957 0.0192019662813472 0.00310790651417205 0
"господин" 0.0031161384811941 0.012045290291496 0.0275580786507565 0.00723772301234032 0.00508168813679904 0 0 0.0206281264504151
"гостя" 0 0.00301132257287401 0.0165348471904539 0 0.0304901288207943 0.00768078651253888 0 0.0103140632252076
"добрые" 0.0249291078495528 0 0.00551161573015129 0.00723772301234032 0.00762253220519857 0.0153615730250778 0.00310790651417205 0.0154710948378114
"дому" 0.0186968308871646 0 0.0110232314603026 0.0108565845185105 0.0101633762735981 0.0153615730250778 0.00310790651417205 0.00515703161260378
"елена" 0 0 0 0.0832338146419137 0 0 0 0
"зная" 0.00623227696238821 0.00301132257287401 0.0110232314603026 0.00723772301234032 0.0254084406839952 0 0.00621581302834411 0.0103140632252076
"ильинишна" 0 0 0 0.0832338146419137 0 0 0 0
"иной" 0.0124645539247764 0 0 0.0180943075308508 0.00508168813679904 0.0307231460501555 0.00310790651417205 0.0154710948378114
"каждым" 0.0031161384811941 0.00903396771862202 0.00826742359522694 0.0144754460246806 0.0203267525471962 0 0.0124316260566882 0
"камень" 0.0124645539247764 0.00301132257287401 0 0.00361886150617016 0.0127042203419976 0.0115211797688083 0.0248632521133764 0.00515703161260378
"конца" 0.0031161384811941 0.00301132257287401 0.00551161573015129 0.0180943075308508 0.00762253220519857 0.0115211797688083 0.0186474390850323 0.0103140632252076
"крови" 0 0 0 0.00723772301234032 0.0330309728891938 0.0115211797688083 0.00621581302834411 0.0154710948378114
"кровью" 0.0031161384811941 0 0.00275580786507565 0 0.0482760372995909 0.00384039325626944 0.00310790651417205 0
"ласково" 0.0031161384811941 0.00301132257287401 0.0165348471904539 0.0180943075308508 0.00508168813679904 0.00384039325626944 0 0.0360992212882265
"мире" 0 0.00602264514574801 0.00826742359522694 0.0144754460246806 0 0 0.0372948781700646 0.0103140632252076
"настеньке" 0 0 0.0633835808967399 0 0 0 0 0
"начали" 0.0124645539247764 0 0.0192906550555295 0 0.00508168813679904 0.0268827527938861 0.00310790651417205 0.0103140632252076
"небе" 0.0124645539247764 0 0 0.00361886150617016 0.0152450644103971 0.0192019662813472 0.00932371954251616 0.0206281264504151
"отдать" 0.00623227696238821 0.01505661286437 0.00826742359522694 0.00361886150617016 0.0101633762735981 0.00768078651253888 0.00621581302834411 0.0206281264504151
"парубок" 0 0 0 0 0 0.0883290448941972 0 0
"первой" 0.0124645539247764 0.012045290291496 0.0137790393253782 0.00361886150617016 0.0101633762735981 0.00384039325626944 0.00621581302834411 0.0103140632252076
"петру" 0.0031161384811941 0.00602264514574801 0.0523603494364373 0 0 0.00384039325626944 0 0
"письма" 0 0.00903396771862202 0.00551161573015129 0.0398074765678718 0.0127042203419976 0 0.00310790651417205 0.00515703161260378
"пить" 0.0186968308871646 0.012045290291496 0.0165348471904539 0.00723772301234032 0.0127042203419976 0 0 0
"полковника" 0 0 0 0 0.058439413573189 0 0 0
"помещик" 0.0031161384811941 0 0.0165348471904539 0.0579017840987225 0 0 0 0
"приехал" 0.0124645539247764 0.00301132257287401 0.0165348471904539 0.00361886150617016 0.0101633762735981 0.00384039325626944 0 0.0309421896756227
"пришла" 0.0249291078495528 0.01505661286437 0.00551161573015129 0.0108565845185105 0.00254084406839952 0.00768078651253888 0 0.0103140632252076
"пришло" 0.031161384811941 0.00602264514574801 0 0.0108565845185105 0 0.00768078651253888 0.0186474390850323 0
"ребенка" 0.0124645539247764 0.021079258010118 0.00551161573015129 0.021713169037021 0.00508168813679904 0 0.00621581302834411 0
"речь" 0.00934841544358231 0.00602264514574801 0.00275580786507565 0 0.0127042203419976 0.0153615730250778 0.0217553455992044 0.00515703161260378
"роман" 0 0.012045290291496 0.0330696943809078 0.00723772301234032 0.00254084406839952 0.00384039325626944 0 0.0154710948378114
"сидели" 0.0218129693683587 0.00602264514574801 0.0110232314603026 0.00723772301234032 0.00254084406839952 0.00768078651253888 0 0.0257851580630189
"случай" 0.00934841544358231 0.021079258010118 0.00826742359522694 0.0108565845185105 0.00254084406839952 0.0153615730250778 0.00310790651417205 0.00515703161260378
"случалось" 0.00623227696238821 0.01505661286437 0.0110232314603026 0.0144754460246806 0.00762253220519857 0.0192019662813472 0 0
"смерти" 0.0031161384811941 0.00301132257287401 0 0 0.0279492847523947 0.00384039325626944 0.0217553455992044 0.0103140632252076
"старался" 0.00934841544358231 0.018067935437244 0.0110232314603026 0.00361886150617016 0.00508168813679904 0.00768078651253888 0.0124316260566882 0.00515703161260378
"таком" 0.00623227696238821 0.00602264514574801 0.0110232314603026 0.0108565845185105 0.0152450644103971 0.00384039325626944 0.0155395325708603 0
"такую" 0.00623227696238821 0.00602264514574801 0 0.0144754460246806 0.0177859084787967 0.0230423595376167 0.00310790651417205 0.00515703161260378
"тени" 0.00934841544358231 0 0.00551161573015129 0.0180943075308508 0.0127042203419976 0.00384039325626944 0.0186474390850323 0.00515703161260378
"тень" 0.00623227696238821 0.00301132257287401 0.0220464629206052 0 0.0101633762735981 0.0192019662813472 0 0.0154710948378114
"трех" 0.0186968308871646 0.0240905805829921 0.00551161573015129 0.00723772301234032 0.00762253220519857 0 0 0.0103140632252076
"утро" 0.0186968308871646 0.00903396771862202 0.0137790393253782 0.00361886150617016 0.0127042203419976 0.00384039325626944 0.00310790651417205 0.00515703161260378
"хлеба" 0.0155806924059705 0.00903396771862202 0.0192906550555295 0.00361886150617016 0 0.0192019662813472 0.00310790651417205 0.00515703161260378
"ходит" 0.00623227696238821 0 0.0165348471904539 0.021713169037021 0.0101633762735981 0.00384039325626944 0.00621581302834411 0.0103140632252076
"хошь" 0.0623227696238821 0 0.00826742359522694 0 0 0 0 0
"цыган" 0.0342775232931351 0 0 0 0 0.0460847190752333 0 0
"черевик" 0 0 0 0 0 0.0883290448941972 0 0
"будете" 0 0.00602264514574801 0.0192906550555295 0.0144754460246806 0.00254084406839952 0.00768078651253888 0.0124316260566882 0.0103140632252076
"васильич" 0 0 0.0606277730316642 0 0 0 0 0
"вашему" 0.00623227696238821 0.00903396771862202 0.0220464629206052 0 0 0.0115211797688083 0.0155395325708603 0.00515703161260378
"ведьма" 0.0031161384811941 0 0 0 0 0.0806482583816583 0 0
"виктор" 0 0 0 0 0 0 0.0683739433117852 0
"вина" 0.00934841544358231 0.00602264514574801 0 0 0.0254084406839952 0 0.0217553455992044 0
"володя" 0 0 0 0.0796149531357435 0 0 0 0
"выходит" 0.0031161384811941 0.018067935437244 0.00551161573015129 0.0289508920493613 0.00254084406839952 0.00768078651253888 0.00310790651417205 0.00515703161260378
"говоря" 0 0.00301132257287401 0.0303138865158321 0 0.00508168813679904 0.0192019662813472 0.00621581302834411 0.00515703161260378
"годы" 0.0031161384811941 0.00602264514574801 0.00275580786507565 0.0180943075308508 0.00254084406839952 0.00384039325626944 0.0217553455992044 0.0206281264504151
"громко" 0.00934841544358231 0 0.00551161573015129 0.00723772301234032 0.00762253220519857 0.0115211797688083 0.00621581302834411 0.0360992212882265
"двумя" 0.0124645539247764 0.00903396771862202 0.00551161573015129 0.00361886150617016 0.0152450644103971 0.00768078651253888 0.00932371954251616 0.00515703161260378
"днем" 0 0.012045290291496 0.0110232314603026 0.0144754460246806 0.00762253220519857 0.00768078651253888 0.0124316260566882 0.00515703161260378
"ермолай" 0.0685550465862703 0 0 0 0 0 0 0
"живут" 0.0249291078495528 0 0.0137790393253782 0 0.00254084406839952 0.0115211797688083 0.0124316260566882 0.00515703161260378
"заметила" 0.00934841544358231 0.01505661286437 0.0330696943809078 0.00723772301234032 0 0 0 0
"знамо" 0.0685550465862703 0 0 0 0 0 0 0
"извольте" 0.00623227696238821 0.01505661286437 0.0358255022459834 0.00361886150617016 0 0.00384039325626944 0 0
"кум" 0.00623227696238821 0 0 0 0 0.0768078651253888 0 0
"москвы" 0 0 0.0110232314603026 0 0 0 0 0.0928265690268681
"мужиков" 0.059206631142688 0 0 0.00723772301234032 0 0.00384039325626944 0 0
"мужчина" 0.00623227696238821 0.018067935437244 0.0165348471904539 0.0180943075308508 0.00254084406839952 0 0.00310790651417205 0.00515703161260378
"невозможно" 0 0.01505661286437 0.0110232314603026 0.00361886150617016 0.0101633762735981 0.00384039325626944 0.0186474390850323 0.00515703161260378
"некоторое" 0 0.0240905805829921 0.0303138865158321 0.00361886150617016 0 0 0.00621581302834411 0
"никакой" 0.0124645539247764 0.00602264514574801 0.00551161573015129 0.00723772301234032 0.0152450644103971 0.00384039325626944 0.0155395325708603 0
"огня" 0 0.00301132257287401 0.0110232314603026 0 0.0101633762735981 0.0268827527938861 0.00932371954251616 0.0154710948378114
"отправился" 0.0031161384811941 0.00301132257287401 0.0165348471904539 0.0180943075308508 0.00508168813679904 0.0192019662813472 0.00310790651417205 0.00515703161260378
"отчасти" 0.0031161384811941 0.0361358708744881 0.0165348471904539 0.0108565845185105 0 0 0 0
"пойдет" 0.0218129693683587 0.00602264514574801 0.00826742359522694 0.0108565845185105 0.00762253220519857 0.0153615730250778 0 0
"покуда" 0.0031161384811941 0 0.0275580786507565 0 0.0279492847523947 0 0 0
"половину" 0.00623227696238821 0.0391471934473621 0.00551161573015129 0.00361886150617016 0 0 0.0124316260566882 0
"поспешно" 0.0218129693683587 0.018067935437244 0 0 0 0.00768078651253888 0.00310790651417205 0.0309421896756227
"принялся" 0.0155806924059705 0.018067935437244 0.00275580786507565 0 0 0.0192019662813472 0.0124316260566882 0.00515703161260378
"природа" 0 0 0 0.00723772301234032 0.0152450644103971 0 0.0404027846842367 0.00515703161260378
"род" 0 0 0 0.00361886150617016 0.00254084406839952 0.0422443258189639 0.0155395325708603 0.0206281264504151
"скучно" 0 0 0.0110232314603026 0.0180943075308508 0.00254084406839952 0.0153615730250778 0.0248632521133764 0
"смех" 0.0031161384811941 0 0 0.0289508920493613 0.00254084406839952 0.0307231460501555 0.00932371954251616 0.00515703161260378
"сон" 0.00623227696238821 0.00602264514574801 0 0.0144754460246806 0.00762253220519857 0.0268827527938861 0.00621581302834411 0.0103140632252076
"состоянии" 0.0031161384811941 0.012045290291496 0.0165348471904539 0.00361886150617016 0.00254084406839952 0.00768078651253888 0.0217553455992044 0
"стану" 0.0155806924059705 0.00903396771862202 0.00551161573015129 0.00723772301234032 0.0101633762735981 0.0115211797688083 0.00310790651417205 0.0103140632252076
"старые" 0 0.01505661286437 0 0.0180943075308508 0.0101633762735981 0.0115211797688083 0.0155395325708603 0
"толпе" 0.0436259387367175 0 0 0 0.00254084406839952 0.00384039325626944 0.00621581302834411 0.0206281264504151
"улыбкой" 0.0031161384811941 0.0331245483016141 0.0137790393253782 0 0 0.00384039325626944 0.0124316260566882 0
"хату" 0 0 0 0 0 0.0844886516379277 0 0
"ходить" 0.0031161384811941 0.012045290291496 0.0248022707856808 0.00361886150617016 0.00508168813679904 0.00384039325626944 0.00621581302834411 0.0103140632252076
"i" 0.0031161384811941 0.00301132257287401 0.00551161573015129 0 0.00254084406839952 0.0230423595376167 0.0341869716558926 0
"берега" 0.0124645539247764 0 0 0.00723772301234032 0.0279492847523947 0.00768078651253888 0 0.0103140632252076
"весело" 0.0031161384811941 0 0.00826742359522694 0.0289508920493613 0.00762253220519857 0.0115211797688083 0.00310790651417205 0.0103140632252076
"видели" 0 0 0.0165348471904539 0.0144754460246806 0.00762253220519857 0.00384039325626944 0.00932371954251616 0.0206281264504151
"возразила" 0.0031161384811941 0.018067935437244 0.0303138865158321 0 0.00508168813679904 0 0.00310790651417205 0
"вынул" 0.00623227696238821 0.018067935437244 0.00551161573015129 0.00361886150617016 0.00762253220519857 0.0115211797688083 0.00932371954251616 0.00515703161260378
"глядел" 0.0218129693683587 0.00602264514574801 0.00826742359522694 0.00723772301234032 0.00508168813679904 0.0153615730250778 0 0.00515703161260378
"гляди" 0.031161384811941 0.021079258010118 0 0 0.00254084406839952 0.0115211797688083 0 0
"даром" 0.0186968308871646 0.00301132257287401 0.00275580786507565 0.0108565845185105 0.0127042203419976 0.0115211797688083 0.00621581302834411 0
"деньгами" 0.0124645539247764 0.018067935437244 0.00551161573015129 0 0.00254084406839952 0.00384039325626944 0.0155395325708603 0.0103140632252076
"деревни" 0.0249291078495528 0.00602264514574801 0 0.0180943075308508 0.0152450644103971 0 0 0
"деятельность" 0 0.00903396771862202 0 0.0108565845185105 0.00254084406839952 0 0.0435106911984088 0
"заключил" 0 0.021079258010118 0.0330696943809078 0 0.00254084406839952 0.00384039325626944 0 0
"земля" 0 0 0 0 0.00762253220519857 0.0153615730250778 0.0186474390850323 0.0412562529008303
"иваныча" 0 0 0 0.0759960916295733 0 0 0 0
"избу" 0.059206631142688 0 0 0.00361886150617016 0 0.00384039325626944 0 0
"имени" 0.0031161384811941 0.0240905805829921 0 0.00361886150617016 0.0127042203419976 0 0.00932371954251616 0.0154710948378114
"ль" 0 0.00602264514574801 0 0.0180943075308508 0.0203267525471962 0.00384039325626944 0.00310790651417205 0.0206281264504151
"любят" 0 0.00903396771862202 0.00826742359522694 0.0361886150617016 0.00508168813679904 0.00384039325626944 0.00621581302834411 0
"людям" 0.00623227696238821 0 0.0137790393253782 0.0144754460246806 0.00508168813679904 0.0153615730250778 0.0124316260566882 0
"милый" 0 0.018067935437244 0.00826742359522694 0.00361886150617016 0.0152450644103971 0.00768078651253888 0 0.0154710948378114
"многое" 0 0.00602264514574801 0.0137790393253782 0.00361886150617016 0.00762253220519857 0 0.0279711586275485 0.00515703161260378
"моему" 0 0.00602264514574801 0.0220464629206052 0.00361886150617016 0.0127042203419976 0.00384039325626944 0.0124316260566882 0
"молодая" 0 0.012045290291496 0.0192906550555295 0.00361886150617016 0.00508168813679904 0.0153615730250778 0.00621581302834411 0.00515703161260378
"молодых" 0.0031161384811941 0.00602264514574801 0.00826742359522694 0.0144754460246806 0.00254084406839952 0.0153615730250778 0.0186474390850323 0
"молчал" 0.0031161384811941 0.00301132257287401 0.0192906550555295 0.0253320305431911 0 0.00384039325626944 0 0.0206281264504151
"мыслей" 0 0.00602264514574801 0.00275580786507565 0.0108565845185105 0.00762253220519857 0 0.0372948781700646 0
"называется" 0 0.0240905805829921 0.00551161573015129 0.00723772301234032 0.00508168813679904 0.00384039325626944 0.0124316260566882 0.0103140632252076
"науки" 0 0.00301132257287401 0 0.00361886150617016 0 0 0.059050223769269 0
"наша" 0.0124645539247764 0.00602264514574801 0 0 0.0127042203419976 0.0115211797688083 0.0155395325708603 0.0103140632252076
"нашим" 0 0.00301132257287401 0.00551161573015129 0.00361886150617016 0.00508168813679904 0.0153615730250778 0.0310790651417205 0.00515703161260378
"ничто" 0.00934841544358231 0.00602264514574801 0 0.00723772301234032 0.00508168813679904 0.00768078651253888 0.0186474390850323 0.0206281264504151
"нового" 0 0.00602264514574801 0.0137790393253782 0 0.0127042203419976 0.00768078651253888 0.0186474390850323 0.00515703161260378
"ныне" 0 0.00903396771862202 0 0.0180943075308508 0.00762253220519857 0 0.0186474390850323 0.0206281264504151
"остаться" 0 0.018067935437244 0 0.0180943075308508 0.0101633762735981 0.0153615730250778 0.00621581302834411 0
"отношения" 0.0031161384811941 0.018067935437244 0.0110232314603026 0.0361886150617016 0 0 0 0
"петро" 0 0 0 0 0 0.0806482583816583 0 0
"погоди" 0.0467420772179116 0.00602264514574801 0.0110232314603026 0 0 0 0 0
"подтвердил" 0 0.00602264514574801 0.0523603494364373 0 0 0 0 0
"посмотреть" 0.0031161384811941 0 0.00826742359522694 0.0144754460246806 0.00762253220519857 0.0192019662813472 0.0124316260566882 0.00515703161260378
"прекрасно" 0 0.00602264514574801 0.0358255022459834 0.00361886150617016 0.00254084406839952 0 0.0124316260566882 0
"родной" 0.0218129693683587 0 0.0110232314603026 0.00361886150617016 0.0127042203419976 0.0153615730250778 0 0
"ростислав" 0 0 0 0 0 0 0.0652660367976131 0
"сад" 0 0 0.0110232314603026 0.021713169037021 0.00254084406839952 0.00768078651253888 0.00932371954251616 0.0257851580630189
"сердцу" 0.00934841544358231 0.00301132257287401 0 0.00361886150617016 0.0254084406839952 0.0115211797688083 0.00932371954251616 0
"слезами" 0.0218129693683587 0.00301132257287401 0.0110232314603026 0 0.0127042203419976 0.00768078651253888 0.00310790651417205 0.00515703161260378
"страдания" 0 0.00301132257287401 0 0 0 0 0.0621581302834411 0
"страсти" 0.0031161384811941 0.00301132257287401 0.00826742359522694 0.00361886150617016 0.0101633762735981 0 0.0248632521133764 0.0154710948378114
"ужасно" 0 0 0.0358255022459834 0 0.0101633762735981 0 0.0124316260566882 0
"указал" 0.0342775232931351 0.00903396771862202 0 0 0.00762253220519857 0 0.00621581302834411 0.0103140632252076
"управляющего" 0.0560904926614939 0.00602264514574801 0 0.00361886150617016 0 0 0 0
"утра" 0.00623227696238821 0.01505661286437 0.0165348471904539 0 0.00508168813679904 0.0153615730250778 0.00310790651417205 0.00515703161260378
"хорошенько" 0.00623227696238821 0.00602264514574801 0.00551161573015129 0.0108565845185105 0.00508168813679904 0.0384039325626944 0 0
"хотела" 0.00623227696238821 0.012045290291496 0.0137790393253782 0.021713169037021 0 0.00768078651253888 0.00310790651417205 0.00515703161260378
"хотели" 0 0.00301132257287401 0.00551161573015129 0.00361886150617016 0.00762253220519857 0.0153615730250778 0.0155395325708603 0.0257851580630189
"часу" 0.00623227696238821 0.018067935437244 0.0165348471904539 0.00361886150617016 0.00254084406839952 0.00384039325626944 0.0124316260566882 0
"ай" 0.0124645539247764 0.00903396771862202 0.0110232314603026 0.0144754460246806 0 0.0192019662813472 0 0
"алла" 0 0 0 0 0.0482760372995909 0 0 0.00515703161260378
"больная" 0 0.0511924837388581 0.00826742359522694 0 0 0 0 0
"бояре" 0 0 0 0 0 0 0 0.103140632252076
"брату" 0.0155806924059705 0 0.0192906550555295 0.00361886150617016 0.00508168813679904 0.0115211797688083 0 0.0103140632252076
"варвара" 0.0623227696238821 0 0 0 0 0 0 0
"ваш" 0.00623227696238821 0.00903396771862202 0.0303138865158321 0 0.00508168813679904 0 0.00621581302834411 0
"вверх" 0.0031161384811941 0.00602264514574801 0.00826742359522694 0 0.0177859084787967 0.0230423595376167 0.00310790651417205 0
"века" 0.0031161384811941 0 0 0 0.00508168813679904 0 0.0372948781700646 0.0257851580630189
"великого" 0 0.00301132257287401 0 0 0.0101633762735981 0.00768078651253888 0.0124316260566882 0.0464132845134341
"вечно" 0.0031161384811941 0.012045290291496 0.00826742359522694 0.0108565845185105 0.0101633762735981 0.0115211797688083 0.00621581302834411 0
"видите" 0.00623227696238821 0.00301132257287401 0.00551161573015129 0.0180943075308508 0.0152450644103971 0 0.0124316260566882 0
"временам" 0 0.021079258010118 0.0192906550555295 0 0.00508168813679904 0.0115211797688083 0.00310790651417205 0
"вроде" 0 0.018067935437244 0.0330696943809078 0 0.00254084406839952 0.00384039325626944 0 0
"вымолвил" 0.0560904926614939 0 0 0 0.00254084406839952 0 0.00310790651417205 0
"годнев" 0 0 0.0551161573015129 0 0 0 0 0
"гости" 0.0031161384811941 0.00301132257287401 0.00826742359522694 0.0108565845185105 0.0127042203419976 0.0192019662813472 0 0.0103140632252076
"грустно" 0.00623227696238821 0.00903396771862202 0.0192906550555295 0.0108565845185105 0.00508168813679904 0.00384039325626944 0.00621581302834411 0
"деятельности" 0.0031161384811941 0.01505661286437 0.00275580786507565 0.00361886150617016 0 0 0.0372948781700646 0
"дни" 0 0.00602264514574801 0.00826742359522694 0.0144754460246806 0.00762253220519857 0.00768078651253888 0.00310790651417205 0.0257851580630189
"доброго" 0.00623227696238821 0.00301132257287401 0 0.00723772301234032 0.0152450644103971 0.0153615730250778 0.00621581302834411 0.0154710948378114
"должна" 0.0031161384811941 0.01505661286437 0.0110232314603026 0.00723772301234032 0.00254084406839952 0 0.0186474390850323 0.00515703161260378
"дочка" 0.0031161384811941 0.00903396771862202 0.00826742359522694 0 0 0.0422443258189639 0 0.0103140632252076
"другими" 0.00623227696238821 0.00301132257287401 0.00826742359522694 0.00361886150617016 0 0.0115211797688083 0.0310790651417205 0
"думали" 0.0218129693683587 0.00301132257287401 0.00826742359522694 0.00361886150617016 0.00254084406839952 0.00384039325626944 0.00621581302834411 0.0206281264504151
"звуки" 0.0031161384811941 0.00602264514574801 0 0.0108565845185105 0.00508168813679904 0.0115211797688083 0.0217553455992044 0.0103140632252076
"знали" 0 0.00903396771862202 0.0137790393253782 0.0108565845185105 0 0.00384039325626944 0.00621581302834411 0.0309421896756227
"золото" 0 0 0 0 0.0101633762735981 0.0115211797688083 0.00621581302834411 0.0567273477386416
"избы" 0.059206631142688 0 0 0.00361886150617016 0 0 0 0
"княжны" 0 0.0602264514574801 0 0 0 0 0 0
"легче" 0.00623227696238821 0.00903396771862202 0.00275580786507565 0.0108565845185105 0.0127042203419976 0.0115211797688083 0.00621581302834411 0.00515703161260378
"мгновение" 0.0186968308871646 0.00602264514574801 0 0 0.0101633762735981 0.0115211797688083 0.0124316260566882 0.00515703161260378
"михайлычу" 0 0 0.0551161573015129 0 0 0 0 0
"можете" 0 0.01505661286437 0.0192906550555295 0.0144754460246806 0 0 0.0124316260566882 0
"народу" 0.031161384811941 0.00301132257287401 0 0 0.00508168813679904 0.0230423595376167 0 0.00515703161260378
"недавно" 0.00623227696238821 0 0.00551161573015129 0.0108565845185105 0.0101633762735981 0.00384039325626944 0.0186474390850323 0.0103140632252076
"ниже" 0.0031161384811941 0.00301132257287401 0.00826742359522694 0.00723772301234032 0.0254084406839952 0.00384039325626944 0.00310790651417205 0.00515703161260378
"облака" 0.0031161384811941 0 0.00275580786507565 0.0144754460246806 0.0203267525471962 0.00768078651253888 0.0124316260566882 0
"остается" 0 0.00903396771862202 0.00275580786507565 0.0108565845185105 0.00508168813679904 0 0.0248632521133764 0.0154710948378114
"ответила" 0 0.0301132257287401 0.00275580786507565 0.0325697535555314 0 0 0 0
"отцу" 0.00934841544358231 0.00301132257287401 0.0220464629206052 0.0108565845185105 0.00254084406839952 0.0115211797688083 0 0.00515703161260378
"памяти" 0.0031161384811941 0.00301132257287401 0.00275580786507565 0.00361886150617016 0.0203267525471962 0.0153615730250778 0.00932371954251616 0.00515703161260378
"плечи" 0.0280452463307469 0.00301132257287401 0.00551161573015129 0.00723772301234032 0.00762253220519857 0.00384039325626944 0.00621581302834411 0
"пойдемте" 0.0280452463307469 0.00301132257287401 0.00275580786507565 0.021713169037021 0 0.00768078651253888 0.00310790651417205 0
"показалось" 0.00623227696238821 0.00602264514574801 0.00551161573015129 0.00723772301234032 0.00762253220519857 0.0153615730250778 0.0155395325708603 0
"поклонился" 0.0031161384811941 0.012045290291496 0.0248022707856808 0.00723772301234032 0.00254084406839952 0 0 0.0154710948378114
"пользу" 0 0.00903396771862202 0.00275580786507565 0.00361886150617016 0.00254084406839952 0.00384039325626944 0.0372948781700646 0.00515703161260378
"пользы" 0 0.00903396771862202 0.00275580786507565 0.0108565845185105 0.00762253220519857 0 0.0279711586275485 0.00515703161260378
"понять" 0 0.00602264514574801 0.00826742359522694 0.0325697535555314 0.00508168813679904 0.00384039325626944 0.00621581302834411 0.00515703161260378
"пору" 0.031161384811941 0.00602264514574801 0 0 0.00762253220519857 0.0153615730250778 0.00310790651417205 0
"последнего" 0.0031161384811941 0.018067935437244 0.0110232314603026 0.00361886150617016 0.0101633762735981 0.00384039325626944 0.00621581302834411 0.00515703161260378
"придет" 0 0.00301132257287401 0.0192906550555295 0.00723772301234032 0.0101633762735981 0.00384039325626944 0.00621581302834411 0.0154710948378114
"принял" 0.0155806924059705 0.00602264514574801 0.00826742359522694 0.0108565845185105 0.0127042203419976 0 0.00310790651417205 0.00515703161260378
"пристально" 0.0218129693683587 0.00301132257287401 0.0137790393253782 0.00723772301234032 0.00508168813679904 0.00384039325626944 0.00310790651417205 0.00515703161260378
"произведения" 0 0 0.00551161573015129 0 0 0 0.0497265042267529 0.0103140632252076
"радости" 0 0.00602264514574801 0.00826742359522694 0.00361886150617016 0.00762253220519857 0.0192019662813472 0.0155395325708603 0.00515703161260378
"рот" 0.00934841544358231 0.00301132257287401 0 0.00361886150617016 0.00762253220519857 0.0384039325626944 0 0.0103140632252076
"руке" 0.0031161384811941 0 0.00275580786507565 0.0144754460246806 0.0127042203419976 0.0153615730250778 0 0.0257851580630189
"самым" 0.0031161384811941 0.01505661286437 0.0110232314603026 0 0.0101633762735981 0.0153615730250778 0.00621581302834411 0
"скорей" 0.0280452463307469 0 0.0137790393253782 0 0.0101633762735981 0.00768078651253888 0 0
"слышу" 0.00623227696238821 0 0.00551161573015129 0 0.00762253220519857 0.0115211797688083 0.0279711586275485 0.00515703161260378
"совести" 0.0031161384811941 0.00903396771862202 0 0.0180943075308508 0.00762253220519857 0.00384039325626944 0.0124316260566882 0.0154710948378114
"спрашивал" 0 0.00602264514574801 0.0220464629206052 0.0180943075308508 0 0 0.0124316260566882 0.00515703161260378
"схватил" 0 0.00301132257287401 0.0110232314603026 0.00361886150617016 0.0101633762735981 0.034563539306425 0 0.00515703161260378
"товарища" 0.0280452463307469 0.00301132257287401 0.00275580786507565 0 0.0203267525471962 0.00384039325626944 0 0
"тысяч" 0 0.021079258010118 0.00826742359522694 0.00361886150617016 0.0127042203419976 0.00384039325626944 0.00932371954251616 0
"тысячи" 0 0.00301132257287401 0 0.0144754460246806 0.0177859084787967 0 0.0217553455992044 0.00515703161260378
"улицам" 0 0 0.00551161573015129 0 0.00762253220519857 0.0460847190752333 0.00310790651417205 0.0103140632252076
"упал" 0.0031161384811941 0 0.00275580786507565 0 0.0304901288207943 0.0153615730250778 0.00621581302834411 0
"характер" 0 0.0361358708744881 0.00551161573015129 0.0180943075308508 0 0 0.00310790651417205 0
"худо" 0.00623227696238821 0 0 0.0253320305431911 0.0152450644103971 0.0115211797688083 0.00310790651417205 0.00515703161260378
"черта" 0.00623227696238821 0.00301132257287401 0 0 0.00762253220519857 0.0460847190752333 0.00621581302834411 0
"эка" 0.0498582156991057 0.00301132257287401 0.00275580786507565 0.00361886150617016 0.00254084406839952 0 0 0
"ярославец" 0.0529743541802998 0.00903396771862202 0 0 0 0 0 0
"ii" 0.0031161384811941 0.00301132257287401 0.00551161573015129 0 0.00254084406839952 0.00768078651253888 0.0404027846842367 0
"автор" 0 0 0.0165348471904539 0.0108565845185105 0.0177859084787967 0 0.00621581302834411 0.00515703161260378
"барин" 0.0218129693683587 0.018067935437244 0.00551161573015129 0.00723772301234032 0.00254084406839952 0 0 0.00515703161260378
"бумаги" 0 0.021079258010118 0.0110232314603026 0.00723772301234032 0 0.00384039325626944 0.00932371954251616 0.0103140632252076
"бывал" 0.00934841544358231 0.00602264514574801 0.0165348471904539 0.00723772301234032 0.00508168813679904 0.00384039325626944 0.00310790651417205 0.0103140632252076
"вашу" 0 0.00301132257287401 0.0220464629206052 0.0108565845185105 0.00508168813679904 0.00768078651253888 0.00621581302834411 0.00515703161260378
"вдали" 0 0 0 0.00361886150617016 0.0254084406839952 0 0.00621581302834411 0.0309421896756227
"великий" 0 0 0.0110232314603026 0 0.00254084406839952 0.00384039325626944 0.0155395325708603 0.0412562529008303
"вести" 0.00934841544358231 0.00602264514574801 0 0.0108565845185105 0.0101633762735981 0.00768078651253888 0.00932371954251616 0.0103140632252076
"вечером" 0 0.012045290291496 0.0192906550555295 0.00723772301234032 0.00508168813679904 0.00768078651253888 0.00310790651417205 0.00515703161260378
"всякой" 0.00934841544358231 0.018067935437244 0 0.0144754460246806 0.00254084406839952 0.0115211797688083 0.00621581302834411 0
"генеральши" 0 0.018067935437244 0.0358255022459834 0 0 0 0 0
"гор" 0 0 0 0.00361886150617016 0.0406535050943924 0 0.00310790651417205 0.00515703161260378
"городничий" 0 0 0.0523603494364373 0 0 0 0 0
"губы" 0.0124645539247764 0.012045290291496 0.00551161573015129 0.0108565845185105 0.00254084406839952 0.0153615730250778 0 0.00515703161260378
"дает" 0.00934841544358231 0.00602264514574801 0.00275580786507565 0.00361886150617016 0.0127042203419976 0 0.0124316260566882 0.0154710948378114
"дайте" 0.00623227696238821 0.00301132257287401 0.00275580786507565 0.0289508920493613 0.0101633762735981 0.00384039325626944 0.00310790651417205 0.00515703161260378
"держал" 0.00623227696238821 0.00903396771862202 0.0165348471904539 0.00361886150617016 0.00508168813679904 0.0115211797688083 0 0.0103140632252076
"димитрия" 0 0 0 0 0 0 0 0.0979836006394719
"дитя" 0 0.00301132257287401 0 0.0180943075308508 0.00508168813679904 0.0307231460501555 0.00310790651417205 0.0103140632252076
"добра" 0.0155806924059705 0.00301132257287401 0.00275580786507565 0.0108565845185105 0.00254084406839952 0.00768078651253888 0.00621581302834411 0.0206281264504151
"добрых" 0.00623227696238821 0.00903396771862202 0 0.0144754460246806 0.0101633762735981 0.00768078651253888 0.00310790651417205 0.0154710948378114
"другу" 0 0.00602264514574801 0.00551161573015129 0.0144754460246806 0.00762253220519857 0.00768078651253888 0.0186474390850323 0
"заговорил" 0 0.01505661286437 0.0248022707856808 0.0108565845185105 0.00254084406839952 0 0 0.00515703161260378
"затем" 0 0.0271019031558661 0.0165348471904539 0.00361886150617016 0.00508168813679904 0 0.00310790651417205 0
"звук" 0 0.00602264514574801 0 0.0144754460246806 0.00762253220519857 0.00768078651253888 0.0155395325708603 0.0154710948378114
"здоровье" 0.0031161384811941 0.00301132257287401 0.0165348471904539 0 0.0254084406839952 0 0 0.00515703161260378
"земляк" 0.0405098002555234 0 0 0 0 0.0230423595376167 0 0
"истории" 0 0.00602264514574801 0.0110232314603026 0.00361886150617016 0.00254084406839952 0.0153615730250778 0.0217553455992044 0
"карман" 0.00623227696238821 0.021079258010118 0.00826742359522694 0.00723772301234032 0 0.0192019662813472 0 0
"книгу" 0 0.00903396771862202 0.0110232314603026 0.0144754460246806 0 0 0.0217553455992044 0.00515703161260378
"конце" 0.0031161384811941 0.00602264514574801 0.00826742359522694 0 0.00254084406839952 0.0192019662813472 0.0186474390850323 0.00515703161260378
"которою" 0 0.00602264514574801 0.00275580786507565 0 0.0127042203419976 0.0115211797688083 0.0248632521133764 0
"криком" 0.00623227696238821 0.00602264514574801 0.00275580786507565 0.00361886150617016 0.0203267525471962 0.0153615730250778 0 0.00515703161260378
"лежал" 0.00623227696238821 0.00602264514574801 0.00275580786507565 0.00723772301234032 0.0177859084787967 0.0153615730250778 0 0.00515703161260378
"местах" 0 0.00903396771862202 0.0165348471904539 0.0108565845185105 0.00762253220519857 0.00384039325626944 0.00621581302834411 0.00515703161260378
"месяц" 0.00623227696238821 0.00602264514574801 0.00826742359522694 0.00723772301234032 0.00254084406839952 0.0268827527938861 0 0.0103140632252076
"моем" 0 0 0.00826742359522694 0.0108565845185105 0.0127042203419976 0.00384039325626944 0.0155395325708603 0.0103140632252076
"можешь" 0.0031161384811941 0.00301132257287401 0.00551161573015129 0.0253320305431911 0.0127042203419976 0.00384039325626944 0 0.0103140632252076
"неба" 0.00623227696238821 0 0 0.00361886150617016 0.0101633762735981 0.034563539306425 0.00621581302834411 0.00515703161260378
"негодящев" 0 0 0 0.068758368617233 0 0 0 0
"новое" 0.0031161384811941 0.00301132257287401 0.00826742359522694 0.0253320305431911 0.00254084406839952 0.00384039325626944 0.0124316260566882 0.00515703161260378
"отвечать" 0 0 0.0110232314603026 0.0144754460246806 0.00508168813679904 0 0.0248632521133764 0.00515703161260378
"отдал" 0.0031161384811941 0.00301132257287401 0.0137790393253782 0 0.0127042203419976 0.00768078651253888 0.00621581302834411 0.0154710948378114
"песню" 0.00934841544358231 0.00602264514574801 0.00551161573015129 0.0108565845185105 0.00508168813679904 0.0192019662813472 0.00310790651417205 0.00515703161260378
"песня" 0.0155806924059705 0.00301132257287401 0.00275580786507565 0.0144754460246806 0.00508168813679904 0.0230423595376167 0 0
"пожалуйста" 0 0.00903396771862202 0.0165348471904539 0.0325697535555314 0 0.00384039325626944 0 0
"поздно" 0.0124645539247764 0.00903396771862202 0.00551161573015129 0.00723772301234032 0.00508168813679904 0.00384039325626944 0.0155395325708603 0
"положение" 0.00623227696238821 0.012045290291496 0.00826742359522694 0.0180943075308508 0.00762253220519857 0.00384039325626944 0.00310790651417205 0
"польза" 0.0031161384811941 0 0 0 0.00254084406839952 0 0.0528344107409249 0
"поля" 0.0218129693683587 0 0.00826742359522694 0.00723772301234032 0.00762253220519857 0.00384039325626944 0.00932371954251616 0
"пот" 0.0124645539247764 0 0.00275580786507565 0.00361886150617016 0.0127042203419976 0.0192019662813472 0.00310790651417205 0.0103140632252076
"поэзии" 0 0 0.00275580786507565 0.0144754460246806 0 0 0.0404027846842367 0.00515703161260378
"пров" 0 0.0572151288846061 0 0 0 0 0 0
"разом" 0.0186968308871646 0.00602264514574801 0.00551161573015129 0 0.00762253220519857 0.00768078651253888 0 0.0206281264504151
"рано" 0.0031161384811941 0.00301132257287401 0.0137790393253782 0.00723772301234032 0.00508168813679904 0.00384039325626944 0.00932371954251616 0.0206281264504151
"ребенок" 0.0186968308871646 0.01505661286437 0.0110232314603026 0.00723772301234032 0.00254084406839952 0 0.00310790651417205 0
"реку" 0.0031161384811941 0 0.00275580786507565 0.021713169037021 0.0203267525471962 0 0 0.0154710948378114
"румянец" 0 0.00301132257287401 0 0.00361886150617016 0 0.00384039325626944 0 0.0825125058016606
"рядом" 0.00623227696238821 0.00903396771862202 0.00826742359522694 0 0.0127042203419976 0.0115211797688083 0 0.0154710948378114
"сердито" 0.0186968308871646 0 0.00826742359522694 0.0108565845185105 0.00762253220519857 0 0.00310790651417205 0.0154710948378114
"сказали" 0.0031161384811941 0.00903396771862202 0.00275580786507565 0.0253320305431911 0.00508168813679904 0.00384039325626944 0.00932371954251616 0.00515703161260378
"солдат" 0.0031161384811941 0.00903396771862202 0.00275580786507565 0 0.0355718169575933 0 0 0
"сорок" 0.0249291078495528 0.01505661286437 0 0.0108565845185105 0.00762253220519857 0 0 0
"средства" 0.0031161384811941 0.00602264514574801 0.00275580786507565 0 0.0152450644103971 0 0.0279711586275485 0
"станешь" 0.0342775232931351 0.00301132257287401 0.00275580786507565 0 0.00254084406839952 0.0153615730250778 0 0.00515703161260378
"старая" 0.0124645539247764 0.0240905805829921 0.00826742359522694 0.00361886150617016 0 0.00384039325626944 0 0.0103140632252076
"столом" 0.0124645539247764 0.00602264514574801 0.0192906550555295 0 0.00254084406839952 0.00768078651253888 0.00621581302834411 0.00515703161260378
"стыдно" 0 0.00301132257287401 0.0110232314603026 0.021713169037021 0.0127042203419976 0.0115211797688083 0 0
"тело" 0.0031161384811941 0.00301132257287401 0.00275580786507565 0.00723772301234032 0.0203267525471962 0.00768078651253888 0.0124316260566882 0
"хаты" 0 0 0 0 0 0.0729674718691194 0 0
"хозяйка" 0.0342775232931351 0.00301132257287401 0.00826742359522694 0.0144754460246806 0 0 0 0
"хохот" 0.0124645539247764 0 0 0 0 0.0422443258189639 0.00932371954251616 0.00515703161260378
"цель" 0 0.00301132257287401 0.00551161573015129 0.00723772301234032 0.0127042203419976 0 0.0279711586275485 0
"читал" 0 0.00301132257287401 0.0192906550555295 0.0180943075308508 0.00254084406839952 0 0.00932371954251616 0.0103140632252076
"чувством" 0.00623227696238821 0.01505661286437 0.00551161573015129 0.0144754460246806 0.00508168813679904 0 0.0124316260566882 0
"юноши" 0 0 0 0.0108565845185105 0.0101633762735981 0 0.0372948781700646 0
"бабы" 0.0124645539247764 0 0.00275580786507565 0.0144754460246806 0.00508168813679904 0.0230423595376167 0 0.00515703161260378
"белевута" 0 0 0 0 0 0 0 0.0928265690268681
"богом" 0.0249291078495528 0.00301132257287401 0.0110232314603026 0 0 0 0 0.0257851580630189
"вдоль" 0.0249291078495528 0.00602264514574801 0 0.00361886150617016 0.0152450644103971 0 0 0.00515703161260378
"викулыч" 0 0.0542038063117321 0 0 0 0 0 0
"воз" 0.0342775232931351 0 0 0 0 0.0268827527938861 0 0
"врага" 0 0 0 0 0.0254084406839952 0.00768078651253888 0.0155395325708603 0.00515703161260378
"вслух" 0.0031161384811941 0.00301132257287401 0.0165348471904539 0.021713169037021 0.00508168813679904 0 0 0.0103140632252076
"всякое" 0.00934841544358231 0.00903396771862202 0.00275580786507565 0.00723772301234032 0 0 0.0248632521133764 0.00515703161260378
"вышла" 0.00623227696238821 0.021079258010118 0.0137790393253782 0 0 0.0115211797688083 0 0.00515703161260378
"г" 0 0.0240905805829921 0.00826742359522694 0 0.00508168813679904 0.00384039325626944 0.00621581302834411 0.0103140632252076
"говори" 0.0124645539247764 0 0 0.00723772301234032 0.00762253220519857 0 0.00621581302834411 0.0360992212882265
"говорите" 0 0 0.0110232314603026 0.0289508920493613 0 0.00768078651253888 0.00310790651417205 0.0154710948378114
"горько" 0.0218129693683587 0.00301132257287401 0.00551161573015129 0 0.00762253220519857 0.00768078651253888 0.00621581302834411 0.00515703161260378
"дальше" 0.0031161384811941 0 0.0137790393253782 0.021713169037021 0.00254084406839952 0.00384039325626944 0.0124316260566882 0
"добре" 0.0405098002555234 0 0.00826742359522694 0 0 0.00768078651253888 0 0
"думая" 0.00623227696238821 0.00301132257287401 0.00551161573015129 0.0253320305431911 0.00254084406839952 0.0115211797688083 0.00621581302834411 0
"егора" 0 0 0 0.0651395071110629 0 0 0 0
"едет" 0.0186968308871646 0.00301132257287401 0.00826742359522694 0.00361886150617016 0.0152450644103971 0 0 0.00515703161260378
"ехать" 0.00623227696238821 0.00903396771862202 0.0165348471904539 0.00723772301234032 0.00762253220519857 0.00384039325626944 0 0.00515703161260378
"жену" 0.0155806924059705 0.01505661286437 0 0 0.00254084406839952 0.0115211797688083 0.00621581302834411 0.0103140632252076
"заметить" 0.00623227696238821 0.00602264514574801 0.00826742359522694 0.021713169037021 0 0.00768078651253888 0.00932371954251616 0
"иное" 0 0.00903396771862202 0 0.0144754460246806 0.00254084406839952 0 0.0310790651417205 0
"иные" 0.00934841544358231 0.00602264514574801 0 0.0144754460246806 0.00762253220519857 0.00768078651253888 0.00621581302834411 0.0103140632252076
"исправница" 0 0 0.0496045415713616 0 0 0 0 0
"каждой" 0.0031161384811941 0.00602264514574801 0.0137790393253782 0.00361886150617016 0.00254084406839952 0.00768078651253888 0.0124316260566882 0.0103140632252076
"какими" 0.0124645539247764 0.018067935437244 0.00826742359522694 0.00361886150617016 0 0.0115211797688083 0 0.00515703161260378
"м" 0 0 0.0220464629206052 0.00723772301234032 0.00762253220519857 0 0.00310790651417205 0.0206281264504151
"месть" 0 0 0 0 0.0431943491627919 0.00384039325626944 0 0
"москва" 0 0 0.0165348471904539 0 0 0 0 0.0618843793512454
"настеньку" 0 0 0.0496045415713616 0 0 0 0 0
"нашу" 0.0031161384811941 0.012045290291496 0.00275580786507565 0.00361886150617016 0.00254084406839952 0.0153615730250778 0.00932371954251616 0.0154710948378114
"небольшой" 0.0031161384811941 0.00301132257287401 0.00551161573015129 0.00723772301234032 0.00508168813679904 0.0268827527938861 0.00310790651417205 0.0103140632252076
"неожиданно" 0.0186968308871646 0.01505661286437 0.00275580786507565 0.0144754460246806 0.00508168813679904 0 0 0
"нехорошо" 0 0.00903396771862202 0.0275580786507565 0.0180943075308508 0 0 0 0
"никаких" 0.0031161384811941 0.012045290291496 0.0110232314603026 0.00361886150617016 0.0101633762735981 0 0.00932371954251616 0.00515703161260378
"новые" 0.00934841544358231 0.00903396771862202 0.00275580786507565 0.00361886150617016 0.00762253220519857 0.00768078651253888 0.0124316260566882 0.00515703161260378
"обе" 0.00623227696238821 0 0.0137790393253782 0 0.00508168813679904 0.00768078651253888 0.0124316260566882 0.0154710948378114
"одною" 0.0124645539247764 0.01505661286437 0 0.00723772301234032 0.0127042203419976 0.00384039325626944 0.00310790651417205 0
"осторожно" 0.00623227696238821 0.021079258010118 0.00551161573015129 0.00723772301234032 0.00762253220519857 0.00384039325626944 0 0.00515703161260378
"отвечали" 0.0218129693683587 0 0.00275580786507565 0 0.00762253220519857 0.00384039325626944 0.00932371954251616 0.0154710948378114
"оттуда" 0.0031161384811941 0.00903396771862202 0.00826742359522694 0.00723772301234032 0.0127042203419976 0.00384039325626944 0.00310790651417205 0.0103140632252076
"отцом" 0.0031161384811941 0.012045290291496 0.00275580786507565 0.0108565845185105 0.00762253220519857 0.00768078651253888 0.00621581302834411 0.0103140632252076
"писарь" 0 0 0 0 0 0.06912707861285 0 0
"повесть" 0.0031161384811941 0 0.0165348471904539 0.00723772301234032 0.00254084406839952 0.00384039325626944 0.00932371954251616 0.0206281264504151
"показать" 0 0.00903396771862202 0.00826742359522694 0 0.0152450644103971 0.0153615730250778 0.00621581302834411 0
"послушай" 0.0280452463307469 0 0 0 0.0101633762735981 0 0 0.0257851580630189
"посмотри" 0.00934841544358231 0 0.00275580786507565 0.00361886150617016 0.00508168813679904 0.0268827527938861 0.00310790651417205 0.0154710948378114
"природу" 0 0 0 0.0108565845185105 0.00762253220519857 0.00384039325626944 0.0341869716558926 0
"проворно" 0.0218129693683587 0 0.0275580786507565 0 0.00254084406839952 0 0 0
"пуще" 0.0373936617743292 0.00301132257287401 0 0 0.00508168813679904 0.00768078651253888 0.00310790651417205 0
"русского" 0 0.00301132257287401 0.00826742359522694 0.00361886150617016 0.0279492847523947 0 0 0.0103140632252076
"самая" 0.0031161384811941 0.00301132257287401 0.00275580786507565 0.0144754460246806 0.0152450644103971 0.00768078651253888 0.00932371954251616 0
"самую" 0.0186968308871646 0.00903396771862202 0.00826742359522694 0.00361886150617016 0.00254084406839952 0.00384039325626944 0.00310790651417205 0.0103140632252076
"сени" 0.0342775232931351 0.00301132257287401 0 0 0 0.00768078651253888 0 0.0206281264504151
"силою" 0.0031161384811941 0.00301132257287401 0.00275580786507565 0.0108565845185105 0.0101633762735981 0.00768078651253888 0.0155395325708603 0.00515703161260378
"словах" 0 0.00602264514574801 0.0137790393253782 0.0180943075308508 0.00508168813679904 0.0115211797688083 0.00310790651417205 0
"спросить" 0 0.00602264514574801 0.0110232314603026 0.00723772301234032 0.00762253220519857 0.00384039325626944 0.0155395325708603 0.00515703161260378
"спустя" 0.0186968308871646 0.0240905805829921 0 0.00723772301234032 0.00254084406839952 0 0.00310790651417205 0
"страсть" 0 0.00602264514574801 0.00551161573015129 0.00723772301234032 0.0152450644103971 0 0.0155395325708603 0.00515703161260378
"терпеть" 0.0031161384811941 0.00602264514574801 0.0137790393253782 0.021713169037021 0.00254084406839952 0.00384039325626944 0.00621581302834411 0
"указывая" 0.0124645539247764 0.00602264514574801 0.0110232314603026 0 0.00254084406839952 0.0115211797688083 0.00310790651417205 0.0154710948378114
"улицы" 0.0155806924059705 0.012045290291496 0.00275580786507565 0.00361886150617016 0 0.0192019662813472 0 0.0103140632252076
"франц" 0 0 0.0275580786507565 0 0 0 0.0248632521133764 0
"ходил" 0.0031161384811941 0.00301132257287401 0.0192906550555295 0.0144754460246806 0.00254084406839952 0.00384039325626944 0 0.0154710948378114
"целые" 0.0124645539247764 0.00301132257287401 0.00826742359522694 0.00361886150617016 0.00254084406839952 0.00768078651253888 0.0186474390850323 0
"чиновник" 0 0.0361358708744881 0.00551161573015129 0.0108565845185105 0 0 0.00310790651417205 0
"чувствовал" 0 0.00903396771862202 0 0.0289508920493613 0.00762253220519857 0 0.00932371954251616 0.00515703161260378
"шаг" 0.0124645539247764 0.00602264514574801 0.00826742359522694 0.00723772301234032 0.0127042203419976 0.00384039325626944 0.00310790651417205 0
"языке" 0.00623227696238821 0.00602264514574801 0.0110232314603026 0 0.00762253220519857 0 0.0155395325708603 0.0103140632252076
"бежал" 0.00934841544358231 0 0 0.00361886150617016 0.0127042203419976 0.0115211797688083 0.00310790651417205 0.0206281264504151
"берег" 0.0124645539247764 0 0.00275580786507565 0.0108565845185105 0.0127042203419976 0.00768078651253888 0.00310790651417205 0.00515703161260378
"братец" 0.0155806924059705 0.00602264514574801 0.0192906550555295 0.00361886150617016 0.00254084406839952 0 0.00310790651417205 0
"василий" 0 0 0 0.0108565845185105 0 0 0 0.072198442576453
"верст" 0.0280452463307469 0 0.00551161573015129 0.00361886150617016 0.00508168813679904 0.00384039325626944 0 0.0103140632252076
"вздохнул" 0.0124645539247764 0.00301132257287401 0.0165348471904539 0.0180943075308508 0.00254084406839952 0 0 0
"влево" 0.0155806924059705 0 0 0 0.0304901288207943 0 0 0
"впервые" 0.0155806924059705 0.00903396771862202 0 0.00723772301234032 0.0101633762735981 0 0.00310790651417205 0.0103140632252076
"вспомнил" 0.0031161384811941 0.00903396771862202 0 0.0144754460246806 0 0.0307231460501555 0 0.00515703161260378
"высоко" 0.0031161384811941 0 0.00275580786507565 0.00361886150617016 0.0152450644103971 0.0192019662813472 0 0.0154710948378114
"ганна" 0 0 0 0 0 0.0652866853565805 0 0
"горели" 0 0.00301132257287401 0.00826742359522694 0.00723772301234032 0.00762253220519857 0.0192019662813472 0.00621581302834411 0.00515703161260378
"горцев" 0 0 0 0 0.0431943491627919 0 0 0
"гостей" 0.0031161384811941 0.00602264514574801 0.00826742359522694 0.00361886150617016 0.00254084406839952 0.0153615730250778 0 0.0257851580630189
"делает" 0 0.00301132257287401 0.0248022707856808 0 0.0101633762735981 0.00384039325626944 0.00310790651417205 0.00515703161260378
"делается" 0.00623227696238821 0.00903396771862202 0.00551161573015129 0.0108565845185105 0.00254084406839952 0.00384039325626944 0.00932371954251616 0.0103140632252076
"доброе" 0.00623227696238821 0.00301132257287401 0 0.021713169037021 0.00762253220519857 0.00768078651253888 0.00621581302834411 0.00515703161260378
"думаете" 0 0.00602264514574801 0.0110232314603026 0.0144754460246806 0.00508168813679904 0.00384039325626944 0.0124316260566882 0
"жертву" 0 0 0.00551161573015129 0 0.0152450644103971 0.00384039325626944 0.0217553455992044 0.00515703161260378
"закон" 0 0 0.00275580786507565 0.0361886150617016 0.00508168813679904 0 0.00621581302834411 0.0103140632252076
"квартиру" 0.00623227696238821 0.021079258010118 0.0110232314603026 0.00723772301234032 0.00254084406839952 0 0.00310790651417205 0
"ковров" 0 0.0511924837388581 0 0 0 0 0 0
"лоб" 0.00623227696238821 0.012045290291496 0.0110232314603026 0.0180943075308508 0 0.00768078651253888 0 0
"мгновенно" 0.031161384811941 0.00301132257287401 0 0.00723772301234032 0.00254084406839952 0.00768078651253888 0.00310790651417205 0
"миру" 0.0280452463307469 0.00301132257287401 0.00826742359522694 0 0 0 0.00621581302834411 0.0103140632252076
"молодец" 0.0155806924059705 0 0.00826742359522694 0.00723772301234032 0.00254084406839952 0.00384039325626944 0 0.0257851580630189
"московского" 0 0 0.0137790393253782 0 0.00254084406839952 0 0 0.0567273477386416
"н" 0 0.012045290291496 0 0 0.00762253220519857 0.0115211797688083 0.00932371954251616 0.0206281264504151
"наперед" 0.0124645539247764 0 0.0110232314603026 0.00361886150617016 0 0.0307231460501555 0 0
"наружности" 0.0124645539247764 0.012045290291496 0.0137790393253782 0 0.00762253220519857 0 0.00310790651417205 0
"насчет" 0.00934841544358231 0.021079258010118 0.0110232314603026 0 0.00254084406839952 0.00768078651253888 0 0
"незнакомец" 0.00934841544358231 0 0 0 0.00254084406839952 0.0115211797688083 0.0279711586275485 0.00515703161260378
"нету" 0.0342775232931351 0 0.0110232314603026 0.00723772301234032 0 0 0 0
"нешто" 0.0467420772179116 0.00301132257287401 0.00275580786507565 0 0 0 0 0
"нигде" 0.0031161384811941 0.00602264514574801 0 0.0108565845185105 0.00762253220519857 0.00384039325626944 0.00932371954251616 0.0206281264504151
"ногою" 0.0124645539247764 0 0.00275580786507565 0.00723772301234032 0.00508168813679904 0.0268827527938861 0 0.00515703161260378
"ногу" 0.0155806924059705 0.00602264514574801 0.00826742359522694 0 0.00762253220519857 0.00768078651253888 0 0.0103140632252076
"нравится" 0 0 0.0303138865158321 0.00723772301234032 0 0 0.00621581302834411 0.0103140632252076
"обоих" 0.00934841544358231 0 0.00551161573015129 0.00723772301234032 0.0152450644103971 0.00768078651253888 0.00310790651417205 0.00515703161260378
"объявил" 0 0.012045290291496 0.00551161573015129 0.00723772301234032 0.00508168813679904 0.00768078651253888 0.00621581302834411 0.0154710948378114
"оружие" 0 0.00301132257287401 0 0 0.0254084406839952 0 0 0.0309421896756227
"оставить" 0.00623227696238821 0.01505661286437 0.00275580786507565 0.00723772301234032 0.00508168813679904 0 0.00932371954251616 0.0103140632252076
"первом" 0.0031161384811941 0.012045290291496 0.00551161573015129 0 0.0177859084787967 0.00384039325626944 0.00310790651417205 0.00515703161260378
"первые" 0.00623227696238821 0.00903396771862202 0.00275580786507565 0.00723772301234032 0.0127042203419976 0 0.0124316260566882 0
"перебил" 0.0218129693683587 0.00602264514574801 0.0165348471904539 0.00723772301234032 0 0 0 0
"писал" 0.00623227696238821 0 0.00826742359522694 0.0180943075308508 0.0177859084787967 0 0 0
"писать" 0 0.012045290291496 0.0165348471904539 0.0108565845185105 0 0.00768078651253888 0.00310790651417205 0.00515703161260378
"поехал" 0.0186968308871646 0.00602264514574801 0.00826742359522694 0 0.0101633762735981 0 0 0.0103140632252076
"понятия" 0 0.012045290291496 0 0.021713169037021 0.00254084406839952 0 0.0186474390850323 0
"последней" 0.00623227696238821 0.021079258010118 0.00275580786507565 0 0.00508168813679904 0 0.0155395325708603 0
"постели" 0.0031161384811941 0.00903396771862202 0.00826742359522694 0.00723772301234032 0 0.00384039325626944 0.0217553455992044 0
"почтмейстер" 0 0 0.046848733706286 0 0 0 0 0
"предмет" 0 0.00602264514574801 0.00826742359522694 0.0108565845185105 0 0 0.0248632521133764 0.00515703161260378
"прежнего" 0.0155806924059705 0.00301132257287401 0 0.00361886150617016 0.0127042203419976 0.00768078651253888 0.00310790651417205 0.0103140632252076
"прекрасный" 0 0.00602264514574801 0.00551161573015129 0.0325697535555314 0.00254084406839952 0.00384039325626944 0.00310790651417205 0.00515703161260378
"принять" 0.0155806924059705 0.00301132257287401 0.0192906550555295 0.00361886150617016 0.00254084406839952 0.00384039325626944 0.00310790651417205 0
"пройдет" 0 0.00602264514574801 0.0192906550555295 0.00723772301234032 0.00508168813679904 0.00768078651253888 0.00310790651417205 0.00515703161260378
"пускай" 0 0 0.00826742359522694 0.00361886150617016 0.0254084406839952 0.00384039325626944 0.00310790651417205 0.00515703161260378
"пыль" 0 0 0.00275580786507565 0.00361886150617016 0.0203267525471962 0.0115211797688083 0.00310790651417205 0.0154710948378114
"рыжий" 0.0124645539247764 0.0391471934473621 0 0 0 0 0 0
"светом" 0.00934841544358231 0.00903396771862202 0.00551161573015129 0.00723772301234032 0.00762253220519857 0.0115211797688083 0.00310790651417205 0
"сделали" 0.00623227696238821 0.00903396771862202 0.0110232314603026 0.00361886150617016 0.0101633762735981 0.00768078651253888 0.00310790651417205 0
"седой" 0.0155806924059705 0 0.00275580786507565 0 0.00508168813679904 0.00384039325626944 0.00310790651417205 0.0360992212882265
"службе" 0 0.00301132257287401 0.0192906550555295 0.0253320305431911 0.00508168813679904 0 0 0
"служить" 0.00623227696238821 0.00301132257287401 0.0165348471904539 0.0108565845185105 0.00508168813679904 0 0.00932371954251616 0
"слушать" 0 0 0.0110232314603026 0.0144754460246806 0 0.0153615730250778 0.00310790651417205 0.0206281264504151
"смотрит" 0 0.00602264514574801 0.00275580786507565 0.0398074765678718 0 0.0115211797688083 0 0
"смотритель" 0 0 0.046848733706286 0 0 0 0 0
"совесть" 0 0 0.00551161573015129 0.0180943075308508 0.0228675966155957 0 0 0.00515703161260378
"сто" 0 0.00602264514574801 0.0137790393253782 0.00361886150617016 0.0127042203419976 0.00768078651253888 0.00621581302834411 0
"т" 0 0.0240905805829921 0 0.00361886150617016 0.00508168813679904 0.00384039325626944 0.0155395325708603 0
"тимура" 0 0 0 0 0 0 0 0.0876695374142644
"товарищей" 0.00934841544358231 0 0.00275580786507565 0.0180943075308508 0.0101633762735981 0 0.00621581302834411 0.0103140632252076
"увели" 0.0498582156991057 0 0 0 0 0.00384039325626944 0 0
"уверен" 0 0 0.0165348471904539 0.00361886150617016 0.0127042203419976 0 0.0124316260566882 0.00515703161260378
"удовольствие" 0 0.00301132257287401 0.0330696943809078 0.00723772301234032 0 0.00384039325626944 0.00310790651417205 0
"умный" 0 0.00301132257287401 0.0275580786507565 0.0108565845185105 0 0 0.00621581302834411 0.00515703161260378
"утром" 0 0.0421585160202361 0 0 0.00254084406839952 0 0.00310790651417205 0.00515703161260378
"ушла" 0.0031161384811941 0.00301132257287401 0.0248022707856808 0.00723772301234032 0 0.0115211797688083 0 0.00515703161260378
"фон" 0 0.0481811611659841 0 0 0 0 0.00310790651417205 0
"ходили" 0.0031161384811941 0.021079258010118 0.00826742359522694 0 0.00254084406839952 0.0115211797688083 0 0.0103140632252076
"холодно" 0.00623227696238821 0.021079258010118 0.00551161573015129 0 0.00254084406839952 0 0.0155395325708603 0
"хорош" 0 0.00602264514574801 0.0165348471904539 0.00723772301234032 0.0101633762735981 0.00384039325626944 0 0.0103140632252076
"хотят" 0.0031161384811941 0 0.00826742359522694 0.0144754460246806 0.0101633762735981 0.00384039325626944 0.0124316260566882 0
"человеческого" 0 0.00602264514574801 0.00275580786507565 0.00723772301234032 0.00254084406839952 0.00384039325626944 0.0310790651417205 0
"чтение" 0 0.00903396771862202 0.0110232314603026 0.00361886150617016 0.00254084406839952 0 0.00621581302834411 0.0309421896756227
"чудно" 0 0 0 0.00361886150617016 0 0.0576058988440416 0.00310790651417205 0
"шагом" 0.0155806924059705 0.00301132257287401 0.00551161573015129 0.0144754460246806 0.0127042203419976 0 0 0
"шепотом" 0.00623227696238821 0.0271019031558661 0.00551161573015129 0.00723772301234032 0.00254084406839952 0.00384039325626944 0 0
"юноша" 0 0 0.00275580786507565 0.00723772301234032 0.0127042203419976 0 0.0217553455992044 0.0103140632252076
"аллах" 0 0 0 0 0.0406535050943924 0 0 0
"анны" 0.0124645539247764 0.0331245483016141 0 0 0 0 0.00310790651417205 0
"бедный" 0.0249291078495528 0 0.00826742359522694 0 0.00254084406839952 0.00768078651253888 0 0.0103140632252076
"бежать" 0.0031161384811941 0.00602264514574801 0.0110232314603026 0.00361886150617016 0.0101633762735981 0.00768078651253888 0.00310790651417205 0.00515703161260378
"белой" 0.00934841544358231 0.00903396771862202 0 0.00723772301234032 0.00508168813679904 0.0230423595376167 0 0
"божий" 0 0.00301132257287401 0.00275580786507565 0.0108565845185105 0.00508168813679904 0.00768078651253888 0 0.0360992212882265
"бояр" 0 0 0 0 0 0 0 0.0825125058016606
"брови" 0.00623227696238821 0.00602264514574801 0.00275580786507565 0.00723772301234032 0.0101633762735981 0.0115211797688083 0.00310790651417205 0.00515703161260378
"ваша" 0.0124645539247764 0.00903396771862202 0.0192906550555295 0 0.00254084406839952 0 0 0.00515703161260378
"вашим" 0.0031161384811941 0.00903396771862202 0.0192906550555295 0.00361886150617016 0.00254084406839952 0 0.00932371954251616 0
"ваших" 0 0 0.0165348471904539 0.0108565845185105 0.00254084406839952 0.00384039325626944 0.0155395325708603 0
"верю" 0 0 0.0165348471904539 0 0.0152450644103971 0 0.00310790651417205 0.0154710948378114
"весть" 0.0124645539247764 0 0 0.00723772301234032 0.0152450644103971 0 0.00310790651417205 0.0154710948378114
"взглядом" 0 0.0240905805829921 0.00551161573015129 0.0144754460246806 0 0.00384039325626944 0.00310790651417205 0
"видимо" 0.00623227696238821 0.012045290291496 0.0220464629206052 0 0.00254084406839952 0.00384039325626944 0 0
"виду" 0.0124645539247764 0.00301132257287401 0.00275580786507565 0.0144754460246806 0.00508168813679904 0.00384039325626944 0.00932371954251616 0
"вино" 0.0218129693683587 0 0 0 0.0127042203419976 0 0.00621581302834411 0.0103140632252076
"власть" 0.00623227696238821 0.00301132257287401 0 0 0.0177859084787967 0.00768078651253888 0.00621581302834411 0.0103140632252076
"вниз" 0.0124645539247764 0 0.00551161573015129 0.0108565845185105 0.00762253220519857 0.00768078651253888 0.00310790651417205 0.00515703161260378
"водится" 0.0186968308871646 0.00301132257287401 0.0110232314603026 0 0.00254084406839952 0.0153615730250778 0 0
"голоса" 0.0124645539247764 0 0 0.00723772301234032 0.00508168813679904 0.00384039325626944 0.0124316260566882 0.0154710948378114
"горит" 0 0 0 0.0108565845185105 0 0.0307231460501555 0.00310790651417205 0.0206281264504151
"горничная" 0 0.0421585160202361 0.00551161573015129 0 0 0 0 0
"городу" 0.0155806924059705 0.00602264514574801 0.0110232314603026 0 0 0 0.00932371954251616 0.0103140632252076
"дала" 0.00934841544358231 0.00301132257287401 0.0137790393253782 0.00723772301234032 0 0.00768078651253888 0.00932371954251616 0
"дверей" 0.0031161384811941 0 0.00826742359522694 0 0.00762253220519857 0.0115211797688083 0.00310790651417205 0.0257851580630189
"делал" 0.00623227696238821 0 0.0248022707856808 0 0.00254084406839952 0 0.00621581302834411 0.0103140632252076
"джембулат" 0 0 0 0 0.0406535050943924 0 0 0
"друзья" 0 0.00602264514574801 0.00275580786507565 0.0108565845185105 0.00762253220519857 0 0.0186474390850323 0.00515703161260378
"желая" 0 0 0.0137790393253782 0.00361886150617016 0.0203267525471962 0 0.00621581302834411 0
"железные" 0.00623227696238821 0 0.00551161573015129 0 0.0127042203419976 0.00384039325626944 0.0155395325708603 0.00515703161260378
"жизнию" 0 0.00301132257287401 0.00275580786507565 0 0.0203267525471962 0 0.0186474390850323 0
"записку" 0 0.0271019031558661 0 0 0.00254084406839952 0.0230423595376167 0 0
"знаем" 0.0031161384811941 0.00301132257287401 0.0110232314603026 0.0144754460246806 0 0 0.0186474390850323 0
"знак" 0.0124645539247764 0.00301132257287401 0.00275580786507565 0 0.0127042203419976 0.00768078651253888 0.00310790651417205 0.0103140632252076
"знают" 0.0031161384811941 0.00903396771862202 0.00551161573015129 0.00723772301234032 0.00762253220519857 0.00768078651253888 0.00621581302834411 0.00515703161260378
"каждая" 0 0.012045290291496 0 0.00723772301234032 0.00254084406839952 0.00768078651253888 0.0217553455992044 0
"камни" 0.00623227696238821 0 0 0 0.0254084406839952 0.00384039325626944 0.00621581302834411 0.00515703161260378
"капитана" 0 0 0.0358255022459834 0 0.00762253220519857 0 0 0
"карты" 0 0.00301132257287401 0.0110232314603026 0 0.00254084406839952 0.0268827527938861 0.00932371954251616 0
"касатик" 0.0498582156991057 0 0 0 0 0 0 0
"кинжал" 0 0 0 0 0.0355718169575933 0 0 0.0103140632252076
"кстати" 0 0.00903396771862202 0.0137790393253782 0.0108565845185105 0.00762253220519857 0 0.00621581302834411 0
"леночки" 0 0 0 0.0579017840987225 0 0 0 0
"маленькая" 0.0031161384811941 0.01505661286437 0.00551161573015129 0.0144754460246806 0 0.00384039325626944 0.00621581302834411 0.00515703161260378
"матушка" 0.0218129693683587 0.00602264514574801 0.00551161573015129 0 0.00254084406839952 0 0.0124316260566882 0
"надежда" 0 0.00602264514574801 0.00826742359522694 0.00361886150617016 0.0152450644103971 0 0.00621581302834411 0.0103140632252076
"надеюсь" 0 0.012045290291496 0.0110232314603026 0.00361886150617016 0.0152450644103971 0 0.00310790651417205 0
"находился" 0.0249291078495528 0.00301132257287401 0.00551161573015129 0.00361886150617016 0.00254084406839952 0.00384039325626944 0.00310790651417205 0.00515703161260378
"начинал" 0 0.00602264514574801 0.0220464629206052 0.00361886150617016 0.00254084406839952 0.00768078651253888 0.00621581302834411 0
"нищий" 0.0031161384811941 0 0 0.00361886150617016 0 0 0 0.072198442576453
"нужен" 0 0.012045290291496 0.00275580786507565 0.0289508920493613 0.00254084406839952 0 0.00621581302834411 0
"общество" 0.0031161384811941 0.00301132257287401 0.00826742359522694 0.00361886150617016 0.00762253220519857 0 0.0217553455992044 0
"оставил" 0.00623227696238821 0.00602264514574801 0.0110232314603026 0.00723772301234032 0.00508168813679904 0 0.0124316260566882 0
"отчаяния" 0.0124645539247764 0 0.00275580786507565 0 0.00254084406839952 0 0.0248632521133764 0.0103140632252076
"память" 0 0 0 0.0108565845185105 0.0152450644103971 0.00768078651253888 0.00310790651417205 0.0206281264504151
"папенька" 0 0 0.0385813101110591 0.00723772301234032 0 0 0 0
"платок" 0.0249291078495528 0.00602264514574801 0 0 0 0.0153615730250778 0.00621581302834411 0
"платья" 0.00623227696238821 0.01505661286437 0.0110232314603026 0.00361886150617016 0.00508168813679904 0.00384039325626944 0 0.00515703161260378
"плохо" 0.0280452463307469 0.00602264514574801 0 0 0.00508168813679904 0.00384039325626944 0.00621581302834411 0
"площади" 0.00623227696238821 0.00602264514574801 0.00551161573015129 0 0 0.00768078651253888 0.0124316260566882 0.0206281264504151
"подходя" 0.031161384811941 0.00301132257287401 0.00551161573015129 0 0 0.00768078651253888 0 0.00515703161260378
"полное" 0 0.00301132257287401 0.00551161573015129 0.0108565845185105 0.00254084406839952 0.00768078651253888 0.0217553455992044 0
"получил" 0.0031161384811941 0.00903396771862202 0.0110232314603026 0.0144754460246806 0.00254084406839952 0.00384039325626944 0 0.0103140632252076
"помочь" 0.00623227696238821 0.00301132257287401 0 0.0108565845185105 0.00508168813679904 0.00768078651253888 0.0155395325708603 0.00515703161260378
"послышался" 0.00623227696238821 0.00602264514574801 0.00275580786507565 0 0.00254084406839952 0.034563539306425 0.00310790651417205 0
"постой" 0.0124645539247764 0 0.00826742359522694 0 0.00254084406839952 0.0230423595376167 0 0.0103140632252076
"поцелуй" 0 0.00903396771862202 0 0.021713169037021 0.00762253220519857 0.00768078651253888 0 0.0103140632252076
"поэт" 0 0 0.0110232314603026 0.00723772301234032 0.00254084406839952 0 0.0217553455992044 0.0103140632252076
"прежнему" 0.00623227696238821 0 0.00551161573015129 0.0108565845185105 0.0101633762735981 0 0.0155395325708603 0
"притом" 0 0.00602264514574801 0 0.0144754460246806 0.0228675966155957 0 0 0.00515703161260378
"произнесла" 0.0124645539247764 0 0.0165348471904539 0 0.0127042203419976 0.00384039325626944 0 0
"простой" 0.0124645539247764 0.00903396771862202 0 0.00361886150617016 0 0.0115211797688083 0.0155395325708603 0
"птица" 0.0031161384811941 0.00301132257287401 0 0.0325697535555314 0.00254084406839952 0.0115211797688083 0 0.00515703161260378
"работу" 0.00623227696238821 0.021079258010118 0 0.0144754460246806 0.00254084406839952 0 0.00621581302834411 0
"работы" 0 0.00301132257287401 0.00551161573015129 0.0253320305431911 0.00508168813679904 0.00384039325626944 0.00621581302834411 0.00515703161260378
"разговора" 0.0031161384811941 0.00903396771862202 0.00826742359522694 0.0144754460246806 0.00762253220519857 0.00768078651253888 0 0
"разные" 0.0031161384811941 0.012045290291496 0.00275580786507565 0.0108565845185105 0 0.00384039325626944 0.0155395325708603 0.00515703161260378
"рукам" 0.0124645539247764 0.00301132257287401 0.00275580786507565 0 0.00254084406839952 0.0268827527938861 0 0.0103140632252076
"рыженький" 0.0498582156991057 0 0 0 0 0 0 0
"саду" 0 0 0.0165348471904539 0.0253320305431911 0 0 0 0.0154710948378114
"сват" 0.0249291078495528 0 0 0 0 0.0307231460501555 0 0
"селтанеты" 0 0 0 0 0.0406535050943924 0 0 0
"сил" 0.00623227696238821 0.00602264514574801 0.00826742359522694 0.00723772301234032 0.00508168813679904 0.00384039325626944 0.0124316260566882 0
"силами" 0.00623227696238821 0.012045290291496 0.00275580786507565 0 0.0101633762735981 0.00768078651253888 0.00932371954251616 0
"скажет" 0.0031161384811941 0.00602264514574801 0.00551161573015129 0.00723772301234032 0.00508168813679904 0.0153615730250778 0.00621581302834411 0.00515703161260378
"сказывал" 0.031161384811941 0.00602264514574801 0.00551161573015129 0 0 0 0 0.0103140632252076
"службу" 0.0031161384811941 0 0.0165348471904539 0.0144754460246806 0.00762253220519857 0 0.00310790651417205 0.00515703161260378
"слыхал" 0.00623227696238821 0.00602264514574801 0.00551161573015129 0.00723772301234032 0 0.00768078651253888 0.00932371954251616 0.0154710948378114
"смысла" 0 0.00602264514574801 0.00275580786507565 0.0325697535555314 0.00254084406839952 0 0.00932371954251616 0
"сперва" 0.00623227696238821 0 0 0 0.00762253220519857 0.0115211797688083 0.0155395325708603 0.0154710948378114
"спину" 0.0124645539247764 0.00301132257287401 0 0.0144754460246806 0.00254084406839952 0.0153615730250778 0.00310790651417205 0.00515703161260378
"становится" 0.0031161384811941 0.01505661286437 0.00275580786507565 0.00723772301234032 0 0.0153615730250778 0.00932371954251616 0
"старости" 0.0186968308871646 0 0.00826742359522694 0.00723772301234032 0 0.00384039325626944 0.00621581302834411 0.0103140632252076
"стой" 0.0155806924059705 0 0.00275580786507565 0 0.00508168813679904 0.0307231460501555 0 0
"стола" 0.0031161384811941 0.018067935437244 0.0137790393253782 0 0 0.00384039325626944 0.00310790651417205 0.0103140632252076
"столе" 0.00623227696238821 0.00602264514574801 0.0137790393253782 0 0 0.00384039325626944 0.00310790651417205 0.0257851580630189
"сударыня" 0.0124645539247764 0.00903396771862202 0.0248022707856808 0 0 0 0 0
"существует" 0 0.01505661286437 0 0.00361886150617016 0 0 0.0310790651417205 0
"счастлив" 0.00623227696238821 0.00301132257287401 0.00275580786507565 0.0144754460246806 0.0127042203419976 0 0.00621581302834411 0.00515703161260378
"тела" 0 0 0 0.00361886150617016 0.00508168813679904 0 0.0404027846842367 0
"темно" 0.0031161384811941 0.00602264514574801 0.00275580786507565 0.0144754460246806 0 0.0268827527938861 0.00310790651417205 0
"тише" 0.00623227696238821 0.00301132257287401 0.00551161573015129 0.0180943075308508 0 0.00768078651253888 0 0.0206281264504151
"торопливо" 0.0155806924059705 0.00602264514574801 0.0137790393253782 0 0.00762253220519857 0 0 0.00515703161260378
"труд" 0 0.00602264514574801 0.00275580786507565 0.0108565845185105 0.00508168813679904 0 0.0124316260566882 0.0206281264504151
"ухо" 0.00623227696238821 0.00602264514574801 0.00826742359522694 0.00723772301234032 0.00508168813679904 0.0115211797688083 0.00621581302834411 0
"хате" 0 0 0 0 0 0.0614462921003111 0 0
"хозяина" 0.0249291078495528 0.00602264514574801 0 0.00361886150617016 0.00508168813679904 0.00384039325626944 0 0.0103140632252076
"хорошего" 0.0031161384811941 0.00602264514574801 0.00551161573015129 0.0253320305431911 0.00508168813679904 0 0.00310790651417205 0.00515703161260378
"хороший" 0.00623227696238821 0.00301132257287401 0.0165348471904539 0.0180943075308508 0.00254084406839952 0.00384039325626944 0 0
"цену" 0.0155806924059705 0.012045290291496 0.00275580786507565 0.00361886150617016 0.00254084406839952 0.00384039325626944 0.00932371954251616 0
"цепи" 0 0 0.00275580786507565 0 0.0152450644103971 0 0.0155395325708603 0.0206281264504151
"часы" 0 0.018067935437244 0.00275580786507565 0.00723772301234032 0.00508168813679904 0.0115211797688083 0.00621581302834411 0
"чаще" 0.00623227696238821 0 0 0 0.0228675966155957 0.00384039325626944 0.00932371954251616 0.00515703161260378
"чувств" 0 0.00903396771862202 0.00551161573015129 0.00723772301234032 0.00508168813679904 0.00384039325626944 0.0155395325708603 0.00515703161260378
"чувствует" 0 0.012045290291496 0.00275580786507565 0.00361886150617016 0.00762253220519857 0 0.0124316260566882 0.0154710948378114
"чужой" 0.0155806924059705 0.00301132257287401 0 0.021713169037021 0.00762253220519857 0.00384039325626944 0 0
"шагами" 0.0031161384811941 0.00602264514574801 0.00275580786507565 0.0108565845185105 0.0101633762735981 0.0153615730250778 0 0.00515703161260378
"шагов" 0.0186968308871646 0.00301132257287401 0 0.00361886150617016 0.0127042203419976 0.0115211797688083 0 0
"шпильце" 0 0.0481811611659841 0 0 0 0 0 0
"экой" 0.0373936617743292 0 0.00826742359522694 0.00361886150617016 0 0 0 0
"экономка" 0 0.00301132257287401 0.0413371179761347 0 0 0 0 0
"антоном" 0.0467420772179116 0 0 0 0 0 0 0
"аркадий" 0 0 0 0.0542829225925524 0 0 0 0
"ат" 0.0467420772179116 0 0 0 0 0 0 0
"бека" 0 0 0.00275580786507565 0 0.0355718169575933 0 0 0
"белом" 0.00934841544358231 0.012045290291496 0.00275580786507565 0.0108565845185105 0.00508168813679904 0.00768078651253888 0 0
"близ" 0.00623227696238821 0.00301132257287401 0 0 0.0177859084787967 0.0115211797688083 0 0.0103140632252076
"большую" 0.00623227696238821 0.00602264514574801 0.0165348471904539 0.0108565845185105 0 0 0.00310790651417205 0.00515703161260378
"борисыч" 0 0.0451698385931101 0 0 0 0 0 0
"верить" 0.0031161384811941 0 0 0.00723772301234032 0.0177859084787967 0.00384039325626944 0.0124316260566882 0
"вечеру" 0.00623227696238821 0.0240905805829921 0 0 0.00762253220519857 0.00384039325626944 0.00310790651417205 0
"взором" 0.00623227696238821 0 0 0.00361886150617016 0.0203267525471962 0 0.00932371954251616 0.00515703161260378
"взяла" 0.0155806924059705 0 0.0110232314603026 0.00361886150617016 0.00508168813679904 0.0115211797688083 0 0
"видать" 0.0155806924059705 0.00602264514574801 0.00275580786507565 0.00361886150617016 0.00254084406839952 0.0115211797688083 0 0.0103140632252076
"виноват" 0 0.00903396771862202 0.0137790393253782 0.0144754460246806 0.00762253220519857 0 0 0
"возле" 0 0 0 0 0 0.034563539306425 0.0186474390850323 0
"вышло" 0.0124645539247764 0.00301132257287401 0.0110232314603026 0.0180943075308508 0 0.00384039325626944 0 0
"глава" 0 0 0 0 0.0381126610259928 0 0 0
"глядь" 0.0031161384811941 0 0 0 0 0.0537655055877722 0 0
"горах" 0 0 0 0 0.0381126610259928 0 0 0
"гору" 0.00934841544358231 0.00301132257287401 0 0.00361886150617016 0.0203267525471962 0.00384039325626944 0 0.00515703161260378
"дама" 0 0.018067935437244 0.0137790393253782 0.00361886150617016 0 0 0.00932371954251616 0
"дербент" 0 0 0 0 0.0381126610259928 0 0 0
"деревню" 0.0249291078495528 0.00301132257287401 0.00275580786507565 0 0.0127042203419976 0 0 0
"держать" 0.0031161384811941 0.012045290291496 0.00551161573015129 0.00361886150617016 0.00762253220519857 0.0115211797688083 0.00310790651417205 0
"доволен" 0.00623227696238821 0.012045290291496 0.00826742359522694 0 0.00762253220519857 0 0.00310790651417205 0.0103140632252076
"досады" 0.0031161384811941 0.00903396771862202 0.00551161573015129 0 0.0101633762735981 0.00768078651253888 0.00621581302834411 0.00515703161260378
"дочерью" 0 0.00903396771862202 0.0192906550555295 0.00723772301234032 0.00508168813679904 0 0 0.00515703161260378
"другому" 0.0124645539247764 0.00903396771862202 0 0.00361886150617016 0.00508168813679904 0.00768078651253888 0.00932371954251616 0
"другою" 0.0186968308871646 0.00301132257287401 0 0.00361886150617016 0 0.0115211797688083 0.0124316260566882 0
"дурень" 0.00623227696238821 0 0 0 0 0.0499251123315027 0 0
"духу" 0.00934841544358231 0.00903396771862202 0 0.0108565845185105 0 0.0115211797688083 0.00932371954251616 0
"ехал" 0.00623227696238821 0 0.00275580786507565 0 0.0254084406839952 0 0 0.0103140632252076
"жалко" 0.00623227696238821 0 0.00826742359522694 0.0253320305431911 0.00508168813679904 0.00384039325626944 0 0
"заботливо" 0.00934841544358231 0.00903396771862202 0.00275580786507565 0.00361886150617016 0.0152450644103971 0.00384039325626944 0 0
"замечал" 0.00623227696238821 0.00602264514574801 0.0110232314603026 0.00723772301234032 0 0 0.0155395325708603 0
"идут" 0.0031161384811941 0 0.0110232314603026 0.0108565845185105 0.00254084406839952 0 0.00310790651417205 0.0257851580630189
"история" 0 0.00903396771862202 0.00826742359522694 0.00361886150617016 0.00508168813679904 0.00384039325626944 0.0155395325708603 0
"итак" 0.0031161384811941 0.01505661286437 0.00275580786507565 0.00361886150617016 0.0127042203419976 0 0 0.0103140632252076
"князем" 0 0.00301132257287401 0.00826742359522694 0 0 0 0 0.0567273477386416
"коих" 0 0.00301132257287401 0 0 0.0228675966155957 0.00384039325626944 0.00621581302834411 0.0103140632252076
"кричать" 0.0218129693683587 0 0.00826742359522694 0.00723772301234032 0.00254084406839952 0 0.00310790651417205 0.00515703161260378
"кусок" 0.0031161384811941 0.00903396771862202 0.00551161573015129 0.0108565845185105 0.00254084406839952 0.0192019662813472 0 0
"лежала" 0.0031161384811941 0.012045290291496 0.0110232314603026 0.00361886150617016 0.00508168813679904 0.00384039325626944 0.00310790651417205 0.00515703161260378
"лиза" 0 0 0 0.0361886150617016 0 0 0.0155395325708603 0
"лошадей" 0.0249291078495528 0.00903396771862202 0.00275580786507565 0 0.00508168813679904 0.00384039325626944 0 0
"матюшка" 0.0467420772179116 0 0 0 0 0 0 0
"милость" 0.0155806924059705 0.00301132257287401 0.00826742359522694 0 0.00508168813679904 0.00384039325626944 0 0.0154710948378114
"мнению" 0.0031161384811941 0.00903396771862202 0.00826742359522694 0 0.00254084406839952 0 0.0217553455992044 0
"надежды" 0 0.00903396771862202 0.00275580786507565 0 0.0101633762735981 0 0.0155395325708603 0.0103140632252076
"название" 0 0.01505661286437 0 0 0.00508168813679904 0 0.0248632521133764 0
"назвать" 0 0.00301132257287401 0.00551161573015129 0.0108565845185105 0 0.00768078651253888 0.0217553455992044 0
"наземь" 0.0373936617743292 0 0 0 0.00762253220519857 0 0 0
"написал" 0.00623227696238821 0 0.0192906550555295 0.00723772301234032 0.00254084406839952 0 0.00621581302834411 0.00515703161260378
"написано" 0 0.00301132257287401 0.00826742359522694 0.00361886150617016 0 0.0115211797688083 0.0155395325708603 0.0103140632252076
"насилу" 0.0124645539247764 0 0 0.00723772301234032 0.0101633762735981 0.0115211797688083 0 0.0103140632252076
"немало" 0.0124645539247764 0 0 0.0289508920493613 0 0.0115211797688083 0 0
"нередко" 0.00623227696238821 0 0.00275580786507565 0.00361886150617016 0.0279492847523947 0 0 0
"несчастный" 0.0031161384811941 0.00602264514574801 0 0.00361886150617016 0 0.00384039325626944 0.0279711586275485 0.00515703161260378
"нижнего" 0.0031161384811941 0 0 0 0 0 0 0.072198442576453
"обросимова" 0 0 0 0.0542829225925524 0 0 0 0
"обстоятельства" 0 0.021079258010118 0 0.0108565845185105 0.00508168813679904 0 0.00932371954251616 0
"окончательно" 0.00934841544358231 0.01505661286437 0.0137790393253782 0.00723772301234032 0 0 0 0
"осталась" 0.0031161384811941 0.021079258010118 0.00551161573015129 0.00723772301234032 0.00254084406839952 0 0.00310790651417205 0.00515703161260378
"остановилась" 0.0124645539247764 0.018067935437244 0.00551161573015129 0.00361886150617016 0 0 0.00621581302834411 0
"пальцем" 0.0031161384811941 0 0.0165348471904539 0 0.00254084406839952 0.0268827527938861 0 0
"первое" 0.0031161384811941 0.00903396771862202 0.00826742359522694 0 0.0101633762735981 0 0.00932371954251616 0.00515703161260378
"подал" 0.00934841544358231 0.00301132257287401 0.0220464629206052 0.00361886150617016 0 0 0.00310790651417205 0.00515703161260378
"поднялись" 0.00934841544358231 0 0 0.0108565845185105 0.00508168813679904 0.0115211797688083 0.00310790651417205 0.0154710948378114
"поднялся" 0.00934841544358231 0.00301132257287401 0.00275580786507565 0 0.00508168813679904 0.0230423595376167 0.00621581302834411 0
"показалась" 0.00934841544358231 0.00602264514574801 0 0 0 0.0230423595376167 0.00932371954251616 0.00515703161260378
"показались" 0.00623227696238821 0.00602264514574801 0.00826742359522694 0.00361886150617016 0.00508168813679904 0 0.00932371954251616 0.0103140632252076
"показался" 0.00623227696238821 0.00301132257287401 0.00826742359522694 0.00361886150617016 0.00254084406839952 0.0192019662813472 0 0.0103140632252076
"пол" 0.0031161384811941 0.021079258010118 0 0.00361886150617016 0.00762253220519857 0.00768078651253888 0 0.00515703161260378
"помню" 0.0031161384811941 0 0.00551161573015129 0.0108565845185105 0.00762253220519857 0.0115211797688083 0.00932371954251616 0
"помощи" 0.0031161384811941 0 0 0.0108565845185105 0.00508168813679904 0 0.0155395325708603 0.0206281264504151
"понимал" 0 0.00903396771862202 0.00551161573015129 0.0253320305431911 0.00254084406839952 0 0.00310790651417205 0.00515703161260378
"последних" 0 0.00602264514574801 0.0165348471904539 0.00361886150617016 0 0.0153615730250778 0.00621581302834411 0
"последнюю" 0.0155806924059705 0.00301132257287401 0 0.00361886150617016 0.00508168813679904 0 0.0186474390850323 0
"послышалось" 0.0155806924059705 0 0.00275580786507565 0.00723772301234032 0.00762253220519857 0.00768078651253888 0.00310790651417205 0.00515703161260378
"предметы" 0.0124645539247764 0 0.00551161573015129 0.00723772301234032 0.00762253220519857 0 0.0124316260566882 0
"примерно" 0.0280452463307469 0 0 0 0 0.0230423595376167 0 0
"причина" 0.0031161384811941 0.00602264514574801 0.00826742359522694 0.00361886150617016 0.00254084406839952 0 0.0217553455992044 0
"прошел" 0.0124645539247764 0.00602264514574801 0.00551161573015129 0.0108565845185105 0.00254084406839952 0 0.00932371954251616 0
"прощайте" 0.0124645539247764 0.00602264514574801 0.0110232314603026 0.0108565845185105 0.00254084406839952 0.00384039325626944 0 0
"пяти" 0.00934841544358231 0.01505661286437 0.0110232314603026 0.00361886150617016 0.00254084406839952 0.00384039325626944 0 0
"родился" 0.00623227696238821 0.00602264514574801 0.00275580786507565 0.0180943075308508 0 0 0.00932371954251616 0.0103140632252076
"родные" 0.0124645539247764 0 0.0110232314603026 0 0.00254084406839952 0 0.0124316260566882 0.0103140632252076
"роду" 0.00934841544358231 0.00903396771862202 0 0 0.00254084406839952 0.0192019662813472 0.00310790651417205 0.0103140632252076
"русским" 0 0 0 0 0.0330309728891938 0 0 0.0103140632252076
"садись" 0.0186968308871646 0.00301132257287401 0 0 0.0127042203419976 0 0.00310790651417205 0.0103140632252076
"сказав" 0.0155806924059705 0.00301132257287401 0.00826742359522694 0 0.00508168813679904 0.00768078651253888 0.00621581302834411 0
"сказано" 0 0.00903396771862202 0.00275580786507565 0.0108565845185105 0.00508168813679904 0.0153615730250778 0.00310790651417205 0.00515703161260378
"сказывают" 0.0405098002555234 0.00301132257287401 0 0 0 0 0 0.00515703161260378
"слове" 0.0031161384811941 0.00301132257287401 0.00551161573015129 0.00723772301234032 0.0127042203419976 0.0115211797688083 0.00310790651417205 0
"смеясь" 0.0031161384811941 0 0 0 0 0.0192019662813472 0.00621581302834411 0.0360992212882265
"стада" 0.00623227696238821 0 0 0.00361886150617016 0.0228675966155957 0 0 0.0154710948378114
"страхом" 0.0031161384811941 0.00301132257287401 0 0.0108565845185105 0.0177859084787967 0.00384039325626944 0.00310790651417205 0.00515703161260378
"суда" 0 0 0.0110232314603026 0 0.00762253220519857 0.00384039325626944 0 0.0360992212882265
"счастия" 0 0.00301132257287401 0 0 0.0152450644103971 0 0.0217553455992044 0.00515703161260378
"такими" 0.00934841544358231 0 0.00551161573015129 0.00361886150617016 0.00254084406839952 0.0153615730250778 0.00621581302834411 0.0103140632252076
"татар" 0 0 0 0 0.0228675966155957 0 0 0.0309421896756227
"тетка" 0.0155806924059705 0 0 0 0 0.0384039325626944 0 0
"туман" 0.00934841544358231 0 0.00275580786507565 0.00361886150617016 0.0127042203419976 0.00768078651253888 0.00621581302834411 0.00515703161260378
"улыбкою" 0 0.00301132257287401 0.0165348471904539 0.00361886150617016 0.0152450644103971 0 0.00310790651417205 0
"улыбнулся" 0.0031161384811941 0.00602264514574801 0.0220464629206052 0.00361886150617016 0 0 0.00621581302834411 0.00515703161260378
"умел" 0 0.00903396771862202 0.00275580786507565 0 0 0.0115211797688083 0.00621581302834411 0.0309421896756227
"французски" 0 0.00602264514574801 0.0330696943809078 0.00361886150617016 0 0 0 0
"цели" 0 0.00301132257287401 0.0110232314603026 0.0108565845185105 0 0.00384039325626944 0.0186474390850323 0
"черный" 0.0155806924059705 0.00301132257287401 0.00826742359522694 0 0 0.00768078651253888 0.00932371954251616 0.00515703161260378
"черти" 0.00934841544358231 0 0 0.0325697535555314 0.00254084406839952 0.00768078651253888 0 0
"шумом" 0.0124645539247764 0 0 0 0.0152450644103971 0.0192019662813472 0 0
"щеки" 0.0031161384811941 0.00301132257287401 0.00551161573015129 0.00723772301234032 0.00508168813679904 0.0268827527938861 0 0
"экзархатов" 0 0 0.0413371179761347 0 0 0 0 0
"юзич" 0 0.0451698385931101 0 0 0 0 0 0
"lle" 0 0 0.0413371179761347 0 0 0 0 0
"m" 0 0.0240905805829921 0.0192906550555295 0 0 0 0 0
"авось" 0.0249291078495528 0.00602264514574801 0 0 0.00508168813679904 0.00384039325626944 0 0.00515703161260378
"барина" 0.0249291078495528 0.00903396771862202 0 0.0108565845185105 0 0 0 0
"ведет" 0 0.012045290291496 0.00275580786507565 0.00723772301234032 0.00508168813679904 0 0.00621581302834411 0.0154710948378114
"вздохнула" 0.00934841544358231 0.00301132257287401 0.0165348471904539 0.0108565845185105 0 0 0 0.00515703161260378
"вздохом" 0.0031161384811941 0.018067935437244 0.00551161573015129 0.00723772301234032 0.00762253220519857 0 0 0
"взоры" 0 0 0 0.00361886150617016 0.00762253220519857 0 0.00932371954251616 0.0360992212882265
"взяли" 0.0186968308871646 0.012045290291496 0.00275580786507565 0 0.00762253220519857 0 0 0
"винокур" 0 0 0 0 0 0.0537655055877722 0 0
"вниманием" 0.00623227696238821 0.00903396771862202 0.0110232314603026 0.00723772301234032 0.00508168813679904 0 0.00310790651417205 0
"внимательно" 0 0.00602264514574801 0.0192906550555295 0.0108565845185105 0.00254084406839952 0.00384039325626944 0 0
"воздуха" 0 0.012045290291496 0 0 0.0127042203419976 0.00768078651253888 0.00932371954251616 0
"воображение" 0 0.00301132257287401 0.00551161573015129 0.00361886150617016 0.0127042203419976 0 0.0155395325708603 0
"вошли" 0.00623227696238821 0.00602264514574801 0.00826742359522694 0.00361886150617016 0 0.00384039325626944 0.00310790651417205 0.0206281264504151
"встретил" 0.00934841544358231 0.00301132257287401 0.00275580786507565 0.00361886150617016 0.0127042203419976 0.00384039325626944 0.00310790651417205 0.00515703161260378
"выражением" 0 0.00602264514574801 0.0110232314603026 0.00361886150617016 0 0.00384039325626944 0.0155395325708603 0.00515703161260378
"выражения" 0 0.00903396771862202 0.00275580786507565 0.0108565845185105 0.00508168813679904 0 0.0155395325708603 0
"выходил" 0 0.01505661286437 0.0165348471904539 0 0.00508168813679904 0 0 0.00515703161260378
"генеральше" 0 0.018067935437244 0.0220464629206052 0 0 0 0 0
"глубоко" 0.0031161384811941 0.00903396771862202 0.00826742359522694 0.00723772301234032 0.0127042203419976 0 0 0
"гнев" 0 0.00301132257287401 0.00551161573015129 0 0.00762253220519857 0.0153615730250778 0 0.0206281264504151
"гордо" 0 0.00301132257287401 0.00551161573015129 0 0.0127042203419976 0.0115211797688083 0.00310790651417205 0.0103140632252076
"гордость" 0 0 0.0137790393253782 0.0144754460246806 0.00254084406839952 0 0.0124316260566882 0
"гулять" 0 0 0.00551161573015129 0.0289508920493613 0.00508168813679904 0.00768078651253888 0 0
"делали" 0.00623227696238821 0.00602264514574801 0.0192906550555295 0 0.00254084406839952 0 0.00310790651417205 0.00515703161260378
"дерев" 0.0218129693683587 0 0 0.00361886150617016 0 0.0115211797688083 0 0.0154710948378114
"добрая" 0.0124645539247764 0 0.00275580786507565 0.0144754460246806 0.00508168813679904 0.00384039325626944 0.00310790651417205 0.00515703161260378
"досадою" 0.0124645539247764 0 0.0192906550555295 0.00723772301234032 0 0 0.00310790651417205 0
"достаточно" 0.0031161384811941 0.0301132257287401 0.00275580786507565 0.00361886150617016 0 0 0.00310790651417205 0
"дружбе" 0.0031161384811941 0.00602264514574801 0.00551161573015129 0.00723772301234032 0.00762253220519857 0 0 0.0206281264504151
"дым" 0 0 0.00551161573015129 0 0.0101633762735981 0.00768078651253888 0.00621581302834411 0.0206281264504151
"егорка" 0 0 0 0.0506640610863822 0 0 0 0
"ел" 0.0249291078495528 0 0.00826742359522694 0 0.00254084406839952 0 0.00310790651417205 0.00515703161260378
"желал" 0 0.00602264514574801 0.0110232314603026 0 0.0127042203419976 0 0.00621581302834411 0.00515703161260378
"житье" 0.0218129693683587 0 0.00275580786507565 0.00723772301234032 0.00254084406839952 0.00384039325626944 0.00310790651417205 0.00515703161260378
"задумчиво" 0.0031161384811941 0 0.00551161573015129 0.0144754460246806 0 0.00768078651253888 0.00310790651417205 0.0206281264504151
"законы" 0 0 0 0 0.0101633762735981 0 0.0310790651417205 0
"заставляет" 0 0.00301132257287401 0 0 0.0127042203419976 0.00768078651253888 0.0186474390850323 0
"зло" 0.00934841544358231 0 0.0110232314603026 0.00723772301234032 0.00508168813679904 0.00384039325626944 0.00310790651417205 0.00515703161260378
"знакомый" 0.00934841544358231 0.012045290291496 0.00826742359522694 0.00361886150617016 0.00508168813679904 0.00384039325626944 0 0
"знакомых" 0 0.00301132257287401 0.0165348471904539 0.0253320305431911 0 0 0 0
"иду" 0.0280452463307469 0.00602264514574801 0 0 0.00254084406839952 0.00384039325626944 0 0.00515703161260378
"изволили" 0.00934841544358231 0.00301132257287401 0.0275580786507565 0 0 0 0 0
"именем" 0 0.0271019031558661 0 0 0.0101633762735981 0 0 0.00515703161260378
"истины" 0 0.00301132257287401 0 0.0108565845185105 0.0101633762735981 0 0.0186474390850323 0
"й" 0 0.00602264514574801 0.00551161573015129 0 0.00508168813679904 0.0268827527938861 0.00310790651417205 0
"касается" 0 0.00602264514574801 0.0110232314603026 0 0.0101633762735981 0 0.0124316260566882 0
"книг" 0 0.00602264514574801 0.0137790393253782 0.00723772301234032 0.00254084406839952 0 0.0124316260566882 0
"княгине" 0 0.0421585160202361 0 0 0 0 0 0
"коленях" 0 0.00301132257287401 0.00551161573015129 0 0.0152450644103971 0 0.00310790651417205 0.0206281264504151
"кони" 0 0 0 0.00361886150617016 0.0279492847523947 0.00384039325626944 0 0.00515703161260378
"кончено" 0 0.012045290291496 0.00275580786507565 0 0.0152450644103971 0 0 0.0154710948378114
"купить" 0.0124645539247764 0.00301132257287401 0.0137790393253782 0.00361886150617016 0.00254084406839952 0 0.00310790651417205 0.00515703161260378
"лат" 0 0.00301132257287401 0.00826742359522694 0.00361886150617016 0.00508168813679904 0 0.0217553455992044 0
"ловко" 0.00623227696238821 0.01505661286437 0.00275580786507565 0.00723772301234032 0.00254084406839952 0.00384039325626944 0 0.0103140632252076
"любезный" 0 0.00903396771862202 0.00551161573015129 0 0.0177859084787967 0 0.00310790651417205 0.00515703161260378
"малейшего" 0.00934841544358231 0.0240905805829921 0 0 0.00508168813679904 0 0.00310790651417205 0
"махнул" 0.0155806924059705 0.00301132257287401 0 0.0108565845185105 0.0101633762735981 0 0 0.00515703161260378
"меч" 0 0 0 0 0.0152450644103971 0 0 0.0412562529008303
"мол" 0.0280452463307469 0.01505661286437 0 0 0 0 0 0
"навсегда" 0.0031161384811941 0.00903396771862202 0.00275580786507565 0.0108565845185105 0.0127042203419976 0 0 0.00515703161260378
"недели" 0.0031161384811941 0.00602264514574801 0.0110232314603026 0.00361886150617016 0.00508168813679904 0 0.00621581302834411 0.0103140632252076
"недостает" 0 0 0 0 0.00508168813679904 0.0153615730250778 0.0124316260566882 0.0206281264504151
"неподвижно" 0.00934841544358231 0.00903396771862202 0 0.00723772301234032 0.00254084406839952 0.00768078651253888 0.00310790651417205 0.0103140632252076
"нечто" 0 0.021079258010118 0.00275580786507565 0 0 0 0.0186474390850323 0
"новой" 0 0.00602264514574801 0 0.0180943075308508 0.00508168813679904 0.00384039325626944 0.00932371954251616 0.00515703161260378
"новую" 0.0031161384811941 0.00602264514574801 0.00275580786507565 0.00361886150617016 0.00254084406839952 0.0115211797688083 0.0155395325708603 0
"обо" 0.0031161384811941 0.00602264514574801 0.00551161573015129 0.00361886150617016 0.00254084406839952 0 0.0155395325708603 0.0103140632252076
"оставь" 0.0218129693683587 0.00301132257287401 0 0.00723772301234032 0.00762253220519857 0.00384039325626944 0 0
"открыл" 0 0.00301132257287401 0.00275580786507565 0.00723772301234032 0.0127042203419976 0 0.0124316260566882 0.00515703161260378
"пальцами" 0.0031161384811941 0.01505661286437 0.00275580786507565 0.00723772301234032 0 0.0115211797688083 0.00621581302834411 0
"пальцы" 0.0031161384811941 0.01505661286437 0.00551161573015129 0.00361886150617016 0 0.0153615730250778 0.00310790651417205 0
"пахом" 0 0.0421585160202361 0 0 0 0 0 0
"петербурге" 0.0031161384811941 0.021079258010118 0.0137790393253782 0 0 0.00384039325626944 0 0
"пешком" 0 0.00602264514574801 0.0192906550555295 0 0.00254084406839952 0.0115211797688083 0 0.00515703161260378
"пил" 0.0124645539247764 0 0.0192906550555295 0.00361886150617016 0.00254084406839952 0 0.00310790651417205 0
"покраснел" 0 0.00301132257287401 0.00826742359522694 0.0253320305431911 0.00254084406839952 0 0 0.0103140632252076
"положении" 0.0031161384811941 0.00602264514574801 0.0137790393253782 0.0108565845185105 0.00254084406839952 0.00384039325626944 0.00310790651417205 0
"положил" 0.0031161384811941 0.00903396771862202 0.0110232314603026 0.00361886150617016 0.00254084406839952 0.0115211797688083 0 0.00515703161260378
"полу" 0.0186968308871646 0.00301132257287401 0.00551161573015129 0 0.00254084406839952 0.0115211797688083 0 0.00515703161260378
"привез" 0 0.00602264514574801 0.00826742359522694 0.00723772301234032 0.0101633762735981 0.00768078651253888 0 0.00515703161260378
"принести" 0 0.00602264514574801 0.00826742359522694 0.00361886150617016 0.00762253220519857 0 0.0155395325708603 0
"принялись" 0.0218129693683587 0 0.00275580786507565 0 0 0.0153615730250778 0.00621581302834411 0
"причины" 0 0.018067935437244 0 0.00361886150617016 0.00508168813679904 0 0.0155395325708603 0
"просить" 0.00623227696238821 0.00903396771862202 0.0137790393253782 0.00723772301234032 0.00254084406839952 0 0 0.00515703161260378
"рассказывать" 0.00623227696238821 0 0.00275580786507565 0 0 0.034563539306425 0.00310790651417205 0.00515703161260378
"ровно" 0.00623227696238821 0.012045290291496 0.00826742359522694 0.00723772301234032 0 0.0115211797688083 0 0
"родимый" 0.0342775232931351 0 0 0.00361886150617016 0 0 0 0.0103140632252076
"русскими" 0 0 0 0 0.0304901288207943 0 0.00310790651417205 0.00515703161260378
"связи" 0 0.00602264514574801 0 0 0.0101633762735981 0 0.0248632521133764 0
"селтанету" 0 0 0 0 0.0355718169575933 0 0 0
"серебром" 0 0.00301132257287401 0.0248022707856808 0 0.00508168813679904 0.00384039325626944 0 0.00515703161260378
"сильное" 0 0.00301132257287401 0.0192906550555295 0.00723772301234032 0.00254084406839952 0 0.00621581302834411 0.00515703161260378
"слышно" 0.00623227696238821 0.00602264514574801 0.00275580786507565 0.0144754460246806 0 0.0115211797688083 0 0.0103140632252076
"состояния" 0 0.021079258010118 0.00826742359522694 0 0 0 0.0124316260566882 0
"спит" 0.0031161384811941 0.00903396771862202 0.00275580786507565 0.00723772301234032 0.00508168813679904 0.0115211797688083 0 0.0103140632252076
"старики" 0.0031161384811941 0 0.00275580786507565 0.00361886150617016 0.0101633762735981 0.00384039325626944 0.00621581302834411 0.0206281264504151
"стоило" 0.00934841544358231 0 0.00551161573015129 0.00723772301234032 0.00508168813679904 0.0115211797688083 0.00621581302834411 0
"сторонам" 0.0155806924059705 0.00602264514574801 0.00275580786507565 0.00361886150617016 0.0101633762735981 0.00384039325626944 0 0
"странно" 0 0.00301132257287401 0.0110232314603026 0.0253320305431911 0.00254084406839952 0 0.00310790651417205 0
"странное" 0 0.00602264514574801 0.00551161573015129 0.00723772301234032 0 0.0115211797688083 0.0155395325708603 0
"суд" 0.0124645539247764 0.00301132257287401 0.0137790393253782 0 0.00762253220519857 0 0.00310790651417205 0
"счастие" 0 0 0.00275580786507565 0 0.0177859084787967 0 0.0186474390850323 0
"татарин" 0 0 0 0 0.0203267525471962 0 0 0.0309421896756227
"твоих" 0 0 0.00275580786507565 0 0.0127042203419976 0 0.0155395325708603 0.0154710948378114
"темной" 0.0031161384811941 0.01505661286437 0 0.0144754460246806 0 0.00768078651253888 0.00310790651417205 0.00515703161260378
"темные" 0.00623227696238821 0.021079258010118 0 0 0.00254084406839952 0.00384039325626944 0.00932371954251616 0
"терка" 0 0 0.0385813101110591 0 0 0 0 0
"тоска" 0.00623227696238821 0.00301132257287401 0 0.00723772301234032 0.0127042203419976 0.00384039325626944 0.00621581302834411 0.00515703161260378
"трубку" 0.0031161384811941 0 0.0275580786507565 0 0.00508168813679904 0 0.00310790651417205 0
"труп" 0 0.00301132257287401 0 0 0.0228675966155957 0.00384039325626944 0.00621581302834411 0.00515703161260378
"увидев" 0 0 0.0192906550555295 0.00361886150617016 0.00508168813679904 0.00768078651253888 0.00310790651417205 0.00515703161260378
"участие" 0.0031161384811941 0.00602264514574801 0.0137790393253782 0.00723772301234032 0.00762253220519857 0 0.00310790651417205 0
"учитель" 0 0.00301132257287401 0.0165348471904539 0.0180943075308508 0 0 0.00621581302834411 0
"хороша" 0 0.01505661286437 0.00826742359522694 0 0.00508168813679904 0.0115211797688083 0 0.00515703161260378
"хунзаха" 0 0 0 0 0.0355718169575933 0 0 0
"часам" 0 0.018067935437244 0.0110232314603026 0.00361886150617016 0.00508168813679904 0 0.00310790651417205 0
"человечество" 0 0 0 0.00723772301234032 0.00254084406839952 0 0.0310790651417205 0.00515703161260378
"чисто" 0 0.00301132257287401 0.00551161573015129 0.0144754460246806 0.00762253220519857 0 0.0124316260566882 0
"читатель" 0 0.012045290291496 0.00826742359522694 0.0144754460246806 0.00254084406839952 0 0.00310790651417205 0.00515703161260378
"шатра" 0 0 0 0 0 0.00384039325626944 0 0.0670414109638492
"являлся" 0.00623227696238821 0.00903396771862202 0.0248022707856808 0 0 0 0 0
"est" 0 0.0271019031558661 0.00275580786507565 0 0.00254084406839952 0 0.00932371954251616 0
"бери" 0.031161384811941 0 0 0.0108565845185105 0 0 0 0
"благодарю" 0 0.00301132257287401 0.0192906550555295 0.0108565845185105 0.00508168813679904 0 0 0
"веков" 0 0 0 0 0.0127042203419976 0.00384039325626944 0.0186474390850323 0.00515703161260378
"верил" 0 0 0.00275580786507565 0.021713169037021 0 0.00768078651253888 0.0124316260566882 0
"вещи" 0 0.01505661286437 0 0 0.00508168813679904 0 0.0186474390850323 0
"вещь" 0 0.012045290291496 0.00551161573015129 0.00723772301234032 0.0101633762735981 0 0.00310790651417205 0
"взаправду" 0.0405098002555234 0 0 0 0 0 0 0
"взглянув" 0.00623227696238821 0.00602264514574801 0.0165348471904539 0 0.00254084406839952 0 0.00310790651417205 0.00515703161260378
"власти" 0 0.00301132257287401 0.00275580786507565 0.00361886150617016 0.00762253220519857 0 0.00932371954251616 0.0206281264504151
"внутри" 0 0 0 0.00361886150617016 0.0101633762735981 0.00768078651253888 0.0155395325708603 0.00515703161260378
"возвратился" 0 0.012045290291496 0.0137790393253782 0 0 0 0.00932371954251616 0.00515703161260378
"вошла" 0.00623227696238821 0.01505661286437 0.00826742359522694 0.00361886150617016 0.00254084406839952 0 0.00310790651417205 0
"всадник" 0 0 0 0 0.0330309728891938 0 0 0
"вследствие" 0.00623227696238821 0 0.0192906550555295 0 0 0.00768078651253888 0.00621581302834411 0
"всяких" 0.0031161384811941 0.00301132257287401 0.00551161573015129 0.00723772301234032 0.00508168813679904 0.0153615730250778 0.00310790651417205 0
"второй" 0 0.00903396771862202 0.00551161573015129 0.00361886150617016 0.0152450644103971 0 0 0.00515703161260378
"вышли" 0.0031161384811941 0 0.0137790393253782 0.00361886150617016 0.00508168813679904 0 0.00621581302834411 0.0103140632252076
"глубине" 0 0.00903396771862202 0 0 0.00254084406839952 0.0115211797688083 0.0186474390850323 0
"го" 0.0218129693683587 0 0.00826742359522694 0 0.00508168813679904 0 0 0.00515703161260378
"говор" 0.0031161384811941 0.00602264514574801 0 0 0.00762253220519857 0.0192019662813472 0.00310790651417205 0.00515703161260378
"говорится" 0.00623227696238821 0 0.00826742359522694 0 0.00254084406839952 0.0192019662813472 0.00621581302834411 0
"гордости" 0.0031161384811941 0.01505661286437 0 0.0108565845185105 0.00254084406839952 0.00384039325626944 0.00310790651417205 0.00515703161260378
"гостиной" 0 0.00602264514574801 0.0248022707856808 0 0 0 0.00621581302834411 0
"грязи" 0.0124645539247764 0.00903396771862202 0.00275580786507565 0.00723772301234032 0.00508168813679904 0.00384039325626944 0 0
"давал" 0 0.01505661286437 0 0.021713169037021 0.00254084406839952 0.00384039325626944 0 0
"дали" 0.0031161384811941 0.00301132257287401 0 0 0.0177859084787967 0.00768078651253888 0.00621581302834411 0
"дам" 0.0124645539247764 0.00903396771862202 0.00275580786507565 0 0 0.0115211797688083 0.00310790651417205 0.00515703161260378
"двое" 0.00934841544358231 0.00602264514574801 0.00275580786507565 0.00723772301234032 0.0101633762735981 0 0 0.00515703161260378
"двора" 0.0155806924059705 0 0.00551161573015129 0 0.00508168813679904 0 0.00310790651417205 0.0154710948378114
"дербента" 0 0 0 0 0.0330309728891938 0 0 0
"друзей" 0 0.00301132257287401 0 0.00361886150617016 0.0101633762735981 0 0.0155395325708603 0.0103140632252076
"ждать" 0.0031161384811941 0.00602264514574801 0.00551161573015129 0 0.00508168813679904 0.00768078651253888 0.00310790651417205 0.0154710948378114
"жениться" 0 0 0.0192906550555295 0.00361886150617016 0.00254084406839952 0.0115211797688083 0.00310790651417205 0
"задумался" 0 0.00301132257287401 0.0137790393253782 0.021713169037021 0 0 0.00310790651417205 0
"закричали" 0.00934841544358231 0 0 0 0.00762253220519857 0.0230423595376167 0.00310790651417205 0
"заранее" 0 0.012045290291496 0.00275580786507565 0 0.0127042203419976 0 0.00621581302834411 0.00515703161260378
"здравствуй" 0.0124645539247764 0.00301132257287401 0.00275580786507565 0 0.00254084406839952 0.00384039325626944 0.00621581302834411 0.0154710948378114
"здравствуйте" 0.00934841544358231 0 0.0165348471904539 0.0144754460246806 0 0 0 0
"зла" 0.00623227696238821 0.00602264514574801 0.00275580786507565 0.0108565845185105 0 0 0.00310790651417205 0.0206281264504151
"золотой" 0.00623227696238821 0.012045290291496 0 0 0 0.0115211797688083 0 0.0206281264504151
"золотом" 0 0 0 0 0 0.0153615730250778 0 0.0464132845134341
"изредка" 0.00623227696238821 0.00301132257287401 0.00275580786507565 0.0108565845185105 0.00508168813679904 0.0115211797688083 0.00310790651417205 0
"изумлением" 0 0.00301132257287401 0 0.00723772301234032 0.0127042203419976 0.00768078651253888 0.00621581302834411 0.00515703161260378
"имею" 0 0.00602264514574801 0.0110232314603026 0.00361886150617016 0.0127042203419976 0 0.00310790651417205 0
"имеют" 0 0.00301132257287401 0.0110232314603026 0.00723772301234032 0.00508168813679904 0 0.0124316260566882 0
"искать" 0.0031161384811941 0.00602264514574801 0 0 0.0101633762735981 0 0.0124316260566882 0.0103140632252076
"искусства" 0 0 0 0 0.00762253220519857 0 0.0310790651417205 0
"кинулся" 0.0218129693683587 0 0 0 0.0127042203419976 0.00384039325626944 0 0
"ключ" 0 0.012045290291496 0 0.00361886150617016 0.0101633762735981 0.0115211797688083 0.00310790651417205 0
"книга" 0 0.012045290291496 0.00551161573015129 0.00361886150617016 0 0 0.0186474390850323 0
"кричит" 0.0031161384811941 0 0.00275580786507565 0.0180943075308508 0 0.00768078651253888 0 0.0206281264504151
"ксения" 0 0 0.00275580786507565 0 0 0 0 0.0618843793512454
"лбу" 0.0124645539247764 0 0.00275580786507565 0.00361886150617016 0.00508168813679904 0.0153615730250778 0.00310790651417205 0
"леночку" 0 0 0 0.0470451995802121 0 0 0 0
"мельник" 0.0405098002555234 0 0 0 0 0 0 0
"мертвец" 0 0 0.00275580786507565 0 0.00508168813679904 0.00768078651253888 0.0248632521133764 0
"местами" 0.0186968308871646 0.00602264514574801 0.00275580786507565 0 0 0.0153615730250778 0 0
"мешает" 0.0031161384811941 0.00903396771862202 0 0.00361886150617016 0.00254084406839952 0.00768078651253888 0.0155395325708603 0
"московский" 0 0 0 0 0 0 0 0.0670414109638492
"нашли" 0.00623227696238821 0.00301132257287401 0.00275580786507565 0.0108565845185105 0.00508168813679904 0 0.0124316260566882 0
"небу" 0 0 0 0.0108565845185105 0.0101633762735981 0.00384039325626944 0.00621581302834411 0.0154710948378114
"неделю" 0.0124645539247764 0.00301132257287401 0.0110232314603026 0.00723772301234032 0.00254084406839952 0.00384039325626944 0 0
"некоторых" 0.0031161384811941 0 0.00551161573015129 0.0108565845185105 0.00508168813679904 0 0.0155395325708603 0
"несколькими" 0.00623227696238821 0.00301132257287401 0.00275580786507565 0.00361886150617016 0.00508168813679904 0.0115211797688083 0.00932371954251616 0
"нескольких" 0.00623227696238821 0.021079258010118 0 0.00723772301234032 0.00508168813679904 0 0 0
"нисколько" 0 0.021079258010118 0.00826742359522694 0.0108565845185105 0 0 0 0
"носит" 0.0031161384811941 0.01505661286437 0 0.00361886150617016 0.00508168813679904 0.00384039325626944 0.00932371954251616 0
"нукеров" 0 0 0 0 0.0330309728891938 0 0 0
"обедать" 0 0.00301132257287401 0.0248022707856808 0 0 0.00768078651253888 0.00310790651417205 0
"обратил" 0.0031161384811941 0.00903396771862202 0.00275580786507565 0 0.00762253220519857 0 0.00621581302834411 0.0154710948378114
"одних" 0.00934841544358231 0.00602264514574801 0.00551161573015129 0 0.00508168813679904 0.00384039325626944 0.00932371954251616 0
"окну" 0.00623227696238821 0.00301132257287401 0.00551161573015129 0.0180943075308508 0.00254084406839952 0.00384039325626944 0.00310790651417205 0
"папа" 0 0 0 0.0470451995802121 0 0 0 0
"папаша" 0 0 0.0275580786507565 0.0108565845185105 0 0 0 0
"плакать" 0 0 0.0110232314603026 0 0.0152450644103971 0.00384039325626944 0.00621581302834411 0
"платить" 0.0218129693683587 0.00903396771862202 0.00275580786507565 0 0 0 0.00310790651417205 0.00515703161260378
"подошла" 0.00934841544358231 0.00602264514574801 0.0165348471904539 0.00361886150617016 0 0 0.00310790651417205 0
"получить" 0.00623227696238821 0 0.0192906550555295 0 0.00508168813679904 0.00384039325626944 0.00310790651417205 0
"попал" 0.0031161384811941 0.00301132257287401 0.00551161573015129 0.00723772301234032 0.0101633762735981 0.00768078651253888 0.00310790651417205 0
"порядок" 0.0031161384811941 0.00301132257287401 0.0110232314603026 0.00723772301234032 0.00254084406839952 0.00384039325626944 0.00932371954251616 0
"последняя" 0.00623227696238821 0.021079258010118 0 0 0 0 0.00932371954251616 0.00515703161260378
"посмотрите" 0 0 0.0110232314603026 0.0180943075308508 0 0 0.0124316260566882 0
"поцеловал" 0 0 0.0110232314603026 0.0253320305431911 0 0.00768078651253888 0 0
"почитай" 0.0342775232931351 0 0 0.00361886150617016 0 0 0 0.00515703161260378
"почувствовал" 0.0124645539247764 0.00301132257287401 0 0.0144754460246806 0 0.0115211797688083 0.00310790651417205 0
"поэтому" 0 0.0271019031558661 0 0.0108565845185105 0 0.00384039325626944 0 0
"права" 0 0 0.00275580786507565 0.0180943075308508 0.00762253220519857 0 0.00932371954251616 0.00515703161260378
"пришлось" 0.0031161384811941 0.00602264514574801 0.00275580786507565 0.0108565845185105 0.00254084406839952 0.0192019662813472 0 0
"продавать" 0.031161384811941 0 0 0 0 0.00384039325626944 0.00621581302834411 0
"проклятые" 0 0.00301132257287401 0.00275580786507565 0 0.00508168813679904 0.0307231460501555 0 0.00515703161260378
"пропал" 0.0155806924059705 0 0 0 0.00254084406839952 0.0153615730250778 0 0.0154710948378114
"прочесть" 0.0031161384811941 0.00602264514574801 0.0192906550555295 0 0 0 0.00932371954251616 0
"рассказал" 0.0031161384811941 0 0.00551161573015129 0.00361886150617016 0.0101633762735981 0.0153615730250778 0.00310790651417205 0
"рассказать" 0 0.00301132257287401 0 0.00361886150617016 0.00254084406839952 0.0230423595376167 0.00932371954251616 0.00515703161260378
"реке" 0.00623227696238821 0 0.00826742359522694 0.021713169037021 0.00508168813679904 0 0 0
"романа" 0 0.0271019031558661 0.00826742359522694 0 0 0 0.00310790651417205 0
"россии" 0.0031161384811941 0.00301132257287401 0.00275580786507565 0 0.0177859084787967 0 0 0.0154710948378114
"роста" 0.00623227696238821 0.00602264514574801 0.00826742359522694 0.0108565845185105 0.00508168813679904 0 0 0.00515703161260378
"сзади" 0.00623227696238821 0.00301132257287401 0 0 0.0177859084787967 0.00768078651253888 0.00310790651417205 0
"славу" 0 0 0 0 0.0228675966155957 0 0.00932371954251616 0.00515703161260378
"следы" 0.0124645539247764 0.00602264514574801 0.00275580786507565 0 0.0101633762735981 0 0 0.0103140632252076
"случаю" 0.00623227696238821 0 0.0220464629206052 0 0 0.00384039325626944 0.00621581302834411 0
"слышать" 0.00623227696238821 0.00301132257287401 0.00275580786507565 0.00361886150617016 0.00508168813679904 0.00768078651253888 0.0124316260566882 0
"слышишь" 0.00934841544358231 0 0.00275580786507565 0 0.00762253220519857 0.00768078651253888 0.00310790651417205 0.0154710948378114
"смело" 0.00623227696238821 0.00602264514574801 0.00551161573015129 0.00361886150617016 0.00508168813679904 0.00768078651253888 0.00310790651417205 0.00515703161260378
"смотрителя" 0 0 0.0358255022459834 0 0 0 0 0
"сне" 0 0 0.00275580786507565 0.00361886150617016 0.0228675966155957 0.00384039325626944 0 0.00515703161260378
"собственной" 0 0.00903396771862202 0.00551161573015129 0.00361886150617016 0.0127042203419976 0.00384039325626944 0.00310790651417205 0
"стене" 0.0031161384811941 0.012045290291496 0.00551161573015129 0 0.00762253220519857 0.0115211797688083 0 0
"столу" 0.00623227696238821 0.00602264514574801 0.00826742359522694 0.00361886150617016 0 0.0192019662813472 0 0
"стон" 0 0.00301132257287401 0 0 0.0203267525471962 0 0.0124316260566882 0
"страшная" 0 0.00301132257287401 0.00826742359522694 0.00361886150617016 0 0.0192019662813472 0.00932371954251616 0
"считал" 0 0 0.0110232314603026 0.0108565845185105 0.0152450644103971 0 0 0
"сыном" 0 0.018067935437244 0.00551161573015129 0.0108565845185105 0 0 0.00621581302834411 0
"твоим" 0.0031161384811941 0 0.00551161573015129 0 0.0101633762735981 0 0 0.0309421896756227
"тридцать" 0.00623227696238821 0.00903396771862202 0.0110232314603026 0.00361886150617016 0.00254084406839952 0.00384039325626944 0.00310790651417205 0
"трое" 0.0124645539247764 0.00301132257287401 0.00275580786507565 0 0.0101633762735981 0.0115211797688083 0 0
"тщательно" 0.0031161384811941 0.01505661286437 0.00551161573015129 0 0 0 0.0155395325708603 0
"убить" 0.0031161384811941 0.00301132257287401 0.00275580786507565 0 0.0203267525471962 0 0.00621581302834411 0
"угол" 0.00623227696238821 0.01505661286437 0.00826742359522694 0.00361886150617016 0 0 0.00621581302834411 0
"ударил" 0.00934841544358231 0.00301132257287401 0.00275580786507565 0 0.0127042203419976 0.00768078651253888 0.00310790651417205 0
"удовольствием" 0 0.00301132257287401 0.0275580786507565 0 0.00254084406839952 0.00384039325626944 0 0
"ужас" 0 0 0.00826742359522694 0.00361886150617016 0.00762253220519857 0.0115211797688083 0.00621581302834411 0.00515703161260378
"улыбка" 0 0.00602264514574801 0.00826742359522694 0 0.00762253220519857 0.00768078651253888 0.00932371954251616 0
"умеет" 0 0.00301132257287401 0 0.0144754460246806 0.00508168813679904 0.00768078651253888 0.0124316260566882 0
"умереть" 0 0 0.00551161573015129 0 0.0228675966155957 0 0.00621581302834411 0
"хладнокровно" 0 0 0 0.00361886150617016 0.0203267525471962 0.00768078651253888 0.00310790651417205 0.00515703161260378
"холод" 0.0031161384811941 0.00301132257287401 0 0 0.00508168813679904 0.0192019662813472 0.0124316260566882 0
"царство" 0 0.00301132257287401 0.00275580786507565 0 0.00254084406839952 0.00768078651253888 0.0155395325708603 0.0154710948378114
"черты" 0.0124645539247764 0.00903396771862202 0 0 0.00762253220519857 0 0.00932371954251616 0
"чечевинской" 0 0.0391471934473621 0 0 0 0 0 0
"читали" 0 0.00301132257287401 0.00826742359522694 0.0144754460246806 0.00254084406839952 0.00384039325626944 0.00932371954251616 0
"чужих" 0.0031161384811941 0 0.00275580786507565 0.0108565845185105 0.00762253220519857 0.0115211797688083 0.00621581302834411 0
"шла" 0.00623227696238821 0.00602264514574801 0.00275580786507565 0.00723772301234032 0.00508168813679904 0.00768078651253888 0.00310790651417205 0.00515703161260378
"алексей" 0 0 0.00275580786507565 0 0.0254084406839952 0 0.00310790651417205 0
"аммалату" 0 0 0 0 0.0304901288207943 0 0 0
"ан" 0.0342775232931351 0 0 0 0.00254084406839952 0 0 0
"барину" 0.0249291078495528 0 0.00826742359522694 0.00361886150617016 0 0 0 0
"басаврюк" 0 0 0 0 0 0.0460847190752333 0 0
"бедного" 0.0124645539247764 0 0 0 0 0.00768078651253888 0.00621581302834411 0.0206281264504151
"бедность" 0.00623227696238821 0 0.00826742359522694 0.0144754460246806 0 0.00768078651253888 0 0.00515703161260378
"безмолвно" 0 0 0 0 0.0127042203419976 0 0 0.0360992212882265
"битвы" 0 0 0 0 0.0177859084787967 0 0.00932371954251616 0.0103140632252076
"бодлевскому" 0 0.0361358708744881 0 0 0 0 0 0
"божия" 0.0031161384811941 0 0.00275580786507565 0.00361886150617016 0 0.00384039325626944 0 0.0412562529008303
"бока" 0.0218129693683587 0 0 0.00361886150617016 0.00254084406839952 0.0115211797688083 0 0
"большей" 0.00623227696238821 0.00602264514574801 0.00551161573015129 0.0144754460246806 0.00254084406839952 0 0.00310790651417205 0
"большое" 0 0.00602264514574801 0.0165348471904539 0.00723772301234032 0.00254084406839952 0 0 0.00515703161260378
"боюсь" 0.0031161384811941 0 0.0110232314603026 0.0108565845185105 0.00254084406839952 0.00384039325626944 0.00310790651417205 0.00515703161260378
"боялся" 0 0.01505661286437 0 0.021713169037021 0 0 0.00310790651417205 0
"ветра" 0.00934841544358231 0 0 0 0.0127042203419976 0.00384039325626944 0.00932371954251616 0
"взглянуть" 0 0.00903396771862202 0.00275580786507565 0.00361886150617016 0.0152450644103971 0 0 0.00515703161260378
"видела" 0.0031161384811941 0.00301132257287401 0.00826742359522694 0.0108565845185105 0.00254084406839952 0 0.00310790651417205 0.0103140632252076
"владимир" 0 0.00602264514574801 0.00275580786507565 0 0 0 0.00310790651417205 0.0412562529008303
"водою" 0.0124645539247764 0 0 0 0.00508168813679904 0.0192019662813472 0.00310790651417205 0
"возможности" 0.0124645539247764 0.00602264514574801 0.0110232314603026 0 0.00254084406839952 0 0.00310790651417205 0
"возможность" 0 0.012045290291496 0.00551161573015129 0.00361886150617016 0 0 0.0155395325708603 0
"возражал" 0 0.00301132257287401 0.0303138865158321 0 0 0 0 0
"воли" 0.00623227696238821 0.00301132257287401 0.00551161573015129 0 0.00762253220519857 0 0.0124316260566882 0
"волосами" 0.0155806924059705 0.00301132257287401 0.00551161573015129 0.00361886150617016 0 0.00384039325626944 0.00621581302834411 0
"волю" 0.0031161384811941 0.00602264514574801 0 0 0.0152450644103971 0.00384039325626944 0.00310790651417205 0.00515703161260378
"впечатление" 0 0.01505661286437 0.00826742359522694 0 0.00254084406839952 0 0.00932371954251616 0
"вполголоса" 0 0.00903396771862202 0.0110232314603026 0 0 0.0115211797688083 0 0.0103140632252076
"вправо" 0.0186968308871646 0 0 0 0.0152450644103971 0 0 0
"всякую" 0.0031161384811941 0.00301132257287401 0 0.0108565845185105 0.00254084406839952 0.0115211797688083 0.00932371954251616 0
"выйти" 0.00623227696238821 0.00602264514574801 0.0137790393253782 0 0 0.00768078651253888 0.00310790651417205 0
"выпить" 0.00623227696238821 0.00602264514574801 0.0110232314603026 0 0.00254084406839952 0 0 0.0154710948378114
"высшей" 0 0.00602264514574801 0.00275580786507565 0 0 0 0.0279711586275485 0
"голосов" 0.0124645539247764 0 0 0.00361886150617016 0.00254084406839952 0.00384039325626944 0.00621581302834411 0.0154710948378114
"горло" 0.0124645539247764 0.00301132257287401 0 0.00361886150617016 0.00254084406839952 0.0153615730250778 0.00310790651417205 0
"горя" 0.0031161384811941 0.00903396771862202 0.00551161573015129 0.00361886150617016 0.00762253220519857 0.00384039325626944 0 0.00515703161260378
"гостиную" 0 0.00602264514574801 0.0275580786507565 0 0 0 0 0
"греха" 0.0249291078495528 0 0 0 0 0.0115211797688083 0 0.00515703161260378
"громче" 0.0186968308871646 0.00602264514574801 0.00551161573015129 0 0 0.00768078651253888 0 0
"дверям" 0.0031161384811941 0.00903396771862202 0.00551161573015129 0.00361886150617016 0.00254084406839952 0.00384039325626944 0.00621581302834411 0.00515703161260378
"девица" 0 0.00602264514574801 0.0110232314603026 0.021713169037021 0 0 0 0
"девка" 0.00623227696238821 0 0.0220464629206052 0 0 0.00384039325626944 0 0.00515703161260378
"делала" 0.00623227696238821 0.018067935437244 0.00551161573015129 0.00361886150617016 0 0.00384039325626944 0 0
"делают" 0.0031161384811941 0 0.00826742359522694 0.0144754460246806 0.00254084406839952 0.00384039325626944 0.00310790651417205 0.00515703161260378
"дерева" 0.00623227696238821 0.00301132257287401 0.00275580786507565 0.00361886150617016 0.00508168813679904 0.0115211797688083 0.00621581302834411 0
"длинными" 0.0186968308871646 0 0 0 0.00508168813679904 0.00768078651253888 0.00310790651417205 0.00515703161260378
"дружески" 0 0.012045290291496 0.00551161573015129 0 0.00762253220519857 0 0 0.0154710948378114
"думают" 0 0 0 0.00361886150617016 0.00254084406839952 0.00384039325626944 0.0217553455992044 0.0103140632252076
"единственное" 0.0031161384811941 0.00903396771862202 0.00551161573015129 0 0.00508168813679904 0 0.0124316260566882 0
"женою" 0.00623227696238821 0.00903396771862202 0.00275580786507565 0.00361886150617016 0.00508168813679904 0 0.00932371954251616 0
"жива" 0.0031161384811941 0 0.0110232314603026 0 0 0.00768078651253888 0.00310790651417205 0.0206281264504151
"жители" 0 0 0 0 0.00762253220519857 0 0.0217553455992044 0.0103140632252076
"заведение" 0 0.021079258010118 0.00551161573015129 0 0 0 0.00932371954251616 0
"заметили" 0.0031161384811941 0.01505661286437 0.00551161573015129 0.00361886150617016 0.00254084406839952 0 0.00621581302834411 0
"заря" 0.00623227696238821 0 0 0.00361886150617016 0.0101633762735981 0.00384039325626944 0 0.0206281264504151
"здания" 0.0124645539247764 0 0.00275580786507565 0 0 0 0.0217553455992044 0
"здоров" 0 0.00301132257287401 0.00551161573015129 0.0144754460246806 0.0101633762735981 0 0.00310790651417205 0
"здорово" 0.0218129693683587 0.00602264514574801 0 0 0.00508168813679904 0 0.00310790651417205 0
"знаком" 0 0.00903396771862202 0.00826742359522694 0.00723772301234032 0.00508168813679904 0.00384039325626944 0 0.00515703161260378
"золотые" 0 0.012045290291496 0 0 0.00762253220519857 0.0115211797688083 0.00621581302834411 0
"извините" 0 0.00602264514574801 0.0110232314603026 0.0180943075308508 0 0 0.00310790651417205 0
"издали" 0.00934841544358231 0.00301132257287401 0.00551161573015129 0 0.00508168813679904 0.0115211797688083 0 0.00515703161260378
"кабы" 0.0218129693683587 0.00602264514574801 0.00826742359522694 0 0 0 0 0
"каленик" 0 0 0 0 0 0.0460847190752333 0 0
"капитану" 0 0 0.0220464629206052 0 0.0101633762735981 0 0 0
"кафтане" 0.0186968308871646 0 0.00275580786507565 0 0.00254084406839952 0.00384039325626944 0.00310790651417205 0.0103140632252076
"квартиры" 0.0031161384811941 0.012045290291496 0.0165348471904539 0.00361886150617016 0 0 0 0
"кинулись" 0.00623227696238821 0 0 0 0.0177859084787967 0.0115211797688083 0 0
"князей" 0 0 0 0 0.00254084406839952 0 0 0.0567273477386416
"кой" 0.0155806924059705 0.00301132257287401 0.00826742359522694 0 0.00254084406839952 0.00768078651253888 0 0
"ком" 0.00623227696238821 0 0.00551161573015129 0.00361886150617016 0.00508168813679904 0 0.0155395325708603 0
"купцы" 0.00934841544358231 0 0.00826742359522694 0.00361886150617016 0 0.00384039325626944 0.00932371954251616 0.00515703161260378
"лавку" 0.0155806924059705 0 0.00275580786507565 0 0 0.0192019662813472 0 0.00515703161260378
"лакей" 0 0.012045290291496 0.0165348471904539 0.00723772301234032 0 0 0 0
"лежит" 0 0 0.00275580786507565 0.00723772301234032 0.0101633762735981 0.0115211797688083 0 0.0103140632252076
"любите" 0 0.00301132257287401 0.00826742359522694 0.0253320305431911 0 0 0.00310790651417205 0
"любишь" 0.0031161384811941 0.00301132257287401 0 0 0.0177859084787967 0.0115211797688083 0 0
"любопытством" 0.0031161384811941 0.00903396771862202 0.00551161573015129 0.00361886150617016 0.0101633762735981 0 0.00310790651417205 0
"люльку" 0 0 0 0 0 0.0460847190752333 0 0
"мелькали" 0.0031161384811941 0.00301132257287401 0 0 0.0127042203419976 0.0115211797688083 0.00310790651417205 0.00515703161260378
"меньше" 0 0 0.00826742359522694 0.021713169037021 0 0.00384039325626944 0.00621581302834411 0
"молиться" 0 0 0.0110232314603026 0.0180943075308508 0.00508168813679904 0.00384039325626944 0 0
"молчание" 0.00623227696238821 0.00301132257287401 0.00551161573015129 0.00361886150617016 0.00254084406839952 0.00768078651253888 0 0.0154710948378114
"морденко" 0 0.0361358708744881 0 0 0 0 0 0
"мужем" 0.00623227696238821 0.021079258010118 0.00275580786507565 0.00361886150617016 0.00254084406839952 0 0 0
"мужичонко" 0 0.0301132257287401 0 0.00723772301234032 0 0 0 0
"называют" 0.00623227696238821 0 0 0.00361886150617016 0 0 0.0279711586275485 0
"наука" 0 0.00602264514574801 0 0.0108565845185105 0 0 0.0217553455992044 0
"нашем" 0.0031161384811941 0.00903396771862202 0.00551161573015129 0 0 0 0.0155395325708603 0.00515703161260378
"незаметно" 0.0031161384811941 0.018067935437244 0 0.0108565845185105 0.00254084406839952 0 0.00310790651417205 0
"некоторого" 0.00623227696238821 0.00301132257287401 0.0110232314603026 0 0.00254084406839952 0 0.0124316260566882 0
"необыкновенно" 0.0031161384811941 0.021079258010118 0.00826742359522694 0 0.00254084406839952 0 0 0
"нижнем" 0 0 0 0 0 0 0 0.0618843793512454
"низко" 0.0031161384811941 0 0.00551161573015129 0.00723772301234032 0.00254084406839952 0 0.00310790651417205 0.0257851580630189
"новым" 0 0.00301132257287401 0.0137790393253782 0.00723772301234032 0.00254084406839952 0.00384039325626944 0.00621581302834411 0
"нужды" 0.00623227696238821 0.00903396771862202 0 0 0 0.0115211797688083 0.0124316260566882 0
"обеда" 0 0 0.0220464629206052 0.00723772301234032 0.00508168813679904 0 0 0
"обеими" 0.0186968308871646 0 0 0 0.00254084406839952 0.00384039325626944 0.00310790651417205 0.0154710948378114
"обратилась" 0.0031161384811941 0.00602264514574801 0.00826742359522694 0 0.00508168813679904 0.00384039325626944 0.00932371954251616 0
"общего" 0 0.00903396771862202 0 0 0.00254084406839952 0 0.0248632521133764 0
"объятиях" 0 0.00301132257287401 0 0.00361886150617016 0.00762253220519857 0.00768078651253888 0.0155395325708603 0
"обязан" 0 0 0.00826742359522694 0.0108565845185105 0.0127042203419976 0 0 0.00515703161260378
"одежда" 0.00934841544358231 0 0 0 0.00762253220519857 0.0115211797688083 0.00932371954251616 0
"ожидал" 0.0031161384811941 0.00903396771862202 0.00551161573015129 0.00723772301234032 0.00508168813679904 0 0.00310790651417205 0.00515703161260378
"опершись" 0.00623227696238821 0.00602264514574801 0 0.00361886150617016 0.0101633762735981 0 0 0.0154710948378114
"орды" 0 0 0 0 0 0 0 0.0618843793512454
"отвечает" 0 0 0 0.0289508920493613 0.00254084406839952 0 0.00932371954251616 0
"отправились" 0 0.00301132257287401 0 0.0289508920493613 0.00254084406839952 0 0.00310790651417205 0.00515703161260378
"очами" 0 0 0 0.00361886150617016 0.0152450644103971 0.0153615730250778 0 0.00515703161260378
"первым" 0 0.00301132257287401 0.00551161573015129 0.00361886150617016 0.0101633762735981 0.00384039325626944 0.00621581302834411 0.00515703161260378
"передать" 0.0031161384811941 0 0.00275580786507565 0.00361886150617016 0.00254084406839952 0 0.0155395325708603 0.0154710948378114
"петербург" 0 0.018067935437244 0.0165348471904539 0 0 0 0 0
"петрович" 0 0 0.00551161573015129 0 0.0254084406839952 0 0 0
"печать" 0.0031161384811941 0.00602264514574801 0.00275580786507565 0.00361886150617016 0.0101633762735981 0 0.00932371954251616 0
"письме" 0 0 0.00551161573015129 0.0361886150617016 0 0 0 0
"пишет" 0.00623227696238821 0.00602264514574801 0.00275580786507565 0.0144754460246806 0 0.00768078651253888 0 0.00515703161260378
"повторила" 0 0.00602264514574801 0.0165348471904539 0.0108565845185105 0 0.00384039325626944 0 0
"поглядел" 0.0249291078495528 0 0.00275580786507565 0 0.00254084406839952 0.00768078651253888 0 0
"подобного" 0 0.00301132257287401 0.0110232314603026 0.0108565845185105 0.00762253220519857 0.00384039325626944 0 0
"подобные" 0 0.00301132257287401 0 0.0108565845185105 0.00508168813679904 0 0.0186474390850323 0
"подумать" 0.0031161384811941 0.012045290291496 0 0.0180943075308508 0 0 0.00621581302834411 0
"полной" 0.0031161384811941 0.00602264514574801 0.00551161573015129 0.00723772301234032 0.00254084406839952 0 0.0124316260566882 0
"помилуйте" 0 0.00602264514574801 0.00826742359522694 0.0180943075308508 0.00254084406839952 0 0 0.00515703161260378
"поставить" 0 0.00903396771862202 0.00275580786507565 0 0 0.0192019662813472 0.00310790651417205 0.0103140632252076
"потерял" 0.00623227696238821 0 0 0.00361886150617016 0.0101633762735981 0.00768078651253888 0.00621581302834411 0.00515703161260378
"поэта" 0 0 0 0.0144754460246806 0 0 0.0248632521133764 0
"прах" 0.0031161384811941 0.00301132257287401 0 0 0.0177859084787967 0.00384039325626944 0 0.0103140632252076
"представить" 0 0.00602264514574801 0.0137790393253782 0.00361886150617016 0 0 0.0124316260566882 0
"прежних" 0 0 0.00275580786507565 0 0.00508168813679904 0 0.0248632521133764 0.00515703161260378
"презрением" 0 0.00903396771862202 0 0 0.0101633762735981 0.00384039325626944 0.00621581302834411 0.0103140632252076
"прибавила" 0.0031161384811941 0.01505661286437 0.0165348471904539 0 0 0 0 0
"придется" 0 0.012045290291496 0.00275580786507565 0.0144754460246806 0 0.00768078651253888 0 0.00515703161260378
"приедет" 0.0031161384811941 0.012045290291496 0.00826742359522694 0 0.00508168813679904 0.00768078651253888 0 0
"приподнял" 0.0155806924059705 0 0.00275580786507565 0.00361886150617016 0.0101633762735981 0 0.00310790651417205 0
"причем" 0 0.01505661286437 0.00826742359522694 0.0144754460246806 0 0 0 0
"произведение" 0 0.00602264514574801 0.00275580786507565 0 0 0 0.0279711586275485 0
"проклятый" 0.00934841544358231 0 0 0 0 0.0230423595376167 0.00621581302834411 0.00515703161260378
"промолвил" 0.00623227696238821 0 0 0 0.0101633762735981 0 0.00621581302834411 0.0206281264504151
"прошли" 0 0 0 0.0180943075308508 0.00254084406839952 0 0.00621581302834411 0.0206281264504151
"пустил" 0.0124645539247764 0 0.00551161573015129 0.00361886150617016 0.00762253220519857 0.00768078651253888 0 0
"пущай" 0.0373936617743292 0 0 0 0 0 0 0
"работать" 0 0.00903396771862202 0.00275580786507565 0.00361886150617016 0.0127042203419976 0.00384039325626944 0.00310790651417205 0
"раздалось" 0.00934841544358231 0 0 0.00361886150617016 0.0101633762735981 0.00384039325626944 0.00621581302834411 0.00515703161260378
"рассказывал" 0.00623227696238821 0.00301132257287401 0.0110232314603026 0.0108565845185105 0.00254084406839952 0.00384039325626944 0 0
"русская" 0 0.012045290291496 0.00275580786507565 0 0.00508168813679904 0 0 0.0257851580630189
"русской" 0 0 0.00826742359522694 0 0.00508168813679904 0 0 0.0360992212882265
"сабля" 0 0 0 0 0.0177859084787967 0.00768078651253888 0 0.0154710948378114
"сада" 0.00623227696238821 0 0.00551161573015129 0.0144754460246806 0.00254084406839952 0 0 0.0154710948378114
"садясь" 0.00934841544358231 0.00903396771862202 0.00826742359522694 0 0 0.00768078651253888 0.00310790651417205 0
"самим" 0.0031161384811941 0.00903396771862202 0 0.0144754460246806 0 0 0.00932371954251616 0.00515703161260378
"сатана" 0.0031161384811941 0 0 0 0 0.0422443258189639 0 0
"свитка" 0 0 0 0 0 0.0422443258189639 0 0.00515703161260378
"сделала" 0.0031161384811941 0.00602264514574801 0.0110232314603026 0.00723772301234032 0.00254084406839952 0.00768078651253888 0 0
"сделано" 0.0031161384811941 0.00903396771862202 0 0.00723772301234032 0.00254084406839952 0.0115211797688083 0.00310790651417205 0.00515703161260378
"севка" 0.0373936617743292 0 0 0 0 0 0 0
"село" 0.0249291078495528 0 0 0 0 0.0153615730250778 0 0
"семь" 0 0.00903396771862202 0.00826742359522694 0.00723772301234032 0.00254084406839952 0 0.00310790651417205 0.0103140632252076
"семье" 0 0 0.00826742359522694 0.0253320305431911 0.00254084406839952 0 0.00310790651417205 0
"сердцем" 0.0124645539247764 0 0.00551161573015129 0 0.00508168813679904 0.00768078651253888 0.00621581302834411 0
"силе" 0 0 0.00826742359522694 0 0.0101633762735981 0 0.0155395325708603 0
"скажут" 0.00934841544358231 0.00903396771862202 0 0.0108565845185105 0.00508168813679904 0 0.00310790651417205 0
"слабость" 0 0.012045290291496 0.00275580786507565 0 0.00762253220519857 0 0.0124316260566882 0
"след" 0.00623227696238821 0.00301132257287401 0 0 0.0203267525471962 0 0.00310790651417205 0
"смехом" 0.0155806924059705 0 0.00275580786507565 0.00361886150617016 0 0.00384039325626944 0.00621581302834411 0.0103140632252076
"смотрела" 0 0 0.0110232314603026 0.021713169037021 0.00254084406839952 0.00384039325626944 0 0
"смотрите" 0.00623227696238821 0 0.00275580786507565 0.00723772301234032 0.00254084406839952 0.00384039325626944 0.0155395325708603 0
"собрались" 0.0031161384811941 0.00602264514574801 0.00275580786507565 0.00361886150617016 0.00508168813679904 0.00768078651253888 0.00310790651417205 0.0103140632252076
"соседей" 0.0031161384811941 0.00301132257287401 0 0 0 0 0.0310790651417205 0
"сочинение" 0 0 0.0275580786507565 0 0 0 0.00621581302834411 0
"старое" 0 0.00602264514574801 0.00275580786507565 0.0108565845185105 0.00762253220519857 0.00384039325626944 0 0.0103140632252076
"старому" 0.0031161384811941 0.00301132257287401 0.00551161573015129 0.00723772301234032 0 0.0153615730250778 0 0.0103140632252076
"старую" 0.00623227696238821 0.00903396771862202 0 0.0180943075308508 0.00508168813679904 0 0 0
"ступайте" 0.0124645539247764 0.00301132257287401 0.00275580786507565 0.00723772301234032 0 0.0115211797688083 0.00310790651417205 0
"судить" 0 0 0.0165348471904539 0.00361886150617016 0.00508168813679904 0 0.00621581302834411 0.00515703161260378
"счастья" 0.0031161384811941 0.00301132257287401 0.00275580786507565 0.0180943075308508 0.00762253220519857 0.00384039325626944 0 0
"татьяна" 0 0.0331245483016141 0.00275580786507565 0 0 0 0 0
"твоему" 0.0031161384811941 0.00602264514574801 0.00275580786507565 0 0.00508168813679904 0.00768078651253888 0.00621581302834411 0.0103140632252076
"телом" 0.00623227696238821 0.00903396771862202 0 0 0.00762253220519857 0.00384039325626944 0.00932371954251616 0
"тишина" 0.00934841544358231 0.00602264514574801 0 0.00723772301234032 0.00254084406839952 0.00384039325626944 0.00621581302834411 0.00515703161260378
"толпу" 0.00934841544358231 0 0 0 0.00508168813679904 0.00384039325626944 0.00932371954251616 0.0154710948378114
"тохтамыш" 0 0 0 0 0 0 0 0.0618843793512454
"трудом" 0.00623227696238821 0.00602264514574801 0.00275580786507565 0.00361886150617016 0 0 0.0124316260566882 0.0103140632252076
"тысячу" 0.0031161384811941 0 0.00551161573015129 0.00361886150617016 0.00762253220519857 0.00768078651253888 0.00621581302834411 0.00515703161260378
"убей" 0.00623227696238821 0 0 0 0.00762253220519857 0.0268827527938861 0 0
"ударив" 0.00623227696238821 0.00301132257287401 0.00826742359522694 0 0.00254084406839952 0.0153615730250778 0 0.00515703161260378
"удивлением" 0 0 0.00826742359522694 0.00361886150617016 0.00762253220519857 0 0.0155395325708603 0
"ужасом" 0 0.00602264514574801 0 0 0.0101633762735981 0.00768078651253888 0.00621581302834411 0.0103140632252076
"улыбаясь" 0 0.00903396771862202 0 0.00361886150617016 0.00508168813679904 0 0.00310790651417205 0.0257851580630189
"умерла" 0 0.00301132257287401 0.00275580786507565 0 0.0152450644103971 0.00384039325626944 0 0.0154710948378114
"училища" 0 0 0.0303138865158321 0.00361886150617016 0 0 0 0
"учителя" 0 0.00301132257287401 0.0165348471904539 0.0180943075308508 0 0 0 0
"федорыча" 0.0373936617743292 0 0 0 0 0 0 0
"хлопцы" 0 0 0 0 0 0.0460847190752333 0 0
"хорошие" 0.00623227696238821 0.00903396771862202 0.00826742359522694 0.0108565845185105 0 0 0.00310790651417205 0
"цветок" 0 0 0 0.021713169037021 0.00254084406839952 0.0192019662813472 0 0
"человеческой" 0 0.00301132257287401 0 0 0.00254084406839952 0.00384039325626944 0.0279711586275485 0
"черная" 0.00934841544358231 0.00602264514574801 0 0.00361886150617016 0 0.0115211797688083 0.00310790651417205 0.0103140632252076
"черных" 0.0155806924059705 0.00602264514574801 0.00275580786507565 0.00723772301234032 0.00254084406839952 0.00384039325626944 0 0
"чистую" 0 0.0271019031558661 0.00275580786507565 0.00361886150617016 0.00254084406839952 0 0 0
"чувствую" 0 0.012045290291496 0.00826742359522694 0 0.0127042203419976 0 0 0
"шагу" 0.0031161384811941 0.00301132257287401 0.00551161573015129 0.0108565845185105 0.00254084406839952 0.00768078651253888 0.00621581302834411 0
"широкие" 0.0124645539247764 0.00301132257287401 0.00275580786507565 0.00361886150617016 0.00254084406839952 0.0115211797688083 0 0.00515703161260378
"этак" 0.00934841544358231 0.00602264514574801 0.00551161573015129 0.0108565845185105 0 0 0 0.0103140632252076
"ярмарке" 0.00623227696238821 0 0 0 0 0.0384039325626944 0 0
"андреевна" 0.0342775232931351 0 0 0 0 0 0 0
"андрей" 0 0 0 0.0361886150617016 0 0 0 0.00515703161260378
"барыня" 0.0218129693683587 0.00602264514574801 0.00551161573015129 0 0 0 0 0
"беспокойством" 0.00623227696238821 0.00602264514574801 0.00826742359522694 0.0108565845185105 0.00254084406839952 0 0 0
"бетховена" 0 0 0 0 0 0 0.0341869716558926 0
"бить" 0.0124645539247764 0 0 0.00361886150617016 0.00762253220519857 0.00768078651253888 0 0.00515703161260378
"бодлевского" 0 0.0331245483016141 0 0 0 0 0 0
"боли" 0 0.00903396771862202 0.00275580786507565 0.00361886150617016 0.0101633762735981 0.00384039325626944 0.00310790651417205 0
"большие" 0.0031161384811941 0.00903396771862202 0.00275580786507565 0.0108565845185105 0.00508168813679904 0 0.00310790651417205 0
"боясь" 0 0.012045290291496 0.00275580786507565 0.00723772301234032 0.00508168813679904 0 0.00310790651417205 0.00515703161260378
"важно" 0.0031161384811941 0.00903396771862202 0.00275580786507565 0.00361886150617016 0 0.0153615730250778 0.00310790651417205 0
"ванюшка" 0.031161384811941 0 0.00275580786507565 0 0 0 0 0
"верит" 0 0 0 0.0253320305431911 0.00762253220519857 0.00384039325626944 0 0
"внутренней" 0.0031161384811941 0.012045290291496 0 0.00361886150617016 0.00254084406839952 0 0.0124316260566882 0
"вопросов" 0 0 0 0.0180943075308508 0.00508168813679904 0 0.0124316260566882 0
"всадников" 0 0 0 0 0.0203267525471962 0 0 0.0154710948378114
"вспомни" 0 0 0 0 0.0152450644103971 0 0 0.0257851580630189
"вставая" 0.00623227696238821 0.00301132257287401 0.0192906550555295 0 0 0.00384039325626944 0 0
"выгоды" 0.0031161384811941 0 0 0 0.0101633762735981 0 0.0186474390850323 0
"выйдет" 0.0031161384811941 0.00301132257287401 0.00275580786507565 0.0253320305431911 0 0.00384039325626944 0 0
"главнокомандующий" 0 0 0 0 0.0279492847523947 0 0 0
"глубину" 0 0.00301132257287401 0 0 0 0.00384039325626944 0.0279711586275485 0
"горячо" 0.00934841544358231 0 0.00826742359522694 0.0108565845185105 0 0 0.00310790651417205 0.00515703161260378
"господ" 0.00934841544358231 0.00301132257287401 0.00826742359522694 0 0.00254084406839952 0.00768078651253888 0.00310790651417205 0
"господина" 0 0 0.0248022707856808 0.00361886150617016 0.00254084406839952 0 0 0
"государь" 0 0 0.00551161573015129 0 0.00254084406839952 0 0 0.0412562529008303
"готова" 0 0.00602264514574801 0.0165348471904539 0 0.00762253220519857 0 0 0
"градом" 0.00623227696238821 0 0 0.00361886150617016 0.00508168813679904 0.0153615730250778 0.00621581302834411 0
"грамоту" 0.0031161384811941 0 0 0 0 0.0268827527938861 0 0.0154710948378114
"гром" 0.0031161384811941 0 0 0.00361886150617016 0.00762253220519857 0.0153615730250778 0 0.0103140632252076
"грусть" 0 0 0 0.021713169037021 0 0.00384039325626944 0.00932371954251616 0.00515703161260378
"дадут" 0.00934841544358231 0 0.00551161573015129 0.00361886150617016 0.00508168813679904 0.00384039325626944 0 0.0103140632252076
"дают" 0.0031161384811941 0 0.00826742359522694 0 0.0101633762735981 0 0.00932371954251616 0
"дверью" 0.00623227696238821 0.012045290291496 0.00275580786507565 0.00361886150617016 0 0.0115211797688083 0 0
"девушек" 0 0.00301132257287401 0 0.0180943075308508 0 0.0153615730250778 0 0.00515703161260378
"длинные" 0.00934841544358231 0 0 0.0108565845185105 0 0.0153615730250778 0.00310790651417205 0
"дмитрий" 0.0031161384811941 0.0301132257287401 0 0 0 0 0 0
"доказать" 0 0 0.00275580786507565 0.00723772301234032 0.00508168813679904 0 0.0186474390850323 0
"дочку" 0 0.021079258010118 0.00275580786507565 0 0 0.00768078651253888 0 0.00515703161260378
"древних" 0 0 0 0 0.0101633762735981 0 0.0217553455992044 0
"железо" 0.0031161384811941 0 0.00275580786507565 0 0.00508168813679904 0.00768078651253888 0.00621581302834411 0.0154710948378114
"женщину" 0 0.018067935437244 0.00275580786507565 0.00723772301234032 0.00508168813679904 0 0 0
"живи" 0.00623227696238821 0 0 0.0144754460246806 0.0101633762735981 0 0 0.00515703161260378
"жид" 0 0 0.00275580786507565 0 0.00254084406839952 0.034563539306425 0 0
"жителей" 0.0031161384811941 0 0 0 0.00762253220519857 0 0.0217553455992044 0
"зависит" 0 0.00602264514574801 0.00275580786507565 0.00361886150617016 0.00508168813679904 0 0.0124316260566882 0.00515703161260378
"замуж" 0 0.00903396771862202 0.0137790393253782 0.00361886150617016 0.00254084406839952 0.00384039325626944 0 0
"занятия" 0 0.00903396771862202 0 0.0180943075308508 0 0 0.00932371954251616 0
"злодей" 0.00934841544358231 0 0 0 0.00762253220519857 0.00384039325626944 0.00310790651417205 0.0154710948378114
"знания" 0 0.00602264514574801 0 0.00361886150617016 0 0 0.0248632521133764 0
"иван" 0.00934841544358231 0.018067935437244 0.00551161573015129 0 0 0 0 0
"иди" 0 0 0.00826742359522694 0 0 0.0192019662813472 0 0.0154710948378114
"имели" 0.00623227696238821 0.00602264514574801 0.00551161573015129 0.00361886150617016 0.00254084406839952 0 0.00932371954251616 0
"исключительно" 0.0155806924059705 0.01505661286437 0.00275580786507565 0 0 0 0 0
"искры" 0.0031161384811941 0 0 0 0.0152450644103971 0.0115211797688083 0.00310790651417205 0
"исподлобья" 0.0031161384811941 0.00301132257287401 0.00551161573015129 0.00361886150617016 0.00254084406839952 0.0153615730250778 0 0.00515703161260378
"кабак" 0.0249291078495528 0.00903396771862202 0 0 0 0 0 0
"кавказа" 0 0 0 0 0.0279492847523947 0 0 0
"каждую" 0.0031161384811941 0.00602264514574801 0.00275580786507565 0 0.0101633762735981 0 0.00932371954251616 0
"казалась" 0.0031161384811941 0.00602264514574801 0.00275580786507565 0.00361886150617016 0.00254084406839952 0.0115211797688083 0.00621581302834411 0
"казался" 0.00623227696238821 0.00301132257287401 0.00275580786507565 0.00361886150617016 0.00254084406839952 0.00384039325626944 0.00932371954251616 0.00515703161260378
"какому" 0.00623227696238821 0.00301132257287401 0 0.0180943075308508 0.00254084406839952 0.00768078651253888 0 0
"камней" 0.00623227696238821 0 0 0 0.0101633762735981 0 0.0124316260566882 0.00515703161260378
"карета" 0 0.00903396771862202 0 0 0 0 0.0248632521133764 0
"картины" 0 0.012045290291496 0.00551161573015129 0.00361886150617016 0.00508168813679904 0 0.00621581302834411 0
"козак" 0 0 0 0 0 0.0422443258189639 0 0
"коне" 0 0 0.00275580786507565 0 0.0127042203419976 0 0 0.0257851580630189
"кончится" 0 0.00602264514574801 0.00551161573015129 0.0144754460246806 0.00254084406839952 0 0.00310790651417205 0.00515703161260378
"кормилец" 0.0280452463307469 0 0.00275580786507565 0 0 0 0 0.00515703161260378
"красавицы" 0 0.00301132257287401 0 0 0.00762253220519857 0.00768078651253888 0.0155395325708603 0
"кричала" 0.00623227696238821 0 0.00551161573015129 0.00361886150617016 0 0.0230423595376167 0 0
"лавочку" 0.0218129693683587 0.00301132257287401 0 0.00723772301234032 0 0 0.00310790651417205 0
"лежали" 0 0 0.00551161573015129 0 0.0152450644103971 0.00384039325626944 0.00310790651417205 0.00515703161260378
"лениво" 0.00623227696238821 0 0.00551161573015129 0.00361886150617016 0.00508168813679904 0.00768078651253888 0.00621581302834411 0
"львовна" 0 0.0331245483016141 0 0 0 0 0 0
"любовью" 0 0.00602264514574801 0.00551161573015129 0.00361886150617016 0.0127042203419976 0 0.00310790651417205 0
"любопытство" 0 0 0 0.0108565845185105 0.00254084406839952 0.0115211797688083 0.0124316260566882 0
"людях" 0.0031161384811941 0 0.00275580786507565 0.0253320305431911 0 0 0.00621581302834411 0
"мнение" 0.00623227696238821 0 0.0165348471904539 0 0 0 0.00621581302834411 0.00515703161260378
"молодым" 0.00934841544358231 0 0.0165348471904539 0 0 0 0.00621581302834411 0
"моря" 0 0 0 0 0.0177859084787967 0.00384039325626944 0.00310790651417205 0.0103140632252076
"мужичка" 0.0342775232931351 0 0 0 0 0 0 0
"мыслию" 0.0031161384811941 0 0 0 0.0101633762735981 0 0.0186474390850323 0
"надолго" 0.0031161384811941 0.00301132257287401 0.00275580786507565 0.00723772301234032 0.00762253220519857 0.00384039325626944 0.00310790651417205 0.00515703161260378
"насмешка" 0 0 0.00275580786507565 0 0.00254084406839952 0 0.0279711586275485 0
"настенькой" 0 0 0.0303138865158321 0 0 0 0 0
"настоящий" 0 0.00903396771862202 0.00275580786507565 0 0.00762253220519857 0 0.00310790651417205 0.0154710948378114
"науку" 0 0 0 0.0144754460246806 0 0 0.0217553455992044 0
"начнет" 0 0.00903396771862202 0.0110232314603026 0.00361886150617016 0 0.00384039325626944 0.00310790651417205 0.00515703161260378
"недаром" 0.00623227696238821 0 0 0 0.00762253220519857 0.00768078651253888 0.00932371954251616 0.00515703161260378
"немка" 0 0.0301132257287401 0.00275580786507565 0 0 0 0 0
"необходимо" 0 0.012045290291496 0 0.0108565845185105 0.00254084406839952 0 0.00932371954251616 0
"нервы" 0 0.00903396771862202 0 0.0108565845185105 0 0 0.0155395325708603 0
"нетерпением" 0 0.00602264514574801 0.00551161573015129 0 0.0101633762735981 0.00384039325626944 0.00621581302834411 0
"нефтали" 0 0 0 0 0.0279492847523947 0 0 0
"нимало" 0.0186968308871646 0.00301132257287401 0 0 0 0.00384039325626944 0.00932371954251616 0
"ничем" 0.00623227696238821 0.01505661286437 0.00275580786507565 0.00361886150617016 0.00508168813679904 0 0 0
"обнимая" 0 0.00301132257287401 0.00275580786507565 0 0.00508168813679904 0.0192019662813472 0 0.0103140632252076
"обстоятельство" 0.0155806924059705 0.00903396771862202 0 0 0.00254084406839952 0 0.00621581302834411 0
"общее" 0 0.00602264514574801 0 0.00361886150617016 0.00254084406839952 0 0.0155395325708603 0.0103140632252076
"огромный" 0 0 0.00551161573015129 0.00723772301234032 0.00508168813679904 0.00384039325626944 0.00310790651417205 0.0154710948378114
"огромных" 0 0.00903396771862202 0.00275580786507565 0.0108565845185105 0.00254084406839952 0 0.00621581302834411 0.00515703161260378
"останется" 0.00623227696238821 0 0.00275580786507565 0 0.00508168813679904 0.00384039325626944 0.00621581302834411 0.0154710948378114
"отнесся" 0 0.00301132257287401 0.0275580786507565 0 0 0 0 0
"отряд" 0 0 0 0 0.0279492847523947 0 0 0
"отыскать" 0.00623227696238821 0 0 0.021713169037021 0 0 0.00932371954251616 0
"очевидно" 0 0.01505661286437 0 0.0144754460246806 0 0 0.00621581302834411 0
"первую" 0.0031161384811941 0.00602264514574801 0.00551161573015129 0.00723772301234032 0.00254084406839952 0.00384039325626944 0.00310790651417205 0.00515703161260378
"переулок" 0.0031161384811941 0.018067935437244 0.00551161573015129 0 0 0.00384039325626944 0 0.00515703161260378
"плачет" 0 0 0.00551161573015129 0.0180943075308508 0 0 0.00621581302834411 0.0103140632252076
"плечо" 0.0031161384811941 0 0 0.0180943075308508 0.0101633762735981 0.00384039325626944 0 0
"плечу" 0.00934841544358231 0.00602264514574801 0 0.00723772301234032 0.00254084406839952 0.00768078651253888 0.00310790651417205 0
"площадь" 0.00623227696238821 0 0 0 0 0.00384039325626944 0.00310790651417205 0.0360992212882265
"повернул" 0.00623227696238821 0.00301132257287401 0.00551161573015129 0.00361886150617016 0.00254084406839952 0 0 0.0206281264504151
"подошли" 0.0218129693683587 0 0.00275580786507565 0 0 0 0.00310790651417205 0.0103140632252076
"пожал" 0 0.00602264514574801 0.0165348471904539 0.00723772301234032 0 0 0 0.00515703161260378
"позабыл" 0 0.00301132257287401 0 0.00361886150617016 0 0.0307231460501555 0.00310790651417205 0
"поклон" 0 0.00602264514574801 0.0165348471904539 0.00361886150617016 0.00254084406839952 0.00384039325626944 0 0
"покоя" 0.0031161384811941 0.00301132257287401 0.00275580786507565 0 0.00254084406839952 0 0.00621581302834411 0.0257851580630189
"полагаю" 0 0.00903396771862202 0.0220464629206052 0 0 0 0 0
"поминутно" 0.0124645539247764 0.018067935437244 0 0 0 0.00384039325626944 0 0
"понимаете" 0 0.018067935437244 0.00826742359522694 0.00723772301234032 0 0 0 0
"понимала" 0 0.012045290291496 0 0.0144754460246806 0 0 0.00932371954251616 0
"поры" 0.00623227696238821 0 0 0 0.00508168813679904 0.0268827527938861 0 0
"послал" 0.00934841544358231 0.00602264514574801 0.00551161573015129 0 0.00508168813679904 0 0 0.0103140632252076
"предмета" 0 0 0 0.00723772301234032 0.00254084406839952 0.00384039325626944 0.0217553455992044 0
"привел" 0.00934841544358231 0.00301132257287401 0.00551161573015129 0 0.00254084406839952 0.00384039325626944 0.00932371954251616 0
"привести" 0.0031161384811941 0.00602264514574801 0 0.00723772301234032 0.0101633762735981 0 0.00621581302834411 0
"приду" 0.0031161384811941 0.00602264514574801 0 0 0.00508168813679904 0.0115211797688083 0 0.0154710948378114
"принес" 0.00934841544358231 0.00602264514574801 0 0.00361886150617016 0.0101633762735981 0 0.00310790651417205 0
"причине" 0.00623227696238821 0.00602264514574801 0 0.00723772301234032 0 0 0.0155395325708603 0
"продолжать" 0 0.00903396771862202 0.00551161573015129 0.0108565845185105 0 0 0.00932371954251616 0
"просит" 0 0.00602264514574801 0 0.00723772301234032 0.00762253220519857 0.00384039325626944 0.00621581302834411 0.00515703161260378
"проходя" 0.0124645539247764 0.00301132257287401 0.00826742359522694 0 0.00254084406839952 0 0.00621581302834411 0
"проч" 0 0 0 0 0 0 0.0341869716558926 0
"прочим" 0.0031161384811941 0.00903396771862202 0.0110232314603026 0.00361886150617016 0 0.00384039325626944 0.00310790651417205 0
"птицы" 0 0.00301132257287401 0 0.021713169037021 0.00508168813679904 0.00768078651253888 0 0
"пустился" 0.0124645539247764 0.00301132257287401 0.00275580786507565 0 0.00254084406839952 0.0115211797688083 0 0.00515703161260378
"разных" 0.00623227696238821 0.00301132257287401 0.00275580786507565 0.0108565845185105 0.00508168813679904 0.00384039325626944 0.00310790651417205 0
"рассказала" 0.0031161384811941 0.00301132257287401 0.0110232314603026 0.0108565845185105 0 0.00768078651253888 0 0
"рассказы" 0 0 0.00275580786507565 0.00723772301234032 0.0127042203419976 0.00768078651253888 0.00310790651417205 0
"река" 0.00623227696238821 0 0 0.0108565845185105 0.00254084406839952 0.0115211797688083 0.00310790651417205 0.00515703161260378
"решил" 0 0.012045290291496 0.00826742359522694 0.00723772301234032 0.00254084406839952 0 0.00310790651417205 0
"роде" 0.0031161384811941 0.00903396771862202 0.00551161573015129 0.00361886150617016 0 0 0.00932371954251616 0.00515703161260378
"сапоги" 0.0186968308871646 0 0.00275580786507565 0.00723772301234032 0.00254084406839952 0.00384039325626944 0 0
"свитку" 0 0 0 0 0 0.0422443258189639 0 0
"сделалась" 0 0.00602264514574801 0.00275580786507565 0 0 0.00768078651253888 0.0186474390850323 0
"сделался" 0.00623227696238821 0.00903396771862202 0.00551161573015129 0 0.00254084406839952 0 0.00621581302834411 0.00515703161260378
"селе" 0.00623227696238821 0 0 0 0 0.034563539306425 0 0
"семейства" 0 0.00602264514574801 0 0.00723772301234032 0.00508168813679904 0 0.0155395325708603 0
"сенях" 0.0124645539247764 0.00301132257287401 0.00275580786507565 0.00361886150617016 0 0.0153615730250778 0 0
"сидеть" 0 0 0.0110232314603026 0.00723772301234032 0.00508168813679904 0.00768078651253888 0.00310790651417205 0
"сим" 0 0.00602264514574801 0.00275580786507565 0 0.00254084406839952 0.00768078651253888 0.0124316260566882 0.00515703161260378
"скрыть" 0 0.01505661286437 0.0110232314603026 0.00361886150617016 0 0 0.00310790651417205 0
"славно" 0 0 0.0110232314603026 0 0.0101633762735981 0.00768078651253888 0.00310790651417205 0
"служба" 0.0031161384811941 0 0.00826742359522694 0.0144754460246806 0.00762253220519857 0 0 0
"службы" 0 0 0.0137790393253782 0.0180943075308508 0.00254084406839952 0 0 0
"слухи" 0.00623227696238821 0.00903396771862202 0.00551161573015129 0 0.00762253220519857 0 0 0.00515703161260378
"случается" 0.00623227696238821 0.00301132257287401 0.00275580786507565 0.0108565845185105 0.00254084406839952 0.0115211797688083 0 0
"случая" 0.00623227696238821 0.00602264514574801 0.00551161573015129 0.00361886150617016 0.00762253220519857 0 0 0.00515703161260378
"случаях" 0.0031161384811941 0.00903396771862202 0.00275580786507565 0.00723772301234032 0 0 0.0124316260566882 0
"смысл" 0 0.00602264514574801 0 0.0108565845185105 0 0 0.0155395325708603 0.00515703161260378
"сна" 0.0031161384811941 0.00301132257287401 0 0 0.0101633762735981 0.00384039325626944 0.0124316260566882 0
"снял" 0.0186968308871646 0.00301132257287401 0.00551161573015129 0 0 0.00384039325626944 0 0.00515703161260378
"собака" 0.0031161384811941 0.00301132257287401 0.00826742359522694 0 0.00508168813679904 0.0115211797688083 0 0.00515703161260378
"спал" 0.00623227696238821 0 0.00275580786507565 0 0.0101633762735981 0.0115211797688083 0.00310790651417205 0
"спокойствие" 0.0031161384811941 0.00602264514574801 0.00275580786507565 0.0180943075308508 0 0.00384039325626944 0.00310790651417205 0
"спроси" 0.0155806924059705 0.00602264514574801 0.00551161573015129 0 0.00508168813679904 0 0 0
"спросите" 0.00934841544358231 0 0.00551161573015129 0.00723772301234032 0 0.00768078651253888 0.00621581302834411 0
"старухе" 0.00623227696238821 0.00602264514574801 0.00826742359522694 0 0.00508168813679904 0.00768078651253888 0 0
"стать" 0.0155806924059705 0.00301132257287401 0 0 0.00254084406839952 0.00384039325626944 0 0.0154710948378114
"стену" 0.00623227696238821 0.00301132257287401 0.00275580786507565 0 0.0101633762735981 0.0115211797688083 0 0
"стихи" 0 0 0.00275580786507565 0.0361886150617016 0 0 0 0
"страданий" 0 0.00602264514574801 0.00275580786507565 0 0 0 0.0217553455992044 0.00515703161260378
"страстей" 0 0 0 0 0.00762253220519857 0 0.0186474390850323 0.0103140632252076
"строго" 0.0031161384811941 0.012045290291496 0.00826742359522694 0.0108565845185105 0 0 0 0
"судьбу" 0 0 0.00551161573015129 0.00361886150617016 0.0101633762735981 0 0.00621581302834411 0.0103140632252076
"супруга" 0.0031161384811941 0.01505661286437 0.00275580786507565 0 0 0.0153615730250778 0 0
"существовать" 0 0 0.00275580786507565 0 0.00254084406839952 0 0.0279711586275485 0
"сыну" 0.0124645539247764 0.00301132257287401 0.00275580786507565 0.0108565845185105 0.00254084406839952 0.00384039325626944 0 0
"татары" 0 0 0 0 0.0152450644103971 0 0 0.0257851580630189
"темир" 0 0 0 0 0.00254084406839952 0 0 0.0515703161260379
"темная" 0 0.00903396771862202 0.00551161573015129 0 0.00508168813679904 0.00768078651253888 0 0.0103140632252076
"темный" 0.0031161384811941 0.018067935437244 0.00275580786507565 0 0 0.0115211797688083 0 0
"требует" 0 0.00602264514574801 0.00551161573015129 0.00361886150617016 0.00762253220519857 0 0.00310790651417205 0.0103140632252076
"трофимыч" 0.0342775232931351 0 0 0 0 0 0 0
"узнает" 0.0124645539247764 0.00602264514574801 0.00275580786507565 0.00361886150617016 0 0 0 0.0154710948378114
"узнали" 0.0031161384811941 0 0 0.00361886150617016 0.00762253220519857 0.0115211797688083 0.00310790651417205 0.0103140632252076
"уйти" 0 0 0.0110232314603026 0.0180943075308508 0.00508168813679904 0 0 0
"уме" 0.00623227696238821 0.00301132257287401 0.00275580786507565 0.00361886150617016 0.00762253220519857 0.00768078651253888 0 0.00515703161260378
"умела" 0 0.01505661286437 0.00826742359522694 0.00361886150617016 0 0 0.00621581302834411 0
"умер" 0 0.00301132257287401 0.0110232314603026 0 0.0101633762735981 0 0.00621581302834411 0
"умом" 0 0.00602264514574801 0.00275580786507565 0 0.00762253220519857 0.00384039325626944 0.0124316260566882 0
"усы" 0 0 0.00551161573015129 0 0.00508168813679904 0.0268827527938861 0 0
"участия" 0.00934841544358231 0.00301132257287401 0.00275580786507565 0 0.00762253220519857 0 0.00932371954251616 0
"участь" 0.0031161384811941 0.00602264514574801 0 0 0.00762253220519857 0 0.00621581302834411 0.0154710948378114
"уши" 0.0031161384811941 0.00602264514574801 0.00275580786507565 0.00361886150617016 0.00254084406839952 0.0153615730250778 0.00310790651417205 0
"фатимка" 0.0342775232931351 0 0 0 0 0 0 0
"хозяину" 0.0218129693683587 0.00602264514574801 0.00275580786507565 0 0 0.00384039325626944 0 0
"холодный" 0.00623227696238821 0 0.00275580786507565 0 0.00508168813679904 0.00384039325626944 0.00621581302834411 0.0154710948378114
"цветы" 0 0.00602264514574801 0 0.0144754460246806 0.00254084406839952 0.00768078651253888 0.00621581302834411 0
"целую" 0.00623227696238821 0.00301132257287401 0.00551161573015129 0 0.00254084406839952 0.0115211797688083 0.00621581302834411 0
"целым" 0 0.00602264514574801 0.00826742359522694 0 0.00508168813679904 0 0.0124316260566882 0
"цепь" 0 0 0 0 0.0228675966155957 0 0.00310790651417205 0.00515703161260378
"церковь" 0.0031161384811941 0 0.00826742359522694 0.00723772301234032 0 0.00384039325626944 0.00310790651417205 0.0154710948378114
"числе" 0.0124645539247764 0 0.00275580786507565 0.00361886150617016 0.0127042203419976 0 0 0
"число" 0 0 0.00551161573015129 0 0.00762253220519857 0 0.0124316260566882 0.0103140632252076
"шкатулку" 0 0.018067935437244 0.00275580786507565 0.00361886150617016 0 0 0 0.0154710948378114
"шли" 0.0155806924059705 0 0.00275580786507565 0.00361886150617016 0.00254084406839952 0.00384039325626944 0 0.0103140632252076
"шло" 0 0.00301132257287401 0.00826742359522694 0.00723772301234032 0.00254084406839952 0.00768078651253888 0 0.0103140632252076
"эк" 0.0280452463307469 0 0.00275580786507565 0.00361886150617016 0 0 0 0
"является" 0 0.00602264514574801 0.00826742359522694 0.00723772301234032 0.00254084406839952 0.00384039325626944 0.00621581302834411 0
"ярмарки" 0.00934841544358231 0 0.00275580786507565 0 0 0.0268827527938861 0 0
"maman" 0 0.00602264514574801 0.0248022707856808 0 0 0 0 0
"аварии" 0 0 0 0 0.0254084406839952 0 0 0
"ага" 0 0.012045290291496 0.00275580786507565 0 0.0127042203419976 0 0 0
"бедная" 0.0031161384811941 0.00602264514574801 0 0.0108565845185105 0.00254084406839952 0.00768078651253888 0.00310790651417205 0
"бедной" 0 0.00602264514574801 0.00826742359522694 0.00361886150617016 0.00254084406839952 0.00768078651253888 0.00310790651417205 0
"белый" 0.00934841544358231 0.00602264514574801 0.00551161573015129 0 0 0.00768078651253888 0 0.00515703161260378
"берет" 0.00623227696238821 0.00301132257287401 0.00551161573015129 0 0.00254084406839952 0.00768078651253888 0 0.0103140632252076
"благодарен" 0.0031161384811941 0.00602264514574801 0.0165348471904539 0.00361886150617016 0 0 0 0
"боится" 0 0 0.00275580786507565 0.0180943075308508 0.00254084406839952 0 0.00621581302834411 0.00515703161260378
"болезнь" 0 0.00301132257287401 0.00275580786507565 0.00361886150617016 0.00762253220519857 0 0.0124316260566882 0
"больна" 0 0.00602264514574801 0.00551161573015129 0 0.0101633762735981 0 0.00621581302834411 0
"больной" 0 0.012045290291496 0 0.00361886150617016 0.0127042203419976 0 0 0
"большею" 0 0.00301132257287401 0 0.0108565845185105 0.00254084406839952 0.00768078651253888 0.00621581302834411 0.00515703161260378
"бороду" 0.0155806924059705 0 0 0 0.00254084406839952 0.0115211797688083 0 0.00515703161260378
"бояться" 0 0.00301132257287401 0 0 0.0101633762735981 0.0115211797688083 0 0.0103140632252076
"братья" 0 0 0.00826742359522694 0.00723772301234032 0.0101633762735981 0 0 0.00515703161260378
"бросилась" 0.0031161384811941 0.00602264514574801 0.00551161573015129 0.00723772301234032 0 0.00768078651253888 0.00310790651417205 0
"бросились" 0 0.00301132257287401 0 0.00361886150617016 0.00508168813679904 0 0.00621581302834411 0.0206281264504151
"будущего" 0 0.00301132257287401 0 0.0144754460246806 0.00508168813679904 0 0.00621581302834411 0.00515703161260378
"вдалеке" 0.0155806924059705 0 0 0 0 0 0 0.0257851580630189
"вдова" 0 0.00301132257287401 0.00275580786507565 0.0289508920493613 0 0 0 0
"веку" 0.0031161384811941 0.00602264514574801 0.00275580786507565 0.00723772301234032 0 0.0115211797688083 0.00310790651417205 0
"вернулся" 0.0124645539247764 0.00602264514574801 0.00275580786507565 0.0108565845185105 0 0 0 0
"взад" 0.0031161384811941 0.00602264514574801 0.0110232314603026 0 0.00762253220519857 0 0 0
"владеть" 0 0.00903396771862202 0.00275580786507565 0.00361886150617016 0.0101633762735981 0 0 0.00515703161260378
"воины" 0 0 0 0 0 0 0 0.0515703161260379
"волны" 0 0 0 0.00361886150617016 0.00508168813679904 0.00768078651253888 0.0124316260566882 0.00515703161260378
"вообразить" 0 0.00301132257287401 0.00275580786507565 0 0.0127042203419976 0.00384039325626944 0.00621581302834411 0
"врагов" 0 0 0 0 0.0127042203419976 0 0 0.0257851580630189
"временем" 0.0124645539247764 0.00301132257287401 0.00551161573015129 0 0.00254084406839952 0.00384039325626944 0.00310790651417205 0
"вряд" 0.00623227696238821 0 0.0165348471904539 0 0 0.00768078651253888 0 0
"вскочил" 0.0031161384811941 0 0.00275580786507565 0 0.00762253220519857 0.00384039325626944 0.00310790651417205 0.0154710948378114
"вскричала" 0.0031161384811941 0 0 0 0.0101633762735981 0.0115211797688083 0 0.0103140632252076
"вспыхнула" 0 0.00301132257287401 0.00826742359522694 0.00723772301234032 0.00508168813679904 0.00768078651253888 0 0
"всякому" 0.0031161384811941 0 0.00275580786507565 0.00361886150617016 0 0.0115211797688083 0.00932371954251616 0.00515703161260378
"вторая" 0.0031161384811941 0.00602264514574801 0.00275580786507565 0.00723772301234032 0 0 0.0124316260566882 0
"выпил" 0.00934841544358231 0 0.0110232314603026 0 0.00508168813679904 0.00384039325626944 0 0
"выстрел" 0 0 0 0 0.0254084406839952 0 0 0
"гений" 0 0.00301132257287401 0 0.00361886150617016 0.00254084406839952 0 0.0217553455992044 0
"гибель" 0 0 0 0 0.0152450644103971 0.00384039325626944 0 0.0154710948378114
"главное" 0.0031161384811941 0.00903396771862202 0.00275580786507565 0.00361886150617016 0.00254084406839952 0.00768078651253888 0.00310790651417205 0
"глухо" 0.0031161384811941 0.00602264514574801 0 0.00361886150617016 0 0.0153615730250778 0 0.0103140632252076
"голубчик" 0.0155806924059705 0 0.00275580786507565 0.00361886150617016 0 0.0115211797688083 0 0
"гоп" 0 0 0 0 0 0.0384039325626944 0 0
"готово" 0 0.00602264514574801 0.00551161573015129 0 0.00254084406839952 0 0 0.0257851580630189
"губах" 0.00934841544358231 0.00301132257287401 0.00551161573015129 0 0.00254084406839952 0.00768078651253888 0 0.00515703161260378
"движения" 0.00623227696238821 0.00903396771862202 0.00275580786507565 0.00723772301234032 0.00508168813679904 0 0 0
"де" 0.00623227696238821 0.00903396771862202 0 0 0 0.0192019662813472 0 0
"девушку" 0 0.00602264514574801 0.00551161573015129 0.00361886150617016 0.00508168813679904 0.00384039325626944 0.00621581302834411 0
"действия" 0 0.00903396771862202 0 0 0 0 0.0186474390850323 0.00515703161260378
"дел" 0 0.00301132257287401 0.00275580786507565 0.0108565845185105 0.00508168813679904 0 0.00621581302834411 0.00515703161260378
"деревня" 0.0124645539247764 0.00301132257287401 0 0.0180943075308508 0 0 0 0
"деревья" 0.0031161384811941 0 0 0 0.00508168813679904 0.0153615730250778 0.00621581302834411 0.00515703161260378
"десяти" 0.0031161384811941 0 0.00551161573015129 0 0.00762253220519857 0.00768078651253888 0 0.0103140632252076
"диван" 0.0031161384811941 0.00903396771862202 0.00826742359522694 0.00723772301234032 0.00254084406839952 0 0 0
"дождь" 0.0155806924059705 0 0 0 0.0101633762735981 0 0.00310790651417205 0
"долю" 0.00934841544358231 0.00301132257287401 0.00275580786507565 0.00723772301234032 0 0.00384039325626944 0.00310790651417205 0.00515703161260378
"дороже" 0.00623227696238821 0 0.00826742359522694 0 0.00762253220519857 0 0 0.0103140632252076
"дружба" 0 0 0.00275580786507565 0.0108565845185105 0.0127042203419976 0 0 0.00515703161260378
"дурно" 0 0.00903396771862202 0.0137790393253782 0 0.00254084406839952 0 0.00310790651417205 0
"дьявол" 0.00934841544358231 0 0 0 0 0.0268827527938861 0 0
"ест" 0.0031161384811941 0 0 0.0180943075308508 0.00254084406839952 0.00384039325626944 0.00310790651417205 0.00515703161260378
"жених" 0 0 0.00275580786507565 0.00723772301234032 0.0101633762735981 0.00768078651253888 0 0.00515703161260378
"жениха" 0 0 0.00275580786507565 0.0144754460246806 0 0.00768078651253888 0.00310790651417205 0.0103140632252076
"живу" 0.0031161384811941 0 0.0110232314603026 0 0.00508168813679904 0.00384039325626944 0.00621581302834411 0
"жили" 0.0031161384811941 0 0.00551161573015129 0.00361886150617016 0 0.00768078651253888 0.00310790651417205 0.0154710948378114
"забудь" 0.00623227696238821 0 0 0 0.0177859084787967 0 0 0.00515703161260378
"забыть" 0 0.00301132257287401 0 0 0.00762253220519857 0.00384039325626944 0.00932371954251616 0.0103140632252076
"закрыл" 0 0 0 0.021713169037021 0 0.00768078651253888 0.00310790651417205 0.00515703161260378
"заметив" 0.00934841544358231 0 0.00275580786507565 0 0.00254084406839952 0.00768078651253888 0.00932371954251616 0
"запах" 0 0 0.00826742359522694 0.00723772301234032 0 0.0115211797688083 0.00621581302834411 0
"знай" 0.0124645539247764 0 0.00275580786507565 0 0.00508168813679904 0.00384039325626944 0 0.0103140632252076
"зрелище" 0 0 0 0 0.00254084406839952 0 0.0217553455992044 0.0103140632252076
"ивана" 0.0031161384811941 0.00301132257287401 0.00551161573015129 0.00723772301234032 0 0.00768078651253888 0 0.0103140632252076
"иванович" 0.0031161384811941 0 0 0 0.00508168813679904 0.0230423595376167 0 0.00515703161260378
"играть" 0 0.00301132257287401 0.00551161573015129 0.00361886150617016 0.00508168813679904 0.00768078651253888 0.00621581302834411 0
"иль" 0 0 0.00275580786507565 0.0144754460246806 0.0127042203419976 0 0 0
"имела" 0.0031161384811941 0.00903396771862202 0.0110232314603026 0.00723772301234032 0 0 0 0
"исправник" 0 0 0.0275580786507565 0 0 0 0 0
"истина" 0 0.00301132257287401 0 0.00723772301234032 0.00254084406839952 0 0.0155395325708603 0.00515703161260378
"истома" 0 0 0 0 0.00254084406839952 0 0 0.0464132845134341
"ищет" 0 0.00301132257287401 0 0.00723772301234032 0.00762253220519857 0 0.00621581302834411 0.0103140632252076
"каково" 0.0031161384811941 0.00301132257287401 0.00275580786507565 0 0.0127042203419976 0.00384039325626944 0 0.00515703161260378
"кареты" 0 0.01505661286437 0.00275580786507565 0 0 0.00384039325626944 0.00932371954251616 0
"квартира" 0.00623227696238821 0.012045290291496 0.0110232314603026 0 0 0 0 0
"командирша" 0 0 0.0275580786507565 0 0 0 0 0
"красные" 0.00623227696238821 0.00602264514574801 0 0 0.00254084406839952 0.0192019662813472 0 0
"крепости" 0 0 0 0 0.0228675966155957 0 0.00310790651417205 0
"круг" 0.0031161384811941 0.00602264514574801 0 0 0.00762253220519857 0 0.0124316260566882 0
"лавке" 0.0031161384811941 0 0.0110232314603026 0 0 0.00768078651253888 0 0.0154710948378114
"леший" 0.0280452463307469 0.00301132257287401 0 0 0 0 0 0
"мазурики" 0 0.0301132257287401 0 0 0 0 0 0
"мальчишка" 0.0124645539247764 0.012045290291496 0 0 0.00254084406839952 0.00384039325626944 0 0
"маненько" 0.0280452463307469 0.00301132257287401 0 0 0 0 0 0
"мести" 0 0 0 0 0.0228675966155957 0.00384039325626944 0 0
"мечты" 0 0 0.00275580786507565 0.00361886150617016 0.00254084406839952 0 0.0155395325708603 0.0103140632252076
"мешок" 0.00934841544358231 0.00602264514574801 0.00551161573015129 0 0.00762253220519857 0 0 0
"минута" 0 0.00301132257287401 0 0.00723772301234032 0.00254084406839952 0 0.0186474390850323 0
"миром" 0.0031161384811941 0.00602264514574801 0.00551161573015129 0.00361886150617016 0 0 0.00932371954251616 0.00515703161260378
"московские" 0 0 0 0 0 0 0 0.0515703161260379
"мужики" 0.0280452463307469 0 0 0 0 0.00384039325626944 0 0
"мужичок" 0.0280452463307469 0 0.00275580786507565 0 0 0 0 0
"мужчины" 0 0 0.00826742359522694 0.00723772301234032 0.0101633762735981 0 0 0.00515703161260378
"называли" 0.0031161384811941 0.00602264514574801 0.00275580786507565 0.00723772301234032 0.00254084406839952 0.00384039325626944 0.00621581302834411 0
"написать" 0.00623227696238821 0.00602264514574801 0.00275580786507565 0.0108565845185105 0.00254084406839952 0 0.00310790651417205 0
"находит" 0 0.00301132257287401 0.00275580786507565 0.00361886150617016 0.00254084406839952 0 0.0186474390850323 0
"находится" 0.00623227696238821 0.00903396771862202 0 0 0.00508168813679904 0.00384039325626944 0.00621581302834411 0
"начале" 0 0.00903396771862202 0.00275580786507565 0 0 0 0.0186474390850323 0
"начинает" 0.0031161384811941 0.00301132257287401 0.00826742359522694 0.00723772301234032 0.00254084406839952 0 0.00621581302834411 0
"негде" 0.00623227696238821 0.00301132257287401 0.00551161573015129 0 0 0.00384039325626944 0.00310790651417205 0.0154710948378114
"незнакомца" 0.0031161384811941 0 0 0 0.00254084406839952 0.00384039325626944 0.0155395325708603 0.0103140632252076
"некому" 0.0124645539247764 0.00301132257287401 0.00275580786507565 0.00723772301234032 0 0.00384039325626944 0.00310790651417205 0
"неловко" 0.0031161384811941 0.00602264514574801 0.00275580786507565 0.0180943075308508 0 0 0.00310790651417205 0
"необходимости" 0 0.00602264514574801 0.00275580786507565 0 0.00762253220519857 0 0.0124316260566882 0
"неприятно" 0 0.00602264514574801 0.0110232314603026 0.00723772301234032 0 0 0.00621581302834411 0
"несчастного" 0.0031161384811941 0 0 0 0.00762253220519857 0 0.0186474390850323 0
"нетерпеливо" 0.00623227696238821 0 0 0.00723772301234032 0.00762253220519857 0 0 0.0154710948378114
"нехотя" 0.0124645539247764 0 0.0110232314603026 0 0 0 0.00310790651417205 0.00515703161260378
"нечем" 0.0218129693683587 0 0.00275580786507565 0 0.00254084406839952 0.00384039325626944 0 0
"новых" 0.0031161384811941 0 0.00551161573015129 0.00361886150617016 0.00508168813679904 0 0.00932371954251616 0.00515703161260378
"носом" 0 0.00903396771862202 0 0 0.00254084406839952 0.0230423595376167 0 0
"нукеры" 0 0 0 0 0.0254084406839952 0 0 0
"обещал" 0.0031161384811941 0.00301132257287401 0 0.00723772301234032 0.00762253220519857 0.00384039325626944 0 0.0103140632252076
"образование" 0 0.00602264514574801 0.00551161573015129 0.021713169037021 0 0 0 0
"обществе" 0 0.00602264514574801 0.0110232314603026 0.00723772301234032 0 0 0.00621581302834411 0
"оглядываясь" 0 0.00301132257287401 0 0.00361886150617016 0.00508168813679904 0.0153615730250778 0 0.0103140632252076
"огромные" 0.0031161384811941 0 0.0110232314603026 0 0.00762253220519857 0 0.00310790651417205 0.00515703161260378
"окошко" 0 0 0 0 0 0.00384039325626944 0.0155395325708603 0.0206281264504151
"опустил" 0 0.012045290291496 0.00275580786507565 0.00723772301234032 0.00254084406839952 0.00384039325626944 0 0.00515703161260378
"оставалось" 0.00623227696238821 0.00903396771862202 0 0 0.00254084406839952 0 0.00932371954251616 0.00515703161260378
"оставался" 0 0.00602264514574801 0.00826742359522694 0.00361886150617016 0.00762253220519857 0 0 0.00515703161260378
"остались" 0.00623227696238821 0.00602264514574801 0 0.00361886150617016 0.00254084406839952 0.00384039325626944 0.00932371954251616 0
"остановились" 0.00934841544358231 0.012045290291496 0 0 0.00508168813679904 0 0.00310790651417205 0
"открыли" 0 0.00301132257287401 0.00275580786507565 0 0.0101633762735981 0 0.00932371954251616 0.00515703161260378
"отношении" 0 0.018067935437244 0.00826742359522694 0 0 0 0.00310790651417205 0
"отовсюду" 0.0124645539247764 0 0 0.0108565845185105 0.00508168813679904 0 0 0.00515703161260378
"отозвался" 0.0124645539247764 0.00301132257287401 0.00826742359522694 0.00361886150617016 0 0.00384039325626944 0 0
"отсутствие" 0.0031161384811941 0.00903396771862202 0 0.00723772301234032 0.00508168813679904 0 0.00621581302834411 0
"отсюда" 0 0 0 0.0253320305431911 0.00254084406839952 0 0 0.0103140632252076
"падали" 0.0031161384811941 0 0 0.00361886150617016 0.00762253220519857 0.0115211797688083 0.00310790651417205 0.00515703161260378
"панночка" 0 0 0 0 0 0.0384039325626944 0 0
"пегашку" 0.031161384811941 0 0 0 0 0 0 0
"пей" 0.0218129693683587 0.00602264514574801 0 0.00361886150617016 0 0 0 0
"первому" 0.0031161384811941 0 0.00551161573015129 0.00723772301234032 0.00508168813679904 0 0.00310790651417205 0.0103140632252076
"петруха" 0.031161384811941 0 0 0 0 0 0 0
"печально" 0.0186968308871646 0 0 0 0.00254084406839952 0.00384039325626944 0.00310790651417205 0.00515703161260378
"печь" 0.00934841544358231 0 0.00275580786507565 0 0 0.0230423595376167 0 0
"побежала" 0.0031161384811941 0.00301132257287401 0.00826742359522694 0.00361886150617016 0 0.0115211797688083 0 0.00515703161260378
"погодя" 0.0249291078495528 0 0 0.00361886150617016 0 0.00384039325626944 0 0
"подхватила" 0.00623227696238821 0.00903396771862202 0.00826742359522694 0 0 0.00768078651253888 0 0
"поедем" 0 0 0.00551161573015129 0 0.00762253220519857 0 0.00310790651417205 0.0206281264504151
"позади" 0.00623227696238821 0 0 0.00361886150617016 0 0.0230423595376167 0.00310790651417205 0
"покойный" 0.0031161384811941 0.00301132257287401 0.00275580786507565 0 0 0.0230423595376167 0 0.00515703161260378
"полном" 0 0.00903396771862202 0.0110232314603026 0.00723772301234032 0.00254084406839952 0 0 0
"полночь" 0.00623227696238821 0.00301132257287401 0 0 0.00254084406839952 0.00384039325626944 0.00310790651417205 0.0206281264504151
"полным" 0 0.00602264514574801 0.00275580786507565 0.0180943075308508 0.00254084406839952 0 0.00310790651417205 0
"положив" 0.00623227696238821 0 0.0110232314603026 0.0108565845185105 0 0.00384039325626944 0 0
"полушубок" 0.031161384811941 0 0 0 0 0 0 0
"понимает" 0 0 0.00275580786507565 0.00723772301234032 0.00762253220519857 0 0.0124316260566882 0
"порог" 0.0031161384811941 0.00602264514574801 0 0 0.0101633762735981 0.0115211797688083 0 0
"порты" 0 0.0301132257287401 0 0 0 0 0 0
"поскорее" 0 0.01505661286437 0.00551161573015129 0.00723772301234032 0.00254084406839952 0 0 0
"послать" 0 0 0.0165348471904539 0.00361886150617016 0.00508168813679904 0.00384039325626944 0 0
"пошло" 0.0031161384811941 0.00301132257287401 0.00275580786507565 0.00723772301234032 0.00254084406839952 0.0115211797688083 0 0.00515703161260378
"пояс" 0 0.00301132257287401 0.00551161573015129 0 0 0.0268827527938861 0 0
"пра" 0.031161384811941 0 0 0 0 0 0 0
"праздник" 0 0.00301132257287401 0 0.00723772301234032 0.00762253220519857 0.00768078651253888 0.00310790651417205 0.00515703161260378
"прежнее" 0.0031161384811941 0.012045290291496 0.00275580786507565 0 0.00508168813679904 0.00384039325626944 0 0.00515703161260378
"прежние" 0.0031161384811941 0 0.00275580786507565 0.00361886150617016 0.00508168813679904 0.00384039325626944 0.00932371954251616 0.00515703161260378
"прекрасные" 0 0 0.00551161573015129 0.0180943075308508 0.00254084406839952 0 0.00621581302834411 0
"прервал" 0.0031161384811941 0 0 0.00361886150617016 0.00762253220519857 0.0115211797688083 0.00310790651417205 0.00515703161260378
"признаться" 0.00934841544358231 0.00301132257287401 0.00826742359522694 0.00361886150617016 0.00254084406839952 0 0.00310790651417205 0
"принимая" 0.00623227696238821 0.012045290291496 0.00275580786507565 0 0 0.00384039325626944 0.00621581302834411 0
"присовокупил" 0.0031161384811941 0.00602264514574801 0.0192906550555295 0 0 0 0 0
"приятель" 0 0.00301132257287401 0 0 0.0127042203419976 0.00768078651253888 0.00310790651417205 0.00515703161260378
"приятно" 0.00623227696238821 0.01505661286437 0.00275580786507565 0 0.00254084406839952 0.00384039325626944 0 0
"проводил" 0 0.00301132257287401 0.0110232314603026 0.0108565845185105 0.00254084406839952 0 0 0.00515703161260378
"происшествия" 0.00934841544358231 0.00301132257287401 0.00551161573015129 0 0 0 0.0124316260566882 0
"просим" 0 0 0.0110232314603026 0 0.0101633762735981 0 0 0.0103140632252076
"профессора" 0 0 0.00551161573015129 0.0289508920493613 0 0 0 0
"пушкина" 0 0 0.00551161573015129 0.0289508920493613 0 0 0 0
"раб" 0 0.00301132257287401 0 0.00723772301234032 0.00508168813679904 0 0 0.0257851580630189
"рада" 0 0.00301132257287401 0.00826742359522694 0.00723772301234032 0.00254084406839952 0.00384039325626944 0.00310790651417205 0.00515703161260378
"расскажу" 0 0 0 0 0 0.0153615730250778 0.00932371954251616 0.0154710948378114
"расстаться" 0 0.00602264514574801 0.00551161573015129 0.00361886150617016 0.00762253220519857 0.00384039325626944 0 0.00515703161260378
"русь" 0 0 0 0 0.00254084406839952 0 0 0.0464132845134341
"ручонками" 0.0249291078495528 0 0.00275580786507565 0 0 0.00384039325626944 0 0
"рыженькие" 0.031161384811941 0 0 0 0 0 0 0
"свадьбу" 0 0 0 0.00361886150617016 0.00254084406839952 0.0307231460501555 0 0
"сверх" 0.0031161384811941 0 0.00826742359522694 0 0.00254084406839952 0.00384039325626944 0.0124316260566882 0
"свету" 0.00623227696238821 0.00602264514574801 0 0 0 0.00768078651253888 0.00932371954251616 0.00515703161260378
"семейство" 0 0.00903396771862202 0.00826742359522694 0.00361886150617016 0.00254084406839952 0 0 0.0103140632252076
"серьезно" 0.0031161384811941 0.00602264514574801 0 0.0253320305431911 0 0 0 0
"сидя" 0 0 0 0 0.00508168813679904 0.0115211797688083 0.0124316260566882 0.00515703161260378
"симеону" 0 0 0 0 0 0 0 0.0515703161260379
"сиятельство" 0 0.021079258010118 0.00826742359522694 0 0 0 0 0
"следовательно" 0.00623227696238821 0.01505661286437 0 0.0108565845185105 0 0 0 0
"служил" 0.0031161384811941 0 0.0220464629206052 0 0.00254084406839952 0 0 0
"слышите" 0.0031161384811941 0.00301132257287401 0.00275580786507565 0 0 0.0230423595376167 0.00310790651417205 0
"снега" 0.00623227696238821 0 0.00551161573015129 0 0.00762253220519857 0.00384039325626944 0.00310790651417205 0.00515703161260378
"собственного" 0.00623227696238821 0.00602264514574801 0.0110232314603026 0 0.00508168813679904 0 0 0
"собственные" 0 0.00301132257287401 0 0 0.00254084406839952 0.00384039325626944 0.0217553455992044 0
"совершенства" 0 0 0 0 0 0 0.0310790651417205 0
"спрашивает" 0 0.00301132257287401 0.00275580786507565 0.00723772301234032 0 0.00768078651253888 0.00932371954251616 0.00515703161260378
"средство" 0.0031161384811941 0 0 0 0.00254084406839952 0.00384039325626944 0.0186474390850323 0.00515703161260378
"сряду" 0.0124645539247764 0 0 0.0108565845185105 0 0 0.00621581302834411 0.00515703161260378
"стакан" 0.0124645539247764 0 0.00826742359522694 0.00361886150617016 0 0 0.00621581302834411 0
"старуху" 0.00623227696238821 0.00602264514574801 0.00551161573015129 0 0.00254084406839952 0.0115211797688083 0 0
"старых" 0 0.00602264514574801 0.00275580786507565 0.0144754460246806 0.00254084406839952 0 0.00621581302834411 0
"статься" 0.0124645539247764 0.00602264514574801 0 0 0 0.0115211797688083 0.00310790651417205 0
"стен" 0.0031161384811941 0.00602264514574801 0 0 0.0101633762735981 0 0 0.0154710948378114
"степи" 0 0 0.00275580786507565 0.00361886150617016 0.00508168813679904 0.0115211797688083 0.00621581302834411 0.00515703161260378
"стоят" 0.0031161384811941 0.00301132257287401 0 0 0.0127042203419976 0.00768078651253888 0 0.00515703161260378
"страшное" 0 0.00602264514574801 0 0 0.00508168813679904 0.00768078651253888 0.0124316260566882 0
"страшный" 0.00623227696238821 0 0.00275580786507565 0.00361886150617016 0.00508168813679904 0.00768078651253888 0.00621581302834411 0
"стремглав" 0.00623227696238821 0 0 0 0.0101633762735981 0.0153615730250778 0 0
"стук" 0.00623227696238821 0.00602264514574801 0 0 0 0.0192019662813472 0 0.00515703161260378
"существование" 0 0 0.00275580786507565 0 0 0 0.0279711586275485 0
"считать" 0.0031161384811941 0.00602264514574801 0 0 0.00254084406839952 0.00768078651253888 0.00621581302834411 0.0103140632252076
"сям" 0.00934841544358231 0 0 0.00361886150617016 0.00762253220519857 0.0115211797688083 0 0
"твердо" 0 0.00903396771862202 0.00826742359522694 0 0.00508168813679904 0.00384039325626944 0 0.00515703161260378
"телеги" 0.0280452463307469 0 0 0 0 0 0 0.00515703161260378
"терек" 0 0 0 0 0.0254084406839952 0 0 0
"терпение" 0.0031161384811941 0.00301132257287401 0.0137790393253782 0.00361886150617016 0.00254084406839952 0 0.00310790651417205 0
"третьего" 0.00623227696238821 0 0.00551161573015129 0.00361886150617016 0.00508168813679904 0.00768078651253888 0.00310790651417205 0
"труда" 0.0031161384811941 0.00301132257287401 0.00275580786507565 0.00361886150617016 0.00762253220519857 0.00384039325626944 0.00310790651417205 0.00515703161260378
"тучи" 0.0155806924059705 0 0 0 0.00508168813679904 0 0.00932371954251616 0
"узнала" 0 0.012045290291496 0 0 0.00762253220519857 0.00768078651253888 0 0.00515703161260378
"умная" 0 0.00903396771862202 0.00551161573015129 0.0144754460246806 0 0 0 0.00515703161260378
"услышал" 0.0031161384811941 0.00301132257287401 0.00275580786507565 0.00361886150617016 0.00508168813679904 0.0115211797688083 0 0.00515703161260378
"успели" 0.00623227696238821 0.00602264514574801 0 0 0.0127042203419976 0 0.00310790651417205 0
"уходил" 0 0.00301132257287401 0.0220464629206052 0.00361886150617016 0 0 0 0
"флегонт" 0 0 0.0275580786507565 0 0 0 0 0
"ханом" 0 0 0 0 0.0203267525471962 0 0 0.0103140632252076
"хивря" 0 0 0 0 0 0.0384039325626944 0 0
"ходу" 0.0031161384811941 0.00602264514574801 0.00275580786507565 0.00723772301234032 0.00254084406839952 0 0.00932371954251616 0
"холодом" 0.0031161384811941 0 0 0.00723772301234032 0 0.0115211797688083 0.0124316260566882 0
"цветами" 0.0031161384811941 0.00903396771862202 0.00275580786507565 0.00361886150617016 0.00508168813679904 0 0.00621581302834411 0
"цветов" 0 0.00602264514574801 0 0 0.00762253220519857 0.0192019662813472 0 0
"чайльд" 0 0.0301132257287401 0 0 0 0 0 0
"чаю" 0 0.00903396771862202 0.0110232314603026 0.00361886150617016 0.00508168813679904 0 0 0
"чистой" 0 0.018067935437244 0 0 0.00508168813679904 0.00384039325626944 0.00310790651417205 0
"читателя" 0 0.0271019031558661 0 0 0 0 0.00310790651417205 0
"шамхал" 0 0 0 0 0.0254084406839952 0 0 0
"шляпу" 0.00623227696238821 0 0.0110232314603026 0 0 0 0.0124316260566882 0
"штуки" 0.0031161384811941 0.00301132257287401 0.00551161573015129 0 0 0.0230423595376167 0 0
"явления" 0 0 0 0.0108565845185105 0 0 0.0186474390850323 0.00515703161260378
"de" 0 0.00602264514574801 0.00275580786507565 0 0 0 0.0217553455992044 0
"xix" 0 0.00301132257287401 0 0 0 0 0.0248632521133764 0.00515703161260378
"архаровна" 0.0280452463307469 0 0 0 0 0 0 0
"афанасий" 0 0 0 0 0 0.034563539306425 0 0
"бабка" 0.0249291078495528 0.00301132257287401 0 0 0 0 0 0
"бабушка" 0.0249291078495528 0 0 0.00361886150617016 0 0 0 0
"батюшки" 0.0124645539247764 0 0.00275580786507565 0 0 0.00768078651253888 0.00621581302834411 0
"беру" 0.00934841544358231 0.012045290291496 0.00551161573015129 0 0 0 0 0
"бетховен" 0 0 0 0 0 0 0.0279711586275485 0
"бишь" 0.0280452463307469 0 0 0 0 0 0 0
"благодетеля" 0 0 0.00551161573015129 0.00361886150617016 0.0127042203419976 0 0 0.00515703161260378
"блаженства" 0 0 0 0.00361886150617016 0.0127042203419976 0 0.00621581302834411 0.00515703161260378
"ближнего" 0.0031161384811941 0.00301132257287401 0 0.00361886150617016 0.00508168813679904 0.00384039325626944 0.00932371954251616 0
"больную" 0.0031161384811941 0.012045290291496 0.00551161573015129 0.00361886150617016 0.00254084406839952 0 0 0
"борода" 0.0186968308871646 0.00301132257287401 0 0 0 0 0 0.0103140632252076
"будучи" 0.0031161384811941 0.012045290291496 0.00551161573015129 0.00361886150617016 0.00254084406839952 0 0 0
"будущем" 0 0 0.00275580786507565 0.0108565845185105 0.00508168813679904 0 0.00932371954251616 0
"бумаге" 0 0.00301132257287401 0.00275580786507565 0.00361886150617016 0 0 0.0155395325708603 0.00515703161260378
"буфетчик" 0 0.0271019031558661 0 0 0 0 0 0
"бывают" 0 0.00301132257287401 0.00275580786507565 0.0144754460246806 0.00254084406839952 0.00384039325626944 0.00310790651417205 0
"ваня" 0.0280452463307469 0 0 0 0 0 0 0
"вели" 0 0.00301132257287401 0.00275580786507565 0 0.0101633762735981 0 0.00310790651417205 0.0103140632252076
"велит" 0.0031161384811941 0 0 0.00723772301234032 0.00254084406839952 0.00768078651253888 0 0.0154710948378114
"вернее" 0.0031161384811941 0.00301132257287401 0 0 0.00762253220519857 0 0.00621581302834411 0.0103140632252076
"версты" 0.00934841544358231 0 0 0.00723772301234032 0.0101633762735981 0 0 0
"веру" 0 0 0.00551161573015129 0.00361886150617016 0.00762253220519857 0 0.00621581302834411 0.00515703161260378
"верхом" 0.00623227696238821 0 0.00275580786507565 0 0.0101633762735981 0.00768078651253888 0 0
"взглянула" 0 0 0.00551161573015129 0.0180943075308508 0.00254084406839952 0.00384039325626944 0 0
"вздор" 0 0.00903396771862202 0.00551161573015129 0.00361886150617016 0.00254084406839952 0 0.00621581302834411 0
"вздрогнул" 0.0031161384811941 0.00602264514574801 0 0.00723772301234032 0.00254084406839952 0.00768078651253888 0 0.00515703161260378
"влиянием" 0.0031161384811941 0.00602264514574801 0.00826742359522694 0.0108565845185105 0 0 0 0
"влюблен" 0 0.00602264514574801 0.00826742359522694 0.00361886150617016 0.00762253220519857 0 0 0
"вмешался" 0.0031161384811941 0.00602264514574801 0.0137790393253782 0 0 0.00384039325626944 0 0
"вновь" 0 0.00301132257287401 0 0 0.0177859084787967 0 0 0.00515703161260378
"возьму" 0.00934841544358231 0 0.0110232314603026 0.00361886150617016 0.00254084406839952 0 0 0
"воинов" 0 0 0 0 0.00254084406839952 0 0 0.0412562529008303
"воле" 0.0031161384811941 0.00301132257287401 0 0.00361886150617016 0.00762253220519857 0.00384039325626944 0 0.0103140632252076
"ворон" 0.0031161384811941 0.00301132257287401 0.00275580786507565 0 0.00254084406839952 0.00768078651253888 0 0.0154710948378114
"восторге" 0.0031161384811941 0.00301132257287401 0.0110232314603026 0 0 0 0.00932371954251616 0
"впечатления" 0 0.00301132257287401 0.00826742359522694 0.0108565845185105 0 0 0.00621581302834411 0
"впоследствии" 0 0.012045290291496 0 0.0108565845185105 0.00508168813679904 0 0 0
"врешь" 0.00934841544358231 0.00301132257287401 0.00826742359522694 0.00723772301234032 0 0 0 0
"всё" 0.00934841544358231 0 0 0.0144754460246806 0 0.00768078651253888 0 0
"всею" 0 0.00301132257287401 0 0.00723772301234032 0 0 0.0186474390850323 0
"встала" 0.0031161384811941 0.00301132257287401 0.00826742359522694 0 0.00508168813679904 0.00384039325626944 0 0.00515703161260378
"встретить" 0.0031161384811941 0.00301132257287401 0 0 0.0127042203419976 0 0 0.0103140632252076
"всякая" 0 0.00301132257287401 0 0.00361886150617016 0 0 0.0217553455992044 0
"высокая" 0.00623227696238821 0.00301132257287401 0.00826742359522694 0.00361886150617016 0 0 0.00621581302834411 0
"гей" 0.00934841544358231 0.00301132257287401 0 0 0.00508168813679904 0.0115211797688083 0 0
"герой" 0.0031161384811941 0.00301132257287401 0.0110232314603026 0.0108565845185105 0 0 0 0
"глазки" 0.00623227696238821 0.00301132257287401 0.00275580786507565 0.00723772301234032 0 0.00768078651253888 0 0.00515703161260378
"глубокое" 0.0031161384811941 0 0.00826742359522694 0.00361886150617016 0 0 0.00621581302834411 0.0103140632252076
"глядеть" 0.00934841544358231 0.00301132257287401 0.00275580786507565 0.00361886150617016 0.00762253220519857 0 0 0
"гнева" 0 0 0 0 0.0101633762735981 0.00384039325626944 0.00621581302834411 0.0103140632252076
"голод" 0 0.00602264514574801 0.00551161573015129 0 0.00508168813679904 0 0.00932371954251616 0
"городничему" 0.0031161384811941 0 0.0220464629206052 0 0 0 0 0
"городов" 0 0 0 0 0.00254084406839952 0.00384039325626944 0.0155395325708603 0.0103140632252076
"горою" 0.0124645539247764 0.00301132257287401 0 0 0 0.0153615730250778 0 0
"готовы" 0 0 0.00826742359522694 0 0.00762253220519857 0.00384039325626944 0.00621581302834411 0
"границы" 0 0.00301132257287401 0 0 0.0127042203419976 0 0.00932371954251616 0
"гроба" 0 0 0 0.00361886150617016 0.0127042203419976 0.00384039325626944 0.00310790651417205 0.00515703161260378
"густой" 0.00934841544358231 0.00301132257287401 0 0.00361886150617016 0.00254084406839952 0.00384039325626944 0 0.0103140632252076
"давали" 0.0155806924059705 0.00602264514574801 0 0.00361886150617016 0 0.00384039325626944 0 0
"давным" 0.0186968308871646 0.00301132257287401 0.00275580786507565 0 0.00254084406839952 0 0 0
"двадцати" 0 0.00903396771862202 0 0.00723772301234032 0.00508168813679904 0.00384039325626944 0.00310790651417205 0
"дверях" 0.00623227696238821 0.00301132257287401 0.0110232314603026 0 0 0.00384039325626944 0 0.00515703161260378
"движении" 0 0 0 0 0.0101633762735981 0 0.0155395325708603 0
"делай" 0.0031161384811941 0.00301132257287401 0 0 0.0101633762735981 0.0115211797688083 0 0
"делу" 0.0031161384811941 0.00602264514574801 0.00275580786507565 0.00723772301234032 0.00254084406839952 0 0.00310790651417205 0.00515703161260378
"держит" 0 0.00903396771862202 0 0 0 0.0153615730250778 0.00621581302834411 0
"детьми" 0 0 0.00551161573015129 0.00723772301234032 0.00254084406839952 0 0 0.0206281264504151
"диво" 0.0031161384811941 0 0 0 0.00254084406839952 0.0192019662813472 0 0.0103140632252076
"длинную" 0.0155806924059705 0 0.00275580786507565 0 0.00254084406839952 0.00768078651253888 0 0
"добрым" 0 0 0.00275580786507565 0.0144754460246806 0.00254084406839952 0.0115211797688083 0 0
"добычи" 0.0031161384811941 0.00301132257287401 0 0 0.0152450644103971 0 0 0.00515703161260378
"долг" 0.00623227696238821 0 0 0 0.0127042203419976 0 0.00621581302834411 0
"долее" 0.0031161384811941 0.00602264514574801 0.00551161573015129 0 0.00254084406839952 0 0.00621581302834411 0.00515703161260378
"домом" 0 0.00903396771862202 0.00551161573015129 0.00361886150617016 0 0.00384039325626944 0 0.0103140632252076
"дорогой" 0.00623227696238821 0 0 0.00361886150617016 0.00254084406839952 0.00384039325626944 0.00310790651417205 0.0154710948378114
"доселе" 0 0 0 0.00723772301234032 0.0177859084787967 0 0 0
"достоинства" 0.00623227696238821 0.00301132257287401 0.00551161573015129 0.00723772301234032 0 0.00384039325626944 0.00310790651417205 0
"дружбу" 0 0.00301132257287401 0 0.00361886150617016 0.0127042203419976 0 0.00310790651417205 0.00515703161260378
"друзьями" 0 0.00301132257287401 0 0.0180943075308508 0.00508168813679904 0 0.00310790651417205 0
"дрянь" 0 0.00301132257287401 0.00275580786507565 0.00361886150617016 0 0.0230423595376167 0 0
"думала" 0 0.00602264514574801 0.00826742359522694 0.00361886150617016 0.00254084406839952 0.00768078651253888 0 0
"думы" 0.0031161384811941 0 0 0.0108565845185105 0.0127042203419976 0 0 0
"духом" 0.00934841544358231 0.00301132257287401 0 0 0.00254084406839952 0.00768078651253888 0.00310790651417205 0.00515703161260378
"душенька" 0.00623227696238821 0 0.00551161573015129 0.0180943075308508 0 0 0 0
"дыхание" 0.00623227696238821 0 0 0.00361886150617016 0.00508168813679904 0 0.00621581302834411 0.0103140632252076
"дышит" 0 0 0 0.00361886150617016 0.0127042203419976 0.00768078651253888 0.00310790651417205 0
"единственно" 0 0.00602264514574801 0.00551161573015129 0 0 0.00384039325626944 0.0124316260566882 0
"жар" 0 0 0 0.0144754460246806 0.00254084406839952 0.00768078651253888 0.00310790651417205 0.00515703161260378
"закрыв" 0.0124645539247764 0.00903396771862202 0 0 0.00254084406839952 0 0.00310790651417205 0
"занимался" 0 0.00301132257287401 0.0110232314603026 0.0108565845185105 0 0 0.00310790651417205 0
"заниматься" 0.0031161384811941 0.00301132257287401 0.00551161573015129 0.00361886150617016 0 0.00384039325626944 0.00932371954251616 0
"занят" 0 0.00301132257287401 0.0110232314603026 0.00361886150617016 0.00254084406839952 0 0.00310790651417205 0.00515703161260378
"заставил" 0 0.00301132257287401 0.00551161573015129 0 0.00508168813679904 0.00768078651253888 0.00310790651417205 0.00515703161260378
"звезды" 0 0 0 0.00361886150617016 0.0101633762735981 0.00384039325626944 0 0.0154710948378114
"зеленые" 0.00623227696238821 0.00301132257287401 0 0 0 0.0192019662813472 0.00310790651417205 0
"знакомы" 0 0.00602264514574801 0.00826742359522694 0.00723772301234032 0.00254084406839952 0 0.00310790651417205 0
"значительно" 0.00934841544358231 0 0.00275580786507565 0.00361886150617016 0.00508168813679904 0.00768078651253888 0 0
"зубах" 0 0 0.00275580786507565 0 0.00254084406839952 0.0230423595376167 0.00310790651417205 0
"игра" 0 0.00903396771862202 0.00826742359522694 0.00361886150617016 0.00254084406839952 0 0.00310790651417205 0
"имена" 0 0.00602264514574801 0 0 0.00508168813679904 0 0.00932371954251616 0.0103140632252076
"инвалид" 0.0031161384811941 0 0.0220464629206052 0 0 0 0 0
"искал" 0 0.00301132257287401 0 0 0.00254084406839952 0.00768078651253888 0.0124316260566882 0.00515703161260378
"искусство" 0 0.00301132257287401 0 0.00723772301234032 0 0 0.0186474390850323 0
"исполнение" 0 0.00602264514574801 0.00275580786507565 0 0.00254084406839952 0.00384039325626944 0.0124316260566882 0
"кабинет" 0 0.012045290291496 0.0110232314603026 0.00361886150617016 0 0 0 0
"кабинете" 0 0.00903396771862202 0.0110232314603026 0.00723772301234032 0 0 0 0
"казаки" 0 0 0 0 0.0228675966155957 0 0 0
"караул" 0 0 0.0220464629206052 0 0 0 0.00310790651417205 0
"качая" 0.0155806924059705 0 0.00551161573015129 0 0.00508168813679904 0 0 0
"кладбище" 0 0 0 0.00723772301234032 0.00508168813679904 0 0.0124316260566882 0.00515703161260378
"кланяясь" 0.00623227696238821 0.00301132257287401 0.0110232314603026 0 0 0.00384039325626944 0 0.00515703161260378
"княгиню" 0 0.01505661286437 0 0 0 0 0 0.0206281264504151
"княжну" 0 0.0271019031558661 0 0 0 0 0 0
"колеса" 0.00623227696238821 0 0 0 0.00508168813679904 0.00768078651253888 0.00932371954251616 0
"кончить" 0 0 0.00551161573015129 0.00723772301234032 0.00762253220519857 0.00768078651253888 0 0
"кости" 0 0 0 0.00361886150617016 0.0127042203419976 0.00384039325626944 0.00310790651417205 0.00515703161260378
"кофе" 0 0 0.0248022707856808 0 0 0 0 0
"край" 0 0 0 0.00361886150617016 0.0101633762735981 0 0.00932371954251616 0.00515703161260378
"красная" 0.00623227696238821 0 0 0 0 0.0268827527938861 0 0
"красным" 0 0.00602264514574801 0 0 0 0.0192019662813472 0 0.0103140632252076
"краю" 0 0.00301132257287401 0 0 0.0127042203419976 0 0 0.0154710948378114
"кричали" 0.0124645539247764 0 0 0 0.00254084406839952 0 0.00932371954251616 0.00515703161260378
"кружок" 0.00934841544358231 0 0.00275580786507565 0.00723772301234032 0.00508168813679904 0.00384039325626944 0 0
"крыльцо" 0.00623227696238821 0 0.00826742359522694 0.00723772301234032 0 0 0 0.0103140632252076
"купца" 0.0249291078495528 0 0.00275580786507565 0 0 0 0 0
"куски" 0 0 0 0 0.00762253220519857 0.0115211797688083 0.00310790651417205 0.0103140632252076
"лебедев" 0 0 0.0248022707856808 0 0 0 0 0
"личико" 0.00623227696238821 0 0 0.00361886150617016 0.00254084406839952 0.0192019662813472 0 0
"личности" 0 0.0240905805829921 0 0.00361886150617016 0 0 0 0
"луч" 0.0031161384811941 0.00602264514574801 0 0.00361886150617016 0.0127042203419976 0 0 0
"маленький" 0 0.00602264514574801 0.0110232314603026 0 0 0 0.00621581302834411 0.00515703161260378
"медиокритского" 0 0 0.0248022707856808 0 0 0 0 0
"мертвеца" 0 0 0 0 0.0101633762735981 0 0.0155395325708603 0
"мирных" 0.0031161384811941 0.00301132257287401 0 0 0.0152450644103971 0 0.00310790651417205 0
"могилы" 0 0 0 0 0.0127042203419976 0.00384039325626944 0.00310790651417205 0.0103140632252076
"молвил" 0.00623227696238821 0 0 0 0.0177859084787967 0 0 0
"молился" 0.00623227696238821 0 0.00551161573015129 0.00723772301234032 0 0 0.00932371954251616 0
"молод" 0 0 0.00551161573015129 0.00723772301234032 0.00508168813679904 0 0 0.0154710948378114
"молодцы" 0.0124645539247764 0.00602264514574801 0 0 0 0 0 0.0154710948378114
"монастырь" 0.00934841544358231 0 0.0137790393253782 0.00361886150617016 0 0 0 0
"мошенник" 0.0186968308871646 0.00602264514574801 0 0 0 0.00384039325626944 0 0
"мужички" 0.0249291078495528 0 0.00275580786507565 0 0 0 0 0
"направился" 0.0124645539247764 0.01505661286437 0 0 0 0 0 0
"народом" 0.0031161384811941 0.00903396771862202 0 0 0.00254084406839952 0.00768078651253888 0 0.0103140632252076
"наслаждение" 0 0 0.00551161573015129 0 0.00508168813679904 0 0.0155395325708603 0
"настеньки" 0 0 0.0248022707856808 0 0 0 0 0
"настоящую" 0.00623227696238821 0 0.00275580786507565 0.0108565845185105 0 0.00384039325626944 0.00621581302834411 0
"начать" 0.0031161384811941 0.00602264514574801 0 0 0.00762253220519857 0 0.00621581302834411 0.00515703161260378
"небольшую" 0 0 0.0110232314603026 0.0108565845185105 0 0.00384039325626944 0.00310790651417205 0
"некоторым" 0 0.00602264514574801 0.00826742359522694 0 0 0 0.0124316260566882 0
"немножко" 0.0031161384811941 0.01505661286437 0.00275580786507565 0 0.00254084406839952 0 0 0.00515703161260378
"нижегородский" 0 0 0 0 0 0 0 0.0464132845134341
"ногам" 0.0124645539247764 0 0 0 0.0101633762735981 0 0 0.00515703161260378
"нужда" 0.00623227696238821 0.00301132257287401 0 0 0 0 0.0124316260566882 0.0103140632252076
"обиду" 0.00934841544358231 0 0 0.00723772301234032 0.00762253220519857 0 0 0.00515703161260378
"обман" 0 0 0 0 0.00508168813679904 0 0.0217553455992044 0
"образованный" 0 0 0.0137790393253782 0.0144754460246806 0 0 0 0
"общей" 0 0.00301132257287401 0.00826742359522694 0.00361886150617016 0 0 0.00932371954251616 0.00515703161260378
"огнем" 0 0 0 0 0.00762253220519857 0 0.00621581302834411 0.0206281264504151
"оказалось" 0.0031161384811941 0.00301132257287401 0.00826742359522694 0.00723772301234032 0.00254084406839952 0 0.00310790651417205 0
"окрестности" 0.0155806924059705 0 0 0 0.00254084406839952 0.00384039325626944 0 0.0103140632252076
"оставалась" 0 0.00903396771862202 0.00551161573015129 0.00361886150617016 0 0 0.00621581302834411 0.00515703161260378
"оставили" 0 0.00301132257287401 0 0.00361886150617016 0.0101633762735981 0.00384039325626944 0.00310790651417205 0.00515703161260378
"отдай" 0.0124645539247764 0 0 0 0 0.00384039325626944 0 0.0206281264504151
"отколе" 0.0280452463307469 0 0 0 0 0 0 0
"отошел" 0.00623227696238821 0.00301132257287401 0 0.0108565845185105 0 0.00768078651253888 0.00310790651417205 0
"отрывки" 0 0 0 0 0.00254084406839952 0 0.0248632521133764 0
"отрывок" 0 0 0 0 0.00762253220519857 0 0.0186474390850323 0
"отцов" 0 0 0.00551161573015129 0.00361886150617016 0.00254084406839952 0 0.00932371954251616 0.0103140632252076
"отыскивать" 0.0031161384811941 0.00903396771862202 0 0.00361886150617016 0 0.00384039325626944 0.00932371954251616 0
"охотник" 0.0031161384811941 0 0.0137790393253782 0 0.00254084406839952 0 0.00621581302834411 0
"очей" 0 0 0 0.00361886150617016 0.00762253220519857 0.0115211797688083 0.00310790651417205 0.00515703161260378
"пару" 0.0031161384811941 0.012045290291496 0.00275580786507565 0.00361886150617016 0 0.00384039325626944 0.00310790651417205 0
"пегашка" 0.0280452463307469 0 0 0 0 0 0 0
"передо" 0 0 0 0 0.00762253220519857 0.00768078651253888 0.0124316260566882 0
"песен" 0 0.00301132257287401 0 0.00723772301234032 0.0101633762735981 0.00384039325626944 0 0.00515703161260378
"плакала" 0.0031161384811941 0.00602264514574801 0.00551161573015129 0.00723772301234032 0.00254084406839952 0 0 0.00515703161260378
"плач" 0 0 0 0.00723772301234032 0.00762253220519857 0 0.00310790651417205 0.0154710948378114
"победа" 0 0 0 0 0.00508168813679904 0 0.0217553455992044 0
"побежал" 0.00623227696238821 0 0.00551161573015129 0.00723772301234032 0.00254084406839952 0.00384039325626944 0 0.00515703161260378
"поближе" 0.0031161384811941 0.00602264514574801 0 0.00723772301234032 0.00254084406839952 0.0115211797688083 0 0
"поверьте" 0 0.00602264514574801 0.00551161573015129 0.0108565845185105 0 0 0.00621581302834411 0
"подавая" 0.0031161384811941 0.00602264514574801 0.0110232314603026 0.00361886150617016 0 0.00384039325626944 0 0
"подите" 0 0 0.0220464629206052 0 0 0 0 0.00515703161260378
"подобных" 0 0.00903396771862202 0 0.0144754460246806 0.00508168813679904 0 0 0
"подтвердила" 0 0.00903396771862202 0.0165348471904539 0 0 0 0 0
"подъезда" 0 0.021079258010118 0.00275580786507565 0 0 0 0.00310790651417205 0
"показал" 0.0031161384811941 0.00301132257287401 0.00551161573015129 0.00723772301234032 0 0 0.00310790651417205 0.0103140632252076
"половина" 0 0.00903396771862202 0 0 0 0.0115211797688083 0.00932371954251616 0
"половине" 0 0.00903396771862202 0.00826742359522694 0 0.00508168813679904 0 0 0.00515703161260378
"половины" 0.0031161384811941 0.012045290291496 0 0 0.00254084406839952 0.00384039325626944 0.00310790651417205 0.00515703161260378
"помнишь" 0.00623227696238821 0 0.00275580786507565 0 0.00254084406839952 0 0.00310790651417205 0.0206281264504151
"поневоле" 0.00623227696238821 0.00602264514574801 0 0.00361886150617016 0.00254084406839952 0.00384039325626944 0.00310790651417205 0.00515703161260378
"понимаешь" 0 0.00301132257287401 0.00551161573015129 0 0.00254084406839952 0.00768078651253888 0.00932371954251616 0
"понимать" 0 0 0.00826742359522694 0.0180943075308508 0.00254084406839952 0 0 0
"поняла" 0 0.00903396771862202 0.00551161573015129 0.00361886150617016 0.00762253220519857 0 0 0
"поняли" 0 0.00301132257287401 0.00275580786507565 0 0.00254084406839952 0 0.0186474390850323 0
"порой" 0 0 0 0 0.0228675966155957 0 0 0
"последнем" 0 0.012045290291496 0.00551161573015129 0 0 0.00384039325626944 0.00621581302834411 0
"посмотрела" 0 0.00602264514574801 0.0110232314603026 0.00723772301234032 0 0.00384039325626944 0 0
"посмотрим" 0.0031161384811941 0.00602264514574801 0.00275580786507565 0 0.00254084406839952 0.00384039325626944 0.00621581302834411 0.00515703161260378
"постойте" 0.0031161384811941 0 0.00275580786507565 0.0144754460246806 0 0.0115211797688083 0 0
"посторонних" 0.0031161384811941 0.021079258010118 0.00275580786507565 0 0 0 0 0
"почем" 0.00934841544358231 0.012045290291496 0.00275580786507565 0.00361886150617016 0 0 0 0
"почтительно" 0 0.00903396771862202 0.00275580786507565 0 0.00508168813679904 0.00384039325626944 0 0.0103140632252076
"предков" 0 0 0.00275580786507565 0 0.0127042203419976 0 0.00310790651417205 0.0103140632252076
"предложил" 0 0.018067935437244 0.00275580786507565 0.00723772301234032 0 0 0 0
"презрение" 0 0.00602264514574801 0 0.0144754460246806 0 0 0.00932371954251616 0
"примолвил" 0.0031161384811941 0 0 0 0.0101633762735981 0.00384039325626944 0.00310790651417205 0.0103140632252076
"принадлежал" 0.00623227696238821 0.00903396771862202 0 0.00361886150617016 0 0.00384039325626944 0.00621581302834411 0
"принимаясь" 0.0186968308871646 0 0.00275580786507565 0 0 0.00768078651253888 0 0
"прислал" 0.0031161384811941 0.01505661286437 0.00275580786507565 0 0.00254084406839952 0.00384039325626944 0 0
"приходит" 0.0031161384811941 0 0 0 0.00254084406839952 0.00768078651253888 0.0155395325708603 0
"продал" 0.0031161384811941 0 0 0.00723772301234032 0.00508168813679904 0.00768078651253888 0.00310790651417205 0.00515703161260378
"продолжая" 0.00623227696238821 0.00903396771862202 0.00826742359522694 0 0 0.00384039325626944 0 0
"проклятая" 0.0031161384811941 0 0 0.00723772301234032 0.00508168813679904 0.0115211797688083 0.00310790651417205 0
"просвещение" 0 0 0 0.00723772301234032 0 0 0.0217553455992044 0
"пространство" 0.0031161384811941 0 0 0.00361886150617016 0.00508168813679904 0 0.0155395325708603 0
"пьяный" 0.0031161384811941 0 0 0.0108565845185105 0 0.0192019662813472 0 0
"раздавался" 0.00623227696238821 0 0 0 0.0127042203419976 0 0.00310790651417205 0.00515703161260378
"разу" 0.00934841544358231 0.01505661286437 0 0.00361886150617016 0 0 0 0
"резко" 0.00623227696238821 0.00602264514574801 0 0.0108565845185105 0 0 0.00621581302834411 0
"рублев" 0.0280452463307469 0 0 0 0 0 0 0
"руси" 0 0 0 0 0.00254084406839952 0 0 0.0412562529008303
"ручку" 0 0.00301132257287401 0.00275580786507565 0.00361886150617016 0.00508168813679904 0.0115211797688083 0 0.00515703161260378
"рядами" 0.00623227696238821 0 0 0 0.00508168813679904 0 0.00310790651417205 0.0206281264504151
"самолюбие" 0 0.01505661286437 0 0.00361886150617016 0.00508168813679904 0 0.00310790651417205 0
"самолюбия" 0.0031161384811941 0.01505661286437 0 0.00361886150617016 0 0 0.00621581302834411 0
"свитке" 0 0 0 0 0 0.034563539306425 0 0
"сильных" 0 0.00602264514574801 0.00275580786507565 0 0.00508168813679904 0 0.00621581302834411 0.0103140632252076
"синий" 0.00934841544358231 0.00301132257287401 0 0 0.00254084406839952 0.0153615730250778 0 0
"скажешь" 0.00934841544358231 0 0 0 0.00254084406839952 0.0153615730250778 0 0.00515703161260378
"скромно" 0 0.01505661286437 0.00275580786507565 0.00723772301234032 0.00254084406839952 0 0 0
"скрывая" 0 0.00301132257287401 0.00551161573015129 0 0.0101633762735981 0 0.00310790651417205 0.00515703161260378
"скрылась" 0.0124645539247764 0.00602264514574801 0.00275580786507565 0.00723772301234032 0 0 0 0
"следовало" 0.0031161384811941 0.00301132257287401 0.0137790393253782 0.00361886150617016 0.00254084406839952 0 0 0
"случайно" 0 0.012045290291496 0.00826742359522694 0 0 0 0.00621581302834411 0
"слушайте" 0 0 0.00551161573015129 0.00723772301234032 0 0.0115211797688083 0.00621581302834411 0
"слышались" 0.0031161384811941 0.00301132257287401 0 0.00361886150617016 0.00762253220519857 0.00768078651253888 0 0.00515703161260378
"слышалось" 0.0124645539247764 0.00301132257287401 0.00275580786507565 0.00361886150617016 0 0.00768078651253888 0 0
"слышится" 0.0031161384811941 0 0 0.0108565845185105 0 0.00768078651253888 0.00932371954251616 0
"слышь" 0.0249291078495528 0 0.00275580786507565 0 0 0 0 0
"смешно" 0 0 0.0110232314603026 0.0144754460246806 0 0 0.00310790651417205 0
"смотря" 0 0.00602264514574801 0.00551161573015129 0 0 0 0.00310790651417205 0.0206281264504151
"смысле" 0.0031161384811941 0.00301132257287401 0.00826742359522694 0 0.00508168813679904 0 0.00621581302834411 0
"снег" 0.0031161384811941 0.00301132257287401 0 0 0.0127042203419976 0.00768078651253888 0 0
"собственно" 0 0.01505661286437 0.00275580786507565 0 0.00762253220519857 0 0 0
"согласен" 0 0.00301132257287401 0 0.00361886150617016 0.00762253220519857 0 0.00932371954251616 0.00515703161260378
"сокол" 0 0 0 0 0.00254084406839952 0 0 0.0412562529008303
"солопий" 0 0 0 0 0 0.034563539306425 0 0
"сотни" 0 0 0.00551161573015129 0 0.0101633762735981 0.00384039325626944 0.00310790651417205 0.00515703161260378
"спокойствия" 0.0031161384811941 0 0 0.00361886150617016 0.00508168813679904 0.00384039325626944 0.0124316260566882 0
"спор" 0 0 0 0 0 0 0.0248632521133764 0.00515703161260378
"становился" 0.0031161384811941 0.00602264514574801 0.00551161573015129 0.00723772301234032 0.00254084406839952 0.00384039325626944 0 0
"станут" 0.00623227696238821 0.00301132257287401 0.00275580786507565 0.00361886150617016 0.00762253220519857 0.00384039325626944 0 0
"стена" 0 0 0.00275580786507565 0 0.0177859084787967 0.00384039325626944 0 0
"сторона" 0.0031161384811941 0.00301132257287401 0 0.00361886150617016 0.00508168813679904 0 0.00932371954251616 0.00515703161260378
"странная" 0 0 0.00275580786507565 0.021713169037021 0.00254084406839952 0 0.00310790651417205 0
"странные" 0 0.00602264514574801 0.00275580786507565 0.0144754460246806 0 0 0.00621581302834411 0
"судья" 0 0 0.0165348471904539 0 0.00508168813679904 0 0.00310790651417205 0
"супругу" 0.0031161384811941 0.012045290291496 0.00275580786507565 0.00361886150617016 0 0.00768078651253888 0 0
"суть" 0 0 0 0 0.0101633762735981 0 0.00621581302834411 0.0154710948378114
"счастлива" 0 0.00602264514574801 0.00826742359522694 0.00723772301234032 0.00508168813679904 0 0 0
"счет" 0 0 0.00826742359522694 0 0.00254084406839952 0.00384039325626944 0.00932371954251616 0.00515703161260378
"тайны" 0 0.00602264514574801 0.00275580786507565 0 0.00254084406839952 0 0.00310790651417205 0.0206281264504151
"твоем" 0 0 0 0.00361886150617016 0.0152450644103971 0 0.00310790651417205 0.00515703161260378
"теле" 0 0 0 0.0144754460246806 0.00508168813679904 0 0.00932371954251616 0
"тка" 0.00623227696238821 0 0.00551161573015129 0 0.00508168813679904 0.0115211797688083 0 0
"товарищи" 0.0124645539247764 0 0.00275580786507565 0.00361886150617016 0.00508168813679904 0 0 0.00515703161260378
"товарищу" 0.00934841544358231 0.00301132257287401 0.00275580786507565 0.00723772301234032 0 0.00384039325626944 0.00310790651417205 0
"толковать" 0.0249291078495528 0 0 0 0 0.00384039325626944 0 0
"толпами" 0 0 0 0.00361886150617016 0.0101633762735981 0 0.00932371954251616 0.00515703161260378
"тумана" 0.00934841544358231 0 0 0.00361886150617016 0.0127042203419976 0 0 0
"убеждения" 0 0.00602264514574801 0 0.0144754460246806 0.00254084406839952 0 0.00621581302834411 0
"увидя" 0.0031161384811941 0.00301132257287401 0 0 0.00508168813679904 0.00768078651253888 0 0.0154710948378114
"удерживая" 0.0155806924059705 0.00602264514574801 0 0 0.00254084406839952 0.00384039325626944 0 0
"удовольствия" 0 0.00301132257287401 0.0165348471904539 0 0.00508168813679904 0 0 0
"ужинать" 0.00934841544358231 0 0.00275580786507565 0 0.00254084406839952 0.00384039325626944 0.00932371954251616 0
"узнаешь" 0 0.00301132257287401 0.00275580786507565 0.00361886150617016 0.00508168813679904 0.00384039325626944 0 0.0154710948378114
"улыбнулась" 0 0.012045290291496 0.0137790393253782 0 0 0 0 0
"учить" 0.0031161384811941 0 0.0110232314603026 0.00361886150617016 0 0 0.00621581302834411 0.00515703161260378
"характером" 0 0.0240905805829921 0.00275580786507565 0 0 0 0 0
"хвост" 0.0124645539247764 0.00301132257287401 0.00275580786507565 0 0.00254084406839952 0.00768078651253888 0 0
"хо" 0.0280452463307469 0 0 0 0 0 0 0
"ход" 0 0.00903396771862202 0.00551161573015129 0 0.00508168813679904 0 0.00621581302834411 0
"холодной" 0 0.00602264514574801 0.0137790393253782 0.00361886150617016 0.00254084406839952 0 0 0
"хохотом" 0.00623227696238821 0.00301132257287401 0 0 0 0.00768078651253888 0.0124316260566882 0
"целая" 0.0031161384811941 0.00301132257287401 0.00275580786507565 0 0.00254084406839952 0.0115211797688083 0.00621581302834411 0
"целовальник" 0.0280452463307469 0 0 0 0 0 0 0
"чести" 0.0031161384811941 0.01505661286437 0.00275580786507565 0 0.00254084406839952 0 0 0.00515703161260378
"честное" 0 0.012045290291496 0 0.0108565845185105 0.00254084406839952 0 0 0.00515703161260378
"честью" 0 0.00903396771862202 0 0 0.0101633762735981 0 0 0.0103140632252076
"четырех" 0 0.00903396771862202 0.00826742359522694 0.00723772301234032 0.00254084406839952 0 0 0
"чиновника" 0 0.00301132257287401 0.00551161573015129 0.021713169037021 0 0 0 0
"читателю" 0.0031161384811941 0.018067935437244 0 0.00361886150617016 0 0 0.00310790651417205 0
"чрезвычайно" 0.00934841544358231 0.00301132257287401 0.00551161573015129 0 0.00762253220519857 0 0 0
"шутить" 0.00623227696238821 0.00301132257287401 0.00551161573015129 0.00361886150617016 0.00254084406839952 0 0 0.0103140632252076
"шутку" 0.0031161384811941 0.00301132257287401 0.00826742359522694 0 0.00254084406839952 0.0115211797688083 0 0
"экзархатова" 0 0 0.0248022707856808 0 0 0 0 0
"этакой" 0 0 0.0192906550555295 0.00361886150617016 0 0 0 0.00515703161260378
"a" 0 0.018067935437244 0 0.00361886150617016 0 0 0.00621581302834411 0
"iii" 0.0031161384811941 0.00301132257287401 0.00275580786507565 0 0.00254084406839952 0.00768078651253888 0.00932371954251616 0
"v" 0.0031161384811941 0.00301132257287401 0.00275580786507565 0 0.00254084406839952 0.00768078651253888 0.00932371954251616 0
"азиатца" 0 0 0 0 0.0203267525471962 0 0 0
"аксентий" 0.0249291078495528 0 0 0 0 0 0 0
"баб" 0.0249291078495528 0 0 0 0 0 0 0
"бабу" 0.0186968308871646 0 0.00275580786507565 0.00361886150617016 0 0 0 0
"барышни" 0 0.00301132257287401 0.0165348471904539 0.00361886150617016 0 0 0 0
"барышня" 0 0.00602264514574801 0.0165348471904539 0 0 0 0 0
"бедствий" 0 0 0 0 0 0 0.0186474390850323 0.0103140632252076
"беды" 0.00934841544358231 0.00301132257287401 0 0 0.00508168813679904 0.00384039325626944 0 0.00515703161260378
"бездна" 0 0.00602264514574801 0 0.0108565845185105 0.00254084406839952 0 0.00621581302834411 0
"беседы" 0 0 0 0.00361886150617016 0.00254084406839952 0 0.00621581302834411 0.0206281264504151
"богатые" 0.0031161384811941 0 0.00275580786507565 0 0 0 0.00932371954251616 0.0154710948378114
"боишься" 0.00623227696238821 0 0 0 0.00254084406839952 0.00384039325626944 0.00621581302834411 0.0103140632252076
"бормотал" 0.0124645539247764 0.00903396771862202 0.00275580786507565 0 0 0 0 0
"бою" 0 0 0 0 0.0152450644103971 0.00384039325626944 0.00310790651417205 0
"брать" 0 0.00602264514574801 0.00275580786507565 0.00723772301234032 0.00254084406839952 0 0.00621581302834411 0
"будьте" 0.00623227696238821 0 0 0.0108565845185105 0.00508168813679904 0.00384039325626944 0 0
"бумагу" 0.0031161384811941 0.00602264514574801 0 0 0.00508168813679904 0.00384039325626944 0.00621581302834411 0
"важным" 0.0031161384811941 0 0 0 0.00508168813679904 0 0.0155395325708603 0
"великие" 0 0 0.00551161573015129 0 0 0.00384039325626944 0.0124316260566882 0.00515703161260378
"верный" 0 0.00301132257287401 0 0 0.00508168813679904 0.00384039325626944 0.00932371954251616 0.00515703161260378
"верь" 0 0 0 0 0.00762253220519857 0.00384039325626944 0 0.0206281264504151
"вечор" 0.0218129693683587 0.00301132257287401 0 0 0 0 0 0
"вещей" 0 0.00602264514574801 0.00275580786507565 0 0 0 0.0155395325708603 0
"вздох" 0.0031161384811941 0 0 0.0108565845185105 0.00762253220519857 0 0 0.00515703161260378
"взоров" 0 0 0 0 0.0101633762735981 0 0.00932371954251616 0.00515703161260378
"вида" 0 0.00602264514574801 0.00275580786507565 0 0 0.00768078651253888 0 0.0154710948378114
"видим" 0.00623227696238821 0 0.00551161573015129 0.00361886150617016 0 0 0.00621581302834411 0.00515703161260378
"вне" 0 0.00301132257287401 0 0 0.00254084406839952 0 0.0186474390850323 0
"внезапно" 0.0124645539247764 0.00301132257287401 0 0.00361886150617016 0 0 0.00621581302834411 0
"возможно" 0 0.00903396771862202 0.00275580786507565 0.0108565845185105 0 0 0.00310790651417205 0
"воин" 0 0 0.00275580786507565 0 0 0 0 0.0360992212882265
"вой" 0.0155806924059705 0 0 0 0.00762253220519857 0 0 0
"воскресенье" 0 0 0.0110232314603026 0.0108565845185105 0.00254084406839952 0 0 0
"воспитание" 0 0.00602264514574801 0.00275580786507565 0.0108565845185105 0 0 0.00621581302834411 0
"враг" 0 0 0 0 0.00762253220519857 0.00768078651253888 0.00310790651417205 0.0103140632252076
"вспыхнул" 0 0 0.00826742359522694 0 0.0101633762735981 0.00384039325626944 0 0
"всюду" 0.00623227696238821 0 0.00551161573015129 0.00361886150617016 0.00254084406839952 0 0.00621581302834411 0
"выдать" 0.0031161384811941 0.00301132257287401 0.00826742359522694 0 0.00254084406839952 0 0 0.0103140632252076
"вырвался" 0 0.00301132257287401 0.00275580786507565 0 0.00762253220519857 0.00384039325626944 0.00621581302834411 0
"высокие" 0.0124645539247764 0 0.00275580786507565 0 0.00254084406839952 0.00384039325626944 0.00310790651417205 0
"выстрелы" 0 0 0 0 0.0152450644103971 0 0.00621581302834411 0
"выходя" 0.00623227696238821 0.00301132257287401 0.00275580786507565 0 0.00508168813679904 0.00384039325626944 0.00310790651417205 0
"гаврилыч" 0 0 0.0220464629206052 0 0 0 0 0
"глубокой" 0.0031161384811941 0.00301132257287401 0 0.00723772301234032 0.00508168813679904 0.00384039325626944 0.00310790651417205 0
"глухим" 0.0031161384811941 0 0.00275580786507565 0 0.00508168813679904 0.0115211797688083 0 0.00515703161260378
"глядела" 0.00623227696238821 0.012045290291496 0.00551161573015129 0 0 0 0 0
"глядит" 0.0031161384811941 0 0 0.00723772301234032 0 0.0153615730250778 0 0.00515703161260378
"гневом" 0 0 0 0 0.0152450644103971 0.00384039325626944 0 0.00515703161260378
"годневых" 0 0 0.0220464629206052 0 0 0 0 0
"головку" 0.00623227696238821 0 0.00551161573015129 0.0108565845185105 0 0.00384039325626944 0 0
"горькая" 0.0124645539247764 0.00301132257287401 0 0.00361886150617016 0 0 0.00621581302834411 0
"груды" 0.00934841544358231 0 0 0 0 0 0.0124316260566882 0.00515703161260378
"губернии" 0.00623227696238821 0 0.0137790393253782 0 0 0.00384039325626944 0 0
"давайте" 0.00934841544358231 0 0 0.00723772301234032 0 0.0115211797688083 0 0
"дворник" 0.00623227696238821 0.00301132257287401 0 0 0 0 0 0.0257851580630189
"девочка" 0.0186968308871646 0.00301132257287401 0.00275580786507565 0 0 0 0 0
"действие" 0.0031161384811941 0.00301132257287401 0 0 0.00254084406839952 0 0.0124316260566882 0.00515703161260378
"действует" 0.0031161384811941 0 0 0 0 0 0.0217553455992044 0
"делами" 0.0031161384811941 0.012045290291496 0 0.00361886150617016 0 0 0.00310790651417205 0.00515703161260378
"делах" 0 0.00602264514574801 0 0 0.00762253220519857 0 0.00310790651417205 0.0103140632252076
"дерево" 0 0 0 0.00723772301234032 0 0.0115211797688083 0.00932371954251616 0
"держи" 0.00934841544358231 0.012045290291496 0 0.00361886150617016 0 0 0 0
"дернул" 0.0124645539247764 0 0 0 0 0.0153615730250778 0 0
"димитриевич" 0 0 0 0 0 0 0 0.0412562529008303
"дне" 0.0155806924059705 0 0 0 0.00508168813679904 0.00384039325626944 0 0
"догадался" 0 0 0.00275580786507565 0.0108565845185105 0 0.00384039325626944 0.00621581302834411 0.00515703161260378
"доля" 0.0155806924059705 0.00301132257287401 0 0.00361886150617016 0 0 0.00310790651417205 0
"досада" 0.0031161384811941 0 0 0.0144754460246806 0.00508168813679904 0 0 0.00515703161260378
"досадно" 0 0 0.00826742359522694 0.0144754460246806 0 0 0.00310790651417205 0
"дошел" 0.00934841544358231 0 0 0.0144754460246806 0 0 0.00310790651417205 0
"дрожащим" 0.00623227696238821 0.00301132257287401 0 0 0.00508168813679904 0 0 0.0154710948378114
"дрожки" 0 0.00602264514574801 0.0165348471904539 0 0 0 0 0
"дрожь" 0.00623227696238821 0.00602264514574801 0 0 0 0.0115211797688083 0.00310790651417205 0
"дружбы" 0 0 0 0.00723772301234032 0.00762253220519857 0.00384039325626944 0.00310790651417205 0.00515703161260378
"дружина" 0 0 0 0 0 0 0 0.0412562529008303
"дурак" 0 0 0.00826742359522694 0.00723772301234032 0 0.00384039325626944 0 0.0103140632252076
"духи" 0 0 0 0 0.0101633762735981 0.00384039325626944 0.00932371954251616 0
"душою" 0 0.00602264514574801 0 0 0.00508168813679904 0.00384039325626944 0.00621581302834411 0.00515703161260378
"дяди" 0.0186968308871646 0 0.00275580786507565 0 0 0 0 0.00515703161260378
"ездил" 0 0.00301132257287401 0.00551161573015129 0.0144754460246806 0 0 0.00310790651417205 0
"ждали" 0.0031161384811941 0.00301132257287401 0.00275580786507565 0 0.00508168813679904 0 0 0.0154710948378114
"жен" 0 0 0.00275580786507565 0.00723772301234032 0.00508168813679904 0 0 0.0154710948378114
"живешь" 0.0124645539247764 0 0 0.00361886150617016 0.00254084406839952 0 0.00310790651417205 0.00515703161260378
"живых" 0 0 0.00551161573015129 0.00361886150617016 0.00508168813679904 0 0.00621581302834411 0.00515703161260378
"жила" 0 0.00301132257287401 0.00551161573015129 0.00723772301234032 0.00254084406839952 0.00384039325626944 0.00310790651417205 0
"жилище" 0.0031161384811941 0 0 0 0.00254084406839952 0.00384039325626944 0.0155395325708603 0
"заведения" 0 0.018067935437244 0.00551161573015129 0 0 0 0 0
"зависть" 0.0031161384811941 0 0.00275580786507565 0.00723772301234032 0.00254084406839952 0 0.00932371954251616 0
"задумалась" 0 0 0.00551161573015129 0.0144754460246806 0 0.00768078651253888 0 0
"замятни" 0 0 0 0 0 0 0 0.0412562529008303
"запел" 0.0031161384811941 0 0.00551161573015129 0 0 0.00768078651253888 0.00310790651417205 0.0103140632252076
"записки" 0 0.00903396771862202 0.00551161573015129 0 0.00254084406839952 0 0.00621581302834411 0
"заставило" 0 0.00301132257287401 0 0.00361886150617016 0.00254084406839952 0.0115211797688083 0.00621581302834411 0
"заставить" 0 0.00301132257287401 0 0 0.00254084406839952 0.00768078651253888 0.00932371954251616 0.00515703161260378
"захотел" 0.0031161384811941 0.00301132257287401 0 0 0.00254084406839952 0.00384039325626944 0.00932371954251616 0.00515703161260378
"зверь" 0 0 0 0 0.0203267525471962 0 0 0
"зверя" 0.0031161384811941 0 0 0 0.0177859084787967 0 0 0
"здание" 0.00934841544358231 0.00301132257287401 0.00275580786507565 0 0.00254084406839952 0 0.00621581302834411 0
"землею" 0 0 0 0 0 0.0115211797688083 0.00621581302834411 0.0154710948378114
"зеркало" 0 0 0.00275580786507565 0 0.00508168813679904 0.0192019662813472 0 0
"зиму" 0.00934841544358231 0.00301132257287401 0 0.00361886150617016 0.00508168813679904 0.00384039325626944 0 0
"золота" 0 0 0 0 0.00254084406839952 0.0192019662813472 0 0.0103140632252076
"иванычу" 0 0 0 0.0289508920493613 0 0 0 0
"идешь" 0.0031161384811941 0.00602264514574801 0 0 0 0.0115211797688083 0 0.0103140632252076
"избе" 0.0218129693683587 0 0 0.00361886150617016 0 0 0 0
"изволите" 0.0031161384811941 0.00602264514574801 0.00826742359522694 0 0 0.00384039325626944 0.00310790651417205 0
"издалека" 0.00623227696238821 0 0 0.00361886150617016 0.00762253220519857 0.00384039325626944 0 0.00515703161260378
"измена" 0 0 0 0 0.0101633762735981 0 0 0.0206281264504151
"имея" 0 0 0 0 0.0127042203419976 0 0.00621581302834411 0.00515703161260378
"истинно" 0.00623227696238821 0.00301132257287401 0.00551161573015129 0.00361886150617016 0.00508168813679904 0 0 0
"историю" 0 0 0.00275580786507565 0.00723772301234032 0 0.00384039325626944 0.0124316260566882 0
"казались" 0.0031161384811941 0.00301132257287401 0 0.00361886150617016 0.00254084406839952 0.0115211797688083 0.00310790651417205 0
"капли" 0.0031161384811941 0 0 0 0.0101633762735981 0 0.00932371954251616 0
"кинжала" 0 0 0 0 0.0203267525471962 0 0 0
"кинулась" 0.00623227696238821 0 0.00275580786507565 0 0.00762253220519857 0.00768078651253888 0 0
"кипит" 0 0 0 0.00361886150617016 0.0101633762735981 0 0.00621581302834411 0.00515703161260378
"киприан" 0 0 0 0 0 0 0 0.0412562529008303
"княжество" 0 0 0 0 0 0 0 0.0412562529008303
"колония" 0 0 0 0 0 0 0.0248632521133764 0
"комната" 0 0.018067935437244 0 0 0.00254084406839952 0 0.00310790651417205 0
"компании" 0 0.01505661286437 0.00551161573015129 0 0 0 0.00310790651417205 0
"контору" 0.0218129693683587 0 0.00275580786507565 0 0 0 0 0
"кончили" 0 0 0.00275580786507565 0.0108565845185105 0.00254084406839952 0 0 0.0154710948378114
"крайне" 0 0.012045290291496 0 0.0144754460246806 0 0 0 0
"крепость" 0 0.00301132257287401 0.00551161573015129 0 0.0101633762735981 0.00384039325626944 0 0
"крепче" 0.00623227696238821 0.00301132257287401 0 0 0.00254084406839952 0.0153615730250778 0 0
"крест" 0.0031161384811941 0 0 0.00361886150617016 0.00508168813679904 0.0115211797688083 0 0.00515703161260378
"крики" 0.0031161384811941 0.00903396771862202 0 0 0.00508168813679904 0.00384039325626944 0.00310790651417205 0
"крылья" 0 0 0 0.00361886150617016 0.0127042203419976 0.00768078651253888 0 0
"ксении" 0 0 0 0 0 0 0 0.0412562529008303
"курил" 0 0 0.0110232314603026 0 0.00254084406839952 0.00768078651253888 0.00310790651417205 0
"курок" 0 0 0.00275580786507565 0 0.0177859084787967 0 0 0
"кусты" 0.00934841544358231 0 0 0.00723772301234032 0.00254084406839952 0.00768078651253888 0 0
"легкий" 0 0.00602264514574801 0.00826742359522694 0.00361886150617016 0 0.00384039325626944 0.00310790651417205 0
"лезет" 0.00623227696238821 0.00301132257287401 0.00275580786507565 0.00723772301234032 0 0.00768078651253888 0 0
"лесом" 0.00934841544358231 0 0 0 0.00508168813679904 0.00768078651253888 0 0.00515703161260378
"лето" 0.0031161384811941 0 0.00551161573015129 0.00361886150617016 0.00254084406839952 0.00768078651253888 0 0.00515703161260378
"листьями" 0 0 0 0.00723772301234032 0.00508168813679904 0.0115211797688083 0 0.00515703161260378
"лицам" 0 0.012045290291496 0.00275580786507565 0.00723772301234032 0 0 0.00310790651417205 0
"лицах" 0 0 0 0.00723772301234032 0.00508168813679904 0.00768078651253888 0.00310790651417205 0.00515703161260378
"луиза" 0 0 0 0 0 0 0.0248632521133764 0
"любезно" 0 0.021079258010118 0.00275580786507565 0 0 0 0 0
"любо" 0 0 0 0 0.00762253220519857 0.0192019662813472 0 0
"маклак" 0 0.0240905805829921 0 0 0 0 0 0
"малый" 0.0031161384811941 0.00301132257287401 0.00826742359522694 0 0 0.00384039325626944 0 0.0103140632252076
"мамаша" 0 0 0.00826742359522694 0.0180943075308508 0 0 0 0
"мария" 0 0 0 0 0.0203267525471962 0 0 0
"марья" 0 0.00301132257287401 0.00826742359522694 0.0144754460246806 0 0 0 0
"матвей" 0.0249291078495528 0 0 0 0 0 0 0
"мельницы" 0.00934841544358231 0 0 0.0108565845185105 0 0.00768078651253888 0 0
"мест" 0.0031161384811941 0.00602264514574801 0.00826742359522694 0.00361886150617016 0 0 0.00310790651417205 0
"месяцев" 0.0031161384811941 0.00602264514574801 0 0.00723772301234032 0 0 0.00310790651417205 0.0103140632252076
"мирно" 0 0.00301132257287401 0.00275580786507565 0.00723772301234032 0.00762253220519857 0 0 0.00515703161260378
"младенца" 0 0.012045290291496 0 0 0 0 0.0124316260566882 0
"многим" 0.0031161384811941 0.00602264514574801 0.00551161573015129 0.00723772301234032 0 0 0.00310790651417205 0
"молниею" 0 0 0 0 0.0127042203419976 0 0.00932371954251616 0
"молчи" 0.00623227696238821 0 0 0.0108565845185105 0.00508168813679904 0 0 0.00515703161260378
"московскому" 0 0 0 0 0 0 0 0.0412562529008303
"мрачно" 0.00623227696238821 0.00602264514574801 0.00275580786507565 0 0.00508168813679904 0.00384039325626944 0 0
"мудрено" 0.00934841544358231 0 0 0 0.00762253220519857 0.00384039325626944 0.00310790651417205 0
"мужу" 0.00623227696238821 0.012045290291496 0.00275580786507565 0 0.00254084406839952 0 0 0
"музыки" 0 0 0.00275580786507565 0 0 0.00384039325626944 0.0186474390850323 0
"музыку" 0 0 0.00275580786507565 0.00361886150617016 0 0 0.0186474390850323 0
"надев" 0 0 0.0192906550555295 0 0 0.00384039325626944 0 0
"найдешь" 0.0155806924059705 0 0.00275580786507565 0 0.00508168813679904 0 0 0
"наклонился" 0 0 0.00275580786507565 0.0144754460246806 0.00254084406839952 0 0.00310790651417205 0.00515703161260378
"направление" 0.00934841544358231 0.00301132257287401 0 0 0 0 0.0124316260566882 0
"народе" 0.0031161384811941 0 0.00275580786507565 0 0.00254084406839952 0.0115211797688083 0 0.0103140632252076
"наследие" 0 0 0 0 0.00254084406839952 0 0 0.0360992212882265
"насмешкою" 0 0 0.00826742359522694 0 0 0 0.0155395325708603 0
"насмешливо" 0.00934841544358231 0 0.00551161573015129 0.00361886150617016 0 0 0.00621581302834411 0
"настоящем" 0.0031161384811941 0 0.00826742359522694 0.00361886150617016 0.00254084406839952 0 0.00621581302834411 0
"находили" 0 0 0.00275580786507565 0 0 0 0.0217553455992044 0
"находились" 0.00623227696238821 0.00602264514574801 0 0 0.00254084406839952 0.00384039325626944 0.00621581302834411 0
"начинается" 0 0.00301132257287401 0 0.00361886150617016 0 0.00384039325626944 0.0155395325708603 0
"начинают" 0 0.00903396771862202 0.00826742359522694 0.00361886150617016 0 0 0.00310790651417205 0
"недоумении" 0 0.00602264514574801 0 0.00723772301234032 0.00254084406839952 0.00768078651253888 0 0.00515703161260378
"немедленно" 0.00623227696238821 0.01505661286437 0 0 0 0 0.00310790651417205 0
"необходимым" 0 0.00301132257287401 0.00275580786507565 0 0 0 0.0155395325708603 0.00515703161260378
"неравно" 0.0124645539247764 0.00903396771862202 0.00275580786507565 0 0 0 0 0
"никиты" 0.0249291078495528 0 0 0 0 0 0 0
"новая" 0 0.00301132257287401 0.00551161573015129 0.00361886150617016 0.00254084406839952 0 0.00621581302834411 0.00515703161260378
"ногах" 0.00934841544358231 0 0 0 0.00508168813679904 0.00768078651253888 0 0.00515703161260378
"носил" 0.0031161384811941 0.00301132257287401 0.00551161573015129 0 0.00508168813679904 0.00768078651253888 0 0
"нужна" 0 0.00301132257287401 0.00275580786507565 0.00361886150617016 0.0101633762735981 0 0.00310790651417205 0
"нужны" 0.0031161384811941 0 0 0.021713169037021 0.00254084406839952 0 0 0
"обратить" 0.0031161384811941 0.00301132257287401 0.00275580786507565 0 0.00254084406839952 0 0.0124316260566882 0
"объяснил" 0 0.00301132257287401 0.0137790393253782 0 0 0 0.00621581302834411 0
"огонек" 0.0031161384811941 0 0.00551161573015129 0 0 0.0153615730250778 0 0.00515703161260378
"ожидали" 0 0 0.0110232314603026 0 0.00508168813679904 0 0 0.0103140632252076
"ожидания" 0.0031161384811941 0.00301132257287401 0.00275580786507565 0.00361886150617016 0.00762253220519857 0 0.00310790651417205 0
"окнах" 0 0.00602264514574801 0.0110232314603026 0 0 0.00384039325626944 0.00310790651417205 0
"окружающих" 0.0031161384811941 0.00301132257287401 0 0.00361886150617016 0.00508168813679904 0 0.00932371954251616 0
"опрометью" 0.00623227696238821 0.00903396771862202 0 0.00361886150617016 0 0 0 0.0103140632252076
"опустив" 0.00934841544358231 0.00602264514574801 0 0.00361886150617016 0.00254084406839952 0.00384039325626944 0 0
"особенного" 0.0031161384811941 0.00602264514574801 0 0.00723772301234032 0.00254084406839952 0.00768078651253888 0 0
"особенным" 0.00623227696238821 0.012045290291496 0.00275580786507565 0.00361886150617016 0 0 0 0
"оставались" 0.0031161384811941 0.00903396771862202 0.00275580786507565 0 0.00254084406839952 0 0 0.0103140632252076
"остальные" 0.0031161384811941 0.01505661286437 0 0 0 0 0.00310790651417205 0.00515703161260378
"отдавай" 0.0155806924059705 0.00301132257287401 0 0 0 0.00768078651253888 0 0
"отдам" 0.00934841544358231 0 0 0.00361886150617016 0.00254084406839952 0.00384039325626944 0 0.0103140632252076
"отделаться" 0.0031161384811941 0.00301132257287401 0 0.0108565845185105 0.00254084406839952 0 0.00621581302834411 0
"откровенно" 0.0031161384811941 0.00301132257287401 0.00275580786507565 0.00723772301234032 0.00254084406839952 0 0.00621581302834411 0
"отозвалась" 0.00934841544358231 0 0.0110232314603026 0 0 0.00384039325626944 0 0
"очутился" 0.00623227696238821 0.00602264514574801 0.00275580786507565 0.00361886150617016 0 0 0.00310790651417205 0.00515703161260378
"пар" 0.0031161384811941 0.00301132257287401 0 0.00361886150617016 0 0.0153615730250778 0.00310790651417205 0
"парубка" 0 0 0 0 0 0.0307231460501555 0 0
"парубки" 0 0 0 0 0 0.0307231460501555 0 0
"пе" 0 0.00301132257287401 0.00551161573015129 0 0.00762253220519857 0.00768078651253888 0 0
"перешла" 0 0.00301132257287401 0.00551161573015129 0.0180943075308508 0 0 0 0
"печаль" 0 0 0 0.00361886150617016 0.00762253220519857 0 0.00310790651417205 0.0154710948378114
"печки" 0.0124645539247764 0.00301132257287401 0 0 0 0.00384039325626944 0.00310790651417205 0.00515703161260378
"писала" 0 0.012045290291496 0.00551161573015129 0.00361886150617016 0 0.00384039325626944 0 0
"плакал" 0.0031161384811941 0 0 0.0108565845185105 0.00508168813679904 0 0.00621581302834411 0
"пламя" 0 0.00301132257287401 0 0 0.0101633762735981 0.0115211797688083 0 0
"плен" 0 0 0 0 0.0152450644103971 0 0 0.0103140632252076
"побледнел" 0 0.00602264514574801 0.00275580786507565 0 0.00254084406839952 0.00384039325626944 0 0.0154710948378114
"повести" 0 0 0.00826742359522694 0 0.0127042203419976 0 0 0
"повсюду" 0.00934841544358231 0.00301132257287401 0 0.00361886150617016 0 0 0.00310790651417205 0.0103140632252076
"повторял" 0 0.00301132257287401 0.0137790393253782 0 0.00254084406839952 0 0 0.00515703161260378
"поглядеть" 0.0155806924059705 0.00602264514574801 0 0 0 0 0 0.00515703161260378
"погляди" 0.00934841544358231 0 0.00275580786507565 0 0.00254084406839952 0.0115211797688083 0 0
"поговорить" 0 0 0.00826742359522694 0.00723772301234032 0 0.00384039325626944 0.00310790651417205 0.00515703161260378
"подняв" 0.0031161384811941 0 0.00826742359522694 0 0.00762253220519857 0.00384039325626944 0 0
"подняла" 0.0031161384811941 0.00602264514574801 0 0.00723772301234032 0.00508168813679904 0.00384039325626944 0 0
"поднялась" 0.00623227696238821 0.00301132257287401 0 0.00361886150617016 0.00254084406839952 0.00384039325626944 0 0.0103140632252076
"подробности" 0.00623227696238821 0.00301132257287401 0 0.00361886150617016 0.00508168813679904 0 0.00621581302834411 0
"пожалуйте" 0.0031161384811941 0.00903396771862202 0.00826742359522694 0.00361886150617016 0 0 0 0
"пожимая" 0 0.01505661286437 0.00826742359522694 0 0 0 0 0
"пойдешь" 0.0155806924059705 0 0.00275580786507565 0.00361886150617016 0.00254084406839952 0 0 0
"поймать" 0 0 0.00826742359522694 0.0108565845185105 0.00508168813679904 0 0 0
"покачала" 0 0.012045290291496 0.0110232314603026 0 0 0 0 0
"поклонилась" 0 0.00602264514574801 0.00826742359522694 0.00361886150617016 0 0 0.00310790651417205 0.00515703161260378
"покойного" 0 0.00301132257287401 0.00275580786507565 0 0 0.0230423595376167 0 0
"полдень" 0 0 0 0 0.0152450644103971 0.00768078651253888 0 0
"полезно" 0 0.00301132257287401 0 0 0 0 0.0217553455992044 0
"полей" 0.0155806924059705 0 0 0 0.00508168813679904 0 0.00310790651417205 0
"полтора" 0 0.00301132257287401 0.00275580786507565 0.00723772301234032 0.00508168813679904 0.00384039325626944 0 0.00515703161260378
"полы" 0.00934841544358231 0.00602264514574801 0 0 0.00254084406839952 0 0 0.0103140632252076
"полюбил" 0 0 0.00826742359522694 0.0180943075308508 0 0 0 0
"понятие" 0 0.00301132257287401 0 0.00723772301234032 0 0 0.0155395325708603 0
"попало" 0.00623227696238821 0.00602264514574801 0.00551161573015129 0 0 0.00768078651253888 0 0
"попович" 0 0 0 0 0 0.0307231460501555 0 0
"пороге" 0.0124645539247764 0.00903396771862202 0 0 0.00254084406839952 0 0 0
"портрет" 0 0.00602264514574801 0.00551161573015129 0.0144754460246806 0 0 0 0
"посетителей" 0 0.018067935437244 0.00275580786507565 0 0 0 0.00310790651417205 0
"послушайте" 0 0.00301132257287401 0.00826742359522694 0.00723772301234032 0 0 0.00621581302834411 0
"посол" 0 0 0 0 0.00254084406839952 0 0 0.0360992212882265
"поставил" 0 0.00903396771862202 0.00275580786507565 0 0.00254084406839952 0 0 0.0154710948378114
"постепенно" 0.0124645539247764 0 0.00275580786507565 0 0.00508168813679904 0 0.00310790651417205 0
"поутру" 0 0.00301132257287401 0.00826742359522694 0.00361886150617016 0.00762253220519857 0 0 0
"превосходительство" 0 0 0.0220464629206052 0 0 0 0 0
"предметах" 0 0.00602264514574801 0.00275580786507565 0.0108565845185105 0 0 0.00621581302834411 0
"предметов" 0 0 0 0.00723772301234032 0 0.00384039325626944 0.0155395325708603 0
"прежней" 0 0 0.00275580786507565 0.00361886150617016 0 0.00768078651253888 0.0124316260566882 0
"преимущественно" 0.0031161384811941 0.01505661286437 0 0 0.00254084406839952 0 0.00310790651417205 0
"прекрасная" 0 0 0.00275580786507565 0.0108565845185105 0.00254084406839952 0.00768078651253888 0.00310790651417205 0
"приблизился" 0 0.00301132257287401 0 0 0.00254084406839952 0.00384039325626944 0.00621581302834411 0.0154710948378114
"привычку" 0 0.00602264514574801 0.00551161573015129 0.00361886150617016 0 0 0.00932371954251616 0
"призвание" 0 0 0 0.0289508920493613 0 0 0 0
"приказание" 0 0.018067935437244 0.00275580786507565 0 0 0.00384039325626944 0 0
"принадлежит" 0 0 0.00551161573015129 0 0.00508168813679904 0 0.0124316260566882 0
"приняли" 0.0031161384811941 0.00301132257287401 0.00826742359522694 0.00361886150617016 0.00254084406839952 0 0.00310790651417205 0
"приподнялся" 0.00934841544358231 0 0 0 0.0101633762735981 0.00384039325626944 0 0
"присутствующих" 0.00623227696238821 0.00602264514574801 0 0.00361886150617016 0.00254084406839952 0.00768078651253888 0 0
"приходил" 0.0031161384811941 0 0.0110232314603026 0.00361886150617016 0 0.00768078651253888 0 0
"причину" 0 0.00602264514574801 0 0.00361886150617016 0.00254084406839952 0.00384039325626944 0.00932371954251616 0
"приятеля" 0 0.00602264514574801 0 0.00361886150617016 0.00254084406839952 0 0.0124316260566882 0
"пробежал" 0 0 0.00275580786507565 0.00361886150617016 0.00762253220519857 0 0.00621581302834411 0.00515703161260378
"проводить" 0.0031161384811941 0.00903396771862202 0.00275580786507565 0.00361886150617016 0 0 0 0.0103140632252076
"продать" 0.0124645539247764 0 0 0.00361886150617016 0.00762253220519857 0 0 0
"происходит" 0.0031161384811941 0.00602264514574801 0 0.00361886150617016 0.00508168813679904 0 0.00621581302834411 0
"пройти" 0.00623227696238821 0 0 0 0.00254084406839952 0.00768078651253888 0.00310790651417205 0.0103140632252076
"промышленности" 0.0031161384811941 0.00301132257287401 0 0 0 0 0.0186474390850323 0
"простые" 0 0.00602264514574801 0 0.00723772301234032 0.00508168813679904 0.00384039325626944 0.00310790651417205 0
"просьбой" 0 0.00301132257287401 0.0110232314603026 0.00723772301234032 0.00254084406839952 0 0 0
"протекло" 0 0 0 0.0180943075308508 0.00254084406839952 0 0.00621581302834411 0
"профессор" 0 0 0 0.0253320305431911 0 0 0.00310790651417205 0
"прохоров" 0 0 0.0220464629206052 0 0 0 0 0
"прочих" 0 0.00602264514574801 0.00551161573015129 0 0.00254084406839952 0.0115211797688083 0 0
"прошептал" 0 0.00301132257287401 0 0.0253320305431911 0 0 0 0
"пустое" 0.00623227696238821 0 0.00275580786507565 0.0108565845185105 0.00254084406839952 0 0.00310790651417205 0
"пятнадцать" 0 0 0.00826742359522694 0 0 0.0192019662813472 0 0
"пятьдесят" 0.0124645539247764 0.00602264514574801 0.00551161573015129 0 0 0 0 0
"работал" 0.0031161384811941 0 0 0.0108565845185105 0.00762253220519857 0 0.00310790651417205 0
"разбойника" 0.00934841544358231 0 0.00275580786507565 0 0.00762253220519857 0.00384039325626944 0 0
"развития" 0 0.00301132257287401 0 0 0.00254084406839952 0 0.0186474390850323 0
"размахивая" 0.0249291078495528 0 0 0 0 0 0 0
"разного" 0 0.00301132257287401 0.00551161573015129 0.00723772301234032 0.00254084406839952 0 0.00621581302834411 0
"разными" 0.00934841544358231 0.00602264514574801 0 0 0.00254084406839952 0 0.00621581302834411 0
"разум" 0.00934841544358231 0 0.00275580786507565 0.00361886150617016 0.00508168813679904 0 0.00310790651417205 0
"расскажи" 0.00623227696238821 0 0 0 0 0.0230423595376167 0 0
"ресницы" 0.0031161384811941 0 0 0.00723772301234032 0.00762253220519857 0.00768078651253888 0 0
"рождения" 0 0.00602264514574801 0.00275580786507565 0 0 0 0.0155395325708603 0
"росла" 0 0.00602264514574801 0 0.0144754460246806 0.00254084406839952 0 0.00310790651417205 0
"россию" 0 0.00602264514574801 0.00551161573015129 0 0.00762253220519857 0 0 0.00515703161260378
"ружья" 0.0031161384811941 0 0 0 0.0177859084787967 0 0 0
"румянцев" 0 0 0.0220464629206052 0 0 0 0 0
"сабли" 0 0 0 0 0.0177859084787967 0 0 0.00515703161260378
"свадьбы" 0 0.00602264514574801 0 0.00723772301234032 0.00508168813679904 0.00768078651253888 0 0
"свечи" 0 0.00301132257287401 0.00551161573015129 0.00361886150617016 0.00254084406839952 0 0.00621581302834411 0.00515703161260378
"свидание" 0 0.012045290291496 0 0.0108565845185105 0.00254084406839952 0 0 0
"свидания" 0 0.00602264514574801 0.00275580786507565 0.00723772301234032 0.00508168813679904 0 0.00310790651417205 0
"свитки" 0 0 0 0 0 0.0307231460501555 0 0
"свояченица" 0 0 0 0 0 0.0307231460501555 0 0
"сем" 0 0.00602264514574801 0 0 0 0.0115211797688083 0.00621581302834411 0.00515703161260378
"сена" 0.0124645539247764 0 0 0 0.00762253220519857 0.00384039325626944 0 0
"сено" 0.00934841544358231 0 0 0 0.00254084406839952 0.0153615730250778 0 0
"сестра" 0.0031161384811941 0.00602264514574801 0 0.0144754460246806 0 0 0.00310790651417205 0
"сжал" 0 0 0.00826742359522694 0.00723772301234032 0.00762253220519857 0 0 0
"сжимая" 0 0 0.0137790393253782 0 0.00254084406839952 0.00384039325626944 0 0.00515703161260378
"силой" 0.00623227696238821 0.00301132257287401 0 0.00361886150617016 0.00254084406839952 0.00384039325626944 0.00621581302834411 0
"сильный" 0.00623227696238821 0.00301132257287401 0.00551161573015129 0 0 0.00384039325626944 0.00621581302834411 0
"сильным" 0.0031161384811941 0.00301132257287401 0 0 0.00508168813679904 0.00384039325626944 0.00932371954251616 0
"сказавши" 0 0 0 0.00361886150617016 0 0.0268827527938861 0 0
"скрывать" 0 0.01505661286437 0.00551161573015129 0 0.00254084406839952 0 0 0
"славная" 0.00623227696238821 0 0 0 0.00254084406839952 0.0192019662813472 0 0
"слам" 0 0.0240905805829921 0 0 0 0 0 0
"следовали" 0.0031161384811941 0 0.00275580786507565 0 0 0 0.0124316260566882 0.0103140632252076
"следствие" 0 0 0 0.00361886150617016 0.00254084406839952 0 0.0186474390850323 0
"слову" 0.00623227696238821 0.00602264514574801 0.00275580786507565 0 0 0 0 0.0154710948378114
"слушала" 0 0.00602264514574801 0.0110232314603026 0.00723772301234032 0 0 0 0
"слышит" 0 0 0 0.00723772301234032 0.00254084406839952 0.0115211797688083 0.00310790651417205 0.00515703161260378
"см" 0 0 0 0 0 0 0.0217553455992044 0.00515703161260378
"смеяться" 0 0 0.00551161573015129 0.0144754460246806 0 0.00768078651253888 0 0
"собравшись" 0.00623227696238821 0.00602264514574801 0 0 0.00508168813679904 0.00768078651253888 0 0
"совестно" 0 0 0.00275580786507565 0.0180943075308508 0.00254084406839952 0.00384039325626944 0 0
"согласился" 0 0.00903396771862202 0.00551161573015129 0.0108565845185105 0 0 0 0
"солдаты" 0.00934841544358231 0.00301132257287401 0.00275580786507565 0 0.00762253220519857 0 0 0
"сомнение" 0 0 0 0.00361886150617016 0.00508168813679904 0 0.0155395325708603 0
"составляли" 0.00623227696238821 0.01505661286437 0 0.00361886150617016 0 0 0 0
"спас" 0.0186968308871646 0 0 0 0 0 0.00310790651417205 0.00515703161260378
"спасти" 0.0031161384811941 0 0 0.00361886150617016 0.0127042203419976 0 0 0.00515703161260378
"способности" 0.0031161384811941 0 0.00551161573015129 0.00361886150617016 0 0 0.0124316260566882 0
"способность" 0 0.00301132257287401 0.00551161573015129 0.0108565845185105 0 0 0.00621581302834411 0
"спросит" 0 0.00301132257287401 0.0110232314603026 0.0108565845185105 0 0 0 0
"среднего" 0.0031161384811941 0.00602264514574801 0.00275580786507565 0.00723772301234032 0.00508168813679904 0 0 0
"средств" 0 0 0 0.00361886150617016 0.00508168813679904 0 0.0155395325708603 0
"стан" 0 0 0.00275580786507565 0.00361886150617016 0.00254084406839952 0.00384039325626944 0.00621581302834411 0.0103140632252076
"старику" 0.0031161384811941 0 0.00826742359522694 0.0108565845185105 0 0 0 0.00515703161260378
"старший" 0.0031161384811941 0 0 0 0.00762253220519857 0 0 0.0206281264504151
"статью" 0 0 0.00275580786507565 0.021713169037021 0 0 0.00310790651417205 0
"стекла" 0.00623227696238821 0.00301132257287401 0.00275580786507565 0 0 0.0153615730250778 0 0
"страницы" 0 0 0.00275580786507565 0 0.00254084406839952 0 0.0186474390850323 0
"странным" 0.0031161384811941 0.012045290291496 0 0.00361886150617016 0 0 0.00621581302834411 0
"страны" 0 0 0 0 0 0 0.0186474390850323 0.0103140632252076
"страха" 0.0031161384811941 0.00903396771862202 0.00826742359522694 0 0 0.00384039325626944 0 0
"страшную" 0.0031161384811941 0 0 0 0.00508168813679904 0.00768078651253888 0.00932371954251616 0
"сухо" 0.0031161384811941 0.00602264514574801 0.0110232314603026 0.00361886150617016 0 0 0 0
"существо" 0 0.00602264514574801 0 0.00361886150617016 0.00508168813679904 0 0.00932371954251616 0
"табаку" 0 0 0.00551161573015129 0.00361886150617016 0 0.0192019662813472 0 0
"теми" 0.0031161384811941 0.00602264514574801 0 0.00723772301234032 0 0 0.00932371954251616 0
"темную" 0 0.00301132257287401 0.00275580786507565 0 0 0.0153615730250778 0.00621581302834411 0
"теория" 0 0 0 0 0 0 0.0248632521133764 0
"тишине" 0 0.00301132257287401 0 0 0.00254084406839952 0.00384039325626944 0.00621581302834411 0.0154710948378114
"товар" 0 0.01505661286437 0 0 0 0 0 0.0154710948378114
"толку" 0 0 0 0.0108565845185105 0 0.00384039325626944 0.00932371954251616 0.00515703161260378
"тоски" 0 0 0 0.00723772301234032 0.0101633762735981 0.00384039325626944 0.00310790651417205 0
"труды" 0.0031161384811941 0 0.00275580786507565 0.00361886150617016 0.00254084406839952 0 0.0124316260566882 0
"туманы" 0 0 0 0.00361886150617016 0.0152450644103971 0 0.00310790651417205 0
"тяжелые" 0 0 0.00275580786507565 0.00723772301234032 0.00254084406839952 0.00384039325626944 0 0.0154710948378114
"тянулись" 0.00623227696238821 0 0 0.00723772301234032 0.00254084406839952 0.00384039325626944 0.00310790651417205 0.00515703161260378
"уважением" 0 0.00903396771862202 0.00275580786507565 0.00361886150617016 0.00762253220519857 0 0 0
"увидела" 0 0.00602264514574801 0 0.00361886150617016 0.00762253220519857 0.00768078651253888 0 0
"увы" 0 0.00301132257287401 0.0137790393253782 0 0 0 0.00621581302834411 0
"угрюмо" 0 0 0 0.00361886150617016 0.00762253220519857 0.00768078651253888 0 0.0103140632252076
"удалось" 0 0.00903396771862202 0 0.00361886150617016 0.00254084406839952 0 0.00932371954251616 0
"удары" 0.00934841544358231 0 0 0 0.00762253220519857 0.00384039325626944 0.00310790651417205 0
"удастся" 0.0031161384811941 0 0 0 0.00762253220519857 0.00384039325626944 0.00932371954251616 0
"удивления" 0.00623227696238821 0 0.00275580786507565 0.00361886150617016 0.00254084406839952 0.0115211797688083 0 0
"уехал" 0 0.00602264514574801 0.00275580786507565 0.00723772301234032 0.00508168813679904 0.00384039325626944 0 0
"ужина" 0.00934841544358231 0.00301132257287401 0.00275580786507565 0 0 0 0.00932371954251616 0
"узнают" 0 0.021079258010118 0.00275580786507565 0 0 0 0 0
"умею" 0 0.00903396771862202 0.00551161573015129 0 0.00254084406839952 0.00384039325626944 0.00310790651417205 0
"умру" 0 0 0.00551161573015129 0.00361886150617016 0.00762253220519857 0 0 0.0103140632252076
"университета" 0 0 0.0137790393253782 0.0108565845185105 0 0 0 0
"усилием" 0 0.01505661286437 0 0.00361886150617016 0.00508168813679904 0 0 0
"усилия" 0.0155806924059705 0 0 0 0.00254084406839952 0 0.00621581302834411 0
"усмехнулся" 0 0 0.0165348471904539 0.00723772301234032 0 0 0 0
"усмешкою" 0 0 0.00826742359522694 0 0.00762253220519857 0.00384039325626944 0 0.00515703161260378
"уст" 0 0.00301132257287401 0 0.00361886150617016 0.0101633762735981 0 0.00310790651417205 0.00515703161260378
"уста" 0 0 0 0 0.0127042203419976 0 0.00621581302834411 0.00515703161260378
"устах" 0.0031161384811941 0 0 0 0 0.0115211797688083 0.00621581302834411 0.0103140632252076
"ученость" 0 0 0 0.0253320305431911 0 0 0.00310790651417205 0
"ученых" 0 0 0.00275580786507565 0.021713169037021 0 0 0.00310790651417205 0
"училище" 0 0 0.0220464629206052 0 0 0 0 0
"факт" 0 0.00301132257287401 0 0.00723772301234032 0 0 0.0155395325708603 0
"фигуре" 0 0.00301132257287401 0.00275580786507565 0.0180943075308508 0 0 0.00310790651417205 0
"ханский" 0 0 0 0 0.0101633762735981 0 0 0.0206281264504151
"хану" 0 0 0 0 0.0152450644103971 0 0 0.0103140632252076
"характера" 0 0.00602264514574801 0.00551161573015129 0.00723772301234032 0.00508168813679904 0 0 0
"хе" 0.00623227696238821 0 0.0165348471904539 0 0 0 0 0
"храма" 0.0031161384811941 0 0.00551161573015129 0 0 0 0.00932371954251616 0.0103140632252076
"христос" 0.0218129693683587 0.00301132257287401 0 0 0 0 0 0
"целью" 0.00623227696238821 0 0.0137790393253782 0 0.00254084406839952 0 0 0
"человеке" 0 0.00602264514574801 0.00275580786507565 0 0 0 0.0124316260566882 0.00515703161260378
"черевика" 0 0 0 0 0 0.0307231460501555 0 0
"чересчур" 0.0031161384811941 0.00602264514574801 0.00826742359522694 0 0.00254084406839952 0.00384039325626944 0 0
"черное" 0 0.00301132257287401 0.00275580786507565 0 0.00762253220519857 0.00384039325626944 0.00621581302834411 0
"черту" 0 0 0 0 0.00762253220519857 0.0115211797688083 0.00310790651417205 0.00515703161260378
"чечевинская" 0 0.0240905805829921 0 0 0 0 0 0
"членов" 0 0.00602264514574801 0.00275580786507565 0 0.00254084406839952 0 0.0124316260566882 0
"члены" 0.0031161384811941 0.00903396771862202 0 0 0 0.00384039325626944 0.00932371954251616 0
"чувствовала" 0 0.00602264514574801 0.00275580786507565 0.00361886150617016 0.00762253220519857 0.00384039325626944 0 0
"чудится" 0.0031161384811941 0 0 0 0 0.0192019662813472 0 0.0103140632252076
"шадурского" 0 0.0240905805829921 0 0 0 0 0 0
"шадурскому" 0 0.0240905805829921 0 0 0 0 0 0
"шапка" 0.0031161384811941 0 0 0 0.00508168813679904 0.0192019662813472 0 0
"шесть" 0.0031161384811941 0.00301132257287401 0.00275580786507565 0.00723772301234032 0.00508168813679904 0 0 0.00515703161260378
"шорох" 0 0 0 0.00723772301234032 0.00254084406839952 0.00768078651253888 0.00621581302834411 0.00515703161260378
"штоф" 0.0249291078495528 0 0 0 0 0 0 0
"що" 0 0 0 0 0 0.0307231460501555 0 0
"эко" 0.0186968308871646 0.00602264514574801 0 0 0 0 0 0
"явилась" 0 0.00301132257287401 0.00275580786507565 0.0144754460246806 0 0 0.00310790651417205 0.00515703161260378
"явление" 0 0.00301132257287401 0.00275580786507565 0.00723772301234032 0 0 0.0124316260566882 0
"являются" 0 0.012045290291496 0 0 0.00254084406839952 0 0.00932371954251616 0
"языком" 0.0031161384811941 0.00301132257287401 0 0.00361886150617016 0.00508168813679904 0.00768078651253888 0.00310790651417205 0
"ярко" 0.00623227696238821 0 0 0 0 0.0115211797688083 0.00310790651417205 0.0103140632252076
"ibidem" 0 0 0 0 0 0 0.0248632521133764 0
"iv" 0.0031161384811941 0.00301132257287401 0.00275580786507565 0 0.00254084406839952 0.00768078651253888 0.00621581302834411 0
"ma" 0 0 0.0220464629206052 0 0 0 0 0
"vous" 0 0.018067935437244 0.00551161573015129 0 0 0 0 0
"аварского" 0 0 0 0 0.0177859084787967 0 0 0
"автору" 0 0.00301132257287401 0.00275580786507565 0.00723772301234032 0.00508168813679904 0 0.00310790651417205 0
"ад" 0 0 0 0 0.0101633762735981 0.00384039325626944 0.00621581302834411 0
"азиатцев" 0 0 0 0 0.0177859084787967 0 0 0
"амалия" 0 0.021079258010118 0 0 0 0 0 0
"аммалатом" 0 0 0 0 0.0177859084787967 0 0 0
"ату" 0 0 0.0192906550555295 0 0 0 0 0
"бал" 0 0 0.00551161573015129 0 0 0 0.0155395325708603 0
"бегали" 0.00623227696238821 0.00602264514574801 0 0 0.00508168813679904 0.00384039325626944 0 0
"бесценная" 0 0 0 0 0.0177859084787967 0 0 0
"битве" 0 0 0 0 0.0127042203419976 0 0.00310790651417205 0.00515703161260378
"благо" 0.0031161384811941 0.00301132257287401 0 0.00361886150617016 0.00254084406839952 0 0.00310790651417205 0.0103140632252076
"блеске" 0 0.00301132257287401 0.00275580786507565 0 0 0.00768078651253888 0.00932371954251616 0
"блистали" 0 0 0.00275580786507565 0 0.00762253220519857 0.00768078651253888 0 0.00515703161260378
"богат" 0.00934841544358231 0 0 0 0 0 0 0.0206281264504151
"богатого" 0 0.00301132257287401 0.00551161573015129 0.00361886150617016 0.00508168813679904 0 0 0.00515703161260378
"богатый" 0.00623227696238821 0 0.00551161573015129 0 0 0 0.00310790651417205 0.0103140632252076
"бой" 0 0 0 0 0.0152450644103971 0 0.00310790651417205 0
"бок" 0.0155806924059705 0 0.00275580786507565 0 0 0.00384039325626944 0 0
"большого" 0 0.00602264514574801 0.00275580786507565 0 0 0.00768078651253888 0.00621581302834411 0
"борьба" 0 0 0 0.0144754460246806 0 0 0.00621581302834411 0.00515703161260378
"боярина" 0 0 0 0 0 0 0 0.0360992212882265
"бранью" 0 0 0.00826742359522694 0 0.00254084406839952 0.0115211797688083 0 0
"братом" 0.00623227696238821 0 0.00275580786507565 0.00361886150617016 0.00254084406839952 0 0 0.0103140632252076
"бывали" 0 0.00301132257287401 0.00551161573015129 0 0.00508168813679904 0 0.00310790651417205 0.00515703161260378
"вавила" 0.0218129693683587 0 0 0 0 0 0 0
"варюха" 0.0218129693683587 0 0 0 0 0 0 0
"вбежал" 0.0031161384811941 0 0 0.0108565845185105 0.00254084406839952 0.00768078651253888 0 0
"вблизи" 0.0031161384811941 0 0 0 0.0127042203419976 0 0 0.00515703161260378
"ввел" 0.00623227696238821 0.00602264514574801 0.00275580786507565 0 0.00508168813679904 0 0 0
"великим" 0 0 0.00275580786507565 0.00361886150617016 0 0.00768078651253888 0.00310790651417205 0.0103140632252076
"веры" 0 0 0 0 0.00254084406839952 0 0.0124316260566882 0.0103140632252076
"ветви" 0.00623227696238821 0 0 0.00723772301234032 0 0.0115211797688083 0 0
"ветром" 0.00934841544358231 0 0 0 0.00254084406839952 0 0.00621581302834411 0.00515703161260378
"взгляды" 0.0031161384811941 0.00301132257287401 0 0.0144754460246806 0 0.00384039325626944 0 0
"вздумалось" 0 0 0.00275580786507565 0 0 0.0115211797688083 0 0.0154710948378114
"взора" 0 0.00602264514574801 0 0 0.00762253220519857 0 0.00621581302834411 0
"видали" 0.00934841544358231 0 0 0 0 0.00384039325626944 0.00621581302834411 0.00515703161260378
"визгом" 0 0 0 0.00723772301234032 0.00254084406839952 0.0115211797688083 0.00310790651417205 0
"висела" 0.00934841544358231 0 0 0 0.00762253220519857 0.00384039325626944 0 0
"владыко" 0 0 0.00551161573015129 0 0 0 0 0.0257851580630189
"влияние" 0 0.00602264514574801 0.00551161573015129 0 0.00508168813679904 0 0.00310790651417205 0
"вод" 0 0 0 0 0.00762253220519857 0.00384039325626944 0 0.0154710948378114
"воде" 0.0031161384811941 0 0.00275580786507565 0.00361886150617016 0.00508168813679904 0.00384039325626944 0 0.00515703161260378
"водки" 0 0.01505661286437 0 0.00361886150617016 0 0.00384039325626944 0 0
"водой" 0 0 0.00826742359522694 0.0108565845185105 0 0 0.00310790651417205 0
"водятся" 0.00934841544358231 0.00602264514574801 0 0 0 0.00768078651253888 0 0
"военный" 0 0.012045290291496 0.00551161573015129 0 0.00254084406839952 0 0 0
"воза" 0.00934841544358231 0 0 0 0 0.0153615730250778 0 0
"воздуху" 0.00934841544358231 0 0 0.00361886150617016 0 0.00384039325626944 0.00621581302834411 0
"возу" 0 0 0 0 0 0.0268827527938861 0 0
"войск" 0 0 0 0 0.0101633762735981 0 0 0.0154710948378114
"волнение" 0.0031161384811941 0.00301132257287401 0.00275580786507565 0.00361886150617016 0.00508168813679904 0 0 0.00515703161260378
"волос" 0.00934841544358231 0 0 0.00361886150617016 0 0.0115211797688083 0 0
"вопль" 0.0031161384811941 0 0 0.00361886150617016 0.00254084406839952 0 0.00932371954251616 0.00515703161260378
"вопросом" 0 0.00602264514574801 0.00551161573015129 0.00361886150617016 0 0 0.00621581302834411 0
"вороном" 0 0 0.00275580786507565 0 0 0.0153615730250778 0 0.0103140632252076
"воротам" 0.00934841544358231 0 0.00275580786507565 0 0 0.00384039325626944 0 0.0103140632252076
"воскликнула" 0 0.00301132257287401 0.0137790393253782 0 0.00254084406839952 0 0 0
"восклицал" 0 0 0.0110232314603026 0 0.00254084406839952 0 0.00621581302834411 0
"восклицания" 0.00623227696238821 0.00301132257287401 0.00275580786507565 0 0.00762253220519857 0 0 0
"времена" 0.0031161384811941 0.00301132257287401 0.00275580786507565 0 0 0.00384039325626944 0.00621581302834411 0.00515703161260378
"всадника" 0.0031161384811941 0 0 0 0.0152450644103971 0 0 0
"всадники" 0.0031161384811941 0 0 0 0.0101633762735981 0 0 0.0103140632252076
"вскрикнул" 0.0031161384811941 0 0.00826742359522694 0.00361886150617016 0 0.00768078651253888 0 0
"вспомнить" 0 0 0.00275580786507565 0.00361886150617016 0 0.0153615730250778 0.00310790651417205 0
"встречал" 0 0 0.00826742359522694 0.00361886150617016 0.00762253220519857 0 0 0
"встречу" 0 0.00301132257287401 0 0 0.00762253220519857 0.00384039325626944 0.00310790651417205 0.00515703161260378
"всяком" 0 0.00301132257287401 0.00275580786507565 0.00723772301234032 0.00254084406839952 0 0.00621581302834411 0
"входя" 0 0.00301132257287401 0.00551161573015129 0.00361886150617016 0 0 0.00621581302834411 0.00515703161260378
"выгод" 0.0031161384811941 0 0 0.00361886150617016 0.00254084406839952 0 0.0124316260566882 0
"выехал" 0.0031161384811941 0.00301132257287401 0 0 0.00762253220519857 0 0.00310790651417205 0.00515703161260378
"выпей" 0.0186968308871646 0 0 0 0.00254084406839952 0 0 0
"вырос" 0 0 0.00275580786507565 0.0108565845185105 0.00508168813679904 0 0 0.00515703161260378
"высокого" 0.0031161384811941 0.00301132257287401 0 0.00361886150617016 0.00508168813679904 0.00384039325626944 0 0.00515703161260378
"выходили" 0 0 0.00551161573015129 0.0108565845185105 0 0.00384039325626944 0.00310790651417205 0
"вячеслав" 0 0 0 0 0 0 0.0217553455992044 0
"галю" 0 0 0 0 0 0.0268827527938861 0 0
"гения" 0 0 0 0 0 0 0.0217553455992044 0
"героев" 0 0.00301132257287401 0.00275580786507565 0.00723772301234032 0.00254084406839952 0.00384039325626944 0.00310790651417205 0
"глазам" 0.0031161384811941 0 0.00275580786507565 0 0.00508168813679904 0.0115211797688083 0 0
"глупо" 0 0 0.00551161573015129 0.0144754460246806 0.00254084406839952 0 0 0
"гневно" 0 0 0 0.00361886150617016 0.00254084406839952 0.00384039325626944 0 0.0206281264504151
"головами" 0.00934841544358231 0 0 0 0.00254084406839952 0.0115211797688083 0 0
"голоду" 0.0124645539247764 0 0.00551161573015129 0 0 0 0.00310790651417205 0
"голосе" 0 0.00602264514574801 0.00551161573015129 0.00723772301234032 0.00254084406839952 0 0 0
"горцами" 0 0 0 0 0.0177859084787967 0 0 0
"горю" 0.0124645539247764 0.00301132257287401 0 0 0.00254084406839952 0 0.00310790651417205 0
"горюшка" 0.0218129693683587 0 0 0 0 0 0 0
"господину" 0 0.00602264514574801 0.0137790393253782 0 0 0 0 0
"границу" 0.0031161384811941 0.012045290291496 0.00551161573015129 0 0 0 0 0
"гроза" 0 0 0.00275580786507565 0 0.00762253220519857 0 0.00310790651417205 0.0103140632252076
"грозно" 0 0 0.00275580786507565 0 0.0101633762735981 0 0.00310790651417205 0.00515703161260378
"грубо" 0.0155806924059705 0 0 0.00361886150617016 0 0 0 0.00515703161260378
"густо" 0 0.00602264514574801 0.00551161573015129 0.00723772301234032 0 0.00384039325626944 0 0
"густые" 0.00934841544358231 0 0.00275580786507565 0 0.00254084406839952 0.00768078651253888 0 0
"давала" 0.0031161384811941 0.00903396771862202 0.00275580786507565 0 0 0.00384039325626944 0.00310790651417205 0
"давать" 0.0031161384811941 0.00301132257287401 0.00275580786507565 0 0.00508168813679904 0.00768078651253888 0 0
"далече" 0.0218129693683587 0 0 0 0 0 0 0
"двенадцати" 0.0031161384811941 0.01505661286437 0 0 0 0 0.00310790651417205 0
"двести" 0.00623227696238821 0.00301132257287401 0.00275580786507565 0.00361886150617016 0.00254084406839952 0 0 0.00515703161260378
"девушкой" 0 0.00903396771862202 0 0.0108565845185105 0 0 0.00310790651417205 0
"девять" 0.0031161384811941 0.00602264514574801 0.00275580786507565 0 0 0 0 0.0154710948378114
"действовать" 0.0031161384811941 0 0 0.00361886150617016 0.00254084406839952 0 0.0124316260566882 0
"деревьями" 0 0 0 0 0.00508168813679904 0.0153615730250778 0 0.00515703161260378
"детям" 0 0.00301132257287401 0 0.00361886150617016 0.00254084406839952 0.00384039325626944 0.00621581302834411 0.00515703161260378
"дикий" 0.0031161384811941 0.00602264514574801 0.00275580786507565 0 0.00254084406839952 0.00768078651253888 0 0
"дико" 0 0.00602264514574801 0 0.00723772301234032 0.00508168813679904 0.00384039325626944 0 0
"добычу" 0 0.00602264514574801 0 0 0.0127042203419976 0 0 0
"дождя" 0.0124645539247764 0 0 0 0.00508168813679904 0 0.00310790651417205 0
"домов" 0 0.00602264514574801 0 0 0.00254084406839952 0 0.00621581302834411 0.0103140632252076
"дорого" 0.0031161384811941 0 0 0 0.0101633762735981 0 0.00310790651417205 0.00515703161260378
"дорогою" 0.0031161384811941 0 0 0 0.00508168813679904 0 0.00621581302834411 0.0103140632252076
"доски" 0 0.00301132257287401 0 0.00361886150617016 0 0.0192019662813472 0 0
"досталась" 0.00623227696238821 0 0 0 0.00508168813679904 0.00384039325626944 0.00621581302834411 0
"достать" 0 0.00602264514574801 0 0.00361886150617016 0 0.0153615730250778 0 0
"думается" 0.00934841544358231 0 0 0.0108565845185105 0.00254084406839952 0 0 0
"дыма" 0.0031161384811941 0 0 0 0.0101633762735981 0.00768078651253888 0 0
"дяде" 0.0031161384811941 0.00602264514574801 0.00275580786507565 0.00361886150617016 0.00254084406839952 0 0.00310790651417205 0
"евграфовне" 0 0 0.0192906550555295 0 0 0 0 0
"евграфовну" 0 0 0.0192906550555295 0 0 0 0 0
"евграфовны" 0 0 0.0192906550555295 0 0 0 0 0
"ездить" 0.00623227696238821 0 0.00826742359522694 0 0 0.00384039325626944 0 0.00515703161260378
"жалобно" 0.0124645539247764 0 0 0 0.00254084406839952 0.00384039325626944 0 0.00515703161260378
"жаловаться" 0 0 0.00551161573015129 0.00723772301234032 0.00254084406839952 0.00384039325626944 0 0.00515703161260378
"жди" 0 0 0 0 0.00762253220519857 0.00384039325626944 0 0.0154710948378114
"желаю" 0 0.00301132257287401 0.0137790393253782 0.00361886150617016 0 0 0 0
"живем" 0.0031161384811941 0.00301132257287401 0 0 0.00254084406839952 0 0.0124316260566882 0
"живо" 0.00934841544358231 0 0.00275580786507565 0.00723772301234032 0 0.00384039325626944 0 0
"живой" 0.0031161384811941 0 0.00275580786507565 0.00361886150617016 0.00254084406839952 0 0.00932371954251616 0
"журналы" 0 0 0.0165348471904539 0.00361886150617016 0 0 0 0
"забор" 0.0124645539247764 0.00301132257287401 0 0.00361886150617016 0 0 0 0.00515703161260378
"забыла" 0 0.00903396771862202 0 0.00361886150617016 0.00254084406839952 0 0.00621581302834411 0
"забыто" 0 0 0 0 0.00508168813679904 0 0.0124316260566882 0.00515703161260378
"заключение" 0.0031161384811941 0.00602264514574801 0.00826742359522694 0 0.00254084406839952 0 0 0
"закону" 0 0.00602264514574801 0.0110232314603026 0 0 0 0.00310790651417205 0
"закричала" 0.00934841544358231 0 0 0.00361886150617016 0 0.00768078651253888 0 0.00515703161260378
"закурил" 0 0.00301132257287401 0.00826742359522694 0 0.00254084406839952 0.00384039325626944 0.00310790651417205 0
"залу" 0 0 0.0192906550555295 0 0 0 0 0
"замечая" 0.0031161384811941 0.00301132257287401 0.00826742359522694 0 0 0 0.00621581302834411 0
"замолчал" 0.00623227696238821 0 0.00275580786507565 0.00723772301234032 0 0 0.00310790651417205 0.00515703161260378
"затылок" 0.0124645539247764 0 0 0 0 0.00768078651253888 0 0.00515703161260378
"звали" 0.00623227696238821 0.00301132257287401 0.00275580786507565 0 0.00254084406839952 0.00768078651253888 0 0
"звать" 0.0155806924059705 0 0.00275580786507565 0 0.00254084406839952 0 0 0
"здоровы" 0.0031161384811941 0 0.00551161573015129 0.00361886150617016 0.00254084406839952 0 0 0.0103140632252076
"знакомства" 0 0.00301132257287401 0.0110232314603026 0 0 0.00768078651253888 0 0
"знакомые" 0.0031161384811941 0.00301132257287401 0.00275580786507565 0.00361886150617016 0 0.00768078651253888 0.00310790651417205 0
"значение" 0 0.00602264514574801 0 0.0108565845185105 0 0 0.00621581302834411 0
"золотая" 0.0031161384811941 0.00602264514574801 0 0 0.00508168813679904 0 0.00310790651417205 0.00515703161260378
"зрения" 0 0 0 0 0.00508168813679904 0 0.0155395325708603 0
"играет" 0 0 0 0.00361886150617016 0.00508168813679904 0.00384039325626944 0.00932371954251616 0
"идем" 0.00934841544358231 0 0.00826742359522694 0 0 0 0 0.00515703161260378
"известной" 0 0.00903396771862202 0.00275580786507565 0 0 0.00384039325626944 0.00621581302834411 0
"извозчика" 0 0.018067935437244 0.00275580786507565 0 0 0 0 0
"издавна" 0 0.00602264514574801 0 0 0.00254084406839952 0.00768078651253888 0.00310790651417205 0.00515703161260378
"изменник" 0 0 0 0 0.0127042203419976 0 0 0.0103140632252076
"изнеможении" 0 0.00903396771862202 0.00275580786507565 0 0.00254084406839952 0.00768078651253888 0 0
"инде" 0 0 0 0 0.0177859084787967 0 0 0
"инок" 0 0 0 0 0 0 0 0.0360992212882265
"искони" 0 0.00602264514574801 0 0.00361886150617016 0.0101633762735981 0 0 0
"искоса" 0.00934841544358231 0 0 0.00361886150617016 0.00508168813679904 0.00384039325626944 0 0
"испуге" 0 0 0.00551161573015129 0 0 0.0192019662813472 0 0
"исторические" 0 0 0.00275580786507565 0.00723772301234032 0 0 0.00932371954251616 0.00515703161260378
"исчез" 0.00934841544358231 0 0 0 0.00508168813679904 0 0.00310790651417205 0.00515703161260378
"ищу" 0 0 0.0110232314603026 0 0.00254084406839952 0 0.00621581302834411 0
"кабака" 0.0186968308871646 0.00301132257287401 0 0 0 0 0 0
"кабинета" 0 0.012045290291496 0.00275580786507565 0.00723772301234032 0 0 0 0
"каков" 0 0 0.00275580786507565 0.00723772301234032 0.00254084406839952 0 0.00310790651417205 0.0103140632252076
"каменьями" 0.0031161384811941 0 0 0 0.0101633762735981 0 0 0.0103140632252076
"камня" 0 0.00301132257287401 0.00275580786507565 0 0.00762253220519857 0 0.00310790651417205 0.00515703161260378
"камнями" 0.0031161384811941 0 0 0 0.00762253220519857 0.00384039325626944 0.00621581302834411 0
"капитаном" 0 0.00301132257287401 0.0165348471904539 0 0 0 0 0
"картечь" 0 0 0 0 0.0152450644103971 0 0.00310790651417205 0
"катились" 0 0 0 0.00361886150617016 0.0152450644103971 0 0 0
"кафтан" 0.00623227696238821 0 0 0 0.00508168813679904 0.00384039325626944 0.00621581302834411 0
"качества" 0 0.00903396771862202 0.00275580786507565 0.00723772301234032 0 0 0.00310790651417205 0
"квартире" 0 0.01505661286437 0.00275580786507565 0.00361886150617016 0 0 0 0
"кверху" 0.00623227696238821 0 0.0137790393253782 0 0 0 0 0
"кивнул" 0.0031161384811941 0.00602264514574801 0.00551161573015129 0 0.00254084406839952 0.00384039325626944 0 0
"кланялся" 0 0 0.0110232314603026 0 0 0.00384039325626944 0 0.0103140632252076
"княжеского" 0 0.00602264514574801 0 0 0 0 0 0.0257851580630189
"княжною" 0 0.021079258010118 0 0 0 0 0 0
"кобылу" 0 0 0 0 0 0.0268827527938861 0 0
"когти" 0 0 0.00275580786507565 0 0.00762253220519857 0.0115211797688083 0 0
"комиссар" 0 0 0 0 0 0.0268827527938861 0 0
"компания" 0 0.021079258010118 0 0 0 0 0 0
"кончил" 0.0031161384811941 0 0.00275580786507565 0.0144754460246806 0 0 0 0.00515703161260378
"кончины" 0 0 0 0 0.00762253220519857 0 0.00932371954251616 0.00515703161260378
"коротко" 0 0.00301132257287401 0 0.0144754460246806 0.00508168813679904 0 0 0
"красный" 0.0031161384811941 0.00301132257287401 0 0 0 0.0115211797688083 0 0.0103140632252076
"кричат" 0.00623227696238821 0 0.00551161573015129 0.00723772301234032 0 0 0 0.00515703161260378
"кровли" 0.00934841544358231 0 0.00275580786507565 0 0.00254084406839952 0 0.00310790651417205 0.00515703161260378
"кругу" 0 0.00602264514574801 0 0 0.0101633762735981 0 0.00310790651417205 0
"крупные" 0.0031161384811941 0.00301132257287401 0 0.0144754460246806 0.00254084406839952 0 0 0
"крупными" 0.00623227696238821 0 0.00551161573015129 0.0108565845185105 0 0 0 0
"кузнец" 0.00934841544358231 0 0 0 0.0101633762735981 0 0 0
"кума" 0 0 0 0.00361886150617016 0 0.0230423595376167 0 0
"лавки" 0.0124645539247764 0 0.00275580786507565 0 0 0.00384039325626944 0 0.00515703161260378
"ладони" 0.00623227696238821 0.00301132257287401 0 0.00723772301234032 0 0.00384039325626944 0 0.00515703161260378
"лакею" 0.0031161384811941 0.00903396771862202 0.00275580786507565 0.00723772301234032 0 0 0 0
"лежало" 0 0 0 0 0.0101633762735981 0 0 0.0154710948378114
"лекарство" 0 0.00602264514574801 0 0.00361886150617016 0 0 0.0124316260566882 0
"ленты" 0 0.00301132257287401 0.00275580786507565 0 0.00254084406839952 0.0153615730250778 0 0
"лжешь" 0 0.00602264514574801 0.00275580786507565 0 0 0.00768078651253888 0 0.0103140632252076
"лист" 0 0.00301132257287401 0.00826742359522694 0 0.00254084406839952 0 0 0.0103140632252076
"листья" 0.0031161384811941 0 0 0.0108565845185105 0 0.00768078651253888 0 0.00515703161260378
"ложились" 0.0031161384811941 0.00602264514574801 0 0.00361886150617016 0.00254084406839952 0 0.00310790651417205 0.00515703161260378
"лошаденку" 0.0218129693683587 0 0 0 0 0 0 0
"лук" 0.00934841544358231 0 0.00275580786507565 0 0.00254084406839952 0.00768078651253888 0 0
"лукавый" 0.0031161384811941 0.00301132257287401 0 0 0 0.0192019662813472 0 0
"лучи" 0 0.00301132257287401 0 0.00361886150617016 0.00254084406839952 0.00768078651253888 0.00621581302834411 0
"лучшего" 0 0 0.00551161573015129 0 0.00254084406839952 0.0115211797688083 0 0.00515703161260378
"любили" 0 0.00602264514574801 0.00275580786507565 0.0144754460246806 0 0 0 0
"любящая" 0 0 0 0.0253320305431911 0 0 0 0
"маленькой" 0 0.00602264514574801 0.0110232314603026 0.00361886150617016 0 0 0 0
"мальтуса" 0 0 0 0 0 0 0.0217553455992044 0
"мальчика" 0.00623227696238821 0 0 0.0108565845185105 0.00508168813679904 0 0 0
"мастер" 0 0 0.00275580786507565 0.0108565845185105 0 0.00384039325626944 0.00310790651417205 0.00515703161260378
"матерью" 0 0.00903396771862202 0.00275580786507565 0 0.00508168813679904 0 0 0.00515703161260378
"месту" 0.00623227696238821 0.00301132257287401 0 0 0.00254084406839952 0.00384039325626944 0 0.0103140632252076
"месяце" 0 0 0 0 0.00508168813679904 0.0192019662813472 0 0
"могилу" 0 0 0 0 0.0101633762735981 0 0.00932371954251616 0
"моею" 0 0.00301132257287401 0.00275580786507565 0 0.00762253220519857 0 0.00621581302834411 0
"моими" 0 0 0 0 0.00508168813679904 0.00384039325626944 0.00932371954251616 0.00515703161260378
"молва" 0 0.012045290291496 0 0 0.00762253220519857 0 0 0
"молвила" 0.0031161384811941 0 0 0 0.00762253220519857 0.00768078651253888 0 0.00515703161260378
"молодежь" 0 0.00602264514574801 0.00826742359522694 0 0.00254084406839952 0.00384039325626944 0 0
"молодость" 0 0 0.00551161573015129 0.00361886150617016 0.00508168813679904 0 0.00621581302834411 0
"молоком" 0 0.00602264514574801 0 0.00361886150617016 0.00508168813679904 0.00384039325626944 0.00310790651417205 0
"молчали" 0.0031161384811941 0.00602264514574801 0.00826742359522694 0 0 0 0 0.00515703161260378
"московских" 0.0031161384811941 0 0.00275580786507565 0 0 0 0 0.0257851580630189
"мосту" 0 0 0 0 0.00508168813679904 0.0192019662813472 0 0
"мрака" 0.0031161384811941 0 0 0 0.00762253220519857 0.0115211797688083 0 0
"музыка" 0 0 0 0 0.00254084406839952 0 0.0186474390850323 0
"мулла" 0 0 0 0 0.0177859084787967 0 0 0
"навеки" 0 0 0.00275580786507565 0 0.00254084406839952 0.0153615730250778 0.00310790651417205 0
"наверху" 0 0 0 0.00723772301234032 0.00508168813679904 0.00768078651253888 0.00310790651417205 0
"надпись" 0 0.00602264514574801 0.00275580786507565 0 0.00762253220519857 0 0.00310790651417205 0
"назвал" 0 0.00301132257287401 0 0.00361886150617016 0.00254084406839952 0 0.0124316260566882 0
"найдет" 0.0031161384811941 0.00301132257287401 0.00275580786507565 0.00723772301234032 0.00254084406839952 0 0.00310790651417205 0
"найдете" 0.0031161384811941 0 0.00275580786507565 0 0 0.0115211797688083 0.00310790651417205 0.00515703161260378
"налево" 0.0031161384811941 0.00602264514574801 0.00551161573015129 0.00361886150617016 0 0 0 0.00515703161260378
"напасть" 0.0031161384811941 0 0 0 0.00762253220519857 0.0115211797688083 0 0
"напишу" 0 0.00301132257287401 0.00551161573015129 0.00361886150617016 0 0 0.00621581302834411 0.00515703161260378
"направо" 0.0031161384811941 0.00602264514574801 0 0.00361886150617016 0.00254084406839952 0.00384039325626944 0 0.00515703161260378
"народов" 0 0 0 0 0.00508168813679904 0 0.00621581302834411 0.0154710948378114
"народы" 0 0 0 0 0.00762253220519857 0 0.0124316260566882 0
"наружностью" 0.0031161384811941 0.00602264514574801 0.00826742359522694 0.00361886150617016 0 0 0 0
"настасья" 0 0 0.0192906550555295 0 0 0 0 0
"наташи" 0 0.021079258010118 0 0 0 0 0 0
"начало" 0.0031161384811941 0 0.00275580786507565 0 0.00254084406839952 0.00384039325626944 0.00621581302834411 0.00515703161260378
"начинала" 0.0031161384811941 0.00602264514574801 0.0110232314603026 0 0 0 0 0
"начинать" 0 0.00301132257287401 0.00275580786507565 0.0108565845185105 0.00254084406839952 0 0 0.00515703161260378
"начнут" 0 0 0.00275580786507565 0.00361886150617016 0 0.0192019662813472 0 0
"небольшие" 0 0 0.00551161573015129 0.00361886150617016 0.00762253220519857 0.00384039325626944 0 0
"небрежно" 0.0031161384811941 0 0.00551161573015129 0 0.00508168813679904 0.00384039325626944 0 0.00515703161260378
"невеста" 0 0.00301132257287401 0.00275580786507565 0.00361886150617016 0.00762253220519857 0 0 0.00515703161260378
"недолго" 0 0 0.00275580786507565 0.0180943075308508 0 0 0.00310790651417205 0
"недоставало" 0 0.00903396771862202 0.00275580786507565 0.00361886150617016 0.00254084406839952 0 0.00310790651417205 0
"нежно" 0 0.00903396771862202 0 0.00361886150617016 0.00762253220519857 0 0 0
"неизвестно" 0.0031161384811941 0.00602264514574801 0.00826742359522694 0 0 0 0.00310790651417205 0
"некстати" 0 0 0 0.00361886150617016 0.00254084406839952 0.00384039325626944 0.00621581302834411 0.0103140632252076
"немногие" 0 0 0.00275580786507565 0.00723772301234032 0.00254084406839952 0 0.00621581302834411 0.00515703161260378
"ненависть" 0 0.00602264514574801 0.00551161573015129 0.00361886150617016 0.00254084406839952 0 0.00310790651417205 0
"несет" 0.0031161384811941 0.00602264514574801 0 0.00361886150617016 0.00508168813679904 0 0 0.00515703161260378
"несчастие" 0.0031161384811941 0 0 0.00723772301234032 0.00508168813679904 0 0.00621581302834411 0
"нетути" 0.0218129693683587 0 0 0 0 0 0 0
"неужто" 0.00623227696238821 0 0 0.00723772301234032 0.00762253220519857 0 0 0
"нивы" 0.0031161384811941 0 0 0 0.00254084406839952 0.00384039325626944 0.0124316260566882 0
"никаким" 0.0031161384811941 0.00301132257287401 0.00551161573015129 0 0.00254084406839952 0.00384039325626944 0.00310790651417205 0
"новою" 0 0.00301132257287401 0 0.00361886150617016 0.00254084406839952 0.00768078651253888 0.00621581302834411 0
"носить" 0.0031161384811941 0.00602264514574801 0 0.00361886150617016 0.00508168813679904 0.00384039325626944 0 0
"ночной" 0 0.00903396771862202 0 0.00723772301234032 0 0.00384039325626944 0 0.00515703161260378
"нравственности" 0 0.00903396771862202 0 0.00361886150617016 0 0 0.00932371954251616 0
"няня" 0 0 0 0 0 0 0 0.0360992212882265
"обед" 0.00623227696238821 0 0.00275580786507565 0 0 0.00384039325626944 0.00621581302834411 0.00515703161260378
"обеим" 0.0124645539247764 0 0.00275580786507565 0 0.00508168813679904 0 0 0
"обмануть" 0 0.00301132257287401 0 0.00361886150617016 0.00508168813679904 0.00384039325626944 0.00621581302834411 0
"оборотившись" 0 0 0 0 0 0.0268827527938861 0 0
"обратиться" 0 0 0.00275580786507565 0.00361886150617016 0 0.00768078651253888 0.00932371954251616 0
"обросимовы" 0 0 0 0.0253320305431911 0 0 0 0
"общая" 0 0.00301132257287401 0 0.00361886150617016 0.00254084406839952 0 0.0124316260566882 0
"общим" 0.0031161384811941 0.00602264514574801 0.00275580786507565 0 0.00254084406839952 0 0.00621581302834411 0
"объяснить" 0 0.00602264514574801 0 0.00361886150617016 0 0 0.0124316260566882 0
"обыкновенное" 0.00623227696238821 0 0.00275580786507565 0.00361886150617016 0.00508168813679904 0 0.00310790651417205 0
"обыкновенный" 0 0.00301132257287401 0.00275580786507565 0 0.00508168813679904 0.00384039325626944 0.00621581302834411 0
"обязанностью" 0.0031161384811941 0.00903396771862202 0 0 0.00508168813679904 0 0 0.00515703161260378
"оглянулся" 0.00623227696238821 0 0 0 0.00254084406839952 0.0115211797688083 0 0.00515703161260378
"одежде" 0.0031161384811941 0 0.00275580786507565 0 0.00254084406839952 0 0.00932371954251616 0.00515703161260378
"одетый" 0.0031161384811941 0.00301132257287401 0.00551161573015129 0.00361886150617016 0 0.00384039325626944 0.00310790651417205 0
"окрестность" 0.00934841544358231 0 0 0.00361886150617016 0 0.0115211797688083 0 0
"окружили" 0.0031161384811941 0 0 0 0.00762253220519857 0.00384039325626944 0.00310790651417205 0.00515703161260378
"определить" 0 0 0.00551161573015129 0.0108565845185105 0 0 0.00621581302834411 0
"основании" 0 0.00602264514574801 0.00275580786507565 0.0108565845185105 0 0 0.00310790651417205 0
"особливо" 0.00623227696238821 0 0 0 0 0.00768078651253888 0.00621581302834411 0.00515703161260378
"останавливаясь" 0.0031161384811941 0 0.00551161573015129 0 0.00254084406839952 0.00384039325626944 0 0.0103140632252076
"отказался" 0 0 0.00275580786507565 0.00361886150617016 0.00762253220519857 0 0 0.0103140632252076
"открыть" 0 0 0 0 0.00762253220519857 0 0.00932371954251616 0.00515703161260378
"отличалась" 0.0031161384811941 0.01505661286437 0.00275580786507565 0 0 0 0 0
"отправить" 0.0031161384811941 0.00602264514574801 0.00275580786507565 0 0.00508168813679904 0 0.00310790651417205 0
"отрывисто" 0.0124645539247764 0 0.00551161573015129 0 0 0 0.00310790651417205 0
"отставной" 0 0.00602264514574801 0.0110232314603026 0 0 0.00384039325626944 0 0
"отчаянии" 0 0 0.00275580786507565 0 0.00508168813679904 0 0.00932371954251616 0.00515703161260378
"отчаянно" 0.0124645539247764 0 0 0 0.00508168813679904 0.00384039325626944 0 0
"п" 0 0.01505661286437 0 0.00361886150617016 0.00254084406839952 0 0 0
"па" 0 0 0.0110232314603026 0 0 0.00768078651253888 0.00310790651417205 0
"падал" 0.00623227696238821 0 0 0 0.0101633762735981 0 0 0.00515703161260378
"падет" 0 0 0 0 0.0127042203419976 0.00384039325626944 0 0.00515703161260378
"пал" 0 0 0 0 0.0101633762735981 0.00768078651253888 0 0.00515703161260378
"палагее" 0 0 0.0192906550555295 0 0 0 0 0
"палагеи" 0 0 0.0192906550555295 0 0 0 0 0
"палагею" 0 0 0.0192906550555295 0 0 0 0 0
"парня" 0.0218129693683587 0 0 0 0 0 0 0
"парубков" 0 0 0 0 0 0.0268827527938861 0 0
"паспорт" 0 0.021079258010118 0 0 0 0 0 0
"перекрестился" 0.00623227696238821 0 0.00551161573015129 0 0.00254084406839952 0.00384039325626944 0 0.00515703161260378
"переулке" 0 0.01505661286437 0 0 0 0.00384039325626944 0 0.00515703161260378
"петровна" 0 0 0.0192906550555295 0 0 0 0 0
"пидорка" 0 0 0 0 0 0.0268827527938861 0 0
"плачу" 0 0.00301132257287401 0.00551161573015129 0.00361886150617016 0 0 0.00932371954251616 0
"плачь" 0.00623227696238821 0 0 0.00361886150617016 0.00254084406839952 0.00768078651253888 0.00310790651417205 0
"повел" 0.0031161384811941 0 0.00551161573015129 0.00723772301234032 0.00254084406839952 0 0 0.00515703161260378
"повод" 0 0.00301132257287401 0 0 0.0127042203419976 0.00384039325626944 0 0
"погибели" 0.0031161384811941 0 0 0 0.00508168813679904 0 0.00310790651417205 0.0154710948378114
"подарок" 0 0 0.00275580786507565 0.00361886150617016 0.0101633762735981 0.00384039325626944 0 0
"поднимались" 0.0031161384811941 0 0 0.0108565845185105 0 0 0.00932371954251616 0
"подняли" 0.0031161384811941 0 0 0 0 0.0153615730250778 0 0.0103140632252076
"поднять" 0.00623227696238821 0 0.00275580786507565 0.00361886150617016 0.00254084406839952 0.00384039325626944 0.00310790651417205 0
"подобное" 0 0.00301132257287401 0 0.00361886150617016 0.00254084406839952 0.00768078651253888 0.00621581302834411 0
"познакомиться" 0 0.00602264514574801 0.00826742359522694 0.00723772301234032 0 0 0 0
"покажу" 0.0124645539247764 0 0 0 0.00254084406839952 0 0.00310790651417205 0.00515703161260378
"показывать" 0 0.00903396771862202 0.00275580786507565 0.00361886150617016 0.00254084406839952 0.00384039325626944 0 0
"покатились" 0.00623227696238821 0 0 0 0 0.00768078651253888 0.00621581302834411 0.00515703161260378
"покой" 0 0 0 0.00361886150617016 0.0101633762735981 0.00384039325626944 0 0.00515703161260378
"пола" 0 0.012045290291496 0 0 0.00508168813679904 0 0.00310790651417205 0
"полез" 0.0031161384811941 0.00301132257287401 0 0 0 0.0192019662813472 0 0
"полетел" 0 0 0 0 0.00508168813679904 0.0192019662813472 0 0
"полиции" 0 0.018067935437244 0.00275580786507565 0 0 0 0 0
"полного" 0 0 0.00551161573015129 0 0.00254084406839952 0 0.0124316260566882 0
"полную" 0 0.00602264514574801 0.00826742359522694 0 0 0.00384039325626944 0.00310790651417205 0
"полные" 0 0 0 0.00361886150617016 0.00254084406839952 0.00768078651253888 0.00932371954251616 0
"полный" 0.00623227696238821 0.00301132257287401 0.00275580786507565 0.00361886150617016 0 0 0.00621581302834411 0
"положить" 0.0031161384811941 0.00301132257287401 0 0 0 0.00384039325626944 0.00310790651417205 0.0154710948378114
"полосы" 0.00934841544358231 0 0 0 0.00508168813679904 0.00384039325626944 0.00310790651417205 0
"полчаса" 0.0031161384811941 0.00301132257287401 0.0110232314603026 0 0.00254084406839952 0 0 0
"помещика" 0 0 0 0.0253320305431911 0 0 0 0
"помощь" 0.00623227696238821 0 0.00275580786507565 0 0.00254084406839952 0 0.00932371954251616 0
"понеслись" 0 0 0 0 0.0152450644103971 0.00384039325626944 0 0
"понимали" 0 0 0.00551161573015129 0.00361886150617016 0 0 0.0124316260566882 0
"понятно" 0 0.00301132257287401 0.00275580786507565 0.0108565845185105 0.00254084406839952 0 0.00310790651417205 0
"поодаль" 0.00934841544358231 0.00602264514574801 0 0 0.00508168813679904 0 0 0
"поперек" 0.0124645539247764 0.00301132257287401 0 0 0.00508168813679904 0 0 0
"поправить" 0.00623227696238821 0 0.00551161573015129 0.00723772301234032 0 0 0.00310790651417205 0
"поразило" 0 0.00602264514574801 0 0.00723772301234032 0.00254084406839952 0 0.00621581302834411 0
"порядком" 0.00623227696238821 0.00602264514574801 0 0 0 0.00768078651253888 0 0.00515703161260378
"порядку" 0.0031161384811941 0 0.00551161573015129 0 0 0.00384039325626944 0.00932371954251616 0
"порядочного" 0 0.00903396771862202 0 0.00361886150617016 0.00508168813679904 0.00384039325626944 0 0
"пособить" 0.00934841544358231 0 0 0 0 0.00384039325626944 0.00310790651417205 0.0103140632252076
"постель" 0 0.00301132257287401 0.00551161573015129 0.00361886150617016 0.00254084406839952 0 0.00621581302834411 0
"потаповна" 0 0.021079258010118 0 0 0 0 0 0
"потолок" 0 0.00301132257287401 0 0 0.00254084406839952 0.0115211797688083 0.00621581302834411 0
"похожи" 0 0 0.00275580786507565 0.00361886150617016 0 0.00768078651253888 0.00932371954251616 0
"почерк" 0 0.01505661286437 0.00275580786507565 0 0 0 0.00310790651417205 0
"почту" 0.0031161384811941 0.00602264514574801 0.00826742359522694 0.00361886150617016 0 0 0 0
"поэзия" 0 0 0 0.00723772301234032 0 0 0.0155395325708603 0
"прав" 0 0 0 0.00723772301234032 0.00254084406839952 0 0.00932371954251616 0.00515703161260378
"предмету" 0.0031161384811941 0 0.00275580786507565 0 0 0 0.0155395325708603 0
"предо" 0 0 0 0 0.00508168813679904 0 0.0155395325708603 0
"представляется" 0 0.00903396771862202 0 0.00361886150617016 0.00254084406839952 0 0.00621581302834411 0
"предчувствие" 0.0031161384811941 0 0.00826742359522694 0.00361886150617016 0.00254084406839952 0 0.00310790651417205 0
"прекрасное" 0 0 0.00551161573015129 0 0.00762253220519857 0 0.00621581302834411 0
"прелесть" 0 0 0.0110232314603026 0.00361886150617016 0.00254084406839952 0 0.00310790651417205 0
"преступления" 0 0.00903396771862202 0 0 0.00254084406839952 0 0.00932371954251616 0
"приветливо" 0.0031161384811941 0 0 0.00361886150617016 0.0101633762735981 0.00384039325626944 0 0
"привидение" 0.0031161384811941 0 0.00275580786507565 0 0 0.00768078651253888 0.00932371954251616 0
"привык" 0 0.00301132257287401 0.00275580786507565 0.0108565845185105 0.00254084406839952 0 0.00310790651417205 0
"привязанность" 0 0.012045290291496 0 0.00361886150617016 0.00508168813679904 0 0 0
"приехали" 0.0031161384811941 0.00602264514574801 0.00275580786507565 0 0.00254084406839952 0.00768078651253888 0 0
"приехать" 0 0.00301132257287401 0.00551161573015129 0 0.00508168813679904 0.00384039325626944 0 0.00515703161260378
"признаюсь" 0 0 0.00551161573015129 0 0.00254084406839952 0.00768078651253888 0.00621581302834411 0
"приказала" 0 0.021079258010118 0 0 0 0 0 0
"примет" 0.0031161384811941 0.00301132257287401 0.00275580786507565 0 0.00508168813679904 0.00384039325626944 0.00310790651417205 0
"принесли" 0 0 0.00826742359522694 0.00361886150617016 0 0.0115211797688083 0 0
"принимала" 0.00934841544358231 0.00301132257287401 0.00826742359522694 0 0 0 0 0
"принимать" 0 0.00602264514574801 0.00826742359522694 0 0.00254084406839952 0 0 0.00515703161260378
"принужден" 0.0031161384811941 0 0.00551161573015129 0 0.00254084406839952 0.00384039325626944 0.00310790651417205 0.00515703161260378
"приняла" 0.0031161384811941 0.00301132257287401 0.00551161573015129 0 0 0.0115211797688083 0 0
"принялась" 0.0031161384811941 0.00602264514574801 0.0110232314603026 0 0 0 0 0
"припомнить" 0.00623227696238821 0 0 0.00361886150617016 0 0.0153615730250778 0 0
"прислушивался" 0.0031161384811941 0 0.00275580786507565 0.0108565845185105 0.00508168813679904 0 0 0
"приходилось" 0.0031161384811941 0.00602264514574801 0 0.0108565845185105 0.00254084406839952 0 0 0
"приятели" 0.00934841544358231 0 0.00275580786507565 0 0.00254084406839952 0.00768078651253888 0 0
"провел" 0 0 0.00275580786507565 0.00723772301234032 0.00254084406839952 0 0.00310790651417205 0.0103140632252076
"проворчал" 0 0 0 0 0.00508168813679904 0.0115211797688083 0 0.0103140632252076
"проговоря" 0 0 0.0192906550555295 0 0 0 0 0
"происшествие" 0.0031161384811941 0 0 0 0.00762253220519857 0.00768078651253888 0.00310790651417205 0
"пропала" 0 0.00301132257287401 0.00275580786507565 0.00723772301234032 0 0.00768078651253888 0.00310790651417205 0
"просил" 0.0031161384811941 0 0.00551161573015129 0.00723772301234032 0 0 0 0.0103140632252076
"просьбу" 0 0 0.0110232314603026 0 0.00508168813679904 0 0.00310790651417205 0
"проходит" 0 0 0 0 0 0.00384039325626944 0.0155395325708603 0.00515703161260378
"процветала" 0 0.00301132257287401 0 0 0 0 0.0186474390850323 0
"прочее" 0 0 0.0110232314603026 0 0.00254084406839952 0 0.00621581302834411 0
"прошлое" 0 0.012045290291496 0 0.00361886150617016 0.00508168813679904 0 0 0
"птиц" 0 0.00301132257287401 0.00551161573015129 0.0108565845185105 0 0.00384039325626944 0 0
"пусто" 0.0031161384811941 0 0 0.00723772301234032 0.00254084406839952 0.00384039325626944 0.00310790651417205 0.00515703161260378
"пустяки" 0.0031161384811941 0.00602264514574801 0.00551161573015129 0.00723772301234032 0 0 0 0
"равнодушно" 0.00623227696238821 0.00602264514574801 0.00551161573015129 0 0 0 0.00310790651417205 0
"разбойников" 0.00934841544358231 0 0 0 0.0101633762735981 0 0 0
"развалины" 0.0031161384811941 0 0 0 0.00254084406839952 0 0.0155395325708603 0
"разговаривал" 0 0 0 0.00723772301234032 0.00762253220519857 0.00384039325626944 0.00310790651417205 0
"раздались" 0.0031161384811941 0 0 0 0.00254084406839952 0.00384039325626944 0.00621581302834411 0.0103140632252076
"различие" 0 0 0.00275580786507565 0 0 0 0.0186474390850323 0
"различных" 0 0.00903396771862202 0.00551161573015129 0 0 0 0.00621581302834411 0
"размаху" 0 0.00602264514574801 0 0.00361886150617016 0.0101633762735981 0 0 0
"разным" 0 0.00602264514574801 0.00275580786507565 0.00723772301234032 0 0 0.00310790651417205 0.00515703161260378
"раненого" 0 0 0 0 0.0177859084787967 0 0 0
"раньше" 0.0031161384811941 0.012045290291496 0 0 0.00254084406839952 0.00384039325626944 0 0
"расстановкой" 0 0.00903396771862202 0.0110232314603026 0 0 0 0 0
"растет" 0.0031161384811941 0 0.00551161573015129 0 0 0 0.00932371954251616 0.00515703161260378
"ребенком" 0 0.00903396771862202 0.00275580786507565 0.00723772301234032 0.00254084406839952 0 0 0
"рекою" 0.0031161384811941 0 0 0.00723772301234032 0.00254084406839952 0.00384039325626944 0.00310790651417205 0.00515703161260378
"родного" 0.00623227696238821 0 0.00275580786507565 0.00361886150617016 0.00508168813679904 0 0 0.00515703161260378
"родными" 0 0 0.00275580786507565 0 0.0127042203419976 0 0.00310790651417205 0
"ропот" 0 0 0 0 0.0127042203419976 0.00384039325626944 0.00310790651417205 0
"рту" 0.0031161384811941 0 0.00275580786507565 0.00361886150617016 0 0.0115211797688083 0 0.00515703161260378
"рубль" 0 0.00903396771862202 0 0 0.00762253220519857 0 0 0.00515703161260378
"русскую" 0 0.00301132257287401 0.00275580786507565 0 0.00762253220519857 0 0 0.0103140632252076
"рюмку" 0 0.01505661286437 0.00551161573015129 0 0 0 0 0
"саблю" 0 0 0 0 0.0101633762735981 0.00384039325626944 0 0.0103140632252076
"самих" 0 0.00301132257287401 0.00275580786507565 0 0.00254084406839952 0 0.0124316260566882 0
"сахару" 0.0124645539247764 0 0.00551161573015129 0.00361886150617016 0 0 0 0
"сверкали" 0 0 0 0 0.0152450644103971 0 0 0.00515703161260378
"свидетельствует" 0 0 0.00275580786507565 0 0 0 0.0186474390850323 0
"свободно" 0.0031161384811941 0.00301132257287401 0.00551161573015129 0.0108565845185105 0 0 0 0
"своя" 0.0031161384811941 0.00903396771862202 0.00275580786507565 0 0.00508168813679904 0 0 0
"свято" 0 0.00301132257287401 0.00275580786507565 0.00361886150617016 0 0 0.0124316260566882 0
"святой" 0 0 0.00275580786507565 0 0.00508168813679904 0.00384039325626944 0.00621581302834411 0.00515703161260378
"сделав" 0.00623227696238821 0.00602264514574801 0.00551161573015129 0 0.00254084406839952 0 0 0
"сделай" 0.00623227696238821 0.00903396771862202 0 0.00361886150617016 0.00254084406839952 0 0 0
"седло" 0 0 0.00275580786507565 0 0.0152450644103971 0 0 0
"селения" 0 0.00301132257287401 0 0 0.0152450644103971 0 0 0
"семеныч" 0.0186968308871646 0 0.00275580786507565 0 0 0 0 0
"семьдесят" 0.0155806924059705 0.00301132257287401 0.00275580786507565 0 0 0 0 0
"семья" 0.00623227696238821 0 0.00551161573015129 0.00361886150617016 0.00254084406839952 0.00384039325626944 0 0
"серебро" 0.0031161384811941 0.00602264514574801 0 0 0.00254084406839952 0 0 0.0154710948378114
"серые" 0.00623227696238821 0.00903396771862202 0 0.00361886150617016 0 0.00384039325626944 0 0
"сими" 0 0 0 0 0 0.00384039325626944 0.0186474390850323 0
"сию" 0.0031161384811941 0.00903396771862202 0 0 0 0.00384039325626944 0.00310790651417205 0.00515703161260378
"скалы" 0 0 0 0 0.0127042203419976 0 0.00310790651417205 0.00515703161260378
"скрылся" 0 0.00903396771862202 0.00551161573015129 0 0.00508168813679904 0 0 0
"славный" 0.0031161384811941 0 0.00551161573015129 0 0.00762253220519857 0 0.00310790651417205 0
"славы" 0 0 0.00275580786507565 0 0.0101633762735981 0 0 0.0103140632252076
"следовал" 0.0031161384811941 0.00301132257287401 0.00826742359522694 0 0 0.00384039325626944 0 0.00515703161260378
"следственно" 0 0 0 0 0.0101633762735981 0 0.00932371954251616 0
"следуя" 0.0031161384811941 0 0.00551161573015129 0 0.00254084406839952 0 0.00932371954251616 0
"сливается" 0.0031161384811941 0 0 0.00723772301234032 0.00508168813679904 0.00384039325626944 0.00310790651417205 0
"служит" 0 0.00903396771862202 0 0 0.00254084406839952 0 0.00932371954251616 0
"слух" 0 0.00301132257287401 0 0 0 0.00768078651253888 0.00932371954251616 0.00515703161260378
"слуху" 0.00623227696238821 0.00301132257287401 0 0 0.00254084406839952 0.00768078651253888 0 0.00515703161260378
"слышали" 0 0.00903396771862202 0.00275580786507565 0 0.00254084406839952 0.00384039325626944 0 0.00515703161260378
"слышался" 0.00934841544358231 0 0 0.00361886150617016 0 0.0115211797688083 0 0
"смеха" 0.00623227696238821 0 0 0 0 0.0153615730250778 0.00310790651417205 0
"смею" 0.0031161384811941 0 0.00826742359522694 0 0.00508168813679904 0 0 0.00515703161260378
"смеются" 0 0 0.00275580786507565 0.00361886150617016 0.00254084406839952 0.00384039325626944 0.00932371954251616 0
"смотрели" 0 0.00602264514574801 0 0.00361886150617016 0.00254084406839952 0 0.00310790651417205 0.0103140632252076
"смотрят" 0 0 0 0.00723772301234032 0.00508168813679904 0 0.00310790651417205 0.0103140632252076
"смыслу" 0.0031161384811941 0.00301132257287401 0 0.0180943075308508 0 0 0 0
"сном" 0 0.00602264514574801 0.00275580786507565 0.00361886150617016 0 0.00384039325626944 0.00621581302834411 0
"собачий" 0.0031161384811941 0 0 0 0 0.0230423595376167 0 0
"совершается" 0.0031161384811941 0.00301132257287401 0 0.00361886150617016 0 0 0.0124316260566882 0
"совершенном" 0 0 0.00826742359522694 0 0.00254084406839952 0 0.00932371954251616 0
"совета" 0 0.00602264514574801 0 0 0.00254084406839952 0 0.00310790651417205 0.0154710948378114
"согласие" 0 0 0.00551161573015129 0 0 0.00384039325626944 0.00932371954251616 0.00515703161260378
"согласны" 0 0 0.00551161573015129 0.00723772301234032 0 0.00384039325626944 0.00621581302834411 0
"сорванец" 0 0 0.00275580786507565 0 0 0.0230423595376167 0 0
"состояла" 0.0124645539247764 0 0 0 0.00254084406839952 0 0.00621581302834411 0
"сохрани" 0 0.00301132257287401 0 0 0.00508168813679904 0.0115211797688083 0.00310790651417205 0
"сочинения" 0 0 0.00551161573015129 0 0 0 0.0155395325708603 0
"спасения" 0 0.00301132257287401 0 0 0 0 0.0124316260566882 0.0103140632252076
"сплетни" 0 0.018067935437244 0 0 0 0 0 0.00515703161260378
"спорить" 0.0031161384811941 0 0.00551161573015129 0.00723772301234032 0.00254084406839952 0 0.00310790651417205 0
"спрашивать" 0 0.00602264514574801 0 0.00361886150617016 0 0.00768078651253888 0.00310790651417205 0.00515703161260378
"спрашивают" 0.00934841544358231 0.00301132257287401 0 0 0 0 0.00932371954251616 0
"спросили" 0.00623227696238821 0 0 0.0108565845185105 0 0 0.00621581302834411 0
"стадо" 0 0 0 0.0144754460246806 0.00508168813679904 0.00384039325626944 0 0
"становились" 0 0.00301132257287401 0 0 0 0.00384039325626944 0.0155395325708603 0
"старичишка" 0.0186968308871646 0 0.00275580786507565 0 0 0 0 0
"страдание" 0 0.00301132257287401 0 0.00361886150617016 0 0 0.0155395325708603 0
"стрела" 0.0031161384811941 0.00301132257287401 0 0 0.0101633762735981 0.00384039325626944 0 0
"стремление" 0 0 0.00275580786507565 0 0.00254084406839952 0 0.0155395325708603 0
"строгий" 0 0.00301132257287401 0.0110232314603026 0.00361886150617016 0 0.00384039325626944 0 0
"строить" 0 0 0 0 0.00508168813679904 0.0153615730250778 0.00310790651417205 0
"судорожно" 0.00623227696238821 0.00301132257287401 0.00275580786507565 0.00361886150617016 0 0.00384039325626944 0.00310790651417205 0
"судьбы" 0 0.00301132257287401 0.00275580786507565 0 0.00762253220519857 0 0.00621581302834411 0
"сулейман" 0 0 0 0 0.0177859084787967 0 0 0
"сутки" 0 0.00602264514574801 0.00551161573015129 0 0.00508168813679904 0 0 0.00515703161260378
"сцена" 0.00623227696238821 0.00301132257287401 0.00275580786507565 0 0 0 0.00932371954251616 0
"счастию" 0.0031161384811941 0.00301132257287401 0 0 0.00254084406839952 0.00384039325626944 0.00932371954251616 0
"табак" 0 0 0.00826742359522694 0.00361886150617016 0.00254084406839952 0.00384039325626944 0.00310790651417205 0
"танцевать" 0 0.00301132257287401 0.00551161573015129 0.00361886150617016 0 0.0115211797688083 0 0
"татарски" 0 0 0 0 0.0127042203419976 0 0.00310790651417205 0.00515703161260378
"татарских" 0 0 0 0 0.00508168813679904 0 0 0.0257851580630189
"терпения" 0 0 0.00551161573015129 0 0.00508168813679904 0 0.00932371954251616 0
"течение" 0 0.00903396771862202 0 0 0.00254084406839952 0 0.00932371954251616 0
"толстая" 0.00623227696238821 0 0.00826742359522694 0.00361886150617016 0 0 0.00310790651417205 0
"толстоватый" 0.0218129693683587 0 0 0 0 0 0 0
"трудами" 0.0031161384811941 0 0 0 0 0.00384039325626944 0.0155395325708603 0
"трущоб" 0 0.021079258010118 0 0 0 0 0 0
"тулупе" 0 0 0 0 0 0.0230423595376167 0 0.00515703161260378
"убил" 0 0 0 0 0.0127042203419976 0 0.00310790651417205 0.00515703161260378
"убитого" 0 0 0 0 0.0152450644103971 0 0.00310790651417205 0
"увидишь" 0 0.00301132257287401 0.00275580786507565 0.00723772301234032 0 0.0115211797688083 0 0
"углам" 0.0031161384811941 0.00602264514574801 0.00275580786507565 0 0 0.0115211797688083 0 0
"ужин" 0.00623227696238821 0 0.00826742359522694 0 0 0.00768078651253888 0 0
"узду" 0.0031161384811941 0 0 0 0.0101633762735981 0.00768078651253888 0 0
"узнаю" 0.0031161384811941 0 0.00275580786507565 0 0.00762253220519857 0 0.00621581302834411 0
"уйдет" 0.00934841544358231 0 0 0.0108565845185105 0 0 0 0.00515703161260378
"украдкою" 0 0 0 0 0.0177859084787967 0 0 0
"уныло" 0.00934841544358231 0 0 0 0 0 0.00932371954251616 0.00515703161260378
"условия" 0 0.00903396771862202 0 0.00723772301234032 0 0 0.00621581302834411 0
"усталости" 0.00623227696238821 0 0.00551161573015129 0 0.00254084406839952 0.00384039325626944 0 0.00515703161260378
"участием" 0.00623227696238821 0.00301132257287401 0.00275580786507565 0.00723772301234032 0.00254084406839952 0 0 0
"учителей" 0 0 0.0137790393253782 0.00361886150617016 0 0 0.00310790651417205 0
"фатьма" 0 0 0 0 0.0177859084787967 0 0 0
"физиономии" 0 0.018067935437244 0 0 0 0 0.00310790651417205 0
"флигель" 0.0155806924059705 0.00602264514574801 0 0 0 0 0 0
"форме" 0.0031161384811941 0.00301132257287401 0.00551161573015129 0 0 0 0.00932371954251616 0
"форму" 0 0 0.00275580786507565 0.00361886150617016 0.00254084406839952 0 0.0124316260566882 0
"ханов" 0 0 0 0 0.00508168813679904 0 0 0.0257851580630189
"хата" 0 0 0 0 0 0.0268827527938861 0 0
"хлопотать" 0.00623227696238821 0 0.0110232314603026 0 0 0 0.00310790651417205 0
"холодного" 0 0.00602264514574801 0 0 0 0 0.0155395325708603 0
"хорошая" 0.0031161384811941 0.00301132257287401 0.00826742359522694 0.00723772301234032 0 0 0 0
"хорошенькая" 0 0.00602264514574801 0.00551161573015129 0.00723772301234032 0 0.00384039325626944 0 0
"худого" 0 0 0.00551161573015129 0 0.00254084406839952 0.0115211797688083 0.00310790651417205 0
"царства" 0 0 0 0 0.00254084406839952 0 0.0124316260566882 0.0103140632252076
"царя" 0 0.00301132257287401 0 0 0.00508168813679904 0.00768078651253888 0 0.0103140632252076
"цвета" 0.00623227696238821 0 0.00275580786507565 0.00361886150617016 0 0.00768078651253888 0.00310790651417205 0
"целого" 0 0.00602264514574801 0 0 0.00254084406839952 0.00384039325626944 0.00932371954251616 0
"целом" 0 0.00301132257287401 0.00551161573015129 0 0.00508168813679904 0.00384039325626944 0.00310790651417205 0
"чело" 0 0 0 0 0.0152450644103971 0.00384039325626944 0 0
"человеческих" 0 0 0 0 0 0 0.0186474390850323 0.00515703161260378
"червонцев" 0 0 0 0 0.00508168813679904 0.00768078651253888 0.00932371954251616 0
"черной" 0 0.00301132257287401 0 0.00361886150617016 0.00762253220519857 0 0.00621581302834411 0
"черном" 0 0 0.00551161573015129 0.00361886150617016 0.00254084406839952 0.00768078651253888 0.00310790651417205 0
"черную" 0.00623227696238821 0 0.00275580786507565 0.00361886150617016 0.00508168813679904 0 0.00310790651417205 0
"чувстве" 0 0 0 0.00361886150617016 0 0 0.0186474390850323 0
"чудак" 0 0 0.00826742359522694 0.00361886150617016 0.00254084406839952 0 0.00621581302834411 0
"чудеса" 0 0 0 0 0.00508168813679904 0.0115211797688083 0.00310790651417205 0.00515703161260378
"чудо" 0 0 0.00826742359522694 0 0.00508168813679904 0.00384039325626944 0 0.00515703161260378
"чужую" 0 0.00301132257287401 0 0.00361886150617016 0.00508168813679904 0.00768078651253888 0.00310790651417205 0
"шагах" 0.00934841544358231 0 0 0 0.00762253220519857 0 0 0.00515703161260378
"шаги" 0.00623227696238821 0.00301132257287401 0.00551161573015129 0 0.00508168813679904 0 0 0
"шампанского" 0 0.00301132257287401 0.0165348471904539 0 0 0 0 0
"шароварах" 0.0031161384811941 0 0 0 0 0.0230423595376167 0 0
"шепнул" 0.00623227696238821 0 0.00551161573015129 0 0.00254084406839952 0 0 0.0103140632252076
"шинок" 0 0 0 0 0 0.0268827527938861 0 0
"щеке" 0.0031161384811941 0 0 0.0180943075308508 0 0.00384039325626944 0 0
"щи" 0.0031161384811941 0 0.0110232314603026 0 0 0.00384039325626944 0 0.00515703161260378
"эге" 0 0 0.00551161573015129 0 0 0.0192019662813472 0 0
"экая" 0 0 0.0110232314603026 0 0 0.0115211797688083 0 0
"юности" 0 0.00602264514574801 0.00275580786507565 0.00723772301234032 0.00254084406839952 0.00384039325626944 0 0
"явилось" 0 0 0 0.0108565845185105 0 0 0.00932371954251616 0.00515703161260378
"ярмарка" 0.00934841544358231 0 0 0 0 0.0153615730250778 0 0
"ярмарку" 0.00934841544358231 0 0 0 0 0.0153615730250778 0 0
"ясные" 0 0.00301132257287401 0.00275580786507565 0 0 0.0115211797688083 0.00621581302834411 0
"la" 0 0.018067935437244 0 0 0 0 0.00310790651417205 0
"le" 0 0.021079258010118 0 0 0 0 0 0
"monsieur" 0 0.00903396771862202 0.0110232314603026 0 0 0 0 0
"tante" 0 0 0.0192906550555295 0 0 0 0 0
"аварец" 0 0 0 0 0.0152450644103971 0 0 0
"авторитет" 0 0.00301132257287401 0.00275580786507565 0.0144754460246806 0 0 0 0
"аксюшка" 0.0186968308871646 0 0 0 0 0 0 0
"амма" 0 0 0 0 0.0152450644103971 0 0 0
"ангел" 0 0.00602264514574801 0.00551161573015129 0 0.00508168813679904 0 0 0
"анну" 0 0.018067935437244 0 0 0 0 0 0
"ась" 0.0124645539247764 0 0.00275580786507565 0 0 0.00384039325626944 0 0
"барином" 0.00623227696238821 0.00301132257287401 0.00275580786507565 0.00361886150617016 0.00254084406839952 0 0 0
"бегать" 0 0.00301132257287401 0.0110232314603026 0 0 0.00384039325626944 0 0
"беду" 0.0031161384811941 0 0 0 0.00762253220519857 0.00384039325626944 0 0.00515703161260378
"безумный" 0 0 0 0 0 0.00384039325626944 0.00310790651417205 0.0206281264504151
"белая" 0 0.00301132257287401 0 0.00361886150617016 0 0.0153615730250778 0 0
"белые" 0.00934841544358231 0.00301132257287401 0 0 0 0.00384039325626944 0.00310790651417205 0
"бережно" 0.0031161384811941 0.00903396771862202 0.00275580786507565 0 0 0.00384039325626944 0 0
"беспамятстве" 0.0031161384811941 0 0 0 0.00254084406839952 0.00384039325626944 0.00932371954251616 0
"беспокоить" 0.0031161384811941 0.012045290291496 0.00275580786507565 0 0 0 0 0
"библиотеки" 0 0 0.00826742359522694 0 0.00254084406839952 0 0.00621581302834411 0
"благодаря" 0 0.00602264514574801 0.00275580786507565 0 0 0 0.00932371954251616 0
"бледно" 0.00623227696238821 0.00301132257287401 0 0.00361886150617016 0.00508168813679904 0 0 0
"бледный" 0 0.00602264514574801 0.00275580786507565 0.00361886150617016 0.00254084406839952 0 0.00310790651417205 0
"блестящие" 0 0 0.00275580786507565 0.00361886150617016 0 0 0.00621581302834411 0.0103140632252076
"богата" 0 0.00602264514574801 0.00826742359522694 0.00361886150617016 0 0 0 0
"богатой" 0.00623227696238821 0 0.00275580786507565 0 0 0.00384039325626944 0 0.0103140632252076
"богатства" 0 0.00301132257287401 0.00275580786507565 0 0 0 0.00932371954251616 0.00515703161260378
"богатых" 0 0 0.00275580786507565 0 0 0 0.00621581302834411 0.0154710948378114
"болезней" 0 0 0 0.00361886150617016 0.00254084406839952 0 0.0124316260566882 0
"боль" 0 0 0.00275580786507565 0 0.0101633762735981 0.00384039325626944 0 0
"борису" 0.0031161384811941 0 0 0 0 0 0 0.0257851580630189
"боя" 0 0 0 0 0.0127042203419976 0 0 0.00515703161260378
"боязливо" 0.0031161384811941 0.00301132257287401 0 0.00361886150617016 0 0.0115211797688083 0 0
"боялись" 0 0.00301132257287401 0.00551161573015129 0 0.00508168813679904 0 0.00310790651417205 0
"бранить" 0 0 0.00275580786507565 0.00361886150617016 0.00254084406839952 0.00384039325626944 0.00621581302834411 0
"брань" 0.00623227696238821 0 0 0.00361886150617016 0.00254084406839952 0.00384039325626944 0.00310790651417205 0
"братьев" 0 0 0 0.00361886150617016 0.00762253220519857 0 0 0.0103140632252076
"бросили" 0.0031161384811941 0.00301132257287401 0 0 0 0 0.00621581302834411 0.0103140632252076
"бумажки" 0.00934841544358231 0.00602264514574801 0.00275580786507565 0 0 0 0 0
"бумажку" 0 0.01505661286437 0 0.00361886150617016 0 0 0 0
"бури" 0.00623227696238821 0 0 0 0.00254084406839952 0 0.00932371954251616 0
"бурмистр" 0.0186968308871646 0 0 0 0 0 0 0
"бытия" 0 0 0 0 0.00762253220519857 0 0.00310790651417205 0.0103140632252076
"бьет" 0.00623227696238821 0 0 0 0.00508168813679904 0.00768078651253888 0 0
"важная" 0 0 0.00275580786507565 0.00361886150617016 0 0.00384039325626944 0.00932371954251616 0
"важное" 0 0 0 0 0 0.00384039325626944 0.0155395325708603 0
"важность" 0.0031161384811941 0.00301132257287401 0 0.00361886150617016 0 0.00384039325626944 0.00621581302834411 0
"вдвоем" 0 0 0.0110232314603026 0.00361886150617016 0.00254084406839952 0 0 0
"веди" 0.0155806924059705 0 0 0 0 0.00384039325626944 0 0
"ведьмы" 0 0 0 0 0.00254084406839952 0.0192019662813472 0 0
"веки" 0 0 0 0 0.00762253220519857 0.00384039325626944 0.00621581302834411 0
"велика" 0.0031161384811941 0.00301132257287401 0.00275580786507565 0.00361886150617016 0.00254084406839952 0 0.00310790651417205 0
"верх" 0 0 0 0.00361886150617016 0.00254084406839952 0.0115211797688083 0 0.00515703161260378
"вершины" 0 0 0 0 0.0127042203419976 0 0.00310790651417205 0
"вечным" 0 0 0.00275580786507565 0.00361886150617016 0.00254084406839952 0 0.00932371954251616 0
"взгляда" 0 0.012045290291496 0 0.00361886150617016 0 0 0.00310790651417205 0
"взяв" 0 0.00301132257287401 0.0110232314603026 0 0.00254084406839952 0 0 0
"взялся" 0 0.00301132257287401 0.00275580786507565 0.00361886150617016 0 0 0 0.0154710948378114
"видались" 0.0031161384811941 0.00301132257287401 0.00275580786507565 0.00361886150617016 0.00254084406839952 0 0 0.00515703161260378
"видны" 0 0 0.00275580786507565 0 0 0 0.00310790651417205 0.0206281264504151
"визит" 0 0.00903396771862202 0.00551161573015129 0 0 0.00384039325626944 0 0
"визиты" 0 0 0.0165348471904539 0 0 0 0 0
"висит" 0.0031161384811941 0 0 0.00361886150617016 0.00508168813679904 0.00384039325626944 0.00310790651417205 0
"вицмундир" 0 0 0.0137790393253782 0.00361886150617016 0 0 0 0
"вицмундире" 0 0.00602264514574801 0.00551161573015129 0.00723772301234032 0 0 0 0
"вмиг" 0.0031161384811941 0 0 0.0108565845185105 0.00254084406839952 0.00384039325626944 0 0
"внятно" 0 0.00602264514574801 0.00275580786507565 0 0.00254084406839952 0 0.00621581302834411 0
"водку" 0.0031161384811941 0.00301132257287401 0.00275580786507565 0.00361886150617016 0.00254084406839952 0.00384039325626944 0 0
"возраст" 0 0.00301132257287401 0.00275580786507565 0.00361886150617016 0.00254084406839952 0 0 0.0103140632252076
"возьмет" 0 0.00903396771862202 0 0.00361886150617016 0.00254084406839952 0 0 0.00515703161260378
"возьмешь" 0.00934841544358231 0 0.00275580786507565 0 0 0.00768078651253888 0 0
"войдя" 0.0031161384811941 0.00301132257287401 0.00826742359522694 0 0.00254084406839952 0 0 0
"волги" 0 0 0 0.00361886150617016 0 0 0 0.0257851580630189
"волею" 0 0 0 0 0.00254084406839952 0.00384039325626944 0.00621581302834411 0.0103140632252076
"волы" 0 0 0 0 0 0.0230423595376167 0 0
"вопроса" 0 0 0.00275580786507565 0.00723772301234032 0.00254084406839952 0.00384039325626944 0.00310790651417205 0
"вопросами" 0 0.00301132257287401 0 0.0108565845185105 0 0 0.00310790651417205 0.00515703161260378
"вор" 0.0031161384811941 0.00903396771862202 0 0 0.00508168813679904 0 0 0
"восемь" 0 0.00602264514574801 0 0 0 0 0 0.0206281264504151
"воспоминания" 0 0 0.00275580786507565 0 0.00508168813679904 0 0.00932371954251616 0
"восторга" 0.0031161384811941 0 0 0 0.00508168813679904 0 0.00932371954251616 0
"врагами" 0 0 0 0 0.0152450644103971 0 0 0
"вспомнив" 0 0.00301132257287401 0.00275580786507565 0.00361886150617016 0.00508168813679904 0.00384039325626944 0 0
"вставай" 0.00623227696238821 0 0 0 0.00508168813679904 0.00768078651253888 0 0
"встреча" 0.00934841544358231 0.00301132257287401 0 0 0 0.00384039325626944 0.00310790651417205 0
"встречаются" 0 0 0 0.00361886150617016 0 0 0.0155395325708603 0
"встрече" 0.00623227696238821 0.00301132257287401 0 0 0.00508168813679904 0 0.00310790651417205 0
"встречи" 0 0.00602264514574801 0 0 0.0101633762735981 0 0 0
"вступил" 0.00934841544358231 0.00301132257287401 0 0 0 0.00384039325626944 0.00310790651417205 0
"всяким" 0.00934841544358231 0 0.00551161573015129 0 0 0 0.00310790651417205 0
"вторых" 0 0.00903396771862202 0.00275580786507565 0 0 0 0.00621581302834411 0
"выбежала" 0.00934841544358231 0 0 0 0 0.0115211797688083 0 0
"вывороченном" 0 0 0 0 0 0.0230423595376167 0 0
"выдумали" 0 0 0.00275580786507565 0.0108565845185105 0 0.00384039325626944 0.00310790651417205 0
"выражало" 0.00623227696238821 0 0.00275580786507565 0.00361886150617016 0.00254084406839952 0 0 0.00515703161260378
"выразить" 0.0031161384811941 0 0.00275580786507565 0 0 0.00384039325626944 0.00932371954251616 0
"высокое" 0 0 0 0 0.00254084406839952 0 0.0124316260566882 0.00515703161260378
"вяжи" 0.0186968308871646 0 0 0 0 0 0 0
"гармонии" 0 0 0 0 0 0 0.0186474390850323 0
"героя" 0 0.00301132257287401 0.00275580786507565 0 0.00508168813679904 0 0.00310790651417205 0.00515703161260378
"гибели" 0 0 0 0 0.00508168813679904 0 0.00310790651417205 0.0154710948378114
"главы" 0 0 0.00275580786507565 0 0.00508168813679904 0 0.00310790651417205 0.0103140632252076
"глазу" 0 0.00602264514574801 0.00826742359522694 0 0 0.00384039325626944 0 0
"глубокую" 0.0031161384811941 0.00301132257287401 0.00275580786507565 0.00361886150617016 0.00254084406839952 0 0.00310790651417205 0
"глуп" 0 0 0.0110232314603026 0.00361886150617016 0 0 0 0.00515703161260378
"глупости" 0 0.00301132257287401 0.00826742359522694 0.00361886150617016 0 0 0.00310790651417205 0
"глухой" 0.0031161384811941 0.00301132257287401 0 0 0 0 0.00932371954251616 0.00515703161260378
"глядят" 0.0031161384811941 0 0 0 0.00254084406839952 0.0153615730250778 0 0
"гляжу" 0.0031161384811941 0 0.00275580786507565 0 0.00762253220519857 0.00384039325626944 0 0
"гоголь" 0 0 0.0137790393253782 0 0 0.00384039325626944 0 0
"голосу" 0 0.00301132257287401 0 0.0108565845185105 0.00508168813679904 0 0 0
"гора" 0.00934841544358231 0 0.00275580786507565 0 0.00254084406839952 0 0.00310790651417205 0
"горничной" 0 0.01505661286437 0.00275580786507565 0 0 0 0 0
"горничную" 0 0.018067935437244 0 0 0 0 0 0
"горшки" 0.00623227696238821 0 0 0 0 0.0115211797688083 0 0.00515703161260378
"государства" 0 0 0 0 0 0 0.0186474390850323 0
"гравер" 0 0.018067935437244 0 0 0 0 0 0
"грамоте" 0.00623227696238821 0 0 0 0.00508168813679904 0.00768078651253888 0 0
"граций" 0 0.018067935437244 0 0 0 0 0 0
"григорьевич" 0 0 0 0 0 0.0230423595376167 0 0
"грязь" 0 0.00301132257287401 0 0.00723772301234032 0.00254084406839952 0.00384039325626944 0.00310790651417205 0
"грязью" 0.00623227696238821 0 0 0 0.00508168813679904 0.00384039325626944 0.00310790651417205 0
"гулял" 0 0 0 0.00723772301234032 0 0.0153615730250778 0 0
"гусей" 0 0 0.00275580786507565 0.00361886150617016 0.00254084406839952 0.0115211797688083 0 0
"давят" 0.0155806924059705 0 0 0 0 0.00384039325626944 0 0
"дамы" 0 0.00903396771862202 0.00551161573015129 0 0 0 0.00310790651417205 0
"дворянин" 0 0.00602264514574801 0.00275580786507565 0.0108565845185105 0 0 0 0
"двум" 0.00623227696238821 0 0.00551161573015129 0 0.00254084406839952 0.00384039325626944 0 0
"девчонка" 0.0124645539247764 0 0.00551161573015129 0 0 0 0 0
"девяти" 0 0.01505661286437 0.00275580786507565 0 0 0 0 0
"дегтем" 0.0031161384811941 0 0.00826742359522694 0 0 0.00384039325626944 0.00310790651417205 0
"делаю" 0 0.00301132257287401 0 0.00723772301234032 0.00508168813679904 0.00384039325626944 0 0
"делить" 0.0031161384811941 0.00301132257287401 0 0 0.00762253220519857 0 0 0.00515703161260378
"дерзкий" 0 0.00301132257287401 0.00275580786507565 0 0.00762253220519857 0 0 0.00515703161260378
"дернула" 0.0031161384811941 0.00301132257287401 0.00275580786507565 0 0 0.00768078651253888 0 0.00515703161260378
"десятка" 0 0.00301132257287401 0 0 0 0.0153615730250778 0 0.00515703161260378
"детства" 0.00623227696238821 0.00903396771862202 0.00275580786507565 0 0 0 0 0
"детстве" 0 0.00602264514574801 0.00551161573015129 0 0.00254084406839952 0 0.00310790651417205 0
"детство" 0 0 0 0.021713169037021 0 0 0 0
"дианка" 0 0 0.0165348471904539 0 0 0 0 0
"димитриевича" 0 0 0 0 0 0 0 0.0309421896756227
"дно" 0.0031161384811941 0 0 0 0 0.00768078651253888 0.00932371954251616 0
"доброй" 0 0 0 0.0108565845185105 0.00762253220519857 0 0 0
"добром" 0.0031161384811941 0 0 0.00723772301234032 0 0.00384039325626944 0.00310790651417205 0.00515703161260378
"довольны" 0 0.012045290291496 0 0.00361886150617016 0 0 0 0.00515703161260378
"дона" 0 0 0 0 0 0 0 0.0309421896756227
"дорофей" 0.0186968308871646 0 0 0 0 0 0 0
"доску" 0.0124645539247764 0.00301132257287401 0 0 0 0 0.00310790651417205 0
"достигнуть" 0 0 0 0 0.00508168813679904 0 0.00932371954251616 0.00515703161260378
"достоинством" 0.0031161384811941 0.00602264514574801 0 0.00723772301234032 0.00254084406839952 0 0 0
"древности" 0 0.00301132257287401 0.00275580786507565 0 0.00508168813679904 0 0.00621581302834411 0
"дрожали" 0.0031161384811941 0.00602264514574801 0 0 0.00254084406839952 0.00384039325626944 0 0.00515703161260378
"душ" 0 0 0.0165348471904539 0 0 0 0 0
"душой" 0 0 0.00551161573015129 0.00361886150617016 0.00508168813679904 0 0 0.00515703161260378
"дюжий" 0.00623227696238821 0 0.00275580786507565 0 0.00254084406839952 0.00768078651253888 0 0
"дяденька" 0 0 0.0137790393253782 0.00361886150617016 0 0 0 0
"егору" 0 0 0 0.021713169037021 0 0 0 0
"едешь" 0 0.00301132257287401 0.00275580786507565 0 0.00762253220519857 0 0 0.00515703161260378
"единственный" 0 0.00301132257287401 0.00551161573015129 0 0 0 0.00932371954251616 0
"еле" 0.00623227696238821 0 0.00275580786507565 0.0108565845185105 0 0 0 0
"ем" 0.0031161384811941 0 0.0110232314603026 0.00361886150617016 0 0 0 0
"жалобу" 0.0124645539247764 0 0 0.00361886150617016 0.00254084406839952 0 0 0
"жалованье" 0 0 0.0165348471904539 0 0 0 0 0
"жалости" 0.0031161384811941 0.00602264514574801 0 0.00361886150617016 0 0.00384039325626944 0 0.00515703161260378
"жаром" 0 0.00602264514574801 0 0 0.00254084406839952 0 0.00621581302834411 0.00515703161260378
"ждал" 0.0031161384811941 0.00301132257287401 0 0.00361886150617016 0.00254084406839952 0 0 0.0103140632252076
"желает" 0 0.00301132257287401 0.00826742359522694 0 0.00254084406839952 0 0 0.00515703161260378
"железом" 0 0 0 0 0.00254084406839952 0.00384039325626944 0 0.0206281264504151
"жене" 0.00623227696238821 0 0.00275580786507565 0 0.00508168813679904 0.00384039325626944 0 0
"женихов" 0 0.00301132257287401 0.00826742359522694 0 0 0.00768078651253888 0 0
"женщиной" 0 0.00903396771862202 0 0.0108565845185105 0 0 0 0
"жив" 0 0.00301132257287401 0.00551161573015129 0 0.00508168813679904 0 0 0.00515703161260378
"живого" 0.00934841544358231 0 0.00551161573015129 0 0 0 0.00310790651417205 0
"живое" 0 0.00602264514574801 0.00275580786507565 0 0 0 0.00932371954251616 0
"живот" 0 0.00301132257287401 0 0.00723772301234032 0.00254084406839952 0.00384039325626944 0 0.00515703161260378
"живы" 0.00934841544358231 0 0 0 0.00254084406839952 0.00384039325626944 0.00310790651417205 0
"журавли" 0.0186968308871646 0 0 0 0 0 0 0
"заботы" 0 0 0 0.0108565845185105 0.00254084406839952 0 0 0.0103140632252076
"завести" 0 0 0 0.00723772301234032 0.00508168813679904 0 0.00621581302834411 0
"заговорили" 0.0124645539247764 0 0.00275580786507565 0 0 0.00384039325626944 0 0
"задача" 0 0.00602264514574801 0 0.00723772301234032 0 0 0.00621581302834411 0
"заклад" 0.00623227696238821 0 0 0 0 0.0153615730250778 0 0
"закона" 0 0 0 0.00723772301234032 0.00254084406839952 0 0.00621581302834411 0.00515703161260378
"законов" 0 0 0 0 0 0 0.0155395325708603 0.00515703161260378
"закрыла" 0.00623227696238821 0.00301132257287401 0.00551161573015129 0 0.00254084406839952 0 0 0
"зале" 0 0 0.00826742359522694 0.00361886150617016 0 0 0.00621581302834411 0
"замечали" 0.00934841544358231 0 0.00551161573015129 0.00361886150617016 0 0 0 0
"замыслы" 0 0 0 0 0.0101633762735981 0 0.00621581302834411 0
"занятий" 0 0.00301132257287401 0 0.00723772301234032 0 0 0.00932371954251616 0
"засмеялись" 0.00623227696238821 0 0.00275580786507565 0.00723772301234032 0 0 0 0.00515703161260378
"засмеялся" 0 0 0.00275580786507565 0.0144754460246806 0 0.00384039325626944 0 0
"заставили" 0.0031161384811941 0.00301132257287401 0.00275580786507565 0 0 0.00768078651253888 0.00310790651417205 0
"захотелось" 0.0031161384811941 0.00602264514574801 0 0.00723772301234032 0 0 0.00310790651417205 0
"защитить" 0 0 0 0 0.00508168813679904 0 0 0.0206281264504151
"звука" 0.0031161384811941 0.00301132257287401 0 0.00723772301234032 0.00254084406839952 0 0.00310790651417205 0
"зданий" 0 0 0 0 0 0 0.0186474390850323 0
"здешнего" 0 0 0.0110232314603026 0 0.00508168813679904 0 0 0
"зевнул" 0.0186968308871646 0 0 0 0 0 0 0
"земной" 0 0 0.00551161573015129 0 0 0 0.0124316260566882 0
"земные" 0 0 0.00275580786507565 0 0.00254084406839952 0 0.00310790651417205 0.0154710948378114
"злоба" 0 0.00602264514574801 0.00551161573015129 0 0 0 0.00310790651417205 0.00515703161260378
"значило" 0 0 0 0.00723772301234032 0.00254084406839952 0.0115211797688083 0 0
"зовет" 0.0031161384811941 0 0 0 0.00762253220519857 0 0.00621581302834411 0
"зови" 0.0124645539247764 0 0 0 0.00508168813679904 0 0 0
"зовут" 0.00623227696238821 0.00301132257287401 0.00275580786507565 0.00361886150617016 0 0.00384039325626944 0 0
"играют" 0 0 0.00551161573015129 0.00361886150617016 0.00508168813679904 0 0.00310790651417205 0
"идя" 0 0.00301132257287401 0.0137790393253782 0 0 0 0 0
"известную" 0 0.00903396771862202 0.00275580786507565 0 0 0 0.00621581302834411 0
"известным" 0 0.00903396771862202 0.00275580786507565 0.00361886150617016 0.00254084406839952 0 0 0
"изволь" 0.0031161384811941 0 0.0137790393253782 0 0 0 0 0
"изменил" 0 0.00301132257287401 0 0 0.00508168813679904 0 0 0.0154710948378114
"изумления" 0 0 0 0 0.00762253220519857 0.00768078651253888 0.00310790651417205 0
"имение" 0 0.00602264514574801 0.00275580786507565 0 0 0 0.00932371954251616 0
"иного" 0 0.00301132257287401 0 0 0.00762253220519857 0.00384039325626944 0 0.00515703161260378
"инстинкту" 0 0 0 0.00723772301234032 0 0 0.0124316260566882 0
"инструмент" 0 0 0 0.00361886150617016 0 0.00768078651253888 0.00621581302834411 0.00515703161260378
"иных" 0 0 0 0.0108565845185105 0.00254084406839952 0.00384039325626944 0.00310790651417205 0
"искусством" 0 0.00903396771862202 0 0 0 0 0.00932371954251616 0
"испугался" 0 0.00602264514574801 0.00551161573015129 0.00361886150617016 0 0 0 0.00515703161260378
"истинный" 0.0031161384811941 0.00301132257287401 0.00275580786507565 0 0 0 0.00932371954251616 0
"исчезли" 0.00934841544358231 0.00301132257287401 0 0 0 0.00384039325626944 0.00310790651417205 0
"каждому" 0 0.00602264514574801 0.00275580786507565 0 0.00254084406839952 0 0.00621581302834411 0
"какова" 0.0031161384811941 0.00301132257287401 0.00275580786507565 0 0.00508168813679904 0 0 0.00515703161260378
"калиновичем" 0 0 0.0165348471904539 0 0 0 0 0
"карие" 0.0031161384811941 0.00301132257287401 0 0 0 0.0153615730250778 0 0
"кармана" 0 0.00602264514574801 0.00275580786507565 0 0.00254084406839952 0.00384039325626944 0.00310790651417205 0
"кармане" 0.0031161384811941 0.00301132257287401 0 0 0.00508168813679904 0.00768078651253888 0 0
"катятся" 0 0 0 0 0.0127042203419976 0 0.00310790651417205 0
"качестве" 0.00623227696238821 0 0.00551161573015129 0.00361886150617016 0.00254084406839952 0 0 0
"каши" 0.0031161384811941 0 0 0.0144754460246806 0 0.00384039325626944 0 0
"клики" 0 0 0 0 0.00508168813679904 0 0 0.0206281264504151
"книгами" 0 0 0.00551161573015129 0.00723772301234032 0 0 0.00310790651417205 0.00515703161260378
"книжку" 0.0031161384811941 0 0.0110232314603026 0 0 0.00384039325626944 0 0
"коварство" 0 0 0 0 0.00254084406839952 0 0.00932371954251616 0.0103140632252076
"комиссара" 0 0 0 0 0 0.0230423595376167 0 0
"кончилась" 0 0 0.00275580786507565 0.00723772301234032 0.00254084406839952 0 0.00621581302834411 0
"кончилось" 0.0031161384811941 0.00301132257287401 0 0 0.00254084406839952 0.00384039325626944 0.00621581302834411 0
"корзинку" 0 0.018067935437244 0 0 0 0 0 0
"корову" 0.0124645539247764 0 0 0 0.00254084406839952 0.00384039325626944 0 0
"кошка" 0 0 0 0 0 0.0192019662813472 0 0.00515703161260378
"крайности" 0.0031161384811941 0.00903396771862202 0 0 0.00254084406839952 0.00384039325626944 0 0
"краска" 0.0031161384811941 0 0 0.00723772301234032 0 0.00384039325626944 0.00621581302834411 0
"красной" 0.00623227696238821 0.00301132257287401 0.00275580786507565 0.00361886150617016 0.00254084406839952 0 0 0
"красными" 0 0.00602264514574801 0 0 0 0.0153615730250778 0 0
"красоты" 0 0.00301132257287401 0.00551161573015129 0 0.00254084406839952 0 0.00621581302834411 0
"кровавые" 0 0 0 0 0.00762253220519857 0 0.00932371954251616 0
"кровлею" 0 0.00903396771862202 0 0 0.00508168813679904 0 0.00310790651417205 0
"кулак" 0 0.00301132257287401 0.00275580786507565 0.00723772301234032 0 0.00768078651253888 0 0
"куплю" 0.0031161384811941 0 0 0 0 0.00384039325626944 0.0124316260566882 0
"курс" 0 0 0.00826742359522694 0.0108565845185105 0 0 0 0
"кухню" 0 0.00301132257287401 0.00826742359522694 0.00723772301234032 0 0 0 0
"кучами" 0 0 0 0 0 0.0192019662813472 0 0.00515703161260378
"ладонь" 0.00623227696238821 0.00301132257287401 0 0.00723772301234032 0 0 0 0.00515703161260378
"лакея" 0 0.00903396771862202 0.00275580786507565 0.00723772301234032 0 0 0 0
"ласки" 0 0 0.00275580786507565 0 0.00762253220519857 0 0.00310790651417205 0.00515703161260378
"легкие" 0 0.00301132257287401 0 0.0108565845185105 0.00254084406839952 0.00384039325626944 0 0
"легли" 0 0 0 0.00723772301234032 0.00762253220519857 0.00384039325626944 0 0
"лежат" 0 0 0.00275580786507565 0 0.00762253220519857 0 0.00310790651417205 0.00515703161260378
"лета" 0 0.00301132257287401 0.00275580786507565 0 0.00254084406839952 0.00384039325626944 0 0.0103140632252076
"летит" 0 0 0 0.0144754460246806 0.00508168813679904 0 0 0
"летом" 0.0031161384811941 0 0.00275580786507565 0.00361886150617016 0.00254084406839952 0 0 0.0103140632252076
"лету" 0 0.00301132257287401 0 0.00361886150617016 0.00762253220519857 0.00384039325626944 0 0
"линии" 0 0 0 0.00723772301234032 0.0101633762735981 0 0 0
"листьев" 0.00934841544358231 0 0 0.00361886150617016 0 0.00384039325626944 0.00310790651417205 0
"лично" 0 0.00301132257287401 0 0.00723772301234032 0.00762253220519857 0 0 0
"личность" 0 0.01505661286437 0 0.00361886150617016 0 0 0 0
"ловкий" 0.0031161384811941 0.00301132257287401 0.00275580786507565 0.00723772301234032 0.00254084406839952 0 0 0
"любим" 0 0 0 0.00723772301234032 0.00508168813679904 0 0.00621581302834411 0
"любопытно" 0 0.00301132257287401 0.00551161573015129 0 0.00508168813679904 0 0.00310790651417205 0
"любопытный" 0.0124645539247764 0 0 0 0 0.00384039325626944 0 0.00515703161260378
"маленькие" 0 0.00903396771862202 0.00551161573015129 0.00361886150617016 0 0 0 0
"маленькое" 0 0.00602264514574801 0.00826742359522694 0 0 0.00384039325626944 0 0
"маленькую" 0 0.00903396771862202 0 0.00361886150617016 0 0 0.00310790651417205 0.00515703161260378
"мамка" 0.0124645539247764 0 0 0.00361886150617016 0.00254084406839952 0 0 0
"масло" 0.0031161384811941 0 0.00275580786507565 0 0.00254084406839952 0.00768078651253888 0.00310790651417205 0
"мачеха" 0 0 0 0 0.00254084406839952 0.0192019662813472 0 0
"меду" 0 0 0 0 0 0.0115211797688083 0 0.0154710948378114
"меж" 0 0.012045290291496 0 0 0 0.00384039325626944 0.00310790651417205 0
"мелкие" 0 0 0 0.0108565845185105 0 0.00384039325626944 0.00621581302834411 0
"мельнице" 0.00934841544358231 0 0 0.0108565845185105 0 0 0 0
"мертвого" 0 0 0.00275580786507565 0 0.00254084406839952 0 0.00932371954251616 0.00515703161260378
"меры" 0 0 0.0137790393253782 0 0 0 0.00310790651417205 0
"мечети" 0 0 0 0 0.0152450644103971 0 0 0
"мечи" 0 0 0 0 0.00254084406839952 0 0.00621581302834411 0.0154710948378114
"мешков" 0 0.00602264514574801 0 0 0 0.0153615730250778 0 0
"мигом" 0.0031161384811941 0.00301132257287401 0 0 0.00762253220519857 0.00384039325626944 0 0
"милой" 0 0 0.00275580786507565 0 0.0127042203419976 0 0 0
"мину" 0 0.00903396771862202 0.00551161573015129 0.00361886150617016 0 0 0 0
"митрополита" 0 0 0 0 0 0 0 0.0309421896756227
"молитве" 0 0 0.00275580786507565 0 0.00762253220519857 0 0 0.0103140632252076
"молнии" 0 0.00301132257287401 0 0 0.00508168813679904 0.00768078651253888 0.00310790651417205 0
"молния" 0 0 0 0 0.0101633762735981 0 0 0.0103140632252076
"молодому" 0.0031161384811941 0.00903396771862202 0.00275580786507565 0.00361886150617016 0 0 0 0
"молодую" 0 0.00602264514574801 0 0.00723772301234032 0 0.00768078651253888 0 0
"молчит" 0 0 0 0.00723772301234032 0.00254084406839952 0.00384039325626944 0.00310790651417205 0.00515703161260378
"мрак" 0.00934841544358231 0 0 0.00361886150617016 0 0.00768078651253888 0 0
"мраке" 0 0.00301132257287401 0 0 0.00508168813679904 0.00768078651253888 0 0.00515703161260378
"мрачный" 0 0 0.00275580786507565 0.0108565845185105 0.00254084406839952 0 0 0.00515703161260378
"мужей" 0 0.00301132257287401 0.00275580786507565 0 0.00254084406839952 0 0.00621581302834411 0.00515703161260378
"мужиками" 0.0155806924059705 0 0.00275580786507565 0 0 0 0 0
"мужчин" 0.0031161384811941 0.00903396771862202 0.00275580786507565 0 0.00254084406839952 0 0 0
"муки" 0 0 0 0 0.00508168813679904 0.00384039325626944 0.00932371954251616 0
"набат" 0 0 0 0 0 0 0 0.0309421896756227
"набег" 0 0 0 0 0.0152450644103971 0 0 0
"наблюдения" 0 0.00301132257287401 0 0 0 0.00384039325626944 0.0124316260566882 0
"набок" 0.00623227696238821 0 0.00551161573015129 0 0 0.00768078651253888 0 0
"навес" 0.0155806924059705 0 0 0 0.00254084406839952 0 0 0
"назваться" 0 0.01505661286437 0 0 0 0 0.00310790651417205 0
"называет" 0 0.00602264514574801 0 0 0.00762253220519857 0 0.00310790651417205 0
"называл" 0.0031161384811941 0 0.00826742359522694 0.00361886150617016 0 0.00384039325626944 0 0
"написала" 0 0.00602264514574801 0.00551161573015129 0.00723772301234032 0 0 0 0
"написан" 0 0.00301132257287401 0.00551161573015129 0 0 0 0.00932371954251616 0
"напиши" 0 0.00301132257287401 0.00275580786507565 0 0 0 0 0.0206281264504151
"наслаждения" 0 0.00602264514574801 0 0 0.00254084406839952 0 0.00932371954251616 0
"настоятель" 0 0 0.0165348471904539 0 0 0 0 0
"настоящего" 0 0.00602264514574801 0.00275580786507565 0 0.00508168813679904 0 0.00310790651417205 0
"настоящей" 0.0031161384811941 0.00903396771862202 0 0 0.00254084406839952 0 0.00310790651417205 0
"наступил" 0 0 0.00551161573015129 0.00361886150617016 0 0.00384039325626944 0.00621581302834411 0
"натуры" 0 0.00602264514574801 0 0.0144754460246806 0 0 0 0
"начинали" 0.00934841544358231 0.00301132257287401 0.00275580786507565 0 0 0 0.00310790651417205 0
"нашла" 0 0.00903396771862202 0 0.00361886150617016 0.00254084406839952 0.00384039325626944 0 0
"наяву" 0 0 0 0 0.0101633762735981 0.00768078651253888 0 0
"небесный" 0 0 0.00551161573015129 0 0.00254084406839952 0.00384039325626944 0.00310790651417205 0.00515703161260378
"невдалеке" 0 0 0.00551161573015129 0 0.00762253220519857 0 0.00310790651417205 0
"невесте" 0 0 0 0 0.0152450644103971 0 0 0
"невыносимо" 0 0.00301132257287401 0.00275580786507565 0.0144754460246806 0 0 0 0
"недоверчиво" 0.0031161384811941 0.00903396771862202 0 0 0.00508168813679904 0 0 0
"недоумением" 0 0.00903396771862202 0 0.0108565845185105 0 0 0 0
"некоматова" 0 0 0 0 0 0 0 0.0309421896756227
"некоторыми" 0 0 0 0.00361886150617016 0 0 0.0124316260566882 0.00515703161260378
"необходимые" 0 0.00602264514574801 0 0.00361886150617016 0 0 0.00932371954251616 0
"неохотно" 0 0.00301132257287401 0.00275580786507565 0.00723772301234032 0.00254084406839952 0.00384039325626944 0 0
"непосредственно" 0.0031161384811941 0.00301132257287401 0 0.00361886150617016 0 0 0.00932371954251616 0
"нервно" 0 0.018067935437244 0 0 0 0 0 0
"нетрудно" 0 0.00602264514574801 0.00275580786507565 0.0108565845185105 0 0 0 0
"никифоровна" 0 0 0.00275580786507565 0 0 0.0192019662813472 0 0
"никуда" 0 0.00602264514574801 0.00826742359522694 0.00361886150617016 0 0 0 0
"новом" 0 0 0.00826742359522694 0.00723772301234032 0 0 0.00310790651417205 0
"новому" 0 0 0.00826742359522694 0.00361886150617016 0.00254084406839952 0 0.00310790651417205 0
"новыми" 0 0 0 0 0.0101633762735981 0.00384039325626944 0.00310790651417205 0
"ноты" 0 0 0 0.0180943075308508 0 0 0.00310790651417205 0
"нравственные" 0 0 0 0.00361886150617016 0 0 0.0155395325708603 0
"нравственных" 0 0.012045290291496 0 0 0 0 0.00621581302834411 0
"нуждается" 0.0031161384811941 0 0.00551161573015129 0.00361886150617016 0 0 0.00310790651417205 0.00515703161260378
"нынешние" 0 0 0.0110232314603026 0 0.00254084406839952 0 0.00310790651417205 0
"обидеть" 0 0.00301132257287401 0 0.00723772301234032 0.00254084406839952 0.00384039325626944 0 0.00515703161260378
"обидно" 0.00623227696238821 0 0.00551161573015129 0.00361886150617016 0.00254084406839952 0 0 0
"образа" 0 0 0.00551161573015129 0.00361886150617016 0 0 0.00932371954251616 0
"образами" 0.00934841544358231 0 0.00275580786507565 0 0.00254084406839952 0 0 0.00515703161260378
"образе" 0 0 0.00275580786507565 0 0 0.00384039325626944 0.0124316260566882 0
"образования" 0 0.00301132257287401 0.00551161573015129 0.00361886150617016 0.00508168813679904 0 0 0
"обратила" 0 0.00301132257287401 0.00826742359522694 0.00361886150617016 0 0 0.00310790651417205 0
"обратилось" 0.0031161384811941 0.00301132257287401 0 0 0.00254084406839952 0.00384039325626944 0.00621581302834411 0
"обросимовке" 0 0 0 0.021713169037021 0 0 0 0
"обросимовых" 0 0 0 0.021713169037021 0 0 0 0
"общие" 0 0.00301132257287401 0 0 0 0 0.0155395325708603 0
"обыкновенного" 0 0.00301132257287401 0.00826742359522694 0 0.00254084406839952 0 0.00310790651417205 0
"обычаю" 0 0.00301132257287401 0 0 0.0127042203419976 0 0 0
"обычное" 0.0031161384811941 0.00903396771862202 0 0 0.00508168813679904 0 0 0
"огляделся" 0 0 0 0.0108565845185105 0.00254084406839952 0.00384039325626944 0 0.00515703161260378
"одиночества" 0 0.00301132257287401 0 0.0144754460246806 0 0 0.00310790651417205 0
"окаянный" 0.00623227696238821 0 0 0 0 0 0 0.0206281264504151
"океан" 0 0 0 0.00723772301234032 0.00254084406839952 0.00768078651253888 0 0.00515703161260378
"окон" 0.00623227696238821 0.00903396771862202 0 0 0.00254084406839952 0 0 0
"окрестных" 0.0031161384811941 0 0 0 0.00762253220519857 0.00384039325626944 0 0.00515703161260378
"орде" 0 0 0 0 0 0 0 0.0309421896756227
"оружием" 0 0 0 0 0.00762253220519857 0 0.00310790651417205 0.0103140632252076
"оскорбленного" 0.0031161384811941 0.00602264514574801 0 0.00361886150617016 0 0 0.00621581302834411 0
"особа" 0 0.01505661286437 0.00275580786507565 0 0 0 0 0
"остальных" 0.0031161384811941 0.00301132257287401 0 0 0.00508168813679904 0 0.00621581302834411 0
"останешься" 0.0031161384811941 0 0 0 0.00762253220519857 0.00384039325626944 0.00310790651417205 0
"остатки" 0 0 0.00275580786507565 0 0 0 0.0124316260566882 0.00515703161260378
"остаток" 0.00623227696238821 0.00301132257287401 0 0 0.00508168813679904 0 0.00310790651417205 0
"ответом" 0 0.00903396771862202 0 0 0.00254084406839952 0.00384039325626944 0.00310790651417205 0
"отдавая" 0.0031161384811941 0.00602264514574801 0 0 0.00254084406839952 0.00384039325626944 0.00310790651417205 0
"отдается" 0 0.00301132257287401 0.00275580786507565 0 0 0.00384039325626944 0.00932371954251616 0
"отдохнуть" 0 0 0.00275580786507565 0 0.00508168813679904 0.0115211797688083 0 0
"откровенность" 0 0 0 0.021713169037021 0 0 0 0
"открылся" 0 0.00301132257287401 0 0.00361886150617016 0.00508168813679904 0 0 0.0103140632252076
"открыто" 0 0 0.00551161573015129 0.00723772301234032 0.00508168813679904 0 0 0
"относился" 0 0.00301132257287401 0.00275580786507565 0.0144754460246806 0 0 0 0
"относительно" 0 0.00903396771862202 0 0.0108565845185105 0 0 0 0
"отношениях" 0.0031161384811941 0.00301132257287401 0.00275580786507565 0.0108565845185105 0 0 0 0
"отныне" 0 0.00301132257287401 0 0 0.0127042203419976 0 0 0
"отправилась" 0 0.00602264514574801 0.00826742359522694 0 0 0.00384039325626944 0 0
"отцы" 0.00623227696238821 0 0.00275580786507565 0 0.00254084406839952 0.00384039325626944 0.00310790651417205 0
"охватило" 0 0 0.00275580786507565 0.0144754460246806 0.00254084406839952 0 0 0
"охотники" 0 0.00301132257287401 0 0 0.0101633762735981 0 0 0.00515703161260378
"очнувшись" 0.0031161384811941 0.00301132257287401 0 0 0 0.0153615730250778 0 0
"ощущения" 0 0.00602264514574801 0 0 0 0 0.0124316260566882 0
"падает" 0 0 0 0 0.00762253220519857 0 0 0.0154710948378114
"падают" 0 0 0 0 0.00762253220519857 0 0.00310790651417205 0.0103140632252076
"падения" 0 0.00301132257287401 0 0 0.00762253220519857 0 0.00621581302834411 0
"пазуху" 0.00934841544358231 0 0 0.00361886150617016 0 0.00384039325626944 0 0.00515703161260378
"палец" 0 0 0 0.00723772301234032 0 0.0153615730250778 0 0
"паром" 0.00623227696238821 0 0 0 0 0.0153615730250778 0 0
"пары" 0 0 0.00275580786507565 0 0.00254084406839952 0.00384039325626944 0.00932371954251616 0
"перебирая" 0 0.00301132257287401 0 0.00361886150617016 0 0.00384039325626944 0.00310790651417205 0.0103140632252076
"перевести" 0.00623227696238821 0.00301132257287401 0 0 0.00254084406839952 0 0.00621581302834411 0
"перестал" 0.00623227696238821 0 0.00275580786507565 0.00361886150617016 0.00254084406839952 0.00384039325626944 0 0
"персии" 0 0 0 0 0.00762253220519857 0 0 0.0154710948378114
"петербурга" 0 0.00602264514574801 0.0110232314603026 0 0 0 0 0
"петербургской" 0 0.01505661286437 0 0.00361886150617016 0 0 0 0
"петром" 0 0 0.0137790393253782 0 0 0.00384039325626944 0 0
"печку" 0.0124645539247764 0 0.00551161573015129 0 0 0 0 0
"писали" 0.0031161384811941 0.00301132257287401 0.00275580786507565 0.00361886150617016 0.00254084406839952 0 0 0.00515703161260378
"писаря" 0 0 0 0 0 0.0230423595376167 0 0
"пишу" 0 0 0.00826742359522694 0.00361886150617016 0.00254084406839952 0 0 0.00515703161260378
"племя" 0 0 0 0 0.00254084406839952 0.0192019662813472 0 0
"плеча" 0 0 0 0.00723772301234032 0.00762253220519857 0.00384039325626944 0 0
"плотно" 0 0.00301132257287401 0.00826742359522694 0.00723772301234032 0 0 0 0
"повалился" 0.00934841544358231 0 0 0 0 0.0115211797688083 0 0
"поведет" 0 0 0 0.00723772301234032 0 0.0115211797688083 0.00310790651417205 0
"поверишь" 0 0 0 0.00361886150617016 0.00762253220519857 0.00384039325626944 0 0.00515703161260378
"повидаться" 0.0031161384811941 0.00602264514574801 0.00275580786507565 0.00723772301234032 0 0 0 0
"повода" 0 0.00301132257287401 0 0 0.0127042203419976 0 0 0
"поворотил" 0 0 0.00826742359522694 0 0.00762253220519857 0 0 0
"поворотом" 0.00623227696238821 0.00602264514574801 0 0 0.00508168813679904 0 0 0
"поглядь" 0.0186968308871646 0 0 0 0 0 0 0
"погода" 0.00934841544358231 0 0 0.00723772301234032 0.00254084406839952 0 0 0
"погубить" 0.00623227696238821 0 0 0 0.00254084406839952 0 0.00310790651417205 0.0103140632252076
"погулять" 0.00623227696238821 0.00301132257287401 0.00275580786507565 0.00361886150617016 0 0.00384039325626944 0 0
"подали" 0.00934841544358231 0.00301132257287401 0.00275580786507565 0.00361886150617016 0 0 0 0
"подводы" 0.0155806924059705 0 0 0 0.00254084406839952 0 0 0
"подлость" 0 0 0 0.0180943075308508 0 0 0.00310790651417205 0
"подозрение" 0.00623227696238821 0.00301132257287401 0 0 0.00508168813679904 0 0.00310790651417205 0
"подумаешь" 0.00623227696238821 0 0.00275580786507565 0.00361886150617016 0.00254084406839952 0.00384039325626944 0 0
"подумала" 0 0.00602264514574801 0 0.00723772301234032 0 0.00768078651253888 0 0
"подушки" 0 0.00903396771862202 0 0 0.00508168813679904 0 0 0.00515703161260378
"поеду" 0 0.00301132257287401 0.00826742359522694 0.00361886150617016 0 0 0.00310790651417205 0
"поет" 0 0 0 0.00723772301234032 0.00508168813679904 0 0.00310790651417205 0.00515703161260378
"пожаловать" 0.0031161384811941 0.00301132257287401 0 0 0 0 0 0.0206281264504151
"познания" 0 0.00301132257287401 0 0.00361886150617016 0.00508168813679904 0 0.00621581302834411 0
"поймет" 0 0 0.00275580786507565 0.0108565845185105 0 0 0.00621581302834411 0
"показывал" 0.00623227696238821 0 0.00275580786507565 0 0 0.00384039325626944 0 0.0103140632252076
"показывали" 0.00623227696238821 0.00301132257287401 0 0 0 0.00384039325626944 0 0.0103140632252076
"покамест" 0 0 0 0 0 0.0230423595376167 0 0
"покачал" 0.0031161384811941 0 0.00826742359522694 0.00361886150617016 0 0 0 0.00515703161260378
"поклоны" 0 0 0.00275580786507565 0.00723772301234032 0.00508168813679904 0 0.00310790651417205 0
"покою" 0 0 0 0 0.00254084406839952 0.0192019662813472 0 0
"полки" 0.00623227696238821 0 0 0 0.00508168813679904 0.00384039325626944 0 0.00515703161260378
"полковнику" 0 0 0 0 0.0152450644103971 0 0 0
"полная" 0 0.00301132257287401 0 0.00361886150617016 0.00254084406839952 0 0.00621581302834411 0.00515703161260378
"положения" 0 0.00903396771862202 0.00275580786507565 0.00723772301234032 0 0 0 0
"положила" 0.00623227696238821 0.00602264514574801 0 0.00723772301234032 0 0 0 0
"полоумный" 0.00623227696238821 0 0 0 0 0.0115211797688083 0 0.00515703161260378
"полуночи" 0 0.00301132257287401 0 0 0 0 0.00621581302834411 0.0154710948378114
"полушубка" 0.0186968308871646 0 0 0 0 0 0 0
"пользуются" 0 0.00301132257287401 0 0.00361886150617016 0.00508168813679904 0 0.00621581302834411 0
"полю" 0.00623227696238821 0 0 0.00361886150617016 0 0.0115211797688083 0 0
"помогать" 0 0 0 0 0.00508168813679904 0 0.00310790651417205 0.0154710948378114
"поможет" 0 0.00301132257287401 0.00275580786507565 0 0 0.0115211797688083 0.00310790651417205 0
"помолчав" 0 0 0.0137790393253782 0 0.00254084406839952 0 0 0
"понимают" 0 0.00301132257287401 0 0.00361886150617016 0 0 0.0124316260566882 0
"попался" 0.0031161384811941 0.00301132257287401 0 0.00361886150617016 0 0 0 0.0154710948378114
"пополам" 0 0.00301132257287401 0 0 0.00762253220519857 0 0.00310790651417205 0.00515703161260378
"поприще" 0 0.00301132257287401 0.00275580786507565 0.00361886150617016 0.00254084406839952 0 0.00621581302834411 0
"попросил" 0 0.00602264514574801 0.00275580786507565 0.00361886150617016 0 0 0 0.0103140632252076
"порядке" 0 0.012045290291496 0.00275580786507565 0 0 0 0.00310790651417205 0
"посередь" 0.0186968308871646 0 0 0 0 0 0 0
"последним" 0 0.00301132257287401 0.00551161573015129 0 0 0 0.00621581302834411 0.00515703161260378
"последовал" 0 0.00602264514574801 0.00551161573015129 0 0.00508168813679904 0 0 0
"послышались" 0.00934841544358231 0 0.00551161573015129 0 0 0.00384039325626944 0 0
"поспешил" 0.0031161384811941 0.00903396771862202 0.00275580786507565 0 0.00254084406839952 0 0 0
"посредине" 0 0 0.0110232314603026 0 0.00254084406839952 0 0.00310790651417205 0
"потребность" 0 0 0 0.00723772301234032 0 0 0.0124316260566882 0
"потягиваясь" 0.00934841544358231 0 0 0 0 0.00768078651253888 0.00310790651417205 0
"похожее" 0 0 0.00275580786507565 0.00361886150617016 0.00254084406839952 0.00768078651253888 0.00310790651417205 0
"поцеловала" 0 0.00301132257287401 0.00551161573015129 0.0108565845185105 0 0 0 0
"поцелуи" 0 0 0 0.0180943075308508 0 0.00384039325626944 0 0
"пошлю" 0.00934841544358231 0 0.00826742359522694 0 0 0 0 0
"появление" 0 0.00301132257287401 0.00551161573015129 0 0.00508168813679904 0.00384039325626944 0 0
"правды" 0 0.00301132257287401 0 0.00361886150617016 0.00254084406839952 0 0 0.0154710948378114
"предложение" 0 0.00602264514574801 0.00551161573015129 0 0 0.00384039325626944 0.00310790651417205 0
"предметом" 0 0 0.00275580786507565 0 0 0 0.0124316260566882 0.00515703161260378
"представлялась" 0 0.00903396771862202 0 0.00723772301234032 0 0 0.00310790651417205 0
"прежний" 0 0.00301132257287401 0.00551161573015129 0.00361886150617016 0.00254084406839952 0.00384039325626944 0 0
"презрительно" 0 0.012045290291496 0 0 0.00254084406839952 0 0 0.00515703161260378
"премудрость" 0 0 0 0 0 0 0.00310790651417205 0.0257851580630189
"преследует" 0 0 0 0.00723772301234032 0.00762253220519857 0 0 0.00515703161260378
"престол" 0 0 0 0 0 0 0.00310790651417205 0.0257851580630189
"преступлений" 0 0.00301132257287401 0 0 0 0 0.0155395325708603 0
"прибавить" 0 0.012045290291496 0 0 0 0 0.00310790651417205 0.00515703161260378
"привели" 0 0 0.00275580786507565 0.00361886150617016 0.00508168813679904 0 0.00310790651417205 0.00515703161260378
"привязал" 0.0124645539247764 0 0 0.00361886150617016 0.00254084406839952 0 0 0
"придешь" 0.0155806924059705 0 0 0 0 0.00384039325626944 0 0
"прийти" 0 0.00301132257287401 0.00826742359522694 0 0.00254084406839952 0 0 0.00515703161260378
"приличия" 0 0.012045290291496 0 0 0.00254084406839952 0 0.00310790651417205 0
"приложил" 0.0031161384811941 0 0.00551161573015129 0 0.00508168813679904 0 0.00310790651417205 0
"примером" 0 0 0 0 0.00254084406839952 0 0.0124316260566882 0.00515703161260378
"принимал" 0.00623227696238821 0 0.00275580786507565 0.00361886150617016 0 0.00768078651253888 0 0
"принуждены" 0 0 0 0 0.00508168813679904 0 0.0124316260566882 0
"приняв" 0 0.012045290291496 0.00551161573015129 0 0 0 0 0
"приобрести" 0.0031161384811941 0.00602264514574801 0 0.00361886150617016 0 0 0.00621581302834411 0
"приостановился" 0 0 0.0137790393253782 0 0 0.00384039325626944 0 0
"припомнил" 0.0031161384811941 0.00602264514574801 0 0.00361886150617016 0 0.00768078651253888 0 0
"прислушиваться" 0.00623227696238821 0.00301132257287401 0.00551161573015129 0.00361886150617016 0 0 0 0
"присутствия" 0 0.00301132257287401 0.0137790393253782 0 0 0 0 0
"присутствующие" 0.0155806924059705 0 0 0 0 0 0.00310790651417205 0
"приходили" 0 0.00903396771862202 0.00551161573015129 0.00361886150617016 0 0 0 0
"приходя" 0 0.00301132257287401 0.00826742359522694 0 0.00254084406839952 0 0.00310790651417205 0
"пробормотал" 0 0.00301132257287401 0.00826742359522694 0 0 0 0 0.0103140632252076
"провидение" 0 0 0 0 0.00254084406839952 0 0.0155395325708603 0
"проехали" 0 0 0 0.00361886150617016 0.00508168813679904 0.00384039325626944 0.00310790651417205 0.00515703161260378
"произошло" 0.00623227696238821 0.00602264514574801 0.00275580786507565 0 0.00254084406839952 0 0 0
"пронзительный" 0.00934841544358231 0 0 0 0.00254084406839952 0 0.00621581302834411 0
"пророк" 0 0 0.00275580786507565 0.00361886150617016 0.00254084406839952 0 0.00310790651417205 0.0103140632252076
"пророка" 0 0 0 0 0.00762253220519857 0 0 0.0154710948378114
"просвещения" 0 0 0 0 0 0 0.0186474390850323 0
"простите" 0 0 0.00275580786507565 0.0108565845185105 0.00254084406839952 0 0 0.00515703161260378
"просьбы" 0 0.00301132257287401 0.00826742359522694 0 0.00508168813679904 0 0 0
"протекли" 0 0 0 0 0.00254084406839952 0 0.0124316260566882 0.00515703161260378
"противоположных" 0 0.00301132257287401 0 0.00361886150617016 0.00508168813679904 0 0.00621581302834411 0
"протягивая" 0.00934841544358231 0 0.00275580786507565 0 0 0 0 0.0103140632252076
"протянул" 0 0 0.00275580786507565 0 0.00254084406839952 0.00768078651253888 0.00310790651417205 0.00515703161260378
"проходил" 0.00623227696238821 0 0.00826742359522694 0 0 0.00384039325626944 0 0
"проходят" 0 0 0 0.00361886150617016 0.00254084406839952 0 0.0124316260566882 0
"прочитав" 0 0 0.0110232314603026 0.00361886150617016 0.00254084406839952 0 0 0
"прошедшего" 0 0 0 0 0 0.00384039325626944 0.0124316260566882 0.00515703161260378
"прощу" 0 0.00301132257287401 0.0137790393253782 0 0 0 0 0
"пустая" 0 0 0.00551161573015129 0 0 0.00384039325626944 0.00310790651417205 0.0103140632252076
"пусти" 0.0124645539247764 0 0.00275580786507565 0 0 0.00384039325626944 0 0
"пустилась" 0.0124645539247764 0 0 0.00361886150617016 0 0.00384039325626944 0 0
"пустились" 0.00623227696238821 0 0 0 0.00254084406839952 0 0.00621581302834411 0.00515703161260378
"пустыне" 0 0.00602264514574801 0 0.00361886150617016 0.00508168813679904 0 0.00310790651417205 0
"путников" 0 0 0 0 0.0127042203419976 0.00384039325626944 0 0
"пылкий" 0 0.00301132257287401 0 0 0.0101633762735981 0 0.00310790651417205 0
"работа" 0.0031161384811941 0 0 0.0144754460246806 0.00254084406839952 0 0 0
"рады" 0.0031161384811941 0 0.00275580786507565 0.00361886150617016 0.00254084406839952 0.00384039325626944 0.00310790651417205 0
"разбежались" 0 0 0 0 0.00254084406839952 0.0153615730250778 0 0.00515703161260378
"разглядел" 0.00623227696238821 0 0 0.00361886150617016 0.00254084406839952 0.00768078651253888 0 0
"ральф" 0 0 0.0165348471904539 0 0 0 0 0
"раны" 0 0 0 0.00361886150617016 0.0101633762735981 0 0.00310790651417205 0
"рассеянно" 0.00934841544358231 0.00602264514574801 0 0 0 0.00384039325626944 0 0
"расходились" 0.0031161384811941 0.00301132257287401 0.00551161573015129 0 0 0 0.00621581302834411 0
"ребятишек" 0.0186968308871646 0 0 0 0 0 0 0
"решилась" 0 0.00903396771862202 0 0.00361886150617016 0.00254084406839952 0.00384039325626944 0 0
"робко" 0.0031161384811941 0 0 0 0.00254084406839952 0.00384039325626944 0.00310790651417205 0.0103140632252076
"родивоныч" 0 0.018067935437244 0 0 0 0 0 0
"рожа" 0 0 0.00275580786507565 0 0 0.0192019662813472 0 0
"рожи" 0 0 0 0.00361886150617016 0 0.0192019662813472 0 0
"роль" 0 0.00301132257287401 0 0.00723772301234032 0 0.00384039325626944 0.00621581302834411 0
"романы" 0 0 0.0110232314603026 0.00361886150617016 0 0 0.00310790651417205 0
"роскоши" 0.0031161384811941 0.00602264514574801 0.00275580786507565 0 0 0.00384039325626944 0.00310790651417205 0
"росли" 0 0 0.00551161573015129 0.00361886150617016 0.00508168813679904 0 0.00310790651417205 0
"рубашке" 0 0 0.00275580786507565 0.00361886150617016 0 0.0153615730250778 0 0
"рукава" 0 0 0.00275580786507565 0 0.00508168813679904 0.0115211797688083 0 0
"румянца" 0 0 0 0 0 0.00384039325626944 0 0.0257851580630189
"русски" 0 0.00602264514574801 0 0 0.0101633762735981 0 0 0
"русскому" 0.0031161384811941 0 0 0 0.0101633762735981 0 0 0.00515703161260378
"самыми" 0 0.012045290291496 0 0 0.00254084406839952 0 0.00310790651417205 0
"свадьба" 0 0 0.00275580786507565 0 0 0.0115211797688083 0 0.0103140632252076
"светлым" 0 0 0 0 0 0.00768078651253888 0.00932371954251616 0.00515703161260378
"свиданья" 0 0 0.0110232314603026 0 0.00508168813679904 0 0 0
"сводя" 0 0.00602264514574801 0 0 0.00254084406839952 0.00768078651253888 0 0.00515703161260378
"связь" 0 0.00301132257287401 0 0 0.00508168813679904 0 0.00932371954251616 0
"святым" 0 0 0 0 0 0.00768078651253888 0.00310790651417205 0.0154710948378114
"сделает" 0 0.00602264514574801 0.00275580786507565 0.0108565845185105 0 0 0 0
"сделайте" 0.0031161384811941 0 0.0110232314603026 0.00361886150617016 0 0 0 0
"сделались" 0 0.00301132257287401 0 0 0 0 0.0124316260566882 0.00515703161260378
"секты" 0 0 0 0 0.0101633762735981 0 0.00621581302834411 0
"селтанете" 0 0 0 0 0.0152450644103971 0 0 0
"семейством" 0 0.00301132257287401 0.00551161573015129 0.0108565845185105 0 0 0 0
"семен" 0 0 0.00826742359522694 0 0 0 0 0.0154710948378114
"семи" 0.0031161384811941 0.00301132257287401 0 0.00361886150617016 0.00254084406839952 0.00384039325626944 0.00310790651417205 0
"семью" 0.0031161384811941 0 0.00275580786507565 0.0108565845185105 0.00254084406839952 0 0 0
"сергей" 0 0.018067935437244 0 0 0 0 0 0
"сердешный" 0.0186968308871646 0 0 0 0 0 0 0
"серебряные" 0 0.00301132257287401 0 0 0.00254084406839952 0.00768078651253888 0 0.0103140632252076
"серебряный" 0 0.00602264514574801 0 0 0.00508168813679904 0.00384039325626944 0 0.00515703161260378
"серьезное" 0 0 0.00551161573015129 0.0144754460246806 0 0 0 0
"сигару" 0 0.00903396771862202 0.00275580786507565 0.00361886150617016 0 0 0.00310790651417205 0
"сии" 0 0 0 0 0.00762253220519857 0 0 0.0154710948378114
"сильного" 0.0031161384811941 0 0 0.00723772301234032 0 0.00384039325626944 0.00621581302834411 0
"системы" 0 0.00301132257287401 0 0.00361886150617016 0 0 0.0124316260566882 0
"сказывай" 0.0155806924059705 0 0.00275580786507565 0 0 0 0 0
"скал" 0 0 0 0 0.0127042203419976 0 0.00310790651417205 0
"скале" 0 0 0 0 0.0101633762735981 0 0.00310790651417205 0.00515703161260378
"скандала" 0 0.018067935437244 0 0 0 0 0 0
"скатилась" 0.0031161384811941 0 0 0.00723772301234032 0 0.00384039325626944 0.00621581302834411 0
"ского" 0 0 0.00551161573015129 0 0.0101633762735981 0 0 0
"скорби" 0.0031161384811941 0 0.00275580786507565 0 0.00254084406839952 0 0.00621581302834411 0.00515703161260378
"скрывает" 0 0 0.00275580786507565 0 0.00762253220519857 0 0.00621581302834411 0
"славных" 0 0 0 0 0.00508168813679904 0 0.0124316260566882 0
"следил" 0 0.00301132257287401 0 0.0108565845185105 0.00508168813679904 0 0 0
"слуга" 0 0 0 0.0108565845185105 0.00508168813679904 0 0.00310790651417205 0
"смеет" 0 0 0.00551161573015129 0.00361886150617016 0.00762253220519857 0 0 0
"смея" 0 0 0.00275580786507565 0.00361886150617016 0.00762253220519857 0.00384039325626944 0 0
"смотрителем" 0 0 0.0165348471904539 0 0 0 0 0
"смущение" 0.00623227696238821 0 0 0 0 0 0.00310790651417205 0.0154710948378114
"собирались" 0 0 0 0.00361886150617016 0.00508168813679904 0.00768078651253888 0.00310790651417205 0
"собрался" 0.00623227696238821 0.00301132257287401 0 0.00361886150617016 0.00254084406839952 0.00384039325626944 0 0
"собрать" 0 0.00301132257287401 0 0 0 0.00768078651253888 0.00621581302834411 0.00515703161260378
"собственная" 0 0.00602264514574801 0 0 0.00254084406839952 0 0.00932371954251616 0
"собственное" 0.0031161384811941 0 0.00551161573015129 0 0 0 0.00932371954251616 0
"согласились" 0.00623227696238821 0 0.00275580786507565 0 0.00254084406839952 0 0.00621581302834411 0
"создания" 0 0.00301132257287401 0 0 0 0 0.0155395325708603 0
"сознаться" 0 0.00301132257287401 0 0.00361886150617016 0 0.00384039325626944 0.00932371954251616 0
"сомнительно" 0 0 0.00551161573015129 0.00361886150617016 0.00508168813679904 0 0 0.00515703161260378
"сообщить" 0 0.00903396771862202 0.00275580786507565 0 0.00254084406839952 0 0.00310790651417205 0
"сообщников" 0 0 0 0 0 0 0 0.0309421896756227
"сорока" 0.0031161384811941 0.00602264514574801 0.00275580786507565 0.00361886150617016 0 0 0.00310790651417205 0
"составляет" 0.0031161384811941 0.00602264514574801 0 0.00361886150617016 0.00508168813679904 0 0 0
"сотник" 0 0 0 0 0 0.0230423595376167 0 0
"сошлись" 0 0 0 0.0144754460246806 0.00508168813679904 0 0 0
"спали" 0.00623227696238821 0 0.00551161573015129 0.00361886150617016 0 0 0 0.00515703161260378
"спальни" 0 0.00301132257287401 0.00551161573015129 0 0.00762253220519857 0 0 0
"спаси" 0 0 0 0 0.00508168813679904 0 0 0.0206281264504151
"спешил" 0 0 0 0 0.00508168813679904 0.00768078651253888 0 0.0103140632252076
"споры" 0 0 0.00551161573015129 0 0.00254084406839952 0 0.00932371954251616 0
"спрашивала" 0 0.00602264514574801 0.00275580786507565 0.00361886150617016 0.00254084406839952 0 0 0.00515703161260378
"спрыгнул" 0 0 0 0 0.0127042203419976 0 0 0.00515703161260378
"спускаться" 0.0031161384811941 0 0 0.00361886150617016 0.00508168813679904 0.00768078651253888 0 0
"спустился" 0.00623227696238821 0 0 0.00723772301234032 0.00254084406839952 0.00384039325626944 0 0
"становилось" 0.0155806924059705 0 0 0 0 0.00384039325626944 0 0
"старец" 0 0 0.00275580786507565 0 0 0.00384039325626944 0.00621581302834411 0.0103140632252076
"стариком" 0.0031161384811941 0 0.00551161573015129 0.0108565845185105 0 0 0 0
"старину" 0 0 0.00551161573015129 0 0.00254084406839952 0.0115211797688083 0 0
"старым" 0.0031161384811941 0 0.00826742359522694 0.00361886150617016 0 0 0.00310790651417205 0
"столбовой" 0.0124645539247764 0 0 0 0 0.00768078651253888 0 0
"стоявший" 0.00623227696238821 0 0.00275580786507565 0 0.00254084406839952 0.00768078651253888 0 0
"стояло" 0 0 0.00275580786507565 0 0.00508168813679904 0.00768078651253888 0 0.00515703161260378
"страна" 0 0 0 0 0 0 0.0155395325708603 0.00515703161260378
"странный" 0.0031161384811941 0.00301132257287401 0.00275580786507565 0.00723772301234032 0 0 0.00310790651417205 0
"страшного" 0 0.00301132257287401 0 0 0 0 0.00932371954251616 0.0103140632252076
"страшные" 0.0031161384811941 0 0 0 0 0.00768078651253888 0.00310790651417205 0.0103140632252076
"страшным" 0 0.00301132257287401 0 0.00361886150617016 0.00762253220519857 0 0 0.00515703161260378
"струнам" 0 0.00602264514574801 0 0 0 0.0115211797688083 0.00310790651417205 0
"струны" 0 0 0 0 0.00254084406839952 0.0115211797688083 0.00621581302834411 0
"ступил" 0.0031161384811941 0 0 0 0.00508168813679904 0.00768078651253888 0 0.00515703161260378
"судьбе" 0 0 0.00275580786507565 0 0.00508168813679904 0 0.00621581302834411 0.00515703161260378
"судя" 0.0031161384811941 0.00301132257287401 0.0110232314603026 0 0 0 0 0
"сумасшедших" 0 0 0 0 0 0 0.0186474390850323 0
"супруг" 0.0124645539247764 0 0.00275580786507565 0 0 0 0 0.00515703161260378
"сухой" 0 0.00903396771862202 0 0 0.00254084406839952 0 0 0.0103140632252076
"существовал" 0 0 0.00275580786507565 0.0180943075308508 0 0 0 0
"существовании" 0.0031161384811941 0.00301132257287401 0 0 0 0 0.0124316260566882 0
"существования" 0 0.00602264514574801 0 0.00361886150617016 0 0 0.00932371954251616 0
"счастливым" 0 0.00301132257287401 0.00275580786507565 0 0.00508168813679904 0 0.00310790651417205 0.00515703161260378
"считаю" 0 0.00301132257287401 0.00275580786507565 0 0.00508168813679904 0 0.00621581302834411 0
"считают" 0 0.00602264514574801 0 0 0.0101633762735981 0 0 0
"съешь" 0.00623227696238821 0 0.00275580786507565 0.00723772301234032 0.00254084406839952 0 0 0
"таинственные" 0 0 0 0 0 0.00384039325626944 0.0155395325708603 0
"такою" 0.0031161384811941 0 0.00551161573015129 0 0.00254084406839952 0.00768078651253888 0 0
"татарского" 0 0 0 0 0.0101633762735981 0 0 0.0103140632252076
"темных" 0.00623227696238821 0.00903396771862202 0.00275580786507565 0 0 0 0 0
"теории" 0 0.00301132257287401 0 0 0 0 0.0155395325708603 0
"тесно" 0 0.00602264514574801 0 0 0 0 0.0124316260566882 0
"толковали" 0.00623227696238821 0 0 0 0.00508168813679904 0 0.00621581302834411 0
"тоне" 0 0.00903396771862202 0.00551161573015129 0 0 0 0.00310790651417205 0
"топор" 0.00934841544358231 0 0 0 0 0.0115211797688083 0 0
"торжественно" 0 0 0.00551161573015129 0 0 0.00768078651253888 0 0.0103140632252076
"тоску" 0 0 0 0 0.0127042203419976 0 0.00310790651417205 0
"тохтамыша" 0 0 0 0 0 0 0 0.0309421896756227
"траву" 0.0031161384811941 0 0 0.00723772301234032 0.00254084406839952 0 0 0.0103140632252076
"требую" 0 0 0.00551161573015129 0 0.00254084406839952 0 0 0.0154710948378114
"тревога" 0 0.00301132257287401 0 0.00361886150617016 0.00762253220519857 0 0 0.00515703161260378
"трепет" 0 0 0 0 0.00762253220519857 0 0.00310790651417205 0.0103140632252076
"трепетом" 0 0 0 0.00361886150617016 0.00508168813679904 0.00384039325626944 0 0.0103140632252076
"третьи" 0 0.00602264514574801 0 0 0.00254084406839952 0 0.00621581302834411 0.00515703161260378
"тронь" 0 0 0.00551161573015129 0 0 0.00768078651253888 0 0.0103140632252076
"троскино" 0.0186968308871646 0 0 0 0 0 0 0
"троскинский" 0.0186968308871646 0 0 0 0 0 0 0
"трубки" 0.0031161384811941 0.00301132257287401 0 0 0.00762253220519857 0.00384039325626944 0 0
"трущобы" 0 0.018067935437244 0 0 0 0 0 0
"тяжелое" 0.0031161384811941 0 0.00275580786507565 0.00723772301234032 0 0.00384039325626944 0.00310790651417205 0
"тянет" 0 0.00301132257287401 0 0.00361886150617016 0 0.00384039325626944 0.00621581302834411 0.00515703161260378
"тянется" 0 0.00301132257287401 0 0 0.00254084406839952 0 0.0124316260566882 0
"уверяю" 0 0.00301132257287401 0 0.0108565845185105 0 0 0.00621581302834411 0
"угла" 0.00623227696238821 0.00903396771862202 0 0.00361886150617016 0 0 0 0
"углом" 0.00623227696238821 0.00903396771862202 0 0.00361886150617016 0 0 0 0
"угощал" 0 0.00602264514574801 0.00275580786507565 0 0 0.00768078651253888 0 0.00515703161260378
"угощать" 0 0.00301132257287401 0.00275580786507565 0 0.00254084406839952 0.00384039325626944 0 0.0103140632252076
"удачно" 0 0.00903396771862202 0.00551161573015129 0 0.00254084406839952 0 0 0
"удержать" 0 0 0 0 0.00762253220519857 0.00384039325626944 0.00310790651417205 0.00515703161260378
"уездного" 0 0 0.0165348471904539 0 0 0 0 0
"ужасное" 0 0 0 0.00361886150617016 0.00508168813679904 0 0.00932371954251616 0
"узденей" 0 0 0 0 0.0152450644103971 0 0 0
"узнай" 0 0.00301132257287401 0 0 0.00762253220519857 0 0 0.0103140632252076
"уклоняясь" 0 0.00301132257287401 0.00275580786507565 0 0.00508168813679904 0.00768078651253888 0 0
"украл" 0.00934841544358231 0 0 0 0 0.0115211797688083 0 0
"улыбку" 0 0.012045290291496 0 0 0.00254084406839952 0 0.00310790651417205 0
"умирать" 0.00623227696238821 0.00301132257287401 0.00275580786507565 0 0.00254084406839952 0 0.00310790651417205 0
"упорно" 0.0031161384811941 0.00602264514574801 0.00275580786507565 0.00361886150617016 0.00254084406839952 0 0 0
"употреблял" 0.0031161384811941 0.00301132257287401 0 0.00361886150617016 0 0 0.00932371954251616 0
"упрека" 0 0.00301132257287401 0 0 0.00508168813679904 0 0.00621581302834411 0.00515703161260378
"усилие" 0 0.00301132257287401 0 0.00361886150617016 0.00254084406839952 0 0.00310790651417205 0.0103140632252076
"услышав" 0.00623227696238821 0 0.00826742359522694 0 0.00254084406839952 0 0 0
"успела" 0.0031161384811941 0.00602264514574801 0 0 0 0.00384039325626944 0.00310790651417205 0.00515703161260378
"успех" 0 0 0.00551161573015129 0.00361886150617016 0.00254084406839952 0 0.00310790651417205 0.00515703161260378
"успехом" 0 0 0.00551161573015129 0 0.00254084406839952 0 0.00932371954251616 0
"усталый" 0 0.00301132257287401 0 0 0.00762253220519857 0 0.00621581302834411 0
"устремил" 0.0031161384811941 0 0 0 0.00762253220519857 0 0.00310790651417205 0.00515703161260378
"утверждал" 0.00623227696238821 0 0 0 0 0 0.0124316260566882 0
"утерпел" 0.0031161384811941 0 0.00551161573015129 0.00723772301234032 0 0.00384039325626944 0 0
"утесов" 0 0 0 0 0.0152450644103971 0 0 0
"уходе" 0 0.01505661286437 0.00275580786507565 0 0 0 0 0
"учености" 0 0 0 0.0108565845185105 0 0 0.00932371954251616 0
"учил" 0 0.00301132257287401 0 0.00723772301234032 0.00508168813679904 0 0.00310790651417205 0
"учился" 0 0 0 0.021713169037021 0 0 0 0
"фабрике" 0.00623227696238821 0 0 0.0108565845185105 0 0 0.00310790651417205 0
"фабричный" 0.0186968308871646 0 0 0 0 0 0 0
"фигура" 0.00623227696238821 0 0.00275580786507565 0.00723772301234032 0 0 0.00310790651417205 0
"фома" 0 0 0 0 0 0.0230423595376167 0 0
"фразы" 0 0.00903396771862202 0 0.00723772301234032 0 0 0.00310790651417205 0
"ханша" 0 0 0 0 0.0152450644103971 0 0 0
"хлебушка" 0.0186968308871646 0 0 0 0 0 0 0
"ходила" 0.00934841544358231 0.00301132257287401 0.00275580786507565 0 0 0.00384039325626944 0 0
"холодное" 0 0 0.00275580786507565 0 0.00254084406839952 0 0.0124316260566882 0
"хороши" 0.0031161384811941 0 0.00826742359522694 0.00361886150617016 0.00254084406839952 0 0 0
"храм" 0 0 0 0 0 0 0.0124316260566882 0.0103140632252076
"хромая" 0.0186968308871646 0 0 0 0 0 0 0
"худощавый" 0 0.00301132257287401 0.00826742359522694 0 0 0.00384039325626944 0 0.00515703161260378
"хунзах" 0 0 0 0 0.0152450644103971 0 0 0
"целуя" 0.0031161384811941 0.00301132257287401 0.00551161573015129 0 0.00254084406839952 0.00384039325626944 0 0
"цыпочках" 0 0.012045290291496 0.00275580786507565 0 0.00254084406839952 0 0 0
"часами" 0.0031161384811941 0.00903396771862202 0.00275580786507565 0 0 0 0.00310790651417205 0
"частию" 0 0 0 0.0108565845185105 0 0.00384039325626944 0.00621581302834411 0
"черного" 0 0.00301132257287401 0 0 0.00508168813679904 0.00768078651253888 0.00310790651417205 0
"честного" 0 0.012045290291496 0 0 0.00254084406839952 0 0 0.00515703161260378
"чета" 0 0 0 0 0.00254084406839952 0.0115211797688083 0.00310790651417205 0.00515703161260378
"четвертый" 0.0031161384811941 0 0.00275580786507565 0 0 0.0115211797688083 0.00310790651417205 0
"чиновники" 0 0 0.0110232314603026 0.00723772301234032 0 0 0 0
"читает" 0 0.00301132257287401 0 0.0108565845185105 0 0 0.00621581302834411 0
"чувствами" 0 0 0 0 0.00762253220519857 0 0.00932371954251616 0
"чудный" 0 0 0.00275580786507565 0.00361886150617016 0.00508168813679904 0.00384039325626944 0.00310790651417205 0
"чужие" 0.0031161384811941 0 0 0.00723772301234032 0.00254084406839952 0.00384039325626944 0.00310790651417205 0
"шее" 0 0 0 0.00723772301234032 0.00254084406839952 0.0115211797688083 0 0
"шести" 0.0031161384811941 0.00602264514574801 0 0.00361886150617016 0 0.00768078651253888 0 0
"шинкарь" 0 0 0 0 0 0.0230423595376167 0 0
"широкое" 0 0.00602264514574801 0 0.00361886150617016 0 0.0115211797688083 0 0
"эхва" 0.0186968308871646 0 0 0 0 0 0 0
"юзича" 0 0.018067935437244 0 0 0 0 0 0
"юношу" 0 0 0 0.00361886150617016 0.0127042203419976 0 0 0
"юный" 0 0 0 0 0.00254084406839952 0 0.00310790651417205 0.0206281264504151
"явились" 0 0 0.00275580786507565 0.00723772301234032 0 0 0.00621581302834411 0.00515703161260378
"яркими" 0 0.00301132257287401 0.00551161573015129 0 0 0.00768078651253888 0 0.00515703161260378
"ярманки" 0.0186968308871646 0 0 0 0 0 0 0
"me" 0 0.018067935437244 0 0 0 0 0 0
"monde" 0 0.018067935437244 0 0 0 0 0 0
"vi" 0.0031161384811941 0.00301132257287401 0.00275580786507565 0 0.00254084406839952 0.00768078651253888 0 0
"авен" 0.0155806924059705 0 0 0 0 0 0 0
"адам" 0 0 0 0 0 0 0.0155395325708603 0
"адама" 0 0 0 0 0 0 0.0155395325708603 0
"аки" 0 0 0.0110232314603026 0 0 0 0 0.00515703161260378
"аммалате" 0 0 0 0 0.0127042203419976 0 0 0
"антонушка" 0.0155806924059705 0 0 0 0 0 0 0
"артиллерист" 0 0 0 0 0.0127042203419976 0 0 0
"асессора" 0 0.01505661286437 0 0 0 0 0 0
"бабам" 0.00623227696238821 0 0 0 0 0.0115211797688083 0 0
"балы" 0 0.00301132257287401 0.00275580786507565 0 0 0.00768078651253888 0.00310790651417205 0
"бандуры" 0 0 0 0 0 0.0192019662813472 0 0
"баранов" 0 0 0 0 0.0127042203419976 0 0 0
"батько" 0 0 0.00275580786507565 0 0 0.0153615730250778 0 0
"башка" 0 0 0 0.00361886150617016 0.00254084406839952 0.00384039325626944 0 0.0103140632252076
"бегал" 0.0031161384811941 0 0.00275580786507565 0.00361886150617016 0 0.00384039325626944 0 0.00515703161260378
"бегала" 0.0031161384811941 0 0.0110232314603026 0 0 0 0 0
"беги" 0.00623227696238821 0 0 0 0.00508168813679904 0.00384039325626944 0 0
"бегом" 0.00623227696238821 0 0 0 0.00508168813679904 0.00384039325626944 0 0
"бедности" 0.00623227696238821 0.00301132257287401 0 0.00361886150617016 0.00254084406839952 0 0 0
"бедняга" 0.0031161384811941 0 0 0.00361886150617016 0.00508168813679904 0.00384039325626944 0 0
"бедняжка" 0 0.00301132257287401 0 0.00361886150617016 0.00254084406839952 0.00768078651253888 0 0
"бедняк" 0.0031161384811941 0.00301132257287401 0.00551161573015129 0 0 0.00384039325626944 0 0
"бездельники" 0 0 0 0 0.0127042203419976 0 0 0
"безумии" 0 0 0 0 0.00254084406839952 0 0.0124316260566882 0
"беки" 0 0 0 0 0.0127042203419976 0 0 0
"беком" 0 0 0 0 0.0127042203419976 0 0 0
"беку" 0 0 0 0 0.0127042203419976 0 0 0
"белого" 0.0031161384811941 0 0.00551161573015129 0 0.00254084406839952 0 0 0.00515703161260378
"белою" 0.00934841544358231 0.00301132257287401 0 0 0 0.00384039325626944 0 0
"бельгийского" 0 0.01505661286437 0 0 0 0 0 0
"бентама" 0 0 0 0 0 0 0.0155395325708603 0
"беседке" 0 0 0.00275580786507565 0.0144754460246806 0 0 0 0
"беседки" 0 0 0.00551161573015129 0.0108565845185105 0 0 0 0
"бесконечно" 0 0 0 0.00361886150617016 0.00762253220519857 0 0.00310790651417205 0
"беспамятство" 0 0.00903396771862202 0 0 0.00254084406839952 0 0.00310790651417205 0
"беспокойство" 0 0.00602264514574801 0.00275580786507565 0.00361886150617016 0 0 0.00310790651417205 0
"беспокойтесь" 0 0.00602264514574801 0.00551161573015129 0.00361886150617016 0 0 0 0
"бесполезных" 0 0 0 0 0 0 0.0155395325708603 0
"беспорядке" 0.0031161384811941 0.00301132257287401 0 0 0.00254084406839952 0 0.00310790651417205 0.00515703161260378
"беспрерывно" 0.0031161384811941 0 0 0 0 0.00384039325626944 0.00932371954251616 0
"бессознательно" 0 0.012045290291496 0 0.00361886150617016 0 0 0 0
"блага" 0 0 0.00275580786507565 0 0.00508168813679904 0 0.00310790651417205 0.00515703161260378
"благодарности" 0.0031161384811941 0.00301132257287401 0 0 0.00762253220519857 0 0 0
"благородие" 0 0 0.0137790393253782 0 0 0 0 0
"бледные" 0.00623227696238821 0 0 0 0 0 0.00932371954251616 0
"блеск" 0 0 0.00275580786507565 0 0.00254084406839952 0.00384039325626944 0 0.0103140632252076
"блистательные" 0 0 0 0 0 0.00384039325626944 0.00932371954251616 0.00515703161260378
"блондин" 0 0.01505661286437 0 0 0 0 0 0
"богатство" 0 0.00301132257287401 0 0 0.00254084406839952 0.00384039325626944 0.00310790651417205 0.00515703161260378
"божьей" 0.0031161384811941 0 0 0.00361886150617016 0.00254084406839952 0.00384039325626944 0 0.00515703161260378
"божья" 0 0.00301132257287401 0.00275580786507565 0 0.00254084406839952 0 0 0.0103140632252076
"боку" 0 0 0.00551161573015129 0 0.00254084406839952 0.00768078651253888 0 0
"болит" 0 0.00301132257287401 0 0.00361886150617016 0 0 0 0.0154710948378114
"болота" 0.00623227696238821 0 0 0 0.00254084406839952 0.00768078651253888 0 0
"больного" 0 0 0.00275580786507565 0.00361886150617016 0.00254084406839952 0 0.00621581302834411 0
"больших" 0.0031161384811941 0.00301132257287401 0.00551161573015129 0 0 0 0 0.00515703161260378
"бородою" 0.00623227696238821 0 0 0 0 0 0 0.0154710948378114
"борьбы" 0 0.00301132257287401 0 0.00361886150617016 0 0 0.00621581302834411 0.00515703161260378
"брак" 0 0 0 0 0.00508168813679904 0 0.00310790651417205 0.0103140632252076
"брани" 0 0.00301132257287401 0 0 0.00254084406839952 0 0.00621581302834411 0.00515703161260378
"бросается" 0 0.00602264514574801 0 0 0 0 0 0.0154710948378114
"бросая" 0.0031161384811941 0.00301132257287401 0 0.00361886150617016 0.00254084406839952 0 0.00310790651417205 0
"будочник" 0 0.01505661286437 0 0 0 0 0 0
"будуара" 0 0.01505661286437 0 0 0 0 0 0
"будущее" 0 0.00301132257287401 0.00275580786507565 0 0.00508168813679904 0 0.00310790651417205 0
"буйнаках" 0 0 0 0 0.0127042203419976 0 0 0
"быль" 0 0 0 0 0.00254084406839952 0.0115211797688083 0 0.00515703161260378
"быстрыми" 0.00623227696238821 0.00301132257287401 0 0 0 0.00768078651253888 0 0
"бытие" 0 0 0 0 0.00762253220519857 0 0.00621581302834411 0
"бьют" 0.00623227696238821 0.00301132257287401 0 0 0 0 0 0.0103140632252076
"василия" 0 0 0 0 0 0 0 0.0257851580630189
"вашем" 0 0 0.00551161573015129 0 0 0.00384039325626944 0.00310790651417205 0.00515703161260378
"вашими" 0 0 0.00826742359522694 0 0.00254084406839952 0.00384039325626944 0 0
"вдохновения" 0 0 0 0.00361886150617016 0 0 0.0124316260566882 0
"ведает" 0.00623227696238821 0 0 0 0 0 0 0.0154710948378114
"ведьм" 0 0 0 0 0 0.0192019662813472 0 0
"вежливо" 0 0.012045290291496 0.00275580786507565 0 0 0 0 0
"великая" 0 0 0.00275580786507565 0.00361886150617016 0.00254084406839952 0.00384039325626944 0 0.00515703161260378
"великодушие" 0 0 0.00275580786507565 0 0.0101633762735981 0 0 0
"великое" 0.0031161384811941 0 0 0 0.00254084406839952 0 0.00621581302834411 0.00515703161260378
"вере" 0 0 0 0 0 0 0.00932371954251616 0.0103140632252076
"веретено" 0 0 0 0 0.00254084406839952 0.0153615730250778 0 0
"верная" 0 0 0 0.0180943075308508 0 0 0 0
"верной" 0 0.00301132257287401 0 0.00361886150617016 0 0 0.00621581302834411 0.00515703161260378
"ветру" 0.0031161384811941 0.00301132257287401 0 0.00361886150617016 0.00254084406839952 0 0 0.00515703161260378
"вечеслав" 0 0 0 0 0 0 0.0155395325708603 0
"вечные" 0 0 0.00826742359522694 0 0.00254084406839952 0 0.00310790651417205 0
"вещества" 0 0 0 0 0 0 0.0155395325708603 0
"взгляни" 0 0.00301132257287401 0 0 0.00762253220519857 0 0 0.00515703161260378
"вздохнуть" 0.0124645539247764 0 0 0 0.00254084406839952 0 0 0
"видала" 0.0031161384811941 0 0.00275580786507565 0 0 0.00384039325626944 0.00621581302834411 0
"виднелись" 0.0124645539247764 0 0 0 0.00254084406839952 0 0 0
"викулыча" 0 0.01505661286437 0 0 0 0 0 0
"винца" 0.0124645539247764 0 0.00275580786507565 0 0 0 0 0
"вихорь" 0 0 0 0 0.00254084406839952 0.0115211797688083 0.00310790651417205 0
"вихрем" 0.0031161384811941 0 0 0 0.00254084406839952 0.00768078651253888 0.00310790651417205 0
"владимира" 0 0 0 0 0 0 0 0.0257851580630189
"внутреннее" 0 0 0.00275580786507565 0 0 0 0.0124316260566882 0
"внутреннюю" 0 0.00301132257287401 0 0 0.00254084406839952 0 0.00621581302834411 0.00515703161260378
"водка" 0 0 0.00275580786507565 0 0 0.0153615730250778 0 0
"возами" 0.00623227696238821 0 0 0 0 0.00768078651253888 0 0.00515703161260378
"возвратившись" 0 0 0.0137790393253782 0 0 0 0 0
"возвратилась" 0 0.00301132257287401 0.00826742359522694 0 0 0.00384039325626944 0 0
"возвращались" 0 0.00301132257287401 0 0.00361886150617016 0.00254084406839952 0 0.00310790651417205 0.00515703161260378
"возвращался" 0.00934841544358231 0 0.00275580786507565 0 0 0 0.00310790651417205 0
"возникали" 0 0 0 0 0.0101633762735981 0 0.00310790651417205 0
"возы" 0.0031161384811941 0 0 0 0 0.0153615730250778 0 0
"воинство" 0 0 0 0 0 0 0 0.0257851580630189
"войска" 0 0 0 0 0.0101633762735981 0 0 0.00515703161260378
"волнении" 0 0 0.00275580786507565 0.00361886150617016 0.00254084406839952 0.00384039325626944 0.00310790651417205 0
"володенька" 0 0 0 0.0180943075308508 0 0 0 0
"воображения" 0 0 0 0 0 0 0.0155395325708603 0
"вопреки" 0 0 0 0 0.00508168813679904 0 0.00932371954251616 0
"воротился" 0 0.00602264514574801 0.00275580786507565 0 0 0.00384039325626944 0 0.00515703161260378
"воспоминание" 0.0031161384811941 0.00301132257287401 0 0 0 0 0.00621581302834411 0.00515703161260378
"восьми" 0 0.00301132257287401 0.00551161573015129 0 0.00254084406839952 0 0.00310790651417205 0
"вприсядку" 0 0 0 0 0 0.0192019662813472 0 0
"враги" 0 0 0 0.00361886150617016 0.00508168813679904 0 0 0.0103140632252076
"времен" 0 0 0 0 0 0 0.0124316260566882 0.00515703161260378
"всеобщего" 0.0124645539247764 0.00301132257287401 0 0 0 0 0 0
"вскрикнула" 0 0.00301132257287401 0 0.00723772301234032 0.00254084406839952 0.00384039325626944 0 0
"вспоминать" 0 0 0 0.00723772301234032 0.00254084406839952 0.00768078651253888 0 0
"встали" 0.00623227696238821 0 0 0.00723772301234032 0 0 0 0.00515703161260378
"встрелся" 0.0155806924059705 0 0 0 0 0 0 0
"встретила" 0 0.00602264514574801 0.00275580786507565 0 0.00508168813679904 0 0 0
"встретили" 0 0 0.00551161573015129 0 0.00508168813679904 0 0.00310790651417205 0
"встретился" 0.00623227696238821 0 0 0.00361886150617016 0 0 0.00621581302834411 0
"встретите" 0 0.00602264514574801 0 0.00723772301234032 0 0.00384039325626944 0 0
"встретиться" 0.0031161384811941 0.00602264514574801 0 0 0 0 0.00621581302834411 0
"втайне" 0 0.00602264514574801 0 0 0.00762253220519857 0 0 0
"второго" 0 0.00903396771862202 0.00275580786507565 0 0 0 0 0.00515703161260378
"выбежал" 0.0031161384811941 0 0.00275580786507565 0 0.00508168813679904 0.00384039325626944 0 0
"вывел" 0.00623227696238821 0 0 0 0 0.00768078651253888 0 0.00515703161260378
"выгнали" 0 0 0 0 0 0.0153615730250778 0.00310790651417205 0
"выговорил" 0.0031161384811941 0.00903396771862202 0 0 0 0 0.00310790651417205 0
"выговорить" 0 0.00301132257287401 0 0 0 0.0115211797688083 0.00310790651417205 0
"выдал" 0.0031161384811941 0.00301132257287401 0 0 0.00508168813679904 0 0 0.00515703161260378
"выдали" 0 0.00301132257287401 0.00275580786507565 0 0.00508168813679904 0 0 0.00515703161260378
"выехали" 0.0031161384811941 0 0 0 0.00254084406839952 0.00768078651253888 0 0.00515703161260378
"выключая" 0.00623227696238821 0 0 0 0 0.0115211797688083 0 0
"вынимая" 0 0.00602264514574801 0.00275580786507565 0 0 0.00768078651253888 0 0
"выразилось" 0 0 0 0.0144754460246806 0 0.00384039325626944 0 0
"высек" 0.00934841544358231 0 0 0 0.00254084406839952 0.00384039325626944 0 0
"высоких" 0 0 0.00275580786507565 0.00361886150617016 0 0.00768078651253888 0.00310790651417205 0
"высокой" 0.00623227696238821 0 0.00275580786507565 0 0.00508168813679904 0 0 0
"выстрелом" 0 0 0 0 0.0127042203419976 0 0 0
"выступил" 0.0031161384811941 0 0 0 0 0.00768078651253888 0 0.0103140632252076
"вытащил" 0.0031161384811941 0.00301132257287401 0 0 0.00254084406839952 0.00768078651253888 0 0
"вязать" 0.0031161384811941 0 0 0 0 0.0153615730250778 0 0
"газету" 0 0.00301132257287401 0.00826742359522694 0.00361886150617016 0 0 0 0
"газеты" 0 0.00602264514574801 0.00275580786507565 0.00723772301234032 0 0 0 0
"гарольд" 0 0.01505661286437 0 0 0 0 0 0
"гг" 0 0 0 0 0 0 0.00932371954251616 0.0103140632252076
"главная" 0 0.00301132257287401 0 0.00361886150617016 0.00254084406839952 0 0.00621581302834411 0
"главнокомандующего" 0 0 0 0 0.0127042203419976 0 0 0
"глазом" 0.0031161384811941 0.00602264514574801 0 0 0 0.00768078651253888 0 0
"глубины" 0 0.00301132257287401 0.00275580786507565 0 0.00508168813679904 0.00384039325626944 0 0
"глубокая" 0 0 0 0.00361886150617016 0 0 0.0124316260566882 0
"глубокие" 0.00934841544358231 0 0 0 0.00254084406839952 0 0.00310790651417205 0
"глубокий" 0.00623227696238821 0.00301132257287401 0 0 0 0.00384039325626944 0.00310790651417205 0
"глядели" 0.00623227696238821 0.00301132257287401 0 0 0 0.00768078651253888 0 0
"говорим" 0.0031161384811941 0.00301132257287401 0 0.00361886150617016 0 0 0.00621581302834411 0
"годнева" 0 0 0.0137790393253782 0 0 0 0 0
"годневым" 0 0 0.0137790393253782 0 0 0 0 0
"горам" 0 0 0 0.00361886150617016 0.0101633762735981 0 0 0
"гордый" 0 0.00301132257287401 0.00275580786507565 0 0.00508168813679904 0 0.00310790651417205 0
"горел" 0 0.00301132257287401 0 0.00361886150617016 0.00508168813679904 0 0 0.00515703161260378
"горела" 0 0 0 0.00361886150617016 0 0.00384039325626944 0.00621581302834411 0.00515703161260378
"городец" 0 0 0 0 0 0 0 0.0257851580630189
"городничего" 0 0 0.0137790393253782 0 0 0 0 0
"гороху" 0.0155806924059705 0 0 0 0 0 0 0
"горсть" 0 0 0 0 0.00254084406839952 0.0115211797688083 0.00310790651417205 0
"горячие" 0 0.00301132257287401 0.00275580786507565 0.00361886150617016 0 0 0 0.0103140632252076
"горячих" 0 0 0 0.00361886150617016 0.00508168813679904 0.00384039325626944 0.00310790651417205 0
"господский" 0.00934841544358231 0.00301132257287401 0 0 0 0.00384039325626944 0 0
"государи" 0 0.00301132257287401 0 0 0 0 0.0124316260566882 0
"грозит" 0 0 0 0 0 0.00384039325626944 0.00932371954251616 0.00515703161260378
"грозя" 0.00623227696238821 0.00301132257287401 0 0 0.00254084406839952 0.00384039325626944 0 0
"грома" 0 0 0 0 0.00762253220519857 0.00384039325626944 0.00310790651417205 0
"громкие" 0.0031161384811941 0 0 0 0.00762253220519857 0 0 0.00515703161260378
"группы" 0.00623227696238821 0 0.00826742359522694 0 0 0 0 0
"губу" 0 0.00903396771862202 0.00275580786507565 0 0.00254084406839952 0 0 0
"гуляка" 0 0 0 0 0 0.0153615730250778 0 0.00515703161260378
"д" 0 0.00602264514574801 0.00275580786507565 0.00361886150617016 0.00254084406839952 0 0 0
"давало" 0 0 0 0.00723772301234032 0 0.00384039325626944 0.00310790651417205 0.00515703161260378
"дальнейших" 0.0031161384811941 0.00903396771862202 0.00275580786507565 0 0 0 0 0
"дано" 0 0.00903396771862202 0.00275580786507565 0 0 0 0.00310790651417205 0
"даю" 0 0 0.00275580786507565 0.00361886150617016 0.00508168813679904 0 0 0.00515703161260378
"дважды" 0 0 0 0 0.0127042203419976 0 0 0
"движением" 0.0031161384811941 0.00602264514574801 0 0 0.00254084406839952 0 0.00310790651417205 0
"движется" 0.0031161384811941 0 0 0 0 0.00768078651253888 0.00621581302834411 0
"дворец" 0 0 0 0 0 0 0 0.0257851580630189
"девицы" 0 0 0.00826742359522694 0.00723772301234032 0 0 0 0
"девки" 0.00934841544358231 0 0.00275580786507565 0 0 0.00384039325626944 0 0
"девочки" 0.00623227696238821 0.00903396771862202 0 0 0 0 0 0
"дежурную" 0 0.012045290291496 0.00275580786507565 0 0 0 0 0
"действовал" 0 0.00301132257287401 0.00275580786507565 0.00723772301234032 0 0 0.00310790651417205 0
"делаешь" 0 0 0.00826742359522694 0 0 0.00384039325626944 0 0.00515703161260378
"делалось" 0.00623227696238821 0.00301132257287401 0 0 0 0.00768078651253888 0 0
"делам" 0 0 0.00551161573015129 0.00723772301234032 0.00254084406839952 0 0 0
"делая" 0.00623227696238821 0 0.00826742359522694 0 0 0 0 0
"деревенских" 0.00623227696238821 0 0.00275580786507565 0.00361886150617016 0 0.00384039325626944 0 0
"деревянную" 0 0.00301132257287401 0.00275580786507565 0 0 0.0115211797688083 0 0
"деревянный" 0.00934841544358231 0.00301132257287401 0 0 0 0.00384039325626944 0 0
"держа" 0 0 0 0 0.00254084406839952 0.0153615730250778 0 0
"держала" 0.00623227696238821 0.00903396771862202 0 0 0 0 0 0
"держат" 0.0031161384811941 0 0.00275580786507565 0 0 0.00384039325626944 0.00310790651417205 0.00515703161260378
"десяток" 0.0031161384811941 0.00301132257287401 0 0 0 0.00768078651253888 0.00310790651417205 0
"диваном" 0 0.00301132257287401 0 0.0108565845185105 0.00254084406839952 0 0 0
"дикие" 0 0.00301132257287401 0 0 0.00508168813679904 0 0.00621581302834411 0
"димитрию" 0 0 0 0 0 0 0 0.0257851580630189
"длинною" 0.0031161384811941 0 0 0 0 0 0.00310790651417205 0.0154710948378114
"длинных" 0 0 0 0 0.00254084406839952 0.00768078651253888 0.00621581302834411 0
"дням" 0 0.00301132257287401 0.00275580786507565 0.00361886150617016 0 0 0.00621581302834411 0
"добавила" 0 0.01505661286437 0 0 0 0 0 0
"довелось" 0.00623227696238821 0 0 0 0 0.0115211797688083 0 0
"доказывать" 0 0 0.00275580786507565 0.00361886150617016 0 0 0.00932371954251616 0
"доктор" 0 0.012045290291496 0 0 0 0 0.00310790651417205 0
"долга" 0.0031161384811941 0.00903396771862202 0 0 0 0 0.00310790651417205 0
"долгое" 0 0.00602264514574801 0 0.00361886150617016 0.00254084406839952 0.00384039325626944 0 0
"долгом" 0 0.00602264514574801 0.00275580786507565 0 0.00254084406839952 0 0.00310790651417205 0
"долой" 0.00623227696238821 0 0 0 0.00508168813679904 0.00384039325626944 0 0
"домам" 0 0 0.00551161573015129 0 0.00508168813679904 0.00384039325626944 0 0
"домовой" 0 0 0 0 0 0.00384039325626944 0 0.0206281264504151
"дорогие" 0 0 0.00551161573015129 0 0 0.00384039325626944 0 0.0103140632252076
"досаде" 0 0 0 0 0.00254084406839952 0.00384039325626944 0.00932371954251616 0
"досадой" 0 0.00301132257287401 0.00275580786507565 0.00723772301234032 0.00254084406839952 0 0 0
"достигает" 0 0 0 0 0 0 0.0155395325708603 0
"достигли" 0.00934841544358231 0 0 0 0.00254084406839952 0 0.00310790651417205 0
"достигнет" 0 0.00301132257287401 0 0 0 0.00384039325626944 0.00932371954251616 0
"достоинство" 0 0.00903396771862202 0 0 0.00508168813679904 0 0 0
"дошло" 0 0 0.00275580786507565 0.00361886150617016 0 0.0115211797688083 0 0
"дрались" 0 0 0.00275580786507565 0 0.00254084406839952 0 0 0.0154710948378114
"дрожала" 0 0.00602264514574801 0.00551161573015129 0.00361886150617016 0 0 0 0
"дрожит" 0 0 0 0 0.00508168813679904 0.00768078651253888 0 0.00515703161260378
"дует" 0.00623227696238821 0 0 0.00361886150617016 0 0.00384039325626944 0 0.00515703161260378
"думай" 0 0 0 0.00361886150617016 0.00254084406839952 0.00768078651253888 0 0.00515703161260378
"душевной" 0 0 0.00275580786507565 0 0 0 0.00932371954251616 0.00515703161260378
"душка" 0 0 0 0.0180943075308508 0 0 0 0
"душно" 0 0 0.00275580786507565 0.00361886150617016 0.00254084406839952 0.00384039325626944 0.00310790651417205 0
"дядю" 0.00934841544358231 0 0.00551161573015129 0 0 0 0 0
"е" 0 0 0 0 0.00254084406839952 0 0.0124316260566882 0
"еду" 0 0.00301132257287401 0.00275580786507565 0.00361886150617016 0.00508168813679904 0 0 0
"ездила" 0 0 0.00826742359522694 0 0 0.00768078651253888 0 0
"ешь" 0.00934841544358231 0.00301132257287401 0.00275580786507565 0 0 0 0 0
"жажда" 0 0 0 0.00361886150617016 0.00254084406839952 0 0.00932371954251616 0
"жалеть" 0 0 0.00275580786507565 0.00361886150617016 0.00762253220519857 0 0 0
"желания" 0 0 0 0 0.00508168813679904 0.00384039325626944 0.00621581302834411 0
"железа" 0.0031161384811941 0 0 0.00723772301234032 0 0 0 0.0103140632252076
"жемчугом" 0 0 0 0 0.00254084406839952 0.00384039325626944 0 0.0154710948378114
"женат" 0.0031161384811941 0.00301132257287401 0.00275580786507565 0 0.00254084406839952 0 0.00310790651417205 0
"женой" 0 0.00602264514574801 0.00275580786507565 0.00361886150617016 0 0.00384039325626944 0 0
"женщине" 0 0.00301132257287401 0.00275580786507565 0 0.00508168813679904 0.00384039325626944 0 0
"жертвы" 0 0 0.00275580786507565 0.00361886150617016 0.00254084406839952 0 0.00621581302834411 0
"животных" 0 0 0 0.00361886150617016 0.00254084406839952 0 0.00621581302834411 0.00515703161260378
"жизнью" 0 0.00903396771862202 0 0.00723772301234032 0 0 0 0
"жорж" 0 0.00301132257287401 0.00275580786507565 0.0108565845185105 0 0 0 0
"забора" 0.0031161384811941 0 0 0 0 0.00384039325626944 0 0.0154710948378114
"забыли" 0 0 0.00275580786507565 0 0.00254084406839952 0 0.00621581302834411 0.00515703161260378
"завет" 0 0 0 0 0.0101633762735981 0 0 0.00515703161260378
"завистью" 0 0.00903396771862202 0 0.00361886150617016 0 0.00384039325626944 0 0
"заглянул" 0.00623227696238821 0.00301132257287401 0 0 0 0.00768078651253888 0 0
"загремели" 0 0 0 0 0.00508168813679904 0.0115211797688083 0 0
"задам" 0.00934841544358231 0.00301132257287401 0 0 0 0 0 0.00515703161260378
"задаток" 0 0.00903396771862202 0 0 0 0.00768078651253888 0 0
"задней" 0.0031161384811941 0 0.00275580786507565 0.00723772301234032 0.00254084406839952 0 0 0
"задумала" 0 0.012045290291496 0 0 0 0.00384039325626944 0 0
"закричит" 0.00623227696238821 0 0 0.00723772301234032 0 0 0.00310790651417205 0
"закрыты" 0.0031161384811941 0 0 0 0.00508168813679904 0 0 0.0103140632252076
"закрытыми" 0 0.00301132257287401 0.00275580786507565 0 0.00254084406839952 0.00768078651253888 0 0
"залпом" 0 0.00301132257287401 0.00551161573015129 0 0.00254084406839952 0.00384039325626944 0 0
"замерла" 0.0031161384811941 0 0 0.00723772301234032 0 0.00384039325626944 0.00310790651417205 0
"заметным" 0.00934841544358231 0 0.00551161573015129 0 0 0 0 0
"замок" 0.0031161384811941 0.00301132257287401 0 0 0.00254084406839952 0 0 0.0103140632252076
"занимала" 0.0031161384811941 0.00903396771862202 0 0 0.00254084406839952 0 0 0
"занимать" 0 0.00301132257287401 0 0 0.00254084406839952 0 0.00932371954251616 0
"занялся" 0 0 0 0.00723772301234032 0.00508168813679904 0.00384039325626944 0 0
"заплатить" 0.00623227696238821 0.00602264514574801 0.00275580786507565 0 0 0 0 0
"зарыдала" 0.00623227696238821 0 0.00275580786507565 0.00361886150617016 0 0.00384039325626944 0 0
"заставляла" 0 0.00301132257287401 0.00275580786507565 0.00361886150617016 0 0.00384039325626944 0.00310790651417205 0
"зашел" 0 0.00602264514574801 0 0.00361886150617016 0.00508168813679904 0 0 0
"зашумела" 0.0031161384811941 0 0 0 0 0.0115211797688083 0 0.00515703161260378
"звания" 0 0.00602264514574801 0.00275580786507565 0 0 0.00768078651253888 0 0
"звезда" 0 0 0 0 0.00762253220519857 0 0 0.0103140632252076
"звездочки" 0 0 0 0 0.00762253220519857 0.00768078651253888 0 0
"здешний" 0.0031161384811941 0 0.00826742359522694 0 0.00254084406839952 0 0 0
"здоровьем" 0 0 0.00275580786507565 0.00361886150617016 0.00254084406839952 0 0 0.0103140632252076
"здоровья" 0.0031161384811941 0.00301132257287401 0 0 0.00508168813679904 0 0.00310790651417205 0
"зевая" 0.0031161384811941 0 0 0 0.00254084406839952 0.00768078651253888 0.00310790651417205 0
"земного" 0 0 0 0 0.00254084406839952 0 0.00932371954251616 0.00515703161260378
"злобу" 0.00623227696238821 0 0 0.00361886150617016 0 0 0.00310790651417205 0.00515703161260378
"злой" 0 0 0.00551161573015129 0.00361886150617016 0.00254084406839952 0 0 0.00515703161260378
"злость" 0 0 0 0.0144754460246806 0.00254084406839952 0 0 0
"знакомым" 0.0031161384811941 0.00301132257287401 0.00275580786507565 0.00361886150617016 0 0 0.00310790651417205 0
"знаменитого" 0 0 0 0 0 0 0.0155395325708603 0
"зрителей" 0.00934841544358231 0 0 0 0.00508168813679904 0 0 0
"зятем" 0 0 0 0 0.0101633762735981 0 0 0.00515703161260378
"играл" 0 0 0.00826742359522694 0 0 0 0.00621581302834411 0
"игры" 0 0 0.00551161573015129 0 0.00508168813679904 0 0 0.00515703161260378
