"30_masalskiy" "30_veltman" "50_begichev" "50_pogorelsky"
"и" 3.59902016205012 4.33327227005512 4.45797329143755 3.23618598382749
"в" 2.75862068965517 2.49138175096175 2.65121759622938 2.64824797843666
"не" 1.824006029772 1.53213316235615 2.12342890809112 2.62803234501348
"на" 1.74863387978142 2.0334071643879 1.13658680282797 1.38645552560647
"что" 1.37177312982853 0.597865005745499 1.8975844461901 1.94743935309973
"с" 1.27755794234031 1.32562825786467 1.59564021995287 1.36118598382749
"он" 1.0552100998681 0.870984395556814 1.26669285153181 1.13039083557951
"его" 0.814019219898248 0.869319033423818 0.932835820895522 0.859164420485175
"к" 0.712266817410967 0.696121371592253 0.923016496465043 0.786725067385445
"я" 1.12681364235915 0.333072426599164 0.861645718774548 0.897911051212938
"как" 0.636894667420388 0.662814128932336 0.59652395915161 0.663746630727763
"а" 0.565291124929339 0.985894382733525 0.0638256087981147 0.630053908355795
"ее" 0.403241002449595 0.303095908205239 0.652985074626866 0.913072776280323
"она" 0.233653664970793 0.251469682082369 0.655439905734486 1.00909703504043
"но" 0.24495948746938 0.451313138041867 0.807639434406913 0.673854447439353
"по" 0.535142264933107 0.612853264942462 0.515514532600157 0.493598382749326
"за" 0.648200489918975 0.597865005745499 0.434505106048704 0.411051212938005
"от" 0.425852647446768 0.476293570036805 0.498330714846819 0.461590296495957
"то" 0.62935745242133 0.369710393525072 0.471327572663001 0.491913746630728
"из" 0.572828339928396 0.514596899095708 0.35595051060487 0.44811320754717
"все" 0.433389862445826 0.364714307126085 0.711901021209741 0.224056603773585
"о" 0.214810627473149 0.264792579146335 0.277395915161037 0.569407008086253
"у" 0.471075937441116 0.394690825520009 0.0417321288295365 0.427897574123989
"ему" 0.282645562464669 0.321414891668193 0.368224666142969 0.328504043126685
"да" 0.354249104955719 0.394690825520009 0.149744697564808 0.338611859838275
"было" 0.237422272470322 0.168201575432578 0.498330714846819 0.363881401617251
"это" 0.346711889956661 0.133228970639666 0.400137470542027 0.399258760107817
"так" 0.31656302996043 0.124902159974686 0.324037706205813 0.454851752021563
"ты" 0.610514414923686 0.253135044215365 0.314218381775334 0.188679245283019
"же" 0.403241002449595 0.196512731693507 0.299489395129615 0.306603773584906
"мне" 0.320331637459959 0.159874764767599 0.341221523959152 0.320080862533693
"еще" 0.192198982475975 0.171532299698569 0.348586017282011 0.33355795148248
"был" 0.31656302996043 0.196512731693507 0.341221523959152 0.256064690026954
"бы" 0.354249104955719 0.164870851166586 0.198841319717203 0.352088948787062
"ни" 0.214810627473149 0.258131130614352 0.154654359780047 0.347035040431267
"меня" 0.403241002449595 0.124902159974686 0.24302827965436 0.262803234501348
"их" 0.192198982475975 0.143221143437641 0.299489395129615 0.298180592991914
"уже" 0.0602977199924628 0.281446200476294 0.260212097407698 0.240902964959569
"только" 0.256265309967967 0.216497077289457 0.24057344854674 0.21900269541779
"когда" 0.192198982475975 0.176528386097557 0.11783189316575 0.370619946091644
"до" 0.229885057471264 0.199843455959498 0.186567164179104 0.272911051212938
"они" 0.184661767476917 0.164870851166586 0.152199528672427 0.33355795148248
"ей" 0.120595439984926 0.0816027445167952 0.208660644147683 0.368935309973046
"ли" 0.286414169964198 0.188185921028528 0.137470542026709 0.21900269541779
"него" 0.173355944978331 0.186520558895532 0.198841319717203 0.222371967654987
"ива" 0 0.58953819508052 0.0024548311076198 0
"для" 0.199736197475033 0.0982563658467534 0.24548311076198 0.227425876010782
"сказал" 0.327868852459016 0.171532299698569 0.169383346425766 0.131401617250674
"вы" 0.0716035424910496 0.0549569503888621 0.211115475255302 0.331873315363881
"была" 0.143207084982099 0.083268106649791 0.220934799685782 0.247641509433962
"себя" 0.169587337478802 0.129898246373674 0.233208955223881 0.131401617250674
"вот" 0.158281514980215 0.24314287141739 0.0810094265514533 0.12466307277628
"тем" 0.0942151874882231 0.0849334687827868 0.228299293008641 0.205525606469003
"во" 0.135669869983041 0.186520558895532 0.166928515318146 0.102762803234501
"тебе" 0.237422272470322 0.15154795410262 0.157109190887667 0.0909703504043127
"были" 0.116826832485397 0.0965910037137576 0.216025137470542 0.153301886792453
"между" 0.0791407574901074 0.13156360850667 0.11537706205813 0.203840970350404
"ним" 0.10552100998681 0.149882591969624 0.164473684210526 0.133086253369272
"без" 0.158281514980215 0.116575349309707 0.135015710919089 0.160040431266846
"или" 0.113058224985868 0.166536213299582 0.12028672427337 0.131401617250674
"чтоб" 0.0339174674957603 0.108248538644728 0.012274155538099 0.299865229110512
"быть" 0.0866779724891653 0.064949123186837 0.203750981932443 0.185309973045822
"нет" 0.184661767476917 0.143221143437641 0.12519638648861 0.112870619946092
"время" 0.128132654983983 0.0965910037137576 0.159564021995287 0.160040431266846
"себе" 0.0866779724891653 0.108248538644728 0.179202670856245 0.153301886792453
"мы" 0.143207084982099 0.0782720202508035 0.186567164179104 0.151617250673854
"под" 0.0678349349915206 0.273119389811314 0.0515514532600157 0.0758086253369272
"несколько" 0.143207084982099 0.0699452095858244 0.198841319717203 0.139824797843666
"будет" 0.169587337478802 0.0816027445167952 0.139925373134328 0.146563342318059
"где" 0.188430374976446 0.153213316235615 0.0859190887666929 0.101078167115903
"при" 0.109289617486339 0.0499608639898746 0.130106048703849 0.210579514824798
"со" 0.150744299981157 0.121571435708695 0.144835035349568 0.109501347708895
"того" 0.124364047484454 0.046630139723883 0.189021995286724 0.154986522911051
"свою" 0.101752402487281 0.138225057038653 0.12028672427337 0.111185983827493
"который" 0.150744299981157 0.11157926291072 0.135015710919089 0.1044474393531
"своего" 0.120595439984926 0.13156360850667 0.132560879811469 0.0960242587601078
"день" 0.0866779724891653 0.126567522107682 0.132560879811469 0.111185983827493
"после" 0.120595439984926 0.0549569503888621 0.225844461901021 0.1044474393531
"тебя" 0.222347842472207 0.113244625043716 0.137470542026709 0.0555929919137466
"если" 0.203504804974562 0.0549569503888621 0.0417321288295365 0.183625336927224
"теперь" 0.158281514980215 0.0449647775908871 0.144835035349568 0.143194070080863
"кто" 0.177124552477859 0.121571435708695 0.0760997643362137 0.0926549865229111
"своей" 0.048991897493876 0.0865988309157826 0.157109190887667 0.111185983827493
"может" 0.0866779724891653 0.0383033290589039 0.154654359780047 0.143194070080863
"всех" 0.0866779724891653 0.104917814378737 0.12519638648861 0.0876010781671159
"им" 0.0716035424910496 0.0582876746548537 0.144835035349568 0.128032345013477
"очень" 0.0565291124929339 0.0149882591969624 0.166928515318146 0.161725067385445
"олелькович" 0 0.308091994604227 0 0
"сам" 0.0829093649896363 0.0616183989208453 0.166928515318146 0.0977088948787062
"анюта" 0 0 0 0.301549865229111
"вам" 0.0188430374976446 0.0383033290589039 0.137470542026709 0.158355795148248
"мой" 0.097983794987752 0.0799373823837994 0.152199528672427 0.0690700808625337
"чтобы" 0.101752402487281 0.00499608639898746 0.314218381775334 0.0320080862533693
"есть" 0.0753721499905785 0.139890419171649 0.12028672427337 0.0387466307277628
"вас" 0.0527605049934049 0.0249804319949373 0.127651217596229 0.154986522911051
"опять" 0.0376860749952892 0.0965910037137576 0.0908287509819324 0.112870619946092
"том" 0.0829093649896363 0.0266457941279331 0.0736449332285939 0.175202156334232
"отвечал" 0.0753721499905785 0.0982563658467534 0.12519638648861 0.0640161725067386
"б" 0.0565291124929339 0.189851283161523 0.0024548311076198 0.0623315363881402
"более" 0.097983794987752 0.0316418805269206 0.12028672427337 0.119609164420485
"ничего" 0.0942151874882231 0.0266457941279331 0.162018853102907 0.0943396226415094
"клим" 0 0 0 0.27122641509434
"сидорович" 0 0 0 0.27122641509434
"потом" 0.0565291124929339 0.118240711442703 0.0859190887666929 0.0657008086253369
"ней" 0.0452232899943471 0.0416340533248955 0.0711901021209741 0.153301886792453
"аглаев" 0 0 0.378043990573449 0
"наконец" 0.0866779724891653 0.0432994154578913 0.0662804399057345 0.131401617250674
"дело" 0.158281514980215 0.0233150698619415 0.11783189316575 0.0825471698113208
"нибудь" 0.109289617486339 0.0299765183939248 0.0908287509819324 0.116239892183288
"них" 0.0904465799886942 0.0732759338518161 0.0711901021209741 0.0943396226415094
"потому" 0.0226116449971735 0.0499608639898746 0.095738413197172 0.131401617250674
"слова" 0.0753721499905785 0.0816027445167952 0.0490966221523959 0.107816711590297
"a" 0 0 0.370679497250589 0.00336927223719677
"перед" 0.0527605049934049 0.083268106649791 0.0589159465828751 0.107816711590297
"чем" 0.131901262483512 0.036637966925908 0.0932835820895522 0.0892857142857143
"этого" 0.109289617486339 0.0233150698619415 0.11783189316575 0.0943396226415094
"y" 0 0 0.35595051060487 0
"хотя" 0.0452232899943471 0.0116575349309707 0.0589159465828751 0.168463611859838
"которые" 0.0942151874882231 0.0416340533248955 0.0908287509819324 0.0926549865229111
"нее" 0.0602977199924628 0.0682798474528286 0.0147289866457188 0.133086253369272
"софья" 0 0 0.289670070699136 0.0404312668463612
"раз" 0.0866779724891653 0.0482955018568788 0.0810094265514533 0.0943396226415094
"об" 0.0565291124929339 0.0349726047929122 0.0932835820895522 0.111185983827493
"всем" 0.0452232899943471 0.0682798474528286 0.11537706205813 0.0657008086253369
"другой" 0.0753721499905785 0.0482955018568788 0.0760997643362137 0.0993935309973046
"ну" 0.101752402487281 0.0432994154578913 0.0368224666142969 0.117924528301887
"также" 0.048991897493876 0.0666144853198328 0.12519638648861 0.057277628032345
"владимир" 0 0.00333072426599164 0 0.225741239892183
"один" 0.116826832485397 0.0716105717188203 0.0490966221523959 0.0707547169811321
"всё" 0.00376860749952892 0 0.0024548311076198 0.222371967654987
"времени" 0.0640663274919917 0.0482955018568788 0.0515514532600157 0.111185983827493
"лазарь" 0 0.219827801555448 0 0
"марфа" 0 0.00166536213299582 0 0.220687331536388
"образом" 0.0414546824948182 0.0516262261228704 0.0613707776904949 0.109501347708895
"петровна" 0 0 0.0024548311076198 0.220687331536388
"нею" 0.0376860749952892 0.00999217279797492 0.0662804399057345 0.146563342318059
"этот" 0.109289617486339 0.0133228970639666 0.0785545954438335 0.101078167115903
"тетушка" 0 0 0.0540062843676355 0.178571428571429
"уж" 0.192198982475975 0.0383033290589039 0.00736449332285939 0.0859164420485175
"там" 0.0866779724891653 0.064949123186837 0.0392772977219167 0.0825471698113208
"ж" 0.226116449971735 0.0383033290589039 0.0343676355066771 0.0471698113207547
"нам" 0.0866779724891653 0.0482955018568788 0.0834642576590731 0.0657008086253369
"сердце" 0.0452232899943471 0.083268106649791 0.0392772977219167 0.079177897574124
"собою" 0.0565291124929339 0.0666144853198328 0.0613707776904949 0.0758086253369272
"нас" 0.0866779724891653 0.0549569503888621 0.0564611154752553 0.0758086253369272
"руки" 0.0640663274919917 0.0882641930487785 0.0687352710133543 0.0421159029649596
"вдруг" 0.0565291124929339 0.0965910037137576 0.0196386488609584 0.0690700808625337
"можно" 0.0829093649896363 0.0166536213299582 0.110467399842891 0.0758086253369272
"нем" 0.0678349349915206 0.0482955018568788 0.0392772977219167 0.0993935309973046
"свои" 0.0301488599962314 0.0666144853198328 0.103102906520031 0.0539083557951483
"здесь" 0.0904465799886942 0.0549569503888621 0.0343676355066771 0.0842318059299191
"сказала" 0.0301488599962314 0.0133228970639666 0.12028672427337 0.0943396226415094
"своих" 0.0113058224985868 0.0516262261228704 0.108012568735271 0.0707547169811321
"совсем" 0.0263802524967025 0.00499608639898746 0.127651217596229 0.0960242587601078
"даже" 0.0301488599962314 0.0266457941279331 0.0834642576590731 0.0993935309973046
"друг" 0.0301488599962314 0.0416340533248955 0.135015710919089 0.0488544474393531
"мог" 0.0527605049934049 0.0133228970639666 0.0785545954438335 0.106132075471698
"этом" 0.0602977199924628 0.0133228970639666 0.0687352710133543 0.109501347708895
"бог" 0.0188430374976446 0.0499608639898746 0.0932835820895522 0.0690700808625337
"почти" 0.0942151874882231 0.0199843455959498 0.0564611154752553 0.0909703504043127
"руку" 0.0565291124929339 0.0816027445167952 0.0589159465828751 0.0421159029649596
"блистовский" 0 0 0 0.18699460916442
"глаза" 0.0640663274919917 0.0532915882558662 0.0343676355066771 0.079177897574124
"своим" 0.0339174674957603 0.0816027445167952 0.0883739198743126 0.0269541778975741
"будто" 0.0226116449971735 0.0616183989208453 0.0417321288295365 0.0808625336927224
"ведь" 0.0753721499905785 0 0.0147289866457188 0.136455525606469
"долго" 0.0565291124929339 0.0383033290589039 0.0589159465828751 0.0758086253369272
"человек" 0.0414546824948182 0.046630139723883 0.0711901021209741 0.0657008086253369
"голову" 0.0376860749952892 0.0932602794477659 0.0270031421838178 0.0488544474393531
"тут" 0.0301488599962314 0.0383033290589039 0.0392772977219167 0.0993935309973046
"вскричал" 0.00753721499905785 0.118240711442703 0.0343676355066771 0.0286388140161725
"нему" 0.0376860749952892 0.0532915882558662 0.0589159465828751 0.0640161725067386
"дома" 0.0866779724891653 0.0216497077289457 0.0760997643362137 0.0606469002695418
"продолжал" 0.120595439984926 0.0416340533248955 0.0785545954438335 0.0235849056603774
"тогда" 0.109289617486339 0.0149882591969624 0.0392772977219167 0.0825471698113208
"тотчас" 0.0188430374976446 0 0.149744697564808 0.0623315363881402
"надобно" 0.0791407574901074 0.00166536213299582 0.108012568735271 0.0606469002695418
"над" 0.0565291124929339 0.0799373823837994 0.0343676355066771 0.0404312668463612
"таким" 0.0376860749952892 0.036637966925908 0.0441869599371563 0.0825471698113208
"вместе" 0.0678349349915206 0.0233150698619415 0.0932835820895522 0.0454851752021563
"дом" 0.0829093649896363 0.0233150698619415 0.0564611154752553 0.0640161725067386
"про" 0.0716035424910496 0.11157926291072 0 0.0185309973045822
"голос" 0.0678349349915206 0.0782720202508035 0.00736449332285939 0.0471698113207547
"прежде" 0.0942151874882231 0.0116575349309707 0.0834642576590731 0.0505390835579515
"моя" 0.0339174674957603 0.064949123186837 0.0515514532600157 0.043800539083558
"дочь" 0.0188430374976446 0.0882641930487785 0.0368224666142969 0.035377358490566
"ибо" 0.0678349349915206 0.0399686911918997 0.0024548311076198 0.0842318059299191
"лучше" 0.0640663274919917 0.0283111562609289 0.0834642576590731 0.0421159029649596
"подле" 0.0414546824948182 0.0799373823837994 0.0368224666142969 0.0320080862533693
"свое" 0.0527605049934049 0.0316418805269206 0.0908287509819324 0.0387466307277628
"около" 0.0339174674957603 0.0632837610538412 0.0294579732914375 0.0555929919137466
"слезы" 0.0263802524967025 0.0699452095858244 0.0589159465828751 0.0320080862533693
"тому" 0.0339174674957603 0.0349726047929122 0.0441869599371563 0.0741239892183288
"шубин" 0.346711889956661 0 0 0
"делать" 0.0339174674957603 0.0266457941279331 0.0785545954438335 0.057277628032345
"могла" 0.0113058224985868 0.00999217279797492 0.0613707776904949 0.0960242587601078
"ними" 0.0188430374976446 0.0632837610538412 0.0540062843676355 0.043800539083558
"сказать" 0.0565291124929339 0.0266457941279331 0.0466417910447761 0.0673854447439353
"скоро" 0.0376860749952892 0.0383033290589039 0.0564611154752553 0.057277628032345
"тот" 0.101752402487281 0.0283111562609289 0.0564611154752553 0.0370619946091644
"которая" 0.0565291124929339 0.0449647775908871 0.0392772977219167 0.0505390835579515
"стороны" 0.0640663274919917 0.0399686911918997 0.0294579732914375 0.0589622641509434
"весь" 0.0452232899943471 0.0716105717188203 0.0441869599371563 0.0235849056603774
"должно" 0.048991897493876 0.0249804319949373 0.0859190887666929 0.0404312668463612
"которого" 0.0565291124929339 0.0233150698619415 0.0417321288295365 0.0690700808625337
"никитин" 0.324100244959487 0 0 0
"однако" 0.10552100998681 0.0199843455959498 0 0.0774932614555256
"два" 0.0791407574901074 0.0566223125218579 0.0220934799685782 0.035377358490566
"знаю" 0.0452232899943471 0.0216497077289457 0.0417321288295365 0.0724393530997305
"отец" 0.0376860749952892 0.0849334687827868 0.0220934799685782 0.0252695417789757
"боярин" 0 0.139890419171649 0 0
"верно" 0.0527605049934049 0.0266457941279331 0.0417321288295365 0.0623315363881402
"давно" 0.0791407574901074 0.0133228970639666 0.0760997643362137 0.0404312668463612
"кажется" 0.048991897493876 0.0149882591969624 0.0540062843676355 0.0673854447439353
"комнату" 0.097983794987752 0 0.0515514532600157 0.0623315363881402
"совершенно" 0.0339174674957603 0.00333072426599164 0.0466417910447761 0.0909703504043127
"анна" 0 0 0 0.139824797843666
"никогда" 0.0188430374976446 0.00499608639898746 0.0760997643362137 0.0741239892183288
"никто" 0.0376860749952892 0.0333072426599164 0.0294579732914375 0.0690700808625337
"спросил" 0.101752402487281 0.0349726047929122 0.0343676355066771 0.035377358490566
"староста" 0.267571132466554 0.018318983462954 0.0024548311076198 0
"довольно" 0.0263802524967025 0.0083268106649791 0.0343676355066771 0.0943396226415094
"ежели" 0 0 0.201296150824823 0
"жизни" 0.0301488599962314 0.0283111562609289 0.0883739198743126 0.035377358490566
"начал" 0.10552100998681 0.0199843455959498 0.0417321288295365 0.0421159029649596
"говорить" 0.0452232899943471 0.0216497077289457 0.0736449332285939 0.043800539083558
"лет" 0.0527605049934049 0.0516262261228704 0.0220934799685782 0.0454851752021563
"отца" 0.0640663274919917 0.0582876746548537 0.0368224666142969 0.0235849056603774
"своему" 0.048991897493876 0.0516262261228704 0.0515514532600157 0.0269541778975741
"всего" 0.0376860749952892 0.0249804319949373 0.0810094265514533 0.0370619946091644
"нельзя" 0.0716035424910496 0.0166536213299582 0.0589159465828751 0.0454851752021563
"отвечала" 0.0263802524967025 0.0133228970639666 0.0785545954438335 0.0555929919137466
"против" 0.0640663274919917 0.0316418805269206 0.0490966221523959 0.0387466307277628
"кроме" 0.0414546824948182 0.0299765183939248 0.0294579732914375 0.0623315363881402
"матушка" 0.0150744299981157 0.018318983462954 0 0.106132075471698
"через" 0.0829093649896363 0.0416340533248955 0.0392772977219167 0.0252695417789757
"люди" 0.0376860749952892 0.0716105717188203 0.0294579732914375 0.0202156334231806
"много" 0.0452232899943471 0.0266457941279331 0.0785545954438335 0.0286388140161725
"хотел" 0.0339174674957603 0.0432994154578913 0.0540062843676355 0.0336927223719677
"анюты" 0 0 0 0.128032345013477
"волх" 0 0.126567522107682 0 0
"вскоре" 0.0640663274919917 0.0149882591969624 0.0564611154752553 0.0454851752021563
"куда" 0.0452232899943471 0.0283111562609289 0.0294579732914375 0.0589622641509434
"своем" 0.0150744299981157 0.036637966925908 0.0417321288295365 0.0555929919137466
"свой" 0.0640663274919917 0.0499608639898746 0.0392772977219167 0.021900269541779
"три" 0.0866779724891653 0.0566223125218579 0.0196386488609584 0.0185309973045822
"имел" 0.0226116449971735 0.00499608639898746 0.0834642576590731 0.0539083557951483
"доме" 0.0301488599962314 0.018318983462954 0.0343676355066771 0.0690700808625337
"землю" 0.0226116449971735 0.0932602794477659 0.024548311076198 0.00336927223719677
"мария" 0.27887695496514 0 0 0
"сама" 0.0113058224985868 0.018318983462954 0.0540062843676355 0.0640161725067386
"впрочем" 0.0376860749952892 0.00666144853198328 0.0638256087981147 0.0555929919137466
"говорил" 0.0414546824948182 0.0249804319949373 0.0589159465828751 0.0387466307277628
"какой" 0.0527605049934049 0.0283111562609289 0.0441869599371563 0.0404312668463612
"слово" 0.0452232899943471 0.0632837610538412 0.0196386488609584 0.0252695417789757
"богу" 0.00753721499905785 0.0333072426599164 0.0540062843676355 0.0471698113207547
"всегда" 0.0188430374976446 0.0166536213299582 0.0711901021209741 0.0471698113207547
"олег" 0 0.119906073575699 0 0
"сей" 0.13943847748257 0.0233150698619415 0.0294579732914375 0.0151617250673854
"коня" 0 0.118240711442703 0 0
"чего" 0.048991897493876 0.0249804319949373 0.0368224666142969 0.0471698113207547
"говорит" 0.00376860749952892 0.0782720202508035 0.0196386488609584 0.0235849056603774
"ко" 0.0376860749952892 0.0416340533248955 0.0540062843676355 0.021900269541779
"пронский" 0 0 0.171838177533386 0
"такой" 0.0527605049934049 0.00333072426599164 0.0736449332285939 0.0404312668463612
"аглаева" 0 0 0.169383346425766 0
"каким" 0.0414546824948182 0.0133228970639666 0.0441869599371563 0.0539083557951483
"мое" 0.0414546824948182 0.0299765183939248 0.0638256087981147 0.0235849056603774
"моей" 0.048991897493876 0.0283111562609289 0.0687352710133543 0.0185309973045822
"весьма" 0.0339174674957603 0.00166536213299582 0.095738413197172 0.0320080862533693
"жена" 0.00376860749952892 0.046630139723883 0.0736449332285939 0.0151617250673854
"жизнь" 0.0414546824948182 0.0316418805269206 0.0711901021209741 0.0151617250673854
"которой" 0.0414546824948182 0.0333072426599164 0.0270031421838178 0.043800539083558
"мои" 0.0188430374976446 0.0233150698619415 0.0540062843676355 0.0454851752021563
"анюту" 0 0 0 0.112870619946092
"ваше" 0.0414546824948182 0.00166536213299582 0.0466417910447761 0.0606469002695418
"клима" 0 0 0 0.112870619946092
"сидоровича" 0 0 0 0.112870619946092
"голосом" 0.0452232899943471 0.0432994154578913 0.0171838177533386 0.035377358490566
"немного" 0.0150744299981157 0.00999217279797492 0.0196386488609584 0.0808625336927224
"притом" 0.0414546824948182 0.00166536213299582 0.0760997643362137 0.0387466307277628
"чрез" 0.0226116449971735 0.0516262261228704 0.0196386488609584 0.035377358490566
"часто" 0.0263802524967025 0.0299765183939248 0.0490966221523959 0.0336927223719677
"всю" 0.0339174674957603 0.0249804319949373 0.0760997643362137 0.0151617250673854
"земли" 0.0716035424910496 0.064949123186837 0.012274155538099 0.00168463611859838
"иногда" 0.0339174674957603 0.0283111562609289 0.0270031421838178 0.0454851752021563
"пор" 0.0640663274919917 0.0116575349309707 0.0147289866457188 0.057277628032345
"самом" 0.0301488599962314 0.00333072426599164 0.0392772977219167 0.0640161725067386
"блистовского" 0 0 0 0.106132075471698
"брат" 0.13943847748257 0.0083268106649791 0.0466417910447761 0.00336927223719677
"дюндик" 0 0 0 0.106132075471698
"дал" 0.0565291124929339 0.0482955018568788 0.0319128043990573 0.00842318059299191
"казалось" 0.0150744299981157 0.0249804319949373 0.00981932443047918 0.0657008086253369
"мною" 0.0376860749952892 0.00999217279797492 0.0515514532600157 0.0421159029649596
"моего" 0.0527605049934049 0.0266457941279331 0.0490966221523959 0.0202156334231806
"мысль" 0.0301488599962314 0.00999217279797492 0.0294579732914375 0.0606469002695418
"олельковича" 0 0.103252452245741 0 0
"вместо" 0.0263802524967025 0.0482955018568788 0.0270031421838178 0.0235849056603774
"старик" 0.0452232899943471 0.0749412959848119 0.00490966221523959 0.00336927223719677
"эта" 0.0527605049934049 0.0083268106649791 0.0392772977219167 0.043800539083558
"этой" 0.0414546824948182 0.018318983462954 0.0294579732914375 0.0454851752021563
"ящик" 0.229885057471264 0 0 0
"батюшка" 0.097983794987752 0.00999217279797492 0.00736449332285939 0.0421159029649596
"должен" 0.048991897493876 0.00999217279797492 0.0540062843676355 0.0320080862533693
"ивы" 0 0.0999217279797492 0 0
"конечно" 0.0263802524967025 0 0.0319128043990573 0.0673854447439353
"эти" 0.048991897493876 0.00999217279797492 0.0319128043990573 0.0471698113207547
"буду" 0.048991897493876 0.0166536213299582 0.0441869599371563 0.0303234501347709
"ехать" 0.00376860749952892 0.0249804319949373 0.0441869599371563 0.0421159029649596
"идти" 0.0565291124929339 0.036637966925908 0.00736449332285939 0.0320080862533693
"одна" 0.0188430374976446 0.0299765183939248 0.0319128043990573 0.0387466307277628
"письмо" 0.0113058224985868 0 0.0466417910447761 0.0623315363881402
"такое" 0.048991897493876 0.0083268106649791 0.0564611154752553 0.0303234501347709
"которую" 0.0376860749952892 0.0166536213299582 0.0368224666142969 0.0387466307277628
"одного" 0.0339174674957603 0.0233150698619415 0.0490966221523959 0.0252695417789757
"опекуна" 0 0 0 0.0977088948787062
"силы" 0.0301488599962314 0.0549569503888621 0.0171838177533386 0.0168463611859838
"стал" 0.0263802524967025 0.0449647775908871 0.0343676355066771 0.0168463611859838
"тех" 0.0414546824948182 0.0133228970639666 0.0196386488609584 0.0522237196765499
"взял" 0.048991897493876 0.0333072426599164 0.0343676355066771 0.0168463611859838
"деле" 0.048991897493876 0.00166536213299582 0.0270031421838178 0.0539083557951483
"домой" 0.0452232899943471 0.0149882591969624 0.0564611154752553 0.021900269541779
"иву" 0 0.0949256415807617 0 0
"которых" 0.0263802524967025 0.0199843455959498 0.0294579732914375 0.043800539083558
"несмотря" 0.0188430374976446 0.00999217279797492 0 0.0774932614555256
"никак" 0.0188430374976446 0.00333072426599164 0.0270031421838178 0.0657008086253369
"одной" 0.0263802524967025 0.018318983462954 0.024548311076198 0.0488544474393531
"слезами" 0.0150744299981157 0.0333072426599164 0.0638256087981147 0.0117924528301887
"других" 0.0678349349915206 0.00666144853198328 0.0417321288295365 0.0286388140161725
"прямо" 0.0226116449971735 0.0333072426599164 0.0417321288295365 0.021900269541779
"свияжская" 0 0 0.137470542026709 0
"солнце" 0.0263802524967025 0.0732759338518161 0.0024548311076198 0.00673854447439353
"дней" 0.0263802524967025 0.0283111562609289 0.0319128043990573 0.0303234501347709
"думал" 0.0150744299981157 0.0266457941279331 0.0368224666142969 0.0336927223719677
"кого" 0.0339174674957603 0.0333072426599164 0.0147289866457188 0.0336927223719677
"ноги" 0.0226116449971735 0.0566223125218579 0.00490966221523959 0.021900269541779
"первый" 0.0150744299981157 0.0266457941279331 0.0392772977219167 0.0320080862533693
"тетушки" 0 0 0.0147289866457188 0.0825471698113208
"точно" 0.0339174674957603 0.00999217279797492 0.0687352710133543 0.0202156334231806
"человека" 0.0376860749952892 0.0133228970639666 0.0417321288295365 0.0336927223719677
"вперед" 0.0263802524967025 0.0416340533248955 0.0147289866457188 0.0269541778975741
"дочери" 0.0188430374976446 0.0249804319949373 0.0220934799685782 0.0421159029649596
"карп" 0.203504804974562 0 0 0
"князя" 0.0188430374976446 0.0532915882558662 0.0417321288295365 0
"котором" 0.0263802524967025 0.0333072426599164 0.0171838177533386 0.0336927223719677
"решился" 0.0527605049934049 0.00666144853198328 0.0319128043990573 0.0387466307277628
"силыч" 0.203504804974562 0 0 0
"сына" 0.0150744299981157 0.064949123186837 0.00981932443047918 0.0117924528301887
"место" 0.0602977199924628 0.0216497077289457 0.0147289866457188 0.0303234501347709
"отправился" 0.00753721499905785 0.0283111562609289 0.0417321288295365 0.0286388140161725
"сего" 0.0716035424910496 0.0283111562609289 0.012274155538099 0.0202156334231806
"едва" 0.0339174674957603 0.0416340533248955 0.012274155538099 0.021900269541779
"комнаты" 0.0640663274919917 0 0.0319128043990573 0.0370619946091644
"людей" 0.0150744299981157 0.0299765183939248 0.0343676355066771 0.0269541778975741
"самого" 0.0565291124929339 0.0083268106649791 0.0171838177533386 0.0421159029649596
"свете" 0.048991897493876 0.0149882591969624 0.0196386488609584 0.0370619946091644
"сколько" 0.0414546824948182 0.00166536213299582 0.0270031421838178 0.0488544474393531
"увидев" 0.0452232899943471 0.0149882591969624 0.0171838177533386 0.0404312668463612
"хоть" 0.0527605049934049 0.0233150698619415 0.0196386488609584 0.0269541778975741
"эту" 0.0301488599962314 0.00666144853198328 0.0441869599371563 0.0370619946091644
"вслед" 0.0376860749952892 0.0549569503888621 0.0024548311076198 0.0117924528301887
"глаз" 0.0226116449971735 0.0349726047929122 0.0196386488609584 0.0269541778975741
"детей" 0 0.00499608639898746 0.095738413197172 0.0151617250673854
"кощей" 0 0.0849334687827868 0 0
"лицо" 0.0301488599962314 0.0383033290589039 0.0270031421838178 0.0151617250673854
"мою" 0.0188430374976446 0.0383033290589039 0.0294579732914375 0.0185309973045822
"пока" 0.0150744299981157 0 0.0343676355066771 0.0555929919137466
"пошел" 0.0565291124929339 0.0333072426599164 0.0220934799685782 0.0117924528301887
"ночь" 0.0226116449971735 0.0299765183939248 0.0196386488609584 0.0303234501347709
"пред" 0.0376860749952892 0.0216497077289457 0.00736449332285939 0.0404312668463612
"прыжков" 0 0 0 0.0842318059299191
"такого" 0.0113058224985868 0.00666144853198328 0.0613707776904949 0.0303234501347709
"андреевна" 0 0 0 0.0825471698113208
"богатырь" 0 0.0816027445167952 0 0
"вскричала" 0 0.0316418805269206 0.00736449332285939 0.0454851752021563
"вся" 0.0226116449971735 0.0416340533248955 0.0294579732914375 0.0101078167115903
"город" 0.0113058224985868 0.046630139723883 0.0392772977219167 0.00336927223719677
"знает" 0.0150744299981157 0.0216497077289457 0.0294579732914375 0.0336927223719677
"князь" 0.0113058224985868 0.036637966925908 0.0589159465828751 0
"никакого" 0.0113058224985868 0.00166536213299582 0.0392772977219167 0.0488544474393531
"твой" 0.0753721499905785 0.0299765183939248 0.00736449332285939 0.0134770889487871
"близ" 0.0640663274919917 0.0499608639898746 0.0024548311076198 0
"видно" 0.0678349349915206 0.0116575349309707 0.0319128043990573 0.0168463611859838
"далее" 0.0188430374976446 0.0233150698619415 0.0343676355066771 0.0252695417789757
"дверь" 0.0678349349915206 0.00666144853198328 0.00490966221523959 0.0404312668463612
"зачем" 0.0188430374976446 0.0133228970639666 0.0024548311076198 0.057277628032345
"которое" 0.0301488599962314 0.018318983462954 0.0294579732914375 0.0286388140161725
"опекун" 0 0 0 0.0808625336927224
"случае" 0.0226116449971735 0.00166536213299582 0.0171838177533386 0.057277628032345
"ах" 0.0339174674957603 0.00999217279797492 0.0270031421838178 0.035377358490566
"видом" 0 0.00499608639898746 0.0147289866457188 0.0640161725067386
"двор" 0.0301488599962314 0.0333072426599164 0.00981932443047918 0.0252695417789757
"двух" 0.0226116449971735 0.0233150698619415 0.0220934799685782 0.0303234501347709
"матери" 0.00376860749952892 0.0316418805269206 0.0441869599371563 0.0151617250673854
"мере" 0.0150744299981157 0.00333072426599164 0.0417321288295365 0.0404312668463612
"нечего" 0.0452232899943471 0.00166536213299582 0.0417321288295365 0.0286388140161725
"оно" 0.0414546824948182 0.0283111562609289 0.0196386488609584 0.0185309973045822
"столь" 0.0188430374976446 0.00499608639898746 0.0515514532600157 0.0303234501347709
"сюда" 0.0565291124929339 0.00999217279797492 0.0220934799685782 0.0286388140161725
"государь" 0.0452232899943471 0.0516262261228704 0 0.00505390835579515
"две" 0.0301488599962314 0.0316418805269206 0.0147289866457188 0.021900269541779
"деньги" 0.0414546824948182 0 0.0638256087981147 0.0151617250673854
"дня" 0.0150744299981157 0.0233150698619415 0.0343676355066771 0.0235849056603774
"ка" 0.10552100998681 0 0.0171838177533386 0.0185309973045822
"какое" 0.0188430374976446 0.00499608639898746 0.0490966221523959 0.0303234501347709
"мужа" 0.00376860749952892 0.00999217279797492 0.0687352710133543 0.0185309973045822
"петровны" 0.00376860749952892 0 0.00490966221523959 0.0724393530997305
"положении" 0.00753721499905785 0.00666144853198328 0.0564611154752553 0.0286388140161725
"слишком" 0.00753721499905785 0.0116575349309707 0.0441869599371563 0.0320080862533693
"вера" 0 0.00166536213299582 0 0.0741239892183288
"двери" 0.048991897493876 0.036637966925908 0.00490966221523959 0.0134770889487871
"какая" 0.0301488599962314 0.0133228970639666 0.0343676355066771 0.0252695417789757
"приехал" 0.0150744299981157 0.0083268106649791 0.0220934799685782 0.0454851752021563
"снова" 0.0565291124929339 0.0383033290589039 0.0171838177533386 0
"туда" 0.0226116449971735 0.0083268106649791 0.0196386488609584 0.043800539083558
"владимира" 0 0.00333072426599164 0 0.0707547169811321
"волю" 0.0188430374976446 0.046630139723883 0.00736449332285939 0.0134770889487871
"говорят" 0.00753721499905785 0.0233150698619415 0.0343676355066771 0.0235849056603774
"имение" 0.00753721499905785 0 0.0810094265514533 0.0151617250673854
"камень" 0.0829093649896363 0.0333072426599164 0 0.00336927223719677
"месте" 0.0565291124929339 0.018318983462954 0.012274155538099 0.021900269541779
"мина" 0 0.0732759338518161 0 0
"слава" 0.00376860749952892 0.0233150698619415 0.0392772977219167 0.021900269541779
"часть" 0.0263802524967025 0.0249804319949373 0.0319128043990573 0.0151617250673854
"этим" 0.0414546824948182 0.00499608639898746 0.0319128043990573 0.0286388140161725
"барышни" 0 0 0.00490966221523959 0.0690700808625337
"видел" 0 0.0383033290589039 0.012274155538099 0.0252695417789757
"году" 0.097983794987752 0.0116575349309707 0 0.0168463611859838
"дела" 0.0226116449971735 0.018318983462954 0.0515514532600157 0.00842318059299191
"дороги" 0 0.0199843455959498 0.0147289866457188 0.0421159029649596
"марфы" 0 0 0 0.0724393530997305
"меч" 0 0.0699452095858244 0 0.00168463611859838
"продолжение" 0 0.0083268106649791 0.0171838177533386 0.0522237196765499
"путь" 0 0.0432994154578913 0.00490966221523959 0.0252695417789757
"сих" 0.0565291124929339 0.00999217279797492 0.0024548311076198 0.035377358490566
"стол" 0.0188430374976446 0.0416340533248955 0.0196386488609584 0.00842318059299191
"успел" 0.0226116449971735 0.0133228970639666 0.024548311076198 0.0320080862533693
"царь" 0.116826832485397 0.0199843455959498 0 0
"анюте" 0 0 0 0.0707547169811321
"бросился" 0.0263802524967025 0.0333072426599164 0.0270031421838178 0.00673854447439353
"вами" 0.00376860749952892 0.00333072426599164 0.0343676355066771 0.0421159029649596
"добрый" 0.0113058224985868 0.0383033290589039 0.0196386488609584 0.0134770889487871
"другие" 0.0339174674957603 0.0166536213299582 0.0294579732914375 0.0185309973045822
"заметил" 0.0565291124929339 0.0083268106649791 0.0147289866457188 0.0269541778975741
"иве" 0 0.0699452095858244 0 0
"лавр" 0 0.0699452095858244 0 0
"назад" 0.0113058224985868 0.0283111562609289 0.0171838177533386 0.0252695417789757
"одно" 0.0301488599962314 0.0116575349309707 0.0270031421838178 0.0269541778975741
"почему" 0.0452232899943471 0.00333072426599164 0.0196386488609584 0.0336927223719677
"правда" 0.0113058224985868 0.018318983462954 0.00736449332285939 0.0421159029649596
"своею" 0.00376860749952892 0.0266457941279331 0.0343676355066771 0.0185309973045822
"смерти" 0.0226116449971735 0.018318983462954 0.0343676355066771 0.0185309973045822
"хорошо" 0.0376860749952892 0.00666144853198328 0 0.0471698113207547
"велел" 0.0376860749952892 0.0116575349309707 0.0490966221523959 0.00673854447439353
"дай" 0.0376860749952892 0.0233150698619415 0.00981932443047918 0.021900269541779
"души" 0.00753721499905785 0.0283111562609289 0.0368224666142969 0.0117924528301887
"знал" 0.00753721499905785 0.018318983462954 0.0319128043990573 0.0252695417789757
"лесу" 0.00753721499905785 0.0233150698619415 0.00981932443047918 0.035377358490566
"лошадей" 0 0 0.012274155538099 0.0606469002695418
"непременно" 0.00753721499905785 0.00333072426599164 0.024548311076198 0.0454851752021563
"своими" 0.0150744299981157 0.0299765183939248 0.0196386488609584 0.0185309973045822
"сила" 0.0376860749952892 0.0416340533248955 0.0024548311076198 0.00842318059299191
"сначала" 0.0339174674957603 0 0.0171838177533386 0.0421159029649596
"стоял" 0.0527605049934049 0.0333072426599164 0 0.0117924528301887
"т" 0 0.0283111562609289 0.0589159465828751 0
"друга" 0.00376860749952892 0.0233150698619415 0.0368224666142969 0.0168463611859838
"которым" 0.0113058224985868 0.0199843455959498 0.012274155538099 0.0336927223719677
"легко" 0.0188430374976446 0.00333072426599164 0.012274155538099 0.0471698113207547
"места" 0.0263802524967025 0.036637966925908 0.00736449332285939 0.0134770889487871
"никакой" 0.0113058224985868 0.00166536213299582 0.0540062843676355 0.0235849056603774
"пути" 0.00376860749952892 0.046630139723883 0.00981932443047918 0.0117924528301887
"реки" 0.0188430374976446 0.0582876746548537 0 0
"такие" 0.00376860749952892 0.00333072426599164 0.0368224666142969 0.0370619946091644
"анны" 0.0150744299981157 0 0 0.0589622641509434
"вышел" 0.0376860749952892 0.0133228970639666 0.0270031421838178 0.0168463611859838
"города" 0.0150744299981157 0.0316418805269206 0.024548311076198 0.0101078167115903
"лес" 0.0263802524967025 0.0283111562609289 0.00490966221523959 0.021900269541779
"маша" 0.0339174674957603 0.00166536213299582 0 0.0488544474393531
"могу" 0.0226116449971735 0.00666144853198328 0.012274155538099 0.0404312668463612
"начала" 0.0113058224985868 0.00333072426599164 0.0196386488609584 0.043800539083558
"нужно" 0.0113058224985868 0.0149882591969624 0.0220934799685782 0.0303234501347709
"однакож" 0 0 0.095738413197172 0
"разве" 0.0414546824948182 0.00166536213299582 0.0024548311076198 0.043800539083558
"разговор" 0.0150744299981157 0.00166536213299582 0.0294579732914375 0.0370619946091644
"руками" 0.0188430374976446 0.0333072426599164 0.00490966221523959 0.0202156334231806
"сердца" 0.0188430374976446 0.018318983462954 0.0294579732914375 0.0185309973045822
"сквозь" 0.0113058224985868 0.036637966925908 0.00981932443047918 0.0168463611859838
"твоя" 0.0226116449971735 0.0333072426599164 0.0171838177533386 0.0101078167115903
"тобою" 0.0339174674957603 0.0166536213299582 0.0319128043990573 0.0117924528301887
"шурке" 0 0 0.095738413197172 0
"всякий" 0 0.0133228970639666 0.0343676355066771 0.0269541778975741
"говорила" 0.00753721499905785 0.00333072426599164 0.0392772977219167 0.0303234501347709
"головы" 0.00753721499905785 0.0432994154578913 0 0.0168463611859838
"дюндика" 0 0 0 0.0640161725067386
"змейкин" 0 0 0.0932835820895522 0
"известно" 0.0263802524967025 0.0083268106649791 0.0392772977219167 0.0168463611859838
"любезный" 0.0226116449971735 0 0.0662804399057345 0.00842318059299191
"марии" 0.143207084982099 0 0 0
"нежели" 0.0113058224985868 0.00999217279797492 0.012274155538099 0.0404312668463612
"одну" 0.0113058224985868 0.0233150698619415 0.00981932443047918 0.0286388140161725
"память" 0.0301488599962314 0.0249804319949373 0.00981932443047918 0.0185309973045822
"семейства" 0 0 0.0540062843676355 0.0269541778975741
"скорее" 0.0376860749952892 0.0083268106649791 0.0171838177533386 0.0269541778975741
"час" 0.00753721499905785 0.018318983462954 0.0392772977219167 0.0151617250673854
"видеть" 0.0263802524967025 0.018318983462954 0.0196386488609584 0.0185309973045822
"видит" 0.00753721499905785 0.0482955018568788 0.00736449332285939 0.00505390835579515
"вошел" 0.0414546824948182 0.0166536213299582 0.0171838177533386 0.0151617250673854
"гостей" 0.00376860749952892 0.0216497077289457 0.0294579732914375 0.0185309973045822
"гости" 0.0150744299981157 0.0399686911918997 0.00736449332285939 0.0101078167115903
"зная" 0.0150744299981157 0.0166536213299582 0.0220934799685782 0.0235849056603774
"милая" 0.0226116449971735 0.00499608639898746 0.0490966221523959 0.0134770889487871
"мильца" 0 0.0616183989208453 0 0
"могли" 0.00753721499905785 0.00333072426599164 0.0319128043990573 0.0336927223719677
"муж" 0 0.00499608639898746 0.0760997643362137 0.00505390835579515
"нашел" 0.0150744299981157 0.00999217279797492 0.0466417910447761 0.0134770889487871
"очи" 0 0.0616183989208453 0 0
"право" 0.0113058224985868 0.00999217279797492 0.0196386488609584 0.0336927223719677
"рублей" 0.0452232899943471 0 0.0515514532600157 0.00673854447439353
"свет" 0.0188430374976446 0.036637966925908 0.00490966221523959 0.0134770889487871
"случай" 0.00376860749952892 0.00666144853198328 0.024548311076198 0.0370619946091644
"столько" 0.0301488599962314 0.00166536213299582 0.0270031421838178 0.0286388140161725
"увидел" 0.0602977199924628 0.0116575349309707 0.00490966221523959 0.0202156334231806
"чему" 0.00753721499905785 0.0266457941279331 0.0220934799685782 0.0168463611859838
"денег" 0.0263802524967025 0.00166536213299582 0.0613707776904949 0.00505390835579515
"дети" 0.0150744299981157 0.0083268106649791 0.0343676355066771 0.021900269541779
"жить" 0.0188430374976446 0.0166536213299582 0.0319128043990573 0.0134770889487871
"иметь" 0.00753721499905785 0.0116575349309707 0.0319128043990573 0.0235849056603774
"мысли" 0.00753721499905785 0.00999217279797492 0.0024548311076198 0.0454851752021563
"олега" 0 0.0599530367878495 0 0
"остановился" 0.0150744299981157 0.0333072426599164 0.00736449332285939 0.0151617250673854
"решительно" 0.00376860749952892 0.00166536213299582 0.0515514532600157 0.021900269541779
"сами" 0.00753721499905785 0.0133228970639666 0.0270031421838178 0.0252695417789757
"бедная" 0.0188430374976446 0 0.0220934799685782 0.035377358490566
"бумагу" 0.0602977199924628 0 0.024548311076198 0.0151617250673854
"вельтмана" 0 0.0582876746548537 0 0
"внимание" 0.0150744299981157 0.0116575349309707 0.0294579732914375 0.0202156334231806
"должна" 0.00753721499905785 0.00499608639898746 0.0319128043990573 0.0286388140161725
"другом" 0.0301488599962314 0.0133228970639666 0.0220934799685782 0.0168463611859838
"дюндиковых" 0 0 0 0.0589622641509434
"земле" 0.0263802524967025 0.0399686911918997 0.00490966221523959 0.00336927223719677
"итак" 0.0113058224985868 0.0083268106649791 0 0.0454851752021563
"какие" 0.0113058224985868 0.00333072426599164 0.0417321288295365 0.021900269541779
"кому" 0.0339174674957603 0.00666144853198328 0.0220934799685782 0.021900269541779
"лица" 0.0113058224985868 0.0249804319949373 0.012274155538099 0.0202156334231806
"мстислав" 0 0.0582876746548537 0 0
"народ" 0.00753721499905785 0.0516262261228704 0.0024548311076198 0.00168463611859838
"невозможно" 0.0226116449971735 0.00333072426599164 0.0294579732914375 0.0252695417789757
"ныне" 0.10552100998681 0.0083268106649791 0.0024548311076198 0.00168463611859838
"петр" 0.0527605049934049 0 0.0515514532600157 0
"продолжала" 0.00753721499905785 0.00999217279797492 0.0392772977219167 0.0185309973045822
"руках" 0.00753721499905785 0.0449647775908871 0.00490966221523959 0.00673854447439353
"стоит" 0.0188430374976446 0.0333072426599164 0.0024548311076198 0.0151617250673854
"стояла" 0.0226116449971735 0.0199843455959498 0.00490966221523959 0.0252695417789757
"хотела" 0.00376860749952892 0.00666144853198328 0.0270031421838178 0.0320080862533693
"аглаеву" 0 0 0.0834642576590731 0
"богатыря" 0 0.0566223125218579 0 0
"везде" 0.00376860749952892 0.0149882591969624 0.0319128043990573 0.0185309973045822
"вовсе" 0.0226116449971735 0 0.00736449332285939 0.0421159029649596
"глава" 0 0 0.0294579732914375 0.0370619946091644
"гораздо" 0.0376860749952892 0.00166536213299582 0.0417321288295365 0.0101078167115903
"дороге" 0.00376860749952892 0.0333072426599164 0.0024548311076198 0.0202156334231806
"завтра" 0.0452232899943471 0.00499608639898746 0.0294579732914375 0.0117924528301887
"значит" 0.0113058224985868 0.0149882591969624 0.0196386488609584 0.0235849056603774
"идет" 0.0113058224985868 0.0432994154578913 0 0.00842318059299191
"какого" 0.0263802524967025 0.0133228970639666 0.0147289866457188 0.021900269541779
"наш" 0.0113058224985868 0.0266457941279331 0.0171838177533386 0.0134770889487871
"петербург" 0.0188430374976446 0 0.00981932443047918 0.0421159029649596
"петербурге" 0.0188430374976446 0 0.0024548311076198 0.0471698113207547
"прим" 0 0.0549569503888621 0 0.00168463611859838
"трофимовна" 0 0 0 0.057277628032345
"фрипоненков" 0 0 0.0834642576590731 0
"язык" 0.0113058224985868 0.0166536213299582 0.00490966221523959 0.0320080862533693
"берегу" 0.0716035424910496 0.0233150698619415 0 0
"горы" 0 0.0516262261228704 0.00490966221523959 0
"дворе" 0.0263802524967025 0.0199843455959498 0.00736449332285939 0.0185309973045822
"дому" 0.0527605049934049 0.0133228970639666 0.00981932443047918 0.0117924528301887
"другого" 0.0150744299981157 0.0133228970639666 0.0171838177533386 0.0235849056603774
"земля" 0.0113058224985868 0.0482955018568788 0.0024548311076198 0
"знать" 0.0226116449971735 0.00666144853198328 0.0196386488609584 0.0252695417789757
"конь" 0 0.0549569503888621 0 0
"которому" 0.0113058224985868 0.00999217279797492 0.0171838177533386 0.0286388140161725
"крепко" 0.0188430374976446 0.0166536213299582 0 0.0303234501347709
"лишь" 0.0263802524967025 0.0083268106649791 0.00490966221523959 0.0320080862533693
"моих" 0.0226116449971735 0.0083268106649791 0.0368224666142969 0.0117924528301887
"письма" 0 0.00166536213299582 0.0294579732914375 0.0336927223719677
"произнес" 0.00753721499905785 0.046630139723883 0 0.00505390835579515
"реке" 0.0113058224985868 0.0499608639898746 0 0
"самой" 0.0113058224985868 0.0116575349309707 0.0196386488609584 0.0252695417789757
"сегодня" 0.0150744299981157 0.00666144853198328 0.0294579732914375 0.021900269541779
"села" 0.00753721499905785 0.0349726047929122 0 0.0168463611859838
"сестры" 0.00376860749952892 0.0083268106649791 0.0490966221523959 0.0117924528301887
"слез" 0 0.018318983462954 0.0319128043990573 0.0151617250673854
"словом" 0 0.0116575349309707 0.0466417910447761 0.0117924528301887
"софьи" 0 0 0.0810094265514533 0
"французски" 0 0 0 0.0555929919137466
"бога" 0.0150744299981157 0.0116575349309707 0.0294579732914375 0.0151617250673854
"великий" 0.048991897493876 0.0316418805269206 0 0
"взять" 0.0150744299981157 0.0116575349309707 0.0220934799685782 0.0202156334231806
"вон" 0.0188430374976446 0.0249804319949373 0.0171838177533386 0.00842318059299191
"года" 0.048991897493876 0.0083268106649791 0.00490966221523959 0.0202156334231806
"готов" 0.00753721499905785 0.0133228970639666 0.0441869599371563 0.00673854447439353
"дорогу" 0.00753721499905785 0.0216497077289457 0.00490966221523959 0.0252695417789757
"другую" 0.0414546824948182 0.0199843455959498 0.00736449332285939 0.0101078167115903
"женою" 0.0113058224985868 0.0116575349309707 0.0368224666142969 0.0117924528301887
"змейкина" 0 0 0.0785545954438335 0
"имя" 0.00376860749952892 0.0199843455959498 0.0171838177533386 0.0202156334231806
"лазаря" 0 0.0532915882558662 0 0
"лице" 0.0414546824948182 0.0133228970639666 0.00736449332285939 0.0168463611859838
"любви" 0.0188430374976446 0.0199843455959498 0.012274155538099 0.0168463611859838
"мало" 0.0113058224985868 0.0166536213299582 0.012274155538099 0.0235849056603774
"менее" 0.0226116449971735 0.00333072426599164 0.0147289866457188 0.0303234501347709
"начали" 0.0376860749952892 0.00499608639898746 0.0196386488609584 0.0185309973045822
"никого" 0.0226116449971735 0.0166536213299582 0.0147289866457188 0.0168463611859838
"памяти" 0.0113058224985868 0.0249804319949373 0.00981932443047918 0.0168463611859838
"платье" 0.048991897493876 0.00499608639898746 0.012274155538099 0.0185309973045822
"подошел" 0.0188430374976446 0.00999217279797492 0.00736449332285939 0.0303234501347709
"родной" 0.00753721499905785 0.0316418805269206 0.0171838177533386 0.00673854447439353
"софью" 0 0 0.0736449332285939 0.00336927223719677
"степени" 0.00376860749952892 0.00166536213299582 0.0540062843676355 0.0134770889487871
"сторону" 0.0301488599962314 0.018318983462954 0.00736449332285939 0.0168463611859838
"боже" 0.0150744299981157 0.00166536213299582 0.0417321288295365 0.0151617250673854
"вечер" 0.00376860749952892 0.0149882591969624 0.0147289866457188 0.0252695417789757
"внимания" 0 0.018318983462954 0.00981932443047918 0.0269541778975741
"воробьев" 0.116826832485397 0 0 0
"жены" 0 0.0116575349309707 0.0466417910447761 0.00842318059299191
"кощея" 0 0.0516262261228704 0 0
"мириана" 0 0.0516262261228704 0 0
"нея" 0 0 0.0760997643362137 0
"ног" 0.00376860749952892 0.0316418805269206 0.00490966221523959 0.0151617250673854
"оставить" 0.0150744299981157 0.00166536213299582 0.00981932443047918 0.0370619946091644
"пол" 0.0263802524967025 0.0199843455959498 0.0196386488609584 0.00673854447439353
"положение" 0.00376860749952892 0.00666144853198328 0.0220934799685782 0.0286388140161725
"последний" 0.0527605049934049 0.00499608639898746 0.0196386488609584 0.0101078167115903
"правду" 0.00753721499905785 0.0133228970639666 0.0171838177533386 0.0235849056603774
"просить" 0.00376860749952892 0.0233150698619415 0.0147289866457188 0.0168463611859838
"прыжкова" 0 0 0 0.0522237196765499
"радости" 0.00753721499905785 0.0133228970639666 0.0368224666142969 0.0101078167115903
"рукою" 0.0339174674957603 0.0199843455959498 0.00736449332285939 0.0117924528301887
"сделал" 0.0188430374976446 0.00499608639898746 0.0417321288295365 0.0101078167115903
"сделать" 0 0 0.0466417910447761 0.0202156334231806
"сердцу" 0.0226116449971735 0.0266457941279331 0.00490966221523959 0.0117924528301887
"сильно" 0.0226116449971735 0.00499608639898746 0.0220934799685782 0.021900269541779
"узнал" 0.0452232899943471 0.00333072426599164 0.00490966221523959 0.0252695417789757
"хочу" 0.0150744299981157 0.0266457941279331 0.012274155538099 0.0101078167115903
"явился" 0.0150744299981157 0.0166536213299582 0.0294579732914375 0.00842318059299191
"александрович" 0 0 0 0.0505390835579515
"беспрестанно" 0.00376860749952892 0 0.0392772977219167 0.021900269541779
"благородие" 0 0.00166536213299582 0 0.0488544474393531
"взоры" 0.0113058224985868 0.0216497077289457 0 0.0235849056603774
"всей" 0.00376860749952892 0.0133228970639666 0.0220934799685782 0.0202156334231806
"женщина" 0.00376860749952892 0.0166536213299582 0.00736449332285939 0.0269541778975741
"знала" 0 0.00333072426599164 0.0294579732914375 0.0269541778975741
"играть" 0 0.00166536213299582 0.0687352710133543 0.00168463611859838
"крайней" 0.0113058224985868 0.00333072426599164 0.0220934799685782 0.0269541778975741
"крик" 0.0150744299981157 0.0199843455959498 0.00736449332285939 0.0185309973045822
"мать" 0 0.0166536213299582 0.0294579732914375 0.0134770889487871
"обе" 0.00376860749952892 0.0133228970639666 0.0147289866457188 0.0252695417789757
"ой" 0.00376860749952892 0.0383033290589039 0 0.0101078167115903
"полно" 0.0301488599962314 0.00333072426599164 0.0343676355066771 0.0101078167115903
"праскута" 0 0 0 0.0505390835579515
"самое" 0.0150744299981157 0.00333072426599164 0.0319128043990573 0.0185309973045822
"смотря" 0 0.0149882591969624 0.0466417910447761 0.00336927223719677
"ст" 0 0.0499608639898746 0 0
"старосты" 0.0904465799886942 0.00999217279797492 0 0
"стены" 0.00753721499905785 0.0349726047929122 0.00490966221523959 0.00842318059299191
"таком" 0.00376860749952892 0 0.024548311076198 0.0320080862533693
"хочет" 0.0150744299981157 0.0333072426599164 0.00736449332285939 0.00505390835579515
"чай" 0.00376860749952892 0.00666144853198328 0.0196386488609584 0.0286388140161725
"барвеново" 0 0 0 0.0488544474393531
"большой" 0.0263802524967025 0.00666144853198328 0 0.0303234501347709
"вероятно" 0.00376860749952892 0.00999217279797492 0.00736449332285939 0.0320080862533693
"взяв" 0.0640663274919917 0.00666144853198328 0.0147289866457188 0.00336927223719677
"виде" 0.0113058224985868 0.00166536213299582 0.0171838177533386 0.0303234501347709
"воробьева" 0.109289617486339 0 0 0
"голова" 0.0188430374976446 0.0149882591969624 0.0171838177533386 0.0134770889487871
"горе" 0.00753721499905785 0.0299765183939248 0.0196386488609584 0.00168463611859838
"дать" 0.00376860749952892 0.00499608639898746 0.0343676355066771 0.0185309973045822
"десять" 0.0301488599962314 0.0233150698619415 0.0147289866457188 0.00168463611859838
"долг" 0.0301488599962314 0.00499608639898746 0.0343676355066771 0.00673854447439353
"дух" 0.0376860749952892 0.0249804319949373 0.0024548311076198 0.00505390835579515
"е" 0 0.0266457941279331 0.0319128043990573 0
"елисавета" 0 0 0.0711901021209741 0
"закричал" 0.0716035424910496 0.00666144853198328 0.00736449332285939 0.00505390835579515
"имела" 0.00376860749952892 0.00499608639898746 0.0417321288295365 0.0134770889487871
"комнате" 0.0263802524967025 0 0.0147289866457188 0.0269541778975741
"моему" 0.0188430374976446 0.0133228970639666 0.0171838177533386 0.0151617250673854
"море" 0.0188430374976446 0.0383033290589039 0 0.00168463611859838
"наши" 0.0226116449971735 0.0149882591969624 0.0171838177533386 0.0117924528301887
"олельковичу" 0 0.0482955018568788 0 0
"оставил" 0.0113058224985868 0.0083268106649791 0.0196386488609584 0.021900269541779
"пришел" 0.0301488599962314 0.0149882591969624 0.00490966221523959 0.0168463611859838
"раздался" 0.0113058224985868 0.0349726047929122 0 0.00842318059299191
"рано" 0.0113058224985868 0.0116575349309707 0.0270031421838178 0.0134770889487871
"самому" 0.0188430374976446 0.0083268106649791 0.024548311076198 0.0151617250673854
"случилось" 0.00753721499905785 0.00166536213299582 0.0196386488609584 0.0303234501347709
"смотри" 0.0113058224985868 0.0149882591969624 0.0196386488609584 0.0151617250673854
"угодно" 0.00376860749952892 0.00499608639898746 0.0147289866457188 0.0320080862533693
"церкви" 0.0301488599962314 0.0233150698619415 0.0171838177533386 0
"шубина" 0.109289617486339 0 0 0
"будут" 0.0113058224985868 0.0116575349309707 0.0196386488609584 0.0168463611859838
"вид" 0.0150744299981157 0.00333072426599164 0.0294579732914375 0.0168463611859838
"возьми" 0.0339174674957603 0.0233150698619415 0.00736449332285939 0.00336927223719677
"волосы" 0.00753721499905785 0.0216497077289457 0.0196386488609584 0.00842318059299191
"воля" 0.0113058224985868 0.0083268106649791 0.00981932443047918 0.0269541778975741
"должны" 0 0.0149882591969624 0.012274155538099 0.0235849056603774
"душа" 0.0150744299981157 0.0299765183939248 0.00981932443047918 0.00336927223719677
"ею" 0.0113058224985868 0.00333072426599164 0.012274155538099 0.0303234501347709
"золотом" 0.00376860749952892 0.0449647775908871 0 0
"любит" 0.0150744299981157 0.0216497077289457 0.0171838177533386 0.00673854447439353
"мимо" 0.0188430374976446 0.0266457941279331 0.00981932443047918 0.00505390835579515
"оба" 0.0339174674957603 0 0.0196386488609584 0.0185309973045822
"ольговна" 0 0.046630139723883 0 0
"петербурга" 0.0301488599962314 0 0.00736449332285939 0.0286388140161725
"пора" 0.0226116449971735 0.0116575349309707 0.0171838177533386 0.0134770889487871
"принял" 0.00753721499905785 0.0166536213299582 0.00981932443047918 0.0202156334231806
"просил" 0.00753721499905785 0.00333072426599164 0.0417321288295365 0.0117924528301887
"решилась" 0.00753721499905785 0.00333072426599164 0.012274155538099 0.0320080862533693
"сердцем" 0.0150744299981157 0.00999217279797492 0.0147289866457188 0.0202156334231806
"сон" 0.00376860749952892 0.0283111562609289 0.00490966221523959 0.0134770889487871
"сударыня" 0 0.00166536213299582 0.00490966221523959 0.0421159029649596
"трудом" 0.0188430374976446 0.0133228970639666 0.00736449332285939 0.0202156334231806
"холмская" 0 0 0.0687352710133543 0
"черный" 0.0188430374976446 0.036637966925908 0 0.00168463611859838
"видя" 0.0188430374976446 0.0116575349309707 0.00736449332285939 0.0202156334231806
"воли" 0.0150744299981157 0.0216497077289457 0.0024548311076198 0.0151617250673854
"всеми" 0.00753721499905785 0.0149882591969624 0.0171838177533386 0.0151617250673854
"выйти" 0.0263802524967025 0.0083268106649791 0 0.0252695417789757
"год" 0.0113058224985868 0.0083268106649791 0.0024548311076198 0.0303234501347709
"громко" 0.00376860749952892 0.0133228970639666 0.00736449332285939 0.0252695417789757
"добрые" 0.00376860749952892 0.0216497077289457 0.00490966221523959 0.0185309973045822
"душу" 0.0113058224985868 0.0299765183939248 0.00736449332285939 0.00505390835579515
"жил" 0.0301488599962314 0.0116575349309707 0.0171838177533386 0.00842318059299191
"замуж" 0.0376860749952892 0.00666144853198328 0.00736449332285939 0.0168463611859838
"илья" 0.101752402487281 0 0 0
"имеет" 0.00376860749952892 0.00166536213299582 0.024548311076198 0.0252695417789757
"ими" 0.0263802524967025 0.00333072426599164 0.012274155538099 0.021900269541779
"кашпаровна" 0 0 0 0.0454851752021563
"клара" 0 0 0 0.0454851752021563
"княгиня" 0 0.0399686911918997 0.00736449332285939 0
"лежит" 0.0263802524967025 0.0266457941279331 0 0.00673854447439353
"нашего" 0.00376860749952892 0.0149882591969624 0.024548311076198 0.0117924528301887
"ночи" 0.0263802524967025 0.0149882591969624 0.0024548311076198 0.0168463611859838
"одним" 0.00376860749952892 0.0083268106649791 0.012274155538099 0.0269541778975741
"отдать" 0.0113058224985868 0.00333072426599164 0.0294579732914375 0.0168463611859838
"рассказывал" 0.0150744299981157 0.0133228970639666 0.0171838177533386 0.0134770889487871
"свиток" 0.097983794987752 0.00166536213299582 0 0
"сел" 0.0188430374976446 0.0233150698619415 0.012274155538099 0.00505390835579515
"словами" 0.0188430374976446 0.0199843455959498 0.00736449332285939 0.0117924528301887
"сын" 0.0113058224985868 0.0316418805269206 0.00981932443047918 0.00168463611859838
"фомич" 0.101752402487281 0 0 0
"хлеб" 0.0113058224985868 0.0299765183939248 0.00736449332285939 0.00505390835579515
"четыре" 0.0301488599962314 0.0216497077289457 0.00736449332285939 0.00505390835579515
"андреевны" 0 0 0 0.043800539083558
"барич" 0 0.0432994154578913 0 0
"барича" 0 0.0432994154578913 0 0
"большая" 0.00376860749952892 0.00499608639898746 0.0343676355066771 0.0134770889487871
"больше" 0.0226116449971735 0.00333072426599164 0.0319128043990573 0.00842318059299191
"будь" 0.0113058224985868 0.0216497077289457 0.0171838177533386 0.00505390835579515
"великого" 0.0452232899943471 0.0216497077289457 0 0.00168463611859838
"вижу" 0.0376860749952892 0.00499608639898746 0.0270031421838178 0.00336927223719677
"глазами" 0.00753721499905785 0.00999217279797492 0.0147289866457188 0.0202156334231806
"голове" 0.00753721499905785 0.0283111562609289 0 0.0117924528301887
"господи" 0.0113058224985868 0.0083268106649791 0 0.0303234501347709
"двора" 0.0150744299981157 0.0266457941279331 0.0024548311076198 0.00842318059299191
"другое" 0.0150744299981157 0.00166536213299582 0.00981932443047918 0.0286388140161725
"думаю" 0.0113058224985868 0 0.0220934799685782 0.0235849056603774
"князю" 0.00376860749952892 0.0333072426599164 0.012274155538099 0
"напрасно" 0.0226116449971735 0.0083268106649791 0.0147289866457188 0.0151617250673854
"нетерпением" 0.0150744299981157 0.00166536213299582 0.00981932443047918 0.0286388140161725
"обыкновенно" 0.0150744299981157 0.00499608639898746 0.0196386488609584 0.0185309973045822
"покуда" 0 0.0432994154578913 0 0
"просто" 0 0.00999217279797492 0.0441869599371563 0.00336927223719677
"семейство" 0 0.00166536213299582 0.0319128043990573 0.0202156334231806
"словно" 0.0188430374976446 0.0316418805269206 0 0.00336927223719677
"стало" 0.0263802524967025 0.018318983462954 0.00736449332285939 0.00842318059299191
"стояли" 0.00753721499905785 0.0233150698619415 0.0147289866457188 0.00673854447439353
"тобой" 0.0565291124929339 0.0149882591969624 0.0024548311076198 0.00168463611859838
"языке" 0.0113058224985868 0.0133228970639666 0.0024548311076198 0.0235849056603774
"анютою" 0 0 0 0.0421159029649596
"берега" 0.0565291124929339 0.0166536213299582 0 0
"большую" 0.0263802524967025 0 0.0343676355066771 0.00673854447439353
"боярина" 0 0.0416340533248955 0 0
"вампиров" 0 0 0.0613707776904949 0
"воскликнул" 0.0829093649896363 0.00333072426599164 0 0.00168463611859838
"вчера" 0.00376860749952892 0.00166536213299582 0.0294579732914375 0.0185309973045822
"гюльбухара" 0 0.0416340533248955 0 0
"дам" 0.0188430374976446 0.0149882591969624 0.0220934799685782 0.00336927223719677
"девушки" 0.0113058224985868 0.0233150698619415 0 0.0134770889487871
"действительно" 0 0.00666144853198328 0.00736449332285939 0.0303234501347709
"добрая" 0.00376860749952892 0.00666144853198328 0.0171838177533386 0.021900269541779
"думала" 0.00376860749952892 0.00333072426599164 0.00981932443047918 0.0303234501347709
"забыл" 0.0226116449971735 0.0166536213299582 0.00981932443047918 0.00842318059299191
"имея" 0.00753721499905785 0.00166536213299582 0.0319128043990573 0.0151617250673854
"карету" 0 0 0.024548311076198 0.0252695417789757
"кое" 0.0150744299981157 0.00999217279797492 0.0270031421838178 0.00673854447439353
"молодой" 0.00753721499905785 0.00999217279797492 0.012274155538099 0.0202156334231806
"окна" 0.0565291124929339 0.0083268106649791 0.0024548311076198 0.00673854447439353
"ответа" 0.00376860749952892 0.0133228970639666 0.00981932443047918 0.0202156334231806
"позвольте" 0 0 0.0171838177533386 0.0303234501347709
"пронского" 0 0 0.0613707776904949 0
"село" 0 0.0299765183939248 0.0024548311076198 0.0101078167115903
"смотрел" 0.0188430374976446 0.0233150698619415 0.00981932443047918 0.00336927223719677
"смотреть" 0.0188430374976446 0.0149882591969624 0.0196386488609584 0.00505390835579515
"спать" 0 0.0133228970639666 0.00981932443047918 0.021900269541779
"спиридон" 0.0942151874882231 0 0 0
"спросила" 0.0150744299981157 0.00333072426599164 0.0171838177533386 0.0202156334231806
"средства" 0.0113058224985868 0.00499608639898746 0.0319128043990573 0.0101078167115903
"старая" 0 0.0216497077289457 0.0220934799685782 0.00505390835579515
"тетушке" 0 0 0 0.0421159029649596
"третий" 0.0414546824948182 0.0133228970639666 0.00490966221523959 0.00673854447439353
"ум" 0.0150744299981157 0.00666144853198328 0.00981932443047918 0.021900269541779
"утро" 0.00753721499905785 0.0233150698619415 0 0.0151617250673854
"царство" 0.00376860749952892 0.0333072426599164 0.0024548311076198 0.00505390835579515
"шлем" 0 0.0399686911918997 0.0024548311076198 0
"этих" 0.00753721499905785 0.00666144853198328 0.0196386488609584 0.0185309973045822
"этому" 0.0188430374976446 0.00166536213299582 0.0196386488609584 0.0185309973045822
"анне" 0.00376860749952892 0 0 0.0387466307277628
"атаман" 0 0 0 0.0404312668463612
"вашего" 0.00753721499905785 0.00166536213299582 0.0319128043990573 0.0134770889487871
"возвратился" 0.0226116449971735 0.00166536213299582 0.0196386488609584 0.0151617250673854
"вообще" 0.0113058224985868 0.0166536213299582 0.00981932443047918 0.0117924528301887
"говоря" 0.00753721499905785 0.00333072426599164 0.0147289866457188 0.0235849056603774
"деревню" 0 0.00666144853198328 0.0368224666142969 0.00842318059299191
"другая" 0.0150744299981157 0.0166536213299582 0.00490966221523959 0.0134770889487871
"жениха" 0.0188430374976446 0.0083268106649791 0.0220934799685782 0.00842318059299191
"жену" 0.00376860749952892 0.0166536213299582 0.0220934799685782 0.00673854447439353
"женщины" 0 0.0149882591969624 0.0220934799685782 0.0101078167115903
"катерина" 0 0 0.0589159465828751 0
"коней" 0 0.0383033290589039 0 0.00168463611859838
"люблю" 0.00376860749952892 0.00666144853198328 0.0196386488609584 0.0185309973045822
"множество" 0.0188430374976446 0.00166536213299582 0.0294579732914375 0.0101078167115903
"небо" 0.0150744299981157 0.0316418805269206 0 0.00168463611859838
"отвечать" 0.00753721499905785 0.00499608639898746 0.0171838177533386 0.0202156334231806
"отдал" 0.0113058224985868 0.0133228970639666 0.0196386488609584 0.00842318059299191
"отцом" 0.0150744299981157 0.0133228970639666 0.00981932443047918 0.0134770889487871
"подал" 0.0263802524967025 0.00333072426599164 0.0171838177533386 0.0134770889487871
"поехал" 0.0188430374976446 0.00666144853198328 0.012274155538099 0.0168463611859838
"пожалуй" 0.0301488599962314 0 0.0147289866457188 0.0168463611859838
"пойдем" 0.0452232899943471 0.0083268106649791 0.012274155538099 0.00336927223719677
"показать" 0.00753721499905785 0.00666144853198328 0.0196386488609584 0.0168463611859838
"поле" 0 0.036637966925908 0 0.00336927223719677
"прочие" 0.0113058224985868 0.0216497077289457 0.00736449332285939 0.00842318059299191
"радость" 0.00753721499905785 0.0133228970639666 0.0294579732914375 0.00336927223719677
"сверх" 0.0113058224985868 0.0083268106649791 0.0196386488609584 0.0134770889487871
"сделалось" 0.0226116449971735 0.00166536213299582 0.00981932443047918 0.021900269541779
"силу" 0.0150744299981157 0.0233150698619415 0 0.0101078167115903
"стороне" 0.0188430374976446 0.0133228970639666 0.00981932443047918 0.0117924528301887
"твоей" 0.0188430374976446 0.0233150698619415 0.00981932443047918 0.00168463611859838
"твою" 0.0301488599962314 0.00999217279797492 0.024548311076198 0
"удивлением" 0.0113058224985868 0.00333072426599164 0.00490966221523959 0.0286388140161725
"хамид" 0 0.0399686911918997 0 0
"харазанли" 0 0.0399686911918997 0 0
"честь" 0 0.0216497077289457 0.012274155538099 0.0101078167115903
"вечера" 0.0188430374976446 0.00499608639898746 0.0147289866457188 0.0151617250673854
"всякого" 0.0301488599962314 0.00333072426599164 0.00981932443047918 0.0151617250673854
"глазах" 0.0113058224985868 0.0133228970639666 0.00736449332285939 0.0151617250673854
"гусев" 0.0866779724891653 0 0 0
"далеко" 0.0150744299981157 0.0166536213299582 0.00490966221523959 0.0117924528301887
"думает" 0 0.0316418805269206 0 0.00673854447439353
"завещание" 0.0150744299981157 0 0.0024548311076198 0.0303234501347709
"знаешь" 0.0150744299981157 0 0.012274155538099 0.0235849056603774
"именно" 0.0113058224985868 0 0.0294579732914375 0.0134770889487871
"любил" 0 0.0149882591969624 0.0147289866457188 0.0134770889487871
"минуту" 0 0 0.00981932443047918 0.0320080862533693
"многих" 0.00753721499905785 0.00499608639898746 0.0294579732914375 0.0101078167115903
"молодец" 0.0113058224985868 0.018318983462954 0.0147289866457188 0.00505390835579515
"мыслимя" 0 0.0383033290589039 0 0
"накануне" 0.0113058224985868 0.00166536213299582 0.0171838177533386 0.0202156334231806
"нарочно" 0.00753721499905785 0.00333072426599164 0.0343676355066771 0.00842318059299191
"несчастие" 0 0 0.0466417910447761 0.00673854447439353
"никитина" 0.0829093649896363 0.00166536213299582 0 0
"писать" 0.0226116449971735 0.00333072426599164 0.00736449332285939 0.0202156334231806
"покойного" 0 0 0.0270031421838178 0.0202156334231806
"послал" 0.0150744299981157 0.0116575349309707 0.024548311076198 0.00336927223719677
"речь" 0 0.0299765183939248 0.0024548311076198 0.00673854447439353
"рук" 0.0150744299981157 0.018318983462954 0.00736449332285939 0.00842318059299191
"света" 0.0150744299981157 0.018318983462954 0.00736449332285939 0.00842318059299191
"сделался" 0.0113058224985868 0.00166536213299582 0.0392772977219167 0.00505390835579515
"сидела" 0.00753721499905785 0.0149882591969624 0.0024548311076198 0.0185309973045822
"слов" 0.0150744299981157 0.0149882591969624 0.00981932443047918 0.0101078167115903
"спокойно" 0.00753721499905785 0.00999217279797492 0.0220934799685782 0.0101078167115903
"средство" 0.0339174674957603 0.00333072426599164 0.00981932443047918 0.0134770889487871
"ста" 0.00376860749952892 0.0316418805269206 0.00490966221523959 0.00168463611859838
"ту" 0.0150744299981157 0.0083268106649791 0.00490966221523959 0.0202156334231806
"тысяцкий" 0 0.0383033290589039 0 0
"узнать" 0.0188430374976446 0.00499608639898746 0.012274155538099 0.0168463611859838
"успела" 0.00753721499905785 0.00666144853198328 0.00981932443047918 0.021900269541779
"хутор" 0 0 0 0.0387466307277628
"церковь" 0.0452232899943471 0.00999217279797492 0.012274155538099 0
"эмин" 0 0.0383033290589039 0 0
"бросилась" 0.0150744299981157 0.0116575349309707 0.00981932443047918 0.0117924528301887
"вина" 0.00376860749952892 0.0199843455959498 0.0147289866457188 0.00505390835579515
"вино" 0 0.0216497077289457 0.0171838177533386 0.00336927223719677
"владимиру" 0 0 0 0.0370619946091644
"вошли" 0.0226116449971735 0.0133228970639666 0.00736449332285939 0.00842318059299191
"всему" 0.0188430374976446 0.0083268106649791 0.012274155538099 0.0117924528301887
"вышла" 0.00376860749952892 0.0083268106649791 0.012274155538099 0.0185309973045822
"говорю" 0.0150744299981157 0 0.0147289866457188 0.0202156334231806
"дана" 0 0.0333072426599164 0.0024548311076198 0.00168463611859838
"девушка" 0.0452232899943471 0.00666144853198328 0.00736449332285939 0.00505390835579515
"дорога" 0.00376860749952892 0.0166536213299582 0.00736449332285939 0.0134770889487871
"жених" 0.0414546824948182 0.00666144853198328 0.00981932443047918 0.00505390835579515
"иерей" 0 0.036637966925908 0 0
"леса" 0.00376860749952892 0.0249804319949373 0 0.0101078167115903
"любовь" 0.0150744299981157 0.0083268106649791 0.0147289866457188 0.0117924528301887
"мир" 0.00753721499905785 0.0299765183939248 0.00490966221523959 0
"навсегда" 0.0263802524967025 0 0.0147289866457188 0.0151617250673854
"нами" 0.00753721499905785 0.00499608639898746 0.0171838177533386 0.0168463611859838
"наших" 0.0113058224985868 0.00999217279797492 0.012274155538099 0.0134770889487871
"ногами" 0 0.0199843455959498 0.00490966221523959 0.0134770889487871
"обыкновению" 0 0.0166536213299582 0.012274155538099 0.0117924528301887
"окно" 0.0263802524967025 0.0149882591969624 0.00490966221523959 0.00673854447439353
"острога" 0.0829093649896363 0 0 0
"подумал" 0.0113058224985868 0.0133228970639666 0 0.0185309973045822
"получил" 0.00376860749952892 0.00166536213299582 0.024548311076198 0.0168463611859838
"поскорее" 0 0.00166536213299582 0.0515514532600157 0
"представить" 0.00753721499905785 0.00499608639898746 0.00736449332285939 0.0235849056603774
"принять" 0.0150744299981157 0.00333072426599164 0.0220934799685782 0.0117924528301887
"причины" 0.00376860749952892 0.00499608639898746 0.00490966221523959 0.0269541778975741
"пронская" 0 0 0.0540062843676355 0
"рода" 0.0113058224985868 0.0133228970639666 0.0171838177533386 0.00673854447439353
"самый" 0.0188430374976446 0.00166536213299582 0.0147289866457188 0.0168463611859838
"сарай" 0 0.0349726047929122 0 0.00168463611859838
"сидит" 0.0113058224985868 0.0299765183939248 0.0024548311076198 0
"скажи" 0.0339174674957603 0.00666144853198328 0.00981932443047918 0.00842318059299191
"слышал" 0.0339174674957603 0.0133228970639666 0.00981932443047918 0.00168463611859838
"старика" 0.0150744299981157 0.0233150698619415 0.00490966221523959 0.00336927223719677
"стола" 0.0188430374976446 0.0133228970639666 0.012274155538099 0.00673854447439353
"те" 0.00753721499905785 0.0166536213299582 0.0147289866457188 0.00673854447439353
"тоже" 0 0.00166536213299582 0.0147289866457188 0.0252695417789757
"той" 0.0263802524967025 0.0116575349309707 0.0024548311076198 0.0117924528301887
"толпа" 0.0150744299981157 0.0299765183939248 0 0
"ума" 0.0226116449971735 0.00166536213299582 0.0196386488609584 0.0117924528301887
"федорович" 0 0 0.0490966221523959 0.00336927223719677
"хан" 0 0.036637966925908 0 0
"хлеба" 0 0.0266457941279331 0.0147289866457188 0
"хороше" 0 0 0.0540062843676355 0
"часов" 0.00376860749952892 0 0.0368224666142969 0.0101078167115903
"черные" 0.00753721499905785 0.0199843455959498 0 0.0134770889487871
"ага" 0.00753721499905785 0.0299765183939248 0.0024548311076198 0
"бедной" 0 0.00499608639898746 0.0171838177533386 0.0185309973045822
"вечером" 0.0226116449971735 0 0.0196386488609584 0.0117924528301887
"вода" 0.0527605049934049 0.00999217279797492 0.0024548311076198 0
"воды" 0.00753721499905785 0.0249804319949373 0.00736449332285939 0.00168463611859838
"ворота" 0.0113058224985868 0.0249804319949373 0 0.00505390835579515
"глебовна" 0 0.0349726047929122 0 0
"деревни" 0.00753721499905785 0.00333072426599164 0.0368224666142969 0.00336927223719677
"доброго" 0 0.00666144853198328 0.0147289866457188 0.0185309973045822
"доброй" 0 0.00666144853198328 0.00981932443047918 0.021900269541779
"заметив" 0.0188430374976446 0.00499608639898746 0.00736449332285939 0.0168463611859838
"заметила" 0 0.00166536213299582 0.00736449332285939 0.0286388140161725
"иди" 0 0.0333072426599164 0 0.00168463611859838
"иной" 0.0113058224985868 0.0166536213299582 0.0024548311076198 0.0117924528301887
"каждый" 0.0301488599962314 0.00999217279797492 0 0.0117924528301887
"каком" 0.0150744299981157 0.00333072426599164 0.0294579732914375 0.00505390835579515
"катерины" 0 0 0.0515514532600157 0
"кессе" 0 0 0 0.035377358490566
"книги" 0.0113058224985868 0.0149882591969624 0.00981932443047918 0.00842318059299191
"милости" 0.0188430374976446 0.00499608639898746 0.0196386488609584 0.00842318059299191
"многие" 0.0226116449971735 0.00499608639898746 0.0196386488609584 0.00673854447439353
"намерение" 0 0.00166536213299582 0.0220934799685782 0.0185309973045822
"однажды" 0.00753721499905785 0.0116575349309707 0.012274155538099 0.0117924528301887
"ожидала" 0.0113058224985868 0.00166536213299582 0.00981932443047918 0.021900269541779
"ожидать" 0 0.00333072426599164 0.0147289866457188 0.021900269541779
"особенно" 0.00753721499905785 0.0083268106649791 0.0196386488609584 0.0101078167115903
"отсюда" 0.0263802524967025 0.00999217279797492 0.00736449332285939 0.00842318059299191
"ох" 0.00753721499905785 0.0316418805269206 0 0
"охотно" 0 0 0.00981932443047918 0.0286388140161725
"первом" 0.00376860749952892 0 0.0147289866457188 0.0235849056603774
"песни" 0 0.0299765183939248 0.0024548311076198 0.00336927223719677
"песню" 0.0226116449971735 0.0233150698619415 0 0.00168463611859838
"петровне" 0.00376860749952892 0 0 0.0336927223719677
"площади" 0.0640663274919917 0.00166536213299582 0 0.00505390835579515
"повторил" 0.0150744299981157 0.0199843455959498 0.00490966221523959 0.00505390835579515
"поздно" 0.0150744299981157 0.00333072426599164 0.00736449332285939 0.0202156334231806
"пришли" 0.00753721499905785 0.018318983462954 0.00490966221523959 0.0101078167115903
"прочих" 0 0.0116575349309707 0.0147289866457188 0.0134770889487871
"прошло" 0.00753721499905785 0.00999217279797492 0.00736449332285939 0.0168463611859838
"род" 0 0.0283111562609289 0 0.00673854447439353
"сени" 0.0150744299981157 0.0233150698619415 0 0.00505390835579515
"сидел" 0.00753721499905785 0.0199843455959498 0.00490966221523959 0.00842318059299191
"сии" 0.0301488599962314 0.00166536213299582 0 0.0202156334231806
"слышит" 0.00753721499905785 0.0316418805269206 0 0
"страх" 0.0263802524967025 0.00999217279797492 0 0.0134770889487871
"тихо" 0.00753721499905785 0.018318983462954 0.0024548311076198 0.0117924528301887
"тысячь" 0 0 0.0515514532600157 0
"увидела" 0.0188430374976446 0.00166536213299582 0.00981932443047918 0.0185309973045822
"удушьев" 0 0 0.0515514532600157 0
"утром" 0.0113058224985868 0.00166536213299582 0.0343676355066771 0.00505390835579515
"хе" 0.0791407574901074 0 0 0
"хорев" 0 0.0349726047929122 0 0
"читатели" 0 0.0266457941279331 0 0.00842318059299191
"баба" 0 0.0316418805269206 0 0.00168463611859838
"будешь" 0.0188430374976446 0.00666144853198328 0.024548311076198 0.00168463611859838
"бывает" 0.0188430374976446 0.00333072426599164 0.0171838177533386 0.0101078167115903
"быстро" 0.0263802524967025 0.0166536213299582 0.0024548311076198 0.00336927223719677
"взглянул" 0.00376860749952892 0.0199843455959498 0 0.0117924528301887
"вскричали" 0 0.0233150698619415 0 0.0101078167115903
"готова" 0 0.0083268106649791 0.0220934799685782 0.0101078167115903
"добра" 0.00376860749952892 0.0116575349309707 0.012274155538099 0.0117924528301887
"другу" 0.00376860749952892 0.0166536213299582 0.00490966221523959 0.0117924528301887
"едет" 0 0.0233150698619415 0.00736449332285939 0.00505390835579515
"жаль" 0.0226116449971735 0.00666144853198328 0.00490966221523959 0.0134770889487871
"желая" 0.00376860749952892 0.00666144853198328 0.00981932443047918 0.0185309973045822
"известие" 0.00376860749952892 0.00166536213299582 0.0171838177533386 0.0185309973045822
"какую" 0.00753721499905785 0.00166536213299582 0.0220934799685782 0.0134770889487871
"касается" 0 0 0.0171838177533386 0.021900269541779
"кругом" 0 0.0199843455959498 0.012274155538099 0.00505390835579515
"крыльце" 0.00753721499905785 0.0149882591969624 0.00736449332285939 0.0101078167115903
"лицом" 0.0301488599962314 0.00666144853198328 0.00981932443047918 0.00673854447439353
"малороссии" 0 0 0 0.0336927223719677
"марфе" 0 0 0 0.0336927223719677
"милый" 0.00753721499905785 0.00333072426599164 0.0319128043990573 0.00505390835579515
"минуты" 0 0.0116575349309707 0.0024548311076198 0.0202156334231806
"могло" 0.0113058224985868 0 0.0171838177533386 0.0168463611859838
"мстислава" 0 0.0333072426599164 0 0
"надлежало" 0.00376860749952892 0 0.00490966221523959 0.0286388140161725
"насилу" 0.00376860749952892 0.00166536213299582 0.0417321288295365 0.00168463611859838
"начать" 0.00376860749952892 0.00499608639898746 0.012274155538099 0.0185309973045822
"невольно" 0.0188430374976446 0.00333072426599164 0.00490966221523959 0.0185309973045822
"новый" 0 0.0216497077289457 0.0024548311076198 0.0101078167115903
"обеда" 0.00376860749952892 0.00166536213299582 0.024548311076198 0.0134770889487871
"объявил" 0.0150744299981157 0.00499608639898746 0.00981932443047918 0.0151617250673854
"одежду" 0 0.0333072426599164 0 0
"одном" 0.0226116449971735 0.0116575349309707 0.00736449332285939 0.00673854447439353
"полу" 0.00753721499905785 0.0249804319949373 0.0024548311076198 0.00336927223719677
"предложение" 0.0150744299981157 0 0.00490966221523959 0.0235849056603774
"приехали" 0 0.00999217279797492 0.0147289866457188 0.0134770889487871
"пришла" 0.00376860749952892 0.00333072426599164 0.012274155538099 0.0202156334231806
"прошу" 0.0113058224985868 0.00333072426599164 0.00736449332285939 0.0202156334231806
"пусть" 0.0301488599962314 0.00999217279797492 0.00490966221523959 0.00673854447439353
"рад" 0 0.0116575349309707 0.00736449332285939 0.0168463611859838
"родная" 0 0.0216497077289457 0.00981932443047918 0.00505390835579515
"савва" 0 0.0333072426599164 0 0
"сем" 0.0452232899943471 0.00499608639898746 0 0.00842318059299191
"смерть" 0.0226116449971735 0.0116575349309707 0.0147289866457188 0.00168463611859838
"степанович" 0.0753721499905785 0 0 0
"таких" 0.0150744299981157 0.00333072426599164 0.0147289866457188 0.0134770889487871
"трех" 0.0226116449971735 0.00666144853198328 0.00736449332285939 0.0117924528301887
"уверен" 0.0150744299981157 0.00166536213299582 0.0171838177533386 0.0134770889487871
"хамида" 0 0.0333072426599164 0 0
"хозяин" 0.0150744299981157 0.00999217279797492 0.0171838177533386 0.00505390835579515
"хочешь" 0.0113058224985868 0.0199843455959498 0.00981932443047918 0.00168463611859838
"ян" 0 0.0333072426599164 0 0
"ясно" 0.00753721499905785 0.0133228970639666 0.0024548311076198 0.0151617250673854
"беда" 0.0150744299981157 0.00499608639898746 0.00736449332285939 0.0151617250673854
"брата" 0.0150744299981157 0.00666144853198328 0.024548311076198 0.00168463611859838
"бросились" 0.00376860749952892 0.0116575349309707 0.0171838177533386 0.00673854447439353
"век" 0.00753721499905785 0.00333072426599164 0.0368224666142969 0
"вздумал" 0.0150744299981157 0.00333072426599164 0.0171838177533386 0.0101078167115903
"виноват" 0.00753721499905785 0 0.0196386488609584 0.0151617250673854
"возвратиться" 0.0150744299981157 0.00166536213299582 0.012274155538099 0.0151617250673854
"возможности" 0 0 0.024548311076198 0.0151617250673854
"воспользоваться" 0.0188430374976446 0.00499608639898746 0.0196386488609584 0.00505390835579515
"груди" 0.00376860749952892 0.0233150698619415 0.0024548311076198 0.00505390835579515
"держал" 0.00376860749952892 0.00666144853198328 0.0147289866457188 0.0134770889487871
"думать" 0 0.00499608639898746 0.012274155538099 0.0185309973045822
"душ" 0 0.0083268106649791 0.0147289866457188 0.0134770889487871
"живет" 0.00753721499905785 0.0133228970639666 0.00736449332285939 0.0101078167115903
"здоровье" 0.0150744299981157 0 0.0171838177533386 0.0134770889487871
"знаете" 0.00376860749952892 0.00166536213299582 0.00490966221523959 0.0252695417789757
"золота" 0.0301488599962314 0.0133228970639666 0.00736449332285939 0
"искать" 0.0188430374976446 0.0133228970639666 0.0024548311076198 0.00842318059299191
"исполнить" 0.0113058224985868 0.00499608639898746 0.00981932443047918 0.0151617250673854
"кони" 0 0.0216497077289457 0 0.0101078167115903
"которыми" 0.00753721499905785 0.00999217279797492 0.0147289866457188 0.00842318059299191
"крестьяне" 0 0.00499608639898746 0.0270031421838178 0.00842318059299191
"крыльцу" 0.00753721499905785 0.00999217279797492 0.00736449332285939 0.0134770889487871
"матерью" 0 0.0116575349309707 0.0294579732914375 0
"мире" 0.00376860749952892 0.00499608639898746 0.0343676355066771 0.00168463611859838
"мирианы" 0 0.0316418805269206 0 0
"моем" 0.0188430374976446 0.00499608639898746 0.012274155538099 0.0101078167115903
"мужем" 0 0 0.0343676355066771 0.00842318059299191
"наверное" 0.00753721499905785 0 0.0368224666142969 0.00336927223719677
"надежда" 0.0113058224985868 0 0.00981932443047918 0.0202156334231806
"находился" 0.0150744299981157 0 0.00736449332285939 0.0202156334231806
"небольшой" 0.0339174674957603 0.00333072426599164 0 0.0134770889487871
"нескольких" 0.00753721499905785 0.00666144853198328 0.00981932443047918 0.0151617250673854
"нечистая" 0.0263802524967025 0.0199843455959498 0 0
"нимало" 0 0 0 0.0320080862533693
"огонь" 0.00753721499905785 0.0083268106649791 0.00490966221523959 0.0168463611859838
"осталась" 0.00753721499905785 0.00499608639898746 0.0147289866457188 0.0134770889487871
"откуда" 0.0188430374976446 0.0116575349309707 0.00490966221523959 0.00842318059299191
"первого" 0.0113058224985868 0.0083268106649791 0.012274155538099 0.0101078167115903
"первые" 0.0150744299981157 0.00499608639898746 0.00736449332285939 0.0151617250673854
"помощь" 0 0.00499608639898746 0.024548311076198 0.0101078167115903
"продолжать" 0 0.00999217279797492 0.0171838177533386 0.0101078167115903
"просила" 0.00753721499905785 0.00166536213299582 0.0319128043990573 0.00505390835579515
"самым" 0 0.00499608639898746 0.0171838177533386 0.0151617250673854
"семейством" 0 0.00499608639898746 0.00981932443047918 0.0202156334231806
"сие" 0.048991897493876 0.00333072426599164 0 0.00673854447439353
"спросить" 0.0113058224985868 0.0083268106649791 0.0024548311076198 0.0168463611859838
"стула" 0.0263802524967025 0.00333072426599164 0.00490966221523959 0.0134770889487871
"ти" 0 0.0249804319949373 0.0024548311076198 0.00505390835579515
"углу" 0.0150744299981157 0.0133228970639666 0.00981932443047918 0.00505390835579515
"уехал" 0.00376860749952892 0 0.0270031421838178 0.0117924528301887
"утра" 0.00753721499905785 0.00333072426599164 0.00736449332285939 0.0202156334231806
"ха" 0 0.00166536213299582 0 0.0303234501347709
"аллах" 0 0.0299765183939248 0 0
"большим" 0.00753721499905785 0.00333072426599164 0.0196386488609584 0.0101078167115903
"видишь" 0.0301488599962314 0.00333072426599164 0.00981932443047918 0.00673854447439353
"выпил" 0.00376860749952892 0.0116575349309707 0.0220934799685782 0.00168463611859838
"вышли" 0.0263802524967025 0.00666144853198328 0.00490966221523959 0.00842318059299191
"горя" 0.00753721499905785 0.018318983462954 0.012274155538099 0
"давай" 0.0113058224985868 0.0199843455959498 0.00490966221523959 0.00168463611859838
"двадцать" 0.0263802524967025 0.00666144853198328 0.00981932443047918 0.00505390835579515
"доброе" 0.00753721499905785 0.00999217279797492 0.00736449332285939 0.0117924528301887
"дочерью" 0 0.00999217279797492 0.012274155538099 0.0117924528301887
"духа" 0.0150744299981157 0.00999217279797492 0.00736449332285939 0.00842318059299191
"душе" 0.0188430374976446 0.00499608639898746 0.00736449332285939 0.0117924528301887
"жене" 0 0.0116575349309707 0.012274155538099 0.0101078167115903
"зовут" 0 0.0133228970639666 0.0024548311076198 0.0151617250673854
"золото" 0.0414546824948182 0.0116575349309707 0 0
"ивор" 0 0.0299765183939248 0 0
"иначе" 0.00753721499905785 0 0.0196386488609584 0.0134770889487871
"карета" 0 0 0.012274155538099 0.021900269541779
"кареты" 0 0 0.012274155538099 0.021900269541779
"красный" 0.00376860749952892 0.0266457941279331 0 0.00168463611859838
"кровь" 0.0113058224985868 0.018318983462954 0.0024548311076198 0.00505390835579515
"лавра" 0 0.0299765183939248 0 0
"либо" 0.0150744299981157 0.00333072426599164 0.00490966221523959 0.0168463611859838
"лошади" 0 0 0.0024548311076198 0.0286388140161725
"моим" 0.0188430374976446 0.0083268106649791 0.0147289866457188 0.00336927223719677
"надежду" 0.00753721499905785 0.00166536213299582 0.0147289866457188 0.0151617250673854
"наедине" 0.0113058224985868 0.00166536213299582 0.0196386488609584 0.0101078167115903
"найти" 0.0263802524967025 0.00499608639898746 0 0.0134770889487871
"находилась" 0.0301488599962314 0 0.0024548311076198 0.0151617250673854
"наше" 0.0150744299981157 0.00666144853198328 0.0196386488609584 0.00336927223719677
"нашей" 0.00753721499905785 0.00666144853198328 0.012274155538099 0.0117924528301887
"недаром" 0.0263802524967025 0.00999217279797492 0 0.00842318059299191
"неужто" 0.0339174674957603 0 0 0.0151617250673854
"никому" 0.0113058224985868 0.00666144853198328 0.0024548311076198 0.0168463611859838
"нос" 0.0150744299981157 0.0149882591969624 0 0.00842318059299191
"образ" 0.0188430374976446 0.00666144853198328 0.0171838177533386 0.00336927223719677
"обратясь" 0.00376860749952892 0 0 0.0286388140161725
"оне" 0 0 0.0441869599371563 0
"остались" 0.0150744299981157 0.00333072426599164 0.0147289866457188 0.0101078167115903
"осталось" 0.0113058224985868 0.00666144853198328 0.00981932443047918 0.0117924528301887
"острог" 0.0565291124929339 0 0.00736449332285939 0
"отчего" 0.00753721499905785 0.00499608639898746 0 0.021900269541779
"петра" 0.048991897493876 0 0.012274155538099 0
"помочь" 0.0113058224985868 0.00499608639898746 0.0270031421838178 0.00168463611859838
"помощи" 0.0226116449971735 0.00666144853198328 0.0024548311076198 0.0117924528301887
"пошли" 0.0263802524967025 0.00999217279797492 0.00736449332285939 0.00336927223719677
"пришло" 0 0.00499608639898746 0.00490966221523959 0.021900269541779
"пустился" 0 0.0249804319949373 0.0024548311076198 0.00336927223719677
"ради" 0.0150744299981157 0.00166536213299582 0.00490966221523959 0.0185309973045822
"се" 0 0.0216497077289457 0 0.00842318059299191
"сестра" 0 0.00166536213299582 0.0294579732914375 0.00842318059299191
"сказали" 0.00376860749952892 0.0149882591969624 0.00981932443047918 0.00673854447439353
"солнца" 0.00376860749952892 0.0216497077289457 0 0.00673854447439353
"софроныч" 0 0 0 0.0303234501347709
"софье" 0 0 0.0368224666142969 0.00505390835579515
"степаныч" 0.0678349349915206 0 0 0
"страхом" 0 0.0216497077289457 0 0.00842318059299191
"судьба" 0 0.018318983462954 0.00736449332285939 0.00673854447439353
"схватил" 0.0150744299981157 0.00999217279797492 0.012274155538099 0.00505390835579515
"счастие" 0.00753721499905785 0.00166536213299582 0.0270031421838178 0.00673854447439353
"твое" 0.0150744299981157 0.0133228970639666 0.00981932443047918 0.00336927223719677
"твоего" 0.0226116449971735 0.0083268106649791 0.012274155538099 0.00336927223719677
"твои" 0.0150744299981157 0.0116575349309707 0.00736449332285939 0.00673854447439353
"улице" 0.0414546824948182 0.00666144853198328 0 0.00505390835579515
"хозяина" 0.0226116449971735 0.00499608639898746 0.00981932443047918 0.00842318059299191
"хотелось" 0 0.00166536213299582 0.0171838177533386 0.0168463611859838
"целовать" 0.00753721499905785 0 0.0343676355066771 0.00336927223719677
"целый" 0.0150744299981157 0.00166536213299582 0.00490966221523959 0.0185309973045822
"шел" 0.0188430374976446 0.0083268106649791 0 0.0134770889487871
"шум" 0 0.0116575349309707 0.012274155538099 0.0101078167115903
"бабы" 0 0.0266457941279331 0.0024548311076198 0
"бежать" 0.0226116449971735 0.0083268106649791 0.0024548311076198 0.00842318059299191
"бояре" 0 0.0283111562609289 0 0
"будем" 0.0113058224985868 0.00666144853198328 0.00981932443047918 0.0101078167115903
"ведаю" 0.00376860749952892 0.0266457941279331 0 0
"велела" 0 0.00499608639898746 0.0196386488609584 0.0101078167115903
"видал" 0.0150744299981157 0.0083268106649791 0.0024548311076198 0.0117924528301887
"владимиром" 0 0.00333072426599164 0 0.0252695417789757
"всякой" 0.0226116449971735 0.00333072426599164 0.0171838177533386 0.00336927223719677
"выше" 0.0226116449971735 0.00999217279797492 0.0024548311076198 0.00673854447439353
"гору" 0 0.0283111562609289 0 0
"гостя" 0.0150744299981157 0.0116575349309707 0.00490966221523959 0.00673854447439353
"губернии" 0 0 0 0.0286388140161725
"доверенность" 0 0.00166536213299582 0.0319128043990573 0.00505390835579515
"ждать" 0.0301488599962314 0.0133228970639666 0.0024548311076198 0
"забыла" 0.00376860749952892 0.00166536213299582 0.00736449332285939 0.0202156334231806
"записку" 0 0 0.0417321288295365 0
"заступ" 0.0640663274919917 0 0 0
"знак" 0.0113058224985868 0.0133228970639666 0.00981932443047918 0.00336927223719677
"кашпаровны" 0 0 0 0.0286388140161725
"кем" 0.0113058224985868 0.00999217279797492 0.00736449332285939 0.00842318059299191
"клары" 0 0 0 0.0286388140161725
"климу" 0 0 0 0.0286388140161725
"короткое" 0 0 0.0196386488609584 0.0151617250673854
"мечом" 0 0.0283111562609289 0 0
"молодая" 0.00753721499905785 0.0149882591969624 0.00490966221523959 0.00673854447439353
"моря" 0.0188430374976446 0.0199843455959498 0 0
"москве" 0 0.00333072426599164 0.0294579732914375 0.00505390835579515
"москвы" 0.00753721499905785 0 0.0368224666142969 0
"напротив" 0.00376860749952892 0.00166536213299582 0.0196386488609584 0.0117924528301887
"небу" 0.00753721499905785 0.0216497077289457 0.0024548311076198 0.00168463611859838
"нечаянно" 0.00376860749952892 0 0.00736449332285939 0.021900269541779
"никаких" 0 0.00166536213299582 0.024548311076198 0.0101078167115903
"новгород" 0 0.0283111562609289 0 0
"новые" 0.00753721499905785 0.0083268106649791 0 0.0168463611859838
"одни" 0.0263802524967025 0.00999217279797492 0 0.00673854447439353
"ожидал" 0 0.0116575349309707 0.00736449332285939 0.0117924528301887
"остался" 0.0188430374976446 0.00499608639898746 0.0147289866457188 0.00505390835579515
"острова" 0.048991897493876 0.00499608639898746 0 0.00168463611859838
"отвечает" 0 0.0283111562609289 0 0
"полночь" 0.0527605049934049 0.00333072426599164 0.0024548311076198 0
"положил" 0.0113058224985868 0.00499608639898746 0.0196386488609584 0.00505390835579515
"полтавской" 0.00376860749952892 0 0 0.0269541778975741
"понимаю" 0.0113058224985868 0.00166536213299582 0.0024548311076198 0.0202156334231806
"послы" 0 0.0283111562609289 0 0
"постели" 0.00376860749952892 0.00666144853198328 0.0147289866457188 0.0101078167115903
"пошла" 0.0263802524967025 0.00333072426599164 0.00736449332285939 0.00842318059299191
"пояс" 0.00753721499905785 0.0233150698619415 0 0.00168463611859838
"прибавил" 0.00753721499905785 0.00333072426599164 0.0220934799685782 0.00673854447439353
"приезда" 0.00376860749952892 0.00166536213299582 0.00981932443047918 0.0185309973045822
"признаться" 0.00753721499905785 0 0.00981932443047918 0.0185309973045822
"приходило" 0 0.00166536213299582 0.00490966221523959 0.0235849056603774
"произнесла" 0 0.0266457941279331 0 0.00168463611859838
"просьбу" 0.00376860749952892 0 0.0368224666142969 0.00168463611859838
"прошел" 0 0.0083268106649791 0.0171838177533386 0.00842318059299191
"птица" 0 0.0283111562609289 0 0
"раздалось" 0.00376860749952892 0.0266457941279331 0 0
"роду" 0.0113058224985868 0.0166536213299582 0.0024548311076198 0.00505390835579515
"русских" 0.00376860749952892 0.0216497077289457 0.00490966221523959 0.00168463611859838
"селе" 0 0.0199843455959498 0 0.00842318059299191
"сидоровичу" 0 0 0 0.0286388140161725
"сказано" 0.0226116449971735 0.00666144853198328 0.00981932443047918 0.00505390835579515
"скачет" 0 0.0283111562609289 0 0
"службу" 0.00376860749952892 0.018318983462954 0.00736449332285939 0.00336927223719677
"смотрит" 0 0.0266457941279331 0.0024548311076198 0
"стали" 0.0113058224985868 0.018318983462954 0.0024548311076198 0.00336927223719677
"старалась" 0.00753721499905785 0 0.00981932443047918 0.0185309973045822
"старушка" 0.00376860749952892 0.00333072426599164 0.024548311076198 0.00673854447439353
"сторон" 0.0150744299981157 0.018318983462954 0.0024548311076198 0.00168463611859838
"суд" 0.00376860749952892 0.00999217279797492 0.0220934799685782 0.00168463611859838
"тетушку" 0 0 0.00736449332285939 0.0235849056603774
"тысяцкого" 0 0.0283111562609289 0 0
"уверена" 0 0 0.0196386488609584 0.0151617250673854
"ужасом" 0.0226116449971735 0.0116575349309707 0.00490966221523959 0.00336927223719677
"улицу" 0.0376860749952892 0.00666144853198328 0 0.00505390835579515
"ходит" 0.00376860749952892 0.0166536213299582 0.00490966221523959 0.00673854447439353
"цели" 0.00753721499905785 0.00499608639898746 0.0147289866457188 0.0101078167115903
"цыган" 0 0.00166536213299582 0 0.0269541778975741
"часа" 0 0.00499608639898746 0.012274155538099 0.0151617250673854
"чувств" 0.00376860749952892 0.00999217279797492 0.012274155538099 0.00842318059299191
"шапку" 0.00376860749952892 0.0233150698619415 0 0.00336927223719677
"языка" 0 0.00666144853198328 0.0024548311076198 0.0202156334231806
"авось" 0.0226116449971735 0.00333072426599164 0.0171838177533386 0.00168463611859838
"александр" 0.0565291124929339 0.00166536213299582 0 0
"барышень" 0 0 0 0.0269541778975741
"берег" 0.0414546824948182 0.0083268106649791 0 0
"блистовскому" 0 0 0 0.0269541778975741
"богатство" 0.00753721499905785 0.0166536213299582 0.00981932443047918 0
"боиборзовна" 0 0.0266457941279331 0 0
"бумаги" 0.0226116449971735 0 0.00981932443047918 0.0101078167115903
"бывало" 0.00753721499905785 0 0.012274155538099 0.0151617250673854
"веры" 0.00376860749952892 0.0133228970639666 0 0.0117924528301887
"весть" 0.00376860749952892 0.0216497077289457 0 0.00336927223719677
"видела" 0 0.00333072426599164 0.0147289866457188 0.0134770889487871
"видите" 0 0.00166536213299582 0.0171838177533386 0.0134770889487871
"власти" 0 0.0166536213299582 0.00490966221523959 0.00673854447439353
"вновь" 0.00376860749952892 0.00166536213299582 0.0171838177533386 0.0117924528301887
"водою" 0.0113058224985868 0.0149882591969624 0.00981932443047918 0
"воду" 0.0226116449971735 0.0116575349309707 0.00490966221523959 0.00168463611859838
"волха" 0 0.0266457941279331 0 0
"вси" 0 0.0249804319949373 0.0024548311076198 0
"говорили" 0.00753721499905785 0.00666144853198328 0.012274155538099 0.00842318059299191
"голод" 0.00376860749952892 0.0249804319949373 0 0
"горько" 0 0.00666144853198328 0.00981932443047918 0.0134770889487871
"досадою" 0.00753721499905785 0.00499608639898746 0.012274155538099 0.0101078167115903
"другим" 0.0113058224985868 0.00499608639898746 0.00981932443047918 0.0101078167115903
"желание" 0.00376860749952892 0.00499608639898746 0.012274155538099 0.0117924528301887
"ивич" 0 0.0266457941279331 0 0
"идут" 0 0.0233150698619415 0.0024548311076198 0.00168463611859838
"избу" 0.00376860749952892 0.0199843455959498 0 0.00505390835579515
"имею" 0.00376860749952892 0.00333072426599164 0.0147289866457188 0.0117924528301887
"иные" 0.00376860749952892 0.00666144853198328 0.012274155538099 0.0101078167115903
"карман" 0.0414546824948182 0 0.00981932443047918 0.00168463611859838
"климовна" 0 0 0 0.0269541778975741
"княжеского" 0 0.0249804319949373 0.0024548311076198 0
"князей" 0 0.0266457941279331 0 0
"летит" 0.00376860749952892 0.0249804319949373 0 0
"меду" 0 0.0266457941279331 0 0
"мириану" 0 0.0266457941279331 0 0
"моею" 0.0150744299981157 0.00666144853198328 0.012274155538099 0.00505390835579515
"можешь" 0.0113058224985868 0.00333072426599164 0.0147289866457188 0.00842318059299191
"молча" 0 0.0216497077289457 0 0.00505390835579515
"молчание" 0.00753721499905785 0.00666144853198328 0.0024548311076198 0.0151617250673854
"наперед" 0.0150744299981157 0 0.00736449332285939 0.0151617250673854
"например" 0.00376860749952892 0.00333072426599164 0.00981932443047918 0.0151617250673854
"неба" 0.00753721499905785 0.0199843455959498 0.0024548311076198 0.00168463611859838
"некоторые" 0 0 0.024548311076198 0.0101078167115903
"немедленно" 0.00753721499905785 0 0.00736449332285939 0.0185309973045822
"ничем" 0 0.00666144853198328 0.0270031421838178 0.00168463611859838
"ожидали" 0 0.00666144853198328 0.00981932443047918 0.0134770889487871
"отвечали" 0 0.0149882591969624 0.00736449332285939 0.00673854447439353
"отцу" 0.0150744299981157 0.0116575349309707 0.0024548311076198 0.00673854447439353
"отъезда" 0 0.00333072426599164 0.012274155538099 0.0151617250673854
"пить" 0 0.00499608639898746 0.0270031421838178 0.00336927223719677
"поднял" 0.0188430374976446 0.0133228970639666 0.0024548311076198 0.00336927223719677
"подобно" 0.0113058224985868 0.0166536213299582 0 0.00505390835579515
"показалось" 0.00753721499905785 0.00166536213299582 0 0.021900269541779
"поклон" 0 0.0266457941279331 0 0
"поклонился" 0.00753721499905785 0.0116575349309707 0.00736449332285939 0.00673854447439353
"посмотрел" 0.0150744299981157 0.0133228970639666 0 0.00673854447439353
"поспешил" 0.00753721499905785 0 0.0171838177533386 0.0117924528301887
"преодолеть" 0 0.00166536213299582 0.0196386488609584 0.0117924528301887
"приказчик" 0.0376860749952892 0 0 0.0101078167115903
"прости" 0.0113058224985868 0.00666144853198328 0.0024548311076198 0.0134770889487871
"пута" 0 0.0266457941279331 0 0
"свадьбу" 0.0226116449971735 0.00999217279797492 0.0024548311076198 0.00505390835579515
"свельда" 0 0.0266457941279331 0 0
"свияжской" 0 0 0.0392772977219167 0
"сим" 0.0301488599962314 0.00166536213299582 0.0024548311076198 0.0101078167115903
"скажу" 0.0188430374976446 0.0083268106649791 0 0.0101078167115903
"сказав" 0.0226116449971735 0.00166536213299582 0.012274155538099 0.00673854447439353
"случалось" 0.00753721499905785 0.00499608639898746 0 0.0185309973045822
"смотрела" 0.00376860749952892 0.00666144853198328 0.0147289866457188 0.00842318059299191
"сне" 0 0.0149882591969624 0.0024548311076198 0.0101078167115903
"софроныча" 0 0 0 0.0269541778975741
"стала" 0.00376860749952892 0.0133228970639666 0.012274155538099 0.00336927223719677
"станции" 0 0 0 0.0269541778975741
"страха" 0.00753721499905785 0.0133228970639666 0 0.0101078167115903
"стры" 0 0.0266457941279331 0 0
"судья" 0 0 0.0368224666142969 0.00168463611859838
"считал" 0.00753721499905785 0.00666144853198328 0 0.0168463611859838
"такую" 0.00376860749952892 0.00499608639898746 0.0196386488609584 0.00673854447439353
"твердо" 0.00753721499905785 0.00166536213299582 0.00736449332285939 0.0168463611859838
"трое" 0.0527605049934049 0 0 0.00336927223719677
"уважение" 0 0.00333072426599164 0.0147289866457188 0.0134770889487871
"удовольствием" 0 0.00166536213299582 0.0147289866457188 0.0151617250673854
"узнала" 0.00376860749952892 0.00333072426599164 0.00736449332285939 0.0168463611859838
"умел" 0.00753721499905785 0.00333072426599164 0.00981932443047918 0.0134770889487871
"храм" 0.0150744299981157 0.018318983462954 0.0024548311076198 0
"хуже" 0.00376860749952892 0.00333072426599164 0.0024548311076198 0.0202156334231806
"хуторе" 0 0 0 0.0269541778975741
"царя" 0.0376860749952892 0.0083268106649791 0 0.00168463611859838
"часу" 0.00753721499905785 0.00499608639898746 0.0147289866457188 0.00842318059299191
"читать" 0.0263802524967025 0.00333072426599164 0.00736449332285939 0.00673854447439353
"чувства" 0.00376860749952892 0.00999217279797492 0.0220934799685782 0
"алексей" 0 0 0.0368224666142969 0
"атамана" 0 0 0.00490966221523959 0.021900269541779
"барвенова" 0 0 0 0.0252695417789757
"барвенове" 0 0 0 0.0252695417789757
"бедный" 0.0188430374976446 0.00499608639898746 0 0.0117924528301887
"бежит" 0.0113058224985868 0.0199843455959498 0 0
"блистовским" 0 0 0 0.0252695417789757
"богом" 0.00753721499905785 0.00999217279797492 0.0024548311076198 0.0101078167115903
"боиборзовны" 0 0.0249804319949373 0 0
"бороду" 0.0188430374976446 0.0149882591969624 0 0.00168463611859838
"боярыня" 0 0.0249804319949373 0 0
"быв" 0 0 0.0147289866457188 0.0151617250673854
"ваш" 0 0.00499608639898746 0.0171838177533386 0.00842318059299191
"вдоль" 0.0150744299981157 0.018318983462954 0 0
"влево" 0.00753721499905785 0.018318983462954 0 0.00336927223719677
"вниманием" 0.00376860749952892 0.00499608639898746 0.00981932443047918 0.0117924528301887
"ворот" 0.00376860749952892 0.018318983462954 0.00490966221523959 0.00168463611859838
"вполголоса" 0.0263802524967025 0 0 0.0134770889487871
"встал" 0.0113058224985868 0.0116575349309707 0.00490966221523959 0.00505390835579515
"г" 0 0.00666144853198328 0.0270031421838178 0
"го" 0.0188430374976446 0.0133228970639666 0.00490966221523959 0
"головою" 0.00753721499905785 0.00499608639898746 0.00736449332285939 0.0117924528301887
"дали" 0 0.0133228970639666 0.012274155538099 0.00336927223719677
"даст" 0 0.00666144853198328 0.0171838177533386 0.00673854447439353
"действовать" 0.00376860749952892 0 0.024548311076198 0.00673854447439353
"досады" 0.0113058224985868 0.0149882591969624 0.0024548311076198 0.00336927223719677
"доспехи" 0 0.0249804319949373 0 0
"дяди" 0.00376860749952892 0.00166536213299582 0.0319128043990573 0
"ехал" 0 0.018318983462954 0 0.00673854447439353
"знакомых" 0.00753721499905785 0.00333072426599164 0.00736449332285939 0.0134770889487871
"кара" 0 0.0249804319949373 0 0
"княжеские" 0 0.0249804319949373 0 0
"коли" 0.0263802524967025 0.0116575349309707 0.0024548311076198 0
"конца" 0 0.0149882591969624 0.00490966221523959 0.00673854447439353
"красного" 0.0113058224985868 0.018318983462954 0.0024548311076198 0
"красные" 0 0.018318983462954 0.0024548311076198 0.00505390835579515
"левой" 0.0188430374976446 0.0166536213299582 0 0
"любила" 0.00753721499905785 0.00499608639898746 0.0147289866457188 0.00673854447439353
"маменька" 0 0 0.0319128043990573 0.00336927223719677
"меры" 0.00376860749952892 0.00333072426599164 0.0171838177533386 0.00842318059299191
"младень" 0 0.0249804319949373 0 0
"монастырь" 0 0.00166536213299582 0 0.0235849056603774
"насильно" 0.0113058224985868 0.00166536213299582 0.00736449332285939 0.0134770889487871
"невеста" 0.00753721499905785 0.0149882591969624 0.0024548311076198 0.00505390835579515
"невесту" 0.0113058224985868 0.0166536213299582 0.00490966221523959 0
"невы" 0.0527605049934049 0 0 0.00168463611859838
"недолго" 0.00376860749952892 0.00166536213299582 0.0171838177533386 0.0101078167115903
"неоднократно" 0 0 0.0024548311076198 0.0235849056603774
"неужели" 0.0113058224985868 0 0.0270031421838178 0.00168463611859838
"ничто" 0.00753721499905785 0.00499608639898746 0.0147289866457188 0.00673854447439353
"ногам" 0.0150744299981157 0.00999217279797492 0 0.00842318059299191
"нравится" 0.0150744299981157 0.00333072426599164 0.0024548311076198 0.0134770889487871
"обращаясь" 0 0.00166536213299582 0.0319128043990573 0.00168463611859838
"одному" 0.0113058224985868 0.00333072426599164 0.00981932443047918 0.0101078167115903
"оного" 0.0150744299981157 0 0 0.0185309973045822
"полку" 0 0.018318983462954 0.0024548311076198 0.00505390835579515
"полной" 0 0 0.0294579732914375 0.00505390835579515
"пользу" 0.00376860749952892 0.00166536213299582 0.024548311076198 0.00505390835579515
"помилуй" 0.0188430374976446 0.00499608639898746 0.00490966221523959 0.00842318059299191
"помилуйте" 0.0113058224985868 0 0.0147289866457188 0.0101078167115903
"приблизился" 0.0150744299981157 0.0116575349309707 0 0.00673854447439353
"приезде" 0.00376860749952892 0 0.0220934799685782 0.00842318059299191
"птицы" 0 0.0233150698619415 0 0.00168463611859838
"размышления" 0.0113058224985868 0 0.00736449332285939 0.0151617250673854
"разные" 0.0150744299981157 0.00666144853198328 0.00490966221523959 0.00842318059299191
"разумеется" 0.00376860749952892 0.00166536213299582 0.0220934799685782 0.00673854447439353
"рот" 0.00376860749952892 0.0166536213299582 0 0.00673854447439353
"рука" 0.00753721499905785 0.0166536213299582 0 0.00505390835579515
"сад" 0.00376860749952892 0.00666144853198328 0.0147289866457188 0.00673854447439353
"сада" 0.0226116449971735 0.00333072426599164 0.012274155538099 0.00336927223719677
"самую" 0.00376860749952892 0 0.0220934799685782 0.00842318059299191
"семь" 0.0113058224985868 0.0199843455959498 0 0
"словам" 0 0.0149882591969624 0 0.0101078167115903
"словен" 0 0.0249804319949373 0 0
"согласился" 0 0.00666144853198328 0.012274155538099 0.0101078167115903
"сомнения" 0.00753721499905785 0 0.00490966221523959 0.0185309973045822
"старался" 0.0150744299981157 0 0.00981932443047918 0.0117924528301887
"сундуков" 0 0 0.0368224666142969 0
"счастия" 0.0113058224985868 0 0.0171838177533386 0.00842318059299191
"та" 0.00376860749952892 0.0116575349309707 0.0024548311076198 0.0101078167115903
"такая" 0.00753721499905785 0.00499608639898746 0.00981932443047918 0.0101078167115903
"таки" 0.0150744299981157 0 0.0024548311076198 0.0168463611859838
"татар" 0 0.0249804319949373 0 0
"тетенька" 0 0 0 0.0252695417789757
"тише" 0.00376860749952892 0.00999217279797492 0 0.0134770889487871
"троицкой" 0.0565291124929339 0 0 0
"тщетно" 0.00376860749952892 0.00666144853198328 0.0024548311076198 0.0151617250673854
"узнав" 0 0.00499608639898746 0.00981932443047918 0.0134770889487871
"упала" 0 0.0083268106649791 0.012274155538099 0.00842318059299191
"фрипоненкова" 0 0 0.0368224666142969 0
"хана" 0 0.0249804319949373 0 0
"хотите" 0.00753721499905785 0 0.00736449332285939 0.0168463611859838
"челядь" 0 0.0233150698619415 0 0.00168463611859838
"читатель" 0 0.0133228970639666 0 0.0117924528301887
"чувствую" 0.00376860749952892 0.00333072426599164 0.0220934799685782 0.00505390835579515
"шагов" 0.0226116449971735 0 0.00490966221523959 0.0117924528301887
"шубину" 0.0565291124929339 0 0 0
"эй" 0.0150744299981157 0.0133228970639666 0.00736449332285939 0
"юли" 0 0.0249804319949373 0 0
"ящике" 0.0565291124929339 0 0 0
"австерии" 0.0527605049934049 0 0 0
"андреевне" 0 0 0 0.0235849056603774
"болезни" 0.00753721499905785 0.00166536213299582 0.024548311076198 0.00168463611859838
"болезнь" 0 0 0.024548311076198 0.00673854447439353
"большей" 0 0 0.0343676355066771 0
"боюсь" 0.0113058224985868 0.00166536213299582 0.00490966221523959 0.0134770889487871
"братец" 0.0150744299981157 0 0.0196386488609584 0.00336927223719677
"ваша" 0.0113058224985868 0 0.012274155538099 0.0101078167115903
"вашей" 0.00376860749952892 0 0.0196386488609584 0.00842318059299191
"ваши" 0 0.00333072426599164 0.0024548311076198 0.0185309973045822
"вдали" 0.0113058224985868 0.0133228970639666 0 0.00505390835579515
"верхом" 0.00376860749952892 0.018318983462954 0.0024548311076198 0.00168463611859838
"взглянула" 0 0.0083268106649791 0 0.0151617250673854
"взор" 0.00753721499905785 0.0133228970639666 0.0024548311076198 0.00505390835579515
"видели" 0 0.0083268106649791 0.00490966221523959 0.0117924528301887
"вином" 0.00376860749952892 0.0166536213299582 0.00736449332285939 0
"вошла" 0.0113058224985868 0.00333072426599164 0.00981932443047918 0.00842318059299191
"вспомнил" 0.0113058224985868 0.00666144853198328 0.00736449332285939 0.00673854447439353
"горести" 0.0113058224985868 0.00166536213299582 0.0171838177533386 0.00505390835579515
"двумя" 0.0188430374976446 0.00666144853198328 0 0.00842318059299191
"дорогою" 0 0.0083268106649791 0.0147289866457188 0.00505390835579515
"жили" 0.0188430374976446 0.00499608639898746 0.00981932443047918 0.00336927223719677
"жук" 0 0.0233150698619415 0 0
"ивора" 0 0.0233150698619415 0 0
"каждого" 0.00753721499905785 0.00666144853198328 0.00490966221523959 0.0101078167115903
"картину" 0.048991897493876 0.00166536213299582 0 0
"княгини" 0.00376860749952892 0.0166536213299582 0.00736449332285939 0
"конец" 0.00753721499905785 0.0083268106649791 0.00736449332285939 0.00673854447439353
"крест" 0 0.00999217279797492 0.0024548311076198 0.0117924528301887
"крыльцо" 0.00753721499905785 0.0116575349309707 0.00736449332285939 0.00336927223719677
"купить" 0.00753721499905785 0.00333072426599164 0.0171838177533386 0.00505390835579515
"лук" 0 0.0233150698619415 0 0
"лукавиной" 0 0 0.0343676355066771 0
"любопытство" 0 0.00666144853198328 0.00490966221523959 0.0134770889487871
"марию" 0.048991897493876 0.00166536213299582 0 0
"месяц" 0.00376860749952892 0.018318983462954 0.00490966221523959 0
"милость" 0.00753721499905785 0.00999217279797492 0.0147289866457188 0
"мужу" 0 0.00499608639898746 0.0147289866457188 0.00842318059299191
"н" 0 0.0116575349309707 0.012274155538099 0.00336927223719677
"надежды" 0.00753721499905785 0.00166536213299582 0.0171838177533386 0.00673854447439353
"написать" 0.0113058224985868 0 0.0147289866457188 0.00842318059299191
"наружности" 0.0113058224985868 0.00666144853198328 0.00736449332285939 0.00673854447439353
"настоящего" 0 0.0133228970639666 0.00736449332285939 0.00505390835579515
"невесте" 0.0226116449971735 0.00666144853198328 0.00736449332285939 0.00168463611859838
"неожиданно" 0.0150744299981157 0 0.0024548311076198 0.0151617250673854
"объятия" 0.00753721499905785 0.0083268106649791 0.012274155538099 0.00336927223719677
"окаянный" 0.0113058224985868 0.018318983462954 0 0
"отправиться" 0.00753721499905785 0.00499608639898746 0.0024548311076198 0.0134770889487871
"оттуда" 0.00376860749952892 0.00499608639898746 0.0024548311076198 0.0151617250673854
"отчаянии" 0.00753721499905785 0 0.024548311076198 0.00336927223719677
"охотник" 0.0150744299981157 0.00333072426599164 0.0196386488609584 0
"печи" 0 0.0233150698619415 0 0
"плакать" 0.00376860749952892 0.00499608639898746 0.0147289866457188 0.00673854447439353
"повели" 0.00376860749952892 0.018318983462954 0 0.00336927223719677
"повесть" 0.0113058224985868 0.018318983462954 0 0
"поговорить" 0.00753721499905785 0 0.0024548311076198 0.0185309973045822
"подобных" 0.00753721499905785 0.00499608639898746 0.012274155538099 0.00673854447439353
"покойный" 0.00753721499905785 0 0.00490966221523959 0.0168463611859838
"положили" 0.00376860749952892 0.00999217279797492 0.00981932443047918 0.00505390835579515
"полтаву" 0 0 0 0.0235849056603774
"порядком" 0.00753721499905785 0.00666144853198328 0.0171838177533386 0.00168463611859838
"правой" 0.0150744299981157 0.0149882591969624 0 0.00168463611859838
"приехала" 0 0 0.00736449332285939 0.0185309973045822
"приехать" 0 0.00166536213299582 0.012274155538099 0.0134770889487871
"прощай" 0.0113058224985868 0.00666144853198328 0.0024548311076198 0.0101078167115903
"раздается" 0 0.0233150698619415 0 0
"рассказ" 0.00753721499905785 0.0116575349309707 0.00490966221523959 0.00505390835579515
"рассказал" 0.0150744299981157 0.00333072426599164 0.00736449332285939 0.00842318059299191
"рассказывать" 0 0.00666144853198328 0.0024548311076198 0.0151617250673854
"родных" 0 0.00333072426599164 0.0220934799685782 0.00505390835579515
"ружье" 0.0527605049934049 0 0 0
"руке" 0.00376860749952892 0.00999217279797492 0.0024548311076198 0.0101078167115903
"русское" 0.00753721499905785 0.0166536213299582 0 0.00336927223719677
"самим" 0.00753721499905785 0.00166536213299582 0.00981932443047918 0.0117924528301887
"самые" 0.00376860749952892 0 0.0171838177533386 0.0101078167115903
"свету" 0 0.0149882591969624 0.0024548311076198 0.00673854447439353
"симон" 0 0.0233150698619415 0 0
"сколь" 0 0.00166536213299582 0.0024548311076198 0.0202156334231806
"следовал" 0.00753721499905785 0.0166536213299582 0 0.00336927223719677
"служить" 0 0.00666144853198328 0.00736449332285939 0.0117924528301887
"совет" 0.00376860749952892 0.0116575349309707 0.00736449332285939 0.00505390835579515
"стыдно" 0 0.00333072426599164 0.00981932443047918 0.0134770889487871
"счет" 0.00753721499905785 0.00166536213299582 0.0171838177533386 0.00673854447439353
"татарин" 0 0.0233150698619415 0 0
"твоему" 0.0188430374976446 0.00499608639898746 0.012274155538099 0.00168463611859838
"толпе" 0.00753721499905785 0.0149882591969624 0 0.00505390835579515
"увидели" 0.0150744299981157 0.00666144853198328 0.00736449332285939 0.00505390835579515
"уме" 0.00753721499905785 0.00499608639898746 0 0.0151617250673854
"участь" 0.00376860749952892 0.00333072426599164 0.0024548311076198 0.0168463611859838
"части" 0.00753721499905785 0.0083268106649791 0.00981932443047918 0.00505390835579515
"часы" 0.0301488599962314 0 0.012274155538099 0.00168463611859838
"яснельда" 0 0.0233150698619415 0 0
"аглаевым" 0 0 0.0319128043990573 0
"банк" 0 0 0.0319128043990573 0
"беду" 0.0150744299981157 0.0116575349309707 0.0024548311076198 0.00168463611859838
"беспокойство" 0.00376860749952892 0.00166536213299582 0.00981932443047918 0.0117924528301887
"богатырю" 0 0.0216497077289457 0 0
"борода" 0.0150744299981157 0.00999217279797492 0.0024548311076198 0.00336927223719677
"боялся" 0.00753721499905785 0.00333072426599164 0.00490966221523959 0.0117924528301887
"будища" 0 0 0 0.021900269541779
"бывший" 0.00753721499905785 0.00499608639898746 0.00490966221523959 0.0101078167115903
"василий" 0 0.00333072426599164 0 0.0185309973045822
"вельтман" 0 0.0216497077289457 0 0
"верный" 0 0.018318983462954 0.0024548311076198 0.00168463611859838
"вечеру" 0.00753721499905785 0.00499608639898746 0.0171838177533386 0.00168463611859838
"вещи" 0.0113058224985868 0.0116575349309707 0.0024548311076198 0.00336927223719677
"взгляд" 0 0.00499608639898746 0.00981932443047918 0.0101078167115903
"вздохом" 0.00376860749952892 0.00499608639898746 0.0196386488609584 0.00168463611859838
"взяла" 0.0150744299981157 0.00166536213299582 0.00736449332285939 0.00842318059299191
"виду" 0 0.00166536213299582 0.0171838177533386 0.00842318059299191
"виновата" 0 0 0.012274155538099 0.0134770889487871
"витязя" 0 0.0216497077289457 0 0
"вкруг" 0.00376860749952892 0.0199843455959498 0 0
"воле" 0.00376860749952892 0.0116575349309707 0.0024548311076198 0.00673854447439353
"вскакивает" 0 0.0216497077289457 0 0
"вскочив" 0.0150744299981157 0.00499608639898746 0.00736449332285939 0.00505390835579515
"вскочил" 0.00753721499905785 0.0116575349309707 0.0024548311076198 0.00505390835579515
"вынул" 0.0113058224985868 0.00499608639898746 0.0147289866457188 0.00168463611859838
"гнев" 0.00753721499905785 0.00666144853198328 0.00736449332285939 0.00673854447439353
"говорите" 0.00376860749952892 0.00166536213299582 0.0024548311076198 0.0168463611859838
"господин" 0.00376860749952892 0.018318983462954 0 0.00168463611859838
"гостиную" 0 0 0.0220934799685782 0.00673854447439353
"де" 0.00753721499905785 0.018318983462954 0 0
"девиер" 0.048991897493876 0 0 0
"дерева" 0.0113058224985868 0.0133228970639666 0.0024548311076198 0.00168463611859838
"деревне" 0 0.00333072426599164 0.012274155538099 0.0101078167115903
"долга" 0.0414546824948182 0 0.0024548311076198 0.00168463611859838
"долее" 0.00376860749952892 0.00166536213299582 0.00490966221523959 0.0151617250673854
"дурно" 0 0 0.0294579732914375 0.00168463611859838
"забыть" 0 0.00499608639898746 0.00736449332285939 0.0117924528301887
"земель" 0 0.0216497077289457 0 0
"знали" 0 0.00499608639898746 0.012274155538099 0.00842318059299191
"известны" 0 0.00166536213299582 0.0147289866457188 0.0101078167115903
"извините" 0 0 0 0.021900269541779
"имения" 0 0 0.0270031421838178 0.00336927223719677
"инфортунатов" 0 0 0.0319128043990573 0
"какому" 0.00376860749952892 0.00666144853198328 0.0147289866457188 0.00336927223719677
"каменный" 0.0226116449971735 0 0 0.0117924528301887
"кармана" 0.0226116449971735 0 0.00981932443047918 0.00505390835579515
"картины" 0.0414546824948182 0 0 0.00336927223719677
"карты" 0.00376860749952892 0 0.024548311076198 0.00336927223719677
"климом" 0 0 0 0.021900269541779
"кожух" 0 0.0199843455959498 0 0.00168463611859838
"колени" 0 0.0133228970639666 0.00736449332285939 0.00336927223719677
"кончить" 0.00376860749952892 0.00999217279797492 0.00490966221523959 0.00673854447439353
"красная" 0 0.0216497077289457 0 0
"кровати" 0 0.0116575349309707 0.012274155538099 0.00168463611859838
"крыльца" 0 0.0149882591969624 0 0.00673854447439353
"крылья" 0 0.0216497077289457 0 0
"кстати" 0.00753721499905785 0.00166536213299582 0.0171838177533386 0.00505390835579515
"кусок" 0.00376860749952892 0.0149882591969624 0.00736449332285939 0
"ласково" 0.00376860749952892 0.00499608639898746 0 0.0151617250673854
"лично" 0.00376860749952892 0.00166536213299582 0.0171838177533386 0.00673854447439353
"малейшего" 0.00376860749952892 0.00333072426599164 0 0.0168463611859838
"машенька" 0.0188430374976446 0 0 0.0134770889487871
"минут" 0.0113058224985868 0.00499608639898746 0.00736449332285939 0.00673854447439353
"мира" 0.0150744299981157 0.00999217279797492 0.00490966221523959 0.00168463611859838
"мнению" 0.00376860749952892 0 0 0.0202156334231806
"мной" 0.0339174674957603 0.00666144853198328 0 0
"молчал" 0 0.0199843455959498 0.0024548311076198 0
"монастыре" 0 0 0.0024548311076198 0.0202156334231806
"мысленно" 0.00376860749952892 0.00499608639898746 0 0.0151617250673854
"навстречу" 0.00753721499905785 0.0149882591969624 0 0.00336927223719677
"называли" 0.0113058224985868 0.00499608639898746 0.012274155538099 0.00336927223719677
"намерением" 0.0113058224985868 0.00166536213299582 0.0147289866457188 0.00505390835579515
"наша" 0.0113058224985868 0.00166536213299582 0.012274155538099 0.00673854447439353
"небе" 0.00753721499905785 0.0149882591969624 0 0.00336927223719677
"несчастия" 0.00376860749952892 0 0.0196386488609584 0.00673854447439353
"новое" 0 0.00666144853198328 0.012274155538099 0.00673854447439353
"нужды" 0.0188430374976446 0.00166536213299582 0.00490966221523959 0.00842318059299191
"обеими" 0.00753721499905785 0.0083268106649791 0.0024548311076198 0.00842318059299191
"обнял" 0.00376860749952892 0.0199843455959498 0 0
"обратился" 0 0.0133228970639666 0.00490966221523959 0.00505390835579515
"обязанность" 0 0 0.0270031421838178 0.00336927223719677
"опасности" 0.00376860749952892 0 0.00981932443047918 0.0134770889487871
"остается" 0.00376860749952892 0.0116575349309707 0.0024548311076198 0.00673854447439353
"острове" 0.0452232899943471 0.00166536213299582 0 0
"отправилась" 0 0.00166536213299582 0.012274155538099 0.0117924528301887
"плакала" 0 0.00166536213299582 0.0171838177533386 0.00842318059299191
"плач" 0 0.018318983462954 0.00490966221523959 0
"подошла" 0.00376860749952892 0.00166536213299582 0.00981932443047918 0.0117924528301887
"позвать" 0.00753721499905785 0.00333072426599164 0.012274155538099 0.00673854447439353
"помнит" 0 0.0199843455959498 0 0.00168463611859838
"поспешно" 0.00753721499905785 0 0.0024548311076198 0.0168463611859838
"постепенно" 0.00376860749952892 0 0.0294579732914375 0
"постой" 0.0150744299981157 0.00333072426599164 0.0171838177533386 0
"поступил" 0.00376860749952892 0.00333072426599164 0.024548311076198 0
"прежнего" 0.00376860749952892 0.00499608639898746 0.00490966221523959 0.0117924528301887
"прежнему" 0.0113058224985868 0 0.0196386488609584 0.00336927223719677
"пяти" 0.00376860749952892 0.0083268106649791 0.00736449332285939 0.00673854447439353
"пять" 0.0301488599962314 0.00166536213299582 0.0024548311076198 0.00505390835579515
"разговора" 0.00753721499905785 0 0.0147289866457188 0.00842318059299191
"рамирский" 0 0 0.0319128043990573 0
"рассказы" 0 0.00666144853198328 0.0024548311076198 0.0134770889487871
"реку" 0.00376860749952892 0.0199843455959498 0 0
"речи" 0.00753721499905785 0.018318983462954 0 0
"русские" 0 0.0149882591969624 0.0024548311076198 0.00505390835579515
"русь" 0 0.0216497077289457 0 0
"светлый" 0 0.0216497077289457 0 0
"селения" 0 0.0133228970639666 0.0024548311076198 0.00673854447439353
"сердито" 0.0113058224985868 0.0149882591969624 0 0.00168463611859838
"сидоровичем" 0 0 0 0.021900269541779
"силах" 0 0 0.00490966221523959 0.0185309973045822
"скажет" 0.0188430374976446 0.00333072426599164 0.0024548311076198 0.00842318059299191
"слуга" 0 0.00666144853198328 0.00490966221523959 0.0117924528301887
"смотрели" 0.0113058224985868 0.00499608639898746 0.00490966221523959 0.00842318059299191
"собой" 0.0150744299981157 0.0116575349309707 0.0024548311076198 0.00168463611859838
"советовал" 0.00753721499905785 0 0.0220934799685782 0.00336927223719677
"соничка" 0 0 0.0319128043990573 0
"софе" 0 0.00499608639898746 0 0.0168463611859838
"среди" 0.00376860749952892 0.00666144853198328 0.012274155538099 0.00505390835579515
"страсть" 0.00753721499905785 0.00333072426599164 0.012274155538099 0.00673854447439353
"судьбу" 0 0.00666144853198328 0.012274155538099 0.00673854447439353
"тысячи" 0.0263802524967025 0.00333072426599164 0.00981932443047918 0
"удивления" 0.00753721499905785 0.0083268106649791 0 0.0101078167115903
"узнали" 0 0.00499608639898746 0.00736449332285939 0.0117924528301887
"употребить" 0.00376860749952892 0.00166536213299582 0.0220934799685782 0.00336927223719677
"ухо" 0.0113058224985868 0.00999217279797492 0 0.00673854447439353
"участие" 0 0.00499608639898746 0.00981932443047918 0.0101078167115903
"ходят" 0 0.0166536213299582 0.0024548311076198 0.00336927223719677
"целуя" 0.00376860749952892 0 0.0294579732914375 0
"чаю" 0.00753721499905785 0 0.00981932443047918 0.0117924528301887
"человеком" 0 0 0.0196386488609584 0.00842318059299191
"человеку" 0.0113058224985868 0.00333072426599164 0.00981932443047918 0.00673854447439353
"черты" 0.00376860749952892 0.00166536213299582 0.00490966221523959 0.0151617250673854
"читателям" 0.0113058224985868 0.00666144853198328 0 0.0101078167115903
"чувствовала" 0 0 0.00981932443047918 0.0151617250673854
"чуть" 0.0226116449971735 0 0.00490966221523959 0.00842318059299191
"шагами" 0.00376860749952892 0.0083268106649791 0.00490966221523959 0.00842318059299191
"ma" 0 0.0083268106649791 0 0.0134770889487871
"алексея" 0 0 0.0294579732914375 0
"анну" 0 0.00166536213299582 0 0.0185309973045822
"берет" 0 0.0149882591969624 0.00490966221523959 0.00168463611859838
"богатырей" 0 0.0199843455959498 0 0
"боиборзовну" 0 0.0199843455959498 0 0
"братом" 0.0113058224985868 0.00333072426599164 0.012274155538099 0.00336927223719677
"бьет" 0.0113058224985868 0.0149882591969624 0 0
"вашу" 0 0.00333072426599164 0.012274155538099 0.00842318059299191
"ведут" 0 0.0166536213299582 0.0024548311076198 0.00168463611859838
"веру" 0.00376860749952892 0.0083268106649791 0 0.0101078167115903
"вист" 0 0 0.0294579732914375 0
"вниз" 0.00753721499905785 0.0083268106649791 0 0.00842318059299191
"вокруг" 0.00376860749952892 0.018318983462954 0 0
"волны" 0.0113058224985868 0.0149882591969624 0 0
"вопрос" 0.00753721499905785 0.00499608639898746 0 0.0117924528301887
"воспитателя" 0.0452232899943471 0 0 0
"встретил" 0.00376860749952892 0.00666144853198328 0.00736449332285939 0.00673854447439353
"вступил" 0 0.00166536213299582 0.0196386488609584 0.00505390835579515
"второй" 0.0150744299981157 0.00333072426599164 0 0.0101078167115903
"высокие" 0 0.0133228970639666 0 0.00673854447439353
"галечка" 0 0 0 0.0202156334231806
"глебович" 0 0.0199843455959498 0 0
"гнездо" 0 0.0199843455959498 0 0
"голоса" 0.00753721499905785 0.0116575349309707 0 0.00505390835579515
"горло" 0.00376860749952892 0.00166536213299582 0.0147289866457188 0.00673854447439353
"господа" 0.00753721499905785 0.00166536213299582 0.0147289866457188 0.00505390835579515
"гостиной" 0 0 0.0270031421838178 0.00168463611859838
"грудь" 0 0.0166536213299582 0 0.00336927223719677
"дала" 0.00376860749952892 0.00333072426599164 0.00981932443047918 0.00842318059299191
"девица" 0 0.018318983462954 0 0.00168463611859838
"диво" 0 0.0199843455959498 0 0
"дни" 0.00376860749952892 0.0133228970639666 0 0.00505390835579515
"доставить" 0.00753721499905785 0 0.00490966221523959 0.0134770889487871
"другими" 0.00753721499905785 0.00166536213299582 0.0024548311076198 0.0134770889487871
"друзья" 0.00376860749952892 0.00666144853198328 0.0171838177533386 0
"думаешь" 0.0226116449971735 0 0.00736449332285939 0.00505390835579515
"дурак" 0.0113058224985868 0 0.00490966221523959 0.0117924528301887
"духом" 0.0150744299981157 0.00166536213299582 0.00490966221523959 0.00842318059299191
"жива" 0 0.00499608639898746 0.0196386488609584 0.00168463611859838
"живописец" 0.0414546824948182 0.00166536213299582 0 0
"жителей" 0.0150744299981157 0 0 0.0134770889487871
"забилось" 0 0.00499608639898746 0.00490966221523959 0.0117924528301887
"имели" 0 0.00166536213299582 0.00981932443047918 0.0117924528301887
"имени" 0 0.0149882591969624 0 0.00505390835579515
"какою" 0.00376860749952892 0 0.0024548311076198 0.0168463611859838
"кафтан" 0.0263802524967025 0.00499608639898746 0 0.00336927223719677
"киев" 0 0.0199843455959498 0 0
"клада" 0.0452232899943471 0 0 0
"княжеский" 0 0.0199843455959498 0 0
"князем" 0.00753721499905785 0.0116575349309707 0.00736449332285939 0
"конце" 0.0113058224985868 0.0083268106649791 0 0.00673854447439353
"крестьян" 0 0.00333072426599164 0.0220934799685782 0.00168463611859838
"кричал" 0.00376860749952892 0.00333072426599164 0.00736449332285939 0.0101078167115903
"купец" 0.0301488599962314 0.00666144853198328 0 0
"купил" 0.0113058224985868 0.00333072426599164 0.00490966221523959 0.00842318059299191
"лазарю" 0 0.0199843455959498 0 0
"ль" 0.00753721499905785 0.0116575349309707 0 0.00505390835579515
"людьми" 0.00376860749952892 0.0133228970639666 0.00490966221523959 0.00168463611859838
"м" 0.0188430374976446 0.0116575349309707 0 0
"мед" 0 0.0199843455959498 0 0
"могут" 0 0.00333072426599164 0.00736449332285939 0.0117924528301887
"надеяться" 0 0 0.0171838177533386 0.00842318059299191
"нашли" 0.00753721499905785 0 0.00736449332285939 0.0117924528301887
"невесты" 0.0226116449971735 0.00333072426599164 0.00981932443047918 0
"неподвижно" 0.0150744299981157 0 0.0024548311076198 0.0117924528301887
"нигде" 0.0113058224985868 0.00166536213299582 0.00736449332285939 0.00842318059299191
"никитину" 0.0452232899943471 0 0 0
"нового" 0.00376860749952892 0.00166536213299582 0.00736449332285939 0.0117924528301887
"ногах" 0.00753721499905785 0.00999217279797492 0.0024548311076198 0.00505390835579515
"ночью" 0.0150744299981157 0.00499608639898746 0.0024548311076198 0.00673854447439353
"обедать" 0 0.00166536213299582 0.0196386488609584 0.00505390835579515
"обедом" 0.00753721499905785 0 0.0171838177533386 0.00505390835579515
"обещал" 0.0150744299981157 0.00166536213299582 0.0171838177533386 0
"объявить" 0 0 0.00736449332285939 0.0151617250673854
"огромный" 0.00753721499905785 0.0133228970639666 0.00490966221523959 0
"одежда" 0 0.018318983462954 0 0.00168463611859838
"окну" 0.0150744299981157 0.00166536213299582 0.0024548311076198 0.0101078167115903
"опомниться" 0 0 0.00981932443047918 0.0134770889487871
"особливо" 0 0 0 0.0202156334231806
"оставили" 0 0.00499608639898746 0 0.0151617250673854
"остановил" 0.0113058224985868 0.00999217279797492 0.0024548311076198 0.00336927223719677
"остаться" 0.00376860749952892 0.0083268106649791 0.0024548311076198 0.00842318059299191
"остров" 0.0376860749952892 0.00166536213299582 0 0.00168463611859838
"остроге" 0.0452232899943471 0 0 0
"откровенно" 0.00376860749952892 0 0.0147289866457188 0.00842318059299191
"отправились" 0 0.00333072426599164 0.012274155538099 0.00842318059299191
"очнулся" 0 0.0199843455959498 0 0
"первая" 0.0113058224985868 0.00666144853198328 0 0.00842318059299191
"пестун" 0 0.0199843455959498 0 0
"план" 0 0 0.012274155538099 0.0117924528301887
"плеча" 0 0.0166536213299582 0 0.00336927223719677
"площадь" 0.0188430374976446 0.00166536213299582 0.0024548311076198 0.00842318059299191
"подумать" 0.0113058224985868 0.00333072426599164 0.0024548311076198 0.0101078167115903
"пожалуйста" 0.0113058224985868 0 0 0.0151617250673854
"покрывало" 0.00376860749952892 0.018318983462954 0 0
"помню" 0 0.00333072426599164 0.00981932443047918 0.0101078167115903
"понять" 0 0.00166536213299582 0.0024548311076198 0.0168463611859838
"поправить" 0 0 0.0171838177533386 0.00842318059299191
"последнее" 0 0.00333072426599164 0.012274155538099 0.00842318059299191
"посреди" 0.00376860749952892 0.0133228970639666 0 0.00505390835579515
"поставил" 0.0150744299981157 0.00333072426599164 0.0147289866457188 0
"приблизились" 0.0150744299981157 0.0133228970639666 0 0
"привел" 0.0113058224985868 0.00166536213299582 0.0024548311076198 0.0117924528301887
"приезжал" 0 0 0.00736449332285939 0.0151617250673854
"приказание" 0.00753721499905785 0.00333072426599164 0.00490966221523959 0.0101078167115903
"принес" 0.0226116449971735 0.00666144853198328 0 0.00336927223719677
"принужден" 0.00753721499905785 0.00166536213299582 0.0024548311076198 0.0134770889487871
"приняв" 0 0.00166536213299582 0.00490966221523959 0.0151617250673854
"приняла" 0 0.00166536213299582 0.00736449332285939 0.0134770889487871
"причин" 0 0 0.0024548311076198 0.0185309973045822
"прочитав" 0.0188430374976446 0 0.00981932443047918 0.00505390835579515
"прочитал" 0.0226116449971735 0.00166536213299582 0.00736449332285939 0.00336927223719677
"пустились" 0.00753721499905785 0.0116575349309707 0 0.00505390835579515
"р" 0.00376860749952892 0.00499608639898746 0 0.0134770889487871
"руси" 0.00376860749952892 0.018318983462954 0 0
"светлые" 0.00376860749952892 0.0166536213299582 0 0.00168463611859838
"сделалась" 0 0 0.0196386488609584 0.00673854447439353
"сильнее" 0.0113058224985868 0.00666144853198328 0 0.00842318059299191
"следовательно" 0 0.00333072426599164 0.0220934799685782 0.00168463611859838
"случайно" 0.00376860749952892 0.00166536213299582 0 0.0168463611859838
"слушать" 0 0.0083268106649791 0.0024548311076198 0.0101078167115903
"согласен" 0.0188430374976446 0 0.00981932443047918 0.00505390835579515
"согласия" 0.00376860749952892 0 0.0024548311076198 0.0168463611859838
"спасти" 0.0113058224985868 0.00499608639898746 0.0147289866457188 0
"справедливость" 0 0 0.0196386488609584 0.00673854447439353
"срок" 0.0301488599962314 0 0.00490966221523959 0.00336927223719677
"старания" 0 0 0 0.0202156334231806
"старосте" 0.0414546824948182 0.00166536213299582 0 0
"старости" 0.0150744299981157 0.0083268106649791 0 0.00505390835579515
"счастлива" 0.0113058224985868 0 0.0147289866457188 0.00505390835579515
"сыном" 0 0.0133228970639666 0.00981932443047918 0
"сыну" 0.00376860749952892 0.00999217279797492 0.00736449332285939 0.00336927223719677
"такою" 0.0113058224985868 0 0.012274155538099 0.00673854447439353
"твоих" 0.00376860749952892 0.0083268106649791 0.00981932443047918 0.00336927223719677
"тетушкою" 0 0 0.00490966221523959 0.0168463611859838
"тихонько" 0.00753721499905785 0 0 0.0168463611859838
"уверял" 0 0.00166536213299582 0.012274155538099 0.0101078167115903
"удалось" 0 0.00333072426599164 0.00490966221523959 0.0134770889487871
"умер" 0.00753721499905785 0.0083268106649791 0.00981932443047918 0.00168463611859838
"успокоить" 0.00753721499905785 0.00166536213299582 0.00981932443047918 0.00842318059299191
"французского" 0 0 0 0.0202156334231806
"хутора" 0 0 0 0.0202156334231806
"целую" 0.00753721499905785 0.00166536213299582 0.00736449332285939 0.0101078167115903
"шею" 0.00376860749952892 0.0116575349309707 0.0024548311076198 0.00505390835579515
"шитый" 0 0.0199843455959498 0 0
"балакирев" 0.0414546824948182 0 0 0
"батюшки" 0.0188430374976446 0 0 0.0101078167115903
"бедного" 0.00376860749952892 0.00499608639898746 0.0024548311076198 0.0101078167115903
"белый" 0.0113058224985868 0.0133228970639666 0 0
"благодарность" 0.0226116449971735 0.00333072426599164 0.0024548311076198 0.00336927223719677
"божий" 0 0.0166536213299582 0 0.00168463611859838
"большом" 0 0 0 0.0185309973045822
"бывают" 0.00376860749952892 0 0.012274155538099 0.00842318059299191
"ведет" 0 0.0116575349309707 0.00490966221523959 0.00336927223719677
"великим" 0.0188430374976446 0.00999217279797492 0 0
"весело" 0 0.00333072426599164 0.00490966221523959 0.0117924528301887
"ветер" 0.0188430374976446 0.00499608639898746 0 0.00505390835579515
"взглянуть" 0.00753721499905785 0.0116575349309707 0 0.00336927223719677
"возвратилась" 0.00376860749952892 0.00166536213299582 0.00981932443047918 0.00842318059299191
"войдя" 0.0226116449971735 0 0.00736449332285939 0.00336927223719677
"встает" 0 0.0166536213299582 0 0.00168463611859838
"встала" 0.00753721499905785 0.00166536213299582 0.00981932443047918 0.00673854447439353
"встретила" 0 0.00666144853198328 0.00736449332285939 0.00673854447439353
"входе" 0.0113058224985868 0.00499608639898746 0.00490966221523959 0.00505390835579515
"выражение" 0.00376860749952892 0.00999217279797492 0 0.00673854447439353
"выходит" 0 0.0166536213299582 0 0.00168463611859838
"гнева" 0.00753721499905785 0.00333072426599164 0 0.0117924528301887
"говори" 0.00753721499905785 0.0083268106649791 0.00736449332285939 0.00168463611859838
"дабы" 0.0301488599962314 0 0 0.00505390835579515
"дверей" 0.0150744299981157 0.00499608639898746 0 0.00673854447439353
"дворец" 0.0263802524967025 0.00499608639898746 0 0.00168463611859838
"действия" 0.0113058224985868 0.00166536213299582 0.00981932443047918 0.00505390835579515
"детьми" 0.00376860749952892 0 0.0196386488609584 0.00336927223719677
"добро" 0.00753721499905785 0.00999217279797492 0.0024548311076198 0.00336927223719677
"добром" 0.00376860749952892 0.0116575349309707 0 0.00505390835579515
"дочерей" 0 0.00333072426599164 0 0.0151617250673854
"другому" 0.0113058224985868 0.00666144853198328 0.00981932443047918 0
"едут" 0 0.0149882591969624 0.0024548311076198 0.00168463611859838
"елисавете" 0.00376860749952892 0 0.024548311076198 0
"жен" 0 0.00999217279797492 0.012274155538099 0
"жив" 0.0150744299981157 0.00166536213299582 0.0024548311076198 0.00842318059299191
"завещания" 0.0113058224985868 0 0 0.0134770889487871
"здоровья" 0.00376860749952892 0 0.00981932443047918 0.0101078167115903
"играл" 0.00376860749952892 0 0.0171838177533386 0.00505390835579515
"идь" 0 0.018318983462954 0 0
"издали" 0.0113058224985868 0.00499608639898746 0.0024548311076198 0.00673854447439353
"каждое" 0.0113058224985868 0.00333072426599164 0 0.0101078167115903
"казался" 0 0 0.0024548311076198 0.0168463611859838
"камня" 0.0226116449971735 0.0083268106649791 0 0
"картуз" 0.0150744299981157 0 0 0.0117924528301887
"кашпаровну" 0 0 0 0.0185309973045822
"книгу" 0 0.00666144853198328 0 0.0117924528301887
"колена" 0.0188430374976446 0.00999217279797492 0 0
"коне" 0 0.0149882591969624 0 0.00336927223719677
"конюх" 0 0.018318983462954 0 0
"кости" 0.0113058224985868 0.0116575349309707 0.0024548311076198 0
"ласки" 0.00376860749952892 0.00999217279797492 0 0.00673854447439353
"лежал" 0.00376860749952892 0.00666144853198328 0.00490966221523959 0.00673854447439353
"майора" 0 0 0 0.0185309973045822
"мгновение" 0 0.00666144853198328 0.0024548311076198 0.0101078167115903
"мирзы" 0 0.018318983462954 0 0
"младенца" 0.00753721499905785 0.0133228970639666 0.0024548311076198 0
"младеня" 0 0.018318983462954 0 0
"могучий" 0 0.018318983462954 0 0
"можете" 0 0.00166536213299582 0.00981932443047918 0.0101078167115903
"молодого" 0.00376860749952892 0.00333072426599164 0 0.0134770889487871
"молодых" 0.00753721499905785 0.00166536213299582 0.012274155538099 0.00505390835579515
"мужчина" 0.0113058224985868 0 0 0.0134770889487871
"название" 0.0113058224985868 0.0116575349309707 0.0024548311076198 0
"написано" 0.0263802524967025 0 0.00490966221523959 0.00336927223719677
"народа" 0.00376860749952892 0.0166536213299582 0 0
"находится" 0.0113058224985868 0 0 0.0134770889487871
"нашему" 0.0113058224985868 0.00666144853198328 0 0.00673854447439353
"неделю" 0.00376860749952892 0.00499608639898746 0 0.0117924528301887
"необходимости" 0 0.00166536213299582 0.0147289866457188 0.00673854447439353
"нисколько" 0.0113058224985868 0.00333072426599164 0.00981932443047918 0.00336927223719677
"новую" 0 0.00333072426599164 0.012274155538099 0.00673854447439353
"носил" 0.0226116449971735 0.00666144853198328 0 0.00168463611859838
"обратись" 0.0301488599962314 0.00499608639898746 0 0
"обстоятельства" 0 0.00333072426599164 0.00981932443047918 0.00842318059299191
"оглянулся" 0.00376860749952892 0.0133228970639666 0 0.00336927223719677
"ожидании" 0.00376860749952892 0.00999217279797492 0.00981932443047918 0
"описывать" 0.0113058224985868 0.0083268106649791 0.0024548311076198 0.00336927223719677
"орленко" 0 0 0 0.0185309973045822
"остановилась" 0 0.00499608639898746 0 0.0134770889487871
"ответ" 0.00753721499905785 0.00333072426599164 0.0024548311076198 0.0101078167115903
"открыть" 0.0188430374976446 0 0.0024548311076198 0.00842318059299191
"оттого" 0.00753721499905785 0 0 0.0151617250673854
"палаты" 0 0.018318983462954 0 0
"первое" 0.00753721499905785 0.00499608639898746 0.0024548311076198 0.00842318059299191
"первых" 0.00753721499905785 0 0.00490966221523959 0.0117924528301887
"подали" 0 0.00166536213299582 0.0171838177533386 0.00505390835579515
"подобные" 0.00376860749952892 0.00499608639898746 0.012274155538099 0.00336927223719677
"подозрение" 0.00753721499905785 0 0.00490966221523959 0.0117924528301887
"подробности" 0.00753721499905785 0.00333072426599164 0.0147289866457188 0.00168463611859838
"подумала" 0 0 0.0024548311076198 0.0168463611859838
"познакомиться" 0 0 0.0024548311076198 0.0168463611859838
"пойду" 0.00376860749952892 0.0133228970639666 0 0.00336927223719677
"показались" 0 0.0116575349309707 0 0.00673854447439353
"показался" 0 0.00499608639898746 0.0024548311076198 0.0117924528301887
"показывая" 0 0.00999217279797492 0.00981932443047918 0.00168463611859838
"получив" 0.00376860749952892 0.00166536213299582 0.012274155538099 0.00673854447439353
"поневоле" 0.00753721499905785 0.00166536213299582 0 0.0134770889487871
"понял" 0.00753721499905785 0.00999217279797492 0.0024548311076198 0.00336927223719677
"послала" 0 0.00166536213299582 0.0196386488609584 0.00336927223719677
"посмотреть" 0.0113058224985868 0.00166536213299582 0.00981932443047918 0.00505390835579515
"посмотрим" 0 0.00333072426599164 0.0147289866457188 0.00505390835579515
"посредине" 0.0301488599962314 0.00333072426599164 0.0024548311076198 0
"постелю" 0 0.00499608639898746 0.0171838177533386 0.00168463611859838
"праздник" 0.00753721499905785 0.0083268106649791 0.00736449332285939 0.00168463611859838
"праскуты" 0 0 0 0.0185309973045822
"прибавила" 0 0 0.024548311076198 0.00168463611859838
"природы" 0.00753721499905785 0.00999217279797492 0.00490966221523959 0.00168463611859838
"пристально" 0.0150744299981157 0.00333072426599164 0.0024548311076198 0.00673854447439353
"продолжалась" 0.00753721499905785 0.00333072426599164 0.0147289866457188 0.00168463611859838
"простая" 0.00376860749952892 0.0116575349309707 0 0.00505390835579515
"разбойников" 0 0 0.0196386488609584 0.00505390835579515
"редко" 0 0 0.00981932443047918 0.0117924528301887
"ромнах" 0 0 0 0.0185309973045822
"русский" 0 0.00999217279797492 0.0024548311076198 0.00673854447439353
"самая" 0.00753721499905785 0.00166536213299582 0.012274155538099 0.00505390835579515
"светлицу" 0 0.018318983462954 0 0
"святой" 0 0.0133228970639666 0.00490966221523959 0.00168463611859838
"сели" 0.00753721499905785 0.0116575349309707 0 0.00336927223719677
"сзади" 0.0113058224985868 0.00333072426599164 0.00490966221523959 0.00673854447439353
"сил" 0.0150744299981157 0.00666144853198328 0 0.00505390835579515
"скором" 0 0.00333072426599164 0.00490966221523959 0.0117924528301887
"скрыть" 0.00376860749952892 0 0.00736449332285939 0.0117924528301887
"слабость" 0.00376860749952892 0.00166536213299582 0.0171838177533386 0.00336927223719677
"слуги" 0 0.0083268106649791 0.00736449332285939 0.00505390835579515
"слушал" 0 0.00999217279797492 0.0024548311076198 0.00673854447439353
"слыхал" 0.00376860749952892 0.0116575349309707 0.0024548311076198 0.00336927223719677
"сном" 0.00376860749952892 0.0083268106649791 0 0.00842318059299191
"собаки" 0.00376860749952892 0.00166536213299582 0.00490966221523959 0.0117924528301887
"сомневаться" 0 0.00166536213299582 0.00490966221523959 0.0134770889487871
"спасибо" 0.0188430374976446 0.00333072426599164 0 0.00673854447439353
"спешил" 0.00376860749952892 0 0.0171838177533386 0.00505390835579515
"старую" 0.00753721499905785 0.00999217279797492 0.00490966221523959 0.00168463611859838
"стояло" 0.00753721499905785 0.0083268106649791 0.00981932443047918 0
"страдания" 0.00753721499905785 0 0.0196386488609584 0.00168463611859838
"стрела" 0 0.018318983462954 0 0
"стрелы" 0.00376860749952892 0.0166536213299582 0 0
"суда" 0.00753721499905785 0.00166536213299582 0.00981932443047918 0.00673854447439353
"супруга" 0 0 0.00736449332285939 0.0134770889487871
"супруги" 0 0 0.00736449332285939 0.0134770889487871
"таков" 0.00376860749952892 0.00499608639898746 0 0.0117924528301887
"татара" 0 0.018318983462954 0 0
"твердым" 0.00753721499905785 0 0.00736449332285939 0.0101078167115903
"темно" 0.0113058224985868 0.0083268106649791 0 0.00505390835579515
"течение" 0.0113058224985868 0.00333072426599164 0 0.0101078167115903
"тир" 0 0.018318983462954 0 0
"трудно" 0.00376860749952892 0.00666144853198328 0 0.0101078167115903
"удар" 0 0.0116575349309707 0.0024548311076198 0.00505390835579515
"ударил" 0.00376860749952892 0.00666144853198328 0.00490966221523959 0.00673854447439353
"удовольствие" 0 0 0.0147289866457188 0.00842318059299191
"ужас" 0.00753721499905785 0.0116575349309707 0.0024548311076198 0.00168463611859838
"ужаса" 0.0113058224985868 0.00666144853198328 0.00490966221523959 0.00336927223719677
"ужина" 0.0113058224985868 0 0.00736449332285939 0.00842318059299191
"умела" 0 0 0.012274155538099 0.0101078167115903
"утешение" 0 0.00166536213299582 0.0196386488609584 0.00336927223719677
"хану" 0 0.018318983462954 0 0
"цену" 0.0150744299981157 0 0.00981932443047918 0.00505390835579515
"чувство" 0 0.00499608639898746 0.00981932443047918 0.00673854447439353
"шапки" 0 0.0116575349309707 0 0.00673854447439353
"шесть" 0.0150744299981157 0.00333072426599164 0.00736449332285939 0.00336927223719677
"шут" 0.0414546824948182 0 0 0
"юрга" 0 0.018318983462954 0 0
"яга" 0 0.018318983462954 0 0
"австерию" 0.0376860749952892 0 0 0
"александровича" 0 0 0 0.0168463611859838
"ась" 0 0.0149882591969624 0.0024548311076198 0
"бабушка" 0 0.00166536213299582 0.012274155538099 0.00673854447439353
"белая" 0 0.0149882591969624 0 0.00168463611859838
"белой" 0 0.0149882591969624 0.0024548311076198 0
"белых" 0.00376860749952892 0.00999217279797492 0 0.00505390835579515
"бить" 0.0113058224985868 0.00666144853198328 0.00736449332285939 0
"ближе" 0.0188430374976446 0 0.00490966221523959 0.00505390835579515
"боярину" 0 0.0166536213299582 0 0
"бояться" 0.0301488599962314 0 0.0024548311076198 0.00168463611859838
"будете" 0.00376860749952892 0 0.00736449332285939 0.0101078167115903
"будище" 0 0 0 0.0168463611859838
"будьте" 0 0.00166536213299582 0.0171838177533386 0.00336927223719677
"велика" 0 0.00666144853198328 0.00490966221523959 0.00673854447439353
"великое" 0.00376860749952892 0.0133228970639666 0.0024548311076198 0
"величество" 0.0376860749952892 0 0 0
"вести" 0.00376860749952892 0.0083268106649791 0.0024548311076198 0.00505390835579515
"взглянув" 0.0113058224985868 0.00333072426599164 0 0.00842318059299191
"вздор" 0.00376860749952892 0.00166536213299582 0.0147289866457188 0.00336927223719677
"взяли" 0.00376860749952892 0.0083268106649791 0.00490966221523959 0.00336927223719677
"власть" 0.00753721499905785 0.00499608639898746 0.0024548311076198 0.00673854447439353
"внутренно" 0 0 0.00736449332285939 0.0117924528301887
"войти" 0.0113058224985868 0.00333072426599164 0 0.00842318059299191
"воображение" 0 0.00166536213299582 0 0.0151617250673854
"всеслава" 0 0.0166536213299582 0 0
"всею" 0 0.0083268106649791 0.00490966221523959 0.00505390835579515
"встать" 0.00376860749952892 0.00499608639898746 0 0.0101078167115903
"всяких" 0.0113058224985868 0.00166536213299582 0.00736449332285939 0.00505390835579515
"всякому" 0.00753721499905785 0.00333072426599164 0.00981932443047918 0.00336927223719677
"всячески" 0 0 0 0.0168463611859838
"высокопревосходительство" 0 0 0.0196386488609584 0.00336927223719677
"гордо" 0.00376860749952892 0.0116575349309707 0 0.00336927223719677
"господина" 0.00376860749952892 0.0083268106649791 0 0.00673854447439353
"гость" 0 0.0149882591969624 0 0.00168463611859838
"двору" 0.00376860749952892 0.0133228970639666 0 0.00168463611859838
"дворянин" 0.0226116449971735 0 0.00736449332285939 0.00168463611859838
"девять" 0.00376860749952892 0.0149882591969624 0 0
"дел" 0.00376860749952892 0.00166536213299582 0.0196386488609584 0
"деньгами" 0.00753721499905785 0.00166536213299582 0.0171838177533386 0
"дерево" 0 0.0133228970639666 0 0.00336927223719677
"держать" 0 0.00999217279797492 0.00981932443047918 0
"детище" 0 0.0166536213299582 0 0
"дитя" 0 0.0133228970639666 0 0.00336927223719677
"добрым" 0 0.00666144853198328 0.00736449332285939 0.00505390835579515
"добрых" 0 0.00666144853198328 0.00736449332285939 0.00505390835579515
"дочерьми" 0 0.00166536213299582 0.0024548311076198 0.0134770889487871
"древних" 0.00753721499905785 0.0116575349309707 0 0.00168463611859838
"жар" 0.00376860749952892 0.00999217279797492 0 0.00505390835579515
"желал" 0 0.00499608639898746 0.00981932443047918 0.00505390835579515
"желания" 0 0.00333072426599164 0.0024548311076198 0.0117924528301887
"жениться" 0.0188430374976446 0.00166536213299582 0.00490966221523959 0.00336927223719677
"женское" 0 0.00999217279797492 0 0.00673854447439353
"женщин" 0 0.00666144853198328 0.00981932443047918 0.00336927223719677
"жертву" 0.00753721499905785 0.0083268106649791 0.00490966221523959 0.00168463611859838
"живут" 0 0.0083268106649791 0.00736449332285939 0.00336927223719677
"заговорил" 0.0263802524967025 0.00333072426599164 0 0.00168463611859838
"задумался" 0.00376860749952892 0.0149882591969624 0 0
"заметить" 0.0113058224985868 0.00333072426599164 0.00490966221523959 0.00505390835579515
"замешательстве" 0.00376860749952892 0 0.0024548311076198 0.0134770889487871
"занемогла" 0.00376860749952892 0 0.00736449332285939 0.0101078167115903
"заря" 0 0.0116575349309707 0 0.00505390835579515
"звуки" 0 0.0133228970639666 0 0.00336927223719677
"землею" 0.0113058224985868 0.00999217279797492 0.0024548311076198 0
"зло" 0.00376860749952892 0.00499608639898746 0.00981932443047918 0.00336927223719677
"змейкиным" 0 0 0.024548311076198 0
"зубы" 0.00376860749952892 0.00666144853198328 0.00490966221523959 0.00505390835579515
"иворович" 0 0.0166536213299582 0 0
"игореве" 0 0.0166536213299582 0 0
"избавиться" 0 0.00499608639898746 0 0.0117924528301887
"избы" 0.00376860749952892 0.0149882591969624 0 0
"имело" 0 0 0.0024548311076198 0.0151617250673854
"искал" 0.00376860749952892 0.00999217279797492 0.00736449332285939 0
"искусно" 0 0.00166536213299582 0.0196386488609584 0.00168463611859838
"исчезли" 0.00376860749952892 0.0083268106649791 0 0.00673854447439353
"казалась" 0.00376860749952892 0 0.0024548311076198 0.0134770889487871
"клару" 0 0 0 0.0168463611859838
"климе" 0 0 0 0.0168463611859838
"ковалка" 0 0.0166536213299582 0 0
"коляски" 0 0 0.0024548311076198 0.0151617250673854
"кончил" 0.00376860749952892 0.0116575349309707 0.0024548311076198 0.00168463611859838
"которою" 0.0113058224985868 0.00333072426599164 0.0024548311076198 0.00673854447439353
"криком" 0 0.0149882591969624 0.0024548311076198 0
"кудри" 0 0.0116575349309707 0 0.00505390835579515
"лежали" 0.0113058224985868 0.0083268106649791 0 0.00336927223719677
"лесом" 0.0150744299981157 0.00333072426599164 0 0.00673854447439353
"лодка" 0.0376860749952892 0 0 0
"лучи" 0.00376860749952892 0.00499608639898746 0 0.0101078167115903
"людям" 0 0.00333072426599164 0.00490966221523959 0.0101078167115903
"марфу" 0 0 0 0.0168463611859838
"миру" 0 0.0116575349309707 0.00736449332285939 0
"младенец" 0 0.0166536213299582 0 0
"молитву" 0 0.0133228970639666 0.0024548311076198 0.00168463611859838
"молитвы" 0 0.00999217279797492 0.00736449332285939 0.00168463611859838
"молодую" 0 0.00999217279797492 0.0024548311076198 0.00505390835579515
"мыслию" 0.00376860749952892 0.00166536213299582 0.00490966221523959 0.0101078167115903
"наличных" 0.0263802524967025 0 0.00490966221523959 0.00168463611859838
"намерении" 0.0188430374976446 0 0.00981932443047918 0.00168463611859838
"находились" 0.0226116449971735 0.00166536213299582 0.00490966221523959 0.00168463611859838
"находилось" 0.0113058224985868 0 0.0024548311076198 0.0101078167115903
"нашла" 0.0113058224985868 0 0.00490966221523959 0.00842318059299191
"незнакомец" 0 0.00333072426599164 0 0.0134770889487871
"несчастного" 0.00753721499905785 0.00166536213299582 0.0147289866457188 0.00168463611859838
"несчастный" 0.00376860749952892 0 0.0196386488609584 0.00168463611859838
"нетерпеливо" 0 0.0083268106649791 0 0.00842318059299191
"нечистой" 0.00376860749952892 0.0149882591969624 0 0
"новгородских" 0 0.0166536213299582 0 0
"новому" 0 0.00499608639898746 0.00736449332285939 0.00673854447439353
"обо" 0.0150744299981157 0 0.00736449332285939 0.00505390835579515
"обратил" 0.00376860749952892 0.00999217279797492 0.0024548311076198 0.00336927223719677
"обыкновенных" 0.00376860749952892 0.00333072426599164 0.00981932443047918 0.00505390835579515
"ожидая" 0 0.00666144853198328 0.0024548311076198 0.00842318059299191
"особенности" 0.00376860749952892 0.00166536213299582 0.00981932443047918 0.00673854447439353
"оставалось" 0.00376860749952892 0.00166536213299582 0.0024548311076198 0.0117924528301887
"оставшись" 0.00376860749952892 0.00166536213299582 0.0171838177533386 0.00168463611859838
"отворилась" 0.00753721499905785 0.00499608639898746 0 0.00842318059299191
"относительно" 0 0 0 0.0168463611859838
"отыскать" 0.0113058224985868 0.00333072426599164 0 0.00842318059299191
"отыскивать" 0.0188430374976446 0.00166536213299582 0.00736449332285939 0.00168463611859838
"ошибся" 0 0 0.00981932443047918 0.0101078167115903
"первой" 0.00376860749952892 0.00333072426599164 0.00490966221523959 0.00842318059299191
"перо" 0.0113058224985868 0.00666144853198328 0.00490966221523959 0.00168463611859838
"петровну" 0 0 0 0.0168463611859838
"платок" 0.0113058224985868 0.00166536213299582 0.00736449332285939 0.00505390835579515
"плачет" 0.00376860749952892 0.0133228970639666 0 0.00168463611859838
"повести" 0 0.0149882591969624 0 0.00168463611859838
"повторяю" 0.00376860749952892 0 0.0196386488609584 0.00168463611859838
"погоню" 0 0.0149882591969624 0 0.00168463611859838
"подать" 0 0 0.0147289866457188 0.00673854447439353
"полковник" 0 0 0 0.0168463611859838
"помещик" 0.00376860749952892 0 0.0024548311076198 0.0134770889487871
"поперек" 0 0.0116575349309707 0 0.00505390835579515
"посадили" 0.00376860749952892 0.0083268106649791 0.00736449332285939 0.00168463611859838
"послушай" 0.0188430374976446 0 0.00981932443047918 0.00168463611859838
"послышался" 0 0.00666144853198328 0 0.0101078167115903
"посмотри" 0.00753721499905785 0.00333072426599164 0.00490966221523959 0.00673854447439353
"потолок" 0.0226116449971735 0.00666144853198328 0 0
"права" 0 0.00333072426599164 0.00736449332285939 0.00842318059299191
"предложил" 0.00376860749952892 0.00333072426599164 0.012274155538099 0.00336927223719677
"представил" 0.00376860749952892 0.00333072426599164 0.012274155538099 0.00336927223719677
"прервал" 0 0.00666144853198328 0 0.0101078167115903
"принесли" 0.00376860749952892 0.00499608639898746 0.0147289866457188 0
"продолжает" 0 0.0166536213299582 0 0
"происходило" 0.00376860749952892 0.00166536213299582 0.0024548311076198 0.0117924528301887
"пропасть" 0.0188430374976446 0.00333072426599164 0.0024548311076198 0.00336927223719677
"просим" 0.0150744299981157 0.00166536213299582 0.0024548311076198 0.00673854447439353
"просит" 0.00376860749952892 0.0083268106649791 0.00981932443047918 0
"просьбы" 0.0113058224985868 0.00166536213299582 0.00490966221523959 0.00673854447439353
"прыжковым" 0 0 0 0.0168463611859838
"пускай" 0.00376860749952892 0.00333072426599164 0 0.0117924528301887
"путешествия" 0 0.00333072426599164 0.0024548311076198 0.0117924528301887
"радостно" 0.00753721499905785 0.0133228970639666 0 0
"разговоры" 0 0.00333072426599164 0 0.0134770889487871
"различить" 0.00376860749952892 0 0 0.0151617250673854
"разными" 0.00753721499905785 0.00333072426599164 0.012274155538099 0.00168463611859838
"разных" 0.00376860749952892 0.0083268106649791 0.00736449332285939 0.00168463611859838
"расположении" 0 0 0.0024548311076198 0.0151617250673854
"рать" 0 0.0166536213299582 0 0
"река" 0.00376860749952892 0.0133228970639666 0.0024548311076198 0
"родные" 0 0.00666144853198328 0.012274155538099 0.00168463611859838
"роста" 0.0226116449971735 0.00499608639898746 0 0.00168463611859838
"светлице" 0.00376860749952892 0.0149882591969624 0 0
"сделала" 0 0.00166536213299582 0.0171838177533386 0.00336927223719677
"сейчас" 0.0301488599962314 0.00166536213299582 0 0.00168463611859838
"селении" 0 0.00499608639898746 0.0024548311076198 0.0101078167115903
"сестре" 0 0.00333072426599164 0.0196386488609584 0
"сестру" 0 0.00166536213299582 0.0220934799685782 0
"сидеть" 0.00376860749952892 0.0133228970639666 0.0024548311076198 0
"сидоровиче" 0 0 0 0.0168463611859838
"сидя" 0.00376860749952892 0.00499608639898746 0.0024548311076198 0.00842318059299191
"сия" 0.0188430374976446 0.00333072426599164 0.0024548311076198 0.00336927223719677
"скрывать" 0.00753721499905785 0 0.00736449332285939 0.00842318059299191
"следующее" 0.0150744299981157 0.00166536213299582 0 0.00842318059299191
"слуг" 0 0.00499608639898746 0 0.0117924528301887
"слух" 0 0.00499608639898746 0.0171838177533386 0
"слуха" 0.00376860749952892 0.00999217279797492 0.0024548311076198 0.00336927223719677
"сна" 0.00376860749952892 0.00666144853198328 0 0.00842318059299191
"совета" 0 0.0083268106649791 0.00981932443047918 0.00168463611859838
"согласна" 0.0113058224985868 0.00333072426599164 0.0024548311076198 0.00673854447439353
"солью" 0 0.0149882591969624 0.0024548311076198 0
"софьею" 0 0 0.0220934799685782 0.00168463611859838
"справедливости" 0 0.00166536213299582 0.012274155538099 0.00673854447439353
"стану" 0.0113058224985868 0.00499608639898746 0.00490966221523959 0.00336927223719677
"старый" 0 0.0149882591969624 0.0024548311076198 0
"стене" 0.0150744299981157 0.00666144853198328 0.00490966221523959 0
"стой" 0.0113058224985868 0.00999217279797492 0 0.00168463611859838
"столе" 0.00753721499905785 0.0083268106649791 0.00736449332285939 0
"столетия" 0 0.0133228970639666 0.00490966221523959 0
"стоят" 0 0.0149882591969624 0 0.00168463611859838
"стрелу" 0 0.0166536213299582 0 0
"ступу" 0 0.0166536213299582 0 0
"судьбы" 0.00376860749952892 0.00333072426599164 0.0024548311076198 0.0101078167115903
"счастливо" 0.0150744299981157 0.00166536213299582 0.00981932443047918 0.00168463611859838
"считала" 0 0 0 0.0168463611859838
"такими" 0 0 0.0171838177533386 0.00505390835579515
"твоим" 0.00753721499905785 0.00333072426599164 0.00736449332285939 0.00505390835579515
"телеге" 0 0 0.012274155538099 0.00842318059299191
"темноте" 0 0.0083268106649791 0 0.00842318059299191
"терем" 0 0.0166536213299582 0 0
"терпения" 0.00376860749952892 0.00333072426599164 0.00490966221523959 0.00842318059299191
"тиуна" 0 0.0166536213299582 0 0
"тихий" 0 0.00666144853198328 0.00490966221523959 0.00673854447439353
"толпы" 0 0.0166536213299582 0 0
"торопливо" 0.0113058224985868 0.00666144853198328 0.0024548311076198 0.00336927223719677
"тридесятое" 0 0.0166536213299582 0 0
"трофим" 0 0 0 0.0168463611859838
"тяжело" 0.00376860749952892 0.00166536213299582 0.0171838177533386 0.00168463611859838
"уведомить" 0.00376860749952892 0 0.00736449332285939 0.0101078167115903
"увидим" 0.00376860749952892 0 0 0.0151617250673854
"удушьева" 0 0 0.024548311076198 0
"ужасно" 0.00753721499905785 0.00166536213299582 0.00736449332285939 0.00673854447439353
"указ" 0.0339174674957603 0.00166536213299582 0 0
"упал" 0.00753721499905785 0.00499608639898746 0.00736449332285939 0.00336927223719677
"хлебом" 0 0.0149882591969624 0.0024548311076198 0
"ходил" 0.00376860749952892 0.0083268106649791 0.00736449332285939 0.00168463611859838
"ходить" 0.00753721499905785 0.00499608639898746 0.00490966221523959 0.00505390835579515
"холм" 0 0.0166536213299582 0 0
"хорошего" 0 0 0.0171838177533386 0.00505390835579515
"хотели" 0 0.00333072426599164 0.012274155538099 0.00505390835579515
"целовала" 0.00376860749952892 0 0.0196386488609584 0.00168463611859838
"черниговской" 0 0 0 0.0168463611859838
"чести" 0.00376860749952892 0.00999217279797492 0 0.00505390835579515
"чисто" 0 0.00666144853198328 0.00736449332285939 0.00505390835579515
"чрезвычайно" 0 0 0.0220934799685782 0.00168463611859838
"чувством" 0.00753721499905785 0.00666144853198328 0.0024548311076198 0.00505390835579515
"шляпу" 0.0376860749952892 0 0 0
"явились" 0 0.0116575349309707 0.00490966221523959 0.00168463611859838
"явно" 0 0 0.00736449332285939 0.0117924528301887
"ярмонки" 0 0 0 0.0168463611859838
"i" 0.00376860749952892 0.00999217279797492 0.00490966221523959 0.00168463611859838
"аристофанов" 0 0 0.0220934799685782 0
"барин" 0 0 0.0196386488609584 0.00168463611859838
"баричу" 0 0.0149882591969624 0 0
"барыня" 0 0.00166536213299582 0.0024548311076198 0.0117924528301887
"бедную" 0 0 0 0.0151617250673854
"белые" 0 0.0083268106649791 0.00490966221523959 0.00336927223719677
"берут" 0 0.0133228970639666 0 0.00168463611859838
"билось" 0.00376860749952892 0.00333072426599164 0.0024548311076198 0.00842318059299191
"благословил" 0.00376860749952892 0.0083268106649791 0.0024548311076198 0.00336927223719677
"блистовском" 0 0 0 0.0151617250673854
"богатый" 0.00376860749952892 0.00666144853198328 0.00490966221523959 0.00336927223719677
"больших" 0.0113058224985868 0 0.0024548311076198 0.00842318059299191
"брату" 0.0113058224985868 0.00666144853198328 0.00490966221523959 0
"бросив" 0.00753721499905785 0 0.00736449332285939 0.00673854447439353
"бывшая" 0 0.00333072426599164 0.00981932443047918 0.00505390835579515
"ведьма" 0 0.00666144853198328 0 0.00842318059299191
"велит" 0 0.00499608639898746 0.0024548311076198 0.00842318059299191
"верил" 0.00753721499905785 0.00666144853198328 0.00736449332285939 0
"верст" 0 0 0.00490966221523959 0.0117924528301887
"витязь" 0 0.0149882591969624 0 0
"внимательно" 0.0113058224985868 0.00666144853198328 0 0.00336927223719677
"внутренность" 0.0188430374976446 0.00333072426599164 0.00490966221523959 0
"воздух" 0 0.00999217279797492 0.00490966221523959 0.00168463611859838
"возможно" 0.00376860749952892 0.00333072426599164 0.0147289866457188 0
"воробьеву" 0.0339174674957603 0 0 0
"воротиться" 0.00753721499905785 0.00333072426599164 0.0024548311076198 0.00673854447439353
"восемь" 0.0150744299981157 0.0083268106649791 0 0
"восклицает" 0.00376860749952892 0.0133228970639666 0 0
"воспитания" 0 0 0.00736449332285939 0.0101078167115903
"всеволодович" 0 0.0149882591969624 0 0
"высокий" 0 0.00999217279797492 0.0024548311076198 0.00336927223719677
"галечку" 0 0 0 0.0151617250673854
"галич" 0 0.0149882591969624 0 0
"говоришь" 0.0113058224985868 0.00166536213299582 0.00490966221523959 0.00505390835579515
"гор" 0 0.0149882591969624 0 0
"горесть" 0.00376860749952892 0.00166536213299582 0.0147289866457188 0.00168463611859838
"господине" 0 0.0149882591969624 0 0
"градом" 0.00753721499905785 0.00166536213299582 0.00981932443047918 0.00336927223719677
"громким" 0 0.0083268106649791 0 0.00673854447439353
"густой" 0.00376860749952892 0.0083268106649791 0 0.00505390835579515
"давит" 0 0.0149882591969624 0 0
"дадут" 0 0 0.012274155538099 0.00673854447439353
"дамы" 0.00376860749952892 0 0.00981932443047918 0.00673854447439353
"дверях" 0 0.0133228970639666 0 0.00168463611859838
"девушку" 0.0150744299981157 0.00166536213299582 0.0024548311076198 0.00505390835579515
"девы" 0 0.0149882591969624 0 0
"действие" 0.00376860749952892 0.00333072426599164 0.00490966221523959 0.00673854447439353
"делает" 0.00376860749952892 0.00499608639898746 0.00490966221523959 0.00505390835579515
"делал" 0.00376860749952892 0.00333072426599164 0.012274155538099 0.00168463611859838
"делах" 0.00376860749952892 0.00333072426599164 0.012274155538099 0.00168463611859838
"длинными" 0.00376860749952892 0.00666144853198328 0 0.00673854447439353
"доволен" 0.00376860749952892 0.00333072426599164 0.00736449332285939 0.00505390835579515
"дорого" 0 0.00499608639898746 0.00490966221523959 0.00673854447439353
"друзей" 0 0.00333072426599164 0.0147289866457188 0.00168463611859838
"едем" 0 0.00999217279797492 0.0024548311076198 0.00336927223719677
"ездить" 0 0.00499608639898746 0.00736449332285939 0.00505390835579515
"еси" 0 0.0149882591969624 0 0
"жалеть" 0.0188430374976446 0 0.00736449332285939 0.00168463611859838
"ждал" 0.0188430374976446 0.00666144853198328 0 0
"желаю" 0.0113058224985868 0.00166536213299582 0.00490966221523959 0.00505390835579515
"женихом" 0.00753721499905785 0 0.00981932443047918 0.00505390835579515
"жила" 0.00376860749952892 0.00666144853198328 0.00736449332285939 0.00168463611859838
"жокондов" 0 0 0.0220934799685782 0
"забыли" 0 0 0 0.0151617250673854
"завещании" 0 0 0 0.0151617250673854
"зависит" 0.0150744299981157 0.00166536213299582 0 0.00673854447439353
"заметно" 0 0.00499608639898746 0.0147289866457188 0
"заранее" 0.00376860749952892 0 0 0.0134770889487871
"здание" 0.0188430374976446 0.00499608639898746 0 0.00168463611859838
"златом" 0 0.0149882591969624 0 0
"змейкину" 0 0 0.0220934799685782 0
"знаком" 0.00376860749952892 0.00499608639898746 0.0024548311076198 0.00673854447439353
"знают" 0 0.00166536213299582 0 0.0134770889487871
"игнашка" 0 0 0.0220934799685782 0
"игра" 0 0.00166536213299582 0.0196386488609584 0
"игры" 0 0 0.0196386488609584 0.00168463611859838
"изба" 0.00753721499905785 0.0116575349309707 0 0
"избе" 0.00376860749952892 0.0116575349309707 0 0.00168463611859838
"известен" 0.00376860749952892 0.00166536213299582 0.00981932443047918 0.00505390835579515
"исполнил" 0.00376860749952892 0.0133228970639666 0 0
"испугалась" 0.00753721499905785 0 0.00490966221523959 0.00842318059299191
"испугался" 0.00376860749952892 0.00166536213299582 0.0024548311076198 0.0101078167115903
"исчезла" 0.00376860749952892 0.0083268106649791 0 0.00505390835579515
"й" 0 0.00999217279797492 0.00490966221523959 0.00168463611859838
"казаться" 0.00753721499905785 0 0.0024548311076198 0.0101078167115903
"карете" 0 0 0.00490966221523959 0.0117924528301887
"карту" 0 0 0.0220934799685782 0
"клубок" 0 0.0149882591969624 0 0
"княгине" 0 0.0149882591969624 0 0
"коляску" 0 0 0.00490966221523959 0.0117924528301887
"кончив" 0 0.0149882591969624 0 0
"кончилось" 0 0.00166536213299582 0.0171838177533386 0.00168463611859838
"конюха" 0 0.0149882591969624 0 0
"крайнему" 0 0 0 0.0151617250673854
"красно" 0 0.0149882591969624 0 0
"красное" 0 0.0149882591969624 0 0
"красную" 0 0.0149882591969624 0 0
"красоту" 0.0113058224985868 0.00499608639898746 0.00490966221523959 0.00168463611859838
"кресла" 0.00376860749952892 0.00333072426599164 0.0024548311076198 0.00842318059299191
"кричали" 0.00753721499905785 0.00333072426599164 0.00736449332285939 0.00336927223719677
"кричит" 0 0.0149882591969624 0 0
"кругу" 0 0.00166536213299582 0.0147289866457188 0.00336927223719677
"кучер" 0 0 0.00736449332285939 0.0101078167115903
"кый" 0 0.0149882591969624 0 0
"ладно" 0.00753721499905785 0.00333072426599164 0.0024548311076198 0.00673854447439353
"легла" 0 0 0.0024548311076198 0.0134770889487871
"лежала" 0 0.0083268106649791 0 0.00673854447439353
"лоб" 0.0150744299981157 0.00166536213299582 0 0.00673854447439353
"лодке" 0.0263802524967025 0.00333072426599164 0 0
"лодку" 0.0301488599962314 0.00166536213299582 0 0
"лугу" 0.00753721499905785 0.0116575349309707 0 0
"лукавина" 0 0 0.0220934799685782 0
"люба" 0 0.0149882591969624 0 0
"любезная" 0 0 0.00490966221523959 0.0117924528301887
"любезные" 0.0113058224985868 0.00499608639898746 0.0024548311076198 0.00336927223719677
"любинька" 0 0 0.0220934799685782 0
"любить" 0 0 0.00981932443047918 0.00842318059299191
"любишь" 0.0150744299981157 0.00499608639898746 0.00490966221523959 0
"любят" 0 0.00499608639898746 0.00490966221523959 0.00673854447439353
"люд" 0 0.0149882591969624 0 0
"мальчик" 0.00376860749952892 0.0083268106649791 0.00490966221523959 0.00168463611859838
"месту" 0.00753721499905785 0.00666144853198328 0.0024548311076198 0.00336927223719677
"месяца" 0.0150744299981157 0.00499608639898746 0.0024548311076198 0.00168463611859838
"мешок" 0.00376860749952892 0.00499608639898746 0 0.00842318059299191
"милостив" 0 0 0.0171838177533386 0.00336927223719677
"мировую" 0 0 0.0220934799685782 0
"мнении" 0 0 0.00736449332285939 0.0101078167115903
"молодости" 0.00376860749952892 0.00333072426599164 0.00981932443047918 0.00336927223719677
"молчит" 0.00753721499905785 0.0116575349309707 0 0
"москву" 0 0 0.0220934799685782 0
"надеждою" 0.00753721499905785 0 0 0.0117924528301887
"назвать" 0.0113058224985868 0.00333072426599164 0.0024548311076198 0.00505390835579515
"написал" 0.0113058224985868 0 0.00736449332285939 0.00505390835579515
"наполы" 0 0.0149882591969624 0 0
"наряд" 0 0.0083268106649791 0 0.00673854447439353
"настал" 0 0.00999217279797492 0 0.00505390835579515
"настоящее" 0 0.0083268106649791 0.00736449332285939 0.00168463611859838
"настоящем" 0 0.00499608639898746 0.00981932443047918 0.00336927223719677
"нашу" 0.00753721499905785 0.00166536213299582 0.012274155538099 0.00168463611859838
"недавно" 0.00376860749952892 0.00166536213299582 0.012274155538099 0.00336927223719677
"недоумении" 0.00376860749952892 0.00499608639898746 0 0.00842318059299191
"немецки" 0.0226116449971735 0 0 0.00505390835579515
"необыкновенное" 0 0.00166536213299582 0.012274155538099 0.00505390835579515
"несчастных" 0 0 0.0220934799685782 0
"неудовольствием" 0 0 0.00981932443047918 0.00842318059299191
"нечистый" 0.0188430374976446 0.00666144853198328 0 0
"низко" 0.0113058224985868 0.00166536213299582 0 0.00842318059299191
"новой" 0 0.00999217279797492 0 0.00505390835579515
"новым" 0.00376860749952892 0.00666144853198328 0 0.00673854447439353
"ны" 0 0.0149882591969624 0 0
"обещание" 0.00753721499905785 0 0.00981932443047918 0.00505390835579515
"облазне" 0 0.0149882591969624 0 0
"обморок" 0 0 0.0196386488609584 0.00168463611859838
"обнимая" 0 0.00333072426599164 0.0171838177533386 0
"обратно" 0.00376860749952892 0.00499608639898746 0.0024548311076198 0.00673854447439353
"обычаю" 0.00753721499905785 0.00666144853198328 0.00490966221523959 0.00168463611859838
"огня" 0 0.00499608639898746 0 0.0101078167115903
"одежде" 0 0.0149882591969624 0 0
"оконце" 0 0.0149882591969624 0 0
"окончании" 0.00376860749952892 0.00666144853198328 0 0.00673854447439353
"орай" 0 0.0149882591969624 0 0
"оставила" 0 0.00166536213299582 0.0024548311076198 0.0117924528301887
"остановиться" 0 0 0.0024548311076198 0.0134770889487871
"отворил" 0.0113058224985868 0.00166536213299582 0.0024548311076198 0.00673854447439353
"отношениях" 0 0 0.012274155538099 0.00673854447439353
"отправил" 0.00753721499905785 0.00166536213299582 0.00736449332285939 0.00505390835579515
"отъезду" 0 0 0.0024548311076198 0.0134770889487871
"очами" 0 0.0149882591969624 0 0
"очей" 0 0.0149882591969624 0 0
"очередь" 0.00753721499905785 0.00499608639898746 0.00736449332285939 0.00168463611859838
"первую" 0.0113058224985868 0 0.0024548311076198 0.00842318059299191
"пергаментный" 0.0339174674957603 0 0 0
"печальным" 0 0.00666144853198328 0.0024548311076198 0.00673854447439353
"пива" 0.00376860749952892 0.0133228970639666 0 0
"писал" 0.00753721499905785 0 0.00736449332285939 0.00673854447439353
"писем" 0 0 0 0.0151617250673854
"побежал" 0.0150744299981157 0 0.00490966221523959 0.00505390835579515
"повсюду" 0 0.00666144853198328 0.00736449332285939 0.00336927223719677
"подошли" 0.0150744299981157 0.00166536213299582 0.0024548311076198 0.00505390835579515
"подхватил" 0 0.00499608639898746 0 0.0101078167115903
"пожелал" 0 0.0116575349309707 0 0.00336927223719677
"показывал" 0 0.00166536213299582 0.00981932443047918 0.00673854447439353
"показывали" 0.00376860749952892 0 0.0024548311076198 0.0117924528301887
"покое" 0 0.00333072426599164 0 0.0117924528301887
"полагая" 0 0.00333072426599164 0 0.0117924528301887
"полконь" 0 0.0149882591969624 0 0
"половину" 0.00753721499905785 0.00333072426599164 0.00981932443047918 0.00168463611859838
"положения" 0.00753721499905785 0.00166536213299582 0.0024548311076198 0.00842318059299191
"получила" 0 0 0.00981932443047918 0.00842318059299191
"получить" 0.00753721499905785 0 0.00490966221523959 0.00842318059299191
"поля" 0 0.0133228970639666 0 0.00168463611859838
"помоги" 0.0150744299981157 0.0083268106649791 0 0
"помощию" 0.00376860749952892 0 0.00981932443047918 0.00673854447439353
"понятия" 0 0.00333072426599164 0.00736449332285939 0.00673854447439353
"посещения" 0 0 0.00981932443047918 0.00842318059299191
"посланный" 0 0.00166536213299582 0.012274155538099 0.00505390835579515
"послужит" 0.00376860749952892 0.00333072426599164 0.00490966221523959 0.00673854447439353
"посмотрев" 0.0226116449971735 0.00166536213299582 0.00490966221523959 0
"поспешить" 0.00376860749952892 0 0.0171838177533386 0.00168463611859838
"пот" 0.00376860749952892 0.00999217279797492 0 0.00336927223719677
"поутру" 0 0.00166536213299582 0.00490966221523959 0.0101078167115903
"похожа" 0.00376860749952892 0.00333072426599164 0.0024548311076198 0.00842318059299191
"почте" 0 0 0.0147289866457188 0.00505390835579515
"предлогом" 0 0 0.012274155538099 0.00673854447439353
"прекрасно" 0.00376860749952892 0 0.00736449332285939 0.00842318059299191
"придет" 0.0113058224985868 0.00333072426599164 0.0024548311076198 0.00505390835579515
"придумать" 0 0 0.00490966221523959 0.0117924528301887
"приезд" 0 0.00333072426599164 0.012274155538099 0.00336927223719677
"признаюсь" 0.00376860749952892 0 0.012274155538099 0.00505390835579515
"приказал" 0.00376860749952892 0.00333072426599164 0.00490966221523959 0.00673854447439353
"приняли" 0 0.00999217279797492 0.0024548311076198 0.00336927223719677
"присутствии" 0.00376860749952892 0 0.0171838177533386 0.00168463611859838
"приютово" 0 0 0.0220934799685782 0
"проиграл" 0 0 0.0220934799685782 0
"происходит" 0 0.00499608639898746 0.00981932443047918 0.00336927223719677
"проклятый" 0 0.0116575349309707 0 0.00336927223719677
"пронскому" 0 0 0.0220934799685782 0
"проходят" 0 0.0149882591969624 0 0
"прошлом" 0 0.00166536213299582 0 0.0134770889487871
"прыжкову" 0 0 0 0.0151617250673854
"путем" 0 0.0133228970639666 0.0024548311076198 0
"пьян" 0 0.00333072426599164 0.0171838177533386 0
"рабом" 0 0.0149882591969624 0 0
"равно" 0 0 0.0024548311076198 0.0134770889487871
"равнодушно" 0 0.00499608639898746 0.00981932443047918 0.00336927223719677
"радушин" 0 0 0.0220934799685782 0
"расскажу" 0.0113058224985868 0.00166536213299582 0.00490966221523959 0.00505390835579515
"ребенка" 0 0.0116575349309707 0.0024548311076198 0.00168463611859838
"решили" 0 0.00999217279797492 0.0024548311076198 0.00336927223719677
"решить" 0.0150744299981157 0.00166536213299582 0 0.00673854447439353
"решиться" 0.0150744299981157 0 0.00490966221523959 0.00505390835579515
"св" 0.0263802524967025 0.00166536213299582 0 0.00168463611859838
"свельды" 0 0.0149882591969624 0 0
"свидетеля" 0.0301488599962314 0 0 0.00168463611859838
"связь" 0 0 0.012274155538099 0.00673854447439353
"сделано" 0.0113058224985868 0 0.00490966221523959 0.00673854447439353
"седла" 0 0.0149882591969624 0 0
"сенях" 0.0188430374976446 0.00666144853198328 0 0
"силой" 0.00376860749952892 0.0133228970639666 0 0
"сильный" 0.00376860749952892 0.00999217279797492 0.00490966221523959 0
"сильным" 0.00753721499905785 0.00666144853198328 0.0024548311076198 0.00336927223719677
"скачут" 0.00376860749952892 0.0133228970639666 0 0
"скоком" 0 0.0149882591969624 0 0
"скрылся" 0.00376860749952892 0.00999217279797492 0.0024548311076198 0.00168463611859838
"слове" 0 0.0116575349309707 0.00490966221523959 0
"служил" 0.00376860749952892 0.00333072426599164 0.00981932443047918 0.00336927223719677
"случаях" 0.00376860749952892 0.00166536213299582 0.00736449332285939 0.00673854447439353
"снял" 0.0113058224985868 0.0083268106649791 0 0.00168463611859838
"совесть" 0.0226116449971735 0.00166536213299582 0 0.00336927223719677
"соль" 0 0.0116575349309707 0 0.00336927223719677
"соседа" 0.00376860749952892 0.00333072426599164 0.012274155538099 0.00168463611859838
"соседи" 0 0.00333072426599164 0.00490966221523959 0.00842318059299191
"спасения" 0.0188430374976446 0.00499608639898746 0 0.00168463611859838
"спешила" 0 0 0.0147289866457188 0.00505390835579515
"спину" 0 0.0133228970639666 0 0.00168463611859838
"стан" 0 0.0133228970639666 0 0.00168463611859838
"станет" 0.0226116449971735 0 0.0024548311076198 0.00336927223719677
"становился" 0 0.00166536213299582 0.00490966221523959 0.0101078167115903
"стараясь" 0.0113058224985868 0 0.0024548311076198 0.00842318059299191
"старики" 0 0.0083268106649791 0.00981932443047918 0
"старину" 0.00376860749952892 0.0116575349309707 0.0024548311076198 0
"старосту" 0.0263802524967025 0.00166536213299582 0.0024548311076198 0
"стон" 0 0.0083268106649791 0.0024548311076198 0.00505390835579515
"страшно" 0.0226116449971735 0 0.0024548311076198 0.00336927223719677
"ступа" 0 0.0149882591969624 0 0
"султана" 0 0 0 0.0151617250673854
"тайно" 0 0.00499608639898746 0.012274155538099 0.00168463611859838
"татары" 0 0.0149882591969624 0 0
"твоем" 0.0150744299981157 0.00166536213299582 0.00490966221523959 0.00336927223719677
"тела" 0 0.0133228970639666 0.0024548311076198 0
"тимофей" 0 0.00333072426599164 0.0171838177533386 0
"третьего" 0.0113058224985868 0 0.00490966221523959 0.00673854447439353
"трофимовне" 0 0 0 0.0151617250673854
"тысяч" 0.0263802524967025 0.00166536213299582 0.0024548311076198 0
"тьфу" 0.0226116449971735 0.00333072426599164 0 0.00168463611859838
"увидеть" 0.00753721499905785 0.00166536213299582 0.00736449332285939 0.00505390835579515
"удивлению" 0 0.00166536213299582 0.0024548311076198 0.0117924528301887
"уехать" 0 0 0.00736449332285939 0.0101078167115903
"умнее" 0.0263802524967025 0 0.0024548311076198 0.00168463611859838
"умолк" 0 0.0133228970639666 0 0.00168463611859838
"услышав" 0.00376860749952892 0 0.0024548311076198 0.0117924528301887
"успели" 0.00376860749952892 0 0.00490966221523959 0.0101078167115903
"успокоился" 0 0.00999217279797492 0.00490966221523959 0.00168463611859838
"уста" 0.00753721499905785 0.00999217279797492 0 0.00168463611859838
"участия" 0.00376860749952892 0.00166536213299582 0.00490966221523959 0.00842318059299191
"уши" 0.0113058224985868 0.00333072426599164 0 0.00673854447439353
"французский" 0 0 0.0024548311076198 0.0134770889487871
"фуа" 0 0 0 0.0151617250673854
"хладнокровно" 0.00376860749952892 0 0.00981932443047918 0.00673854447439353
"хлопоты" 0.00376860749952892 0.00166536213299582 0.00981932443047918 0.00505390835579515
"хоботом" 0 0.0149882591969624 0 0
"хозяева" 0 0.00666144853198328 0 0.00842318059299191
"хозяйка" 0 0.00999217279797492 0 0.00505390835579515
"холме" 0 0.0149882591969624 0 0
"царю" 0.0150744299981157 0.0083268106649791 0 0
"цвета" 0.00753721499905785 0.00166536213299582 0 0.0101078167115903
"цыгана" 0 0 0 0.0151617250673854
"черного" 0.00753721499905785 0.0116575349309707 0 0
"черной" 0.00753721499905785 0.00999217279797492 0 0.00168463611859838
"честный" 0.00376860749952892 0.0116575349309707 0 0.00168463611859838
"четырех" 0.0188430374976446 0.00499608639898746 0 0.00168463611859838
"чи" 0 0.0149882591969624 0 0
"читателю" 0.00376860749952892 0.0083268106649791 0 0.00505390835579515
"чувствует" 0.00376860749952892 0.00666144853198328 0.00981932443047918 0
"чудо" 0 0.0133228970639666 0.0024548311076198 0
"шапке" 0.00376860749952892 0.0116575349309707 0 0.00168463611859838
"э" 0.00376860749952892 0.00666144853198328 0 0.00673854447439353
"ящика" 0.0301488599962314 0 0 0.00168463611859838
"chere" 0 0 0 0.0151617250673854
"est" 0 0 0.0171838177533386 0.00336927223719677
"аки" 0 0.0133228970639666 0 0
"алексеевич" 0.00376860749952892 0 0 0.0117924528301887
"апраксин" 0.0301488599962314 0 0 0
"батюшку" 0.0263802524967025 0 0 0.00168463611859838
"бегут" 0 0.0116575349309707 0.0024548311076198 0
"бишь" 0.0301488599962314 0 0 0
"благодарю" 0.00376860749952892 0.00166536213299582 0.00490966221523959 0.00673854447439353
"божия" 0 0.00166536213299582 0.00490966221523959 0.00842318059299191
"бойся" 0 0.00499608639898746 0 0.00842318059299191
"большее" 0 0 0.0196386488609584 0
"боялась" 0 0 0.00490966221523959 0.0101078167115903
"боярыни" 0 0.0133228970639666 0 0
"братья" 0 0.00999217279797492 0.00490966221523959 0
"броня" 0 0.0133228970639666 0 0
"будущей" 0 0.00499608639898746 0.00736449332285939 0.00336927223719677
"вашему" 0 0 0.0171838177533386 0.00168463611859838
"вверх" 0.0150744299981157 0.00666144853198328 0 0
"велик" 0 0.0133228970639666 0 0
"великие" 0.00376860749952892 0.00999217279797492 0.0024548311076198 0
"великих" 0 0.0116575349309707 0 0.00168463611859838
"верить" 0 0.00499608639898746 0 0.00842318059299191
"верою" 0.00376860749952892 0.00333072426599164 0 0.00842318059299191
"вестимо" 0.0113058224985868 0.0083268106649791 0 0
"ветви" 0 0.00999217279797492 0 0.00336927223719677
"взгляде" 0 0 0 0.0134770889487871
"взгляды" 0 0.00333072426599164 0 0.0101078167115903
"взорами" 0 0.0133228970639666 0 0
"видала" 0 0 0 0.0134770889487871
"видимому" 0 0.00166536213299582 0 0.0117924528301887
"витязей" 0 0.0133228970639666 0 0
"владение" 0 0.00666144853198328 0.00981932443047918 0
"влияние" 0.00753721499905785 0.00166536213299582 0 0.00842318059299191
"вне" 0.00376860749952892 0 0.00736449332285939 0.00673854447439353
"водки" 0.0150744299981157 0 0.0024548311076198 0.00505390835579515
"возвращался" 0.00376860749952892 0 0.00981932443047918 0.00505390835579515
"возвращении" 0 0 0.00981932443047918 0.00673854447439353
"возможность" 0.00376860749952892 0 0.00981932443047918 0.00505390835579515
"воймир" 0 0.0133228970639666 0 0
"волосами" 0.00376860749952892 0.00499608639898746 0.00490966221523959 0.00336927223719677
"вообразить" 0.00376860749952892 0 0.00981932443047918 0.00505390835579515
"вороных" 0 0.00333072426599164 0 0.0101078167115903
"воспользовался" 0 0.00166536213299582 0.00981932443047918 0.00505390835579515
"впечатление" 0.00376860749952892 0 0.0024548311076198 0.0101078167115903
"вполне" 0.00753721499905785 0.00666144853198328 0 0.00336927223719677
"врага" 0 0.0133228970639666 0 0
"всеволод" 0 0.0133228970639666 0 0
"вспомнив" 0.0150744299981157 0 0 0.00673854447439353
"вспомнила" 0.00376860749952892 0 0 0.0117924528301887
"выдать" 0.0188430374976446 0.00333072426599164 0 0.00168463611859838
"высокой" 0.00753721499905785 0.0083268106649791 0.0024548311076198 0
"главное" 0.00376860749952892 0.00166536213299582 0 0.0101078167115903
"глубокой" 0.0113058224985868 0.00166536213299582 0.00490966221523959 0.00336927223719677
"глядя" 0.0301488599962314 0 0 0
"городу" 0.00376860749952892 0.0116575349309707 0 0
"государя" 0.0226116449971735 0.00333072426599164 0 0
"град" 0 0.0133228970639666 0 0
"грех" 0 0.0133228970639666 0 0
"гривен" 0 0.0133228970639666 0 0
"губы" 0.00376860749952892 0.00166536213299582 0.00736449332285939 0.00505390835579515
"д" 0 0.0133228970639666 0 0
"дает" 0.00376860749952892 0.00666144853198328 0.00736449332285939 0
"дайте" 0 0.00499608639898746 0.00736449332285939 0.00336927223719677
"движения" 0 0.00666144853198328 0.00490966221523959 0.00336927223719677
"двое" 0.0150744299981157 0.00166536213299582 0.0024548311076198 0.00336927223719677
"девицу" 0 0.0133228970639666 0 0
"делается" 0.00753721499905785 0.00333072426599164 0.00490966221523959 0.00336927223719677
"делают" 0 0.00499608639898746 0.00736449332285939 0.00336927223719677
"делу" 0.00376860749952892 0 0.0147289866457188 0.00168463611859838
"деревянный" 0.0150744299981157 0.00166536213299582 0 0.00505390835579515
"дитятко" 0 0.0133228970639666 0 0
"дмитриевич" 0 0 0.0196386488609584 0
"днепра" 0 0.0133228970639666 0 0
"довольный" 0 0.0133228970639666 0 0
"довольным" 0 0 0 0.0134770889487871
"догадался" 0 0.00166536213299582 0.0024548311076198 0.0101078167115903
"домовины" 0 0.0133228970639666 0 0
"домы" 0.00753721499905785 0.00333072426599164 0.00490966221523959 0.00336927223719677
"дружбе" 0 0 0.012274155538099 0.00505390835579515
"духи" 0.0150744299981157 0.00666144853198328 0 0
"духовной" 0 0.00166536213299582 0.0171838177533386 0
"духу" 0.00376860749952892 0.00166536213299582 0.00490966221523959 0.00673854447439353
"дшарро" 0 0 0 0.0134770889487871
"дядюшка" 0.00376860749952892 0 0.00736449332285939 0.00673854447439353
"ежедневно" 0 0 0.0171838177533386 0.00168463611859838
"ежеминутно" 0 0 0 0.0134770889487871
"елисаветою" 0 0 0.0196386488609584 0
"ехали" 0 0.0083268106649791 0.0024548311076198 0.00336927223719677
"жажда" 0 0.0133228970639666 0 0
"ждет" 0 0.0133228970639666 0 0
"желает" 0.00753721499905785 0.00499608639898746 0.0024548311076198 0.00336927223719677
"желала" 0 0 0.00736449332285939 0.00842318059299191
"жемчугом" 0 0.0133228970639666 0 0
"жениху" 0 0.00333072426599164 0.00736449332285939 0.00505390835579515
"заливаясь" 0 0.00499608639898746 0.00981932443047918 0.00168463611859838
"запах" 0.00376860749952892 0.00499608639898746 0.00736449332285939 0.00168463611859838
"заплатить" 0.00376860749952892 0 0.00981932443047918 0.00505390835579515
"застал" 0 0 0.0147289866457188 0.00336927223719677
"звать" 0 0.00666144853198328 0.00490966221523959 0.00336927223719677
"звезда" 0 0.0133228970639666 0 0
"зверя" 0 0.0133228970639666 0 0
"звук" 0.00753721499905785 0.00666144853198328 0 0.00336927223719677
"здешней" 0.00376860749952892 0 0.0171838177533386 0
"здоров" 0.00753721499905785 0.00333072426599164 0.0024548311076198 0.00505390835579515
"землемер" 0 0 0.0196386488609584 0
"зла" 0.00753721499905785 0.00166536213299582 0.00490966221523959 0.00505390835579515
"злодей" 0 0.00999217279797492 0.00490966221523959 0
"злой" 0.00753721499905785 0.00666144853198328 0 0.00336927223719677
"знакомый" 0.00376860749952892 0.00499608639898746 0 0.00673854447439353
"зятя" 0 0.0083268106649791 0.00736449332285939 0
"ивича" 0 0.0133228970639666 0 0
"иворовича" 0 0.0133228970639666 0 0
"играет" 0 0.00499608639898746 0.00736449332285939 0.00336927223719677
"иду" 0 0.0133228970639666 0 0
"изволишь" 0.0226116449971735 0.00333072426599164 0 0
"иного" 0.0113058224985868 0 0.0024548311076198 0.00673854447439353
"иных" 0 0.00666144853198328 0.00736449332285939 0.00168463611859838
"исступление" 0 0.00333072426599164 0.012274155538099 0.00168463611859838
"кабинет" 0.00753721499905785 0 0.0147289866457188 0
"каков" 0.00376860749952892 0.00333072426599164 0 0.00842318059299191
"каково" 0.00376860749952892 0.00333072426599164 0.00490966221523959 0.00505390835579515
"каммердинер" 0 0 0.0196386488609584 0
"камнями" 0 0.0133228970639666 0 0
"кафтана" 0.0226116449971735 0.00166536213299582 0.0024548311076198 0
"кафтане" 0.0188430374976446 0.00333072426599164 0 0.00168463611859838
"княжеских" 0 0.0133228970639666 0 0
"кованые" 0 0.0133228970639666 0 0
"коих" 0.00376860749952892 0.00333072426599164 0 0.00842318059299191
"колокол" 0.00753721499905785 0.00999217279797492 0 0
"концом" 0.00753721499905785 0.00666144853198328 0 0.00336927223719677
"коню" 0 0.0133228970639666 0 0
"коротко" 0.00376860749952892 0 0 0.0117924528301887
"кощеем" 0 0.0133228970639666 0 0
"крайне" 0 0 0.0024548311076198 0.0117924528301887
"красоты" 0.0150744299981157 0 0 0.00673854447439353
"крепости" 0.0226116449971735 0.00166536213299582 0.0024548311076198 0
"крепость" 0.0226116449971735 0.00333072426599164 0 0
"крещеный" 0 0.0133228970639666 0 0
"кричать" 0.00376860749952892 0.00166536213299582 0.0024548311076198 0.00842318059299191
"кровью" 0 0.0133228970639666 0 0
"купцы" 0.00753721499905785 0.00999217279797492 0 0
"лад" 0.00376860749952892 0.0083268106649791 0.0024548311076198 0.00168463611859838
"малой" 0.0301488599962314 0 0 0
"мгновений" 0.00376860749952892 0.00999217279797492 0 0.00168463611859838
"медведей" 0 0.0116575349309707 0 0.00168463611859838
"медом" 0.00376860749952892 0.0116575349309707 0 0
"месяцев" 0 0.00333072426599164 0 0.0101078167115903
"мильцу" 0 0.0133228970639666 0 0
"многое" 0.0188430374976446 0.00166536213299582 0.0024548311076198 0.00168463611859838
"монарх" 0.0301488599962314 0 0 0
"мочи" 0 0 0.0147289866457188 0.00336927223719677
"мчится" 0 0.0133228970639666 0 0
"мя" 0 0.0083268106649791 0 0.00505390835579515
"надежде" 0 0.00166536213299582 0.00736449332285939 0.00673854447439353
"надел" 0.0113058224985868 0.00666144853198328 0.0024548311076198 0
"надеть" 0.00753721499905785 0.00333072426599164 0.00490966221523959 0.00336927223719677
"направо" 0.0113058224985868 0.0083268106649791 0 0
"настало" 0.00376860749952892 0.00499608639898746 0 0.00673854447439353
"находили" 0.00376860749952892 0 0.00981932443047918 0.00505390835579515
"начались" 0 0.00999217279797492 0.0024548311076198 0.00168463611859838
"начинали" 0.00753721499905785 0 0 0.0101078167115903
"небольшую" 0.00753721499905785 0 0 0.0101078167115903
"негодованием" 0.00376860749952892 0 0.0171838177533386 0
"недалеко" 0.00376860749952892 0.00166536213299582 0.00490966221523959 0.00673854447439353
"недоставало" 0 0.00166536213299582 0 0.0117924528301887
"неизвестного" 0.00376860749952892 0.00333072426599164 0.00736449332285939 0.00336927223719677
"некоторое" 0 0 0.00981932443047918 0.00673854447439353
"немецкое" 0.0301488599962314 0 0 0
"ниже" 0.0113058224985868 0.0083268106649791 0 0
"николай" 0 0 0.0196386488609584 0
"новгорода" 0 0.0133228970639666 0 0
"новых" 0.00376860749952892 0.00166536213299582 0.00490966221523959 0.00673854447439353
"ночлег" 0 0.00499608639898746 0 0.00842318059299191
"обещался" 0 0 0.0024548311076198 0.0117924528301887
"обрадовался" 0.00376860749952892 0 0.00736449332285939 0.00673854447439353
"обратилась" 0 0.00333072426599164 0.00490966221523959 0.00673854447439353
"общего" 0 0.00333072426599164 0.00981932443047918 0.00336927223719677
"общее" 0 0.00166536213299582 0.00981932443047918 0.00505390835579515
"общество" 0 0 0.012274155538099 0.00505390835579515
"обыкновенного" 0.00376860749952892 0.00166536213299582 0 0.0101078167115903
"обыкновенный" 0.00753721499905785 0.00166536213299582 0.00490966221523959 0.00505390835579515
"обязанности" 0 0.00166536213299582 0.012274155538099 0.00336927223719677
"окошек" 0.0188430374976446 0 0 0.00505390835579515
"октября" 0.0301488599962314 0 0 0
"опасаясь" 0.00376860749952892 0 0.00981932443047918 0.00505390835579515
"опустил" 0.00753721499905785 0.00666144853198328 0 0.00336927223719677
"оставаться" 0 0.00333072426599164 0.00490966221523959 0.00673854447439353
"остановились" 0.00376860749952892 0.00499608639898746 0 0.00673854447439353
"осторожно" 0.00753721499905785 0.00333072426599164 0.00490966221523959 0.00336927223719677
"отдам" 0.00753721499905785 0.00666144853198328 0.0024548311076198 0.00168463611859838
"отказать" 0.00376860749952892 0 0.00490966221523959 0.00842318059299191
"отъезде" 0.00376860749952892 0 0.00736449332285939 0.00673854447439353
"отъездом" 0 0 0.00490966221523959 0.0101078167115903
"офицера" 0 0 0.00981932443047918 0.00673854447439353
"пастуха" 0 0.0133228970639666 0 0
"песнь" 0 0.0116575349309707 0 0.00168463611859838
"печаль" 0 0.0083268106649791 0 0.00505390835579515
"пил" 0 0.00333072426599164 0.0147289866457188 0
"письме" 0 0 0.00736449332285939 0.00842318059299191
"письмом" 0 0.00166536213299582 0.012274155538099 0.00336927223719677
"плечах" 0.00753721499905785 0.00999217279797492 0 0
"повел" 0.0113058224985868 0.00666144853198328 0 0.00168463611859838
"поверьте" 0 0 0.00981932443047918 0.00673854447439353
"погони" 0.00376860749952892 0.00999217279797492 0 0.00168463611859838
"погубить" 0.0150744299981157 0.00333072426599164 0.0024548311076198 0.00168463611859838
"подвигах" 0 0.00666144853198328 0.00981932443047918 0
"поднялся" 0 0.00999217279797492 0.0024548311076198 0.00168463611859838
"подобного" 0.00753721499905785 0 0.00490966221523959 0.00673854447439353
"подписал" 0.00376860749952892 0 0.0147289866457188 0.00168463611859838
"поедем" 0 0.00166536213299582 0.012274155538099 0.00336927223719677
"поехала" 0 0 0.00736449332285939 0.00842318059299191
"поехали" 0 0.0083268106649791 0.00490966221523959 0.00168463611859838
"поклонились" 0.00376860749952892 0.00999217279797492 0 0.00168463611859838
"покой" 0 0.0083268106649791 0 0.00505390835579515
"покойным" 0.00753721499905785 0.00166536213299582 0 0.00842318059299191
"покрывалом" 0 0.0133228970639666 0 0
"полном" 0 0 0.00490966221523959 0.0101078167115903
"положить" 0 0.00333072426599164 0.00736449332285939 0.00505390835579515
"помещиков" 0 0 0.0171838177533386 0.00168463611859838
"помнил" 0 0.00333072426599164 0.012274155538099 0.00168463611859838
"помощник" 0 0.00166536213299582 0.0171838177533386 0
"попался" 0.00753721499905785 0.00333072426599164 0.0024548311076198 0.00505390835579515
"попасть" 0.00753721499905785 0.00166536213299582 0.0024548311076198 0.00673854447439353
"поприще" 0 0.00166536213299582 0.0171838177533386 0
"поскакал" 0 0.00666144853198328 0.00736449332285939 0.00168463611859838
"последней" 0.00753721499905785 0 0.00736449332285939 0.00505390835579515
"поставила" 0.00376860749952892 0.00333072426599164 0.00490966221523959 0.00505390835579515
"постель" 0.00376860749952892 0.00333072426599164 0 0.00842318059299191
"потерял" 0.00376860749952892 0 0.00490966221523959 0.00842318059299191
"потеряла" 0 0 0.0147289866457188 0.00336927223719677
"похож" 0.0113058224985868 0.00166536213299582 0 0.00673854447439353
"пошло" 0 0.00499608639898746 0.00981932443047918 0.00168463611859838
"пребывания" 0.00376860749952892 0 0.0024548311076198 0.0101078167115903
"предмете" 0 0 0.0024548311076198 0.0117924528301887
"предметом" 0 0 0.012274155538099 0.00505390835579515
"предметы" 0 0.00166536213299582 0.00490966221523959 0.00842318059299191
"прекрасный" 0.00376860749952892 0.00333072426599164 0.00490966221523959 0.00505390835579515
"преступление" 0.00753721499905785 0 0.012274155538099 0.00168463611859838
"привязанности" 0 0 0.012274155538099 0.00505390835579515
"приданое" 0.00376860749952892 0.00666144853198328 0.00736449332285939 0
"приказания" 0 0.00333072426599164 0.0024548311076198 0.00842318059299191
"принесите" 0 0.0083268106649791 0.00736449332285939 0
"принимал" 0.0150744299981157 0.00333072426599164 0.0024548311076198 0.00168463611859838
"приходит" 0 0.0116575349309707 0.0024548311076198 0
"причине" 0 0.00333072426599164 0.00490966221523959 0.00673854447439353
"причину" 0 0.00333072426599164 0.00490966221523959 0.00673854447439353
"проводил" 0.00753721499905785 0 0.0024548311076198 0.00842318059299191
"прогневайтесь" 0 0 0 0.0134770889487871
"продолжая" 0.0150744299981157 0 0.00490966221523959 0.00336927223719677
"проходит" 0 0.0133228970639666 0 0
"прочими" 0.00753721499905785 0.00166536213299582 0.0024548311076198 0.00673854447439353
"прошаем" 0 0.0133228970639666 0 0
"прошлого" 0 0.00166536213299582 0.0024548311076198 0.0101078167115903
"пустил" 0.00376860749952892 0.0083268106649791 0.00490966221523959 0
"путешествие" 0 0.00166536213299582 0 0.0117924528301887
"пуще" 0.0150744299981157 0 0.0024548311076198 0.00505390835579515
"работы" 0.0150744299981157 0.00333072426599164 0 0.00336927223719677
"разговаривать" 0.00376860749952892 0 0.00490966221523959 0.00842318059299191
"расстаться" 0 0.00166536213299582 0.00736449332285939 0.00673854447439353
"расстоянии" 0 0.00166536213299582 0.0024548311076198 0.0101078167115903
"речей" 0 0.00999217279797492 0 0.00336927223719677
"росстани" 0 0.0133228970639666 0 0
"ру" 0 0.0133228970639666 0 0
"рукой" 0 0.00999217279797492 0.0024548311076198 0.00168463611859838
"русская" 0 0.0116575349309707 0 0.00168463611859838
"русской" 0.00376860749952892 0.00999217279797492 0 0.00168463611859838
"рыдания" 0 0.00166536213299582 0.0171838177533386 0
"садись" 0 0.0083268106649791 0.00736449332285939 0
"саду" 0.00753721499905785 0.00499608639898746 0.00736449332285939 0
"светлицы" 0 0.0133228970639666 0 0
"сделали" 0.00376860749952892 0.00166536213299582 0.00736449332285939 0.00505390835579515
"сделались" 0 0.00166536213299582 0.012274155538099 0.00336927223719677
"семейству" 0 0 0.00981932443047918 0.00673854447439353
"сесть" 0 0.0083268106649791 0.00490966221523959 0.00168463611859838
"сидели" 0.00753721499905785 0 0.00736449332285939 0.00505390835579515
"силою" 0.0150744299981157 0.00666144853198328 0 0
"сильного" 0.00753721499905785 0.00666144853198328 0 0.00336927223719677
"симона" 0 0.0133228970639666 0 0
"скрылись" 0.00376860749952892 0.0083268106649791 0 0.00336927223719677
"слабости" 0 0 0.0196386488609584 0
"слабым" 0.00376860749952892 0.00333072426599164 0.00981932443047918 0.00168463611859838
"славы" 0 0.0133228970639666 0 0
"след" 0 0.0083268106649791 0.0024548311076198 0.00336927223719677
"словах" 0.00376860749952892 0.00333072426599164 0.00490966221523959 0.00505390835579515
"случая" 0 0 0.00736449332285939 0.00842318059299191
"слышала" 0 0.00333072426599164 0.0024548311076198 0.00842318059299191
"слышали" 0 0.00333072426599164 0.00490966221523959 0.00673854447439353
"слышен" 0.00376860749952892 0.00333072426599164 0 0.00842318059299191
"смотрите" 0.0113058224985868 0 0.00981932443047918 0.00168463611859838
"сняли" 0 0.00999217279797492 0 0.00336927223719677
"собирается" 0 0.00999217279797492 0 0.00336927223719677
"совершенном" 0 0 0.012274155538099 0.00505390835579515
"согласилась" 0 0.00166536213299582 0.00736449332285939 0.00673854447439353
"содержание" 0.0113058224985868 0 0.0024548311076198 0.00673854447439353
"солнышко" 0 0.0133228970639666 0 0
"сообщил" 0.00753721499905785 0 0.012274155538099 0.00168463611859838
"сообщить" 0.00753721499905785 0 0.012274155538099 0.00168463611859838
"соседей" 0 0.00333072426599164 0.00736449332285939 0.00505390835579515
"состояние" 0 0 0.0147289866457188 0.00336927223719677
"состоянии" 0 0.00333072426599164 0.00736449332285939 0.00505390835579515
"сохрани" 0 0 0.00981932443047918 0.00673854447439353
"спал" 0 0.0083268106649791 0.0024548311076198 0.00336927223719677
"спальню" 0.00376860749952892 0 0.00490966221523959 0.00842318059299191
"спит" 0 0.0116575349309707 0 0.00168463611859838
"спокойствия" 0.00376860749952892 0.00333072426599164 0.00736449332285939 0.00336927223719677
"справедливо" 0.00753721499905785 0 0.00981932443047918 0.00336927223719677
"спустя" 0 0 0 0.0134770889487871
"стадо" 0 0.0133228970639666 0 0
"стакан" 0.00376860749952892 0.00166536213299582 0.0147289866457188 0
"старец" 0 0.0133228970639666 0 0
"старуха" 0 0.00666144853198328 0 0.00673854447439353
"сто" 0.00753721499905785 0.0083268106649791 0.0024548311076198 0
"столу" 0.00376860749952892 0.00333072426599164 0.00736449332285939 0.00336927223719677
"страсти" 0.00753721499905785 0.00333072426599164 0.00736449332285939 0.00168463611859838
"страстно" 0 0 0.012274155538099 0.00505390835579515
"строгий" 0 0 0.0024548311076198 0.0117924528301887
"стучит" 0 0.0116575349309707 0 0.00168463611859838
"сукна" 0.0150744299981157 0 0.0024548311076198 0.00505390835579515
"супружества" 0 0 0.0196386488609584 0
"счастлив" 0 0.00166536213299582 0.0147289866457188 0.00168463611859838
"тайтзи" 0 0.0133228970639666 0 0
"такому" 0 0 0.00736449332285939 0.00842318059299191
"тело" 0 0.0116575349309707 0 0.00168463611859838
"темные" 0 0.00666144853198328 0.00736449332285939 0.00168463611859838
"темный" 0.00753721499905785 0.00333072426599164 0 0.00673854447439353
"терпением" 0 0.00166536213299582 0.00981932443047918 0.00505390835579515
"тетушкой" 0 0 0 0.0134770889487871
"толпу" 0.00753721499905785 0.00999217279797492 0 0
"триста" 0.00753721499905785 0.00499608639898746 0.0024548311076198 0.00336927223719677
"тропинке" 0 0.00666144853198328 0 0.00673854447439353
"туру" 0 0.0133228970639666 0 0
"туча" 0 0.0133228970639666 0 0
"уважением" 0.00376860749952892 0.00166536213299582 0.00490966221523959 0.00673854447439353
"увидя" 0.00753721499905785 0 0 0.0101078167115903
"увы" 0 0.00499608639898746 0.00490966221523959 0.00505390835579515
"уговорить" 0.00376860749952892 0.00166536213299582 0.0024548311076198 0.00842318059299191
"удара" 0 0.00666144853198328 0.0024548311076198 0.00505390835579515
"удержать" 0.0113058224985868 0 0.00490966221523959 0.00505390835579515
"уездного" 0 0 0.0196386488609584 0
"ужин" 0.00753721499905785 0.00333072426599164 0.0024548311076198 0.00505390835579515
"умру" 0.0188430374976446 0.00333072426599164 0 0.00168463611859838
"уплаты" 0.0150744299981157 0 0.00981932443047918 0
"употреблять" 0.00376860749952892 0 0.00981932443047918 0.00505390835579515
"услышала" 0.00376860749952892 0.00166536213299582 0.0024548311076198 0.00842318059299191
"устал" 0.00376860749952892 0.00499608639898746 0.0024548311076198 0.00505390835579515
"ухом" 0.00376860749952892 0.00666144853198328 0 0.00505390835579515
"ушел" 0.00753721499905785 0.00499608639898746 0.00490966221523959 0.00168463611859838
"ушла" 0.0188430374976446 0.00166536213299582 0.0024548311076198 0.00168463611859838
"французском" 0 0 0.0024548311076198 0.0117924528301887
"харэма" 0 0.0133228970639666 0 0
"хлопотать" 0.00753721499905785 0 0.00736449332285939 0.00505390835579515
"хорева" 0 0.0133228970639666 0 0
"хорош" 0 0 0.00490966221523959 0.0101078167115903
"чердак" 0.0301488599962314 0 0 0
"черную" 0.00376860749952892 0.00666144853198328 0 0.00505390835579515
"честные" 0.00753721499905785 0.0083268106649791 0 0.00168463611859838
"честью" 0.00376860749952892 0.0116575349309707 0 0
"чин" 0 0.00499608639898746 0.0024548311076198 0.00673854447439353
"читал" 0.00753721499905785 0.00166536213299582 0.0024548311076198 0.00673854447439353
"чудовище" 0 0.00999217279797492 0 0.00336927223719677
"шампанского" 0 0 0.0196386488609584 0
"широкое" 0 0.0116575349309707 0 0.00168463611859838
"шли" 0 0.0116575349309707 0 0.00168463611859838
"шубиным" 0.0301488599962314 0 0 0
"шутки" 0 0 0.00736449332285939 0.00842318059299191
"является" 0 0.00999217279797492 0.0024548311076198 0.00168463611859838
"являлся" 0 0.00166536213299582 0.00736449332285939 0.00673854447439353
"яйцо" 0 0.0133228970639666 0 0
"яму" 0.0263802524967025 0.00166536213299582 0 0
"il" 0 0 0.0196386488609584 0
"алексеевича" 0.00376860749952892 0 0 0.0101078167115903
"ангел" 0.0113058224985868 0 0.0024548311076198 0.00505390835579515
"ба" 0.0150744299981157 0 0 0.00505390835579515
"белому" 0 0.00999217279797492 0 0.00168463611859838
"бессовестно" 0 0 0.0171838177533386 0
"бир" 0 0.0116575349309707 0 0
"благодарил" 0.00376860749952892 0 0.00981932443047918 0.00336927223719677
"благодарности" 0 0 0.00981932443047918 0.00505390835579515
"благодарностию" 0 0 0.00981932443047918 0.00505390835579515
"благополучно" 0.00376860749952892 0 0.00490966221523959 0.00673854447439353
"богат" 0.00376860749952892 0 0.00490966221523959 0.00673854447439353
"боится" 0.00376860749952892 0.00499608639898746 0.00736449332285939 0
"бок" 0 0.00666144853198328 0 0.00505390835579515
"большие" 0 0.00333072426599164 0 0.00842318059299191
"большого" 0.00753721499905785 0 0 0.00842318059299191
"борис" 0 0.00999217279797492 0.0024548311076198 0
"браку" 0.00753721499905785 0 0 0.00842318059299191
"брать" 0.00753721499905785 0.00333072426599164 0.00736449332285939 0
"бросается" 0 0.0116575349309707 0 0
"бросил" 0.00376860749952892 0.00499608639898746 0.0024548311076198 0.00336927223719677
"бывать" 0.00376860749952892 0 0 0.0101078167115903
"бывши" 0 0.00166536213299582 0.0147289866457188 0
"быстрые" 0 0.0083268106649791 0.0024548311076198 0.00168463611859838
"бысть" 0 0.0116575349309707 0 0
"важно" 0.00753721499905785 0.00499608639898746 0.00490966221523959 0
"вашим" 0.00376860749952892 0 0.0024548311076198 0.00842318059299191
"ввечеру" 0 0 0 0.0117924528301887
"века" 0.0113058224985868 0.00499608639898746 0 0.00168463611859838
"вексель" 0 0 0.0171838177533386 0
"веселым" 0.00753721499905785 0.00166536213299582 0.0024548311076198 0.00505390835579515
"вздохнул" 0.00753721499905785 0.0083268106649791 0 0
"взялся" 0.00376860749952892 0.00499608639898746 0.00490966221523959 0.00168463611859838
"внутренне" 0.0150744299981157 0 0 0.00505390835579515
"воде" 0.0150744299981157 0.00499608639898746 0 0
"воеводы" 0 0.0116575349309707 0 0
"возвращение" 0.00376860749952892 0.00499608639898746 0.00490966221523959 0.00168463611859838
"воины" 0 0.0116575349309707 0 0
"войны" 0 0.0116575349309707 0 0
"волхова" 0 0.0116575349309707 0 0
"воображении" 0.00753721499905785 0 0 0.00842318059299191
"воскликнула" 0.0188430374976446 0 0 0.00336927223719677
"воспитание" 0 0 0.0024548311076198 0.0101078167115903
"вправо" 0 0.00999217279797492 0 0.00168463611859838
"впредь" 0.00376860749952892 0 0.00736449332285939 0.00505390835579515
"времена" 0.00753721499905785 0.00166536213299582 0.0024548311076198 0.00505390835579515
"всеволода" 0 0.0116575349309707 0 0
"всякое" 0.00376860749952892 0.00333072426599164 0.00736449332285939 0.00168463611859838
"всяком" 0.00376860749952892 0.00166536213299582 0.0024548311076198 0.00673854447439353
"вывел" 0.00753721499905785 0 0.00736449332285939 0.00336927223719677
"вывели" 0 0.00666144853198328 0.00490966221523959 0.00168463611859838
"выражения" 0 0.00166536213299582 0.0024548311076198 0.00842318059299191
"высоким" 0.00376860749952892 0.00999217279797492 0 0
"высокого" 0.0113058224985868 0.00333072426599164 0 0.00336927223719677
"выстроил" 0 0.00166536213299582 0.00736449332285939 0.00505390835579515
"гапочка" 0 0 0 0.0117924528301887
"генерал" 0.0226116449971735 0 0.0024548311076198 0
"героя" 0 0.00999217279797492 0.0024548311076198 0
"глебовны" 0 0.0116575349309707 0 0
"говорится" 0.00753721499905785 0.00499608639898746 0 0.00336927223719677
"головой" 0.00753721499905785 0.00666144853198328 0 0.00168463611859838
"горькими" 0 0.00166536213299582 0.00981932443047918 0.00336927223719677
"горю" 0 0.0083268106649791 0.0024548311076198 0.00168463611859838
"господ" 0 0.00166536213299582 0.0024548311076198 0.00842318059299191
"господину" 0.00753721499905785 0.00499608639898746 0 0.00336927223719677
"грамоты" 0.00376860749952892 0.00999217279797492 0 0
"грешно" 0.0150744299981157 0 0 0.00505390835579515
"грустно" 0 0.00166536213299582 0.00981932443047918 0.00336927223719677
"гусева" 0.0263802524967025 0 0 0
"давал" 0 0.00333072426599164 0.00981932443047918 0.00168463611859838
"даром" 0.00376860749952892 0.00166536213299582 0 0.00842318059299191
"двадцати" 0.00753721499905785 0.00166536213299582 0 0.00673854447439353
"дверям" 0.00376860749952892 0.00499608639898746 0 0.00505390835579515
"девушек" 0 0.00666144853198328 0 0.00505390835579515
"деревнях" 0 0 0.0171838177533386 0
"деревья" 0 0.00666144853198328 0.0024548311076198 0.00336927223719677
"деревянная" 0.0150744299981157 0.00499608639898746 0 0
"длинные" 0.00376860749952892 0.00333072426599164 0 0.00673854447439353
"днем" 0.0113058224985868 0.00166536213299582 0.0024548311076198 0.00336927223719677
"дно" 0.00376860749952892 0.00999217279797492 0 0
"доброте" 0 0 0.012274155538099 0.00336927223719677
"доброю" 0 0 0.00490966221523959 0.00842318059299191
"довершению" 0 0 0.0171838177533386 0
"долги" 0.00376860749952892 0 0.012274155538099 0.00168463611859838
"долгом" 0.00753721499905785 0.00166536213299582 0.0024548311076198 0.00505390835579515
"долой" 0 0.00666144853198328 0.00490966221523959 0.00168463611859838
"дошло" 0 0.00166536213299582 0 0.0101078167115903
"дурачки" 0.00376860749952892 0 0.0147289866457188 0
"дурень" 0.00376860749952892 0.00999217279797492 0 0
"духовная" 0 0 0.0171838177533386 0
"душевное" 0.00376860749952892 0 0.0147289866457188 0
"душою" 0.00376860749952892 0.0083268106649791 0 0.00168463611859838
"дюн" 0 0 0 0.0117924528301887
"дюндику" 0 0 0 0.0117924528301887
"един" 0 0.0116575349309707 0 0
"единственно" 0 0.00166536213299582 0 0.0101078167115903
"единственное" 0 0 0.0147289866457188 0.00168463611859838
"единственный" 0.00376860749952892 0 0.00981932443047918 0.00336927223719677
"ездил" 0.00376860749952892 0.00333072426599164 0.00981932443047918 0
"елисаветы" 0.00376860749952892 0 0.0147289866457188 0
"женщине" 0 0.00333072426599164 0.00736449332285939 0.00336927223719677
"жизнью" 0 0.00999217279797492 0 0.00168463611859838
"забор" 0.0113058224985868 0.00166536213299582 0.0024548311076198 0.00336927223719677
"задумчивости" 0.00376860749952892 0 0.00490966221523959 0.00673854447439353
"заемные" 0 0 0.0171838177533386 0
"заключения" 0.00376860749952892 0.00499608639898746 0.0024548311076198 0.00336927223719677
"замечания" 0 0.00166536213299582 0.0024548311076198 0.00842318059299191
"замешательство" 0 0 0 0.0117924528301887
"заперты" 0.0150744299981157 0.00333072426599164 0 0.00168463611859838
"заплакала" 0.00376860749952892 0.00333072426599164 0 0.00673854447439353
"заснуть" 0 0 0 0.0117924528301887
"звезды" 0 0.00999217279797492 0 0.00168463611859838
"здания" 0.0263802524967025 0 0 0
"знаем" 0.00376860749952892 0 0.00736449332285939 0.00505390835579515
"значило" 0.00376860749952892 0.0083268106649791 0.0024548311076198 0
"золотое" 0 0.0116575349309707 0 0
"золотые" 0.00376860749952892 0.0083268106649791 0.0024548311076198 0
"играли" 0.00376860749952892 0.00166536213299582 0.00490966221523959 0.00505390835579515
"иде" 0 0.0116575349309707 0 0
"иже" 0 0.0116575349309707 0 0
"известна" 0.00376860749952892 0 0.00490966221523959 0.00673854447439353
"изредка" 0.0113058224985868 0.00166536213299582 0.0024548311076198 0.00336927223719677
"именем" 0.00376860749952892 0.0083268106649791 0 0.00168463611859838
"иное" 0 0.00166536213299582 0.0024548311076198 0.00842318059299191
"истинного" 0 0 0.0147289866457188 0.00168463611859838
"каждой" 0.0113058224985868 0.00166536213299582 0 0.00505390835579515
"каких" 0.00376860749952892 0.00166536213299582 0.0024548311076198 0.00673854447439353
"картин" 0.0263802524967025 0 0 0
"катерину" 0 0 0.0171838177533386 0
"качества" 0 0 0.00490966221523959 0.00842318059299191
"кликуша" 0 0.0116575349309707 0 0
"клятву" 0.00376860749952892 0.00333072426599164 0.00981932443047918 0
"ковчежец" 0 0.0116575349309707 0 0
"колпак" 0.0150744299981157 0.00499608639898746 0 0
"коляска" 0 0 0 0.0117924528301887
"ком" 0 0.00166536213299582 0.0024548311076198 0.00842318059299191
"концу" 0.00376860749952892 0.00499608639898746 0 0.00505390835579515
"концы" 0.00376860749952892 0.00999217279797492 0 0
"кончено" 0.00376860749952892 0 0.00981932443047918 0.00336927223719677
"коснулся" 0 0.00666144853198328 0.0024548311076198 0.00336927223719677
"красной" 0 0.0083268106649791 0 0.00336927223719677
"красным" 0 0.00999217279797492 0 0.00168463611859838
"крестника" 0 0.0116575349309707 0 0
"крестом" 0.00376860749952892 0.00999217279797492 0 0
"кричала" 0 0 0.00981932443047918 0.00505390835579515
"крови" 0 0.0116575349309707 0 0
"кружилась" 0 0 0.0147289866457188 0.00168463611859838
"кузины" 0 0 0 0.0117924528301887
"лай" 0 0.00333072426599164 0 0.00842318059299191
"лбу" 0 0.00666144853198328 0.0024548311076198 0.00336927223719677
"левую" 0.00753721499905785 0.0083268106649791 0 0
"легче" 0.00753721499905785 0 0.00736449332285939 0.00336927223719677
"лето" 0 0.0116575349309707 0 0
"летописи" 0 0.0116575349309707 0 0
"лист" 0.00753721499905785 0.00166536213299582 0 0.00673854447439353
"лицу" 0.00753721499905785 0.00499608639898746 0.0024548311076198 0.00168463611859838
"ложе" 0 0.0116575349309707 0 0
"лулл" 0.0263802524967025 0 0 0
"луна" 0 0.00999217279797492 0 0.00168463611859838
"луч" 0.0113058224985868 0.00666144853198328 0 0
"любопытством" 0.00376860749952892 0.00166536213299582 0.0024548311076198 0.00673854447439353
"ля" 0 0 0 0.0117924528301887
"майор" 0 0 0 0.0117924528301887
"малый" 0 0.00499608639898746 0.00736449332285939 0.00168463611859838
"мальчика" 0.00376860749952892 0.0083268106649791 0.0024548311076198 0
"мачиха" 0 0 0.0171838177533386 0
"машу" 0.0188430374976446 0 0 0.00336927223719677
"меншикова" 0.0263802524967025 0 0 0
"милой" 0 0.00666144853198328 0.0024548311076198 0.00336927223719677
"милою" 0 0.00499608639898746 0.00736449332285939 0.00168463611859838
"милые" 0.00376860749952892 0.00666144853198328 0.00490966221523959 0
"мине" 0 0.0116575349309707 0 0
"мины" 0 0.0116575349309707 0 0
"мнения" 0 0 0 0.0117924528301887
"молвил" 0.0113058224985868 0.00666144853198328 0 0
"молиться" 0.00376860749952892 0.00499608639898746 0.00490966221523959 0.00168463611859838
"молодцы" 0 0.00999217279797492 0.0024548311076198 0
"молодые" 0 0.00166536213299582 0.00736449332285939 0.00505390835579515
"молчала" 0.00376860749952892 0.00333072426599164 0.00736449332285939 0.00168463611859838
"мрак" 0.0113058224985868 0.00666144853198328 0 0
"мужики" 0 0.00333072426599164 0.00736449332285939 0.00336927223719677
"надевает" 0 0.0116575349309707 0 0
"надобности" 0 0 0.0024548311076198 0.0101078167115903
"назначил" 0.0113058224985868 0 0.0024548311076198 0.00505390835579515
"называет" 0 0.00666144853198328 0.0024548311076198 0.00336927223719677
"назывался" 0.0113058224985868 0.00499608639898746 0.0024548311076198 0
"найдешь" 0.0113058224985868 0.00166536213299582 0.00736449332285939 0
"найду" 0 0.0083268106649791 0 0.00336927223719677
"намерен" 0.00753721499905785 0 0 0.00842318059299191
"наружность" 0.00376860749952892 0.00166536213299582 0.0024548311076198 0.00673854447439353
"наследника" 0.00376860749952892 0.00499608639898746 0.00490966221523959 0.00168463611859838
"настоятельно" 0 0 0.00981932443047918 0.00505390835579515
"насчет" 0 0 0 0.0117924528301887
"находил" 0.00376860749952892 0 0.00736449332285939 0.00505390835579515
"начало" 0.0113058224985868 0.00333072426599164 0.0024548311076198 0.00168463611859838
"начался" 0.00753721499905785 0.00499608639898746 0.0024548311076198 0.00168463611859838
"нашем" 0.00753721499905785 0.00333072426599164 0.00736449332285939 0
"небесное" 0.00376860749952892 0 0.00736449332285939 0.00505390835579515
"небом" 0 0.0116575349309707 0 0
"недоумение" 0 0.00166536213299582 0 0.0101078167115903
"нежностию" 0 0 0.012274155538099 0.00336927223719677
"неизвестно" 0.00753721499905785 0.00333072426599164 0.0024548311076198 0.00336927223719677
"немой" 0 0.0116575349309707 0 0
"неожиданное" 0 0.00333072426599164 0.0024548311076198 0.00673854447439353
"неприметно" 0.00376860749952892 0 0 0.0101078167115903
"несколькими" 0.00753721499905785 0.00333072426599164 0.00490966221523959 0.00168463611859838
"несчастной" 0 0.00333072426599164 0.00981932443047918 0.00168463611859838
"несчастную" 0 0.00499608639898746 0.00490966221523959 0.00336927223719677
"нетрудно" 0.00376860749952892 0 0 0.0101078167115903
"носу" 0 0.00499608639898746 0.0024548311076198 0.00505390835579515
"обоих" 0 0 0.00736449332285939 0.00673854447439353
"оборотень" 0 0.00166536213299582 0 0.0101078167115903
"образе" 0 0.00666144853198328 0 0.00505390835579515
"обряд" 0 0.00999217279797492 0.0024548311076198 0
"обстоятельствах" 0 0.00166536213299582 0 0.0101078167115903
"общий" 0.00376860749952892 0.00666144853198328 0.00490966221523959 0
"общим" 0 0.00499608639898746 0.0024548311076198 0.00505390835579515
"объявила" 0 0.00166536213299582 0 0.0101078167115903
"обязанностей" 0 0 0.00981932443047918 0.00505390835579515
"огнем" 0 0.00666144853198328 0 0.00505390835579515
"ограбили" 0 0 0.0171838177533386 0
"огромной" 0 0.0083268106649791 0 0.00336927223719677
"одних" 0.00753721499905785 0 0.0024548311076198 0.00673854447439353
"одною" 0.0113058224985868 0 0 0.00673854447439353
"окон" 0.00753721499905785 0.00499608639898746 0 0.00336927223719677
"ольговне" 0 0.0116575349309707 0 0
"опекуну" 0 0 0 0.0117924528301887
"освободить" 0.0226116449971735 0 0 0.00168463611859838
"осмотрел" 0.00753721499905785 0.0083268106649791 0 0
"осмотреть" 0.00753721499905785 0 0.00736449332285939 0.00336927223719677
"оставались" 0 0 0.00490966221523959 0.00842318059299191
"оставив" 0.0113058224985868 0.00499608639898746 0.0024548311076198 0
"отвечаю" 0 0 0.00981932443047918 0.00505390835579515
"отдай" 0.00753721499905785 0.00499608639898746 0.00490966221523959 0
"отказался" 0.00376860749952892 0.00499608639898746 0.00736449332285939 0
"отказаться" 0 0.00333072426599164 0.00490966221523959 0.00505390835579515
"открыл" 0.0113058224985868 0 0.00490966221523959 0.00336927223719677
"отношении" 0 0 0.00490966221523959 0.00842318059299191
"отсутствие" 0.00376860749952892 0 0 0.0101078167115903
"отыскал" 0.0113058224985868 0.00166536213299582 0.00490966221523959 0.00168463611859838
"очах" 0 0.0116575349309707 0 0
"очереди" 0 0.00999217279797492 0.0024548311076198 0
"ошибку" 0 0 0.0024548311076198 0.0101078167115903
"ошиблась" 0 0 0.00981932443047918 0.00505390835579515
"павел" 0.0226116449971735 0 0.0024548311076198 0
"пальцем" 0 0.00333072426599164 0.0024548311076198 0.00673854447439353
"партию" 0 0 0.0171838177533386 0
"пели" 0 0.00999217279797492 0 0.00168463611859838
"первою" 0 0 0.0024548311076198 0.0101078167115903
"передать" 0.0150744299981157 0.00333072426599164 0.0024548311076198 0
"перестал" 0 0.00333072426599164 0.00981932443047918 0.00168463611859838
"печь" 0.00376860749952892 0.00999217279797492 0 0
"плакал" 0.00753721499905785 0.00333072426599164 0.00490966221523959 0.00168463611859838
"плутовства" 0 0.00166536213299582 0.0147289866457188 0
"поверь" 0.00376860749952892 0 0.0147289866457188 0
"повозку" 0 0.00666144853198328 0 0.00505390835579515
"повторили" 0 0.0083268106649791 0 0.00336927223719677
"повторял" 0 0 0.0147289866457188 0.00168463611859838
"поганые" 0 0.0116575349309707 0 0
"погибели" 0 0 0.0171838177533386 0
"погост" 0 0.0116575349309707 0 0
"подала" 0 0.00166536213299582 0.00736449332285939 0.00505390835579515
"подвиг" 0 0.00666144853198328 0.00490966221523959 0.00168463611859838
"подвиги" 0 0.00666144853198328 0.00490966221523959 0.00168463611859838
"подозрения" 0 0 0 0.0117924528301887
"подхватила" 0 0 0 0.0117924528301887
"поезд" 0 0.0116575349309707 0 0
"познакомился" 0.00376860749952892 0 0.00490966221523959 0.00673854447439353
"пойдет" 0.0150744299981157 0 0.00490966221523959 0.00168463611859838
"пойдешь" 0.00753721499905785 0.0083268106649791 0 0
"показаться" 0 0 0.0024548311076198 0.0101078167115903
"поклониться" 0.00376860749952892 0.00999217279797492 0 0
"поклонясь" 0.0226116449971735 0 0 0.00168463611859838
"покойной" 0 0.00166536213299582 0.00490966221523959 0.00673854447439353
"полковника" 0 0 0 0.0117924528301887
"получит" 0.00753721499905785 0 0.0024548311076198 0.00673854447439353
"полю" 0 0.00999217279797492 0.0024548311076198 0
"полюбил" 0.00376860749952892 0.00999217279797492 0 0
"помнила" 0.00376860749952892 0 0.00490966221523959 0.00673854447439353
"помогать" 0.00376860749952892 0 0.012274155538099 0.00168463611859838
"понесли" 0 0.0083268106649791 0.0024548311076198 0.00168463611859838
"понимал" 0 0.00166536213299582 0.00736449332285939 0.00505390835579515
"понимала" 0 0 0.0024548311076198 0.0101078167115903
"понимая" 0.00376860749952892 0 0 0.0101078167115903
"порядке" 0 0.00333072426599164 0.0024548311076198 0.00673854447439353
"последствия" 0 0 0.0147289866457188 0.00168463611859838
"поспешила" 0 0 0.0024548311076198 0.0101078167115903
"поспешили" 0.00376860749952892 0 0.0024548311076198 0.00842318059299191
"постоянно" 0.0113058224985868 0.00333072426599164 0.00490966221523959 0
"потребовал" 0.00376860749952892 0.00499608639898746 0.00490966221523959 0.00168463611859838
"почтеннейший" 0 0 0.012274155538099 0.00336927223719677
"поют" 0 0.0083268106649791 0 0.00336927223719677
"пояса" 0.00753721499905785 0.0083268106649791 0 0
"правило" 0 0.00166536213299582 0.012274155538099 0.00168463611859838
"предаваться" 0 0 0.0147289866457188 0.00168463611859838
"предков" 0.0113058224985868 0.00499608639898746 0.0024548311076198 0
"предлагал" 0.00376860749952892 0 0.012274155538099 0.00168463611859838
"представляло" 0 0 0.0024548311076198 0.0101078167115903
"представлялось" 0 0 0 0.0117924528301887
"прекрасная" 0 0.00333072426599164 0.0024548311076198 0.00673854447439353
"преследовать" 0.00376860749952892 0.00333072426599164 0.00736449332285939 0.00168463611859838
"прибытии" 0 0.00166536213299582 0.00490966221523959 0.00673854447439353
"привели" 0 0.00333072426599164 0.00736449332285939 0.00336927223719677
"привесть" 0 0 0.012274155538099 0.00336927223719677
"приветствий" 0.00376860749952892 0 0.00981932443047918 0.00336927223719677
"привык" 0 0.00499608639898746 0.00981932443047918 0
"привыкла" 0 0.00166536213299582 0.00736449332285939 0.00505390835579515
"принадлежала" 0.00376860749952892 0 0.00490966221523959 0.00673854447439353
"принимать" 0.00376860749952892 0.00333072426599164 0.00736449332285939 0.00168463611859838
"принялся" 0.00376860749952892 0.00166536213299582 0.0024548311076198 0.00673854447439353
"пришлось" 0 0.00333072426599164 0 0.00842318059299191
"приятно" 0 0 0.00981932443047918 0.00505390835579515
"проводить" 0.00376860749952892 0.00166536213299582 0 0.00842318059299191
"проворчал" 0.0188430374976446 0 0 0.00336927223719677
"проехал" 0 0.00999217279797492 0 0.00168463611859838
"происшествие" 0 0 0.00736449332285939 0.00673854447439353
"проснулся" 0 0.00166536213299582 0.00981932443047918 0.00336927223719677
"просьбе" 0.00376860749952892 0 0.00490966221523959 0.00673854447439353
"протянул" 0.00753721499905785 0.00499608639898746 0 0.00336927223719677
"прочим" 0.00376860749952892 0.00499608639898746 0.0024548311076198 0.00336927223719677
"прощения" 0 0.00166536213299582 0.00981932443047918 0.00336927223719677
"пусти" 0 0.0116575349309707 0 0
"пустить" 0 0.00333072426599164 0.00981932443047918 0.00168463611859838
"пустые" 0.00376860749952892 0.00166536213299582 0.0024548311076198 0.00673854447439353
"пыль" 0 0.00666144853198328 0.0024548311076198 0.00336927223719677
"работу" 0.0113058224985868 0.00166536213299582 0.00736449332285939 0
"радостию" 0.00376860749952892 0.00166536213299582 0.00736449332285939 0.00336927223719677
"разговоров" 0 0 0.00490966221523959 0.00842318059299191
"разобрать" 0.00753721499905785 0 0.00490966221523959 0.00505390835579515
"разошлись" 0.00376860749952892 0.00166536213299582 0.00736449332285939 0.00336927223719677
"рассердилась" 0 0.00166536213299582 0.0024548311076198 0.00842318059299191
"рассказать" 0 0.00166536213299582 0.00490966221523959 0.00673854447439353
"рассказов" 0 0.00333072426599164 0 0.00842318059299191
"расстались" 0 0.00166536213299582 0.00490966221523959 0.00673854447439353
"родителей" 0.00376860749952892 0.00166536213299582 0 0.00842318059299191
"родительница" 0 0.0116575349309707 0 0
"родную" 0 0.00499608639898746 0.0024548311076198 0.00505390835579515
"россии" 0.00753721499905785 0.00666144853198328 0.0024548311076198 0
"ростислав" 0 0.0116575349309707 0 0
"румянец" 0 0.00333072426599164 0.0024548311076198 0.00673854447439353
"русски" 0 0.00166536213299582 0.0024548311076198 0.00842318059299191
"русским" 0.00753721499905785 0.00333072426599164 0 0.00505390835579515
"русского" 0.00376860749952892 0.00666144853198328 0 0.00336927223719677
"садится" 0 0.0116575349309707 0 0
"санкт" 0.0263802524967025 0 0 0
"сапоги" 0 0.00166536213299582 0.00490966221523959 0.00673854447439353
"свадьбы" 0.00376860749952892 0.00499608639898746 0 0.00505390835579515
"сваты" 0 0.0116575349309707 0 0
"свельду" 0 0.0116575349309707 0 0
"свияжскую" 0 0 0.0171838177533386 0
"седого" 0 0.0116575349309707 0 0
"седой" 0.00376860749952892 0.00999217279797492 0 0
"сельского" 0 0.0116575349309707 0 0
"селяне" 0 0.0116575349309707 0 0
"серебром" 0 0.0116575349309707 0 0
"серебряные" 0.00376860749952892 0.0083268106649791 0 0.00168463611859838
"сестрою" 0 0 0.0147289866457188 0.00168463611859838
"сильную" 0.00753721499905785 0.00333072426599164 0.00490966221523959 0.00168463611859838
"сими" 0.00376860749952892 0.00333072426599164 0.0024548311076198 0.00505390835579515
"сирот" 0.00376860749952892 0 0.0147289866457188 0
"скакал" 0 0.00666144853198328 0.00736449332285939 0
"скалою" 0 0.0116575349309707 0 0
"следовало" 0.0113058224985868 0 0.00736449332285939 0.00168463611859838
"следствие" 0.00376860749952892 0 0.0147289866457188 0
"служит" 0 0.00333072426599164 0.00490966221523959 0.00505390835579515
"случаю" 0.00376860749952892 0.00166536213299582 0.00736449332285939 0.00336927223719677
"слушала" 0.00376860749952892 0 0.00490966221523959 0.00673854447439353
"слушаться" 0 0 0.00736449332285939 0.00673854447439353
"слышать" 0.00376860749952892 0.00499608639898746 0.0024548311076198 0.00336927223719677
"слышно" 0 0.00499608639898746 0 0.00673854447439353
"слышны" 0 0.0083268106649791 0.00490966221523959 0
"смел" 0 0.00333072426599164 0.0024548311076198 0.00673854447439353
"смело" 0.00753721499905785 0 0.0024548311076198 0.00673854447439353
"смотрят" 0.00753721499905785 0.00666144853198328 0.0024548311076198 0
"смущение" 0.00753721499905785 0 0.0024548311076198 0.00673854447439353
"сняв" 0.00376860749952892 0.00166536213299582 0.00490966221523959 0.00505390835579515
"собак" 0 0.00999217279797492 0 0.00168463611859838
"собака" 0.00376860749952892 0 0.00981932443047918 0.00336927223719677
"собрались" 0 0.00499608639898746 0.00736449332285939 0.00168463611859838
"собрание" 0.00376860749952892 0.00166536213299582 0 0.00842318059299191
"собственного" 0.00376860749952892 0 0.00490966221523959 0.00673854447439353
"собственных" 0 0.00333072426599164 0.0024548311076198 0.00673854447439353
"совершенного" 0 0.00166536213299582 0.00490966221523959 0.00673854447439353
"совести" 0.0113058224985868 0.00166536213299582 0.00736449332285939 0
"совету" 0.00376860749952892 0.00166536213299582 0.00490966221523959 0.00505390835579515
"согласится" 0.00753721499905785 0.00333072426599164 0.0024548311076198 0.00336927223719677
"соглашался" 0.00753721499905785 0 0.00736449332285939 0.00336927223719677
"сожаления" 0 0.00333072426599164 0 0.00842318059299191
"сообщила" 0 0 0.0147289866457188 0.00168463611859838
"соседстве" 0 0 0 0.0117924528301887
"союз" 0 0.00666144853198328 0.0024548311076198 0.00336927223719677
"спешили" 0 0 0.00736449332285939 0.00673854447439353
"спросили" 0 0.00499608639898746 0.0024548311076198 0.00505390835579515
"спустился" 0.00753721499905785 0.00499608639898746 0 0.00336927223719677
"спутница" 0 0.00999217279797492 0 0.00168463611859838
"старались" 0.00376860749952892 0.00166536213299582 0.00490966221523959 0.00505390835579515
"старой" 0.00376860749952892 0.00499608639898746 0.00490966221523959 0.00168463611859838
"старостою" 0.0188430374976446 0.00166536213299582 0.0024548311076198 0
"старость" 0.00376860749952892 0.00666144853198328 0.00490966221523959 0
"старушки" 0 0.00333072426599164 0.00981932443047918 0.00168463611859838
"стен" 0.00376860749952892 0.0083268106649791 0 0.00168463611859838
"стоило" 0 0 0.00490966221523959 0.00842318059299191
"столом" 0.00753721499905785 0.00166536213299582 0.00490966221523959 0.00336927223719677
"стоявший" 0.00753721499905785 0.00166536213299582 0.0024548311076198 0.00505390835579515
"странно" 0 0 0.0024548311076198 0.0101078167115903
"судьбе" 0 0.00666144853198328 0.00490966221523959 0.00168463611859838
"счастию" 0 0 0.00981932443047918 0.00505390835579515
"счастье" 0.00376860749952892 0.00666144853198328 0 0.00336927223719677
"счел" 0 0 0 0.0117924528301887
"считать" 0.00753721499905785 0.00333072426599164 0.00490966221523959 0.00168463611859838
"татарина" 0 0.0116575349309707 0 0
"текли" 0.00376860749952892 0 0.0147289866457188 0
"тени" 0 0.00499608639898746 0.0024548311076198 0.00505390835579515
"терема" 0 0.0116575349309707 0 0
"терпение" 0 0.00333072426599164 0 0.00842318059299191
"тимофея" 0 0.00666144853198328 0.00736449332285939 0
"тко" 0 0.0116575349309707 0 0
"тою" 0.0113058224985868 0.00166536213299582 0.00736449332285939 0
"траву" 0.0113058224985868 0.00666144853198328 0 0
"требовал" 0 0.00166536213299582 0.00490966221523959 0.00673854447439353
"тропинка" 0 0.00499608639898746 0 0.00673854447439353
"трофима" 0 0 0 0.0117924528301887
"уверилась" 0 0 0.012274155538099 0.00336927223719677
"уверяя" 0 0 0.0147289866457188 0.00168463611859838
"угла" 0.00376860749952892 0.0083268106649791 0.0024548311076198 0
"удовольствия" 0.00753721499905785 0 0.00490966221523959 0.00505390835579515
"ужь" 0 0 0.0171838177533386 0
"уйти" 0.00753721499905785 0.00166536213299582 0 0.00673854447439353
"улицам" 0.0113058224985868 0.00666144853198328 0 0
"улыбка" 0.00376860749952892 0.00333072426599164 0 0.00673854447439353
"улыбкою" 0 0.00166536213299582 0 0.0101078167115903
"умереть" 0.00753721499905785 0.00333072426599164 0.00490966221523959 0.00168463611859838
"уселись" 0 0.0083268106649791 0.0024548311076198 0.00168463611859838
"усердно" 0.00753721499905785 0 0.00736449332285939 0.00336927223719677
"услышал" 0.0150744299981157 0 0 0.00505390835579515
"устроить" 0.00376860749952892 0 0.0147289866457188 0
"усы" 0 0.00499608639898746 0 0.00673854447439353
"участием" 0 0 0.0024548311076198 0.0101078167115903
"филин" 0 0.00666144853198328 0 0.00505390835579515
"хадыни" 0 0.0116575349309707 0 0
"характер" 0 0 0.0171838177533386 0
"хвать" 0 0.0116575349309707 0 0
"хвост" 0 0.0116575349309707 0 0
"хвостом" 0 0.0083268106649791 0 0.00336927223719677
"хитрости" 0 0.0083268106649791 0.0024548311076198 0.00168463611859838
"хлопот" 0.0113058224985868 0.00166536213299582 0 0.00505390835579515
"холма" 0 0.0116575349309707 0 0
"хороша" 0.00753721499905785 0.00499608639898746 0.0024548311076198 0.00168463611859838
"хороший" 0.00376860749952892 0 0.00490966221523959 0.00673854447439353
"царем" 0.0113058224985868 0.00499608639898746 0 0.00168463611859838
"целой" 0.00376860749952892 0.00166536213299582 0 0.00842318059299191
"частный" 0 0.0116575349309707 0 0
"черными" 0 0.00666144853198328 0 0.00505390835579515
"честными" 0 0.0083268106649791 0.00490966221523959 0
"чистое" 0.00753721499905785 0.00666144853198328 0 0.00168463611859838
"чувствовал" 0.0113058224985868 0 0.00490966221523959 0.00336927223719677
"чужих" 0 0.00333072426599164 0.00490966221523959 0.00505390835579515
"шапка" 0.00376860749952892 0.0083268106649791 0 0.00168463611859838
"шее" 0.00753721499905785 0.00499608639898746 0 0.00336927223719677
"штаны" 0.0263802524967025 0 0 0
"этими" 0.00376860749952892 0.00499608639898746 0.00490966221523959 0.00168463611859838
"ямщик" 0 0.00999217279797492 0 0.00168463611859838
"ямы" 0.0263802524967025 0 0 0
"ярмонке" 0 0 0 0.0117924528301887
"ii" 0.00376860749952892 0.00666144853198328 0.0024548311076198 0.00168463611859838
"iv" 0 0.0083268106649791 0.0024548311076198 0.00168463611859838
"xvii" 0 0.00999217279797492 0 0.00168463611859838
"аглаевь" 0 0 0.0147289866457188 0
"адам" 0 0.00999217279797492 0 0
"аль" 0 0.00999217279797492 0 0
"ангелом" 0 0.00166536213299582 0.012274155538099 0
"андреевну" 0 0 0 0.0101078167115903
"аттилы" 0 0.00999217279797492 0 0
"бале" 0 0 0 0.0101078167115903
"барда" 0 0 0 0.0101078167115903
"батюшке" 0.00753721499905785 0 0 0.00673854447439353
"беды" 0.00753721499905785 0 0.00490966221523959 0.00336927223719677
"белом" 0 0.00999217279797492 0 0
"берегом" 0 0.00999217279797492 0 0
"бичом" 0 0.00999217279797492 0 0
"благополучие" 0.00376860749952892 0 0.00981932443047918 0.00168463611859838
"благословения" 0.00753721499905785 0.00499608639898746 0 0.00168463611859838
"благословить" 0 0.00333072426599164 0.00490966221523959 0.00336927223719677
"блюде" 0 0.00999217279797492 0 0
"бо" 0 0.00999217279797492 0 0
"богатую" 0 0.0083268106649791 0.0024548311076198 0
"богатырем" 0 0.00999217279797492 0 0
"богатыри" 0 0.00999217279797492 0 0
"божией" 0.00753721499905785 0 0.00736449332285939 0.00168463611859838
"больную" 0 0 0.012274155538099 0.00168463611859838
"большия" 0 0 0.0147289866457188 0
"большое" 0 0.00499608639898746 0 0.00505390835579515
"бор" 0 0.00166536213299582 0 0.00842318059299191
"бороде" 0 0.00666144853198328 0.0024548311076198 0.00168463611859838
"бороды" 0.00376860749952892 0.00499608639898746 0.0024548311076198 0.00168463611859838
"боярский" 0.00376860749952892 0.0083268106649791 0 0
"боярского" 0 0.00999217279797492 0 0
"брак" 0.00753721499905785 0 0 0.00673854447439353
"братие" 0 0.00999217279797492 0 0
"братьев" 0 0.00499608639898746 0.00736449332285939 0
"брови" 0.00376860749952892 0 0 0.00842318059299191
"будучи" 0 0 0 0.0101078167115903
"будущего" 0.00376860749952892 0.00499608639898746 0.00490966221523959 0
"буря" 0.00376860749952892 0.0083268106649791 0 0
"бывал" 0.00753721499905785 0.00166536213299582 0.00490966221523959 0.00168463611859838
"быль" 0 0.00499608639898746 0.00736449332285939 0
"важный" 0 0.00166536213299582 0.00736449332285939 0.00336927223719677
"важных" 0.00753721499905785 0 0 0.00673854447439353
"вампирова" 0 0 0.0147289866457188 0
"васька" 0 0 0 0.0101078167115903
"вдвое" 0 0.00499608639898746 0.00736449332285939 0
"вдоволь" 0.00753721499905785 0.00666144853198328 0 0
"вели" 0.00753721499905785 0.00166536213299582 0.00490966221523959 0.00168463611859838
"великая" 0 0.0083268106649791 0.0024548311076198 0
"великодушно" 0.0113058224985868 0 0.0024548311076198 0.00336927223719677
"вере" 0 0 0 0.0101078167115903
"верх" 0 0.00333072426599164 0 0.00673854447439353
"верю" 0 0.00166536213299582 0.00981932443047918 0.00168463611859838
"весел" 0 0.00333072426599164 0.00981932443047918 0
"веча" 0 0.00999217279797492 0 0
"вечно" 0.00753721499905785 0.00166536213299582 0 0.00505390835579515
"вещей" 0.00753721499905785 0.00333072426599164 0 0.00336927223719677
"вздох" 0 0.00999217279797492 0 0
"вздумалось" 0 0.00166536213299582 0.0024548311076198 0.00673854447439353
"видали" 0 0.00499608639898746 0.0024548311076198 0.00336927223719677
"видались" 0.00376860749952892 0.00166536213299582 0.00736449332285939 0.00168463611859838
"витязи" 0 0.00999217279797492 0 0
"внезапно" 0 0.00166536213299582 0.00736449332285939 0.00336927223719677
"внушить" 0 0.00166536213299582 0 0.00842318059299191
"воздуху" 0 0.00999217279797492 0 0
"возопил" 0 0.00999217279797492 0 0
"возьмите" 0 0.00666144853198328 0 0.00336927223719677
"войска" 0 0.00999217279797492 0 0
"волху" 0 0.00999217279797492 0 0
"вопреки" 0 0 0 0.0101078167115903
"воронов" 0 0.00999217279797492 0 0
"вороны" 0 0.00999217279797492 0 0
"восклицание" 0.00376860749952892 0.0083268106649791 0 0
"впечатления" 0.00376860749952892 0.00166536213299582 0 0.00673854447439353
"времен" 0.00376860749952892 0.00499608639898746 0.00490966221523959 0
"временем" 0.00376860749952892 0 0.00490966221523959 0.00505390835579515
"всадника" 0 0.00999217279797492 0 0
"вскочила" 0 0.00166536213299582 0 0.00842318059299191
"вскрикивает" 0 0.00999217279797492 0 0
"встали" 0.00753721499905785 0.00333072426599164 0 0.00336927223719677
"встань" 0.00753721499905785 0.00166536213299582 0 0.00505390835579515
"встретили" 0 0.0083268106649791 0 0.00168463611859838
"встретился" 0 0.00166536213299582 0.00981932443047918 0.00168463611859838
"встречу" 0.00376860749952892 0 0.00736449332285939 0.00336927223719677
"вступить" 0.00376860749952892 0 0.00490966221523959 0.00505390835579515
"всякие" 0.00376860749952892 0 0.012274155538099 0
"всякую" 0.00376860749952892 0 0.00490966221523959 0.00505390835579515
"выговорить" 0 0 0 0.0101078167115903
"выехать" 0 0 0.00981932443047918 0.00336927223719677
"выйдя" 0.0226116449971735 0 0 0
"вырос" 0.0113058224985868 0.00333072426599164 0.0024548311076198 0
"выскочил" 0.00376860749952892 0.00333072426599164 0 0.00505390835579515
"высоко" 0.00753721499905785 0.00499608639898746 0 0.00168463611859838
"герой" 0 0.00666144853198328 0.00490966221523959 0
"глазам" 0.00376860749952892 0.00666144853198328 0 0.00168463611859838
"глубокий" 0.00376860749952892 0.0083268106649791 0 0
"глубоко" 0.00753721499905785 0.00499608639898746 0.0024548311076198 0
"глухо" 0 0.00166536213299582 0 0.00842318059299191
"голубой" 0.0150744299981157 0.00166536213299582 0 0.00168463611859838
"горестию" 0.0113058224985868 0 0.00736449332285939 0
"горою" 0 0.0083268106649791 0 0.00168463611859838
"готовы" 0.00376860749952892 0.00333072426599164 0.00736449332285939 0
"громкие" 0 0.00666144853198328 0 0.00336927223719677
"громкий" 0.00376860749952892 0.00499608639898746 0 0.00336927223719677
"гулять" 0.00376860749952892 0 0.00736449332285939 0.00336927223719677
"давать" 0 0.00499608639898746 0.00736449332285939 0
"даю" 0.00753721499905785 0.00333072426599164 0.0024548311076198 0.00168463611859838
"дают" 0 0.00999217279797492 0 0
"дворянина" 0.0150744299981157 0 0.00490966221523959 0
"деверь" 0 0.00999217279797492 0 0
"делала" 0 0 0.012274155538099 0.00168463611859838
"делам" 0.00376860749952892 0.00166536213299582 0.00490966221523959 0.00336927223719677
"дерев" 0 0.00333072426599164 0.0024548311076198 0.00505390835579515
"деревня" 0.00753721499905785 0.00166536213299582 0.00736449332285939 0
"десяти" 0.00753721499905785 0 0.00736449332285939 0.00168463611859838
"детям" 0 0.00333072426599164 0.00736449332285939 0.00168463611859838
"дивится" 0 0.00999217279797492 0 0
"днепр" 0 0.00999217279797492 0 0
"добродетели" 0.00376860749952892 0 0.00981932443047918 0.00168463611859838
"доброму" 0 0.0083268106649791 0.0024548311076198 0
"добрую" 0 0.00499608639898746 0.00490966221523959 0.00168463611859838
"доказательством" 0 0 0.00736449332285939 0.00505390835579515
"долгов" 0.00376860749952892 0 0.012274155538099 0
"домик" 0.0113058224985868 0 0 0.00505390835579515
"донесение" 0.0188430374976446 0 0.0024548311076198 0
"достал" 0.0150744299981157 0.00166536213299582 0.0024548311076198 0
"древней" 0 0.0083268106649791 0 0.00168463611859838
"дрожащим" 0.00753721499905785 0 0 0.00673854447439353
"дружбы" 0 0.00666144853198328 0.0024548311076198 0.00168463611859838
"дуба" 0 0.0083268106649791 0 0.00168463611859838
"думали" 0.00376860749952892 0.00333072426599164 0.0024548311076198 0.00336927223719677
"дурных" 0 0.00166536213299582 0.00981932443047918 0.00168463611859838
"дурня" 0 0.00999217279797492 0 0
"еду" 0 0.00333072426599164 0.0024548311076198 0.00505390835579515
"ерофеича" 0 0 0.0147289866457188 0
"жажду" 0 0.00999217279797492 0 0
"жаловаться" 0.00376860749952892 0 0.00490966221523959 0.00505390835579515
"железный" 0 0.00999217279797492 0 0
"железом" 0.0113058224985868 0.00499608639898746 0 0
"женская" 0.00376860749952892 0.0083268106649791 0 0
"женщину" 0 0.00666144853198328 0 0.00336927223719677
"жертвою" 0 0.00499608639898746 0.00736449332285939 0
"живой" 0 0.00333072426599164 0.0024548311076198 0.00505390835579515
"жилище" 0.00753721499905785 0.00333072426599164 0 0.00336927223719677
"жрец" 0 0.00999217279797492 0 0
"заботился" 0 0.00166536213299582 0 0.00842318059299191
"завел" 0.00753721499905785 0 0.00490966221523959 0.00336927223719677
"задыхаясь" 0.00376860749952892 0 0.00490966221523959 0.00505390835579515
"заехать" 0 0.00166536213299582 0.00490966221523959 0.00505390835579515
"законный" 0.00376860749952892 0.00166536213299582 0.00981932443047918 0
"залился" 0 0.0083268106649791 0.0024548311076198 0
"залу" 0.00376860749952892 0 0.00981932443047918 0.00168463611859838
"заметили" 0 0.00333072426599164 0.0024548311076198 0.00505390835579515
"занимался" 0.00753721499905785 0 0.00981932443047918 0
"заняться" 0 0 0.012274155538099 0.00168463611859838
"запад" 0.00753721499905785 0.00666144853198328 0 0
"запели" 0 0.00666144853198328 0.00490966221523959 0
"запер" 0.00376860749952892 0 0.00981932443047918 0.00168463611859838
"зарев" 0 0.00999217279797492 0 0
"зарева" 0 0.00999217279797492 0 0
"защиты" 0.00376860749952892 0 0 0.00842318059299191
"звание" 0 0.00333072426599164 0.00490966221523959 0.00336927223719677
"зверь" 0 0.00999217279797492 0 0
"здорово" 0 0.0083268106649791 0 0.00168463611859838
"здравие" 0 0.00999217279797492 0 0
"зеленый" 0.00376860749952892 0.00666144853198328 0 0.00168463611859838
"злато" 0 0.00999217279797492 0 0
"злая" 0 0.0083268106649791 0.0024548311076198 0
"знакома" 0 0 0.00736449332285939 0.00505390835579515
"знакомство" 0.00376860749952892 0.00166536213299582 0.00736449332285939 0.00168463611859838
"золотой" 0 0.00999217279797492 0 0
"ивою" 0 0.00999217279797492 0 0
"игнатьевич" 0 0 0.0147289866457188 0
"игре" 0 0 0.0147289866457188 0
"игру" 0 0 0.0147289866457188 0
"иерея" 0 0.00999217279797492 0 0
"иерусалим" 0 0.00999217279797492 0 0
"избавить" 0 0.00333072426599164 0.00490966221523959 0.00336927223719677
"избушка" 0.00376860749952892 0.0083268106649791 0 0
"известием" 0 0 0.0147289866457188 0
"извольте" 0 0 0.00490966221523959 0.00673854447439353
"иконой" 0 0.00999217279797492 0 0
"имении" 0 0 0.00490966221523959 0.00673854447439353
"ином" 0 0 0 0.0101078167115903
"искали" 0.0150744299981157 0 0 0.00336927223719677
"искусство" 0.0150744299981157 0 0 0.00336927223719677
"исподлобья" 0.00376860749952892 0.00499608639898746 0 0.00336927223719677
"исполнять" 0 0.00666144853198328 0 0.00336927223719677
"испуганный" 0.00753721499905785 0.00333072426599164 0.0024548311076198 0.00168463611859838
"испытать" 0.00753721499905785 0.00166536213299582 0.0024548311076198 0.00336927223719677
"истории" 0.00376860749952892 0.0083268106649791 0 0
"исчезает" 0 0.00999217279797492 0 0
"кабы" 0 0.00333072426599164 0 0.00673854447439353
"казались" 0.00376860749952892 0 0.0024548311076198 0.00673854447439353
"какова" 0 0.00166536213299582 0.00490966221523959 0.00505390835579515
"калитку" 0.00376860749952892 0.00499608639898746 0.0024548311076198 0.00168463611859838
"камне" 0.00376860749952892 0.00666144853198328 0.0024548311076198 0
"камни" 0 0.0083268106649791 0 0.00168463611859838
"карпа" 0.0226116449971735 0 0 0
"катиньки" 0 0 0.0147289866457188 0
"катится" 0 0.00999217279797492 0 0
"киева" 0 0.00666144853198328 0 0.00336927223719677
"кладбище" 0.0226116449971735 0 0 0
"кланяется" 0 0.00999217279797492 0 0
"кланялись" 0 0.00499608639898746 0.0024548311076198 0.00336927223719677
"кланяться" 0.00376860749952892 0.00499608639898746 0.0024548311076198 0.00168463611859838
"кланяясь" 0.00376860749952892 0.00499608639898746 0 0.00336927223719677
"клубе" 0 0 0.0147289866457188 0
"ключ" 0.0113058224985868 0.00499608639898746 0 0
"книге" 0.00376860749952892 0.00499608639898746 0 0.00336927223719677
"княжеской" 0 0.00999217279797492 0 0
"коей" 0 0.00499608639898746 0 0.00505390835579515
"козел" 0.0113058224985868 0 0 0.00505390835579515
"коленях" 0 0.00166536213299582 0.00981932443047918 0.00168463611859838
"кольцо" 0 0.0083268106649791 0.0024548311076198 0
"коммерческие" 0 0 0.012274155538099 0.00168463611859838
"комната" 0 0.00166536213299582 0 0.00842318059299191
"кончилась" 0 0.00333072426599164 0.00490966221523959 0.00336927223719677
"короля" 0.00753721499905785 0.00666144853198328 0 0
"красных" 0 0.00999217279797492 0 0
"краях" 0 0.00166536213299582 0.00490966221523959 0.00505390835579515
"крепкие" 0 0.00666144853198328 0.0024548311076198 0.00168463611859838
"креслах" 0.00753721499905785 0 0.0024548311076198 0.00505390835579515
"крестьянских" 0 0 0.00490966221523959 0.00673854447439353
"крику" 0.00376860749952892 0.00499608639898746 0 0.00336927223719677
"кум" 0 0.00999217279797492 0 0
"лань" 0 0.00999217279797492 0 0
"лестницу" 0.00376860749952892 0.00666144853198328 0 0.00168463611859838
"лететь" 0.00376860749952892 0.0083268106649791 0 0
"лошадьми" 0 0 0.00490966221523959 0.00673854447439353
"любили" 0 0.00166536213299582 0.00490966221523959 0.00505390835579515
"любите" 0.00376860749952892 0 0.0024548311076198 0.00673854447439353
"любопытства" 0 0.00333072426599164 0.00490966221523959 0.00336927223719677
"маленькой" 0.00376860749952892 0 0.00736449332285939 0.00336927223719677
"малого" 0 0.00166536213299582 0.00736449332285939 0.00336927223719677
"малороссию" 0 0 0 0.0101078167115903
"мама" 0 0.00999217279797492 0 0
"маменьки" 0 0 0.0147289866457188 0
"марья" 0.0226116449971735 0 0 0
"мастер" 0.00753721499905785 0 0.00981932443047918 0
"медленно" 0 0.00499608639898746 0 0.00505390835579515
"медля" 0 0 0 0.0101078167115903
"меншиков" 0.0226116449971735 0 0 0
"мечты" 0.00753721499905785 0.00666144853198328 0 0
"ми" 0 0.00999217279797492 0 0
"милое" 0 0.00666144853198328 0.00490966221523959 0
"мильцы" 0 0.00999217279797492 0 0
"мирианой" 0 0.00999217279797492 0 0
"мнение" 0.00376860749952892 0.00166536213299582 0.00490966221523959 0.00336927223719677
"мовню" 0 0.00999217279797492 0 0
"могиле" 0 0.00999217279797492 0 0
"могилу" 0 0.00999217279797492 0 0
"могучего" 0 0.00999217279797492 0 0
"могучих" 0 0.00999217279797492 0 0
"молвить" 0 0.0083268106649791 0 0.00168463611859838
"молилась" 0 0 0.00736449332285939 0.00505390835579515
"морю" 0.00376860749952892 0.0083268106649791 0 0
"мост" 0.0150744299981157 0.00166536213299582 0 0.00168463611859838
"мошенник" 0 0 0.00736449332285939 0.00505390835579515
"мстиславу" 0 0.00999217279797492 0 0
"мудрости" 0.0150744299981157 0.00333072426599164 0 0
"мужи" 0 0.00999217279797492 0 0
"мыслей" 0.00376860749952892 0.00333072426599164 0.0024548311076198 0.00336927223719677
"мыслями" 0.00753721499905785 0.00166536213299582 0.00490966221523959 0.00168463611859838
"наговорил" 0 0 0.0147289866457188 0
"надеюсь" 0.00376860749952892 0 0.00736449332285939 0.00336927223719677
"надеялась" 0 0 0.0024548311076198 0.00842318059299191
"надо" 0.0113058224985868 0 0 0.00505390835579515
"назначен" 0.00376860749952892 0.00166536213299582 0.0024548311076198 0.00505390835579515
"наказание" 0.00376860749952892 0.00166536213299582 0.00490966221523959 0.00336927223719677
"наказания" 0 0.00166536213299582 0.00490966221523959 0.00505390835579515
"намерения" 0 0 0 0.0101078167115903
"нанять" 0 0 0.00490966221523959 0.00673854447439353
"наотрез" 0 0.00166536213299582 0 0.00842318059299191
"нападения" 0.00376860749952892 0.00166536213299582 0.00490966221523959 0.00336927223719677
"наследник" 0 0.00166536213299582 0.012274155538099 0
"наставления" 0.00376860749952892 0.00333072426599164 0.0024548311076198 0.00336927223719677
"настоящий" 0.00753721499905785 0 0.00736449332285939 0.00168463611859838
"наступит" 0.0188430374976446 0.00166536213299582 0 0
"находила" 0 0 0.00981932443047918 0.00336927223719677
"начале" 0.00376860749952892 0.00499608639898746 0 0.00336927223719677
"начальника" 0 0.00166536213299582 0.012274155538099 0
"начинала" 0 0 0.0024548311076198 0.00842318059299191
"нашим" 0.00376860749952892 0.00333072426599164 0 0.00505390835579515
"невнимание" 0 0.00166536213299582 0.00981932443047918 0.00168463611859838
"недель" 0.00753721499905785 0.00166536213299582 0 0.00505390835579515
"нежно" 0 0.00499608639898746 0 0.00505390835579515
"нездорова" 0 0 0.0024548311076198 0.00842318059299191
"некому" 0.00376860749952892 0.00333072426599164 0 0.00505390835579515
"некоторую" 0 0 0.00736449332285939 0.00505390835579515
"некоторым" 0 0 0.0024548311076198 0.00842318059299191
"некоторых" 0.00376860749952892 0 0.00736449332285939 0.00336927223719677
"неминучую" 0 0.00999217279797492 0 0
"немка" 0 0 0.0024548311076198 0.00842318059299191
"ненависть" 0 0 0 0.0101078167115903
"необходимым" 0 0 0.00490966221523959 0.00673854447439353
"необыкновенную" 0.00376860749952892 0 0.00490966221523959 0.00505390835579515
"неподалеку" 0.0113058224985868 0 0 0.00505390835579515
"неприятно" 0 0 0.00736449332285939 0.00505390835579515
"несет" 0 0.0083268106649791 0.0024548311076198 0
"несли" 0 0.00999217279797492 0 0
"несутся" 0 0.00999217279797492 0 0
"нетерпения" 0 0.00166536213299582 0.00490966221523959 0.00505390835579515
"неудовольствие" 0 0 0.00490966221523959 0.00673854447439353
"неудовольствия" 0 0.00166536213299582 0.00736449332285939 0.00336927223719677
"нечувствительно" 0 0 0.0147289866457188 0
"новгороде" 0 0.00999217279797492 0 0
"новгородского" 0 0.00999217279797492 0 0
"ново" 0 0.00499608639898746 0.0024548311076198 0.00336927223719677
"нолькен" 0.0226116449971735 0 0 0
"носит" 0.0113058224985868 0.00333072426599164 0 0.00168463611859838
"носить" 0.0113058224985868 0.00499608639898746 0 0
"нрав" 0.00376860749952892 0.00166536213299582 0 0.00673854447439353
"нравственности" 0 0 0.0147289866457188 0
"нынешнего" 0.0113058224985868 0.00166536213299582 0.00490966221523959 0
"обед" 0 0.00499608639898746 0.00490966221523959 0.00168463611859838
"обеих" 0.00376860749952892 0 0.00981932443047918 0.00168463611859838
"обещалась" 0 0 0 0.0101078167115903
"облака" 0.00753721499905785 0.00666144853198328 0 0
"обманывают" 0.00753721499905785 0 0.0024548311076198 0.00505390835579515
"образу" 0 0.00333072426599164 0.00736449332285939 0.00168463611859838
"обратиться" 0.00376860749952892 0.00333072426599164 0 0.00505390835579515
"обращая" 0 0.00666144853198328 0 0.00336927223719677
"обращение" 0 0.00166536213299582 0.0024548311076198 0.00673854447439353
"обстоятельство" 0 0.00166536213299582 0 0.00842318059299191
"объявили" 0.00376860749952892 0.00166536213299582 0.0024548311076198 0.00505390835579515
"объясниться" 0 0 0.00490966221523959 0.00673854447439353
"объятиях" 0.00376860749952892 0.00666144853198328 0.0024548311076198 0
"огромную" 0.00376860749952892 0.00666144853198328 0.0024548311076198 0
"одетый" 0.00753721499905785 0.00333072426599164 0.0024548311076198 0.00168463611859838
"оже" 0 0.00999217279797492 0 0
"ожидает" 0 0.00333072426599164 0.0024548311076198 0.00505390835579515
"оказанных" 0 0 0 0.0101078167115903
"оконца" 0 0.00999217279797492 0 0
"олельковичем" 0 0.00999217279797492 0 0
"опасаться" 0.00753721499905785 0 0.0024548311076198 0.00505390835579515
"опекуном" 0 0 0 0.0101078167115903
"опомнилась" 0 0 0.00736449332285939 0.00505390835579515
"орды" 0 0.00999217279797492 0 0
"оставит" 0 0 0 0.0101078167115903
"оставя" 0 0 0 0.0101078167115903
"остальные" 0.00753721499905785 0.00166536213299582 0.00736449332285939 0
"останавливаясь" 0.00753721499905785 0.00333072426599164 0 0.00336927223719677
"острогу" 0.0226116449971735 0 0 0
"откладывать" 0 0 0.00736449332285939 0.00505390835579515
"отколе" 0 0.00999217279797492 0 0
"открыла" 0.00376860749952892 0 0.00490966221523959 0.00505390835579515
"отнял" 0.0150744299981157 0.00333072426599164 0 0
"отправила" 0 0 0.00736449332285939 0.00505390835579515
"отставку" 0 0 0.00490966221523959 0.00673854447439353
"отцы" 0.00376860749952892 0.00166536213299582 0.00736449332285939 0.00168463611859838
"отчаяние" 0.00376860749952892 0 0.00490966221523959 0.00505390835579515
"отчаянию" 0.00376860749952892 0 0.00981932443047918 0.00168463611859838
"охота" 0.0113058224985868 0.00166536213299582 0 0.00336927223719677
"охотою" 0 0.00166536213299582 0 0.00842318059299191
"очевидно" 0 0 0 0.0101078167115903
"павловна" 0.0226116449971735 0 0 0
"пакет" 0 0 0.00490966221523959 0.00673854447439353
"первому" 0.0113058224985868 0.00166536213299582 0 0.00336927223719677
"перекрестился" 0.00376860749952892 0.00666144853198328 0 0.00168463611859838
"переменилась" 0.00753721499905785 0 0.0024548311076198 0.00505390835579515
"перемены" 0 0 0.00736449332285939 0.00505390835579515
"перестала" 0 0 0 0.0101078167115903
"перешел" 0.00376860749952892 0 0.012274155538099 0
"петровною" 0 0 0.0024548311076198 0.00842318059299191
"петь" 0 0.00499608639898746 0 0.00505390835579515
"питер" 0.0226116449971735 0 0 0
"питья" 0 0.00999217279797492 0 0
"пища" 0 0.0083268106649791 0 0.00168463611859838
"пищи" 0 0.00666144853198328 0 0.00336927223719677
"платья" 0.00376860749952892 0 0 0.00842318059299191
"племени" 0.00376860749952892 0.0083268106649791 0 0
"племянника" 0.00376860749952892 0 0 0.00842318059299191
"поверенного" 0 0 0.0147289866457188 0
"поверил" 0 0.00666144853198328 0.0024548311076198 0.00168463611859838
"повозка" 0 0.0083268106649791 0 0.00168463611859838
"повторяет" 0 0.00999217279797492 0 0
"поганого" 0 0.00999217279797492 0 0
"поганых" 0 0.00999217279797492 0 0
"погубит" 0.00753721499905785 0.00166536213299582 0.00736449332285939 0
"подавали" 0 0 0.012274155538099 0.00168463611859838
"подавать" 0 0.00166536213299582 0.012274155538099 0
"подняв" 0.0150744299981157 0 0.0024548311076198 0.00168463611859838
"подняли" 0 0.00333072426599164 0.0024548311076198 0.00505390835579515
"поднять" 0.0113058224985868 0.00166536213299582 0 0.00336927223719677
"подойди" 0.00376860749952892 0 0.0024548311076198 0.00673854447439353
"поеду" 0 0 0.00736449332285939 0.00505390835579515
"поет" 0.00376860749952892 0.00499608639898746 0 0.00336927223719677
"пожелав" 0.00376860749952892 0.00166536213299582 0 0.00673854447439353
"позади" 0.00376860749952892 0.0083268106649791 0 0
"позволения" 0 0 0.00490966221523959 0.00673854447439353
"покажу" 0.00753721499905785 0.00333072426599164 0 0.00336927223719677
"показал" 0 0.00333072426599164 0.00736449332285939 0.00168463611859838
"покои" 0 0 0 0.0101078167115903
"покойному" 0 0 0.0024548311076198 0.00842318059299191
"полагала" 0 0 0 0.0101078167115903
"полная" 0 0.00999217279797492 0 0
"полную" 0 0.00166536213299582 0.00736449332285939 0.00336927223719677
"положив" 0.00753721499905785 0.00499608639898746 0.0024548311076198 0
"полон" 0.00376860749952892 0.00666144853198328 0 0.00168463611859838
"получили" 0 0.00166536213299582 0.00736449332285939 0.00336927223719677
"помещика" 0.00376860749952892 0 0.00736449332285939 0.00336927223719677
"помириться" 0 0.00166536213299582 0.012274155538099 0
"поможет" 0.00753721499905785 0 0.00981932443047918 0
"помышляла" 0 0 0 0.0101078167115903
"понесся" 0 0.00999217279797492 0 0
"понятие" 0 0.00499608639898746 0 0.00505390835579515
"попеременно" 0 0 0.00736449332285939 0.00505390835579515
"поражен" 0 0 0.00736449332285939 0.00505390835579515
"пораженный" 0.00753721499905785 0.00666144853198328 0 0
"поручил" 0.00376860749952892 0.00166536213299582 0.00490966221523959 0.00336927223719677
"порыв" 0.00376860749952892 0.0083268106649791 0 0
"порядок" 0.00376860749952892 0.00333072426599164 0.00736449332285939 0
"посадить" 0.00753721499905785 0 0.00981932443047918 0
"последнего" 0.00753721499905785 0.00166536213299582 0.00490966221523959 0.00168463611859838
"последние" 0.00753721499905785 0.00166536213299582 0 0.00505390835579515
"последствий" 0 0.00166536213299582 0.00736449332285939 0.00336927223719677
"послушайте" 0 0 0.012274155538099 0.00168463611859838
"посмотрела" 0 0 0.00981932443047918 0.00336927223719677
"пособие" 0 0 0.0147289866457188 0
"постеле" 0 0 0.00490966221523959 0.00673854447439353
"поступок" 0.00376860749952892 0 0.0024548311076198 0.00673854447439353
"потупив" 0.00753721499905785 0 0 0.00673854447439353
"поухай" 0 0.00999217279797492 0 0
"похождения" 0 0.00333072426599164 0.0024548311076198 0.00505390835579515
"почтою" 0 0 0 0.0101078167115903
"почувствовала" 0 0 0 0.0101078167115903
"праву" 0.00753721499905785 0 0.00490966221523959 0.00336927223719677
"пребывание" 0 0 0.0024548311076198 0.00842318059299191
"превосходительство" 0 0 0.00736449332285939 0.00505390835579515
"предвидел" 0 0 0.0024548311076198 0.00842318059299191
"предвидеть" 0 0 0.012274155538099 0.00168463611859838
"представилось" 0 0 0.0024548311076198 0.00842318059299191
"представляла" 0.00753721499905785 0 0.0024548311076198 0.00505390835579515
"прекрасной" 0 0.0083268106649791 0 0.00168463611859838
"препятствия" 0 0.00166536213299582 0.00490966221523959 0.00505390835579515
"прервала" 0.00376860749952892 0 0 0.00842318059299191
"прибыли" 0 0.00166536213299582 0.0024548311076198 0.00673854447439353
"привез" 0.00753721499905785 0.00333072426599164 0 0.00336927223719677
"привязанность" 0 0 0.00981932443047918 0.00336927223719677
"приготовленную" 0 0 0.00981932443047918 0.00336927223719677
"приедет" 0.00376860749952892 0 0.00490966221523959 0.00505390835579515
"призвать" 0.00376860749952892 0.00333072426599164 0 0.00505390835579515
"прийти" 0.00376860749952892 0.00333072426599164 0 0.00505390835579515
"приказав" 0.00376860749952892 0.00166536213299582 0.0024548311076198 0.00505390835579515
"приказанию" 0.0150744299981157 0 0 0.00336927223719677
"принеси" 0.00376860749952892 0.00666144853198328 0 0.00168463611859838
"принудить" 0.0150744299981157 0.00166536213299582 0 0.00168463611859838
"присутствие" 0.00376860749952892 0 0.00490966221523959 0.00505390835579515
"приударил" 0 0.00999217279797492 0 0
"приходила" 0 0 0.00490966221523959 0.00673854447439353
"приятель" 0.00753721499905785 0.00333072426599164 0.0024548311076198 0.00168463611859838
"пробрался" 0 0.00999217279797492 0 0
"провесть" 0 0 0.00490966221523959 0.00673854447439353
"проводили" 0 0.00499608639898746 0.0024548311076198 0.00336927223719677
"продал" 0.00376860749952892 0 0.0024548311076198 0.00673854447439353
"продать" 0 0.00166536213299582 0.0024548311076198 0.00673854447439353
"продолжали" 0 0.00333072426599164 0 0.00673854447439353
"проехали" 0 0.00666144853198328 0 0.00336927223719677
"проехать" 0 0.00499608639898746 0 0.00505390835579515
"проигрыша" 0 0 0.0147289866457188 0
"пройдет" 0 0.00333072426599164 0.00490966221523959 0.00336927223719677
"просили" 0 0.00333072426599164 0.0024548311076198 0.00505390835579515
"просьба" 0 0.00166536213299582 0.012274155538099 0
"протекло" 0 0 0 0.0101078167115903
"проч" 0 0.00333072426599164 0.00490966221523959 0.00336927223719677
"прочитать" 0.00753721499905785 0.00166536213299582 0.0024548311076198 0.00336927223719677
"прочь" 0 0.00666144853198328 0 0.00336927223719677
"прощайте" 0.0113058224985868 0 0 0.00505390835579515
"птиц" 0 0.00999217279797492 0 0
"птицу" 0 0.00999217279797492 0 0
"пуститься" 0 0.00333072426599164 0.00490966221523959 0.00336927223719677
"пустых" 0 0 0 0.0101078167115903
"путы" 0 0.00999217279797492 0 0
"пьют" 0 0.00499608639898746 0.0024548311076198 0.00336927223719677
"пьяница" 0 0 0.0147289866457188 0
"пьянства" 0 0 0.0147289866457188 0
"пьянство" 0 0 0.0147289866457188 0
"пьяный" 0 0.00333072426599164 0.00981932443047918 0
"пятьдесят" 0.00376860749952892 0.00333072426599164 0 0.00505390835579515
"рада" 0 0 0.00490966221523959 0.00673854447439353
"радушину" 0 0 0.0147289866457188 0
"раза" 0 0.00666144853198328 0.0024548311076198 0.00168463611859838
"разбойники" 0 0.00166536213299582 0.012274155538099 0
"размышлял" 0.00753721499905785 0 0.0024548311076198 0.00505390835579515
"разного" 0.0113058224985868 0 0.0024548311076198 0.00336927223719677
"разу" 0.0113058224985868 0.00166536213299582 0.0024548311076198 0.00168463611859838
"ранее" 0.0113058224985868 0 0 0.00505390835579515
"рассказала" 0 0 0.00490966221523959 0.00673854447439353
"рассудка" 0.00376860749952892 0 0.00736449332285939 0.00336927223719677
"рекою" 0 0.00999217279797492 0 0
"решено" 0 0.00166536213299582 0.00981932443047918 0.00168463611859838
"решились" 0 0.00166536213299582 0.0024548311076198 0.00673854447439353
"решительного" 0 0 0 0.0101078167115903
"родислав" 0 0.00999217279797492 0 0
"родным" 0 0 0.0147289866457188 0
"роль" 0 0 0.00981932443047918 0.00336927223719677
"рому" 0 0 0.0147289866457188 0
"росту" 0.00376860749952892 0.00333072426599164 0 0.00505390835579515
"рукавами" 0 0.00999217279797492 0 0
"русскую" 0 0.00999217279797492 0 0
"ручной" 0 0.00666144853198328 0 0.00336927223719677
"рязанского" 0 0.00999217279797492 0 0
"савве" 0 0.00999217279797492 0 0
"савву" 0 0.00999217279797492 0 0
"сбыславич" 0 0.00999217279797492 0 0
"свадьба" 0.00376860749952892 0.00666144853198328 0 0.00168463611859838
"сватьбы" 0 0 0.0147289866457188 0
"сведения" 0 0.00333072426599164 0.0024548311076198 0.00505390835579515
"светланиной" 0 0 0.0147289866457188 0
"свидание" 0.00376860749952892 0 0.00490966221523959 0.00505390835579515
"свидании" 0.00376860749952892 0 0.00490966221523959 0.00505390835579515
"свидетели" 0 0.00166536213299582 0.00981932443047918 0.00168463611859838
"свияжскою" 0 0 0.0147289866457188 0
"свято" 0.0113058224985868 0.00166536213299582 0.00490966221523959 0
"священник" 0 0.00499608639898746 0.00490966221523959 0.00168463611859838
"сделай" 0.00376860749952892 0 0.012274155538099 0
"север" 0.0113058224985868 0.00499608639898746 0 0
"селу" 0 0.00999217279797492 0 0
"сему" 0.0113058224985868 0.00499608639898746 0 0
"сердиться" 0.00376860749952892 0 0.00490966221523959 0.00505390835579515
"сестер" 0 0 0.00981932443047918 0.00336927223719677
"сею" 0.0150744299981157 0 0 0.00336927223719677
"силами" 0.00753721499905785 0.00166536213299582 0.00490966221523959 0.00168463611859838
"симовна" 0 0.00999217279797492 0 0
"синий" 0.00753721499905785 0.00333072426599164 0 0.00336927223719677
"синяя" 0.00753721499905785 0.00666144853198328 0 0
"сироты" 0.0150744299981157 0 0.0024548311076198 0.00168463611859838
"скажут" 0.00753721499905785 0.00666144853198328 0 0
"скорыми" 0 0.00499608639898746 0.0024548311076198 0.00336927223719677
"скрылась" 0.0113058224985868 0.00499608639898746 0 0
"скрылось" 0 0.00166536213299582 0 0.00842318059299191
"славного" 0.00753721499905785 0.00499608639898746 0 0.00168463611859838
"славу" 0.00753721499905785 0.00666144853198328 0 0
"следует" 0.0150744299981157 0 0.0024548311076198 0.00168463611859838
"следы" 0 0.00166536213299582 0.0024548311076198 0.00673854447439353
"службе" 0 0 0.0024548311076198 0.00842318059299191
"случаем" 0 0.00166536213299582 0.012274155538099 0
"слушали" 0 0.00333072426599164 0.0024548311076198 0.00505390835579515
"слышишь" 0 0.00166536213299582 0 0.00842318059299191
"смеет" 0 0.00999217279797492 0 0
"смехом" 0 0.00499608639898746 0.0024548311076198 0.00336927223719677
"смешался" 0 0 0.00736449332285939 0.00505390835579515
"смеялись" 0.00376860749952892 0 0.012274155538099 0
"снег" 0.00376860749952892 0.00666144853198328 0 0.00168463611859838
"сношения" 0 0 0.00736449332285939 0.00505390835579515
"собственное" 0 0.00166536213299582 0.00736449332285939 0.00336927223719677
"совершенную" 0.00376860749952892 0 0.0024548311076198 0.00673854447439353
"согласиться" 0.00753721499905785 0 0 0.00673854447439353
"согласно" 0.00753721499905785 0.00333072426599164 0 0.00336927223719677
"сомневаюсь" 0 0 0.00490966221523959 0.00673854447439353
"сорвал" 0.00376860749952892 0.00499608639898746 0 0.00336927223719677
"сосен" 0.0113058224985868 0 0 0.00505390835579515
"составить" 0 0 0.012274155538099 0.00168463611859838
"сосуд" 0.00753721499905785 0.00666144853198328 0 0
"сохранил" 0 0.00333072426599164 0.00490966221523959 0.00336927223719677
"спальне" 0.00376860749952892 0 0.00736449332285939 0.00336927223719677
"спасителя" 0 0.00499608639898746 0.00490966221523959 0.00168463611859838
"спокойствие" 0 0.00333072426599164 0.00490966221523959 0.00336927223719677
"спрашивает" 0 0.00999217279797492 0 0
"спросите" 0 0 0.0024548311076198 0.00842318059299191
"сроду" 0 0.00333072426599164 0.0024548311076198 0.00505390835579515
"ссоры" 0 0 0.00490966221523959 0.00673854447439353
"старое" 0.00376860749952892 0.00333072426599164 0.0024548311076198 0.00336927223719677
"старухи" 0 0.0083268106649791 0 0.00168463611859838
"стенах" 0 0.00499608639898746 0 0.00505390835579515
"стесненным" 0 0 0.00736449332285939 0.00505390835579515
"столбом" 0 0.00999217279797492 0 0
"сторожей" 0 0.0083268106649791 0 0.00168463611859838
"стоя" 0 0.00499608639898746 0.00490966221523959 0.00168463611859838
"страху" 0.00753721499905785 0.00166536213299582 0 0.00505390835579515
"стрелой" 0 0.00999217279797492 0 0
"строго" 0.00376860749952892 0.00166536213299582 0.00490966221523959 0.00336927223719677
"струи" 0 0.00999217279797492 0 0
"стук" 0 0.00166536213299582 0 0.00842318059299191
"ступай" 0.00376860749952892 0.0083268106649791 0 0
"сударь" 0 0.00499608639898746 0 0.00505390835579515
"судороги" 0 0 0.0147289866457188 0
"судя" 0 0 0 0.0101078167115903
"сундукова" 0 0 0.0147289866457188 0
"супруг" 0 0 0.00736449332285939 0.00505390835579515
"супругу" 0 0.00166536213299582 0.00490966221523959 0.00505390835579515
"сухим" 0 0.00999217279797492 0 0
"схватив" 0.00753721499905785 0.00333072426599164 0.00490966221523959 0
"ся" 0 0.00999217279797492 0 0
"табунан" 0 0.00999217279797492 0 0
"татарский" 0 0.00999217279797492 0 0
"творил" 0.00376860749952892 0.0083268106649791 0 0
"теми" 0 0 0.00736449332285939 0.00505390835579515
"тень" 0 0.00499608639898746 0 0.00505390835579515
"терять" 0 0.00166536213299582 0.0024548311076198 0.00673854447439353
"тетушкин" 0 0 0 0.0101078167115903
"течет" 0 0.00999217279797492 0 0
"тиун" 0 0.00999217279797492 0 0
"трава" 0.00376860749952892 0.0083268106649791 0 0
"трепетом" 0.00376860749952892 0.00166536213299582 0.00490966221523959 0.00336927223719677
"тридевять" 0 0.00999217279797492 0 0
"трость" 0.0226116449971735 0 0 0
"трубку" 0 0 0.0147289866457188 0
"труд" 0.0113058224985868 0.00333072426599164 0 0.00168463611859838
"трудов" 0.0150744299981157 0.00166536213299582 0 0.00168463611859838
"тс" 0 0.00999217279797492 0 0
"тысячу" 0.00753721499905785 0 0.00736449332285939 0.00168463611859838
"тягостно" 0 0 0.00981932443047918 0.00336927223719677
"уверенный" 0.00376860749952892 0.00499608639898746 0.0024548311076198 0.00168463611859838
"увидите" 0 0 0.0024548311076198 0.00842318059299191
"увидишь" 0.0188430374976446 0.00166536213299582 0 0
"удалился" 0.00376860749952892 0.00333072426599164 0 0.00505390835579515
"удастся" 0 0 0 0.0101078167115903
"удивился" 0.00376860749952892 0 0 0.00842318059299191
"удостоверилась" 0 0 0 0.0101078167115903
"ужасное" 0 0.00499608639898746 0.00736449332285939 0
"улицы" 0.00753721499905785 0.00499608639898746 0 0.00168463611859838
"упреки" 0 0.00166536213299582 0.00490966221523959 0.00505390835579515
"усилия" 0.00376860749952892 0.00166536213299582 0.00736449332285939 0.00168463611859838
"условились" 0.00753721499905785 0.00333072426599164 0.0024548311076198 0.00168463611859838
"услуги" 0 0 0.00981932443047918 0.00336927223719677
"успеем" 0.00753721499905785 0 0.00490966221523959 0.00336927223719677
"успокоилась" 0 0.00166536213299582 0.00736449332285939 0.00336927223719677
"усталости" 0.00376860749952892 0.00499608639898746 0 0.00336927223719677
"утверждают" 0.00753721499905785 0 0.00490966221523959 0.00336927223719677
"учитель" 0 0 0 0.0101078167115903
"фамилии" 0 0 0.00981932443047918 0.00336927223719677
"ханом" 0 0.00999217279797492 0 0
"ходили" 0 0.00333072426599164 0.0024548311076198 0.00505390835579515
"холмский" 0 0 0.0147289866457188 0
"холмской" 0 0 0.0147289866457188 0
"хотят" 0.00376860749952892 0.00499608639898746 0.0024548311076198 0.00168463611859838
"царства" 0 0.00999217279797492 0 0
"цвет" 0.0150744299981157 0 0 0.00336927223719677
"целует" 0.00376860749952892 0.0083268106649791 0 0
"цель" 0.00753721499905785 0.00166536213299582 0.0024548311076198 0.00336927223719677
"чашу" 0 0.0083268106649791 0.0024548311076198 0
"чащу" 0 0.00666144853198328 0 0.00336927223719677
"челу" 0 0.00999217279797492 0 0
"черных" 0 0.0083268106649791 0 0.00168463611859838
"честной" 0 0.00999217279797492 0 0
"чиновники" 0.00376860749952892 0.00166536213299582 0.00736449332285939 0.00168463611859838
"числе" 0 0.00499608639898746 0.0024548311076198 0.00336927223719677
"читателей" 0.00753721499905785 0 0 0.00673854447439353
"чу" 0.0113058224985868 0.00499608639898746 0 0
"чувствами" 0 0.00333072426599164 0.00981932443047918 0
"чувствования" 0.00376860749952892 0 0 0.00842318059299191
"чужой" 0.00376860749952892 0.00499608639898746 0 0.00336927223719677
"шеи" 0.00376860749952892 0.00499608639898746 0 0.00336927223719677
"шелковый" 0.00376860749952892 0.00666144853198328 0 0.00168463611859838
"шелковым" 0 0.00999217279797492 0 0
"шести" 0.0113058224985868 0 0.00736449332285939 0
"широкие" 0.00376860749952892 0.00333072426599164 0 0.00505390835579515
"широкому" 0 0.00999217279797492 0 0
"шитые" 0 0.00999217279797492 0 0
"шла" 0 0.0083268106649791 0 0.00168463611859838
"шлема" 0 0.00999217279797492 0 0
"шлемом" 0 0.00999217279797492 0 0
"шляпы" 0.00753721499905785 0 0.00490966221523959 0.00336927223719677
"шутка" 0.00376860749952892 0.00166536213299582 0.00490966221523959 0.00336927223719677
"шутку" 0 0 0 0.0101078167115903
"ы" 0 0.0083268106649791 0.0024548311076198 0
"экая" 0 0 0.0024548311076198 0.00842318059299191
"этою" 0.00376860749952892 0 0 0.00842318059299191
"юноши" 0 0.00999217279797492 0 0
"юрка" 0 0.00999217279797492 0 0
"явится" 0.00376860749952892 0 0.0024548311076198 0.00673854447439353
"являлись" 0.00753721499905785 0 0.00490966221523959 0.00336927223719677
"яги" 0 0.00999217279797492 0 0
"языком" 0 0.00333072426599164 0.0024548311076198 0.00505390835579515
"як" 0 0.00499608639898746 0 0.00505390835579515
"яко" 0.00376860749952892 0.0083268106649791 0 0
"яна" 0 0.00999217279797492 0 0
"яний" 0 0.00999217279797492 0 0
"ярослава" 0 0.00999217279797492 0 0
"iii" 0 0.00666144853198328 0.0024548311076198 0.00168463611859838
"ix" 0 0.00666144853198328 0.0024548311076198 0.00168463611859838
"v" 0 0.00666144853198328 0.0024548311076198 0.00168463611859838
"xi" 0 0.00666144853198328 0.0024548311076198 0.00168463611859838
"xii" 0.00376860749952892 0.00499608639898746 0.0024548311076198 0.00168463611859838
"xiii" 0 0.0083268106649791 0 0.00168463611859838
"австерия" 0.0188430374976446 0 0 0
"автора" 0 0.00166536213299582 0.0024548311076198 0.00505390835579515
"александровичем" 0 0 0 0.00842318059299191
"алхимии" 0.0188430374976446 0 0 0
"андрея" 0.00376860749952892 0.00666144853198328 0 0
"аукциона" 0.00753721499905785 0 0.00736449332285939 0
"бабушки" 0 0.00166536213299582 0.00736449332285939 0.00168463611859838
"бала" 0 0 0.0024548311076198 0.00673854447439353
"бегом" 0.00753721499905785 0.00499608639898746 0 0
"бедствия" 0.00376860749952892 0 0.00981932443047918 0
"бежали" 0.00376860749952892 0.00333072426599164 0 0.00336927223719677
"безделица" 0 0 0.00490966221523959 0.00505390835579515
"белого" 0 0.0083268106649791 0 0
"белое" 0.00376860749952892 0.00499608639898746 0.0024548311076198 0
"береги" 0.00376860749952892 0.00333072426599164 0 0.00336927223719677
"беседке" 0 0 0.00490966221523959 0.00505390835579515
"беспокоилась" 0 0 0.00490966221523959 0.00505390835579515
"беспокоиться" 0 0 0.00981932443047918 0.00168463611859838
"беспокойтесь" 0.00376860749952892 0 0.0024548311076198 0.00505390835579515
"бич" 0 0.0083268106649791 0 0
"благодарить" 0.00376860749952892 0 0.00736449332285939 0.00168463611859838
"благодетельный" 0 0.00166536213299582 0 0.00673854447439353
"благополучия" 0 0 0.00981932443047918 0.00168463611859838
"благословение" 0.00376860749952892 0.00666144853198328 0 0
"ближнего" 0.00376860749952892 0 0.0024548311076198 0.00505390835579515
"блюда" 0 0.00666144853198328 0 0.00168463611859838
"богатой" 0 0.0083268106649791 0 0
"богатырским" 0 0.0083268106649791 0 0
"богатырского" 0 0.0083268106649791 0 0
"боиборзовной" 0 0.0083268106649791 0 0
"боку" 0 0.00499608639898746 0 0.00336927223719677
"болезнию" 0 0 0.00981932443047918 0.00168463611859838
"больной" 0 0 0.00736449332285939 0.00336927223719677
"большем" 0 0 0.012274155538099 0
"большею" 0.00376860749952892 0 0.00736449332285939 0.00168463611859838
"бора" 0 0.00166536213299582 0 0.00673854447439353
"бору" 0 0.00333072426599164 0 0.00505390835579515
"боязни" 0 0.00333072426599164 0 0.00505390835579515
"боярской" 0 0.0083268106649791 0 0
"брал" 0.00376860749952892 0 0.00981932443047918 0
"брали" 0.00376860749952892 0.00333072426599164 0.0024548311076198 0.00168463611859838
"бросившись" 0 0 0.00981932443047918 0.00168463611859838
"бросила" 0 0.00166536213299582 0 0.00673854447439353
"бубны" 0 0.0083268106649791 0 0
"будущее" 0.00376860749952892 0 0.00736449332285939 0.00168463611859838
"бумага" 0.0150744299981157 0 0.0024548311076198 0
"бумаге" 0.0113058224985868 0 0 0.00336927223719677
"бывали" 0 0 0.0024548311076198 0.00673854447439353
"быти" 0 0.0083268106649791 0 0
"васильевна" 0 0 0.012274155538099 0
"ваську" 0 0 0 0.00842318059299191
"ввел" 0.0150744299981157 0 0 0.00168463611859838
"вверил" 0 0 0 0.00842318059299191
"веди" 0.0113058224985868 0.00166536213299582 0 0.00168463611859838
"великую" 0 0.0083268106649791 0 0
"величины" 0.0150744299981157 0 0 0.00168463611859838
"вельможи" 0.00753721499905785 0.00333072426599164 0 0.00168463611859838
"венцу" 0.0188430374976446 0 0 0
"верили" 0 0.00666144853198328 0 0.00168463611859838
"верит" 0 0.00499608639898746 0.0024548311076198 0.00168463611859838
"верного" 0 0.00666144853198328 0 0.00168463611859838
"верное" 0.00376860749952892 0 0.00490966221523959 0.00336927223719677
"верстах" 0 0 0 0.00842318059299191
"версты" 0.00753721499905785 0 0 0.00505390835579515
"верхами" 0 0.00333072426599164 0.00736449332285939 0
"ветры" 0 0.0083268106649791 0 0
"вече" 0 0.0083268106649791 0 0
"вечное" 0 0.00166536213299582 0.00981932443047918 0
"вещь" 0.00753721499905785 0.00166536213299582 0.00490966221523959 0
"взад" 0.0113058224985868 0 0 0.00336927223719677
"вздрогнула" 0.00753721499905785 0.00166536213299582 0 0.00336927223719677
"взойди" 0 0.0083268106649791 0 0
"взором" 0.00376860749952892 0.00499608639898746 0 0.00168463611859838
"видеться" 0 0 0.00736449332285939 0.00336927223719677
"видов" 0 0 0 0.00842318059299191
"висел" 0.00753721499905785 0.00333072426599164 0 0.00168463611859838
"вишь" 0.0113058224985868 0.00166536213299582 0 0.00168463611859838
"влюблен" 0 0 0.0024548311076198 0.00673854447439353
"водится" 0.00376860749952892 0 0.00981932443047918 0
"воз" 0.00376860749952892 0.00666144853198328 0 0
"возвратимся" 0 0.00166536213299582 0.00490966221523959 0.00336927223719677
"возвращается" 0 0.00666144853198328 0.0024548311076198 0
"возвращаясь" 0 0.00166536213299582 0 0.00673854447439353
"воздержаться" 0 0 0 0.00842318059299191
"вознамерилась" 0 0 0.00490966221523959 0.00505390835579515
"возразил" 0.00753721499905785 0 0.0024548311076198 0.00336927223719677
"вой" 0.00376860749952892 0.00666144853198328 0 0
"войдти" 0 0 0.012274155538099 0
"войну" 0 0.00666144853198328 0 0.00168463611859838
"войском" 0.00376860749952892 0.00666144853198328 0 0
"волею" 0 0.00499608639898746 0.0024548311076198 0.00168463611859838
"волнами" 0.00753721499905785 0.00499608639898746 0 0
"волнение" 0.00753721499905785 0 0.00736449332285939 0
"волос" 0.00753721499905785 0.00166536213299582 0 0.00336927223719677
"волоса" 0.00376860749952892 0.00333072426599164 0 0.00336927223719677
"вопли" 0 0.00666144853198328 0.0024548311076198 0
"вопросы" 0 0.00333072426599164 0.0024548311076198 0.00336927223719677
"ворон" 0 0.00666144853198328 0 0.00168463611859838
"воротам" 0.00376860749952892 0.00666144853198328 0 0
"восклицания" 0 0.00333072426599164 0 0.00505390835579515
"восклицаниями" 0 0.00166536213299582 0 0.00673854447439353
"воспоминания" 0 0 0.00490966221523959 0.00505390835579515
"восток" 0.00376860749952892 0.00666144853198328 0 0
"восторга" 0.0113058224985868 0.00166536213299582 0 0.00168463611859838
"восторге" 0 0 0.00981932443047918 0.00168463611859838
"всевышнего" 0.00376860749952892 0 0.0024548311076198 0.00505390835579515
"вскрикнула" 0.00376860749952892 0.00499608639898746 0 0.00168463611859838
"вспомни" 0.00376860749952892 0 0.00981932443047918 0
"вспомнить" 0.00376860749952892 0 0.00981932443047918 0
"встречает" 0 0.0083268106649791 0 0
"встречали" 0 0.00666144853198328 0 0.00168463611859838
"второго" 0.00376860749952892 0.00166536213299582 0 0.00505390835579515
"входить" 0.00376860749952892 0.00166536213299582 0.0024548311076198 0.00336927223719677
"вчерась" 0 0 0 0.00842318059299191
"выбежал" 0.00376860749952892 0.00166536213299582 0.00736449332285939 0
"выбежала" 0 0.00333072426599164 0.0024548311076198 0.00336927223719677
"выбраться" 0 0.00499608639898746 0 0.00336927223719677
"выговаривают" 0 0 0 0.00842318059299191
"выкуп" 0.00753721499905785 0.00166536213299582 0.0024548311076198 0.00168463611859838
"вынес" 0.00376860749952892 0.00499608639898746 0.0024548311076198 0
"выслан" 0 0 0.012274155538099 0
"высоком" 0 0.0083268106649791 0 0
"высокою" 0.00753721499905785 0.00333072426599164 0.0024548311076198 0
"высокую" 0.00376860749952892 0.00499608639898746 0 0.00168463611859838
"выходя" 0.00376860749952892 0 0.0024548311076198 0.00505390835579515
"гаркуша" 0 0 0 0.00842318059299191
"главе" 0.00376860749952892 0.00333072426599164 0 0.00336927223719677
"главу" 0 0.0083268106649791 0 0
"глазом" 0 0.00333072426599164 0.0024548311076198 0.00336927223719677
"глебовне" 0 0.0083268106649791 0 0
"глубине" 0.00376860749952892 0.00333072426599164 0 0.00336927223719677
"глубокое" 0 0.00166536213299582 0 0.00673854447439353
"глубокую" 0.00376860749952892 0.00333072426599164 0.00490966221523959 0
"глупее" 0.0188430374976446 0 0 0
"глупость" 0 0.00166536213299582 0.00736449332285939 0.00168463611859838
"гой" 0 0.0083268106649791 0 0
"голубые" 0 0.00333072426599164 0.0024548311076198 0.00336927223719677
"гора" 0 0.00666144853198328 0.0024548311076198 0
"городе" 0 0.00499608639898746 0.0024548311076198 0.00168463611859838
"господь" 0.00753721499905785 0.00333072426599164 0 0.00168463611859838
"гостем" 0.00376860749952892 0.00333072426599164 0 0.00336927223719677
"гостями" 0.00376860749952892 0.00333072426599164 0.0024548311076198 0.00168463611859838
"грозно" 0 0.0083268106649791 0 0
"губи" 0.00376860749952892 0.00666144853198328 0 0
"густые" 0 0.00333072426599164 0.0024548311076198 0.00336927223719677
"дав" 0.00376860749952892 0.00166536213299582 0.0024548311076198 0.00336927223719677
"даль" 0 0.00666144853198328 0.0024548311076198 0
"дальний" 0 0.00166536213299582 0.00736449332285939 0.00168463611859838
"данилыч" 0.0188430374976446 0 0 0
"данное" 0 0.00333072426599164 0.00490966221523959 0.00168463611859838
"данную" 0 0.00166536213299582 0.00736449332285939 0.00168463611859838
"дверью" 0.00376860749952892 0.00333072426599164 0 0.00336927223719677
"дев" 0 0.0083268106649791 0 0
"дедушка" 0 0.0083268106649791 0 0
"делай" 0.00753721499905785 0 0.00736449332285939 0
"деньгах" 0 0 0.012274155538099 0
"деревом" 0 0.00499608639898746 0 0.00336927223719677
"деревьями" 0 0.00499608639898746 0 0.00336927223719677
"деревянные" 0.0113058224985868 0.00333072426599164 0 0
"деревянным" 0.0113058224985868 0.00166536213299582 0 0.00168463611859838
"держит" 0.00376860749952892 0.00666144853198328 0 0
"детях" 0 0.00166536213299582 0.00981932443047918 0
"джари" 0 0.0083268106649791 0 0
"длинной" 0 0.00666144853198328 0 0.00168463611859838
"длинным" 0 0.0083268106649791 0 0
"добиться" 0 0 0.0024548311076198 0.00673854447439353
"добр" 0 0.00166536213299582 0.00736449332285939 0.00168463611859838
"догадалась" 0 0 0.00490966221523959 0.00505390835579515
"догадки" 0 0.00333072426599164 0 0.00505390835579515
"догнать" 0 0.00166536213299582 0 0.00673854447439353
"дождаться" 0 0 0 0.00842318059299191
"дождя" 0 0.00166536213299582 0 0.00673854447439353
"дожидаться" 0.00376860749952892 0 0.0024548311076198 0.00505390835579515
"дойдет" 0.00753721499905785 0.00166536213299582 0 0.00336927223719677
"докажу" 0.00376860749952892 0 0.00490966221523959 0.00336927223719677
"доказательство" 0 0 0.012274155538099 0
"доказывает" 0 0.00166536213299582 0.0024548311076198 0.00505390835579515
"должность" 0.00376860749952892 0.00166536213299582 0.00736449332285939 0
"дона" 0 0.0083268106649791 0 0
"доныне" 0.0188430374976446 0 0 0
"дорогой" 0 0.00166536213299582 0.0024548311076198 0.00505390835579515
"досадой" 0.0113058224985868 0.00333072426599164 0 0
"достиг" 0.00376860749952892 0 0.0024548311076198 0.00505390835579515
"достойного" 0.00376860749952892 0 0.0024548311076198 0.00505390835579515
"досыта" 0 0.00666144853198328 0 0.00168463611859838
"драгоценность" 0.0150744299981157 0 0 0.00168463611859838
"древние" 0 0.0083268106649791 0 0
"древняя" 0 0.0083268106649791 0 0
"древо" 0 0.0083268106649791 0 0
"другою" 0.00753721499905785 0.00166536213299582 0 0.00336927223719677
"дружбу" 0.00753721499905785 0.00166536213299582 0.0024548311076198 0.00168463611859838
"дружески" 0 0.00333072426599164 0.00490966221523959 0.00168463611859838
"друзьями" 0 0 0.00981932443047918 0.00168463611859838
"дубовые" 0 0.0083268106649791 0 0
"душевной" 0 0.00166536213299582 0.00981932443047918 0
"душой" 0 0.0083268106649791 0 0
"дюндиковым" 0 0 0 0.00842318059299191
"дядя" 0.00376860749952892 0 0.00981932443047918 0
"единственной" 0.00753721499905785 0 0.0024548311076198 0.00336927223719677
"еже" 0 0.00666144853198328 0.0024548311076198 0
"жаром" 0.00753721499905785 0 0 0.00505390835579515
"женился" 0.00376860749952892 0.00166536213299582 0.00490966221523959 0.00168463611859838
"женский" 0 0.00499608639898746 0 0.00336927223719677
"живого" 0 0.00499608639898746 0 0.00336927223719677
"живописи" 0.0150744299981157 0 0 0.00168463611859838
"живота" 0.00753721499905785 0.00499608639898746 0 0
"жилища" 0.0113058224985868 0 0 0.00336927223719677
"житья" 0 0.00333072426599164 0.00490966221523959 0.00168463611859838
"жокондова" 0 0 0.012274155538099 0
"заблаговременно" 0 0.00166536213299582 0.00981932443047918 0
"загладить" 0 0 0 0.00842318059299191
"заключали" 0 0.00499608639898746 0.0024548311076198 0.00168463611859838
"заключить" 0 0 0.0024548311076198 0.00673854447439353
"законным" 0 0 0.00981932443047918 0.00168463611859838
"закричала" 0 0.00333072426599164 0 0.00505390835579515
"зале" 0.0113058224985868 0 0.0024548311076198 0.00168463611859838
"заменил" 0.0113058224985868 0.00333072426599164 0 0
"замечая" 0.00753721499905785 0 0.0024548311076198 0.00336927223719677
"замок" 0.00753721499905785 0.00499608639898746 0 0
"заморское" 0 0.0083268106649791 0 0
"занят" 0 0.00499608639898746 0 0.00336927223719677
"запинаясь" 0 0.00166536213299582 0 0.00673854447439353
"заревых" 0 0.0083268106649791 0 0
"заставил" 0 0.00333072426599164 0.00736449332285939 0
"зато" 0 0.00166536213299582 0 0.00673854447439353
"затруднении" 0 0 0 0.00842318059299191
"звания" 0.0113058224985868 0 0 0.00336927223719677
"здорова" 0 0 0.00490966221523959 0.00505390835579515
"зеленая" 0 0.0083268106649791 0 0
"зелень" 0 0.00666144853198328 0 0.00168463611859838
"земно" 0 0.0083268106649791 0 0
"земного" 0 0.0083268106649791 0 0
"златые" 0 0.0083268106649791 0 0
"злобы" 0 0.00499608639898746 0.0024548311076198 0.00168463611859838
"злых" 0 0.00499608639898746 0 0.00336927223719677
"змея" 0 0.0083268106649791 0 0
"знаки" 0 0.00333072426599164 0.00490966221523959 0.00168463611859838
"знакомства" 0 0 0.00490966221523959 0.00505390835579515
"знакомые" 0 0.00166536213299582 0.0024548311076198 0.00505390835579515
"знамение" 0 0.0083268106649791 0 0
"значение" 0 0.0083268106649791 0 0
"зовет" 0 0.00666144853198328 0 0.00168463611859838
"золотая" 0.00376860749952892 0.00333072426599164 0.00490966221523959 0
"золотым" 0 0.0083268106649791 0 0
"золотыми" 0 0.00666144853198328 0.0024548311076198 0
"золотых" 0.00376860749952892 0.00666144853198328 0 0
"зубами" 0 0.00666144853198328 0 0.00168463611859838
"иван" 0.00376860749952892 0.00666144853198328 0 0
"играла" 0 0.00166536213299582 0.00490966221523959 0.00336927223719677
"идольников" 0 0.0083268106649791 0 0
"известия" 0 0 0.0024548311076198 0.00673854447439353
"изволил" 0.0113058224985868 0.00166536213299582 0.0024548311076198 0
"иному" 0.00376860749952892 0.00333072426599164 0.00490966221523959 0
"инфортунатова" 0 0 0.012274155538099 0
"иными" 0 0.0083268106649791 0 0
"искренно" 0.00753721499905785 0 0 0.00505390835579515
"испуга" 0.00376860749952892 0 0.00490966221523959 0.00336927223719677
"испугались" 0 0.00499608639898746 0.0024548311076198 0.00168463611859838
"испуганная" 0.00376860749952892 0.00333072426599164 0 0.00336927223719677
"истину" 0 0.00333072426599164 0.00490966221523959 0.00168463611859838
"исчез" 0 0.00499608639898746 0 0.00336927223719677
"каждом" 0.00376860749952892 0 0.00490966221523959 0.00336927223719677
"какими" 0.00753721499905785 0 0.0024548311076198 0.00336927223719677
"калач" 0 0.0083268106649791 0 0
"каменные" 0.00376860749952892 0.00333072426599164 0.00490966221523959 0
"камней" 0.00376860749952892 0.00666144853198328 0 0
"караульщики" 0.0188430374976446 0 0 0
"катерине" 0 0 0.012274155538099 0
"каши" 0 0.0083268106649791 0 0
"квартиры" 0.00376860749952892 0 0.0024548311076198 0.00505390835579515
"киеве" 0 0.00666144853198328 0 0.00168463611859838
"кисть" 0.0188430374976446 0 0 0
"кладут" 0.00376860749952892 0.00666144853198328 0 0
"кликать" 0.00376860749952892 0.00666144853198328 0 0
"клич" 0 0.0083268106649791 0 0
"клок" 0 0.00166536213299582 0.00981932443047918 0
"книг" 0 0 0.012274155538099 0
"козла" 0.0113058224985868 0.00333072426599164 0 0
"козлах" 0 0 0 0.00842318059299191
"коими" 0 0.00166536213299582 0 0.00673854447439353
"коллегии" 0.0188430374976446 0 0 0
"колокола" 0.00376860749952892 0.00666144853198328 0 0
"конем" 0 0.0083268106649791 0 0
"кончился" 0.00376860749952892 0.00333072426599164 0.0024548311076198 0.00168463611859838
"копейки" 0.00753721499905785 0 0.00736449332285939 0
"копья" 0 0.0083268106649791 0 0
"костыль" 0.00376860749952892 0.00666144853198328 0 0
"крепостной" 0.00376860749952892 0.00333072426599164 0 0.00336927223719677
"крестины" 0 0.00166536213299582 0.0024548311076198 0.00505390835579515
"круг" 0 0.00666144853198328 0 0.00168463611859838
"крюков" 0.0188430374976446 0 0 0
"кубок" 0 0.0083268106649791 0 0
"кузин" 0 0 0 0.00842318059299191
"куплю" 0.00376860749952892 0.00666144853198328 0 0
"купца" 0.0150744299981157 0.00166536213299582 0 0
"купцов" 0.0113058224985868 0.00333072426599164 0 0
"курица" 0.00376860749952892 0.00499608639898746 0 0.00168463611859838
"лазарет" 0 0 0 0.00842318059299191
"лазарете" 0 0 0 0.00842318059299191
"ласками" 0.00376860749952892 0.00333072426599164 0 0.00336927223719677
"лев" 0 0.0083268106649791 0 0
"лежат" 0 0.0083268106649791 0 0
"лезет" 0 0.00499608639898746 0.0024548311076198 0.00168463611859838
"лестницы" 0.00376860749952892 0.00166536213299582 0 0.00505390835579515
"летописях" 0 0.00666144853198328 0 0.00168463611859838
"летят" 0.00376860749952892 0.00666144853198328 0 0
"леший" 0 0.0083268106649791 0 0
"лить" 0 0.0083268106649791 0 0
"ловец" 0 0.00666144853198328 0.0024548311076198 0
"ловит" 0 0.0083268106649791 0 0
"лосенкова" 0 0 0 0.00842318059299191
"лукавиною" 0 0 0.012274155538099 0
"лучших" 0.00753721499905785 0 0.00490966221523959 0.00168463611859838
"лыбедь" 0 0.0083268106649791 0 0
"любим" 0.00376860749952892 0 0.0024548311076198 0.00505390835579515
"любимого" 0 0.00499608639898746 0.0024548311076198 0.00168463611859838
"любимой" 0 0.00333072426599164 0.0024548311076198 0.00336927223719677
"любимую" 0 0.00666144853198328 0 0.00168463611859838
"любы" 0 0.0083268106649791 0 0
"малолетства" 0 0 0.00490966221523959 0.00505390835579515
"мальчишка" 0 0 0.00490966221523959 0.00505390835579515
"мамай" 0 0.0083268106649791 0 0
"мариею" 0.0188430374976446 0 0 0
"марфою" 0 0 0 0.00842318059299191
"матушку" 0 0.00166536213299582 0.00490966221523959 0.00336927223719677
"мая" 0.0113058224985868 0.00166536213299582 0 0.00168463611859838
"медведь" 0.00376860749952892 0.00166536213299582 0 0.00505390835579515
"межу" 0 0.00499608639898746 0.00490966221523959 0
"меньше" 0.00753721499905785 0 0.0024548311076198 0.00336927223719677
"мертвецки" 0 0 0.012274155538099 0
"мечи" 0 0.0083268106649791 0 0
"мечта" 0 0.0083268106649791 0 0
"мила" 0 0.00499608639898746 0.0024548311076198 0.00168463611859838
"милостыню" 0 0.0083268106649791 0 0
"милых" 0 0 0.012274155538099 0
"мимоходом" 0.00376860749952892 0 0 0.00673854447439353
"министр" 0 0 0 0.00842318059299191
"мину" 0 0.0083268106649791 0 0
"минута" 0.00753721499905785 0.00333072426599164 0.0024548311076198 0
"мирза" 0 0.0083268106649791 0 0
"мних" 0 0.0083268106649791 0 0
"могилы" 0 0.0083268106649791 0 0
"моде" 0 0.00166536213299582 0.0024548311076198 0.00505390835579515
"молод" 0 0.00333072426599164 0.00490966221523959 0.00168463611859838
"молодцу" 0 0.0083268106649791 0 0
"молчали" 0 0.00666144853198328 0.0024548311076198 0
"молчать" 0 0.00499608639898746 0 0.00336927223719677
"молчи" 0.00753721499905785 0.00166536213299582 0 0.00336927223719677
"монастыря" 0 0 0.0024548311076198 0.00673854447439353
"мучения" 0.00376860749952892 0 0.00736449332285939 0.00168463611859838
"мыслью" 0 0.00333072426599164 0 0.00505390835579515
"мяса" 0 0.00666144853198328 0 0.00168463611859838
"набок" 0.00376860749952892 0.00666144853198328 0 0
"навесом" 0 0.00499608639898746 0.00490966221523959 0
"надолго" 0 0 0 0.00842318059299191
"назначенный" 0.00753721499905785 0.00166536213299582 0 0.00336927223719677
"называется" 0.00376860749952892 0 0.00736449332285939 0.00168463611859838
"называл" 0.00753721499905785 0 0 0.00505390835579515
"найдет" 0 0.00166536213299582 0.0024548311076198 0.00505390835579515
"найдти" 0 0 0.012274155538099 0
"налево" 0 0.0083268106649791 0 0
"наперерыв" 0 0 0 0.00842318059299191
"напомнил" 0.00376860749952892 0.00166536213299582 0 0.00505390835579515
"напугал" 0.0113058224985868 0 0.0024548311076198 0.00168463611859838
"наследство" 0.00376860749952892 0.00499608639898746 0.0024548311076198 0
"настоящие" 0 0 0.00490966221523959 0.00505390835579515
"находившийся" 0.00376860749952892 0.00333072426599164 0 0.00336927223719677
"началось" 0.00376860749952892 0 0.0024548311076198 0.00505390835579515
"начерти" 0 0.0083268106649791 0 0
"начинал" 0.00376860749952892 0.00333072426599164 0.0024548311076198 0.00168463611859838
"начиная" 0.00753721499905785 0.00166536213299582 0.0024548311076198 0.00168463611859838
"наяву" 0 0.00666144853198328 0 0.00168463611859838
"небесная" 0.00376860749952892 0.00666144853198328 0 0
"небольшим" 0.00376860749952892 0.00166536213299582 0 0.00505390835579515
"небольшого" 0.0113058224985868 0 0 0.00336927223719677
"невидимку" 0 0.0083268106649791 0 0
"невольницу" 0 0.0083268106649791 0 0
"недели" 0 0.00166536213299582 0 0.00673854447439353
"нежное" 0 0.00499608639898746 0.00490966221523959 0
"нежность" 0 0 0.00981932443047918 0.00168463611859838
"незнакомого" 0 0.00166536213299582 0.0024548311076198 0.00505390835579515
"незнание" 0 0 0 0.00842318059299191
"некогда" 0 0.00166536213299582 0.00981932443047918 0
"некоторого" 0 0 0 0.00842318059299191
"немало" 0.00376860749952892 0 0 0.00673854447439353
"немногу" 0 0 0.012274155538099 0
"ненила" 0 0.0083268106649791 0 0
"необходимо" 0.00376860749952892 0.00166536213299582 0.0024548311076198 0.00336927223719677
"необыкновенно" 0 0 0.00490966221523959 0.00505390835579515
"необыкновенной" 0.00376860749952892 0 0.00490966221523959 0.00336927223719677
"необыкновенным" 0 0 0.00490966221523959 0.00505390835579515
"неожиданная" 0 0 0.0024548311076198 0.00673854447439353
"непонятное" 0 0 0 0.00842318059299191
"неприятные" 0 0 0.0024548311076198 0.00673854447439353
"несчастием" 0 0 0.00490966221523959 0.00505390835579515
"нетерпение" 0 0.00166536213299582 0.0024548311076198 0.00505390835579515
"нетуть" 0 0.0083268106649791 0 0
"ниен" 0.0188430374976446 0 0 0
"никакая" 0.00376860749952892 0.00166536213299582 0.00736449332285939 0
"никитиным" 0.0188430374976446 0 0 0
"новгородцы" 0 0.0083268106649791 0 0
"новоселье" 0 0.0083268106649791 0 0
"ногой" 0 0.00666144853198328 0.0024548311076198 0
"ногу" 0.00753721499905785 0.00499608639898746 0 0
"носят" 0 0.00666144853198328 0 0.00168463611859838
"нужна" 0 0.00666144853198328 0.0024548311076198 0
"нуи" 0 0.0083268106649791 0 0
"нынешней" 0.0188430374976446 0 0 0
"обедал" 0 0.00166536213299582 0.00736449332285939 0.00168463611859838
"обеду" 0 0 0.0024548311076198 0.00673854447439353
"обет" 0 0.00666144853198328 0.0024548311076198 0
"обнимает" 0.00376860749952892 0.00499608639898746 0 0.00168463611859838
"обняла" 0 0.00499608639898746 0 0.00336927223719677
"обрадовалась" 0 0 0.0024548311076198 0.00673854447439353
"образа" 0 0.00666144853198328 0.0024548311076198 0
"обратила" 0 0.00666144853198328 0.0024548311076198 0
"обратимся" 0 0.00666144853198328 0 0.00168463611859838
"обращается" 0 0.0083268106649791 0 0
"обращал" 0 0.00499608639898746 0 0.00336927223719677
"обращено" 0.00376860749952892 0.00333072426599164 0.00490966221523959 0
"обхождение" 0 0 0 0.00842318059299191
"объяснение" 0 0 0.00736449332285939 0.00336927223719677
"объяснил" 0.0113058224985868 0 0 0.00336927223719677
"объятиями" 0 0.00333072426599164 0.00490966221523959 0.00168463611859838
"обыграть" 0 0 0.012274155538099 0
"огню" 0.00376860749952892 0.00499608639898746 0 0.00168463611859838
"огорчение" 0 0 0.00490966221523959 0.00505390835579515
"огромного" 0.00376860749952892 0.00666144853198328 0 0
"одежды" 0 0.0083268106649791 0 0
"однодворцев" 0 0 0.012274155538099 0
"озеру" 0 0.0083268106649791 0 0
"окнах" 0.00753721499905785 0.00166536213299582 0 0.00336927223719677
"окруженный" 0 0.00499608639898746 0.0024548311076198 0.00168463611859838
"окружили" 0.00376860749952892 0.00333072426599164 0.0024548311076198 0.00168463611859838
"олегу" 0 0.0083268106649791 0 0
"ольговну" 0 0.0083268106649791 0 0
"ольговны" 0 0.0083268106649791 0 0
"оной" 0.00376860749952892 0.00333072426599164 0 0.00336927223719677
"оном" 0.0113058224985868 0 0 0.00336927223719677
"оную" 0.00376860749952892 0.00499608639898746 0 0.00168463611859838
"опасался" 0.00376860749952892 0 0.0024548311076198 0.00505390835579515
"опасения" 0 0 0.0024548311076198 0.00673854447439353
"опор" 0 0.00666144853198328 0.0024548311076198 0
"опыт" 0.00753721499905785 0 0.00736449332285939 0
"оружие" 0 0.0083268106649791 0 0
"осматривать" 0 0.00499608639898746 0.0024548311076198 0.00168463611859838
"осмотрев" 0.00753721499905785 0.00333072426599164 0 0.00168463611859838
"основания" 0.00376860749952892 0 0 0.00673854447439353
"оставалась" 0 0 0 0.00842318059299191
"останется" 0 0 0.00490966221523959 0.00505390835579515
"отвел" 0 0.00166536213299582 0.00981932443047918 0
"ответом" 0 0 0.0024548311076198 0.00673854447439353
"отвечая" 0 0.00333072426599164 0 0.00505390835579515
"отдала" 0.00376860749952892 0.00166536213299582 0.00490966221523959 0.00168463611859838
"отдаленном" 0 0 0.00981932443047918 0.00168463611859838
"отдалить" 0 0 0.00490966221523959 0.00505390835579515
"открытую" 0.00376860749952892 0.00333072426599164 0 0.00336927223719677
"отпустите" 0 0.00666144853198328 0 0.00168463611859838
"отступил" 0 0.00499608639898746 0 0.00336927223719677
"отчаянием" 0.00753721499905785 0.00166536213299582 0.00490966221523959 0
"отыскали" 0.00376860749952892 0 0.0024548311076198 0.00505390835579515
"охотники" 0.00376860749952892 0.00333072426599164 0 0.00336927223719677
"п" 0.00376860749952892 0.00666144853198328 0 0
"павлыч" 0.0188430374976446 0 0 0
"падает" 0 0.0083268106649791 0 0
"палец" 0 0.00666144853198328 0 0.00168463611859838
"пастух" 0 0.0083268106649791 0 0
"перекрестилась" 0.00753721499905785 0 0 0.00505390835579515
"переменить" 0 0 0.0024548311076198 0.00673854447439353
"переносить" 0.00753721499905785 0 0.0024548311076198 0.00336927223719677
"песня" 0 0.00333072426599164 0 0.00505390835579515
"петербургских" 0.0150744299981157 0 0 0.00168463611859838
"петербургского" 0.00753721499905785 0 0 0.00505390835579515
"печально" 0.00376860749952892 0.00499608639898746 0 0.00168463611859838
"пешком" 0 0.00166536213299582 0.00736449332285939 0.00168463611859838
"пиво" 0 0.00666144853198328 0.0024548311076198 0
"пикет" 0 0 0.012274155538099 0
"пили" 0 0 0.012274155538099 0
"пирог" 0 0.0083268106649791 0 0
"писала" 0 0 0.00736449332285939 0.00336927223719677
"писаны" 0.00376860749952892 0.00499608639898746 0 0.00168463611859838
"питьем" 0 0.0083268106649791 0 0
"пишет" 0.0113058224985868 0 0.0024548311076198 0.00168463611859838
"пишу" 0.00753721499905785 0.00166536213299582 0.0024548311076198 0.00168463611859838
"пищу" 0 0.00666144853198328 0 0.00168463611859838
"пламень" 0 0.0083268106649791 0 0
"плечам" 0 0.0083268106649791 0 0
"плечи" 0 0.00499608639898746 0 0.00336927223719677
"плечо" 0 0.00666144853198328 0 0.00168463611859838
"плут" 0.00753721499905785 0 0.00490966221523959 0.00168463611859838
"плясать" 0 0.00166536213299582 0.00736449332285939 0.00168463611859838
"побледнев" 0.0113058224985868 0 0 0.00336927223719677
"побратими" 0 0.0083268106649791 0 0
"повела" 0 0.00499608639898746 0.00490966221523959 0
"поверхности" 0.00753721499905785 0.00333072426599164 0.0024548311076198 0
"повозки" 0 0.00499608639898746 0 0.00336927223719677
"повторила" 0 0.00333072426599164 0.00736449332285939 0
"поганый" 0 0.0083268106649791 0 0
"поглядывая" 0.00753721499905785 0.00166536213299582 0 0.00336927223719677
"поговорим" 0.0150744299981157 0 0.0024548311076198 0
"погода" 0 0.00166536213299582 0.0024548311076198 0.00505390835579515
"погубил" 0 0.00499608639898746 0.00490966221523959 0
"подавая" 0.0113058224985868 0 0.0024548311076198 0.00168463611859838
"подает" 0 0.00499608639898746 0.00490966221523959 0
"подай" 0 0.00166536213299582 0.00981932443047918 0
"поди" 0.00376860749952892 0.00333072426599164 0 0.00336927223719677
"подлинно" 0 0.00166536213299582 0.0024548311076198 0.00505390835579515
"подляков" 0 0 0.012274155538099 0
"подняла" 0.00753721499905785 0.00333072426599164 0 0.00168463611859838
"поднялась" 0.00376860749952892 0.00333072426599164 0 0.00336927223719677
"подобный" 0.00376860749952892 0.00166536213299582 0.00490966221523959 0.00168463611859838
"подозревать" 0 0 0 0.00842318059299191
"подрядчик" 0.0113058224985868 0 0.0024548311076198 0.00168463611859838
"подтвердил" 0.00376860749952892 0.00166536213299582 0.00736449332285939 0
"поедет" 0 0 0.0024548311076198 0.00673854447439353
"пожаловать" 0 0.00333072426599164 0.0024548311076198 0.00336927223719677
"поздравить" 0 0.00166536213299582 0.0024548311076198 0.00505390835579515
"познание" 0.0150744299981157 0 0.0024548311076198 0
"показав" 0 0.00333072426599164 0.00490966221523959 0.00168463611859838
"покатились" 0 0.00666144853198328 0 0.00168463611859838
"покойник" 0 0.00333072426599164 0.00490966221523959 0.00168463611859838
"покорно" 0.00376860749952892 0 0 0.00673854447439353
"покраснев" 0 0 0.00981932443047918 0.00168463611859838
"покровительство" 0 0 0.00490966221523959 0.00505390835579515
"покрытую" 0.00376860749952892 0.00499608639898746 0 0.00168463611859838
"покупать" 0 0 0.00490966221523959 0.00505390835579515
"полем" 0 0.0083268106649791 0 0
"полицеймейстеру" 0.0188430374976446 0 0 0
"полка" 0.00376860749952892 0 0.0024548311076198 0.00505390835579515
"полноте" 0 0 0 0.00842318059299191
"половина" 0.00376860749952892 0.00333072426599164 0.0024548311076198 0.00168463611859838
"половины" 0.00753721499905785 0 0.0024548311076198 0.00336927223719677
"положено" 0.00376860749952892 0.00166536213299582 0.0024548311076198 0.00336927223719677
"полы" 0 0.00333072426599164 0.0024548311076198 0.00336927223719677
"пользы" 0.00376860749952892 0 0.0024548311076198 0.00505390835579515
"поместить" 0.00376860749952892 0 0.00490966221523959 0.00336927223719677
"поместье" 0.0113058224985868 0 0 0.00336927223719677
"поместья" 0.00753721499905785 0 0 0.00505390835579515
"помещался" 0.0150744299981157 0 0 0.00168463611859838
"помогите" 0.00376860749952892 0 0.00490966221523959 0.00336927223719677
"понимает" 0 0.00166536213299582 0.0024548311076198 0.00505390835579515
"попал" 0 0 0.00736449332285939 0.00336927223719677
"попечение" 0 0.00333072426599164 0.0024548311076198 0.00336927223719677
"поровну" 0.0113058224985868 0 0.00490966221523959 0
"поселился" 0 0.00499608639898746 0 0.00336927223719677
"послали" 0 0.00166536213299582 0.00490966221523959 0.00336927223719677
"послами" 0 0.0083268106649791 0 0
"послать" 0.00376860749952892 0.00166536213299582 0.00490966221523959 0.00168463611859838
"последния" 0 0 0.012274155538099 0
"последнюю" 0.00376860749952892 0.00666144853198328 0 0
"последняя" 0 0 0.0024548311076198 0.00673854447439353
"последовал" 0.00753721499905785 0.00166536213299582 0.0024548311076198 0.00168463611859838
"посоветоваться" 0 0.00166536213299582 0 0.00673854447439353
"поставлю" 0.00376860749952892 0.00499608639898746 0.0024548311076198 0
"постройка" 0 0 0 0.00842318059299191
"поступать" 0.00376860749952892 0 0.0024548311076198 0.00505390835579515
"поступили" 0 0 0.00981932443047918 0.00168463611859838
"потерю" 0.00753721499905785 0.00166536213299582 0.00490966221523959 0
"потихоньку" 0 0 0.012274155538099 0
"потолка" 0.0113058224985868 0.00333072426599164 0 0
"потупила" 0.00376860749952892 0 0 0.00673854447439353
"поцеловал" 0.00376860749952892 0.00166536213299582 0.0024548311076198 0.00336927223719677
"почитаю" 0.00376860749952892 0 0.00490966221523959 0.00336927223719677
"почтение" 0 0 0.0024548311076198 0.00673854447439353
"почтением" 0 0 0.0024548311076198 0.00673854447439353
"почтенная" 0.00376860749952892 0 0.00490966221523959 0.00336927223719677
"почувствовал" 0 0 0.0024548311076198 0.00673854447439353
"поэтому" 0.00753721499905785 0 0 0.00505390835579515
"правил" 0 0.00333072426599164 0.00490966221523959 0.00168463611859838
"правила" 0 0 0.00981932443047918 0.00168463611859838
"правому" 0 0.00666144853198328 0 0.00168463611859838
"правый" 0 0.0083268106649791 0 0
"превозмочь" 0.00376860749952892 0 0 0.00673854447439353
"предалась" 0.00376860749952892 0 0.00736449332285939 0.00168463611859838
"предмета" 0.00376860749952892 0.00333072426599164 0 0.00336927223719677
"предосторожности" 0 0 0.0024548311076198 0.00673854447439353
"предположение" 0.00376860749952892 0.00166536213299582 0 0.00505390835579515
"представлялась" 0 0 0.0024548311076198 0.00673854447439353
"предупредить" 0 0 0.00981932443047918 0.00168463611859838
"предчувствие" 0 0.00499608639898746 0 0.00336927223719677
"презрение" 0 0.00666144853198328 0.0024548311076198 0
"презрением" 0 0 0.00490966221523959 0.00505390835579515
"прибежал" 0.00376860749952892 0.00499608639898746 0 0.00168463611859838
"приближаются" 0 0.00666144853198328 0.0024548311076198 0
"прибыв" 0 0.00333072426599164 0 0.00505390835579515
"прибыл" 0.00376860749952892 0.00333072426599164 0.00490966221523959 0
"приведет" 0 0.00666144853198328 0 0.00168463611859838
"привела" 0.00376860749952892 0 0.00736449332285939 0.00168463611859838
"привело" 0 0 0.00490966221523959 0.00505390835579515
"привести" 0 0.0083268106649791 0 0
"придется" 0 0.00166536213299582 0 0.00673854447439353
"приезжай" 0 0 0.012274155538099 0
"прижал" 0.00753721499905785 0.00166536213299582 0 0.00336927223719677
"призвали" 0 0.0083268106649791 0 0
"приказать" 0 0 0.0024548311076198 0.00673854447439353
"приказчика" 0.00376860749952892 0 0 0.00673854447439353
"пример" 0 0.00166536213299582 0.00490966221523959 0.00336927223719677
"примеру" 0.00753721499905785 0 0.00490966221523959 0.00168463611859838
"приметив" 0.0188430374976446 0 0 0
"принимает" 0 0.00666144853198328 0.0024548311076198 0
"принуждена" 0.00376860749952892 0 0 0.00673854447439353
"принялась" 0 0 0 0.00842318059299191
"приписать" 0.00376860749952892 0 0.0024548311076198 0.00505390835579515
"прислал" 0 0.00333072426599164 0.00490966221523959 0.00168463611859838
"прислала" 0 0.00166536213299582 0.00736449332285939 0.00168463611859838
"прислушивается" 0 0.0083268106649791 0 0
"приступил" 0 0 0.0024548311076198 0.00673854447439353
"приступить" 0 0 0.00490966221523959 0.00505390835579515
"присутствия" 0.00376860749952892 0 0.00736449332285939 0.00168463611859838
"приход" 0.00376860749952892 0.00166536213299582 0.00490966221523959 0.00168463611859838
"приходят" 0.00376860749952892 0.00499608639898746 0 0.00168463611859838
"причиною" 0.00376860749952892 0.00166536213299582 0.00736449332285939 0
"приют" 0 0.00666144853198328 0 0.00168463611859838
"пробравшись" 0.00753721499905785 0.00499608639898746 0 0
"пробыл" 0.0113058224985868 0 0.00490966221523959 0
"провести" 0.00376860749952892 0.00166536213299582 0.00736449332285939 0
"провожали" 0 0.00499608639898746 0 0.00336927223719677
"проговорила" 0 0.00666144853198328 0.0024548311076198 0
"продавец" 0 0 0 0.00842318059299191
"продолжалось" 0 0 0.00490966221523959 0.00505390835579515
"проезжая" 0 0.00333072426599164 0.0024548311076198 0.00336927223719677
"прожил" 0.0113058224985868 0 0.0024548311076198 0.00168463611859838
"прожить" 0 0 0.012274155538099 0
"произнести" 0.0113058224985868 0.00166536213299582 0 0.00168463611859838
"происшествии" 0 0 0.0024548311076198 0.00673854447439353
"проклинал" 0 0.00166536213299582 0.00981932443047918 0
"пронской" 0 0 0.012274155538099 0
"пропала" 0.00376860749952892 0 0 0.00673854447439353
"проскакали" 0 0.0083268106649791 0 0
"простите" 0.0113058224985868 0 0 0.00336927223719677
"проститься" 0 0.00166536213299582 0.00490966221523959 0.00336927223719677
"простой" 0 0.00333072426599164 0 0.00505390835579515
"простыл" 0 0.00499608639898746 0.0024548311076198 0.00168463611859838
"противиться" 0 0 0.0024548311076198 0.00673854447439353
"противном" 0.0113058224985868 0 0 0.00336927223719677
"прохожих" 0.0113058224985868 0.00333072426599164 0 0
"прошли" 0.0113058224985868 0.00166536213299582 0.0024548311076198 0
"пустая" 0.0150744299981157 0 0 0.00168463611859838
"пустой" 0.00753721499905785 0 0.0024548311076198 0.00336927223719677
"путешественников" 0 0 0 0.00842318059299191
"пьяного" 0 0.00166536213299582 0.00981932443047918 0
"радостью" 0.00753721499905785 0.00499608639898746 0 0
"радушина" 0 0 0.012274155538099 0
"разговаривали" 0 0 0.0024548311076198 0.00673854447439353
"разом" 0.00753721499905785 0 0.00736449332285939 0
"распоряжение" 0 0.00333072426599164 0.00490966221523959 0.00168463611859838
"рассвета" 0.00753721499905785 0.00166536213299582 0 0.00336927223719677
"рассказывала" 0 0.00166536213299582 0.00490966221523959 0.00336927223719677
"расстроить" 0 0 0.00490966221523959 0.00505390835579515
"рати" 0 0.0083268106649791 0 0
"ребенок" 0.00376860749952892 0.00333072426599164 0.00490966221523959 0
"решения" 0 0 0 0.00842318059299191
"решительное" 0.00376860749952892 0 0.00490966221523959 0.00336927223719677
"рога" 0.00376860749952892 0.00666144853198328 0 0
"родилась" 0.00376860749952892 0 0.0024548311076198 0.00505390835579515
"родину" 0.00376860749952892 0.00666144853198328 0 0
"родного" 0.00376860749952892 0.00666144853198328 0 0
"родом" 0.00376860749952892 0.00333072426599164 0 0.00336927223719677
"рождения" 0 0.00333072426599164 0.00736449332285939 0
"рожок" 0 0.0083268106649791 0 0
"рон" 0 0.0083268106649791 0 0
"роны" 0 0.0083268106649791 0 0
"рост" 0.0150744299981157 0.00166536213299582 0 0
"ростом" 0.00753721499905785 0.00333072426599164 0 0.00168463611859838
"рубля" 0.0188430374976446 0 0 0
"рукам" 0.0113058224985868 0.00166536213299582 0.0024548311076198 0
"рыбаря" 0 0.0083268106649791 0 0
"ряд" 0.00753721499905785 0.00333072426599164 0 0.00168463611859838
"рядом" 0.0113058224985868 0 0 0.00336927223719677
"садиться" 0 0.00499608639898746 0.00490966221523959 0
"самоцветными" 0 0.0083268106649791 0 0
"самою" 0.00376860749952892 0.00166536213299582 0.00490966221523959 0.00168463611859838
"самых" 0.00753721499905785 0 0.00490966221523959 0.00168463611859838
"сбыславича" 0 0.0083268106649791 0 0
"светланина" 0 0 0.012274155538099 0
"светлого" 0.00376860749952892 0.00666144853198328 0 0
"светлых" 0 0.00499608639898746 0 0.00336927223719677
"свидетелем" 0.00376860749952892 0.00499608639898746 0 0.00168463611859838
"свитка" 0.0188430374976446 0 0 0
"священную" 0.00376860749952892 0 0.00736449332285939 0.00168463611859838
"сделается" 0.00376860749952892 0 0.0024548311076198 0.00505390835579515
"сделана" 0 0.00166536213299582 0.00736449332285939 0.00168463611859838
"седло" 0 0.0083268106649791 0 0
"секунд" 0 0 0 0.00842318059299191
"сельский" 0 0.0083268106649791 0 0
"селян" 0 0.0083268106649791 0 0
"семействе" 0.00376860749952892 0 0.00981932443047918 0
"серебра" 0 0.0083268106649791 0 0
"серебряный" 0 0.0083268106649791 0 0
"сестрами" 0 0 0.00981932443047918 0.00168463611859838
"сидите" 0 0.00333072426599164 0 0.00505390835579515
"силе" 0.00376860749952892 0.00333072426599164 0.0024548311076198 0.00168463611859838
"силыча" 0.0188430374976446 0 0 0
"сильное" 0.00753721499905785 0 0.0024548311076198 0.00336927223719677
"сильных" 0.00376860749952892 0.00666144853198328 0 0
"синим" 0 0.00666144853198328 0 0.00168463611859838
"сирота" 0.0113058224985868 0 0 0.00336927223719677
"сию" 0.00376860749952892 0.00166536213299582 0.0024548311076198 0.00336927223719677
"скажете" 0.00376860749952892 0.00166536213299582 0.0024548311076198 0.00336927223719677
"скажите" 0 0.00166536213299582 0.00490966221523959 0.00336927223719677
"сказание" 0 0.0083268106649791 0 0
"скалы" 0 0.0083268106649791 0 0
"скрывала" 0.00376860749952892 0.00333072426599164 0.0024548311076198 0.00168463611859838
"славян" 0 0.0083268106649791 0 0
"сладкого" 0 0.0083268106649791 0 0
"следовать" 0.00753721499905785 0 0 0.00505390835579515
"следствием" 0 0.00166536213299582 0.00981932443047918 0
"следствия" 0 0.00166536213299582 0.00981932443047918 0
"слугами" 0 0.00166536213299582 0.00490966221523959 0.00336927223719677
"службы" 0 0.00333072426599164 0.0024548311076198 0.00336927223719677
"случившееся" 0 0.00166536213299582 0.00490966221523959 0.00336927223719677
"слыхали" 0 0.00499608639898746 0 0.00336927223719677
"смерды" 0 0.0083268106649791 0 0
"смертоубийца" 0 0 0.012274155538099 0
"смеха" 0.00376860749952892 0.00166536213299582 0.0024548311076198 0.00336927223719677
"смею" 0 0.00166536213299582 0.00490966221523959 0.00336927223719677
"смиренно" 0 0.00666144853198328 0 0.00168463611859838
"смольный" 0 0 0 0.00842318059299191
"собирался" 0 0.00333072426599164 0.00736449332285939 0
"собравшись" 0.00753721499905785 0 0.0024548311076198 0.00336927223719677
"собралась" 0 0.00666144853198328 0 0.00168463611859838
"собрания" 0 0 0.0024548311076198 0.00673854447439353
"собрать" 0 0.00499608639898746 0.00490966221523959 0
"совершенное" 0 0 0.00736449332285939 0.00336927223719677
"совершенный" 0.00753721499905785 0 0.00736449332285939 0
"совершил" 0.00376860749952892 0.00166536213299582 0.00736449332285939 0
"совестно" 0 0 0.00981932443047918 0.00168463611859838
"советами" 0.00376860749952892 0.00333072426599164 0.00490966221523959 0
"совете" 0 0.00333072426599164 0.00490966221523959 0.00168463611859838
"совещание" 0.00376860749952892 0.00166536213299582 0.0024548311076198 0.00336927223719677
"согласие" 0.00376860749952892 0 0 0.00673854447439353
"соединенных" 0.00376860749952892 0.00499608639898746 0 0.00168463611859838
"сомневалась" 0 0 0 0.00842318059299191
"сопровождаемый" 0.00376860749952892 0.00499608639898746 0 0.00168463611859838
"сопротивления" 0 0 0.0024548311076198 0.00673854447439353
"сорок" 0.00376860749952892 0.00333072426599164 0.00490966221523959 0
"сорока" 0 0.00333072426599164 0.00490966221523959 0.00168463611859838
"соскочил" 0 0.00666144853198328 0 0.00168463611859838
"софронычем" 0 0 0 0.00842318059299191
"справиться" 0 0 0.00490966221523959 0.00505390835579515
"спрятал" 0.00753721499905785 0.00166536213299582 0.0024548311076198 0.00168463611859838
"спустились" 0.00376860749952892 0.00666144853198328 0 0
"ссориться" 0.00376860749952892 0 0.0024548311076198 0.00505390835579515
"старого" 0 0.00666144853198328 0.0024548311076198 0
"старому" 0.00376860749952892 0.00166536213299582 0.00736449332285939 0
"столику" 0.0150744299981157 0 0 0.00168463611859838
"стопу" 0 0.0083268106649791 0 0
"сторожа" 0 0.00499608639898746 0 0.00336927223719677
"странным" 0 0 0 0.00842318059299191
"страны" 0.00376860749952892 0.00666144853198328 0 0
"страстей" 0.00753721499905785 0.00166536213299582 0.00490966221523959 0
"струны" 0 0.0083268106649791 0 0
"струя" 0 0.0083268106649791 0 0
"стукнуть" 0.0113058224985868 0.00333072426599164 0 0
"стул" 0.00376860749952892 0.00333072426599164 0.0024548311076198 0.00168463611859838
"стыда" 0.0113058224985868 0 0 0.00336927223719677
"суженый" 0 0.0083268106649791 0 0
"сумму" 0.00376860749952892 0 0.00490966221523959 0.00336927223719677
"сундукову" 0 0 0.012274155538099 0
"существо" 0 0.00499608639898746 0.0024548311076198 0.00168463611859838
"сцены" 0.00376860749952892 0 0.00490966221523959 0.00336927223719677
"счастливой" 0 0.00333072426599164 0.0024548311076198 0.00336927223719677
"считаю" 0.00376860749952892 0 0 0.00673854447439353
"тайну" 0.00376860749952892 0.00333072426599164 0 0.00336927223719677
"такова" 0 0 0 0.00842318059299191
"татарская" 0 0.0083268106649791 0 0
"твоею" 0 0.00666144853198328 0.0024548311076198 0
"телеги" 0 0 0.0024548311076198 0.00673854447439353
"телегу" 0 0 0.00490966221523959 0.00505390835579515
"темнее" 0 0.00166536213299582 0 0.00673854447439353
"темницу" 0 0.0083268106649791 0 0
"темной" 0 0.00499608639898746 0 0.00336927223719677
"темном" 0.00376860749952892 0.00333072426599164 0 0.00336927223719677
"темных" 0.00376860749952892 0.00166536213299582 0.0024548311076198 0.00336927223719677
"теперешнего" 0 0 0.0024548311076198 0.00673854447439353
"терпеть" 0.00753721499905785 0.00166536213299582 0.0024548311076198 0.00168463611859838
"тетки" 0 0 0.0024548311076198 0.00673854447439353
"тишина" 0 0.00499608639898746 0 0.00336927223719677
"тоном" 0 0.00166536213299582 0.00736449332285939 0.00168463611859838
"торг" 0 0.00666144853198328 0 0.00168463611859838
"торопится" 0 0.0083268106649791 0 0
"тоска" 0 0.00666144853198328 0.0024548311076198 0
"травою" 0 0.0083268106649791 0 0
"требовала" 0.00376860749952892 0 0.00736449332285939 0.00168463611859838
"требует" 0.00376860749952892 0.00333072426599164 0.0024548311076198 0.00168463611859838
"третье" 0.00376860749952892 0.00666144853198328 0 0
"тридцать" 0.00753721499905785 0.00499608639898746 0 0
"трофимовну" 0 0 0 0.00842318059299191
"трофимовны" 0 0 0 0.00842318059299191
"трубы" 0.00376860749952892 0.00666144853198328 0 0
"туз" 0.0188430374976446 0 0 0
"тучи" 0 0.00499608639898746 0 0.00336927223719677
"ть" 0 0.00166536213299582 0.00981932443047918 0
"тюрьму" 0 0.00166536213299582 0.00981932443047918 0
"тяжко" 0.00753721499905785 0 0.0024548311076198 0.00336927223719677
"убил" 0 0.00166536213299582 0.00736449332285939 0.00168463611859838
"убью" 0.00376860749952892 0.00499608639898746 0.0024548311076198 0
"уважения" 0 0 0.0024548311076198 0.00673854447439353
"уверены" 0 0 0.0024548311076198 0.00673854447439353
"угодить" 0 0.00166536213299582 0.00981932443047918 0
"удивленный" 0.0113058224985868 0.00333072426599164 0 0
"удивляюсь" 0 0 0.00736449332285939 0.00336927223719677
"удушьевым" 0 0 0.012274155538099 0
"уехали" 0 0 0 0.00842318059299191
"ужасном" 0 0 0.00981932443047918 0.00168463611859838
"укажет" 0 0.00666144853198328 0 0.00168463611859838
"укладываться" 0 0 0.00736449332285939 0.00336927223719677
"украшение" 0 0.00499608639898746 0.00490966221523959 0
"умеет" 0.00376860749952892 0.00333072426599164 0.00490966221523959 0
"умиления" 0.00376860749952892 0.00166536213299582 0.00490966221523959 0.00168463611859838
"умный" 0 0 0.00490966221523959 0.00505390835579515
"уныние" 0.00376860749952892 0 0.00490966221523959 0.00336927223719677
"упав" 0.00376860749952892 0.00333072426599164 0 0.00336927223719677
"уплатить" 0.0113058224985868 0 0.00490966221523959 0
"упокой" 0 0.00666144853198328 0.0024548311076198 0
"упоминал" 0 0 0.0024548311076198 0.00673854447439353
"управление" 0 0 0.012274155538099 0
"урок" 0 0.00166536213299582 0.00736449332285939 0.00168463611859838
"усталость" 0 0.00333072426599164 0 0.00505390835579515
"устроен" 0.0113058224985868 0 0.0024548311076198 0.00168463611859838
"уступить" 0.00376860749952892 0.00166536213299582 0 0.00505390835579515
"утверждал" 0.00376860749952892 0.00166536213299582 0 0.00505390835579515
"утверждали" 0 0 0.00490966221523959 0.00505390835579515
"утру" 0 0.00333072426599164 0.00490966221523959 0.00168463611859838
"участи" 0.00376860749952892 0 0 0.00673854447439353
"учить" 0.0113058224985868 0 0 0.00336927223719677
"федоровича" 0 0 0.00981932443047918 0.00168463611859838
"фомича" 0.0188430374976446 0 0 0
"фрак" 0 0 0.00736449332285939 0.00336927223719677
"халат" 0.00753721499905785 0.00499608639898746 0 0
"хозяином" 0.00753721499905785 0.00333072426599164 0.0024548311076198 0
"хозяйству" 0 0 0.0024548311076198 0.00673854447439353
"холодно" 0 0.00166536213299582 0.00490966221523959 0.00336927223719677
"хорошим" 0 0 0.012274155538099 0
"хочется" 0 0 0.00490966221523959 0.00505390835579515
"храброму" 0 0.0083268106649791 0 0
"храбрый" 0 0.0083268106649791 0 0
"храпит" 0 0.0083268106649791 0 0
"худо" 0 0 0.00981932443047918 0.00168463611859838
"худой" 0 0.00499608639898746 0.00490966221523959 0
"царское" 0.0150744299981157 0 0 0.00168463611859838
"царскому" 0.0113058224985868 0.00333072426599164 0 0
"царств" 0 0.0083268106649791 0 0
"царствовало" 0 0 0 0.00842318059299191
"царствование" 0.0188430374976446 0 0 0
"цветов" 0 0.00499608639898746 0 0.00336927223719677
"целовал" 0 0 0.00981932443047918 0.00168463611859838
"целое" 0.00376860749952892 0.00333072426599164 0.0024548311076198 0.00168463611859838
"целом" 0 0 0 0.00842318059299191
"целью" 0 0.00333072426599164 0.00490966221523959 0.00168463611859838
"цыганский" 0 0 0 0.00842318059299191
"цыганы" 0 0 0 0.00842318059299191
"чадо" 0 0.0083268106649791 0 0
"частного" 0 0.0083268106649791 0 0
"чей" 0.00376860749952892 0.00499608639898746 0.0024548311076198 0
"чело" 0 0.0083268106649791 0 0
"черным" 0.00376860749952892 0.00666144853198328 0 0
"честному" 0 0.00499608639898746 0.00490966221523959 0
"четыреста" 0.00376860749952892 0 0.0024548311076198 0.00505390835579515
"чиновник" 0.00376860749952892 0 0.00736449332285939 0.00168463611859838
"числа" 0.00753721499905785 0.00166536213299582 0 0.00336927223719677
"число" 0.00376860749952892 0 0.0024548311076198 0.00505390835579515
"чистому" 0.00376860749952892 0.00666144853198328 0 0
"чихнул" 0 0.0083268106649791 0 0
"чтение" 0 0.00666144853198328 0 0.00168463611859838
"чувствовать" 0.00376860749952892 0.00166536213299582 0 0.00505390835579515
"чур" 0.00753721499905785 0.00333072426599164 0 0.00168463611859838
"шаг" 0.00376860749952892 0.00166536213299582 0.0024548311076198 0.00336927223719677
"шаги" 0.00376860749952892 0.00333072426599164 0 0.00336927223719677
"шагом" 0.00753721499905785 0 0 0.00505390835579515
"шампанское" 0 0 0.012274155538099 0
"шведски" 0.0188430374976446 0 0 0
"шелковая" 0.00753721499905785 0.00499608639898746 0 0
"шелковой" 0 0.0083268106649791 0 0
"шепот" 0.00376860749952892 0.00166536213299582 0.0024548311076198 0.00336927223719677
"шест" 0.0113058224985868 0.00166536213299582 0.0024548311076198 0
"шинкаря" 0 0 0 0.00842318059299191
"широкий" 0 0.00666144853198328 0 0.00168463611859838
"широким" 0.00376860749952892 0.00499608639898746 0 0.00168463611859838
"шло" 0 0 0.00981932443047918 0.00168463611859838
"штуку" 0 0 0.012274155538099 0
"шубу" 0.0113058224985868 0.00333072426599164 0 0
"щеки" 0.00753721499905785 0 0.00490966221523959 0.00168463611859838
"юноша" 0.00376860749952892 0.00666144853198328 0 0
"явление" 0 0.00166536213299582 0 0.00673854447439353
"ядро" 0.00376860749952892 0.00666144853198328 0 0
"ямщика" 0 0.00166536213299582 0 0.00673854447439353
"яснельды" 0 0.0083268106649791 0 0
"et" 0 0 0.012274155538099 0
"m" 0 0.00333072426599164 0.0024548311076198 0.00336927223719677
"vi" 0 0.00499608639898746 0.0024548311076198 0.00168463611859838
"vii" 0 0.00499608639898746 0.0024548311076198 0.00168463611859838
"viii" 0 0.00499608639898746 0.0024548311076198 0.00168463611859838
"x" 0 0.00499608639898746 0.0024548311076198 0.00168463611859838
"xiv" 0 0.00666144853198328 0 0.00168463611859838
"аглаевых" 0 0 0.00981932443047918 0
"аз" 0 0.00666144853198328 0 0
"аккушер" 0 0 0.00981932443047918 0
"алексею" 0 0 0.00981932443047918 0
"ангела" 0 0 0.00736449332285939 0.00168463611859838
"андрей" 0 0.00666144853198328 0 0
"араи" 0 0.00666144853198328 0 0
"аркучь" 0 0.00666144853198328 0 0
"архитектора" 0 0 0 0.00673854447439353
"архитектуры" 0.00376860749952892 0 0 0.00505390835579515
"ассигнаций" 0 0 0.00981932443047918 0
"афонских" 0 0.00666144853198328 0 0
"баранов" 0 0.00666144853198328 0 0
"барина" 0 0.00166536213299582 0.00736449332285939 0
"баричем" 0 0.00666144853198328 0 0
"барыни" 0 0 0.00490966221523959 0.00336927223719677
"барышням" 0 0 0 0.00673854447439353
"барышнями" 0 0 0 0.00673854447439353
"бедные" 0 0 0.00490966221523959 0.00336927223719677
"бедных" 0 0 0.00736449332285939 0.00168463611859838
"бежал" 0 0.00499608639898746 0 0.00168463611859838
"бей" 0.00376860749952892 0.00333072426599164 0.0024548311076198 0
"бел" 0 0.00666144853198328 0 0
"белогородского" 0 0.00666144853198328 0 0
"белую" 0 0.00666144853198328 0 0
"белыми" 0.00376860749952892 0.00333072426599164 0 0.00168463611859838
"берегов" 0.00376860749952892 0.00499608639898746 0 0
"бережет" 0.00376860749952892 0.00499608639898746 0 0
"беречь" 0 0.00166536213299582 0.00490966221523959 0.00168463611859838
"беседки" 0 0 0.0024548311076198 0.00505390835579515
"беспамятства" 0 0.00666144853198328 0 0
"беспокойства" 0.00376860749952892 0 0 0.00505390835579515
"беспокойся" 0.00753721499905785 0 0.00490966221523959 0
"бессмертного" 0 0.00666144853198328 0 0
"бесценок" 0 0 0.00736449332285939 0.00168463611859838
"библиотеки" 0.0113058224985868 0 0.0024548311076198 0
"бил" 0 0.00166536213299582 0.00736449332285939 0
"бисером" 0 0.00666144853198328 0 0
"битвы" 0 0.00666144853198328 0 0
"блага" 0.0113058224985868 0 0.0024548311076198 0
"благодаря" 0 0 0.00736449332285939 0.00168463611859838
"благодетелю" 0.0150744299981157 0 0 0
"благодеяния" 0 0 0.00490966221523959 0.00336927223719677
"благонамеренность" 0 0 0.00981932443047918 0
"благополучию" 0 0 0.00736449332285939 0.00168463611859838
"благослови" 0.00753721499905785 0.00333072426599164 0 0
"благословила" 0 0 0.00490966221523959 0.00336927223719677
"благословили" 0 0.00666144853198328 0 0
"бледна" 0 0 0.00490966221523959 0.00336927223719677
"бледная" 0 0.00333072426599164 0.00490966221523959 0
"бледный" 0 0.00166536213299582 0.00490966221523959 0.00168463611859838
"близко" 0.00376860749952892 0.00333072426599164 0 0.00168463611859838
"близком" 0 0 0.0024548311076198 0.00505390835579515
"близкую" 0 0.00499608639898746 0 0.00168463611859838
"блюдо" 0.00376860749952892 0.00499608639898746 0 0
"богатырская" 0 0.00666144853198328 0 0
"богатырский" 0 0.00666144853198328 0 0
"богатырской" 0 0.00666144853198328 0 0
"божиим" 0 0.00333072426599164 0.00490966221523959 0
"божию" 0 0.00166536213299582 0.00736449332285939 0
"божьего" 0 0.00499608639898746 0 0.00168463611859838
"боишься" 0 0.00166536213299582 0.0024548311076198 0.00336927223719677
"бой" 0 0.00666144853198328 0 0
"бока" 0.00376860749952892 0.00166536213299582 0.0024548311076198 0.00168463611859838
"боком" 0 0.00499608639898746 0 0.00168463611859838
"больно" 0 0 0.0024548311076198 0.00505390835579515
"большими" 0 0.00166536213299582 0.0024548311076198 0.00336927223719677
"болью" 0 0 0.00981932443047918 0
"бориса" 0 0.00666144853198328 0 0
"бородою" 0.00753721499905785 0 0 0.00336927223719677
"боялись" 0.00376860749952892 0 0.00736449332285939 0
"бояр" 0 0.00666144853198328 0 0
"боярские" 0 0.00666144853198328 0 0
"боярском" 0.00376860749952892 0.00499608639898746 0 0
