"karamzin_igr1" "karamzin_igr2" "kareev_istorica" "kareev_obschiy" "klyuchevky_boyarskaya1" "klyuchevky_boyarskaya2" "klyuchevky_skazania" "platonov_godunov" "platonov_grozny" "rozhkov_trud" "solovyev_rossii1" "solovyev_rossii2"
"и" 4.83252754910928 4.3522383487152 4.25381550259379 4.87922997760155 3.81669220009325 4.19739753450637 3.97221901351507 5.40081799591002 5.6134103735555 4.99789473684211 3.72717707495203 4.12019484423504
"в" 3.85034191384642 3.45421820549152 3.89294038042252 4.50390459470912 4.38952907480184 4.17500790222316 4.04297100612221 3.58282208588957 3.59446385380274 3.86315789473684 2.94732933094015 2.88830811891879
"не" 1.20867633607736 1.41883353119136 1.47206976919029 1.09570797263757 1.32818224205688 1.58702981772205 1.03673327942705 1.57668711656442 1.23958613276001 1.21473684210526 1.28736770440057 1.67114513932344
"на" 1.02574153926565 1.05694481675794 0.923238854221487 1.33583550255262 1.27356291214281 1.16821199030661 1.54932424627469 1.50511247443763 1.50833109379199 1.20210526315789 1.66367518722535 1.89077434632704
"с" 1.36112200008711 1.57967295982844 0.930757085933388 1.07552918861109 1.50536201958303 1.36049942050363 1.23599399330022 1.0920245398773 1.3269282450954 0.785263157894737 1.41734232840255 1.86623477012552
"что" 0.825384380852825 0.800367632979742 1.04052326892715 0.700203805718667 0.694065143542263 0.774417869560636 0.948654268222248 1.0838445807771 0.866702499328138 0.861052631578947 1.17719873738937 1.22207089483565
"к" 0.566226752036239 0.760157775820473 0.77137057364108 0.680025021692193 0.594151735162859 0.604520071646823 0.628104424165415 0.738241308793456 0.823031443160441 0.673684210526316 0.872686761156155 1.20121225506436
"по" 0.381114160024391 0.216367326618925 0.448086610029321 0.375325382892427 0.987144474788517 1.16294384153408 1.40493242462747 0.791411042944785 0.702096210696049 0.416842105263158 0.839264714984217 0.580360977165924
"его" 0.640271788840977 1.01290544939302 0.293211036764153 0.330932058034183 0.579497768600546 0.636128964281951 0.428843710292249 0.948875255623722 0.980919107766729 0.322105263157895 0.563223370675249 1.03311615808395
"но" 0.775295091249619 0.786964347259985 0.487181414931208 0.490344451843332 0.519549723572904 0.524180802865873 0.490932193600554 0.458077709611452 0.497178177909164 0.515789473684211 0.620164634523736 0.74232218009595
"из" 0.392003136025088 0.38295102056447 0.452597549056462 0.504469600661864 0.76333844001865 0.695395637972816 0.818701628739748 0.449897750511247 0.446788497715668 0.311578947368421 0.65234882713375 0.642936896479798
"как" 0.274402195217562 0.277639489909241 0.932260732275769 0.696168048913372 0.488909611669886 0.600568960067432 0.402853182395749 0.415132924335378 0.382961569470572 0.507368421052632 0.610261806028347 0.560729316204709
"а" 0.302713532819374 0.402098571592693 0.521765280805954 0.347075085255363 0.472923466329181 0.615056369191866 0.288783643294444 0.607361963190184 0.500537489922064 0.484210526315789 0.362691093643622 0.741095201285874
"от" 0.588004704037632 0.434649408340673 0.446582963686941 0.482272938232742 0.427629387863851 0.363502265303972 0.570347695506527 0.525562372188139 0.537489922063961 0.301052631578947 0.555796249303707 0.501834333321064
"или" 0.609782656039026 0.442308428751963 1.12322381775806 0.264342070746817 0.587490841270899 0.541302286376567 0.477936929652304 0.269938650306748 0.255307712980382 0.517894736842105 0.311939097604753 0.163188181740101
"о" 0.487826124831221 0.266150959292307 0.666115329674461 0.185644813043566 0.39432491840405 0.619007480771257 0.440395056024027 0.541922290388548 0.513974737973663 0.381052631578947 0.523612056693693 0.230672016294279
"их" 0.779650681649898 0.526557653276146 0.321780317269378 0.292592368383881 0.420968493971891 0.372721525655885 0.385526163798082 0.423312883435583 0.500537489922064 0.334736842105263 0.425821625301727 0.403676028514988
"то" 0.256979833616447 0.329337877685444 0.568378317419743 0.373307504489779 0.275761007127156 0.233115583184069 0.216587732470833 0.441717791411043 0.366165009406074 0.374736842105263 0.589218295475645 0.603673574557367
"было" 0.113245350407248 0.0689311837016046 0.357867829486505 0.46007627580362 0.319722906814094 0.445158571278053 0.460609911054638 0.40081799591002 0.433351249664069 0.381052631578947 0.514947081760228 0.364412706592557
"он" 0.333202665621325 0.547619959407192 0.16840839034659 0.12712633936679 0.267767934456804 0.305552628806238 0.252685687882638 0.609406952965235 0.574442354205859 0.170526315789474 0.408491675434796 0.650298769340254
"за" 0.289646761618537 0.60314785738904 0.175926622058492 0.211877232277983 0.275761007127156 0.288431145295543 0.420180200993416 0.464212678936605 0.41655468959957 0.202105263157895 0.363928947205546 0.510423184991595
"для" 0.4921817152315 0.294872285834642 0.482670475904067 0.322860544423593 0.222473855991474 0.268675587398588 0.329213353355666 0.357873210633947 0.41655468959957 0.353684210526316 0.378783189948629 0.23312597391443
"же" 0.172045820811011 0.212537816413281 0.408991805127434 0.367253869281837 0.309065476586958 0.258139289853545 0.330657271572138 0.443762781186094 0.429991937651169 0.418947368421053 0.339171875967073 0.285886062747696
"у" 0.119778736007666 0.18764600007659 0.242087061123224 0.264342070746817 0.207819889429161 0.229164471604678 0.284451888645027 0.319018404907975 0.218355280838484 0.197894736842105 0.484000742712137 0.418399774235899
"были" 0.21124613441352 0.101482020449585 0.123299000075182 0.32487842282624 0.378338773063345 0.295016331261195 0.355203881252166 0.302658486707566 0.298978769148078 0.296842105263158 0.370118215015164 0.195089630802076
"это" 0.00217779520013938 0 0.399969927073152 0.308735395605061 0.307733297808566 0.308186703192498 0.242578260367333 0.190184049079755 0.292260145122279 0.44 0.344123290214768 0.322695427049975
"был" 0.169868025610872 0.225941102133037 0.0917224268851966 0.201787840264746 0.279757543462333 0.246285955115372 0.174714104193139 0.388548057259714 0.349368449341575 0.214736842105263 0.381258897072476 0.463797990208709
"только" 0.20906833921338 0.153180408225788 0.404480866100293 0.403575680529491 0.250449610337707 0.295016331261195 0.219475568903777 0.265848670756646 0.251948400967482 0.338947368421053 0.220337934022405 0.202451503662532
"они" 0.450803606428851 0.268065714395129 0.0932260732275769 0.175555421030329 0.253113967894491 0.243651880729112 0.31910592584036 0.261758691206544 0.27210427304488 0.157894736842105 0.29708485486167 0.294474914418228
"при" 0.0914673984058539 0.0478688775705587 0.180437561085633 0.141251488185322 0.367681342836209 0.342429670213887 0.337876862654499 0.212678936605317 0.167965600644988 0.307368421052632 0.357739679395927 0.225764101053975
"все" 0.178579206411429 0.145521387814499 0.282685512367491 0.399539923724196 0.205155531872377 0.226530397218417 0.160274922028416 0.265848670756646 0.302338081160978 0.275789473684211 0.220337934022405 0.307971681329063
"так" 0.213423929613659 0.0861639796270057 0.303736561160815 0.272413584357407 0.255778325451276 0.263407438626067 0.197816795656694 0.231083844580777 0.204918032786885 0.235789473684211 0.309463390480906 0.257665550115949
"до" 0.274402195217562 0.13020334699192 0.136831817156605 0.320842666020946 0.183840671418104 0.131703719313033 0.386970082014555 0.179959100204499 0.211636656812685 0.2 0.21167295908894 0.169323075790481
"мы" 0.165512435210593 0.135947612300387 0.338320427035561 0.294610246786529 0.106574302271365 0.0579496364977347 0.11695737553425 0.0552147239263804 0.0537489922063961 0.28 0.323079779662066 0.350915939681722
"во" 0.150267868809617 0.0899934898326504 0.218028719645139 0.205823597070041 0.153200559515087 0.19623854177642 0.272900542913249 0.288343558282209 0.258667024993281 0.246315789473684 0.186915887850467 0.169323075790481
"когда" 0.17422361601115 0.153180408225788 0.245094353807984 0.163448150614444 0.190501565310065 0.233115583184069 0.154499249162527 0.167689161554192 0.164606288632088 0.103157894736842 0.190629448536238 0.283432105127544
"между" 0.167690230410732 0.109141040860874 0.27817457334035 0.316806909215651 0.159861453407047 0.110631124222948 0.184821531708444 0.0552147239263804 0.0873421123353937 0.155789473684211 0.299560561985517 0.236806910344658
"уже" 0.28093558081798 0.172327959254011 0.120291707390422 0.314789030813003 0.175847598747752 0.136971868085555 0.0967425205036387 0.149284253578732 0.0806234883095942 0.24 0.188153741412391 0.230672016294279
"ему" 0.222135110414217 0.486347796116877 0.0481166829561687 0.022196662429122 0.111903017384933 0.135654830892424 0.0967425205036387 0.171779141104294 0.265385649019081 0.0442105263157895 0.185678034288544 0.391406240414228
"еще" 0.309246918419792 0.214452571516103 0.204495902563717 0.209859353875335 0.242456537667355 0.142240016858076 0.0072195910823611 0.116564417177914 0.0940607363611932 0.258947368421053 0.174537352231231 0.158280266499798
"которые" 0.270046604817283 0.135947612300387 0.16690474400421 0.207841475472688 0.210484246985946 0.165946686334422 0.285895806861499 0.0879345603271984 0.13437248051599 0.109473684210526 0.185678034288544 0.098158304806076
"ни" 0.163334640010453 0.183816489870946 0.16540109766183 0.121072704158847 0.209152068207553 0.152776314403119 0.150167494513111 0.204498977505112 0.174684224670787 0.103157894736842 0.164634523735842 0.181592863891241
"князь" 0.187290387211987 0.608892122697507 0.00300729268476054 0 0.343702124825152 0.0447792645664314 0.0187709368141388 0.0736196319018405 0.147809728567589 0.0105263157894737 0.201770130593551 0.241714825584962
"бы" 0.102356374406551 0.0631869183931375 0.434553792947899 0.232056016304457 0.111903017384933 0.130386682119903 0.0981864387201109 0.224948875255624 0.188121472722386 0.113684210526316 0.113882527696973 0.132513711488203
"если" 0.0762228320048783 0.0861639796270057 0.172919329373731 0.0988760417297254 0.126556983947246 0.0921926035191234 0.167494513110777 0.153374233128834 0.0671862402579952 0.130526315789474 0.31070124404283 0.260119507736101
"время" 0.14155668800906 0.141691877608854 0.099240658597098 0.240127529915047 0.109238659828149 0.133020756506164 0.203592468522583 0.139059304703476 0.184762160709487 0.183157894736842 0.172061645107384 0.158280266499798
"г" 0.0588004704037632 0.111055795963696 0.231561536726562 0.0645721088847186 0.289082794911077 0.488620798651354 0.124176966616611 0.112474437627812 0.0940607363611932 0.155789473684211 0.00247570712384725 0.0269935338216709
"ее" 0.241735267215471 0.101482020449585 0.195474024509435 0.203805718667393 0.171851062412576 0.239700769149721 0.00577567286588888 0.141104294478528 0.194840096748186 0.132631578947368 0.17082379154546 0.0539870676433418
"более" 0.163334640010453 0.0938230000382951 0.251108939177505 0.383396896503017 0.121228268833677 0.0895585291328627 0.216587732470833 0.0633946830265849 0.104138672399892 0.178947368421053 0.106455406325432 0.049079152403038
"того" 0.119778736007666 0.0938230000382951 0.218028719645139 0.145287244990617 0.194498101645241 0.155410388789379 0.151611412729583 0.171779141104294 0.208277344799785 0.145263157894737 0.0742712137154175 0.0834345590851646
"была" 0.080578422405157 0.076590204112894 0.0796932561461544 0.219948745888573 0.126556983947246 0.179117058265725 0.158831003811944 0.212678936605317 0.198199408761086 0.157894736842105 0.174537352231231 0.0797536226549368
"князя" 0.108889760006969 0.336996898096733 0 0 0.471591287550789 0.059266673690865 0.0187709368141388 0.081799591002045 0.178043536683687 0.0231578947368421 0.164634523735842 0.174230991030785
"истории" 0.0827562176052964 0.0210623061310458 0.679648146755883 0.591238371975705 0.0426297209085459 0.0329259298282584 0.01299526394825 0.0102249488752556 0.0436710561676969 0.113684210526316 0.0779847744011883 0.00613489405037975
"них" 0.126312121608084 0.0899934898326504 0.0842041951732952 0.070625744092661 0.153200559515087 0.11853334738173 0.174714104193139 0.118609406952965 0.147809728567589 0.0989473684210526 0.181964473602773 0.165642139360253
"под" 0.10671196480683 0.0938230000382951 0.16389745131945 0.161430272211797 0.127889162725638 0.115899272995469 0.0909668476377498 0.114519427402863 0.167965600644988 0.141052631578947 0.153493841678529 0.115336008147139
"быть" 0.20906833921338 0.170413204151189 0.27667092699797 0.0867687713138406 0.0759341903683474 0.107997049836687 0.0433175464941666 0.0961145194274029 0.0705455522708949 0.105263157894737 0.14359101318314 0.126378817437823
"им" 0.215601724813799 0.179986979665301 0.0721750244342531 0.0786972577032508 0.113235196163325 0.11853334738173 0.128508721266027 0.128834355828221 0.104138672399892 0.0442105263157895 0.138639598935446 0.155826308879646
"своих" 0.154623459209896 0.147436142917321 0.0616495000375912 0.100893920132373 0.151868380736695 0.144874091244337 0.0693080743906665 0.171779141104294 0.164606288632088 0.0757894736842105 0.118833941944668 0.138648605538582
"т" 0.017422361601115 0.00191475510282235 0.44357567100218 0.226002381096515 0.102577765936189 0.113265198609209 0.0837472565553887 0.00613496932515337 0.013437248051599 0.313684210526316 0.0643683852200285 0.0453982159728102
"без" 0.128489916808223 0.128288591889097 0.0796932561461544 0.0726436224953084 0.114567374941717 0.256822252660415 0.109737784451889 0.110429447852761 0.0873421123353937 0.113684210526316 0.103979699201584 0.104293198856456
"этого" 0 0 0.099240658597098 0.147305123393264 0.197162459202025 0.171214835106943 0.134284394131916 0.081799591002045 0.104138672399892 0.138947368421053 0.149780280992759 0.117789965767291
"себе" 0.0740450368047389 0.0976525102439398 0.118788061048042 0.141251488185322 0.113235196163325 0.071120008429038 0.101074275153055 0.147239263803681 0.14445041655469 0.115789473684211 0.132450331125828 0.166869118170329
"даже" 0.0500892896032057 0.0287213265423352 0.16690474400421 0.149323001795912 0.17451541996936 0.172531872300074 0.160274922028416 0.130879345603272 0.131013168503091 0.162105263157895 0.049514142476945 0.0417172795425823
"своего" 0.115423145607387 0.201049285796347 0.099240658597098 0.0867687713138406 0.0972490508226204 0.0803392687809504 0.0664202379577221 0.0940695296523517 0.120935232464391 0.0568421052631579 0.115120381258897 0.244168783205114
"тогда" 0.148090073609478 0.210623061310458 0.0796932561461544 0.0665899872873661 0.105242123492973 0.111948161416078 0.046205382927111 0.0797546012269939 0.100779360386993 0.136842105263158 0.106455406325432 0.198770567232304
"также" 0.148090073609478 0.13020334699192 0.082700548830915 0.0827330145085457 0.0652767601412109 0.055315562111474 0.140060066997805 0.0368098159509202 0.0235151840902983 0.157894736842105 0.221575787584329 0.159507245309874
"тем" 0.0784006272050176 0.0555278979818481 0.187955792797534 0.141251488185322 0.0825950842603077 0.075071120008429 0.106849948018944 0.0858895705521472 0.114216608438592 0.141052631578947 0.101503992077737 0.152145372449418
"чтобы" 0.152445664009757 0.185731244973768 0.130817231787084 0.0605363520794237 0.0985812296010125 0.110631124222948 0.127064803049555 0.179959100204499 0.147809728567589 0.0778947368421053 0.0507519960388686 0.0380363431123545
"потому" 0.00217779520013938 0 0.0721750244342531 0.0645721088847186 0.0985812296010125 0.110631124222948 0.103962111586 0.0695296523517382 0.0571083042192959 0.130526315789474 0.189391594974315 0.218402228193519
"где" 0.237379676815192 0.153180408225788 0.0571385610104503 0.0988760417297254 0.0919203357090522 0.0605837108839954 0.132840475915444 0.0613496932515337 0.0873421123353937 0.0294736842105263 0.133688184687751 0.110428092906836
"здесь" 0.0326669280020907 0.0229770612338682 0.124802646417563 0.121072704158847 0.0972490508226204 0.0605837108839954 0.157387085595472 0.032719836400818 0.0335931201289976 0.126315789473684 0.177013059355078 0.152145372449418
"эти" 0 0 0.0917224268851966 0.0887866497164881 0.190501565310065 0.15936150036877 0.155943167379 0.0695296523517382 0.107497984412792 0.126315789473684 0.106455406325432 0.0539870676433418
"людей" 0.143734483209199 0.0670164285987822 0.0646567927223517 0.0403575680529491 0.126556983947246 0.19755557896955 0.108293866235416 0.14519427402863 0.164606288632088 0.0652631578947368 0.0804604815250356 0.0355823854922026
"который" 0.102356374406551 0.178072224562478 0.0541312683256898 0.0786972577032508 0.114567374941717 0.0803392687809504 0.0996303569365831 0.0593047034764826 0.0806234883095942 0.0315789473684211 0.108931113449279 0.153372351259494
"том" 0.0392003136025088 0.0402098571592693 0.215021426960379 0.1190548257562 0.103909944714581 0.138288905278685 0.0534249740094721 0.137014314928425 0.124294544477291 0.105263157894737 0.0631305316581049 0.0515331100231899
"всех" 0.0958229888061327 0.0861639796270057 0.106758890308999 0.0847508929111932 0.0679411176979951 0.130386682119903 0.0721959108236109 0.141104294478528 0.114216608438592 0.0821052631578947 0.0829361886488828 0.115336008147139
"можно" 0.0283113376018119 0.0038295102056447 0.156379219607548 0.0786972577032508 0.175847598747752 0.134337793699294 0.134284394131916 0.0756646216768916 0.107497984412792 0.0947368421052632 0.0767469208392647 0.0355823854922026
"после" 0.0392003136025088 0.0210623061310458 0.0390948049018871 0.0726436224953084 0.0519549723572903 0.0961437150985144 0.0750837472565554 0.124744376278119 0.117575920451492 0.0484210526315789 0.179488766478926 0.202451503662532
"бояр" 0.0261335424016725 0.0689311837016046 0 0 0.289082794911077 0.304235591613107 0.0389857918447499 0.0858895705521472 0.117575920451492 0.0126315789473684 0.0222813641146252 0.0625759193138734
"со" 0.0871118080055752 0.076590204112894 0.0781896098037742 0.10291179853502 0.0932525144874442 0.0935096407122537 0.079415501905972 0.141104294478528 0.184762160709487 0.0631578947368421 0.0581791174104103 0.10920111409676
"своей" 0.119778736007666 0.0842492245241834 0.0872114878580558 0.125108460964142 0.117231732498501 0.0856074175534717 0.0476493011435832 0.102249488752556 0.154528352593389 0.0568421052631579 0.0755090672773411 0.096931325996
"времени" 0.124134326407945 0.0899934898326504 0.106758890308999 0.0948402849244305 0.178511956304536 0.0856074175534717 0.0808594201224443 0.102249488752556 0.114216608438592 0.124210526315789 0.0445627282292505 0.0122697881007595
"которых" 0.0108889760006969 0.00574426530846705 0.160890158634689 0.131162096172085 0.163857989742223 0.113265198609209 0.148723576296639 0.032719836400818 0.0369524321418973 0.0736842105263158 0.0903633100204246 0.0417172795425823
"себя" 0.0892896032057145 0.103396775552407 0.0526276219833095 0.125108460964142 0.0586158662492507 0.0856074175534717 0.0765276654730276 0.143149284253579 0.147809728567589 0.0505263157894737 0.0977904313919663 0.100612262426228
"других" 0.0740450368047389 0.0459541224677364 0.172919329373731 0.0807151361058983 0.146539665623127 0.0777051943946897 0.109737784451889 0.0470347648261759 0.0604676162321956 0.0652631578947368 0.0940768707061955 0.0527600888332658
"него" 0.0348447232022301 0.0670164285987822 0.0481166829561687 0.0302681760397118 0.0692732964763871 0.121167421767991 0.0664202379577221 0.110429447852761 0.131013168503091 0.0378947368421053 0.128736770440057 0.169323075790481
"чем" 0.0152445664009757 0.0153180408225788 0.157882865949929 0.115019068950905 0.12256044761207 0.101411863871036 0.0635324015247776 0.0879345603271984 0.0772641762966944 0.132631578947368 0.0841740422108065 0.0613489405037975
"этом" 0 0 0.130817231787084 0.13519785297738 0.103909944714581 0.111948161416078 0.106849948018944 0.106339468302658 0.0873421123353937 0.0884210526315789 0.0816983350869592 0.0723917497944811
"вместе" 0.0936451936059933 0.114885306169341 0.0390948049018871 0.048429081663539 0.126556983947246 0.0895585291328627 0.0635324015247776 0.0552147239263804 0.0470303681805966 0.0526315789473684 0.108931113449279 0.141102563158734
"об" 0.0326669280020907 0.0172327959254011 0.159386512292309 0.0524648384688339 0.0679411176979951 0.134337793699294 0.092410765854222 0.098159509202454 0.0705455522708949 0.0610526315789474 0.103979699201584 0.0883424743254684
"города" 0.0740450368047389 0.107226285758052 0.0150364634238027 0.044393324858244 0.139878771731166 0.0223896322832157 0.151611412729583 0.0695296523517382 0.0638269282450954 0.0252631578947368 0.102741845639661 0.13619464791843
"этих" 0 0 0.0932260732275769 0.139233609782674 0.157197095850263 0.106680012643557 0.140060066997805 0.0531697341513292 0.0503896801934964 0.0884210526315789 0.069319799467723 0.049079152403038
"есть" 0.13937889280892 0.0919082449354728 0.190963085482295 0.0867687713138406 0.0333044694598015 0.035560004214519 0.0447614647106388 0.155419222903885 0.13773179252889 0.04 0.100266138515814 0.024539576201519
"другой" 0.045733699202927 0.0593574081874928 0.132320878129464 0.153358758601207 0.0865916205954839 0.0605837108839954 0.0823033383389165 0.0245398773006135 0.0470303681805966 0.0821052631578947 0.0779847744011883 0.107974135286684
"может" 0.121956531207805 0.0708459388044269 0.297721975791294 0.0645721088847186 0.0466262572437221 0.0421451901801707 0.0317662007623888 0.049079754601227 0.0268744961031981 0.103157894736842 0.0779847744011883 0.0527600888332658
"ли" 0.13937889280892 0.111055795963696 0.153371926922788 0.0565005952741288 0.0865916205954839 0.0816563059740807 0.0418736282776943 0.0552147239263804 0.0201558720773985 0.0652631578947368 0.0668440923438757 0.0858885167053165
"князей" 0.0566226752036239 0.139777122506031 0.00150364634238027 0.00201787840264746 0.218477319656298 0.0421451901801707 0.0216587732470833 0.0715746421267894 0.0335931201289976 0.0273684210526316 0.0977904313919663 0.171777033410633
"очень" 0 0 0.154875573265168 0.0908045281191355 0.0626124025844268 0.0539985249183437 0.140060066997805 0.0961145194274029 0.0806234883095942 0.0968421052631579 0.0965525778300427 0.073618728604557
"прежде" 0.0653338560041814 0.0306360816451576 0.0556349146680701 0.0504469600661864 0.101245587157797 0.0921926035191234 0.0779715836894998 0.0265848670756646 0.0201558720773985 0.132631578947368 0.106455406325432 0.131286732678127
"году" 0.098000784006272 0.111055795963696 0 0 0.0293079331246253 0.0460963017595617 0.0577567286588888 0.171779141104294 0.194840096748186 0.0105263157894737 0.0928390171442718 0.193862651992
"дела" 0.0261335424016725 0.0325508367479799 0.033080219532366 0.0201787840264746 0.143875308066342 0.341112633020757 0.0620884833083054 0.0797546012269939 0.0739048642837947 0.0147368421052632 0.0235192176765489 0.023312597391443
"свою" 0.0871118080055752 0.124459081683453 0.0556349146680701 0.0988760417297254 0.0852594418170919 0.047413338952692 0.0173270185976666 0.118609406952965 0.0940607363611932 0.0315789473684211 0.0742712137154175 0.138648605538582
"она" 0.0740450368047389 0.0287213265423352 0.0932260732275769 0.0908045281191355 0.101245587157797 0.129069644926773 0.0880790112048054 0.0920245398773006 0.110857296425692 0.0778947368421053 0.0717955065915702 0.0147237457209114
"всего" 0.0413781088026482 0.0248918163366905 0.102247951281859 0.0847508929111932 0.107906481049757 0.11985038457486 0.0779715836894998 0.0572597137014315 0.0604676162321956 0.193684210526316 0.0507519960388686 0.0343554066821266
"против" 0.0283113376018119 0.0497836326733811 0.0375911585595068 0.0504469600661864 0.0412975421301539 0.075071120008429 0.0360979554118055 0.175869120654397 0.124294544477291 0.0168421052631579 0.110168967011203 0.182819842701317
"теперь" 0.0108889760006969 0.0248918163366905 0.0225546951357041 0.0544827168714813 0.101245587157797 0.071120008429038 0.0231026914635555 0.032719836400818 0.0436710561676969 0.113684210526316 0.122547502630439 0.219629207003595
"государства" 0.0500892896032057 0.0402098571592693 0.0601458536952109 0.155376637003854 0.022647039232665 0.0961437150985144 0.232470832852027 0.0961145194274029 0.110857296425692 0.0694736842105263 0.0383734604196324 0.0024539576201519
"жизни" 0.0544448800034845 0.0306360816451576 0.199984963536576 0.203805718667393 0.0399653633517618 0.0263407438626067 0.0433175464941666 0.0368098159509202 0.100779360386993 0.16 0.0680819459057993 0.0294474914418228
"стороны" 0.0152445664009757 0.0287213265423352 0.132320878129464 0.149323001795912 0.0759341903683474 0.07902223158782 0.0967425205036387 0.0572597137014315 0.0705455522708949 0.0589473684210526 0.0779847744011883 0.0601219616937215
"я" 0.0413781088026482 0.128288591889097 0.11126982933614 0.044393324858244 0.0133217877839206 0.0263407438626067 0.0635324015247776 0.0184049079754601 0.00335931201289976 0.0442105263157895 0.0656062387819521 0.258892528926025
"дело" 0.0130667712008363 0.0153180408225788 0.145853695210886 0.0565005952741288 0.0679411176979951 0.154093351596249 0.0519810557929999 0.128834355828221 0.110857296425692 0.0526315789473684 0.0458005817911741 0.0601219616937215
"владимир" 0.163334640010453 0.18764600007659 0 0 0.0333044694598015 0.00526814877252134 0.00144391821647222 0.00613496932515337 0.0167965600644988 0.00842105263157895 0.190629448536238 0.214721291763291
"этот" 0 0 0.0360875122171265 0.0544827168714813 0.14254312928795 0.111948161416078 0.0707519926071387 0.0531697341513292 0.0571083042192959 0.107368421052632 0.0916011635823482 0.10306622004638
"ним" 0.0544448800034845 0.139777122506031 0.0210510487933238 0.0282502976370644 0.0612802238060348 0.071120008429038 0.0635324015247776 0.0531697341513292 0.0772641762966944 0.0147368421052632 0.0656062387819521 0.198770567232304
"века" 0.100178579206411 0.0114885306169341 0.0315765731899857 0.201787840264746 0.0839272630386998 0.055315562111474 0.115513457317778 0.0797546012269939 0.100779360386993 0.122105263157895 0.0581791174104103 0.0073618728604557
"бояре" 0.0217779520013938 0.0612721632903152 0 0 0.18117631386132 0.284480033716152 0.0375418736282777 0.0613496932515337 0.0772641762966944 0.0147368421052632 0.0235192176765489 0.0453982159728102
"xvi" 0.00435559040027876 0.0038295102056447 0.016540109766183 0.022196662429122 0.134550056617598 0.146191128437467 0.271456624696777 0.0613496932515337 0.0772641762966944 0.111578947368421 0 0
"один" 0.045733699202927 0.0727606939072493 0.0616495000375912 0.070625744092661 0.0785985479251316 0.0698029712359077 0.114069539101305 0.0736196319018405 0.0436710561676969 0.0378947368421053 0.0841740422108065 0.0846615378952405
"е" 0.017422361601115 0.00191475510282235 0.184948500112773 0.157394515406502 0.0746020115899554 0.0803392687809504 0.0360979554118055 0.00408997955010225 0.00671862402579952 0.193684210526316 0.0569412638484867 0.0404903007325063
"там" 0.137201097608781 0.12254432658063 0.0315765731899857 0.0363218112476542 0.103909944714581 0.051364450532083 0.0837472565553887 0.0572597137014315 0.083982800322494 0.0631578947368421 0.0408491675434796 0.0846615378952405
"говорит" 0.0849340128054358 0.0497836326733811 0.0270656341628449 0.0423754464555966 0.0386331845733697 0.0210725950900853 0.179045858842555 0.081799591002045 0.0571083042192959 0.0147368421052632 0.125023209754286 0.105520177666532
"своим" 0.0762228320048783 0.0899934898326504 0.0436057439290279 0.0343039328450068 0.105242123492973 0.067168896849647 0.0375418736282777 0.0797546012269939 0.0604676162321956 0.0378947368421053 0.0841740422108065 0.119016944577367
"москве" 0 0.00191475510282235 0 0 0.0812629054819157 0.129069644926773 0.225251241769666 0.298568507157464 0.184762160709487 0.00631578947368421 0.00123785356192362 0.00122697881007595
"другие" 0.108889760006969 0.0631869183931375 0.0917224268851966 0.0726436224953084 0.0799307267035236 0.0684859340427774 0.11695737553425 0.0408997955010225 0.0335931201289976 0.0421052631578947 0.0656062387819521 0.0539870676433418
"могли" 0.143734483209199 0.0727606939072493 0.0255619878204646 0.0625542304820711 0.0492906148005062 0.0381940786007797 0.0938546840706942 0.0695296523517382 0.0537489922063961 0.0378947368421053 0.125023209754286 0.0822075802750886
"нам" 0.063156060804042 0.0593574081874928 0.117284414705661 0.0625542304820711 0.0186505028974888 0.0289748182488673 0.0288783643294444 0.0449897750511247 0.0335931201289976 0.071578947368421 0.0730333601534938 0.202451503662532
"образом" 0.0696894464044601 0.0497836326733811 0.10826253665138 0.167483907419739 0.0266435755678412 0.011853334738173 0.0418736282776943 0.0756646216768916 0.0873421123353937 0.124210526315789 0.079222627963112 0.0576680040735697
"свои" 0.0740450368047389 0.0574426530846705 0.0511239756409293 0.0908045281191355 0.0679411176979951 0.0605837108839954 0.0693080743906665 0.0593047034764826 0.0806234883095942 0.0757894736842105 0.0829361886488828 0.0723917497944811
"сам" 0.0522670848033451 0.109141040860874 0.0300729268476054 0.0343039328450068 0.0492906148005062 0.0724370456221684 0.0274344461129722 0.120654396728016 0.100779360386993 0.0126315789473684 0.0618926780961812 0.152145372449418
"изяслав" 0.00435559040027876 0.260406693983839 0 0 0.0119896090055285 0 0 0 0 0 0.00123785356192362 0.426988625906431
"люди" 0.0588004704037632 0.0306360816451576 0.033080219532366 0.0262324192344169 0.115899553720109 0.151459277209988 0.0808594201224443 0.0920245398773006 0.083982800322494 0.0484210526315789 0.0383734604196324 0.0355823854922026
"много" 0.017422361601115 0.0076590204112894 0.0255619878204646 0.0383396896503017 0.0559515086924665 0.071120008429038 0.141503985214277 0.081799591002045 0.0571083042192959 0.0357894736842105 0.0841740422108065 0.123924859817671
"этой" 0 0 0.0811969024885347 0.133179974574732 0.0919203357090522 0.094826677905384 0.0880790112048054 0.0756646216768916 0.104138672399892 0.0610526315789474 0.039611313981556 0.0319014490619747
"земли" 0.0522670848033451 0.0402098571592693 0.016540109766183 0.0383396896503017 0.119896090055285 0.0487303761458224 0.0635324015247776 0.0858895705521472 0.100779360386993 0.16 0.0408491675434796 0.0515331100231899
"россии" 0.20906833921338 0.153180408225788 0.033080219532366 0.0242145408317695 0.0066608938919603 0.0144874091244337 0.140060066997805 0.016359918200409 0 0.231578947368421 0.0235192176765489 0.0049079152403038
"наконец" 0.0936451936059933 0.0957377551411174 0.0405984512442674 0.0544827168714813 0.0359688270165856 0.0447792645664314 0.046205382927111 0.0429447852760736 0.0335931201289976 0.170526315789474 0.0557034102865631 0.0797536226549368
"нас" 0.0566226752036239 0.0478688775705587 0.156379219607548 0.044393324858244 0.0359688270165856 0.0250237066694763 0.0144391821647222 0.0143149284253579 0.0436710561676969 0.0926315789473684 0.0953147242681191 0.105520177666532
"сказать" 0.0544448800034845 0.0287213265423352 0.0842041951732952 0.0645721088847186 0.0506227935788983 0.0329259298282584 0.0231026914635555 0.0449897750511247 0.0470303681805966 0.0168421052631579 0.0643683852200285 0.190181715561772
"значение" 0.00217779520013938 0 0.0721750244342531 0.141251488185322 0.105242123492973 0.114582235802339 0.0519810557929999 0.0224948875255624 0.0268744961031981 0.0568421052631579 0.0829361886488828 0.0282205126317468
"мог" 0.080578422405157 0.109141040860874 0.0225546951357041 0.00807151361058983 0.0492906148005062 0.0210725950900853 0.0490932193600554 0.0756646216768916 0.0335931201289976 0.0168421052631579 0.0965525778300427 0.147237457209114
"потом" 0.00871118080055752 0.0076590204112894 0.0240583414780844 0.0726436224953084 0.0772663691467395 0.0539985249183437 0.0649763197412499 0.0245398773006135 0.00671862402579952 0.0526315789473684 0.116358234820821 0.14232954196881
"бориса" 0.00435559040027876 0.0402098571592693 0.00150364634238027 0 0.00266435755678412 0.00921926035191234 0.00288783643294444 0.756646216768916 0.00335931201289976 0 0.0309463390480906 0.023312597391443
"таким" 0.0413781088026482 0.0516983877762034 0.0601458536952109 0.0867687713138406 0.0572836874708586 0.051364450532083 0.0563128104424165 0.0777096114519427 0.0571083042192959 0.0947368421052632 0.0643683852200285 0.0515331100231899
"государя" 0.0370225184023694 0.0516983877762034 0.00150364634238027 0.0141251488185322 0.0572836874708586 0.23574965757033 0.135728312348389 0.0920245398773006 0.0638269282450954 0.00842105263157895 0.00247570712384725 0.00368093643022785
"думы" 0 0 0.00451093902714082 0 0.14254312928795 0.401696343904752 0.0187709368141388 0.00408997955010225 0.013437248051599 0.00421052631578947 0 0.00122697881007595
"киев" 0.0762228320048783 0.15509516332861 0 0 0.022647039232665 0 0.0101074275153055 0 0 0 0.0903633100204246 0.271162317026785
"руси" 0.0130667712008363 0 0.0135328170814224 0.0121072704158847 0.197162459202025 0.027657781055737 0.0101074275153055 0.0265848670756646 0.0100779360386993 0.0926315789473684 0.132450331125828 0.0772996650347848
"над" 0.0696894464044601 0.0497836326733811 0.0601458536952109 0.12712633936679 0.0426297209085459 0.0368770414076494 0.0433175464941666 0.0715746421267894 0.0907014243482935 0.0252631578947368 0.0804604815250356 0.0441712371627342
"московского" 0 0 0.0105255243966619 0 0.121228268833677 0.110631124222948 0.199260713873166 0.130879345603272 0.0940607363611932 0.00842105263157895 0.0111406820573126 0
"ними" 0.0718672416045995 0.0612721632903152 0.0315765731899857 0.0282502976370644 0.0732698328115633 0.0368770414076494 0.0505371375765277 0.0286298568507157 0.0571083042192959 0.0189473684210526 0.0928390171442718 0.110428092906836
"князья" 0.0348447232022301 0.0804197143185387 0 0.00201787840264746 0.125224805168854 0.027657781055737 0.0158831003811944 0.0368098159509202 0.0436710561676969 0.0252631578947368 0.069319799467723 0.166869118170329
"собою" 0.0392003136025088 0.0727606939072493 0.148860987895647 0.113001190548258 0.0519549723572903 0.0302918554419977 0.0245466096800277 0.0797546012269939 0.013437248051599 0.0147368421052632 0.0383734604196324 0.0601219616937215
"хотя" 0.0740450368047389 0.0344655918508023 0.0932260732275769 0.0908045281191355 0.043961899686938 0.051364450532083 0.0779715836894998 0.0572597137014315 0.0436710561676969 0.0610526315789474 0.0458005817911741 0.0343554066821266
"власти" 0.0283113376018119 0.0153180408225788 0.016540109766183 0.0948402849244305 0.0825950842603077 0.110631124222948 0.0173270185976666 0.118609406952965 0.0739048642837947 0.111578947368421 0.0458005817911741 0.00122697881007595
"город" 0.0718672416045995 0.103396775552407 0.00451093902714082 0.0100893920132373 0.0492906148005062 0.00658518596565167 0.11695737553425 0.0531697341513292 0.0369524321418973 0.00842105263157895 0.0755090672773411 0.104293198856456
"царя" 0.0217779520013938 0.00191475510282235 0.00601458536952109 0.00201787840264746 0.022647039232665 0.244968917922242 0.0505371375765277 0.171779141104294 0.167965600644988 0 0.0136163891811599 0.0024539576201519
"года" 0.0892896032057145 0.0325508367479799 0.00451093902714082 0.00403575680529491 0.0293079331246253 0.055315562111474 0.0404297100612221 0.210633946830266 0.288900833109379 0.0273684210526316 0.0284706319242434 0.0147237457209114
"царь" 0.0239557472015332 0.0038295102056447 0.00300729268476054 0.00403575680529491 0.0159861453407047 0.225213360025287 0.0548688922259443 0.159509202453988 0.188121472722386 0.00210526315789474 0.0173299498669307 0.0024539576201519
"великий" 0.0718672416045995 0.323593612376977 0.00751823171190136 0.0181609056238271 0.0785985479251316 0.0342429670213887 0.0259905278964999 0.0286298568507157 0.0503896801934964 0.0147368421052632 0.0173299498669307 0.0184046821511392
"тех" 0.017422361601115 0.00574426530846705 0.066160439064732 0.0544827168714813 0.0785985479251316 0.0579496364977347 0.0548688922259443 0.0858895705521472 0.110857296425692 0.0589473684210526 0.0433248746673269 0.0282205126317468
"будет" 0.0348447232022301 0.0689311837016046 0.0977370122547177 0.0181609056238271 0.021314860454273 0.0447792645664314 0.0202148550306111 0.0593047034764826 0.0302338081160978 0.0421052631578947 0.0755090672773411 0.0907964319456203
"великого" 0.0675116512043207 0.1627541837399 0.0120291707390422 0.0585184736767762 0.0799307267035236 0.03951111579391 0.0202148550306111 0.0736196319018405 0.0907014243482935 0.0147368421052632 0.0272327783623197 0.0392633219224304
"либо" 0.00217779520013938 0 0.293211036764153 0.0665899872873661 0.0386331845733697 0.059266673690865 0.00433175464941666 0.0143149284253579 0.00671862402579952 0.0294736842105263 0.00618926780961812 0.0552140464534178
"однако" 0.0544448800034845 0.0516983877762034 0.0781896098037742 0.0585184736767762 0.0319722906814094 0.0381940786007797 0.0245466096800277 0.0838445807770961 0.0604676162321956 0.0821052631578947 0.0470384353530977 0.0478521735929621
"иногда" 0.0413781088026482 0.00957377551411175 0.0601458536952109 0.0242145408317695 0.127889162725638 0.102728901064166 0.101074275153055 0.016359918200409 0.0235151840902983 0.0463157894736842 0.0160920963050071 0.00858885167053165
"которого" 0.0152445664009757 0.0114885306169341 0.0601458536952109 0.0524648384688339 0.0865916205954839 0.0487303761458224 0.0490932193600554 0.0593047034764826 0.0268744961031981 0.0336842105263158 0.0618926780961812 0.0723917497944811
"области" 0.045733699202927 0.124459081683453 0.0541312683256898 0.0565005952741288 0.0319722906814094 0.0105362975450427 0.0808594201224443 0.0081799591002045 0.0302338081160978 0.071578947368421 0.0977904313919663 0.0159507245309874
"всем" 0.0304891328019513 0.0287213265423352 0.0375911585595068 0.048429081663539 0.0333044694598015 0.082973343167211 0.0245466096800277 0.100204498977505 0.0940607363611932 0.0526315789473684 0.0433248746673269 0.0650298769340253
"свое" 0.0522670848033451 0.0497836326733811 0.0436057439290279 0.0766793793006033 0.0519549723572903 0.0539985249183437 0.00577567286588888 0.0715746421267894 0.0671862402579952 0.0357894736842105 0.0730333601534938 0.049079152403038
"должны" 0.0435559040027876 0.0248918163366905 0.0571385610104503 0.0464112032608915 0.0386331845733697 0.0381940786007797 0.0490932193600554 0.032719836400818 0.0235151840902983 0.04 0.132450331125828 0.0441712371627342
"именно" 0.00217779520013938 0.00191475510282235 0.0887151342004361 0.141251488185322 0.0319722906814094 0.0289748182488673 0.0404297100612221 0.0858895705521472 0.0940607363611932 0.0905263157894737 0.0445627282292505 0.0171777033410633
"сына" 0.0370225184023694 0.149350898020143 0 0.00201787840264746 0.0186505028974888 0.0184385207038247 0.00433175464941666 0.0204498977505112 0.0503896801934964 0.00631578947368421 0.0557034102865631 0.202451503662532
"кроме" 0.0348447232022301 0.0363803469536246 0.049620329298549 0.0403575680529491 0.0253113967894491 0.0408281529870404 0.125620884833083 0.0572597137014315 0.0335931201289976 0.0168421052631579 0.079222627963112 0.0355823854922026
"стр" 0 0 0.11126982933614 0 0.0985812296010125 0.134337793699294 0.0808594201224443 0 0.013437248051599 0.111578947368421 0 0
"да" 0.150267868809617 0.0612721632903152 0.0421020975866476 0.0322860544423593 0.0253113967894491 0.047413338952692 0.0101074275153055 0.065439672801636 0.0571083042192959 0.0315789473684211 0.0247570712384725 0.0858885167053165
"народов" 0.10453416960669 0.0038295102056447 0.11126982933614 0.284520854773291 0 0 0 0.00204498977505112 0 0.0147368421052632 0.09902828495389 0.0073618728604557
"место" 0.0283113376018119 0.0574426530846705 0.0556349146680701 0.0504469600661864 0.0426297209085459 0.03951111579391 0.0505371375765277 0.0286298568507157 0.0235151840902983 0.0168421052631579 0.089125456458501 0.0650298769340253
"тот" 0.0108889760006969 0.0268065714395129 0.0255619878204646 0.0302681760397118 0.0519549723572903 0.051364450532083 0.0534249740094721 0.0511247443762781 0.0739048642837947 0.0378947368421053 0.0445627282292505 0.10920111409676
"те" 0.00871118080055752 0.00191475510282235 0.0736786707766333 0.0524648384688339 0.0559515086924665 0.043462227373301 0.033210118978861 0.0572597137014315 0.0604676162321956 0.0526315789473684 0.0680819459057993 0.0601219616937215
"вообще" 0.0326669280020907 0.0114885306169341 0.150364634238027 0.0807151361058983 0.0199826816758809 0.0131703719313033 0.0563128104424165 0.0674846625766871 0.0503896801934964 0.0757894736842105 0.0371356068577087 0.0147237457209114
"лишь" 0 0 0.213517780617999 0.139233609782674 0.022647039232665 0.031608892635128 0.00288783643294444 0.0347648261758691 0.0470303681805966 0.126315789473684 0.00123785356192362 0.00368093643022785
"которой" 0.0108889760006969 0.00191475510282235 0.0902187805428163 0.10291179853502 0.0532871511356824 0.051364450532083 0.0736398290400832 0.0306748466257669 0.0235151840902983 0.0442105263157895 0.0458005817911741 0.025766555011595
"два" 0.0566226752036239 0.0708459388044269 0.0360875122171265 0.044393324858244 0.0612802238060348 0.0421451901801707 0.0678641561741943 0.0286298568507157 0.0335931201289976 0.071578947368421 0.0321841926100142 0.0343554066821266
"кн" 0 0 0.016540109766183 0 0.125224805168854 0.292382256874934 0.0072195910823611 0.00613496932515337 0.013437248051599 0.0126315789473684 0 0
"оно" 0.0283113376018119 0.0172327959254011 0.0541312683256898 0.0504469600661864 0.0506227935788983 0.0777051943946897 0.0360979554118055 0.0858895705521472 0.0638269282450954 0.0757894736842105 0.0470384353530977 0.00613489405037975
"сын" 0.0261335424016725 0.201049285796347 0.00300729268476054 0 0.0253113967894491 0.0223896322832157 0.00433175464941666 0.0245398773006135 0.0201558720773985 0.00631578947368421 0.0606548245342576 0.143556520778886
"летописец" 0.080578422405157 0.0516983877762034 0.00300729268476054 0 0.0279757543462333 0.00921926035191234 0 0.0347648261758691 0.00671862402579952 0.00210526315789474 0.131212477563904 0.144783499588962
"эта" 0 0 0.0300729268476054 0.0867687713138406 0.0612802238060348 0.0684859340427774 0.0693080743906665 0.0552147239263804 0.0537489922063961 0.0631578947368421 0.049514142476945 0.0196316609612152
"грозного" 0.00435559040027876 0 0 0.00201787840264746 0.0146539665623127 0.0368770414076494 0.00577567286588888 0.177914110429448 0.675221714592851 0.00210526315789474 0.00247570712384725 0
"i" 0.0152445664009757 0.0134032857197564 0.0436057439290279 0.0141251488185322 0.0945846932658363 0.075071120008429 0.103962111586 0.0081799591002045 0.00335931201289976 0.103157894736842 0.0148542427430835 0.025766555011595
"смерти" 0.0413781088026482 0.0344655918508023 0.00150364634238027 0.00807151361058983 0.0412975421301539 0.0302918554419977 0.0072195910823611 0.128834355828221 0.0571083042192959 0.00842105263157895 0.0581791174104103 0.125151838627747
"святослав" 0.0936451936059933 0.166583693945544 0 0 0.00266435755678412 0 0 0 0 0 0.0841740422108065 0.163188181740101
"раз" 0.017422361601115 0.0191475510282235 0.10976618299376 0.0565005952741288 0.0253113967894491 0.0289748182488673 0.033210118978861 0.0470347648261759 0.0369524321418973 0.0273684210526316 0.039611313981556 0.0858885167053165
"ты" 0.0108889760006969 0.0880787347298281 0.00150364634238027 0.0242145408317695 0.0119896090055285 0.0144874091244337 0 0.00613496932515337 0.00671862402579952 0 0.0445627282292505 0.252757634875646
"землю" 0.0609782656039026 0.0689311837016046 0.00451093902714082 0.00403575680529491 0.0479584360221142 0.027657781055737 0.0158831003811944 0.0143149284253579 0.0235151840902983 0.0652631578947368 0.0767469208392647 0.105520177666532
"этим" 0 0 0.0481166829561687 0.048429081663539 0.0599480450276427 0.0619007480771257 0.0534249740094721 0.0429447852760736 0.0739048642837947 0.0526315789473684 0.0532277031627158 0.0380363431123545
"хотел" 0.0892896032057145 0.231685367441504 0.00451093902714082 0 0.00932525144874442 0.00658518596565167 0.00866350929883331 0.0102249488752556 0.013437248051599 0.00631578947368421 0.0334220461719379 0.127605796247899
"одного" 0.0370225184023694 0.0306360816451576 0.0511239756409293 0.0625542304820711 0.0519549723572903 0.0566325993046044 0.0317662007623888 0.0368098159509202 0.0235151840902983 0.0273684210526316 0.059416970972334 0.0441712371627342
"русской" 0.0239557472015332 0.0191475510282235 0.0360875122171265 0.00201787840264746 0.0945846932658363 0.0263407438626067 0.0144391821647222 0.016359918200409 0.0403117441547971 0.0968421052631579 0.0631305316581049 0.073618728604557
"видно" 0 0 0 0.00403575680529491 0.0386331845733697 0.047413338952692 0.0360979554118055 0.0143149284253579 0.0100779360386993 0.0231578947368421 0.131212477563904 0.127605796247899
"кто" 0.0370225184023694 0.0957377551411174 0.049620329298549 0.0201787840264746 0.0159861453407047 0.0302918554419977 0.0274344461129722 0.0777096114519427 0.0436710561676969 0.04 0.0569412638484867 0.0515331100231899
"рода" 0.0130667712008363 0.0038295102056447 0.10826253665138 0.0343039328450068 0.0266435755678412 0.027657781055737 0.0303222825459166 0.049079754601227 0.0638269282450954 0.00842105263157895 0.106455406325432 0.0368093643022785
"несколько" 0.063156060804042 0.0899934898326504 0.016540109766183 0.0544827168714813 0.0239792180110571 0.0381940786007797 0.108293866235416 0.032719836400818 0.0403117441547971 0.0442105263157895 0.0259949248003961 0.0147237457209114
"разных" 0.0283113376018119 0.00957377551411175 0.138335463498985 0.0625542304820711 0.0333044694598015 0.031608892635128 0.0404297100612221 0.0184049079754601 0.013437248051599 0.0989473684210526 0.0383734604196324 0.0110428092906835
"князю" 0.0370225184023694 0.0976525102439398 0 0 0.134550056617598 0.015804446317564 0.0072195910823611 0.0184049079754601 0.0403117441547971 0.00631578947368421 0.0742712137154175 0.0564410252634937
"история" 0.0544448800034845 0.0038295102056447 0.201488609878956 0.147305123393264 0.0199826816758809 0.00658518596565167 0.0101074275153055 0.00408997955010225 0.0100779360386993 0.0568421052631579 0.0222813641146252 0.0024539576201519
"владимира" 0.0500892896032057 0.0957377551411174 0 0 0.0359688270165856 0.00658518596565167 0 0.00408997955010225 0.0302338081160978 0.00631578947368421 0.129974624001981 0.106747156476608
"перед" 0.00871118080055752 0.0038295102056447 0.033080219532366 0.048429081663539 0.0572836874708586 0.067168896849647 0.0389857918447499 0.0347648261758691 0.0503896801934964 0.0294736842105263 0.0371356068577087 0.073618728604557
"своему" 0.0435559040027876 0.0670164285987822 0.0255619878204646 0.0403575680529491 0.0506227935788983 0.0408281529870404 0.0288783643294444 0.0368098159509202 0.0369524321418973 0.0126315789473684 0.0408491675434796 0.0723917497944811
"отношения" 0.00217779520013938 0 0.0601458536952109 0.0726436224953084 0.066608938919603 0.0421451901801707 0.0101074275153055 0.0184049079754601 0.0369524321418973 0.0673684210526316 0.0631305316581049 0.0466251947828861
"общества" 0.00653338560041814 0 0.0300729268476054 0.0605363520794237 0.0852594418170919 0.047413338952692 0.0115513457317778 0.0184049079754601 0.00335931201289976 0.212631578947368 0.0408491675434796 0.00122697881007595
"нет" 0.045733699202927 0.044039367364914 0.0601458536952109 0.0282502976370644 0.022647039232665 0.0329259298282584 0.0360979554118055 0.0470347648261759 0.0537489922063961 0.0505263157894737 0.049514142476945 0.0453982159728102
"брата" 0.0326669280020907 0.141691877608854 0 0 0.0133217877839206 0.003951111579391 0.00433175464941666 0.0245398773006135 0.013437248051599 0 0.0482762889150214 0.176684948650937
"ибо" 0.196001568012544 0.174242714356834 0.0390948049018871 0.0121072704158847 0 0.003951111579391 0.0317662007623888 0.0593047034764826 0.0268744961031981 0.00210526315789474 0.0284706319242434 0.00613489405037975
"xvii" 0.00653338560041814 0.0038295102056447 0.0120291707390422 0.0121072704158847 0.0373010057949777 0.082973343167211 0.210812059604944 0.0449897750511247 0.0100779360386993 0.0421052631578947 0.00123785356192362 0
"особенно" 0.0217779520013938 0.00957377551411175 0.049620329298549 0.0887866497164881 0.0253113967894491 0.0381940786007797 0.0823033383389165 0.0286298568507157 0.0201558720773985 0.0547368421052632 0.0458005817911741 0.025766555011595
"государь" 0.0326669280020907 0.0574426530846705 0 0.00201787840264746 0.0186505028974888 0.15672742598251 0.0866350929883331 0.0695296523517382 0.083982800322494 0.00421052631578947 0 0
"видели" 0.00653338560041814 0.0076590204112894 0.0195474024509435 0.0423754464555966 0.0199826816758809 0.019755557896955 0.0317662007623888 0.0184049079754601 0.013437248051599 0.0294736842105263 0.0507519960388686 0.168096096980405
"нибудь" 0.017422361601115 0.0076590204112894 0.0811969024885347 0.0121072704158847 0.0359688270165856 0.035560004214519 0.0765276654730276 0.0143149284253579 0.00335931201289976 0.0294736842105263 0.0656062387819521 0.0539870676433418
"своими" 0.0435559040027876 0.0363803469536246 0.00902187805428163 0.022196662429122 0.107906481049757 0.03951111579391 0.0317662007623888 0.0347648261758691 0.0470303681805966 0.0147368421052632 0.0334220461719379 0.0539870676433418
"должен" 0.0413781088026482 0.0516983877762034 0.0285692805052252 0.022196662429122 0.0253113967894491 0.0329259298282584 0.0303222825459166 0.0368098159509202 0.0235151840902983 0.00842105263157895 0.0854118957727301 0.0711647709844051
"боярами" 0.0108889760006969 0.0229770612338682 0 0 0.151868380736695 0.161995574755031 0.0115513457317778 0.0224948875255624 0.0335931201289976 0.00631578947368421 0 0.0122697881007595
"лет" 0.0609782656039026 0.038295102056447 0.0285692805052252 0.0423754464555966 0.0706054752547792 0.0447792645664314 0.0274344461129722 0.0572597137014315 0.097420048374093 0.0336842105263158 0.0247570712384725 0.0098158304806076
"всегда" 0.0718672416045995 0.0459541224677364 0.0842041951732952 0.044393324858244 0.0253113967894491 0.03951111579391 0.0389857918447499 0.0368098159509202 0.0335931201289976 0.0378947368421053 0.0284706319242434 0.0171777033410633
"управления" 0 0 0.00300729268476054 0.0121072704158847 0.117231732498501 0.134337793699294 0.0505371375765277 0.0143149284253579 0.0604676162321956 0.0694736842105263 0.00123785356192362 0.00122697881007595
"одно" 0.0348447232022301 0.0191475510282235 0.0977370122547177 0.0807151361058983 0.0399653633517618 0.027657781055737 0.0245466096800277 0.0224948875255624 0.0268744961031981 0.0336842105263158 0.0383734604196324 0.0331284278720506
"имели" 0.128489916808223 0.0191475510282235 0.00751823171190136 0.0383396896503017 0.0373010057949777 0.0368770414076494 0.0649763197412499 0.0347648261758691 0.0100779360386993 0.0378947368421053 0.0445627282292505 0.0269935338216709
"одной" 0.017422361601115 0.0172327959254011 0.0736786707766333 0.100893920132373 0.0506227935788983 0.0289748182488673 0.0404297100612221 0.0102249488752556 0.0268744961031981 0.0547368421052632 0.029708485486167 0.0282205126317468
"народ" 0.143734483209199 0.12254432658063 0.0120291707390422 0.044393324858244 0.0066608938919603 0.003951111579391 0.0216587732470833 0.049079754601227 0.0167965600644988 0.00842105263157895 0.0544655567246395 0.0343554066821266
"случае" 0.0304891328019513 0.044039367364914 0.0676640854071122 0.0322860544423593 0.0479584360221142 0.0408281529870404 0.0375418736282777 0.0429447852760736 0.0268744961031981 0.0357894736842105 0.049514142476945 0.0134967669108354
"нем" 0.0413781088026482 0.0268065714395129 0.0421020975866476 0.0282502976370644 0.0479584360221142 0.047413338952692 0.00433175464941666 0.0511247443762781 0.097420048374093 0.0210526315789474 0.0433248746673269 0.0466251947828861
"вот" 0.0130667712008363 0.0038295102056447 0.033080219532366 0.0343039328450068 0.0119896090055285 0.0131703719313033 0.0144391821647222 0.0184049079754601 0.0201558720773985 0.0694736842105263 0.103979699201584 0.0957043471859241
"таких" 0.00871118080055752 0.00191475510282235 0.0902187805428163 0.0383396896503017 0.0639445813628189 0.0566325993046044 0.0490932193600554 0.0552147239263804 0.0100779360386993 0.0589473684210526 0.0173299498669307 0.00613489405037975
"обыкновенно" 0.0326669280020907 0.0172327959254011 0.016540109766183 0.0100893920132373 0.0759341903683474 0.0842903803603414 0.0866350929883331 0.0102249488752556 0.00335931201289976 0.0357894736842105 0.0408491675434796 0.00858885167053165
"хозяйства" 0.00435559040027876 0 0.0120291707390422 0.0524648384688339 0.043961899686938 0.011853334738173 0.00288783643294444 0.0184049079754601 0.0167965600644988 0.4 0 0
"п" 0 0 0.196977670851816 0.0383396896503017 0.0346366482381936 0.0921926035191234 0.0216587732470833 0.0204498977505112 0.0167965600644988 0.00421052631578947 0.00371356068577087 0.0024539576201519
"такой" 0 0.0076590204112894 0.0646567927223517 0.0403575680529491 0.0572836874708586 0.059266673690865 0.0505371375765277 0.0531697341513292 0.0436710561676969 0.04 0.019805656990778 0.023312597391443
"народа" 0.108889760006969 0.0497836326733811 0.0436057439290279 0.10291179853502 0.0133217877839206 0.011853334738173 0.0375418736282777 0.0081799591002045 0.0100779360386993 0.0126315789473684 0.0618926780961812 0.0220856185813671
"борис" 0.00217779520013938 0.0306360816451576 0.00150364634238027 0 0.00799307267035236 0.011853334738173 0.00144391821647222 0.443762781186094 0.00335931201289976 0 0.0160920963050071 0.0196316609612152
"велел" 0.0566226752036239 0.126373836786275 0 0 0.0119896090055285 0.0250237066694763 0.0072195910823611 0.032719836400818 0.0201558720773985 0.00210526315789474 0.0519898496007922 0.107974135286684
"мира" 0.0392003136025088 0.0536131428790258 0.0300729268476054 0.228020259499163 0.00399653633517618 0.00921926035191234 0.00577567286588888 0.0224948875255624 0.0268744961031981 0.0105263157894737 0.0284706319242434 0.0453982159728102
"страны" 0.0196001568012544 0.00191475510282235 0.0421020975866476 0.10291179853502 0.0293079331246253 0.00658518596565167 0.0693080743906665 0.016359918200409 0.0100779360386993 0.0821052631578947 0.0705576530296466 0.0073618728604557
"первый" 0.0261335424016725 0.044039367364914 0.0255619878204646 0.0343039328450068 0.0373010057949777 0.0381940786007797 0.0375418736282777 0.0286298568507157 0.0201558720773985 0.0884210526315789 0.0371356068577087 0.0380363431123545
"киеве" 0.0609782656039026 0.0727606939072493 0 0 0.0386331845733697 0.00131703719313033 0 0 0 0.00210526315789474 0.0779847744011883 0.139875584348658
"сей" 0.191645977612265 0.319764102171332 0.00150364634238027 0 0 0.0105362975450427 0 0.0081799591002045 0.00671862402579952 0 0.00371356068577087 0.00122697881007595
"городов" 0.0304891328019513 0.044039367364914 0.00902187805428163 0.0363218112476542 0.0652767601412109 0.0210725950900853 0.0707519926071387 0.032719836400818 0.0403117441547971 0.00631578947368421 0.0458005817911741 0.0368093643022785
"мне" 0.0261335424016725 0.0651016734959599 0.0135328170814224 0.00403575680529491 0.0119896090055285 0.00658518596565167 0.00866350929883331 0.00613496932515337 0.00335931201289976 0.00421052631578947 0.0358977532957851 0.197543588422228
"тому" 0.0196001568012544 0.0229770612338682 0.0902187805428163 0.0363218112476542 0.0359688270165856 0.0289748182488673 0.0173270185976666 0.0593047034764826 0.0671862402579952 0.0442105263157895 0.0358977532957851 0.0171777033410633
"больше" 0 0 0.0405984512442674 0.0161430272211797 0.043961899686938 0.0342429670213887 0.114069539101305 0.016359918200409 0.00671862402579952 0.0294736842105263 0.0321841926100142 0.0601219616937215
"власть" 0.045733699202927 0.0210623061310458 0.00751823171190136 0.0908045281191355 0.0426297209085459 0.0539985249183437 0.0187709368141388 0.0756646216768916 0.0436710561676969 0.0526315789473684 0.029708485486167 0.0049079152403038
"которая" 0.0500892896032057 0.0478688775705587 0.0405984512442674 0.0726436224953084 0.0266435755678412 0.019755557896955 0.0389857918447499 0.0265848670756646 0.0302338081160978 0.0294736842105263 0.0507519960388686 0.025766555011595
"второй" 0.0152445664009757 0.0172327959254011 0.0421020975866476 0.0363218112476542 0.0373010057949777 0.031608892635128 0.103962111586 0.016359918200409 0.013437248051599 0.0968421052631579 0.0160920963050071 0.0134967669108354
"мстислав" 0 0.13020334699192 0 0 0.0106574302271365 0 0 0 0 0 0.029708485486167 0.204905461282684
"область" 0.0304891328019513 0.158924673534255 0.0255619878204646 0.0100893920132373 0.0186505028974888 0.00658518596565167 0.0274344461129722 0.00204498977505112 0.00335931201289976 0.00210526315789474 0.102741845639661 0.0282205126317468
"которое" 0.0283113376018119 0.0114885306169341 0.0436057439290279 0.0807151361058983 0.0492906148005062 0.0408281529870404 0.033210118978861 0.0245398773006135 0.0268744961031981 0.0126315789473684 0.0519898496007922 0.0220856185813671
"послал" 0.00435559040027876 0.0459541224677364 0 0 0.0119896090055285 0.00526814877252134 0 0.016359918200409 0.0167965600644988 0 0.0581791174104103 0.203678482472608
"земле" 0.0522670848033451 0.0421246122620917 0.00902187805428163 0.00807151361058983 0.0359688270165856 0.0289748182488673 0.00866350929883331 0.0204498977505112 0.0235151840902983 0.0842105263157895 0.0519898496007922 0.0662568557441013
"отца" 0.0239557472015332 0.109141040860874 0.00601458536952109 0 0.0306401119030174 0.0131703719313033 0.00288783643294444 0.016359918200409 0.0235151840902983 0.0105263157894737 0.0470384353530977 0.121470902197519
"ней" 0.0435559040027876 0.0191475510282235 0.049620329298549 0.0423754464555966 0.04529407846533 0.0487303761458224 0.0620884833083054 0.0204498977505112 0.0604676162321956 0.0294736842105263 0.0210435105527016 0.0049079152403038
"имел" 0.0435559040027876 0.0804197143185387 0.00751823171190136 0.0121072704158847 0.0399653633517618 0.03951111579391 0.0346540371953333 0.0572597137014315 0.0201558720773985 0.0147368421052632 0.0358977532957851 0.0404903007325063
"нему" 0.0196001568012544 0.0651016734959599 0.0105255243966619 0.0121072704158847 0.021314860454273 0.0302918554419977 0.0173270185976666 0.0184049079754601 0.0201558720773985 0 0.0346598997338615 0.134967669108355
"какой" 0.00871118080055752 0.00957377551411175 0.0796932561461544 0.048429081663539 0.0532871511356824 0.0408281529870404 0.033210118978861 0.0184049079754601 0.0537489922063961 0.0189473684210526 0.0334220461719379 0.0184046821511392
"князем" 0.0239557472015332 0.0957377551411174 0 0.00201787840264746 0.0905881569306601 0.0131703719313033 0.00433175464941666 0.0184049079754601 0.0369524321418973 0.00210526315789474 0.039611313981556 0.073618728604557
"своем" 0.0479114944030663 0.044039367364914 0.0511239756409293 0.0544827168714813 0.0492906148005062 0.027657781055737 0 0.0368098159509202 0.0671862402579952 0.0273684210526316 0.0247570712384725 0.025766555011595
"мир" 0.0544448800034845 0.0976525102439398 0.0285692805052252 0.12712633936679 0.0106574302271365 0.00263407438626067 0.0072195910823611 0.0102249488752556 0.0100779360386993 0.00421052631578947 0.0321841926100142 0.0564410252634937
"менее" 0.0413781088026482 0.0268065714395129 0.0766859634613939 0.0645721088847186 0.0293079331246253 0.0184385207038247 0.0505371375765277 0.0245398773006135 0.0302338081160978 0.0484210526315789 0.0148542427430835 0.0134967669108354
"сказал" 0.0500892896032057 0.103396775552407 0.00300729268476054 0 0.00932525144874442 0.00921926035191234 0.0072195910823611 0.0143149284253579 0.0100779360386993 0 0.0544655567246395 0.122697881007595
"какие" 0.00871118080055752 0 0.0616495000375912 0.0343039328450068 0.0599480450276427 0.0605837108839954 0.0505371375765277 0.0265848670756646 0.0302338081160978 0.0210526315789474 0.0173299498669307 0.0208586397712912
"меня" 0.0130667712008363 0.0919082449354728 0.00751823171190136 0.00807151361058983 0.00266435755678412 0.00526814877252134 0.00433175464941666 0.00613496932515337 0.0100779360386993 0 0.0259949248003961 0.186500779131544
"русских" 0.0261335424016725 0.0038295102056447 0.0150364634238027 0.00605363520794237 0.0306401119030174 0.0105362975450427 0.0693080743906665 0.0245398773006135 0.0403117441547971 0.0252631578947368 0.0953147242681191 0.0380363431123545
"права" 0.0152445664009757 0.0114885306169341 0.0706713780918728 0.044393324858244 0.0506227935788983 0.031608892635128 0.01299526394825 0.0245398773006135 0.0100779360386993 0.0673684210526316 0.0247570712384725 0.0355823854922026
"пути" 0.0196001568012544 0.0268065714395129 0.0135328170814224 0.048429081663539 0.0772663691467395 0.00658518596565167 0.0649763197412499 0.0184049079754601 0.0302338081160978 0.0147368421052632 0.0656062387819521 0.00858885167053165
"стали" 0.00217779520013938 0.00574426530846705 0.0135328170814224 0.070625744092661 0.0386331845733697 0.0381940786007797 0.0288783643294444 0.0286298568507157 0.0302338081160978 0.04 0.0321841926100142 0.0674838345541773
"сами" 0.0239557472015332 0.0344655918508023 0.0390948049018871 0.0746615008979559 0.0306401119030174 0.0447792645664314 0.0259905278964999 0.0368098159509202 0.00335931201289976 0.0147368421052632 0.0272327783623197 0.0404903007325063
"некоторые" 0.080578422405157 0.0268065714395129 0.033080219532366 0.0242145408317695 0.0426297209085459 0.0487303761458224 0.0563128104424165 0.0306748466257669 0.0201558720773985 0.0147368421052632 0.0259949248003961 0.00613489405037975
"право" 0.0326669280020907 0.0248918163366905 0.033080219532366 0.0565005952741288 0.0399653633517618 0.023706669476346 0.0187709368141388 0.0245398773006135 0.0167965600644988 0.0589473684210526 0.039611313981556 0.0380363431123545
"думе" 0 0 0 0 0.0905881569306601 0.212042988093984 0.0144391821647222 0.00613496932515337 0.0100779360386993 0 0 0.00122697881007595
"человек" 0.0152445664009757 0.0344655918508023 0.0135328170814224 0.0262324192344169 0.0239792180110571 0.0302918554419977 0.0649763197412499 0.0368098159509202 0.0436710561676969 0.0336842105263158 0.0445627282292505 0.0368093643022785
"самого" 0.0609782656039026 0.0344655918508023 0.0270656341628449 0.048429081663539 0.0199826816758809 0.0408281529870404 0.01299526394825 0.0552147239263804 0.0739048642837947 0.0105263157894737 0.0321841926100142 0.0269935338216709
"характер" 0.0108889760006969 0.0076590204112894 0.066160439064732 0.0524648384688339 0.0572836874708586 0.0171214835106943 0.0259905278964999 0.0204498977505112 0.0403117441547971 0.0189473684210526 0.0557034102865631 0.0184046821511392
"скоро" 0.0696894464044601 0.0919082449354728 0.00300729268476054 0.0242145408317695 0.0146539665623127 0.0105362975450427 0.033210118978861 0.0143149284253579 0.013437248051599 0.0126315789473684 0.039611313981556 0.0699377921743291
"брат" 0.0130667712008363 0.0727606939072493 0.00150364634238027 0 0.00932525144874442 0.00658518596565167 0.00144391821647222 0.0224948875255624 0.013437248051599 0.00210526315789474 0.0185678034288544 0.186500779131544
"отношении" 0.00871118080055752 0.0038295102056447 0.0751823171190136 0.10291179853502 0.0199826816758809 0.0171214835106943 0.0216587732470833 0.0408997955010225 0.0201558720773985 0.0926315789473684 0.0185678034288544 0.0073618728604557
"которым" 0.00653338560041814 0.0038295102056447 0.0375911585595068 0.044393324858244 0.0559515086924665 0.0566325993046044 0.0664202379577221 0.0122699386503067 0.0268744961031981 0.0126315789473684 0.0272327783623197 0.0184046821511392
"часто" 0.017422361601115 0.0153180408225788 0.114277122020901 0.0161430272211797 0.0306401119030174 0.023706669476346 0.0649763197412499 0.0143149284253579 0.00671862402579952 0.0484210526315789 0.0185678034288544 0.00858885167053165
"опять" 0.00435559040027876 0.00574426530846705 0.0150364634238027 0.0161430272211797 0.00799307267035236 0.0105362975450427 0.0158831003811944 0.00613496932515337 0.0167965600644988 0.0568421052631579 0.0507519960388686 0.139875584348658
"москвы" 0 0.00574426530846705 0.00150364634238027 0 0.0239792180110571 0.043462227373301 0.0736398290400832 0.147239263803681 0.157887664606289 0.00842105263157895 0.009902828495389 0
"смысле" 0.00653338560041814 0 0.145853695210886 0.0746615008979559 0.0279757543462333 0.0302918554419977 0.00288783643294444 0.00613496932515337 0.00671862402579952 0.0442105263157895 0.0259949248003961 0.00858885167053165
"москву" 0 0 0.00150364634238027 0 0.043961899686938 0.03951111579391 0.118401293750722 0.100204498977505 0.124294544477291 0.00421052631578947 0.00123785356192362 0.00122697881007595
"р" 0 0 0.00601458536952109 0.113001190548258 0.0626124025844268 0.0698029712359077 0.033210118978861 0.0265848670756646 0.0369524321418973 0.04 0.0123785356192362 0
"чтоб" 0.00217779520013938 0.0038295102056447 0 0 0.00799307267035236 0.035560004214519 0.0505371375765277 0.0102249488752556 0 0.00210526315789474 0.059416970972334 0.13619464791843
"империи" 0.0566226752036239 0.0191475510282235 0.0270656341628449 0.294610246786529 0.00133217877839206 0 0 0 0 0.00842105263157895 0.0346598997338615 0.0024539576201519
"слова" 0.0392003136025088 0.0306360816451576 0.0721750244342531 0.0201787840264746 0.0373010057949777 0.019755557896955 0.0158831003811944 0.0286298568507157 0.0235151840902983 0.0336842105263158 0.0334220461719379 0.0306744702518988
"двух" 0.0348447232022301 0.0459541224677364 0.0405984512442674 0.0302681760397118 0.0719376540331712 0.0250237066694763 0.0216587732470833 0.016359918200409 0.00335931201289976 0.0147368421052632 0.0346598997338615 0.023312597391443
"мало" 0.017422361601115 0.00191475510282235 0.0345838658747463 0.0565005952741288 0.0266435755678412 0.0342429670213887 0.0245466096800277 0.016359918200409 0.0470303681805966 0.0442105263157895 0.0519898496007922 0.0306744702518988
"святослава" 0.0479114944030663 0.0938230000382951 0 0 0.00399653633517618 0 0 0 0 0.00210526315789474 0.0532277031627158 0.141102563158734
"славян" 0.154623459209896 0 0.00451093902714082 0.0343039328450068 0.0239792180110571 0 0 0 0 0.0189473684210526 0.13987745249737 0
"совершенно" 0.0130667712008363 0.0191475510282235 0.0721750244342531 0.0887866497164881 0.0133217877839206 0.0184385207038247 0.0173270185976666 0.0184049079754601 0.0167965600644988 0.0968421052631579 0.0247570712384725 0.00858885167053165
"часть" 0.0500892896032057 0.0344655918508023 0.0135328170814224 0.0726436224953084 0.0239792180110571 0.011853334738173 0.0534249740094721 0.0204498977505112 0.0167965600644988 0.0294736842105263 0.0445627282292505 0.0196316609612152
"деле" 0.017422361601115 0.0134032857197564 0.0541312683256898 0.0201787840264746 0.022647039232665 0.051364450532083 0.0144391821647222 0.0674846625766871 0.0470303681805966 0.0568421052631579 0.0148542427430835 0.0196316609612152
"около" 0.0283113376018119 0.0268065714395129 0.00451093902714082 0.0363218112476542 0.0359688270165856 0.015804446317564 0.0750837472565554 0.0184049079754601 0.0705455522708949 0.00631578947368421 0.0445627282292505 0.025766555011595
"мере" 0.0392003136025088 0.0191475510282235 0.0405984512442674 0.0181609056238271 0.0506227935788983 0.0250237066694763 0.046205382927111 0.0224948875255624 0.00671862402579952 0.0673684210526316 0.019805656990778 0.0171777033410633
"церкви" 0.0283113376018119 0.0727606939072493 0.00751823171190136 0.0847508929111932 0.00799307267035236 0.0368770414076494 0.0288783643294444 0.0368098159509202 0.00671862402579952 0.0231578947368421 0.039611313981556 0.0159507245309874
"такие" 0.0130667712008363 0.0038295102056447 0.0691677317494925 0.0302681760397118 0.0479584360221142 0.0460963017595617 0.0447614647106388 0.0286298568507157 0.0100779360386993 0.0357894736842105 0.019805656990778 0.0073618728604557
"ярослав" 0.00217779520013938 0.12254432658063 0 0 0.0066608938919603 0 0 0 0 0.00210526315789474 0.107693259887355 0.0846615378952405
"конечно" 0.0239557472015332 0.00574426530846705 0.121795353732802 0.0786972577032508 0 0.00658518596565167 0.00866350929883331 0.0511247443762781 0.0571083042192959 0.0694736842105263 0.00371356068577087 0.00368093643022785
"русские" 0.0370225184023694 0 0.00751823171190136 0.00201787840264746 0.0173183241190968 0.0105362975450427 0.0678641561741943 0.0388548057259714 0.0302338081160978 0.0189473684210526 0.079222627963112 0.0417172795425823
"вероятно" 0.10453416960669 0.0574426530846705 0.00150364634238027 0 0.0319722906814094 0.0131703719313033 0.00577567286588888 0.016359918200409 0.0235151840902983 0.0168421052631579 0.0433248746673269 0.0601219616937215
"волости" 0.00653338560041814 0.0038295102056447 0 0 0.0706054752547792 0.003951111579391 0.00866350929883331 0.016359918200409 0.0100779360386993 0.00421052631578947 0.0222813641146252 0.15459933006957
"летописи" 0.0675116512043207 0.0172327959254011 0.0135328170814224 0 0.0772663691467395 0.00921926035191234 0.00288783643294444 0.0081799591002045 0.00671862402579952 0.00842105263157895 0.0829361886488828 0.0380363431123545
"почти" 0.0217779520013938 0 0.00902187805428163 0.0504469600661864 0.0279757543462333 0.0184385207038247 0.0823033383389165 0.0102249488752556 0.0235151840902983 0.103157894736842 0.0247570712384725 0.0122697881007595
"среди" 0.0196001568012544 0.0153180408225788 0.0300729268476054 0.048429081663539 0.0692732964763871 0.031608892635128 0.0245466096800277 0.0388548057259714 0.013437248051599 0.0168421052631579 0.0445627282292505 0.00368093643022785
"является" 0 0.00191475510282235 0.0766859634613939 0.0383396896503017 0.0626124025844268 0.0381940786007797 0.00144391821647222 0.00408997955010225 0.0100779360386993 0.0610526315789474 0.0420870211054032 0.00858885167053165
"дума" 0 0 0.00150364634238027 0 0.0626124025844268 0.210725950900853 0.00866350929883331 0.00408997955010225 0.0100779360386993 0.00421052631578947 0 0.00122697881007595
"чего" 0.0304891328019513 0.0229770612338682 0.066160439064732 0.022196662429122 0.0106574302271365 0.0289748182488673 0.0158831003811944 0.0122699386503067 0.0201558720773985 0.00842105263157895 0.0433248746673269 0.0601219616937215
"новгород" 0.0304891328019513 0.0804197143185387 0 0 0.0266435755678412 0.00131703719313033 0.0346540371953333 0.00613496932515337 0.0201558720773985 0.0189473684210526 0.0420870211054032 0.0822075802750886
"одни" 0.0348447232022301 0.0191475510282235 0.0781896098037742 0.0302681760397118 0.0346366482381936 0.0210725950900853 0.0375418736282777 0.0081799591002045 0.0100779360386993 0.00842105263157895 0.0321841926100142 0.0269935338216709
"другим" 0.0304891328019513 0.0134032857197564 0.0451093902714082 0.0322860544423593 0.0546193299140745 0.023706669476346 0.0404297100612221 0.0143149284253579 0.0167965600644988 0.0231578947368421 0.029708485486167 0.0220856185813671
"такое" 0.0108889760006969 0.0038295102056447 0.0511239756409293 0.0343039328450068 0.0546193299140745 0.047413338952692 0.0187709368141388 0.0306748466257669 0.0100779360386993 0.0294736842105263 0.0284706319242434 0.0196316609612152
"три" 0.0283113376018119 0.0363803469536246 0.0105255243966619 0.048429081663539 0.0306401119030174 0.0210725950900853 0.0534249740094721 0.016359918200409 0.013437248051599 0.0189473684210526 0.0383734604196324 0.0343554066821266
"дел" 0.0152445664009757 0.00574426530846705 0.00902187805428163 0.00605363520794237 0.0626124025844268 0.143557054051206 0.0216587732470833 0.0286298568507157 0.0167965600644988 0.00421052631578947 0.0049514142476945 0.00368093643022785
"жизнь" 0.0261335424016725 0.0229770612338682 0.0405984512442674 0.0887866497164881 0.021314860454273 0.00658518596565167 0.01299526394825 0.0347648261758691 0.0302338081160978 0.0526315789473684 0.039611313981556 0.0122697881007595
"совет" 0.0217779520013938 0.0306360816451576 0.00300729268476054 0.00201787840264746 0.114567374941717 0.0882414919397324 0.01299526394825 0.00408997955010225 0.0167965600644988 0.0168421052631579 0.0049514142476945 0.0098158304806076
"тебе" 0.00435559040027876 0.044039367364914 0 0.00807151361058983 0.00266435755678412 0.003951111579391 0 0.0081799591002045 0.00335931201289976 0 0.0222813641146252 0.196316609612152
"бог" 0.017422361601115 0.0631869183931375 0.00300729268476054 0 0.00399653633517618 0.0131703719313033 0.00288783643294444 0.0224948875255624 0.013437248051599 0 0.0173299498669307 0.158280266499798
"стал" 0.00653338560041814 0.0134032857197564 0.00751823171190136 0.0161430272211797 0.0466262572437221 0.023706669476346 0.0072195910823611 0.032719836400818 0.0470303681805966 0.0147368421052632 0.0321841926100142 0.0883424743254684
"ими" 0.0522670848033451 0.0689311837016046 0.0315765731899857 0.0343039328450068 0.0279757543462333 0.0263407438626067 0.0303222825459166 0.0306748466257669 0.0436710561676969 0.0147368421052632 0.0136163891811599 0.0110428092906835
"начале" 0.0152445664009757 0.0114885306169341 0.0150364634238027 0.070625744092661 0.0426297209085459 0.0223896322832157 0.0375418736282777 0.0286298568507157 0.0739048642837947 0.0336842105263158 0.029708485486167 0.0073618728604557
"свой" 0.0217779520013938 0.0248918163366905 0.0285692805052252 0.0322860544423593 0.0279757543462333 0.0342429670213887 0.033210118978861 0.0347648261758691 0.0369524321418973 0.0147368421052632 0.019805656990778 0.0429442583526582
"чрез" 0.0675116512043207 0.0957377551411174 0.00300729268476054 0.00403575680529491 0.00799307267035236 0.015804446317564 0.0981864387201109 0 0 0 0.0371356068577087 0.0147237457209114
"вопрос" 0.00871118080055752 0 0.0766859634613939 0.0403575680529491 0.0279757543462333 0.055315562111474 0.00577567286588888 0.0265848670756646 0.0436710561676969 0.0526315789473684 0.0210435105527016 0.0024539576201519
"другого" 0.0108889760006969 0.0114885306169341 0.049620329298549 0.0302681760397118 0.0492906148005062 0.023706669476346 0.0317662007623888 0.00613496932515337 0.0100779360386993 0.0252631578947368 0.0358977532957851 0.0355823854922026
"дружины" 0.0196001568012544 0.0268065714395129 0 0.00201787840264746 0.0546193299140745 0.00131703719313033 0.01299526394825 0 0 0.00421052631578947 0.110168967011203 0.0564410252634937
"нельзя" 0.0152445664009757 0.0038295102056447 0.0375911585595068 0.0121072704158847 0.0186505028974888 0.0210725950900853 0.0274344461129722 0.0306748466257669 0.0335931201289976 0.0421052631578947 0.0420870211054032 0.0539870676433418
"святополк" 0.00217779520013938 0.128288591889097 0 0 0.0066608938919603 0 0 0 0 0.00210526315789474 0.0458005817911741 0.123924859817671
"xv" 0.00871118080055752 0.0038295102056447 0.00451093902714082 0.0302681760397118 0.107906481049757 0.0184385207038247 0.0693080743906665 0.00204498977505112 0.0100779360386993 0.0821052631578947 0.00247570712384725 0
"зрения" 0 0.00574426530846705 0.181941207428013 0.10291179853502 0.00266435755678412 0.00263407438626067 0.00433175464941666 0.0122699386503067 0.0201558720773985 0.0336842105263158 0.00123785356192362 0
"друг" 0.0326669280020907 0.044039367364914 0.00902187805428163 0.0141251488185322 0.0386331845733697 0.027657781055737 0.0173270185976666 0.0204498977505112 0 0.0210526315789474 0.0445627282292505 0.049079152403038
"многие" 0.0653338560041814 0.0421246122620917 0.0240583414780844 0.048429081663539 0.022647039232665 0.0329259298282584 0.033210118978861 0.0429447852760736 0.013437248051599 0.0168421052631579 0.0160920963050071 0.0073618728604557
"боярской" 0 0 0.00150364634238027 0 0.103909944714581 0.142240016858076 0.00433175464941666 0.016359918200409 0.0235151840902983 0.00421052631578947 0 0
"войско" 0.080578422405157 0.103396775552407 0 0 0 0.007902223158782 0.0245466096800277 0.0122699386503067 0.0100779360386993 0 0.0334220461719379 0.0699377921743291
"всеволод" 0 0.111055795963696 0 0 0.00932525144874442 0 0 0 0 0 0.00123785356192362 0.173004012220709
"развития" 0 0 0.0360875122171265 0.13519785297738 0.0106574302271365 0.00263407438626067 0.00577567286588888 0 0.00335931201289976 0.2 0.00742712137154175 0
"новые" 0.0304891328019513 0.0114885306169341 0.0285692805052252 0.0464112032608915 0.0333044694598015 0.03951111579391 0.0259905278964999 0.0388548057259714 0.0268744961031981 0.0357894736842105 0.0173299498669307 0.0159507245309874
"этому" 0 0 0.0300729268476054 0.0383396896503017 0.0333044694598015 0.0381940786007797 0.0418736282776943 0.0388548057259714 0.0201558720773985 0.0442105263157895 0.0235192176765489 0.0220856185813671
"человека" 0.0370225184023694 0.0402098571592693 0.0360875122171265 0.0363218112476542 0.021314860454273 0.0210725950900853 0.0187709368141388 0.0245398773006135 0.0201558720773985 0.0442105263157895 0.0408491675434796 0.00858885167053165
"должно" 0.0261335424016725 0.00957377551411175 0.049620329298549 0.0201787840264746 0.0133217877839206 0.019755557896955 0.0158831003811944 0.0184049079754601 0.0268744961031981 0.0105263157894737 0.079222627963112 0.025766555011595
"именем" 0.10671196480683 0.112970551066519 0.00451093902714082 0.00605363520794237 0.00799307267035236 0.007902223158782 0.00866350929883331 0.0286298568507157 0.013437248051599 0.00421052631578947 0.0532277031627158 0.0098158304806076
"iii" 0.0239557472015332 0.0076590204112894 0.0150364634238027 0.0262324192344169 0.0812629054819157 0.0724370456221684 0.0144391821647222 0.0204498977505112 0.0235151840902983 0.0168421052631579 0.0049514142476945 0.0110428092906835
"день" 0.0326669280020907 0.0497836326733811 0.00150364634238027 0.00201787840264746 0.00399653633517618 0.023706669476346 0.0476493011435832 0.0245398773006135 0.0268744961031981 0.0126315789473684 0.0247570712384725 0.0711647709844051
"ко" 0.0152445664009757 0.0478688775705587 0.0180437561085633 0.0242145408317695 0.0133217877839206 0.00921926035191234 0.0101074275153055 0.0368098159509202 0.0537489922063961 0.0168421052631579 0.0247570712384725 0.0723917497944811
"самом" 0.0326669280020907 0.0248918163366905 0.0556349146680701 0.0544827168714813 0.0186505028974888 0.0105362975450427 0.0231026914635555 0.0143149284253579 0.0302338081160978 0.04 0.0272327783623197 0.0171777033410633
"изяслава" 0.00435559040027876 0.0899934898326504 0 0 0.0066608938919603 0 0 0 0 0.00421052631578947 0.00866497493346537 0.166869118170329
"отношений" 0 0 0.0360875122171265 0.0141251488185322 0.0626124025844268 0.0342429670213887 0.0144391821647222 0.0265848670756646 0.0167965600644988 0.0631578947368421 0.0272327783623197 0.0184046821511392
"половине" 0.00217779520013938 0 0.00751823171190136 0.0343039328450068 0.0426297209085459 0.0223896322832157 0.118401293750722 0.0102249488752556 0.013437248051599 0.0421052631578947 0.0185678034288544 0.00122697881007595
"многих" 0.063156060804042 0.0593574081874928 0.0240583414780844 0.044393324858244 0.0199826816758809 0.0171214835106943 0.0360979554118055 0.016359918200409 0.0335931201289976 0.00631578947368421 0.019805656990778 0.0122697881007595
"ничего" 0.017422361601115 0.0229770612338682 0.0360875122171265 0.0121072704158847 0.0119896090055285 0.0250237066694763 0.0173270185976666 0.016359918200409 0.0335931201289976 0.00421052631578947 0.039611313981556 0.0687108133642532
"олег" 0.0653338560041814 0.0670164285987822 0 0 0.0066608938919603 0 0 0 0 0 0.0730333601534938 0.0846615378952405
"государство" 0.0239557472015332 0.0153180408225788 0.0180437561085633 0.0625542304820711 0.0133217877839206 0.027657781055737 0.059200646875361 0.0408997955010225 0.0403117441547971 0.0336842105263158 0.0173299498669307 0
"другими" 0.0326669280020907 0.0153180408225788 0.0631531463799714 0.0262324192344169 0.0253113967894491 0.0289748182488673 0.0360979554118055 0.0102249488752556 0.0201558720773985 0.0210526315789474 0.0222813641146252 0.0159507245309874
"московских" 0 0 0 0 0.0546193299140745 0.0539985249183437 0.0765276654730276 0.0899795501022495 0.0470303681805966 0.00421052631578947 0.00123785356192362 0
"первых" 0.0261335424016725 0.0076590204112894 0.0300729268476054 0.044393324858244 0.0426297209085459 0.0171214835106943 0.0101074275153055 0.0286298568507157 0.0369524321418973 0.0484210526315789 0.0321841926100142 0.0147237457209114
"сколько" 0.0108889760006969 0.00574426530846705 0.0390948049018871 0.0161430272211797 0.0239792180110571 0.0421451901801707 0.0346540371953333 0.0204498977505112 0.00335931201289976 0.04 0.0408491675434796 0.0208586397712912
"словам" 0.0283113376018119 0.0134032857197564 0.00451093902714082 0.00807151361058983 0.0106574302271365 0.015804446317564 0.138616148781333 0.0388548057259714 0.0335931201289976 0 0.009902828495389 0.0184046821511392
"вследствие" 0 0.0038295102056447 0.0105255243966619 0.022196662429122 0.0106574302271365 0.00658518596565167 0.0360979554118055 0.00613496932515337 0.00335931201289976 0.0568421052631579 0.079222627963112 0.0503061312131139
"отдельных" 0 0 0.10976618299376 0.100893920132373 0.0199826816758809 0.0184385207038247 0 0.00613496932515337 0.00671862402579952 0.0526315789473684 0.0049514142476945 0.0098158304806076
"той" 0.00217779520013938 0.00191475510282235 0.0556349146680701 0.0403575680529491 0.0333044694598015 0.0210725950900853 0.0231026914635555 0.0388548057259714 0.0537489922063961 0.0442105263157895 0.0148542427430835 0.0122697881007595
"киева" 0.0304891328019513 0.0631869183931375 0 0 0.0133217877839206 0.00131703719313033 0.00144391821647222 0.00613496932515337 0 0 0.0358977532957851 0.125151838627747
"конце" 0.0130667712008363 0.00191475510282235 0.0210510487933238 0.0686078656900135 0.0239792180110571 0.0250237066694763 0.059200646875361 0.0368098159509202 0.0268744961031981 0.0273684210526316 0.0160920963050071 0.0098158304806076
"веков" 0.045733699202927 0.0114885306169341 0.0210510487933238 0.155376637003854 0.0293079331246253 0.0184385207038247 0.00433175464941666 0 0 0.0631578947368421 0.00618926780961812 0
"прямо" 0.00653338560041814 0.0038295102056447 0.0405984512442674 0.0262324192344169 0.0386331845733697 0.0408281529870404 0.0202148550306111 0.0265848670756646 0.013437248051599 0.0294736842105263 0.0284706319242434 0.023312597391443
"исторической" 0.00217779520013938 0 0.180437561085633 0.0887866497164881 0.00266435755678412 0.00263407438626067 0 0.0081799591002045 0.013437248051599 0.0231578947368421 0.00371356068577087 0
"могло" 0.0239557472015332 0.00957377551411175 0.00751823171190136 0.0181609056238271 0.0159861453407047 0.0144874091244337 0.0274344461129722 0.0245398773006135 0.0302338081160978 0.0210526315789474 0.0717955065915702 0.0368093643022785
"новых" 0.0283113376018119 0.0248918163366905 0.00751823171190136 0.0544827168714813 0.0359688270165856 0.035560004214519 0.0101074275153055 0.0286298568507157 0.0335931201289976 0.0505263157894737 0.0210435105527016 0.0073618728604557
"св" 0.063156060804042 0.082334469421361 0.00150364634238027 0.0161430272211797 0.0239792180110571 0.0105362975450427 0.033210118978861 0.00613496932515337 0 0.0105263157894737 0.0284706319242434 0.0343554066821266
"х" 0.0392003136025088 0.00191475510282235 0.00601458536952109 0.11098331214561 0.0106574302271365 0.00526814877252134 0.0288783643294444 0.0122699386503067 0.0268744961031981 0.103157894736842 0.0185678034288544 0.00122697881007595
"эту" 0 0 0.0285692805052252 0.0383396896503017 0.0373010057949777 0.0381940786007797 0.0173270185976666 0.0224948875255624 0.0403117441547971 0.0315789473684211 0.0272327783623197 0.0269935338216709
"юрий" 0 0.00574426530846705 0 0 0.00532871511356824 0 0 0 0.0201558720773985 0 0.00618926780961812 0.209813376522987
"ростислав" 0 0.0842492245241834 0 0 0.00399653633517618 0 0 0 0 0 0.0049514142476945 0.168096096980405
"такого" 0.00435559040027876 0.0076590204112894 0.0511239756409293 0.0262324192344169 0.0333044694598015 0.03951111579391 0.0173270185976666 0.0286298568507157 0.0403117441547971 0.0273684210526316 0.0173299498669307 0.0184046821511392
"ii" 0.0239557472015332 0.0153180408225788 0.0135328170814224 0.0121072704158847 0.0333044694598015 0.0500474133389527 0.0534249740094721 0.0143149284253579 0.00335931201289976 0.0378947368421053 0.0222813641146252 0.0122697881007595
"славяне" 0.261335424016725 0 0.00150364634238027 0.0161430272211797 0.00532871511356824 0 0 0 0 0.0252631578947368 0.0519898496007922 0
"начал" 0.0130667712008363 0.0306360816451576 0.00751823171190136 0.0181609056238271 0.0066608938919603 0.0144874091244337 0.00577567286588888 0.0204498977505112 0.0167965600644988 0.0147368421052632 0.0470384353530977 0.0858885167053165
"выше" 0.00435559040027876 0.00191475510282235 0.0676640854071122 0.0181609056238271 0.0679411176979951 0.0342429670213887 0.0144391821647222 0.0184049079754601 0.00671862402579952 0.0126315789473684 0.019805656990778 0.0098158304806076
"места" 0.017422361601115 0.0287213265423352 0.0135328170814224 0.00605363520794237 0.043961899686938 0.031608892635128 0.0404297100612221 0.0245398773006135 0.0335931201289976 0.0105263157894737 0.0346598997338615 0.0122697881007595
"могут" 0.0370225184023694 0.0153180408225788 0.118788061048042 0.0121072704158847 0.0106574302271365 0.007902223158782 0.0216587732470833 0.0081799591002045 0.013437248051599 0.0210526315789474 0.0247570712384725 0.0098158304806076
"положение" 0 0 0.00751823171190136 0.0141251488185322 0.04529407846533 0.0342429670213887 0.0231026914635555 0.0368098159509202 0.0167965600644988 0.0884210526315789 0.0284706319242434 0.0110428092906835
"самой" 0.0283113376018119 0.0172327959254011 0.0526276219833095 0.070625744092661 0.0133217877839206 0.019755557896955 0.0158831003811944 0.0245398773006135 0.0436710561676969 0.0147368421052632 0.019805656990778 0.0110428092906835
"имеет" 0.0217779520013938 0.0114885306169341 0.0872114878580558 0.0403575680529491 0.0106574302271365 0.00658518596565167 0.0274344461129722 0.016359918200409 0.00335931201289976 0.0378947368421053 0.0334220461719379 0.0049079152403038
"преимущественно" 0.00217779520013938 0.00191475510282235 0.0285692805052252 0.0121072704158847 0.043961899686938 0.027657781055737 0.0548688922259443 0 0 0 0.0705576530296466 0.0098158304806076
"через" 0.00653338560041814 0.0134032857197564 0.00902187805428163 0.0282502976370644 0.0159861453407047 0.035560004214519 0.0115513457317778 0.0552147239263804 0.0638269282450954 0.0231578947368421 0.0235192176765489 0.0380363431123545
"государю" 0.00871118080055752 0.0210623061310458 0 0 0.0119896090055285 0.127752607733642 0.0519810557929999 0.0408997955010225 0.0201558720773985 0 0 0
"пошел" 0.0108889760006969 0.0134032857197564 0 0 0 0.00526814877252134 0 0.0143149284253579 0.00671862402579952 0.00210526315789474 0.0445627282292505 0.14846443601919
"дал" 0.0261335424016725 0.0899934898326504 0.00751823171190136 0.00807151361058983 0.0106574302271365 0.00921926035191234 0.00433175464941666 0.0224948875255624 0.0268744961031981 0 0.0235192176765489 0.0711647709844051
"деятельности" 0.00871118080055752 0.0038295102056447 0.0180437561085633 0.0343039328450068 0.0319722906814094 0.0487303761458224 0.0072195910823611 0.0143149284253579 0.0470303681805966 0.0673684210526316 0.029708485486167 0.0049079152403038
"науки" 0.00217779520013938 0 0.233065183068942 0.0242145408317695 0 0.00263407438626067 0 0.00408997955010225 0.00671862402579952 0.0147368421052632 0 0
"почему" 0.00217779520013938 0.00191475510282235 0.0240583414780844 0.0161430272211797 0.0319722906814094 0.0263407438626067 0.00577567286588888 0.0122699386503067 0.00671862402579952 0.0484210526315789 0.0680819459057993 0.025766555011595
"точно" 0 0 0.0210510487933238 0.0100893920132373 0.0532871511356824 0.043462227373301 0.0173270185976666 0.0245398773006135 0.0201558720773985 0.0126315789473684 0.0259949248003961 0.0392633219224304
"идти" 0.00653338560041814 0.0651016734959599 0.0225546951357041 0.0121072704158847 0.0119896090055285 0.00526814877252134 0.00144391821647222 0.0081799591002045 0.00671862402579952 0.00842105263157895 0.0284706319242434 0.0920234107556963
"одним" 0.0283113376018119 0.0287213265423352 0.0421020975866476 0.0322860544423593 0.0319722906814094 0.0223896322832157 0.0158831003811944 0.016359918200409 0.00335931201289976 0.0315789473684211 0.0272327783623197 0.0122697881007595
"связи" 0.00871118080055752 0.00191475510282235 0.0421020975866476 0.0322860544423593 0.0293079331246253 0.0131703719313033 0.01299526394825 0.0245398773006135 0.0403117441547971 0.0315789473684211 0.0507519960388686 0.0122697881007595
"состав" 0.00435559040027876 0 0.0210510487933238 0.0343039328450068 0.0972490508226204 0.0487303761458224 0.0072195910823611 0.016359918200409 0.0369524321418973 0.0105263157894737 0.009902828495389 0
"веке" 0.137201097608781 0.0172327959254011 0.00300729268476054 0.0161430272211797 0.0106574302271365 0.027657781055737 0.0173270185976666 0.0245398773006135 0.0100779360386993 0.0484210526315789 0.0210435105527016 0.00122697881007595
"грозный" 0.00217779520013938 0 0.00150364634238027 0.00201787840264746 0.00532871511356824 0.00658518596565167 0.00144391821647222 0.081799591002045 0.41991400161247 0 0.00123785356192362 0
"думу" 0 0.00191475510282235 0 0 0.0479584360221142 0.167263723527552 0.0072195910823611 0.00408997955010225 0.0100779360386993 0 0.00247570712384725 0.00368093643022785
"нового" 0.00653338560041814 0.0172327959254011 0.016540109766183 0.0423754464555966 0.0239792180110571 0.035560004214519 0.0115513457317778 0.0470347648261759 0.0470303681805966 0.0189473684210526 0.0358977532957851 0.00858885167053165
"порядок" 0.00871118080055752 0.00957377551411175 0.00902187805428163 0.0181609056238271 0.0732698328115633 0.0684859340427774 0.01299526394825 0.0224948875255624 0.0302338081160978 0.0105263157894737 0.0049514142476945 0.0122697881007595
"хотели" 0.0479114944030663 0.0708459388044269 0.00150364634238027 0.00201787840264746 0.0119896090055285 0.0223896322832157 0.00577567286588888 0.0184049079754601 0.013437248051599 0.00210526315789474 0.029708485486167 0.0613489405037975
"говорил" 0.0108889760006969 0.0746754490100716 0.00451093902714082 0.00605363520794237 0.00799307267035236 0.027657781055737 0.0072195910823611 0.0408997955010225 0.0167965600644988 0.00421052631578947 0.0160920963050071 0.0687108133642532
"исторического" 0.00435559040027876 0.00191475510282235 0.160890158634689 0.0968581633270779 0.00133217877839206 0.00131703719313033 0.00144391821647222 0.00408997955010225 0.013437248051599 0.0189473684210526 0.00247570712384725 0
"ярослава" 0.00871118080055752 0.0555278979818481 0 0 0.021314860454273 0 0 0 0 0.00210526315789474 0.0618926780961812 0.0957043471859241
"боярам" 0 0.0134032857197564 0 0 0.043961899686938 0.126435570540512 0.00577567286588888 0.032719836400818 0.0369524321418973 0.00210526315789474 0.00371356068577087 0.0073618728604557
"каждый" 0.0130667712008363 0.0210623061310458 0.0375911585595068 0.0363218112476542 0.0293079331246253 0.0144874091244337 0.0577567286588888 0 0 0.0336842105263158 0.019805656990778 0.0147237457209114
"могла" 0.0413781088026482 0.0114885306169341 0.00902187805428163 0.0383396896503017 0.0146539665623127 0.0171214835106943 0.0274344461129722 0.0204498977505112 0.0335931201289976 0.0105263157894737 0.059416970972334 0.0134967669108354
"части" 0.00871118080055752 0.00957377551411175 0.0421020975866476 0.0908045281191355 0.0319722906814094 0.011853334738173 0.0274344461129722 0 0.0167965600644988 0.0210526315789474 0.0247570712384725 0.0098158304806076
"iv" 0.0239557472015332 0.0153180408225788 0.00451093902714082 0.044393324858244 0.0479584360221142 0.0605837108839954 0.0360979554118055 0.00613496932515337 0.0100779360386993 0.0168421052631579 0.00742712137154175 0.0073618728604557
"племен" 0.0130667712008363 0 0.00300729268476054 0.0201787840264746 0.0199826816758809 0 0 0.00204498977505112 0 0.00842105263157895 0.162158816611995 0.00858885167053165
"мстислава" 0.00435559040027876 0.082334469421361 0 0 0.0066608938919603 0 0 0 0 0 0.009902828495389 0.143556520778886
"впрочем" 0.0261335424016725 0.00574426530846705 0.0390948049018871 0.022196662429122 0.022647039232665 0.0381940786007797 0.0360979554118055 0.00204498977505112 0 0.0210526315789474 0.0235192176765489 0.025766555011595
"говорили" 0.0196001568012544 0.0670164285987822 0.00751823171190136 0.00403575680529491 0.0119896090055285 0.0381940786007797 0.01299526394825 0.0368098159509202 0.0235151840902983 0.00421052631578947 0.0136163891811599 0.0466251947828861
"одна" 0.0239557472015332 0.0153180408225788 0.0691677317494925 0.0423754464555966 0.0266435755678412 0.019755557896955 0.0202148550306111 0.0143149284253579 0.0167965600644988 0.0168421052631579 0.0148542427430835 0.00858885167053165
"людьми" 0.0261335424016725 0.0076590204112894 0.0195474024509435 0.0100893920132373 0.0412975421301539 0.043462227373301 0.033210118978861 0.0265848670756646 0.0335931201289976 0.0168421052631579 0.0123785356192362 0.0134967669108354
"новгороде" 0 0 0 0 0.0692732964763871 0.00658518596565167 0.0288783643294444 0 0.0268744961031981 0.0126315789473684 0.0371356068577087 0.0638028981239494
"самое" 0.0392003136025088 0.0306360816451576 0.0466130366137884 0.0464112032608915 0.022647039232665 0.0171214835106943 0.0202148550306111 0.0102249488752556 0.00335931201289976 0.0210526315789474 0.019805656990778 0.0110428092906835
"видим" 0.0152445664009757 0.00957377551411175 0.0135328170814224 0.0181609056238271 0.0279757543462333 0.0171214835106943 0.0115513457317778 0.00408997955010225 0.00335931201289976 0.0210526315789474 0.0742712137154175 0.0331284278720506
"явления" 0 0.00191475510282235 0.0571385610104503 0.0363218112476542 0.0199826816758809 0.00658518596565167 0.033210118978861 0 0 0.0905263157894737 0.019805656990778 0.0159507245309874
"будто" 0.0261335424016725 0.0038295102056447 0.033080219532366 0.044393324858244 0.0159861453407047 0.031608892635128 0.0158831003811944 0.0572597137014315 0.0403117441547971 0.00631578947368421 0.0148542427430835 0.0134967669108354
"далее" 0.0326669280020907 0.0229770612338682 0.0255619878204646 0.0262324192344169 0.0133217877839206 0.00921926035191234 0.046205382927111 0.0224948875255624 0.0201558720773985 0.0210526315789474 0.0433248746673269 0.00368093643022785
"едва" 0.045733699202927 0.0516983877762034 0.00751823171190136 0.0181609056238271 0.0346366482381936 0.0250237066694763 0.0274344461129722 0.016359918200409 0.0100779360386993 0.0168421052631579 0.0136163891811599 0.0171777033410633
"крайней" 0.0392003136025088 0.0191475510282235 0.0270656341628449 0.00605363520794237 0.0306401119030174 0.019755557896955 0.0375418736282777 0.0143149284253579 0.0100779360386993 0.04 0.0160920963050071 0.0171777033410633
"населения" 0 0 0.0120291707390422 0.048429081663539 0.0319722906814094 0.0144874091244337 0.0274344461129722 0.016359918200409 0.083982800322494 0.103157894736842 0.00123785356192362 0
"дружина" 0.017422361601115 0.0421246122620917 0 0 0.0266435755678412 0.00131703719313033 0.00144391821647222 0 0 0.00421052631578947 0.0866497493346537 0.0539870676433418
"лучше" 0.0239557472015332 0.0229770612338682 0.0421020975866476 0.0121072704158847 0.0146539665623127 0.0210725950900853 0.0216587732470833 0.0143149284253579 0.013437248051599 0.0126315789473684 0.0247570712384725 0.0392633219224304
"месте" 0.0261335424016725 0.0402098571592693 0.0300729268476054 0.022196662429122 0.0159861453407047 0.0144874091244337 0.0245466096800277 0.0286298568507157 0.0201558720773985 0.00210526315789474 0.029708485486167 0.023312597391443
"следовательно" 0 0 0.0150364634238027 0.0121072704158847 0.0199826816758809 0.0171214835106943 0.0072195910823611 0 0 0.0673684210526316 0.0730333601534938 0.0343554066821266
"взял" 0.0304891328019513 0.0842492245241834 0.00300729268476054 0 0.00932525144874442 0.00526814877252134 0.00144391821647222 0.00408997955010225 0.0167965600644988 0 0.0371356068577087 0.0711647709844051
"влияние" 0 0 0.0210510487933238 0.0746615008979559 0.00932525144874442 0.0131703719313033 0.0101074275153055 0.0102249488752556 0.0369524321418973 0.04 0.0606548245342576 0.0098158304806076
"говоря" 0.0108889760006969 0.0153180408225788 0.0511239756409293 0.0383396896503017 0.021314860454273 0.027657781055737 0.0202148550306111 0.0245398773006135 0.013437248051599 0.0273684210526316 0.019805656990778 0.00613489405037975
"известие" 0.0130667712008363 0.0038295102056447 0.00902187805428163 0 0.00932525144874442 0.0171214835106943 0.0317662007623888 0.00408997955010225 0.00335931201289976 0.00421052631578947 0.079222627963112 0.0515331100231899
"которыми" 0.00435559040027876 0.0038295102056447 0.0375911585595068 0.0282502976370644 0.0426297209085459 0.0184385207038247 0.0649763197412499 0.0102249488752556 0.0167965600644988 0.00631578947368421 0.0148542427430835 0.0098158304806076
"явлений" 0 0 0.0736786707766333 0.0262324192344169 0.0106574302271365 0.00263407438626067 0.0115513457317778 0 0.00335931201289976 0.164210526315789 0.00866497493346537 0.00122697881007595
"московской" 0 0.0038295102056447 0 0 0.0386331845733697 0.051364450532083 0.0288783643294444 0.0920245398773006 0.0806234883095942 0.0105263157894737 0.00247570712384725 0
"всю" 0.0217779520013938 0.0248918163366905 0.0135328170814224 0.0322860544423593 0.0159861453407047 0.0105362975450427 0.0101074275153055 0.0224948875255624 0.0436710561676969 0.0210526315789474 0.0185678034288544 0.0503061312131139
"крестьян" 0.00217779520013938 0 0.00601458536952109 0.00201787840264746 0.0133217877839206 0.0329259298282584 0.0101074275153055 0.098159509202454 0.0335931201289976 0.124210526315789 0 0
"начали" 0.0196001568012544 0.00574426530846705 0.00150364634238027 0.0282502976370644 0.0186505028974888 0.00526814877252134 0.0144391821647222 0.0184049079754601 0.0201558720773985 0.00631578947368421 0.0346598997338615 0.0785266438448608
"некоторых" 0.0392003136025088 0.0153180408225788 0.0375911585595068 0.0282502976370644 0.0253113967894491 0.0223896322832157 0.0303222825459166 0.0081799591002045 0.0167965600644988 0.00631578947368421 0.0346598997338615 0.00368093643022785
"боярства" 0 0 0 0 0.0839272630386998 0.114582235802339 0 0.0184049079754601 0.0100779360386993 0.00421052631578947 0 0
"днепра" 0.045733699202927 0.0344655918508023 0 0 0.0133217877839206 0.00131703719313033 0.0144391821647222 0.00204498977505112 0.00335931201289976 0 0.0816983350869592 0.0441712371627342
"европы" 0.0239557472015332 0.00191475510282235 0.0120291707390422 0.133179974574732 0.00532871511356824 0.00131703719313033 0.0418736282776943 0 0.0235151840902983 0.0273684210526316 0.029708485486167 0
"множество" 0.0217779520013938 0.0612721632903152 0.0180437561085633 0.0181609056238271 0.00932525144874442 0.0105362975450427 0.0404297100612221 0.0102249488752556 0.00335931201289976 0.00631578947368421 0.0210435105527016 0.0392633219224304
"мысль" 0.0239557472015332 0.0038295102056447 0.0255619878204646 0.0302681760397118 0.0266435755678412 0.0605837108839954 0.00288783643294444 0.0286298568507157 0.0604676162321956 0.0168421052631579 0.00123785356192362 0.0122697881007595
"всей" 0.0108889760006969 0.0114885306169341 0.0120291707390422 0.0383396896503017 0.0199826816758809 0.0302918554419977 0.0115513457317778 0.0245398773006135 0.0302338081160978 0.0294736842105263 0.0185678034288544 0.0355823854922026
"иметь" 0.0370225184023694 0.0210623061310458 0.0466130366137884 0.0181609056238271 0.00532871511356824 0.015804446317564 0.0144391821647222 0.0184049079754601 0 0.0105263157894737 0.0458005817911741 0.0220856185813671
"государственного" 0.0130667712008363 0.00574426530846705 0.00902187805428163 0.0141251488185322 0.0266435755678412 0.0777051943946897 0.0144391821647222 0.0204498977505112 0.0369524321418973 0.0568421052631579 0.00247570712384725 0.00122697881007595
"западной" 0.017422361601115 0.0134032857197564 0.0135328170814224 0.133179974574732 0.0066608938919603 0.003951111579391 0.0404297100612221 0.00204498977505112 0.00335931201289976 0.0168421052631579 0.019805656990778 0.0122697881007595
"значит" 0.00435559040027876 0 0.0511239756409293 0.00807151361058983 0.0612802238060348 0.0381940786007797 0.0101074275153055 0.00204498977505112 0.0167965600644988 0.0421052631578947 0.0049514142476945 0.0122697881007595
"силы" 0.0130667712008363 0.0114885306169341 0.0105255243966619 0.0302681760397118 0.0199826816758809 0.0171214835106943 0.00866350929883331 0.0306748466257669 0.0537489922063961 0.0315789473684211 0.0470384353530977 0.0122697881007595
"тебя" 0.00217779520013938 0.0593574081874928 0 0 0.00532871511356824 0.00131703719313033 0 0.0081799591002045 0.00671862402579952 0 0.0210435105527016 0.125151838627747
"котором" 0.00217779520013938 0 0.0421020975866476 0.0242145408317695 0.0333044694598015 0.0329259298282584 0.0346540371953333 0.0102249488752556 0.0201558720773985 0.0147368421052632 0.0222813641146252 0.0122697881007595
"нужно" 0 0.0038295102056447 0.0932260732275769 0.044393324858244 0.0119896090055285 0.0184385207038247 0.00866350929883331 0 0 0.0105263157894737 0.0408491675434796 0.0098158304806076
"xiv" 0.0130667712008363 0.0076590204112894 0.00751823171190136 0.0282502976370644 0.117231732498501 0.00921926035191234 0.00577567286588888 0.00408997955010225 0.00335931201289976 0.0547368421052632 0.0049514142476945 0
"другое" 0.0108889760006969 0.00574426530846705 0.0571385610104503 0.0181609056238271 0.0186505028974888 0.011853334738173 0.0202148550306111 0.0122699386503067 0.0201558720773985 0.0252631578947368 0.039611313981556 0.0134967669108354
"встречаем" 0 0 0.00300729268476054 0.00605363520794237 0.0679411176979951 0.0302918554419977 0.0173270185976666 0.00204498977505112 0 0.0147368421052632 0.0482762889150214 0.024539576201519
"долго" 0.0348447232022301 0.0229770612338682 0.00451093902714082 0.0100893920132373 0.0359688270165856 0.019755557896955 0.0259905278964999 0.0122699386503067 0.0167965600644988 0.0210526315789474 0.0272327783623197 0.023312597391443
"думных" 0 0 0 0 0.0359688270165856 0.160678537561901 0.0115513457317778 0.00204498977505112 0 0 0 0
"имя" 0.0784006272050176 0.0363803469536246 0.0255619878204646 0.00201787840264746 0.00532871511356824 0.0171214835106943 0.0158831003811944 0.0286298568507157 0.0201558720773985 0.00210526315789474 0.0284706319242434 0.0159507245309874
"сего" 0.117600940807526 0.1627541837399 0 0.00201787840264746 0.00133217877839206 0.003951111579391 0.00144391821647222 0.0081799591002045 0.0201558720773985 0.00210526315789474 0.00123785356192362 0.00122697881007595
"моря" 0.100178579206411 0.0134032857197564 0.00150364634238027 0.0686078656900135 0.0066608938919603 0 0.0245466096800277 0.00408997955010225 0.0100779360386993 0.00842105263157895 0.0470384353530977 0
"весь" 0.0283113376018119 0.0038295102056447 0.0135328170814224 0.0383396896503017 0.0306401119030174 0.0171214835106943 0.0274344461129722 0.032719836400818 0.0369524321418973 0.0189473684210526 0.009902828495389 0.0171777033410633
"войска" 0.0370225184023694 0.0229770612338682 0.00150364634238027 0.00201787840264746 0 0.00526814877252134 0.0360979554118055 0.0286298568507157 0.0403117441547971 0.00210526315789474 0.0445627282292505 0.0404903007325063
"другом" 0.017422361601115 0.0306360816451576 0.0315765731899857 0.00605363520794237 0.0333044694598015 0.0263407438626067 0.0187709368141388 0.0184049079754601 0.0100779360386993 0.0126315789473684 0.0259949248003961 0.0134967669108354
"крест" 0.00217779520013938 0.0306360816451576 0 0 0.0159861453407047 0.011853334738173 0.00866350929883331 0.0081799591002045 0.0100779360386993 0 0.00371356068577087 0.125151838627747
"пока" 0 0.0038295102056447 0.0135328170814224 0.0262324192344169 0.0253113967894491 0.0302918554419977 0.0288783643294444 0.0388548057259714 0.0167965600644988 0.0252631578947368 0.0222813641146252 0.0196316609612152
"видеть" 0.0152445664009757 0.0344655918508023 0.0240583414780844 0.0262324192344169 0.0333044694598015 0.0210725950900853 0.0202148550306111 0.0245398773006135 0.013437248051599 0.00210526315789474 0.0148542427430835 0.0208586397712912
"думать" 0.0326669280020907 0.0114885306169341 0.0180437561085633 0.00807151361058983 0.0412975421301539 0.0171214835106943 0.0101074275153055 0.0224948875255624 0.013437248051599 0.00631578947368421 0.0222813641146252 0.0380363431123545
"ей" 0.0348447232022301 0.0134032857197564 0.0195474024509435 0.0302681760397118 0.0199826816758809 0.0460963017595617 0.0158831003811944 0.016359918200409 0.0235151840902983 0.00842105263157895 0.0210435105527016 0.00858885167053165
"отсюда" 0 0.00191475510282235 0.00902187805428163 0.0121072704158847 0.0293079331246253 0.0144874091244337 0.01299526394825 0.00408997955010225 0 0.0568421052631579 0.0643683852200285 0.023312597391443
"путь" 0.0326669280020907 0.0153180408225788 0.0105255243966619 0.0242145408317695 0.0346366482381936 0.00658518596565167 0.0360979554118055 0.0081799591002045 0.013437248051599 0.0105263157894737 0.0420870211054032 0.0122697881007595
"греков" 0.0914673984058539 0.0134032857197564 0.00601458536952109 0.0988760417297254 0.00133217877839206 0.00131703719313033 0.00288783643294444 0.00408997955010225 0 0.00210526315789474 0.0519898496007922 0.00368093643022785
"летописца" 0.0239557472015332 0.00957377551411175 0 0 0.0133217877839206 0.00658518596565167 0 0.0143149284253579 0 0 0.0742712137154175 0.0687108133642532
"народы" 0.0740450368047389 0.0038295102056447 0.0270656341628449 0.137215731380027 0 0 0.00144391821647222 0 0 0.00421052631578947 0.0346598997338615 0.00122697881007595
"правительство" 0.00217779520013938 0.00191475510282235 0.00150364634238027 0.00403575680529491 0.0173183241190968 0.031608892635128 0.0404297100612221 0.10838445807771 0.0604676162321956 0.0105263157894737 0.009902828495389 0
"руки" 0.0217779520013938 0.0363803469536246 0.00300729268476054 0.00403575680529491 0.0279757543462333 0.023706669476346 0.0259905278964999 0.0286298568507157 0.0201558720773985 0.0252631578947368 0.019805656990778 0.0196316609612152
"волость" 0 0.00191475510282235 0 0 0.0199826816758809 0 0.00288783643294444 0.0102249488752556 0 0.00842105263157895 0.0123785356192362 0.14232954196881
"говорят" 0.0261335424016725 0.0306360816451576 0.0270656341628449 0.0161430272211797 0.0133217877839206 0.00263407438626067 0.059200646875361 0.0224948875255624 0.00671862402579952 0.00631578947368421 0.0284706319242434 0.00858885167053165
"дворе" 0.0130667712008363 0.0114885306169341 0.00150364634238027 0 0.0399653633517618 0.0447792645664314 0.0433175464941666 0.0388548057259714 0.00671862402579952 0.0147368421052632 0.0123785356192362 0.0098158304806076
"притом" 0 0.00191475510282235 0.0466130366137884 0.0363218112476542 0.0333044694598015 0.0302918554419977 0.00433175464941666 0.0122699386503067 0.0100779360386993 0.04 0.0136163891811599 0.0159507245309874
"русь" 0.017422361601115 0 0.00150364634238027 0.00605363520794237 0.0253113967894491 0 0 0.0143149284253579 0.00671862402579952 0.0168421052631579 0.0953147242681191 0.0343554066821266
"сторону" 0.0108889760006969 0.0363803469536246 0.0255619878204646 0.0161430272211797 0.0186505028974888 0.00921926035191234 0.0259905278964999 0.016359918200409 0.0268744961031981 0.00631578947368421 0.0259949248003961 0.0306744702518988
"видимому" 0 0 0.00300729268476054 0.00403575680529491 0.0532871511356824 0.0408281529870404 0.00288783643294444 0.0695296523517382 0.0806234883095942 0.0294736842105263 0.00123785356192362 0.0024539576201519
"вся" 0.00871118080055752 0.0076590204112894 0.0210510487933238 0.0383396896503017 0.0133217877839206 0.0223896322832157 0.00866350929883331 0.0265848670756646 0.0604676162321956 0.0273684210526316 0.0148542427430835 0.0269935338216709
"довольно" 0.0130667712008363 0.0038295102056447 0.0225546951357041 0.022196662429122 0.0492906148005062 0.0329259298282584 0.0404297100612221 0.00408997955010225 0 0.0273684210526316 0.0111406820573126 0.0049079152403038
"востока" 0 0 0.00902187805428163 0.211877232277983 0.00133217877839206 0 0.0115513457317778 0.00613496932515337 0.00335931201289976 0.00421052631578947 0.0247570712384725 0.00613489405037975
"известия" 0.0217779520013938 0.0038295102056447 0.0315765731899857 0.00201787840264746 0.00532871511356824 0.00658518596565167 0.0851911747718609 0.00613496932515337 0.00335931201289976 0.00842105263157895 0.0358977532957851 0.0147237457209114
"московском" 0 0 0.00451093902714082 0 0.0319722906814094 0.0487303761458224 0.0779715836894998 0.0511247443762781 0.0235151840902983 0.00210526315789474 0 0
"силу" 0.0239557472015332 0.0114885306169341 0.0180437561085633 0.0343039328450068 0.0173183241190968 0.0368770414076494 0.00433175464941666 0.0245398773006135 0.0302338081160978 0.0147368421052632 0.0284706319242434 0.0122697881007595
"труда" 0.00435559040027876 0 0.0120291707390422 0.00605363520794237 0.0119896090055285 0.011853334738173 0.0101074275153055 0.00613496932515337 0.0100779360386993 0.221052631578947 0.00247570712384725 0
"боярин" 0 0.0134032857197564 0 0 0.0852594418170919 0.047413338952692 0.0173270185976666 0.0143149284253579 0.013437248051599 0.00421052631578947 0.00618926780961812 0.0159507245309874
"боярина" 0.00435559040027876 0.0287213265423352 0 0 0.0746020115899554 0.0447792645664314 0.0115513457317778 0.0122699386503067 0.00335931201289976 0.00631578947368421 0.00866497493346537 0.0220856185813671
"войны" 0.0413781088026482 0.0363803469536246 0.0105255243966619 0.0141251488185322 0.00133217877839206 0.0144874091244337 0.0231026914635555 0.00613496932515337 0.0772641762966944 0.00842105263157895 0.0235192176765489 0.025766555011595
"всеволода" 0.00217779520013938 0.0804197143185387 0 0 0.0159861453407047 0 0 0 0 0 0.00247570712384725 0.114109029337063
"первые" 0.0522670848033451 0.0038295102056447 0.016540109766183 0.0282502976370644 0.0199826816758809 0.00921926035191234 0.01299526394825 0.0184049079754601 0.0503896801934964 0.0421052631578947 0.019805656990778 0.0098158304806076
"пред" 0.017422361601115 0.0306360816451576 0 0 0.00266435755678412 0.00658518596565167 0.0433175464941666 0.0286298568507157 0.0302338081160978 0 0.0321841926100142 0.049079152403038
"царю" 0.00653338560041814 0.0038295102056447 0 0 0.0066608938919603 0.0605837108839954 0.0375418736282777 0.0633946830265849 0.0806234883095942 0 0.0160920963050071 0
"главным" 0.0130667712008363 0.00191475510282235 0.0285692805052252 0.0565005952741288 0.0186505028974888 0.00658518596565167 0.0144391821647222 0.0102249488752556 0.0268744961031981 0.0484210526315789 0.0210435105527016 0.0159507245309874
"совета" 0.0108889760006969 0.00191475510282235 0.00451093902714082 0 0.0959168720442283 0.0698029712359077 0.00288783643294444 0.00408997955010225 0.00335931201289976 0.00631578947368421 0.00247570712384725 0.00613489405037975
"братья" 0.0152445664009757 0.0536131428790258 0.00150364634238027 0.00201787840264746 0.00532871511356824 0.007902223158782 0.00144391821647222 0.0122699386503067 0.00671862402579952 0 0.019805656990778 0.0932503895657722
"всякого" 0.0283113376018119 0.0268065714395129 0.0300729268476054 0.0181609056238271 0.00399653633517618 0.0105362975450427 0.0259905278964999 0.0245398773006135 0.0403117441547971 0.0273684210526316 0.0185678034288544 0.0134967669108354
"дружиною" 0.0196001568012544 0.0631869183931375 0 0 0.0066608938919603 0 0 0 0 0 0.0519898496007922 0.0723917497944811
"известно" 0.017422361601115 0.0076590204112894 0.0360875122171265 0.0423754464555966 0.0186505028974888 0.0184385207038247 0.0115513457317778 0.0102249488752556 0.0201558720773985 0.0526315789473684 0.0185678034288544 0.0049079152403038
"подобно" 0.0609782656039026 0.0536131428790258 0.00902187805428163 0.0161430272211797 0.022647039232665 0.0131703719313033 0.0115513457317778 0.00204498977505112 0.0100779360386993 0.0126315789473684 0.0235192176765489 0.0159507245309874
"совсем" 0.017422361601115 0.00574426530846705 0.049620329298549 0.0544827168714813 0.022647039232665 0.027657781055737 0.0274344461129722 0.0143149284253579 0.013437248051599 0.00842105263157895 0.00123785356192362 0.00368093643022785
"столь" 0.0566226752036239 0.0574426530846705 0.0300729268476054 0.0201787840264746 0.021314860454273 0.00921926035191234 0.00577567286588888 0.0306748466257669 0.0201558720773985 0.0210526315789474 0.00247570712384725 0.00122697881007595
"дань" 0.0544448800034845 0.0172327959254011 0 0.00403575680529491 0.0146539665623127 0.00131703719313033 0.0072195910823611 0.00204498977505112 0.0100779360386993 0.0168421052631579 0.0940768707061955 0.00613489405037975
"всеми" 0.0239557472015332 0.0134032857197564 0.0120291707390422 0.0161430272211797 0.0186505028974888 0.027657781055737 0.0216587732470833 0.0347648261758691 0.0268744961031981 0.0147368421052632 0.0123785356192362 0.023312597391443
"дружину" 0.017422361601115 0.044039367364914 0 0 0.0266435755678412 0 0.00144391821647222 0 0 0.00210526315789474 0.0358977532957851 0.0772996650347848
"знаем" 0.0435559040027876 0.0268065714395129 0.0195474024509435 0.00807151361058983 0.0119896090055285 0.00658518596565167 0.0202148550306111 0.0081799591002045 0.0201558720773985 0.0147368421052632 0.0383734604196324 0.0220856185813671
"одном" 0.00653338560041814 0.0172327959254011 0.0315765731899857 0.0423754464555966 0.0279757543462333 0.0171214835106943 0.0245466096800277 0.0143149284253579 0.00671862402579952 0.0105263157894737 0.0210435105527016 0.0110428092906835
"первой" 0.00871118080055752 0.00957377551411175 0.0270656341628449 0.022196662429122 0.0253113967894491 0.011853334738173 0.0563128104424165 0.00408997955010225 0.00671862402579952 0.0442105263157895 0.0123785356192362 0.00613489405037975
"половцев" 0 0.0957377551411174 0 0 0.00399653633517618 0 0 0 0 0.00210526315789474 0.00123785356192362 0.110428092906836
"весьма" 0.0653338560041814 0.0268065714395129 0.0345838658747463 0.0786972577032508 0 0.00526814877252134 0.00866350929883331 0.0143149284253579 0.00671862402579952 0.0357894736842105 0.00247570712384725 0
"историк" 0.0413781088026482 0.0038295102056447 0.136831817156605 0.0121072704158847 0 0 0 0.0102249488752556 0.0235151840902983 0.00210526315789474 0.0148542427430835 0.00122697881007595
"которую" 0.0130667712008363 0.00574426530846705 0.0225546951357041 0.0262324192344169 0.00932525144874442 0.011853334738173 0.0490932193600554 0.0081799591002045 0.013437248051599 0.0126315789473684 0.0272327783623197 0.025766555011595
"отец" 0.0108889760006969 0.038295102056447 0.00300729268476054 0.00403575680529491 0.0119896090055285 0.0210725950900853 0.00288783643294444 0.00408997955010225 0.013437248051599 0 0.0346598997338615 0.0662568557441013
"трудно" 0.00653338560041814 0 0.0135328170814224 0.0100893920132373 0.0373010057949777 0.027657781055737 0.0303222825459166 0.0122699386503067 0.0167965600644988 0 0.0272327783623197 0.0294474914418228
"греки" 0.0936451936059933 0.0134032857197564 0.00601458536952109 0.0786972577032508 0.00266435755678412 0.00263407438626067 0.00288783643294444 0.0081799591002045 0 0.00210526315789474 0.0458005817911741 0.0024539576201519
"ивана" 0 0 0.00300729268476054 0 0.043961899686938 0.0381940786007797 0 0.0552147239263804 0.100779360386993 0.00421052631578947 0.00247570712384725 0.0220856185813671
"какое" 0.00653338560041814 0.0038295102056447 0.0360875122171265 0.0100893920132373 0.0386331845733697 0.0171214835106943 0.0216587732470833 0.0102249488752556 0.0235151840902983 0.00631578947368421 0.0247570712384725 0.0208586397712912
"период" 0 0 0.0105255243966619 0.070625744092661 0.00532871511356824 0.003951111579391 0.00144391821647222 0.0122699386503067 0.0268744961031981 0.147368421052632 0.00866497493346537 0.0024539576201519
"половины" 0 0.0038295102056447 0.00751823171190136 0.0201787840264746 0.0626124025844268 0.0250237066694763 0.0288783643294444 0.00204498977505112 0 0.0568421052631579 0.0123785356192362 0.0024539576201519
"поэтому" 0 0 0.0360875122171265 0.0403575680529491 0.0199826816758809 0.00921926035191234 0.0101074275153055 0.0286298568507157 0.0436710561676969 0.0568421052631579 0.0123785356192362 0.0073618728604557
"путем" 0.00653338560041814 0.00957377551411175 0.0541312683256898 0.0282502976370644 0.0319722906814094 0.0144874091244337 0 0.0102249488752556 0.0201558720773985 0.0484210526315789 0.0173299498669307 0.0024539576201519
"стало" 0.00217779520013938 0 0.0105255243966619 0.0242145408317695 0.0266435755678412 0.0302918554419977 0.0173270185976666 0.0265848670756646 0.0638269282450954 0.0273684210526316 0.0160920963050071 0.0122697881007595
"вместо" 0.0370225184023694 0.0268065714395129 0.0105255243966619 0.00201787840264746 0.00799307267035236 0.00921926035191234 0.0115513457317778 0.0245398773006135 0.0503896801934964 0.0168421052631579 0.0259949248003961 0.0319014490619747
"д" 0 0 0.0691677317494925 0.0322860544423593 0.0106574302271365 0.0223896322832157 0.0101074275153055 0.0081799591002045 0.0302338081160978 0.0631578947368421 0.00247570712384725 0.00368093643022785
"легко" 0.00435559040027876 0.0038295102056447 0.0105255243966619 0.00807151361058983 0.0133217877839206 0.019755557896955 0.0173270185976666 0.0245398773006135 0.0268744961031981 0.0231578947368421 0.0445627282292505 0.0282205126317468
"русского" 0.0261335424016725 0.00574426530846705 0.016540109766183 0.00201787840264746 0.0253113967894491 0.015804446317564 0.0216587732470833 0.00408997955010225 0.0201558720773985 0.0589473684210526 0.039611313981556 0.00122697881007595
"удельного" 0.00217779520013938 0.0038295102056447 0 0 0.12922134150403 0.0329259298282584 0 0.00408997955010225 0.0235151840902983 0.0168421052631579 0 0
"вы" 0.0130667712008363 0.038295102056447 0.00300729268476054 0.00201787840264746 0.0106574302271365 0.011853334738173 0.00144391821647222 0.0122699386503067 0.0335931201289976 0 0.0222813641146252 0.073618728604557
"год" 0.0130667712008363 0.0210623061310458 0.00300729268476054 0.0100893920132373 0.0106574302271365 0.0210725950900853 0.0375418736282777 0.0184049079754601 0.0403117441547971 0.0252631578947368 0.0160920963050071 0.025766555011595
"делах" 0.017422361601115 0.0134032857197564 0.00300729268476054 0.0100893920132373 0.0359688270165856 0.082973343167211 0.0158831003811944 0.0143149284253579 0.00335931201289976 0.00210526315789474 0.00866497493346537 0.0024539576201519
"которому" 0.00653338560041814 0.0038295102056447 0.0270656341628449 0.0242145408317695 0.0266435755678412 0.023706669476346 0.0115513457317778 0.016359918200409 0.0167965600644988 0.0168421052631579 0.0272327783623197 0.0208586397712912
"политической" 0 0 0.0360875122171265 0.048429081663539 0.0319722906814094 0.0368770414076494 0.00144391821647222 0.0306748466257669 0.0436710561676969 0.0231578947368421 0.00123785356192362 0
"ряд" 0.00217779520013938 0.00191475510282235 0.0285692805052252 0.022196662429122 0.0359688270165856 0.0263407438626067 0.0158831003811944 0.0265848670756646 0.0235151840902983 0.0357894736842105 0.00742712137154175 0.0098158304806076
"иван" 0 0.00191475510282235 0.00300729268476054 0 0.0319722906814094 0.0487303761458224 0.0115513457317778 0.0511247443762781 0.0873421123353937 0 0.00123785356192362 0.0196316609612152
"напр" 0 0 0.102247951281859 0.044393324858244 0 0 0.00577567286588888 0 0 0.0947368421052632 0.00123785356192362 0
"половцы" 0 0.076590204112894 0 0.00201787840264746 0.00133217877839206 0 0 0 0 0.00210526315789474 0.00247570712384725 0.116562986957215
"порядка" 0.00653338560041814 0.00574426530846705 0.00751823171190136 0.00403575680529491 0.0466262572437221 0.067168896849647 0.0144391821647222 0.0102249488752556 0.0235151840902983 0.0105263157894737 0.009902828495389 0.0073618728604557
"последний" 0.00435559040027876 0.0114885306169341 0.00601458536952109 0.00807151361058983 0.0239792180110571 0.0184385207038247 0.0274344461129722 0.0122699386503067 0.0167965600644988 0.00842105263157895 0.0247570712384725 0.0466251947828861
"андрей" 0.00217779520013938 0.0727606939072493 0 0 0.00532871511356824 0 0 0.0265848670756646 0.013437248051599 0.00210526315789474 0.00123785356192362 0.0944773683758482
"детей" 0.0261335424016725 0.0516983877762034 0.00150364634238027 0.00403575680529491 0.0066608938919603 0.007902223158782 0.01299526394825 0.0204498977505112 0.0671862402579952 0.00842105263157895 0.0334220461719379 0.0196316609612152
"последние" 0.00435559040027876 0.00574426530846705 0.033080219532366 0.0282502976370644 0.022647039232665 0.011853334738173 0.0346540371953333 0.016359918200409 0.0167965600644988 0.0126315789473684 0.0210435105527016 0.0147237457209114
"кажется" 0.10671196480683 0.0325508367479799 0.00150364634238027 0 0.0199826816758809 0.0263407438626067 0.0115513457317778 0.0081799591002045 0.013437248051599 0.0168421052631579 0.0111406820573126 0.00368093643022785
"каким" 0.0130667712008363 0.0114885306169341 0.0180437561085633 0.0161430272211797 0.0306401119030174 0.0263407438626067 0.0187709368141388 0.0122699386503067 0.013437248051599 0.00842105263157895 0.0284706319242434 0.0159507245309874
"нашей" 0.0413781088026482 0.0191475510282235 0.0390948049018871 0.0121072704158847 0.022647039232665 0.0131703719313033 0 0.00613496932515337 0.0167965600644988 0.0126315789473684 0.0346598997338615 0.0098158304806076
"наших" 0.0479114944030663 0.0459541224677364 0.0150364634238027 0.00201787840264746 0.0146539665623127 0.007902223158782 0.0072195910823611 0 0.0100779360386993 0.0105263157894737 0.0445627282292505 0.0184046821511392
"нее" 0.00653338560041814 0.0038295102056447 0.0270656341628449 0.0282502976370644 0.0119896090055285 0.0263407438626067 0 0.0368098159509202 0.0201558720773985 0.0189473684210526 0.0321841926100142 0.0159507245309874
"племени" 0.017422361601115 0.00957377551411175 0.00601458536952109 0.00807151361058983 0.0119896090055285 0 0.0072195910823611 0.00204498977505112 0.0100779360386993 0.00210526315789474 0.0668440923438757 0.0539870676433418
"пользу" 0.0108889760006969 0.0038295102056447 0.0210510487933238 0.0161430272211797 0.021314860454273 0.0105362975450427 0.0173270185976666 0.0368098159509202 0.0100779360386993 0.0231578947368421 0.0173299498669307 0.0331284278720506
"братьев" 0.0130667712008363 0.0516983877762034 0 0.00201787840264746 0.00399653633517618 0.007902223158782 0.00288783643294444 0.0102249488752556 0.00335931201289976 0.00842105263157895 0.0272327783623197 0.073618728604557
"конца" 0.00217779520013938 0.00574426530846705 0.0255619878204646 0.022196662429122 0.0479584360221142 0.019755557896955 0.0303222825459166 0.0102249488752556 0.0167965600644988 0.0210526315789474 0.0111406820573126 0.0049079152403038
"общего" 0.00871118080055752 0.0172327959254011 0.0541312683256898 0.0403575680529491 0.0146539665623127 0.0223896322832157 0.00144391821647222 0.0081799591002045 0.0235151840902983 0.0357894736842105 0.00866497493346537 0.0049079152403038
"разные" 0.0239557472015332 0.0076590204112894 0.0616495000375912 0.0302681760397118 0.0146539665623127 0.007902223158782 0.0288783643294444 0.00613496932515337 0 0.0189473684210526 0.0173299498669307 0.00368093643022785
"ту" 0.0130667712008363 0.0134032857197564 0.016540109766183 0.0242145408317695 0.0266435755678412 0.0144874091244337 0.0202148550306111 0.0224948875255624 0.0268744961031981 0.0168421052631579 0.0160920963050071 0.0196316609612152
"государстве" 0.00435559040027876 0.0076590204112894 0.00150364634238027 0.0242145408317695 0.0066608938919603 0.035560004214519 0.0808594201224443 0.0408997955010225 0.013437248051599 0.00842105263157895 0.00123785356192362 0
"далеко" 0.00435559040027876 0.00191475510282235 0.0436057439290279 0.022196662429122 0.0293079331246253 0.0171214835106943 0.0288783643294444 0.016359918200409 0.00671862402579952 0.0294736842105263 0.009902828495389 0.0073618728604557
"новый" 0.017422361601115 0.0325508367479799 0.00300729268476054 0.0282502976370644 0.0266435755678412 0.0210725950900853 0.01299526394825 0.0265848670756646 0.0201558720773985 0.0126315789473684 0.0111406820573126 0.0196316609612152
"последнего" 0.00653338560041814 0.00957377551411175 0.0105255243966619 0.0100893920132373 0.0239792180110571 0.007902223158782 0.0158831003811944 0.0102249488752556 0 0.00842105263157895 0.0334220461719379 0.0552140464534178
"слово" 0.017422361601115 0.0363803469536246 0.0405984512442674 0.00605363520794237 0.0293079331246253 0.007902223158782 0.00433175464941666 0.0122699386503067 0.0167965600644988 0.0210526315789474 0.0222813641146252 0.0110428092906835
"см" 0 0.00191475510282235 0.0751823171190136 0 0.0333044694598015 0.019755557896955 0.0505371375765277 0 0.00335931201289976 0.0189473684210526 0 0
"знать" 0.0261335424016725 0.0153180408225788 0.0375911585595068 0.00807151361058983 0.022647039232665 0.019755557896955 0.0101074275153055 0.0388548057259714 0.013437248051599 0.00210526315789474 0.00742712137154175 0.0208586397712912
"класса" 0 0 0.00451093902714082 0.00605363520794237 0.0719376540331712 0.0566325993046044 0.0187709368141388 0.00613496932515337 0.0235151840902983 0.0126315789473684 0.00371356068577087 0
"московские" 0 0.00191475510282235 0 0 0.0293079331246253 0.03951111579391 0.0418736282776943 0.0613496932515337 0.0671862402579952 0.00631578947368421 0 0
"надобно" 0.0370225184023694 0.0153180408225788 0 0 0.043961899686938 0.0381940786007797 0.0072195910823611 0.0224948875255624 0.013437248051599 0 0.0136163891811599 0.0208586397712912
"наиболее" 0 0 0.0315765731899857 0.048429081663539 0.0266435755678412 0.0223896322832157 0.0274344461129722 0.0224948875255624 0.0403117441547971 0.0189473684210526 0.00247570712384725 0
"виде" 0.00653338560041814 0 0.0526276219833095 0.0141251488185322 0.0119896090055285 0.00921926035191234 0.033210118978861 0.0143149284253579 0.0201558720773985 0.0294736842105263 0.0272327783623197 0.00122697881007595
"назад" 0.00435559040027876 0.00574426530846705 0.0150364634238027 0.0141251488185322 0.00532871511356824 0.00131703719313033 0.01299526394825 0.0184049079754601 0.0100779360386993 0.00421052631578947 0.029708485486167 0.073618728604557
"отношениях" 0.00435559040027876 0 0.0390948049018871 0.0403575680529491 0.0159861453407047 0.0171214835106943 0.0101074275153055 0.0081799591002045 0 0.0189473684210526 0.0272327783623197 0.023312597391443
"суда" 0.0283113376018119 0.0191475510282235 0.00902187805428163 0 0.0359688270165856 0.0342429670213887 0.033210118978861 0.0122699386503067 0.013437248051599 0.0168421052631579 0.009902828495389 0.00368093643022785
"формы" 0.00217779520013938 0 0.0405984512442674 0.0343039328450068 0.0173183241190968 0.0171214835106943 0.0072195910823611 0.00204498977505112 0.00335931201289976 0.0947368421052632 0.0123785356192362 0.00122697881007595
"xii" 0.0239557472015332 0.0076590204112894 0.00300729268476054 0.0201787840264746 0.0746020115899554 0.0131703719313033 0.00577567286588888 0.00204498977505112 0 0.0694736842105263 0.00123785356192362 0.0024539576201519
"гораздо" 0.0304891328019513 0.0134032857197564 0.016540109766183 0.0181609056238271 0.022647039232665 0.0105362975450427 0.0375418736282777 0.0102249488752556 0.00335931201289976 0.0189473684210526 0.0210435105527016 0.0110428092906835
"реки" 0.045733699202927 0.0325508367479799 0 0.0100893920132373 0.00399653633517618 0.00131703719313033 0.0375418736282777 0.00408997955010225 0.00335931201289976 0.0105263157894737 0.0420870211054032 0.0220856185813671
"святополка" 0.00435559040027876 0.0651016734959599 0 0 0.00266435755678412 0 0 0 0 0 0.0371356068577087 0.0797536226549368
"христианства" 0.0370225184023694 0.0038295102056447 0.00451093902714082 0.0585184736767762 0.0066608938919603 0.00263407438626067 0.00144391821647222 0 0 0.00842105263157895 0.0841740422108065 0.0024539576201519
"мономах" 0.00217779520013938 0.082334469421361 0 0 0.00932525144874442 0 0 0 0 0.00631578947368421 0.00123785356192362 0.0944773683758482
"поход" 0.00217779520013938 0.00957377551411175 0.00150364634238027 0.00605363520794237 0.0133217877839206 0.011853334738173 0.0115513457317778 0.0102249488752556 0.0335931201289976 0.00421052631578947 0.0445627282292505 0.0515331100231899
"юрия" 0 0.00574426530846705 0 0 0.00932525144874442 0 0 0 0.0201558720773985 0 0.00123785356192362 0.141102563158734
"двор" 0.0108889760006969 0.0210623061310458 0.00300729268476054 0 0.0239792180110571 0.0223896322832157 0.0274344461129722 0.0429447852760736 0.0201558720773985 0.00210526315789474 0.0111406820573126 0.0269935338216709
"жители" 0.0609782656039026 0.0516983877762034 0 0.0121072704158847 0 0.00263407438626067 0.0216587732470833 0.00204498977505112 0 0.00631578947368421 0.0321841926100142 0.0282205126317468
"значения" 0 0 0.0405984512442674 0.0201787840264746 0.0333044694598015 0.023706669476346 0.01299526394825 0.00204498977505112 0.00671862402579952 0.0484210526315789 0.0136163891811599 0.00613489405037975
"летопись" 0.0108889760006969 0.0038295102056447 0.0120291707390422 0 0.0692732964763871 0.00921926035191234 0 0 0.0167965600644988 0.0252631578947368 0.0408491675434796 0.00858885167053165
"московское" 0 0 0.00150364634238027 0 0.0306401119030174 0.031608892635128 0.046205382927111 0.0695296523517382 0.0403117441547971 0 0.00618926780961812 0
"начала" 0.00217779520013938 0.0038295102056447 0.0255619878204646 0.0464112032608915 0.022647039232665 0.0144874091244337 0.0144391821647222 0.00613496932515337 0.0268744961031981 0.0147368421052632 0.0334220461719379 0.00613489405037975
"пор" 0 0 0.0180437561085633 0.0363218112476542 0.00932525144874442 0.00658518596565167 0.0144391821647222 0.0224948875255624 0.0100779360386993 0.00421052631578947 0.0445627282292505 0.0331284278720506
"послов" 0.0500892896032057 0.0229770612338682 0.00150364634238027 0 0.00799307267035236 0.007902223158782 0.0635324015247776 0.0204498977505112 0.00335931201289976 0 0.0136163891811599 0.0208586397712912
"возможность" 0 0 0.00601458536952109 0.0121072704158847 0.00932525144874442 0.00921926035191234 0.0158831003811944 0.0347648261758691 0.0369524321418973 0.0484210526315789 0.0284706319242434 0.025766555011595
"восток" 0.0239557472015332 0.00191475510282235 0.00150364634238027 0.0565005952741288 0.022647039232665 0.00263407438626067 0.0346540371953333 0.00613496932515337 0.0167965600644988 0 0.0433248746673269 0.00368093643022785
"самые" 0.0675116512043207 0.0153180408225788 0.0270656341628449 0.0201787840264746 0.0159861453407047 0.00921926035191234 0.0115513457317778 0.00408997955010225 0.0100779360386993 0.0105263157894737 0.0259949248003961 0.00613489405037975
"хозяйство" 0 0 0.00451093902714082 0.0201787840264746 0.0106574302271365 0.011853334738173 0.00144391821647222 0.00613496932515337 0.0100779360386993 0.195789473684211 0 0
"являются" 0.00217779520013938 0.00191475510282235 0.0421020975866476 0.0141251488185322 0.0559515086924665 0.00921926035191234 0.00288783643294444 0 0 0.0231578947368421 0.0334220461719379 0.0049079152403038
"дать" 0.0108889760006969 0.0114885306169341 0.0180437561085633 0.00807151361058983 0.0119896090055285 0.0171214835106943 0.0259905278964999 0.0245398773006135 0.0235151840902983 0.00631578947368421 0.0185678034288544 0.0306744702518988
"две" 0.0130667712008363 0.0134032857197564 0.0210510487933238 0.0363218112476542 0.021314860454273 0.0105362975450427 0.0288783643294444 0.0122699386503067 0.0201558720773985 0.0105263157894737 0.0160920963050071 0.0122697881007595
"ист" 0 0 0.00150364634238027 0 0.0532871511356824 0.0974607522916447 0.01299526394825 0 0.00335931201289976 0.00842105263157895 0 0
"последних" 0.00653338560041814 0.0038295102056447 0.0180437561085633 0.0161430272211797 0.0159861453407047 0.011853334738173 0.0274344461129722 0.0081799591002045 0.0201558720773985 0.0105263157894737 0.0470384353530977 0.0134967669108354
"ясно" 0.00435559040027876 0.00574426530846705 0.00601458536952109 0.00201787840264746 0.0159861453407047 0.007902223158782 0.0187709368141388 0.0184049079754601 0.0235151840902983 0.04 0.0408491675434796 0.024539576201519
"нежели" 0.0609782656039026 0.0325508367479799 0.0360875122171265 0.0302681760397118 0.00399653633517618 0 0.0548688922259443 0 0 0 0.00247570712384725 0.00122697881007595
"северо" 0.00871118080055752 0.00191475510282235 0.00300729268476054 0.0100893920132373 0.0239792180110571 0.003951111579391 0.0519810557929999 0 0.00671862402579952 0.0189473684210526 0.0445627282292505 0.0147237457209114
"старший" 0.00871118080055752 0.0210623061310458 0.00150364634238027 0 0.0119896090055285 0.011853334738173 0 0.0143149284253579 0.00335931201289976 0 0.0247570712384725 0.0809806014650127
"степени" 0.00217779520013938 0.00957377551411175 0.0195474024509435 0.0403575680529491 0.0186505028974888 0.0184385207038247 0.0173270185976666 0.0122699386503067 0.00671862402579952 0.0631578947368421 0.00866497493346537 0.0049079152403038
"говорить" 0.0217779520013938 0.00957377551411175 0.0436057439290279 0.0201787840264746 0.00532871511356824 0.0144874091244337 0.00866350929883331 0.016359918200409 0.00335931201289976 0.00842105263157895 0.009902828495389 0.0380363431123545
"городе" 0.0239557472015332 0.0172327959254011 0 0.00605363520794237 0.0133217877839206 0.003951111579391 0.0404297100612221 0.0204498977505112 0.013437248051599 0.00210526315789474 0.0259949248003961 0.0331284278720506
"искать" 0.0239557472015332 0.0248918163366905 0.0150364634238027 0.0100893920132373 0.0106574302271365 0.0171214835106943 0.0072195910823611 0.016359918200409 0.0268744961031981 0.0126315789473684 0.0173299498669307 0.0319014490619747
"новгорода" 0 0 0 0 0.0479584360221142 0.00131703719313033 0.0259905278964999 0.00613496932515337 0.0201558720773985 0.0147368421052632 0.0346598997338615 0.0343554066821266
"политических" 0 0 0.0300729268476054 0.0282502976370644 0.0466262572437221 0.0408281529870404 0.00144391821647222 0.0102249488752556 0.0167965600644988 0.0336842105263158 0 0
"приказов" 0 0 0 0 0.0159861453407047 0.125118533347382 0.0274344461129722 0.00204498977505112 0 0 0 0
"должна" 0.017422361601115 0.0038295102056447 0.0556349146680701 0.0322860544423593 0.00932525144874442 0.00526814877252134 0.0144391821647222 0.00408997955010225 0.0100779360386993 0.0189473684210526 0.0259949248003961 0.00858885167053165
"древней" 0.0413781088026482 0.0134032857197564 0.0195474024509435 0.0403575680529491 0.0279757543462333 0.007902223158782 0.0072195910823611 0.00408997955010225 0 0.0273684210526316 0.0222813641146252 0.0024539576201519
"нами" 0.0239557472015332 0.0191475510282235 0.0375911585595068 0.00605363520794237 0.0106574302271365 0.00263407438626067 0.00433175464941666 0.00613496932515337 0.00671862402579952 0.0442105263157895 0.0160920963050071 0.0306744702518988
"эпоху" 0 0 0.0285692805052252 0.149323001795912 0.00399653633517618 0.00131703719313033 0.00288783643294444 0.0102249488752556 0.00335931201289976 0.04 0.00247570712384725 0
"борьба" 0.00217779520013938 0 0.00902187805428163 0.0161430272211797 0.00799307267035236 0.007902223158782 0.0115513457317778 0.0388548057259714 0.0100779360386993 0.0105263157894737 0.0321841926100142 0.0453982159728102
"оба" 0.00435559040027876 0.0038295102056447 0.0180437561085633 0.0242145408317695 0.0239792180110571 0.0263407438626067 0.00433175464941666 0.00613496932515337 0.0167965600644988 0.00631578947368421 0.019805656990778 0.0355823854922026
"отдельные" 0 0 0.0706713780918728 0.0524648384688339 0.0106574302271365 0.0105362975450427 0.00288783643294444 0.00204498977505112 0.00335931201289976 0.0547368421052632 0.00742712137154175 0
"действительно" 0.0261335424016725 0.0248918163366905 0.0285692805052252 0.044393324858244 0.00133217877839206 0.007902223158782 0.0101074275153055 0.0224948875255624 0.0335931201289976 0.00842105263157895 0.00866497493346537 0.0147237457209114
"культуры" 0 0 0.0451093902714082 0.147305123393264 0 0 0.00433175464941666 0.00204498977505112 0 0.0357894736842105 0 0
"например" 0.017422361601115 0.00574426530846705 0.00601458536952109 0.0302681760397118 0.0133217877839206 0.0263407438626067 0.00288783643294444 0.0429447852760736 0.013437248051599 0.0126315789473684 0.0284706319242434 0.0098158304806076
"начало" 0.017422361601115 0.0076590204112894 0.0120291707390422 0.0565005952741288 0.00932525144874442 0.00658518596565167 0.0115513457317778 0.0143149284253579 0.013437248051599 0.0168421052631579 0.0383734604196324 0.0073618728604557
"несмотря" 0.0130667712008363 0.0172327959254011 0.00300729268476054 0.00605363520794237 0.00133217877839206 0.00131703719313033 0.0259905278964999 0.0122699386503067 0.0167965600644988 0.0147368421052632 0.039611313981556 0.0417172795425823
"отношение" 0 0 0.0601458536952109 0.0201787840264746 0.0266435755678412 0.0289748182488673 0.00144391821647222 0.016359918200409 0 0.0252631578947368 0.009902828495389 0.00368093643022785
"первого" 0.0261335424016725 0.0172327959254011 0.00902187805428163 0.0201787840264746 0.0119896090055285 0.0250237066694763 0.01299526394825 0.0102249488752556 0.00671862402579952 0.0252631578947368 0.0222813641146252 0.0159507245309874
"пришел" 0.00435559040027876 0.0153180408225788 0.00150364634238027 0 0.00399653633517618 0.00131703719313033 0 0.0081799591002045 0.00335931201289976 0 0.0358977532957851 0.0920234107556963
"ростислава" 0 0.0612721632903152 0 0 0 0 0 0 0 0 0.00371356068577087 0.10920111409676
"связь" 0.017422361601115 0.0038295102056447 0.0180437561085633 0.0121072704158847 0.0119896090055285 0.00921926035191234 0.00577567286588888 0.0081799591002045 0.00671862402579952 0.0189473684210526 0.0569412638484867 0.0184046821511392
"столько" 0.00653338560041814 0.00191475510282235 0.0255619878204646 0.0121072704158847 0.022647039232665 0.0210725950900853 0.0418736282776943 0.0122699386503067 0 0.0126315789473684 0.0160920963050071 0.0122697881007595
"фактов" 0 0 0.160890158634689 0.0100893920132373 0.0066608938919603 0 0 0 0.00335931201289976 0.0126315789473684 0 0
"x" 0.0108889760006969 0.00574426530846705 0.00601458536952109 0.0201787840264746 0.0532871511356824 0.015804446317564 0.01299526394825 0.00408997955010225 0 0.0821052631578947 0 0
"движение" 0.00217779520013938 0.0038295102056447 0.0135328170814224 0.0262324192344169 0.0159861453407047 0.0131703719313033 0.0433175464941666 0.00613496932515337 0.013437248051599 0.0147368421052632 0.0309463390480906 0.00858885167053165
"жителей" 0.0348447232022301 0.0536131428790258 0.00150364634238027 0.0181609056238271 0.00133217877839206 0 0.0519810557929999 0.00613496932515337 0 0 0.0148542427430835 0.0208586397712912
"изяславу" 0.00217779520013938 0.0574426530846705 0 0 0 0 0 0 0 0 0.00247570712384725 0.110428092906836
"умер" 0.00871118080055752 0.0248918163366905 0 0.00201787840264746 0.00532871511356824 0.00131703719313033 0 0.0265848670756646 0.013437248051599 0 0.0272327783623197 0.074845707414633
"вопросы" 0.00217779520013938 0 0.0646567927223517 0.0141251488185322 0.0173183241190968 0.0526814877252134 0 0.00408997955010225 0.0167965600644988 0.0126315789473684 0.0049514142476945 0.00122697881007595
"людям" 0.017422361601115 0.0038295102056447 0.00902187805428163 0.00807151361058983 0.0199826816758809 0.0381940786007797 0.0360979554118055 0.0286298568507157 0.0167965600644988 0.00842105263157895 0.00618926780961812 0.00613489405037975
"развитие" 0 0 0.0210510487933238 0.115019068950905 0.0106574302271365 0.00526814877252134 0.0158831003811944 0.00204498977505112 0.013437248051599 0.0421052631578947 0.00371356068577087 0
"разумеется" 0 0.00191475510282235 0.016540109766183 0.00605363520794237 0.00932525144874442 0.0171214835106943 0.0173270185976666 0.0224948875255624 0.00671862402579952 0.0168421052631579 0.049514142476945 0.0171777033410633
"случаях" 0.0130667712008363 0.00191475510282235 0.0736786707766333 0.00807151361058983 0.0279757543462333 0.023706669476346 0.00577567286588888 0.0143149284253579 0 0.0105263157894737 0.00742712137154175 0.00122697881007595
"торговли" 0.0152445664009757 0.0038295102056447 0.00300729268476054 0.0302681760397118 0.0186505028974888 0.00526814877252134 0.0505371375765277 0.00408997955010225 0.0100779360386993 0.0357894736842105 0.0235192176765489 0.0024539576201519
"точки" 0 0 0.0962333659123374 0.070625744092661 0.00266435755678412 0.00263407438626067 0.00288783643294444 0.0122699386503067 0.013437248051599 0.0147368421052632 0 0
"ix" 0.0413781088026482 0.00574426530846705 0.00601458536952109 0.0363218112476542 0.0306401119030174 0.0184385207038247 0.0101074275153055 0.00408997955010225 0 0.0126315789473684 0.0321841926100142 0
"большой" 0.00217779520013938 0 0.00601458536952109 0.022196662429122 0.0119896090055285 0.0184385207038247 0.0360979554118055 0.0265848670756646 0.0235151840902983 0.0210526315789474 0.0210435105527016 0.0122697881007595
"великим" 0.0304891328019513 0.0497836326733811 0.00300729268476054 0.00807151361058983 0.0253113967894491 0.0144874091244337 0.00288783643294444 0.0286298568507157 0.0335931201289976 0.00421052631578947 0.0049514142476945 0.0159507245309874
"времена" 0.0544448800034845 0.0038295102056447 0.0255619878204646 0.0423754464555966 0.00799307267035236 0.007902223158782 0.00144391821647222 0.0102249488752556 0 0.0126315789473684 0.0358977532957851 0.00368093643022785
"севере" 0.0130667712008363 0 0 0.0141251488185322 0.0279757543462333 0.00131703719313033 0.0101074275153055 0.00613496932515337 0.00671862402579952 0.0168421052631579 0.0408491675434796 0.0404903007325063
"земля" 0.017422361601115 0.0172327959254011 0.00150364634238027 0.00201787840264746 0.0199826816758809 0.0171214835106943 0.0101074275153055 0.016359918200409 0.0167965600644988 0.0336842105263158 0.0259949248003961 0.0196316609612152
"исторических" 0.00435559040027876 0 0.123299000075182 0.0403575680529491 0.00399653633517618 0.00131703719313033 0.00433175464941666 0.00204498977505112 0 0.0126315789473684 0.00247570712384725 0
"историю" 0.0239557472015332 0.00191475510282235 0.0751823171190136 0.0786972577032508 0.00399653633517618 0.00131703719313033 0.00433175464941666 0.00204498977505112 0.00671862402579952 0.0105263157894737 0.0049514142476945 0
"новое" 0.00217779520013938 0.0153180408225788 0.016540109766183 0.0605363520794237 0.021314860454273 0.023706669476346 0.00577567286588888 0.00613496932515337 0.0100779360386993 0.0105263157894737 0.0185678034288544 0.0073618728604557
"будут" 0.0196001568012544 0.0229770612338682 0.033080219532366 0.00807151361058983 0.0106574302271365 0.0105362975450427 0.0101074275153055 0 0.0167965600644988 0.00421052631578947 0.0284706319242434 0.023312597391443
"взять" 0.00653338560041814 0.0459541224677364 0.00300729268476054 0 0.00532871511356824 0.00921926035191234 0.0072195910823611 0.0245398773006135 0.013437248051599 0.00631578947368421 0.0247570712384725 0.0429442583526582
"европе" 0.045733699202927 0.00191475510282235 0.0120291707390422 0.100893920132373 0 0.00131703719313033 0.0274344461129722 0.00408997955010225 0.0100779360386993 0.0126315789473684 0.00866497493346537 0.00122697881007595
"лиц" 0 0 0.0270656341628449 0.00201787840264746 0.04529407846533 0.031608892635128 0.0101074275153055 0.0306748466257669 0.0167965600644988 0.0252631578947368 0.00247570712384725 0.00122697881007595
"относительно" 0 0 0.0315765731899857 0.0100893920132373 0 0.00131703719313033 0.0187709368141388 0.00408997955010225 0.013437248051599 0.0105263157894737 0.0569412638484867 0.0269935338216709
"римской" 0 0 0.0225546951357041 0.185644813043566 0.00133217877839206 0.00131703719313033 0.00288783643294444 0 0.00335931201289976 0.0126315789473684 0.00123785356192362 0
"условия" 0.0108889760006969 0.00957377551411175 0.0285692805052252 0.0383396896503017 0.0146539665623127 0.0144874091244337 0.00577567286588888 0.0143149284253579 0.0201558720773985 0.0463157894736842 0.00742712137154175 0.0049079152403038
"церковь" 0.0283113376018119 0.0402098571592693 0.00150364634238027 0.0423754464555966 0.00532871511356824 0.00263407438626067 0.0101074275153055 0.0122699386503067 0.0100779360386993 0 0.0420870211054032 0.00858885167053165
"членов" 0 0 0.00451093902714082 0.00605363520794237 0.0279757543462333 0.071120008429038 0.0101074275153055 0.0102249488752556 0.013437248051599 0.00842105263157895 0.0185678034288544 0.00368093643022785
"благодаря" 0.00217779520013938 0 0.016540109766183 0.0322860544423593 0.0253113967894491 0.0302918554419977 0.033210118978861 0.0122699386503067 0.0167965600644988 0.00631578947368421 0.00371356068577087 0.0098158304806076
"видя" 0.0326669280020907 0.0631869183931375 0 0.00403575680529491 0.00266435755678412 0.00131703719313033 0.0101074275153055 0.00408997955010225 0.00335931201289976 0 0.0160920963050071 0.0515331100231899
"владения" 0.0239557472015332 0.00957377551411175 0.00150364634238027 0.0181609056238271 0.0426297209085459 0.00131703719313033 0.0115513457317778 0.00408997955010225 0.00671862402579952 0.0147368421052632 0.039611313981556 0.0098158304806076
"друга" 0.0152445664009757 0.038295102056447 0.00451093902714082 0.0121072704158847 0.0146539665623127 0.00921926035191234 0.01299526394825 0.0143149284253579 0 0.0126315789473684 0.0272327783623197 0.024539576201519
"наука" 0.00217779520013938 0 0.141342756183746 0.0141251488185322 0 0 0 0.00204498977505112 0.00335931201289976 0.0273684210526316 0.00123785356192362 0
"отвечал" 0 0.0038295102056447 0.00150364634238027 0.00201787840264746 0.0066608938919603 0.007902223158782 0.0144391821647222 0.00204498977505112 0.00335931201289976 0 0.0259949248003961 0.0858885167053165
"политические" 0 0 0.0105255243966619 0.0363218112476542 0.0519549723572903 0.047413338952692 0.00144391821647222 0.00408997955010225 0.0201558720773985 0.0168421052631579 0.00123785356192362 0
"рядом" 0.00217779520013938 0.00191475510282235 0.0270656341628449 0.0262324192344169 0.0546193299140745 0.023706669476346 0.00577567286588888 0.0081799591002045 0.0201558720773985 0.0126315789473684 0.00618926780961812 0.00122697881007595
"больших" 0.00653338560041814 0 0.0105255243966619 0.0161430272211797 0.0399653633517618 0.019755557896955 0.0389857918447499 0.00613496932515337 0.0201558720773985 0.0147368421052632 0.0136163891811599 0
"вполне" 0 0 0.0466130366137884 0.0161430272211797 0.0106574302271365 0.0289748182488673 0.00577567286588888 0.0081799591002045 0.013437248051599 0.0568421052631579 0.009902828495389 0.00122697881007595
"закон" 0.00871118080055752 0.00957377551411175 0.0105255243966619 0.0121072704158847 0.0119896090055285 0.0460963017595617 0.01299526394825 0.00613496932515337 0.00335931201289976 0.0589473684210526 0.0123785356192362 0
"купцы" 0.0239557472015332 0.0114885306169341 0 0 0.0106574302271365 0.00131703719313033 0.092410765854222 0.0081799591002045 0 0.0168421052631579 0.0160920963050071 0.0024539576201519
"название" 0.00653338560041814 0 0.033080219532366 0.00403575680529491 0.0173183241190968 0.007902223158782 0.0115513457317778 0.00204498977505112 0.0100779360386993 0.0231578947368421 0.0482762889150214 0.0110428092906835
"причем" 0.00217779520013938 0 0.0255619878204646 0.0302681760397118 0.00133217877839206 0.00658518596565167 0 0.016359918200409 0.00671862402579952 0.0610526315789474 0.0222813641146252 0.025766555011595
"роль" 0 0 0.049620329298549 0.0827330145085457 0.00932525144874442 0.00263407438626067 0 0.0204498977505112 0.013437248051599 0.0231578947368421 0.00618926780961812 0.0049079152403038
"стороне" 0.0130667712008363 0.0172327959254011 0.016540109766183 0.0121072704158847 0.00932525144874442 0.00658518596565167 0.0231026914635555 0.00613496932515337 0.00671862402579952 0.00842105263157895 0.0259949248003961 0.0331284278720506
"числе" 0.0108889760006969 0.0172327959254011 0.0225546951357041 0.00807151361058983 0.0319722906814094 0.0250237066694763 0.0101074275153055 0.0143149284253579 0.013437248051599 0.00631578947368421 0.009902828495389 0.0147237457209114
"борьбы" 0 0 0.00751823171190136 0.0121072704158847 0.0173183241190968 0.011853334738173 0.0115513457317778 0.032719836400818 0.0436710561676969 0.00842105263157895 0.019805656990778 0.0319014490619747
"брату" 0.00871118080055752 0.0555278979818481 0 0 0.00532871511356824 0 0 0.0122699386503067 0.00671862402579952 0 0.00371356068577087 0.0834345590851646
"князьями" 0.00435559040027876 0.0229770612338682 0.00150364634238027 0 0.0333044694598015 0.007902223158782 0.00433175464941666 0.00204498977505112 0.00335931201289976 0.00631578947368421 0.029708485486167 0.0466251947828861
"московский" 0 0 0.00150364634238027 0 0.043961899686938 0.043462227373301 0.0346540371953333 0.0286298568507157 0.0302338081160978 0.00421052631578947 0 0
"племена" 0.0130667712008363 0 0.00150364634238027 0.0141251488185322 0.0119896090055285 0 0.0101074275153055 0 0.00335931201289976 0.00210526315789474 0.101503992077737 0.0024539576201519
"послы" 0.045733699202927 0.0306360816451576 0 0 0.00532871511356824 0.007902223158782 0.0404297100612221 0.0184049079754601 0.0100779360386993 0 0.0235192176765489 0.0122697881007595
"приказа" 0 0 0 0 0.0133217877839206 0.11853334738173 0.0173270185976666 0 0.00335931201289976 0 0.00123785356192362 0.0024539576201519
"сначала" 0.00653338560041814 0 0.00300729268476054 0.0504469600661864 0.00532871511356824 0.00921926035191234 0.00288783643294444 0.0122699386503067 0.00335931201289976 0.0463157894736842 0.0247570712384725 0.0294474914418228
"стран" 0.00217779520013938 0.00191475510282235 0.0375911585595068 0.0948402849244305 0.00133217877839206 0.00131703719313033 0.0216587732470833 0.00408997955010225 0.00335931201289976 0.0252631578947368 0.0111406820573126 0.00122697881007595
"стране" 0.0196001568012544 0.00574426530846705 0.0240583414780844 0.00807151361058983 0.0119896090055285 0.00131703719313033 0.0346540371953333 0.00408997955010225 0.0201558720773985 0.0168421052631579 0.0383734604196324 0.00368093643022785
"взяли" 0.0196001568012544 0.0497836326733811 0 0 0.00399653633517618 0.00131703719313033 0.00288783643294444 0.00408997955010225 0.0201558720773985 0.00210526315789474 0.0111406820573126 0.0687108133642532
"общее" 0.0196001568012544 0.00574426530846705 0.0421020975866476 0.0322860544423593 0.0159861453407047 0.0144874091244337 0.00144391821647222 0.0122699386503067 0.0268744961031981 0.0168421052631579 0.0123785356192362 0.00368093643022785
"чисто" 0 0 0.0736786707766333 0.0565005952741288 0.00932525144874442 0.007902223158782 0.0101074275153055 0.00408997955010225 0.00335931201289976 0.0210526315789474 0.00371356068577087 0.0024539576201519
"быта" 0 0 0.0300729268476054 0.0524648384688339 0.00932525144874442 0.00263407438626067 0.00288783643294444 0.00204498977505112 0.0100779360386993 0.00842105263157895 0.0581791174104103 0.0024539576201519
"западе" 0.00217779520013938 0.0038295102056447 0.0105255243966619 0.0968581633270779 0.00266435755678412 0.00131703719313033 0.00577567286588888 0 0.0100779360386993 0.0273684210526316 0.0284706319242434 0.0122697881007595
"игорь" 0.0479114944030663 0.0478688775705587 0 0 0.00133217877839206 0 0 0 0 0.00210526315789474 0.0358977532957851 0.0441712371627342
"идет" 0.0108889760006969 0.0210623061310458 0.0225546951357041 0.00201787840264746 0.00799307267035236 0.007902223158782 0 0.0081799591002045 0.00335931201289976 0.0168421052631579 0.0247570712384725 0.0453982159728102
"имела" 0.00871118080055752 0.0210623061310458 0.00601458536952109 0.0242145408317695 0.0173183241190968 0.0144874091244337 0.0375418736282777 0.016359918200409 0.0100779360386993 0.0126315789473684 0.0148542427430835 0.0049079152403038
"общество" 0.00217779520013938 0 0.00902187805428163 0.0282502976370644 0.0492906148005062 0.00658518596565167 0.00866350929883331 0.0081799591002045 0 0.0610526315789474 0.0136163891811599 0.00122697881007595
"сих" 0.0914673984058539 0.0306360816451576 0.016540109766183 0.0181609056238271 0.00266435755678412 0.00131703719313033 0.00288783643294444 0.00408997955010225 0.00335931201289976 0 0.0160920963050071 0.0184046821511392
"сомнения" 0.0675116512043207 0.0306360816451576 0.0120291707390422 0 0 0 0.01299526394825 0.0081799591002045 0.0167965600644988 0.0210526315789474 0.0210435105527016 0.0171777033410633
"трех" 0.0304891328019513 0.0191475510282235 0.00601458536952109 0.0343039328450068 0.0279757543462333 0.015804446317564 0 0.00613496932515337 0.013437248051599 0.0252631578947368 0.0123785356192362 0.00858885167053165
"боярство" 0 0 0 0 0.0692732964763871 0.0724370456221684 0 0.0122699386503067 0 0 0 0
"восточной" 0.017422361601115 0.0134032857197564 0.00150364634238027 0.0625542304820711 0.0146539665623127 0.00263407438626067 0.0274344461129722 0 0 0.00842105263157895 0.0259949248003961 0.0110428092906835
"земель" 0.0130667712008363 0.00191475510282235 0.00451093902714082 0.0141251488185322 0.0279757543462333 0.019755557896955 0.0259905278964999 0.0204498977505112 0.0571083042192959 0.0126315789473684 0.00371356068577087 0.0073618728604557
"можем" 0.0392003136025088 0.0153180408225788 0.0421020975866476 0.0262324192344169 0.00532871511356824 0.00131703719313033 0.00433175464941666 0.00204498977505112 0.00671862402579952 0.0252631578947368 0.019805656990778 0.00858885167053165
"москва" 0 0.00574426530846705 0.00150364634238027 0.00201787840264746 0.0066608938919603 0.00658518596565167 0.033210118978861 0.100204498977505 0.0671862402579952 0 0.00742712137154175 0
"одному" 0.0130667712008363 0.00574426530846705 0.0195474024509435 0.0181609056238271 0.0306401119030174 0.0144874091244337 0.0274344461129722 0.0102249488752556 0 0.00631578947368421 0.019805656990778 0.00613489405037975
"сильно" 0.00435559040027876 0 0.00451093902714082 0.0121072704158847 0.00266435755678412 0.00131703719313033 0.0274344461129722 0 0.00671862402579952 0.0189473684210526 0.029708485486167 0.0552140464534178
"востоке" 0 0.00191475510282235 0.00150364634238027 0.0887866497164881 0.00532871511356824 0.00131703719313033 0.0173270185976666 0.0122699386503067 0.00671862402579952 0.00421052631578947 0.0321841926100142 0.0159507245309874
"делать" 0.0108889760006969 0.00574426530846705 0.0210510487933238 0.0100893920132373 0.00932525144874442 0.0289748182488673 0.00577567286588888 0.016359918200409 0.00671862402579952 0.00421052631578947 0.019805656990778 0.0294474914418228
"затем" 0 0 0.016540109766183 0.0242145408317695 0.00266435755678412 0.003951111579391 0.01299526394825 0.065439672801636 0.0335931201289976 0.0610526315789474 0.00371356068577087 0.00122697881007595
"одних" 0.017422361601115 0.00574426530846705 0.0390948049018871 0.0302681760397118 0.0186505028974888 0.007902223158782 0.00288783643294444 0.00408997955010225 0.0268744961031981 0.0189473684210526 0.0148542427430835 0.00858885167053165
"пошли" 0.00217779520013938 0.00574426530846705 0 0.00605363520794237 0.00133217877839206 0.00263407438626067 0.00144391821647222 0.0122699386503067 0.00671862402579952 0.0105263157894737 0.0185678034288544 0.0895694531355443
"таком" 0.00653338560041814 0.0153180408225788 0.033080219532366 0.0161430272211797 0.0253113967894491 0.0144874091244337 0.0259905278964999 0.00613496932515337 0.00335931201289976 0.00631578947368421 0.0148542427430835 0.0049079152403038
"кого" 0.00653338560041814 0.0038295102056447 0.0195474024509435 0.00201787840264746 0.0146539665623127 0.0263407438626067 0.0115513457317778 0.0265848670756646 0.0167965600644988 0.0105263157894737 0.019805656990778 0.0171777033410633
"необходимо" 0 0.0038295102056447 0.0120291707390422 0.0100893920132373 0 0.003951111579391 0.00433175464941666 0.0122699386503067 0.013437248051599 0.0421052631578947 0.0569412638484867 0.0171777033410633
"пришли" 0.0108889760006969 0.00574426530846705 0.00451093902714082 0.0161430272211797 0.0119896090055285 0.0131703719313033 0.00144391821647222 0.00204498977505112 0 0.00210526315789474 0.0358977532957851 0.0503061312131139
"самый" 0.0283113376018119 0.0114885306169341 0.0135328170814224 0.0181609056238271 0.0119896090055285 0.015804446317564 0.0144391821647222 0.0184049079754601 0.0100779360386993 0.00210526315789474 0.009902828495389 0.0269935338216709
"самым" 0.00653338560041814 0.00957377551411175 0.0255619878204646 0.0201787840264746 0.0066608938919603 0.0171214835106943 0.0216587732470833 0.0102249488752556 0.0167965600644988 0.0210526315789474 0.019805656990778 0.00858885167053165
"самых" 0.0479114944030663 0.0153180408225788 0.0150364634238027 0.0161430272211797 0.00932525144874442 0.0210725950900853 0.0072195910823611 0.0081799591002045 0.00671862402579952 0.0105263157894737 0.0185678034288544 0.0110428092906835
"старшего" 0.00217779520013938 0.0114885306169341 0 0.00201787840264746 0.00932525144874442 0.00131703719313033 0 0.00204498977505112 0.00335931201289976 0 0.0346598997338615 0.0797536226549368
"берегах" 0.0609782656039026 0.0746754490100716 0 0.0100893920132373 0.00133217877839206 0 0.00144391821647222 0.00408997955010225 0.00335931201289976 0.00210526315789474 0.0358977532957851 0.00368093643022785
"государем" 0.0108889760006969 0.0325508367479799 0 0 0.0146539665623127 0.0658518596565167 0.0115513457317778 0.0286298568507157 0.0167965600644988 0 0 0
"ещё" 0 0 0 0 0 0 0.158831003811944 0 0 0 0 0
"одну" 0.0196001568012544 0.0134032857197564 0.0180437561085633 0.022196662429122 0.0106574302271365 0.0105362975450427 0.0288783643294444 0.0102249488752556 0.0201558720773985 0.0126315789473684 0.0148542427430835 0.0073618728604557
"помощь" 0.0130667712008363 0.0210623061310458 0.00150364634238027 0.00201787840264746 0.00399653633517618 0 0.00577567286588888 0.0081799591002045 0.0167965600644988 0.00421052631578947 0.00866497493346537 0.0809806014650127
"предание" 0.0196001568012544 0 0 0 0.0133217877839206 0.00263407438626067 0 0.00613496932515337 0 0.00210526315789474 0.09902828495389 0.00613489405037975
"цивилизации" 0 0 0.033080219532366 0.175555421030329 0 0 0 0 0 0 0.00123785356192362 0
"шли" 0.0152445664009757 0.00957377551411175 0.00150364634238027 0 0.0199826816758809 0.023706669476346 0.0216587732470833 0.0224948875255624 0.0201558720773985 0.00631578947368421 0.0173299498669307 0.0184046821511392
"волги" 0.0217779520013938 0.0076590204112894 0.00150364634238027 0.00201787840264746 0.0186505028974888 0.00526814877252134 0.0563128104424165 0.00408997955010225 0.0167965600644988 0.00210526315789474 0.0334220461719379 0.00122697881007595
"главе" 0.00435559040027876 0.00574426530846705 0.0150364634238027 0.0141251488185322 0.0333044694598015 0.0421451901801707 0.00866350929883331 0.0204498977505112 0.0201558720773985 0.0105263157894737 0.00371356068577087 0
"другую" 0.017422361601115 0.00957377551411175 0.0240583414780844 0.0262324192344169 0.00932525144874442 0.0131703719313033 0.0245466096800277 0.00613496932515337 0.0235151840902983 0.00842105263157895 0.0123785356192362 0.0110428092906835
"лица" 0.00871118080055752 0.00191475510282235 0.016540109766183 0.0100893920132373 0.0412975421301539 0.0289748182488673 0.00866350929883331 0.0184049079754601 0.0201558720773985 0.0189473684210526 0.0049514142476945 0.00122697881007595
"новой" 0.0152445664009757 0.0114885306169341 0.00751823171190136 0.0605363520794237 0.0106574302271365 0.019755557896955 0.00433175464941666 0.00613496932515337 0.013437248051599 0.00210526315789474 0.0259949248003961 0.0073618728604557
"политического" 0 0 0.0225546951357041 0.0343039328450068 0.0319722906814094 0.0381940786007797 0.00288783643294444 0.0143149284253579 0.0302338081160978 0.0105263157894737 0.00123785356192362 0
"правительства" 0 0 0.00451093902714082 0.00201787840264746 0.0346366482381936 0.023706669476346 0.0187709368141388 0.065439672801636 0.0436710561676969 0.00421052631578947 0.00123785356192362 0
"союз" 0.0239557472015332 0.0689311837016046 0.00150364634238027 0.00807151361058983 0.00532871511356824 0 0 0.016359918200409 0.00335931201289976 0.0147368421052632 0.0136163891811599 0.0319014490619747
"суд" 0.00217779520013938 0.0038295102056447 0.00751823171190136 0.00201787840264746 0.0373010057949777 0.0289748182488673 0.0144391821647222 0.0102249488752556 0.0335931201289976 0.0168421052631579 0.00371356068577087 0.0171777033410633
"туда" 0.0196001568012544 0.0153180408225788 0 0.00201787840264746 0.00799307267035236 0.007902223158782 0.0231026914635555 0.0265848670756646 0.0268744961031981 0.00210526315789474 0.0160920963050071 0.0343554066821266
"xviii" 0.00435559040027876 0.00191475510282235 0.0421020975866476 0.0242145408317695 0.0066608938919603 0.00526814877252134 0.00577567286588888 0.0081799591002045 0.0100779360386993 0.0926315789473684 0.00247570712384725 0
"городах" 0.0130667712008363 0.0038295102056447 0.00150364634238027 0.022196662429122 0.021314860454273 0.003951111579391 0.0216587732470833 0.0143149284253579 0.0100779360386993 0.0126315789473684 0.0371356068577087 0.0098158304806076
"делам" 0.00217779520013938 0 0.00451093902714082 0 0.0426297209085459 0.063217785270256 0.0144391821647222 0.0081799591002045 0.0100779360386993 0.00631578947368421 0.00123785356192362 0.00368093643022785
"деятельность" 0.00435559040027876 0.00191475510282235 0.016540109766183 0.00403575680529491 0.0146539665623127 0.031608892635128 0.00433175464941666 0.00408997955010225 0.0167965600644988 0.0336842105263158 0.0185678034288544 0.0196316609612152
"др" 0 0 0.0180437561085633 0 0.0359688270165856 0.075071120008429 0.00577567286588888 0.0102249488752556 0 0.00631578947368421 0 0
"отцу" 0.00653338560041814 0.0555278979818481 0 0.00403575680529491 0.00399653633517618 0 0 0 0.0100779360386993 0.00210526315789474 0.009902828495389 0.0723917497944811
"помощи" 0.0108889760006969 0.0153180408225788 0.0375911585595068 0.00807151361058983 0.0066608938919603 0.00131703719313033 0.0072195910823611 0.0081799591002045 0.013437248051599 0.0252631578947368 0.0160920963050071 0.025766555011595
"послали" 0 0.0076590204112894 0 0 0.0106574302271365 0.00263407438626067 0.00144391821647222 0.00408997955010225 0.00671862402579952 0 0.019805656990778 0.0883424743254684
"службу" 0.00217779520013938 0.0134032857197564 0.00150364634238027 0.00807151361058983 0.0386331845733697 0.0210725950900853 0.0245466096800277 0.0347648261758691 0.0167965600644988 0.0105263157894737 0.00618926780961812 0
"странах" 0.0304891328019513 0.0076590204112894 0.0180437561085633 0.022196662429122 0.00399653633517618 0.00131703719313033 0.01299526394825 0 0.00335931201289976 0.0547368421052632 0.029708485486167 0.0024539576201519
"сыновей" 0.0108889760006969 0.0287213265423352 0 0 0.0066608938919603 0.00658518596565167 0.0072195910823611 0.00204498977505112 0 0.00842105263157895 0.0408491675434796 0.0417172795425823
"варягов" 0.0392003136025088 0.0076590204112894 0 0 0.00532871511356824 0 0 0 0 0.00210526315789474 0.0953147242681191 0.0024539576201519
"война" 0.0196001568012544 0.0421246122620917 0.0150364634238027 0.0100893920132373 0.00133217877839206 0.00131703719313033 0.00577567286588888 0.0081799591002045 0.0369524321418973 0.0126315789473684 0.0160920963050071 0.024539576201519
"государей" 0.0261335424016725 0.0421246122620917 0.00451093902714082 0.00403575680529491 0.0119896090055285 0.0408281529870404 0.0231026914635555 0.0184049079754601 0.00335931201289976 0 0.00123785356192362 0
"деньги" 0.0108889760006969 0.0248918163366905 0.00451093902714082 0.00201787840264746 0.00932525144874442 0.00526814877252134 0.0577567286588888 0.0081799591002045 0.00335931201289976 0.0315789473684211 0.0136163891811599 0.0024539576201519
"имеют" 0.0283113376018119 0.0038295102056447 0.0601458536952109 0.00807151361058983 0.00133217877839206 0.00526814877252134 0.0144391821647222 0.00613496932515337 0.00335931201289976 0.0315789473684211 0.0148542427430835 0.00122697881007595
"куда" 0.00653338560041814 0.0076590204112894 0.00601458536952109 0.00403575680529491 0.0106574302271365 0.019755557896955 0.0158831003811944 0.0102249488752556 0.0268744961031981 0.00421052631578947 0.019805656990778 0.0343554066821266
"поле" 0.0239557472015332 0.0344655918508023 0.00300729268476054 0 0.00133217877839206 0.00658518596565167 0.0231026914635555 0.0286298568507157 0.0671862402579952 0.00421052631578947 0.0123785356192362 0.00858885167053165
"сторон" 0.017422361601115 0.0229770612338682 0.00902187805428163 0.0121072704158847 0.0159861453407047 0.015804446317564 0.0245466096800277 0.00408997955010225 0.00671862402579952 0 0.0111406820573126 0.024539576201519
"стояли" 0.0152445664009757 0.0287213265423352 0.00300729268476054 0.0242145408317695 0.00932525144874442 0.0144874091244337 0.0288783643294444 0.0122699386503067 0.00671862402579952 0 0.0111406820573126 0.0184046821511392
"факты" 0 0 0.123299000075182 0.0161430272211797 0.00799307267035236 0.003951111579391 0.00288783643294444 0.00408997955010225 0 0.00631578947368421 0 0
"xix" 0 0.00191475510282235 0.0511239756409293 0.044393324858244 0 0.00131703719313033 0 0.00408997955010225 0.00671862402579952 0.0926315789473684 0 0
"берегу" 0.0370225184023694 0.038295102056447 0 0.0100893920132373 0.00399653633517618 0.00131703719313033 0.0346540371953333 0.0081799591002045 0.00335931201289976 0 0.0210435105527016 0.0159507245309874
"владимиру" 0.017422361601115 0.0344655918508023 0 0 0.0066608938919603 0.00263407438626067 0 0.00204498977505112 0.00335931201289976 0.00210526315789474 0.0309463390480906 0.0539870676433418
"вовсе" 0 0 0.0105255243966619 0.00807151361058983 0.0119896090055285 0.0105362975450427 0.0245466096800277 0.0449897750511247 0.0201558720773985 0.0147368421052632 0.0185678034288544 0.0122697881007595
"двумя" 0.017422361601115 0.00957377551411175 0.0180437561085633 0.0141251488185322 0.0146539665623127 0.0105362975450427 0.0115513457317778 0.00613496932515337 0.00335931201289976 0.0189473684210526 0.0148542427430835 0.025766555011595
"жили" 0.0653338560041814 0.00957377551411175 0.00451093902714082 0.0161430272211797 0.00532871511356824 0.00131703719313033 0.0173270185976666 0.00408997955010225 0.00335931201289976 0.0105263157894737 0.0346598997338615 0.0073618728604557
"знати" 0 0 0.00150364634238027 0.00605363520794237 0.0359688270165856 0.027657781055737 0 0.0797546012269939 0.0436710561676969 0.00210526315789474 0 0
"игоря" 0.0348447232022301 0.0306360816451576 0 0 0.00133217877839206 0 0 0 0 0 0.029708485486167 0.0588949828836456
"положения" 0 0.00191475510282235 0.0180437561085633 0.0121072704158847 0.0133217877839206 0.0368770414076494 0.00577567286588888 0.016359918200409 0.0100779360386993 0.0357894736842105 0.0148542427430835 0.0049079152403038
"тут" 0.00871118080055752 0.0229770612338682 0.00902187805428163 0.0161430272211797 0.0066608938919603 0.003951111579391 0.0072195910823611 0.0143149284253579 0.00335931201289976 0.0273684210526316 0.0210435105527016 0.0294474914418228
"управление" 0.00435559040027876 0.0038295102056447 0 0 0.0626124025844268 0.0329259298282584 0.0144391821647222 0.00408997955010225 0.0201558720773985 0.0168421052631579 0.00247570712384725 0.00122697881007595
"великому" 0.0152445664009757 0.044039367364914 0.00300729268476054 0.00201787840264746 0.0293079331246253 0.0144874091244337 0.0072195910823611 0.0245398773006135 0.0268744961031981 0 0.0136163891811599 0.0024539576201519
"имени" 0.0217779520013938 0.0172327959254011 0.0135328170814224 0.00605363520794237 0.0119896090055285 0.015804446317564 0.0259905278964999 0.0081799591002045 0.0167965600644988 0.00210526315789474 0.0148542427430835 0.0147237457209114
"иначе" 0.00435559040027876 0.00191475510282235 0.0436057439290279 0.00807151361058983 0.00799307267035236 0.00658518596565167 0.01299526394825 0.0204498977505112 0.0268744961031981 0.0210526315789474 0.00742712137154175 0.0171777033410633
"каждого" 0.0261335424016725 0.0076590204112894 0.0195474024509435 0.0141251488185322 0.022647039232665 0.0144874091244337 0.0158831003811944 0.00204498977505112 0.00335931201289976 0.0210526315789474 0.0148542427430835 0.00613489405037975
"каком" 0.00217779520013938 0.00191475510282235 0.0436057439290279 0.0181609056238271 0.0133217877839206 0.0131703719313033 0.0216587732470833 0.00408997955010225 0.00671862402579952 0.0168421052631579 0.0111406820573126 0.0098158304806076
"нашего" 0.0435559040027876 0.0287213265423352 0.0225546951357041 0.00807151361058983 0.0106574302271365 0.00131703719313033 0 0.016359918200409 0.013437248051599 0.0147368421052632 0.0148542427430835 0.0122697881007595
"новгородцы" 0.00217779520013938 0 0 0 0.0186505028974888 0 0 0 0 0 0.0408491675434796 0.0687108133642532
"олега" 0.0370225184023694 0.0325508367479799 0 0 0.00932525144874442 0 0 0 0 0.00421052631578947 0.0383734604196324 0.0368093643022785
"реке" 0.0130667712008363 0.0153180408225788 0 0 0.00932525144874442 0 0.0303222825459166 0.0081799591002045 0 0.00210526315789474 0.0346598997338615 0.0355823854922026
"своею" 0.0152445664009757 0.0306360816451576 0.0195474024509435 0.0201787840264746 0.00799307267035236 0.00658518596565167 0.00866350929883331 0.0122699386503067 0.0100779360386993 0 0.019805656990778 0.0196316609612152
"сыну" 0.0239557472015332 0.0593574081874928 0 0 0.0146539665623127 0.007902223158782 0 0.00613496932515337 0.0100779360386993 0.00210526315789474 0.0123785356192362 0.0343554066821266
"флетчер" 0 0 0 0 0.00399653633517618 0.031608892635128 0.0967425205036387 0.016359918200409 0.00335931201289976 0.00210526315789474 0 0
"будучи" 0.0348447232022301 0.044039367364914 0.00902187805428163 0.0141251488185322 0.00266435755678412 0.0105362975450427 0 0.00204498977505112 0.00671862402579952 0.00842105263157895 0.0148542427430835 0.0269935338216709
"вече" 0.00435559040027876 0.0134032857197564 0 0.00201787840264746 0.0759341903683474 0.003951111579391 0 0 0 0.0210526315789474 0.0111406820573126 0.0171777033410633
"глава" 0.0217779520013938 0.0325508367479799 0.00451093902714082 0.00807151361058983 0.0186505028974888 0.023706669476346 0 0.0081799591002045 0.00335931201289976 0.0336842105263158 0.0111406820573126 0.00858885167053165
"какого" 0.00653338560041814 0.00191475510282235 0.0466130366137884 0.0161430272211797 0.0146539665623127 0.0184385207038247 0.0173270185976666 0.00408997955010225 0 0 0.0123785356192362 0.0134967669108354
"класс" 0 0 0.00451093902714082 0.0121072704158847 0.0759341903683474 0.0250237066694763 0.0072195910823611 0.00408997955010225 0 0.0231578947368421 0 0
"м" 0.00217779520013938 0 0.0180437561085633 0 0.0133217877839206 0.0421451901801707 0.00433175464941666 0.0265848670756646 0.0604676162321956 0.0252631578947368 0.00123785356192362 0.00122697881007595
"находим" 0.0196001568012544 0.00191475510282235 0.0150364634238027 0.00807151361058983 0.0199826816758809 0.0131703719313033 0.0375418736282777 0.00204498977505112 0 0 0.0284706319242434 0.0049079152403038
"постепенно" 0 0 0.0150364634238027 0.0544827168714813 0.0186505028974888 0.007902223158782 0.0101074275153055 0.0184049079754601 0.00671862402579952 0.0526315789473684 0.00371356068577087 0
"русский" 0.0108889760006969 0 0.033080219532366 0.00201787840264746 0.00799307267035236 0.003951111579391 0.0259905278964999 0.0081799591002045 0.00671862402579952 0.0315789473684211 0.029708485486167 0.00368093643022785
"сделать" 0.0108889760006969 0.0076590204112894 0.0105255243966619 0.00807151361058983 0.0106574302271365 0.0131703719313033 0.0115513457317778 0.0081799591002045 0.00671862402579952 0.0252631578947368 0.019805656990778 0.0282205126317468
"хорошо" 0.00435559040027876 0 0.0300729268476054 0.0121072704158847 0.0146539665623127 0.0131703719313033 0.0231026914635555 0.0143149284253579 0.0167965600644988 0.0147368421052632 0.00618926780961812 0.0171777033410633
"царевича" 0 0.0038295102056447 0 0 0 0.007902223158782 0.00144391821647222 0.186094069529652 0.00671862402579952 0 0 0.00122697881007595
"ярополк" 0.0283113376018119 0.0363803469536246 0 0 0 0 0 0 0 0 0.0284706319242434 0.0588949828836456
"боярского" 0 0.0076590204112894 0 0 0.0612802238060348 0.0539985249183437 0.00144391821647222 0.0081799591002045 0.00671862402579952 0.00210526315789474 0.00371356068577087 0
"внимание" 0.00217779520013938 0.00191475510282235 0.0270656341628449 0.00403575680529491 0.00532871511356824 0.00921926035191234 0.0158831003811944 0.0184049079754601 0.00671862402579952 0.0189473684210526 0.0383734604196324 0.00858885167053165
"действовать" 0.0152445664009757 0.0191475510282235 0.00451093902714082 0.00807151361058983 0.0133217877839206 0.027657781055737 0.00866350929883331 0.0081799591002045 0.0100779360386993 0 0.0160920963050071 0.025766555011595
"имеем" 0.0152445664009757 0.0076590204112894 0.0481166829561687 0.0282502976370644 0.00266435755678412 0 0.0231026914635555 0 0.00335931201289976 0.0126315789473684 0.0185678034288544 0.00613489405037975
"местах" 0.00871118080055752 0.0038295102056447 0.0135328170814224 0.0141251488185322 0.0133217877839206 0.011853334738173 0.0375418736282777 0.0184049079754601 0.0100779360386993 0.00631578947368421 0.0235192176765489 0.00122697881007595
"море" 0.0522670848033451 0.00957377551411175 0.00300729268476054 0.044393324858244 0.00133217877839206 0.00131703719313033 0.01299526394825 0.0081799591002045 0.0100779360386993 0.00421052631578947 0.0321841926100142 0.00368093643022785
"служилых" 0 0 0 0.00201787840264746 0.0346366482381936 0.027657781055737 0.0375418736282777 0.0368098159509202 0.0335931201289976 0 0 0
"служить" 0.0196001568012544 0.00957377551411175 0.0195474024509435 0.00605363520794237 0.021314860454273 0.011853334738173 0.0101074275153055 0.0306748466257669 0.0167965600644988 0.0168421052631579 0.0111406820573126 0.00368093643022785
"сыном" 0.00653338560041814 0.0421246122620917 0.00150364634238027 0 0.00799307267035236 0.00526814877252134 0.00288783643294444 0.0102249488752556 0.00671862402579952 0.00421052631578947 0.0136163891811599 0.0539870676433418
"xi" 0.0239557472015332 0.0172327959254011 0.00451093902714082 0.0282502976370644 0.0559515086924665 0.00658518596565167 0.00288783643294444 0.00204498977505112 0 0.0273684210526316 0.00123785356192362 0.00122697881007595
"возвратился" 0.0239557472015332 0.082334469421361 0 0 0 0 0.00144391821647222 0.00204498977505112 0 0 0.0136163891811599 0.0417172795425823
"её" 0 0 0 0 0 0 0.145835739863694 0 0 0 0 0
"наши" 0.0326669280020907 0.0268065714395129 0.0180437561085633 0 0.00932525144874442 0.0105362975450427 0.00144391821647222 0.00204498977505112 0.00335931201289976 0.0147368421052632 0.0222813641146252 0.0208586397712912
"промышленности" 0.00435559040027876 0 0.00300729268476054 0.0343039328450068 0.0106574302271365 0 0.0173270185976666 0 0 0.117894736842105 0.0049514142476945 0
"руках" 0.0152445664009757 0.0153180408225788 0.00300729268476054 0.00605363520794237 0.022647039232665 0.015804446317564 0.0158831003811944 0.0122699386503067 0.0235151840902983 0.0252631578947368 0.0123785356192362 0.0073618728604557
"самому" 0.00217779520013938 0.00574426530846705 0.0210510487933238 0.00807151361058983 0.0186505028974888 0.023706669476346 0.0072195910823611 0.0245398773006135 0.0100779360386993 0.00421052631578947 0.0160920963050071 0.0147237457209114
"характера" 0.00653338560041814 0 0.0375911585595068 0.0383396896503017 0.0199826816758809 0.0144874091244337 0.0115513457317778 0.00613496932515337 0.0201558720773985 0.00210526315789474 0.009902828495389 0.0024539576201519
"каких" 0.00217779520013938 0 0.0375911585595068 0.00807151361058983 0.00532871511356824 0.031608892635128 0.01299526394825 0.00408997955010225 0.00671862402579952 0.0105263157894737 0.0185678034288544 0.0110428092906835
"киевляне" 0.017422361601115 0.0497836326733811 0 0 0.0106574302271365 0.00131703719313033 0 0 0 0 0.009902828495389 0.0601219616937215
"население" 0 0 0.00601458536952109 0.0262324192344169 0.0173183241190968 0.003951111579391 0.0231026914635555 0.0408997955010225 0.0436710561676969 0.0273684210526316 0.00618926780961812 0
"ольга" 0.0718672416045995 0.00191475510282235 0 0 0 0 0 0 0 0.00421052631578947 0.079222627963112 0
"постоянно" 0 0 0.0105255243966619 0.0282502976370644 0.0066608938919603 0.007902223158782 0.0274344461129722 0.00204498977505112 0.00335931201289976 0.0105263157894737 0.0383734604196324 0.0134967669108354
"приговор" 0.00217779520013938 0 0.00601458536952109 0 0.00532871511356824 0.105362975450427 0.00288783643294444 0 0.0201558720773985 0 0.00123785356192362 0.0024539576201519
"события" 0 0 0.0917224268851966 0.00403575680529491 0.00399653633517618 0.003951111579391 0.00144391821647222 0.0143149284253579 0.00671862402579952 0.00210526315789474 0.00866497493346537 0.0159507245309874
"стоял" 0.0239557472015332 0.0306360816451576 0.00150364634238027 0.00403575680529491 0.00532871511356824 0.0105362975450427 0.0101074275153055 0.0081799591002045 0.0201558720773985 0.00210526315789474 0.0173299498669307 0.0319014490619747
"боярских" 0 0.00191475510282235 0 0 0.0306401119030174 0.0408281529870404 0.0158831003811944 0.0204498977505112 0.0671862402579952 0.00421052631578947 0.00123785356192362 0
"времен" 0.0784006272050176 0.0172327959254011 0.0315765731899857 0.0121072704158847 0.0066608938919603 0.007902223158782 0 0 0.00671862402579952 0.0105263157894737 0.00866497493346537 0.0024539576201519
"жить" 0.0196001568012544 0.0172327959254011 0 0.022196662429122 0.00266435755678412 0.0105362975450427 0.00433175464941666 0.00613496932515337 0.013437248051599 0.0105263157894737 0.029708485486167 0.025766555011595
"имея" 0.0326669280020907 0.0516983877762034 0.00902187805428163 0.0201787840264746 0.00266435755678412 0.00526814877252134 0.0144391821647222 0.00613496932515337 0.013437248051599 0.00631578947368421 0.0123785356192362 0.00613489405037975
"сама" 0.00653338560041814 0 0.0255619878204646 0.0403575680529491 0.0106574302271365 0.035560004214519 0.0072195910823611 0.0122699386503067 0.00335931201289976 0.00842105263157895 0.009902828495389 0
"сии" 0.128489916808223 0.0708459388044269 0 0 0.00133217877839206 0 0 0.00408997955010225 0 0 0 0
"товары" 0.00871118080055752 0.0076590204112894 0.00150364634238027 0.00201787840264746 0.00399653633517618 0 0.0952986022871665 0.00613496932515337 0.00335931201289976 0.0105263157894737 0.0123785356192362 0.00122697881007595
"труд" 0 0.00574426530846705 0.00902187805428163 0.00807151361058983 0.00532871511356824 0.00526814877252134 0.0158831003811944 0.0122699386503067 0.00335931201289976 0.12 0.00247570712384725 0.00122697881007595
"учреждения" 0 0.0038295102056447 0.0120291707390422 0.022196662429122 0.0346366482381936 0.0342429670213887 0.0072195910823611 0.00204498977505112 0.00671862402579952 0.0378947368421053 0 0
"владимирко" 0 0.0746754490100716 0 0 0 0 0 0 0 0 0 0.0723917497944811
"выражению" 0.00217779520013938 0.0038295102056447 0 0.00403575680529491 0.0159861453407047 0.00658518596565167 0.0303222825459166 0.0245398773006135 0.0167965600644988 0.00842105263157895 0.00866497493346537 0.0331284278720506
"давыд" 0 0 0 0 0 0 0 0 0 0 0 0.120243923387443
"княжеского" 0.00217779520013938 0.0134032857197564 0 0 0.0746020115899554 0.00131703719313033 0.00288783643294444 0.0102249488752556 0.0100779360386993 0 0.0160920963050071 0.0122697881007595
"мире" 0.0196001568012544 0.0076590204112894 0.0180437561085633 0.0766793793006033 0.00266435755678412 0.00131703719313033 0.00288783643294444 0.00613496932515337 0.0100779360386993 0.00842105263157895 0.00371356068577087 0.0208586397712912
"мысли" 0.0130667712008363 0.00574426530846705 0.0315765731899857 0.0322860544423593 0.0133217877839206 0.0263407438626067 0.00288783643294444 0.016359918200409 0.0268744961031981 0.00421052631578947 0.00247570712384725 0
"смерть" 0.0217779520013938 0.0306360816451576 0.00150364634238027 0.00201787840264746 0.00133217877839206 0.003951111579391 0 0.0224948875255624 0 0.00210526315789474 0.0210435105527016 0.0453982159728102
"составе" 0.00217779520013938 0 0.00150364634238027 0 0.0719376540331712 0.043462227373301 0.00288783643294444 0.0102249488752556 0 0.00421052631578947 0 0
"философии" 0 0 0.0872114878580558 0.0686078656900135 0.00133217877839206 0 0 0 0 0.0105263157894737 0 0
"этими" 0 0 0.0135328170814224 0.0141251488185322 0.0253113967894491 0.0184385207038247 0.0216587732470833 0.0102249488752556 0.00671862402579952 0.0147368421052632 0.0136163891811599 0.0110428092906835
"андрея" 0 0.0421246122620917 0 0 0.00932525144874442 0.00263407438626067 0.00144391821647222 0.0122699386503067 0.0302338081160978 0 0.00247570712384725 0.0588949828836456
"врагов" 0.0261335424016725 0.0478688775705587 0 0.00605363520794237 0.00399653633517618 0.003951111579391 0.00288783643294444 0.0224948875255624 0.013437248051599 0 0.0173299498669307 0.024539576201519
"первом" 0.0108889760006969 0.0076590204112894 0.0180437561085633 0.0262324192344169 0.00399653633517618 0.0144874091244337 0.0101074275153055 0.00613496932515337 0.00335931201289976 0.0126315789473684 0.019805656990778 0.0196316609612152
"словом" 0.00871118080055752 0.0114885306169341 0.0255619878204646 0.0141251488185322 0.0146539665623127 0.0171214835106943 0.00288783643294444 0.0184049079754601 0.0235151840902983 0.0231578947368421 0.0123785356192362 0
"грамоты" 0.0152445664009757 0.00574426530846705 0.00150364634238027 0 0.0612802238060348 0.015804446317564 0 0.0204498977505112 0.0235151840902983 0.0126315789473684 0.00247570712384725 0.0024539576201519
"дали" 0.0261335424016725 0.0287213265423352 0.00300729268476054 0.00605363520794237 0.00532871511356824 0.00658518596565167 0.0072195910823611 0.0081799591002045 0.0167965600644988 0.00421052631578947 0.019805656990778 0.0282205126317468
"древних" 0.0500892896032057 0.00957377551411175 0.00150364634238027 0.0403575680529491 0.0133217877839206 0.00131703719313033 0.00577567286588888 0 0 0.0273684210526316 0.0222813641146252 0.00122697881007595
"желая" 0.0435559040027876 0.0861639796270057 0.00150364634238027 0.00605363520794237 0 0.00263407438626067 0.00288783643294444 0.0081799591002045 0 0 0.00742712137154175 0.0159507245309874
"законы" 0.0261335424016725 0.0287213265423352 0.0375911585595068 0.0100893920132373 0.00399653633517618 0.007902223158782 0.00433175464941666 0 0 0.0547368421052632 0.00123785356192362 0
"сказали" 0.017422361601115 0.0363803469536246 0 0 0.00399653633517618 0.00263407438626067 0 0.00613496932515337 0.00335931201289976 0 0.0259949248003961 0.0478521735929621
"чернигов" 0.0108889760006969 0.0497836326733811 0 0 0.00133217877839206 0 0 0.00204498977505112 0 0 0.0049514142476945 0.0723917497944811
"видел" 0.0152445664009757 0.0229770612338682 0.00451093902714082 0.0161430272211797 0.0066608938919603 0.003951111579391 0.0418736282776943 0.0102249488752556 0.0100779360386993 0.00421052631578947 0.00742712137154175 0.0147237457209114
"влияния" 0 0 0.0120291707390422 0.044393324858244 0.00532871511356824 0.0105362975450427 0.0115513457317778 0.0143149284253579 0.0167965600644988 0.0189473684210526 0.0210435105527016 0.00858885167053165
"государственных" 0.0152445664009757 0.0134032857197564 0.00751823171190136 0.0161430272211797 0.0066608938919603 0.027657781055737 0.0158831003811944 0.0081799591002045 0.0235151840902983 0.0421052631578947 0 0
"историки" 0.0435559040027876 0.0172327959254011 0.0736786707766333 0.0141251488185322 0 0 0 0.0102249488752556 0 0.00210526315789474 0.0049514142476945 0
"мономаха" 0 0.038295102056447 0 0 0.0173183241190968 0 0 0 0 0 0.00371356068577087 0.0723917497944811
"ею" 0.0152445664009757 0.0153180408225788 0.0135328170814224 0.00605363520794237 0.0239792180110571 0.0131703719313033 0.00433175464941666 0.0368098159509202 0.0201558720773985 0.00842105263157895 0.00742712137154175 0.0024539576201519
"историка" 0.0196001568012544 0.00191475510282235 0.105255243966619 0.00807151361058983 0 0 0 0.0122699386503067 0 0 0.0049514142476945 0
"какую" 0.00435559040027876 0.0038295102056447 0.0270656341628449 0.0100893920132373 0.0159861453407047 0.0144874091244337 0.00866350929883331 0.0122699386503067 0.0167965600644988 0.00421052631578947 0.0173299498669307 0.0134967669108354
"обычай" 0.00653338560041814 0 0.00300729268476054 0.00201787840264746 0.0066608938919603 0.0329259298282584 0.0101074275153055 0.0204498977505112 0 0.00210526315789474 0.0445627282292505 0.0049079152403038
"сел" 0.00435559040027876 0.0191475510282235 0 0.00201787840264746 0.0146539665623127 0.00658518596565167 0.00144391821647222 0.0081799591002045 0.00671862402579952 0 0.0173299498669307 0.0539870676433418
"следует" 0.00435559040027876 0 0.0436057439290279 0.0262324192344169 0.0146539665623127 0.007902223158782 0.00866350929883331 0.00613496932515337 0.00671862402579952 0.0210526315789474 0.0111406820573126 0.00368093643022785
"средних" 0.017422361601115 0.00574426530846705 0.0120291707390422 0.125108460964142 0 0.00263407438626067 0.00144391821647222 0.00408997955010225 0 0.0126315789473684 0.00247570712384725 0
"форм" 0 0 0.0375911585595068 0.0262324192344169 0.00932525144874442 0.00526814877252134 0.00288783643294444 0 0 0.071578947368421 0.00866497493346537 0.0024539576201519
"эпохи" 0.00217779520013938 0 0.0345838658747463 0.0605363520794237 0.00266435755678412 0.003951111579391 0.00288783643294444 0.0143149284253579 0.0403117441547971 0.0189473684210526 0.00618926780961812 0
"de" 0 0 0.0210510487933238 0.00605363520794237 0.00799307267035236 0.003951111579391 0.0909668476377498 0.00613496932515337 0 0.00421052631578947 0 0
"азии" 0.0304891328019513 0.0038295102056447 0.00601458536952109 0.0988760417297254 0 0 0.0101074275153055 0.00204498977505112 0.00671862402579952 0 0.0173299498669307 0
"братом" 0 0.0402098571592693 0 0 0.00532871511356824 0.00658518596565167 0 0.00408997955010225 0.00671862402579952 0 0.00742712137154175 0.0650298769340253
"вам" 0.00871118080055752 0.0114885306169341 0.00300729268476054 0 0.00799307267035236 0.007902223158782 0.00144391821647222 0.0081799591002045 0.00335931201289976 0.00210526315789474 0.0148542427430835 0.0613489405037975
"влиянием" 0.00217779520013938 0 0.0105255243966619 0.0343039328450068 0.0239792180110571 0.011853334738173 0.0101074275153055 0.0081799591002045 0.0167965600644988 0.0273684210526316 0.0148542427430835 0
"движения" 0.00217779520013938 0.0038295102056447 0.0210510487933238 0.0464112032608915 0.00932525144874442 0.00263407438626067 0.0144391821647222 0.00408997955010225 0.00671862402579952 0.0147368421052632 0.0185678034288544 0.0098158304806076
"никогда" 0.0130667712008363 0.0306360816451576 0.0120291707390422 0.0181609056238271 0.0133217877839206 0.011853334738173 0.00866350929883331 0.0081799591002045 0 0.00421052631578947 0.0111406820573126 0.0171777033410633
"обоих" 0.00217779520013938 0.0038295102056447 0.0195474024509435 0.0161430272211797 0.022647039232665 0.0210725950900853 0.0101074275153055 0.00613496932515337 0.00671862402579952 0.0126315789473684 0.00866497493346537 0.0134967669108354
"полки" 0.00217779520013938 0.0172327959254011 0 0 0.0119896090055285 0.011853334738173 0.0072195910823611 0 0 0 0.00866497493346537 0.0650298769340253
"русскую" 0.00217779520013938 0.0191475510282235 0 0 0.0199826816758809 0.003951111579391 0.00433175464941666 0.00204498977505112 0.00671862402579952 0.00631578947368421 0.0111406820573126 0.0564410252634937
"снова" 0.0370225184023694 0.0497836326733811 0.00150364634238027 0.022196662429122 0 0.003951111579391 0.00288783643294444 0.0081799591002045 0.013437248051599 0 0.019805656990778 0.0110428092906835
"сюда" 0 0.00191475510282235 0.00150364634238027 0.00201787840264746 0.0066608938919603 0.00526814877252134 0.0476493011435832 0.0081799591002045 0 0.0294736842105263 0.0136163891811599 0.023312597391443
"число" 0.0283113376018119 0.0114885306169341 0.00902187805428163 0.0121072704158847 0.00799307267035236 0.003951111579391 0.0476493011435832 0.00408997955010225 0.00671862402579952 0.0147368421052632 0.00742712137154175 0.00368093643022785
"юго" 0.017422361601115 0.0114885306169341 0.00150364634238027 0.0161430272211797 0.0119896090055285 0.00526814877252134 0.0231026914635555 0 0.00335931201289976 0.00210526315789474 0.0420870211054032 0.00613489405037975
"явление" 0.00435559040027876 0 0.0285692805052252 0.0141251488185322 0.0119896090055285 0.007902223158782 0.00866350929883331 0.00408997955010225 0.00335931201289976 0.0189473684210526 0.0235192176765489 0.0159507245309874
"xiii" 0.0196001568012544 0.00574426530846705 0.00300729268476054 0.0262324192344169 0.0426297209085459 0.007902223158782 0.00288783643294444 0.00204498977505112 0.00335931201289976 0.0421052631578947 0.00371356068577087 0.00122697881007595
"имело" 0.00653338560041814 0.0172327959254011 0.0105255243966619 0.0322860544423593 0.0146539665623127 0.015804446317564 0.00866350929883331 0.0081799591002045 0.013437248051599 0.00842105263157895 0.0136163891811599 0.00613489405037975
"король" 0.00653338560041814 0.0363803469536246 0.0135328170814224 0.0100893920132373 0 0.00526814877252134 0 0.0102249488752556 0.0268744961031981 0.0147368421052632 0.00371356068577087 0.0355823854922026
"откуда" 0.00435559040027876 0.0038295102056447 0.016540109766183 0.0161430272211797 0.00932525144874442 0.0105362975450427 0.0202148550306111 0.0081799591002045 0.00671862402579952 0.0147368421052632 0.0136163891811599 0.0196316609612152
"оттуда" 0.0130667712008363 0.0210623061310458 0 0 0.0066608938919603 0.007902223158782 0.0187709368141388 0.0184049079754601 0.0167965600644988 0.00421052631578947 0.009902828495389 0.0331284278720506
"первое" 0.0152445664009757 0.00957377551411175 0.00751823171190136 0.0121072704158847 0.0119896090055285 0.015804446317564 0.0173270185976666 0.00613496932515337 0.013437248051599 0.00631578947368421 0.0259949248003961 0.00613489405037975
"половцами" 0 0.0574426530846705 0 0 0.00133217877839206 0 0 0 0 0.00210526315789474 0.00123785356192362 0.0723917497944811
"посредством" 0.0217779520013938 0.0038295102056447 0.00902187805428163 0.00807151361058983 0.022647039232665 0.015804446317564 0.0173270185976666 0.00204498977505112 0 0.00842105263157895 0.0272327783623197 0.0024539576201519
"тоже" 0.00217779520013938 0.00191475510282235 0.0586422073528306 0.0585184736767762 0.00133217877839206 0.00526814877252134 0.00288783643294444 0.00613496932515337 0.0100779360386993 0.00842105263157895 0.00371356068577087 0.0024539576201519
"франции" 0 0.0038295102056447 0.0887151342004361 0.0161430272211797 0.00133217877839206 0 0.00144391821647222 0 0 0.0442105263157895 0 0
"иностранцы" 0 0 0.00150364634238027 0 0.00266435755678412 0.007902223158782 0.111181702668361 0.00613496932515337 0.00335931201289976 0 0.00123785356192362 0
"общем" 0.00653338560041814 0.00957377551411175 0.0390948049018871 0.0363218112476542 0.00799307267035236 0.0131703719313033 0.00144391821647222 0.00408997955010225 0.0167965600644988 0.0210526315789474 0.00371356068577087 0.0024539576201519
"общий" 0.00435559040027876 0.00574426530846705 0.0300729268476054 0.0423754464555966 0.00532871511356824 0.00921926035191234 0.00577567286588888 0.0102249488752556 0.0100779360386993 0.0357894736842105 0.0049514142476945 0.00122697881007595
"святославу" 0.0217779520013938 0.0306360816451576 0 0 0.00266435755678412 0 0 0 0 0.00210526315789474 0.0222813641146252 0.0539870676433418
"словами" 0.0130667712008363 0.0172327959254011 0.0195474024509435 0.0100893920132373 0.0119896090055285 0.0144874091244337 0.0072195910823611 0.0081799591002045 0.00671862402579952 0.0147368421052632 0.0111406820573126 0.0134967669108354
"vi" 0.0479114944030663 0.0038295102056447 0.00150364634238027 0.0201787840264746 0.0159861453407047 0.0105362975450427 0.00866350929883331 0.00613496932515337 0 0.0526315789473684 0.00247570712384725 0
"большею" 0.017422361601115 0.0038295102056447 0.0105255243966619 0.0282502976370644 0.0159861453407047 0.00658518596565167 0.0360979554118055 0 0 0.0105263157894737 0.0111406820573126 0.00368093643022785
"боярская" 0 0 0.00150364634238027 0 0.0492906148005062 0.059266673690865 0.00144391821647222 0.00613496932515337 0.00335931201289976 0.00421052631578947 0 0
"владимире" 0.00653338560041814 0.0191475510282235 0 0 0.0146539665623127 0.00263407438626067 0 0.00613496932515337 0.00335931201289976 0.00210526315789474 0.0346598997338615 0.0380363431123545
"вячеслав" 0 0.0555278979818481 0 0 0.00266435755678412 0 0 0 0 0 0.00247570712384725 0.0699377921743291
"общественных" 0.00217779520013938 0 0.0180437561085633 0.00807151361058983 0.021314860454273 0.00263407438626067 0.00144391821647222 0.0102249488752556 0 0.0947368421052632 0.0049514142476945 0
"правда" 0 0.00191475510282235 0.0195474024509435 0.022196662429122 0.0106574302271365 0.0105362975450427 0.00433175464941666 0.0081799591002045 0.00671862402579952 0.0463157894736842 0.0160920963050071 0.00613489405037975
"прежних" 0.00217779520013938 0.0038295102056447 0.0120291707390422 0.0121072704158847 0.0186505028974888 0.015804446317564 0.0202148550306111 0.016359918200409 0.0167965600644988 0.00842105263157895 0.0160920963050071 0.00368093643022785
"приказ" 0 0 0 0 0.0106574302271365 0.0803392687809504 0.0245466096800277 0.00204498977505112 0 0 0.00371356068577087 0
"славянских" 0.0544448800034845 0 0.00300729268476054 0.00605363520794237 0.00532871511356824 0 0 0 0 0.00631578947368421 0.059416970972334 0.00613489405037975
"советников" 0 0.00191475510282235 0 0 0.0626124025844268 0.0329259298282584 0.0072195910823611 0.00204498977505112 0.0268744961031981 0 0 0.00368093643022785
"вас" 0.00653338560041814 0.0287213265423352 0 0 0.00399653633517618 0.00658518596565167 0.00144391821647222 0.00613496932515337 0.0369524321418973 0 0.0210435105527016 0.0380363431123545
"наоборот" 0 0 0.066160439064732 0.0504469600661864 0.0133217877839206 0.00526814877252134 0.00144391821647222 0 0 0 0.00618926780961812 0
"наприм" 0 0 0.117284414705661 0 0 0.00131703719313033 0.0144391821647222 0 0 0 0 0
"племянника" 0.00217779520013938 0.0746754490100716 0 0 0.00266435755678412 0.00131703719313033 0 0.00204498977505112 0.00335931201289976 0 0.0049514142476945 0.049079152403038
"понятие" 0.0217779520013938 0 0.0360875122171265 0.0121072704158847 0.0119896090055285 0.00263407438626067 0.0173270185976666 0 0 0.0252631578947368 0.0148542427430835 0.0024539576201519
"причины" 0.00217779520013938 0.00957377551411175 0.033080219532366 0.0201787840264746 0.0119896090055285 0.00131703719313033 0.0101074275153055 0.00613496932515337 0.0100779360386993 0.0252631578947368 0.00866497493346537 0.0110428092906835
"службы" 0 0 0 0.00807151361058983 0.0266435755678412 0.0250237066694763 0.0144391821647222 0.0306748466257669 0.0403117441547971 0.0105263157894737 0.0049514142476945 0
"собственно" 0.00871118080055752 0 0.0150364634238027 0.0181609056238271 0.021314860454273 0.0210725950900853 0.0158831003811944 0 0.00335931201289976 0.00421052631578947 0.019805656990778 0.0049079152403038
"сравнительно" 0 0 0.033080219532366 0.0322860544423593 0.0133217877839206 0.0131703719313033 0.01299526394825 0.00204498977505112 0.00671862402579952 0.0357894736842105 0.00123785356192362 0.00122697881007595
"старых" 0.00217779520013938 0.0038295102056447 0.00902187805428163 0.00807151361058983 0.0279757543462333 0.0210725950900853 0.00866350929883331 0.016359918200409 0.0302338081160978 0.00631578947368421 0.00371356068577087 0.0122697881007595
"частью" 0.00217779520013938 0 0.00751823171190136 0.0322860544423593 0.0279757543462333 0.00658518596565167 0.0433175464941666 0.00204498977505112 0.00335931201289976 0.0147368421052632 0.00247570712384725 0
"борису" 0.00871118080055752 0.0114885306169341 0 0 0 0.003951111579391 0 0.137014314928425 0 0 0.0049514142476945 0.0049079152403038
"виду" 0.00217779520013938 0.00191475510282235 0.066160439064732 0.0181609056238271 0.00133217877839206 0.00526814877252134 0.00577567286588888 0.016359918200409 0.013437248051599 0.0189473684210526 0.00371356068577087 0
"вперед" 0 0.0076590204112894 0.0120291707390422 0.0403575680529491 0.00133217877839206 0.00658518596565167 0 0.0245398773006135 0.0235151840902983 0.0147368421052632 0.00618926780961812 0.023312597391443
"дает" 0.0130667712008363 0.0229770612338682 0.0105255243966619 0.00807151361058983 0.0106574302271365 0.00658518596565167 0 0.0122699386503067 0.0167965600644988 0.0189473684210526 0.0160920963050071 0.0159507245309874
"дня" 0.00217779520013938 0.0306360816451576 0.00451093902714082 0.00605363520794237 0.00266435755678412 0.0105362975450427 0.0173270185976666 0.0143149284253579 0.0100779360386993 0.00631578947368421 0.00742712137154175 0.0294474914418228
"источников" 0.00435559040027876 0 0.0977370122547177 0.00201787840264746 0 0.00263407438626067 0.0072195910823611 0.00204498977505112 0.00671862402579952 0.00842105263157895 0.00742712137154175 0
"обе" 0 0.0038295102056447 0.0150364634238027 0.0161430272211797 0.021314860454273 0.0263407438626067 0.0202148550306111 0.0143149284253579 0.0167965600644988 0.00210526315789474 0.00247570712384725 0.00368093643022785
"получил" 0.00435559040027876 0.0172327959254011 0.00601458536952109 0 0.00266435755678412 0.00658518596565167 0.00577567286588888 0.032719836400818 0.0167965600644988 0.00210526315789474 0.0185678034288544 0.0306744702518988
"варваров" 0.017422361601115 0.0325508367479799 0.00150364634238027 0.048429081663539 0 0.00263407438626067 0 0 0 0 0.0272327783623197 0.0159507245309874
"восточных" 0.0196001568012544 0.0038295102056447 0 0.0544827168714813 0.0133217877839206 0.00131703719313033 0.0101074275153055 0.00408997955010225 0 0 0.0334220461719379 0.0024539576201519
"всемирной" 0 0 0.0135328170814224 0.157394515406502 0 0 0 0 0 0 0 0
"вторых" 0.00871118080055752 0 0.0210510487933238 0.0201787840264746 0.00932525144874442 0.00658518596565167 0 0.016359918200409 0.0335931201289976 0.0315789473684211 0.0123785356192362 0.0049079152403038
"короля" 0.0130667712008363 0.0536131428790258 0.00601458536952109 0.00605363520794237 0.00399653633517618 0.00658518596565167 0.00288783643294444 0.0245398773006135 0.0201558720773985 0 0.0049514142476945 0.0171777033410633
"народу" 0.0370225184023694 0.0268065714395129 0.00150364634238027 0.0100893920132373 0.00266435755678412 0.003951111579391 0.00577567286588888 0.0265848670756646 0.0100779360386993 0.00210526315789474 0.0136163891811599 0.0159507245309874
"областей" 0.0108889760006969 0.00191475510282235 0.00300729268476054 0.0161430272211797 0.021314860454273 0.00921926035191234 0.033210118978861 0.0081799591002045 0.00671862402579952 0.00210526315789474 0.019805656990778 0.0024539576201519
"россию" 0.0609782656039026 0.0516983877762034 0 0 0 0.003951111579391 0.0288783643294444 0.00408997955010225 0 0.0105263157894737 0.00247570712384725 0
"русская" 0.00435559040027876 0.00957377551411175 0.00451093902714082 0.00201787840264746 0.021314860454273 0.00526814877252134 0.00288783643294444 0.00408997955010225 0.013437248051599 0.0378947368421053 0.0247570712384725 0.0122697881007595
"сие" 0.10671196480683 0.0651016734959599 0 0 0.00133217877839206 0.00131703719313033 0 0.00408997955010225 0 0 0 0
"знания" 0.00435559040027876 0 0.11126982933614 0.00403575680529491 0 0 0 0 0.00335931201289976 0.0147368421052632 0 0
"мужей" 0.0152445664009757 0.0038295102056447 0 0 0.0346366482381936 0.003951111579391 0.00144391821647222 0.00204498977505112 0.0201558720773985 0 0.0259949248003961 0.023312597391443
"процесс" 0 0 0.0511239756409293 0.0343039328450068 0.0119896090055285 0.00526814877252134 0 0.00204498977505112 0.013437248051599 0.0336842105263158 0.00123785356192362 0
"род" 0.00653338560041814 0.0038295102056447 0 0.00201787840264746 0.00932525144874442 0.00921926035191234 0.00288783643294444 0.016359918200409 0.00335931201289976 0.00842105263157895 0.0507519960388686 0.0122697881007595
"слишком" 0.00217779520013938 0 0.0225546951357041 0.0282502976370644 0.0133217877839206 0.011853334738173 0.0216587732470833 0.0122699386503067 0.00335931201289976 0.0126315789473684 0.00866497493346537 0.0024539576201519
"сущности" 0 0 0.0481166829561687 0.0383396896503017 0.00133217877839206 0.00263407438626067 0.00577567286588888 0.0102249488752556 0.0167965600644988 0.0378947368421053 0 0
"царство" 0.00217779520013938 0.00191475510282235 0 0.022196662429122 0.00399653633517618 0.0210725950900853 0.00577567286588888 0.0736196319018405 0.0235151840902983 0.00210526315789474 0.00742712137154175 0
"члены" 0 0 0.00300729268476054 0.0141251488185322 0.0319722906814094 0.031608892635128 0.00866350929883331 0.00613496932515337 0.00335931201289976 0 0.0185678034288544 0.0049079152403038
"шла" 0.00217779520013938 0.0076590204112894 0.00601458536952109 0.00807151361058983 0.00799307267035236 0.011853334738173 0.0231026914635555 0.016359918200409 0.0235151840902983 0.0105263157894737 0.0111406820573126 0.0159507245309874
"явился" 0.0108889760006969 0.0134032857197564 0 0.00605363520794237 0.00266435755678412 0.003951111579391 0.00433175464941666 0.016359918200409 0.013437248051599 0 0.0160920963050071 0.0466251947828861
"георгий" 0 0.151265653122966 0.00150364634238027 0 0 0 0.00144391821647222 0 0 0 0.00123785356192362 0.00368093643022785
"городом" 0.00217779520013938 0.0229770612338682 0 0.00605363520794237 0.021314860454273 0.00526814877252134 0.0216587732470833 0.00613496932515337 0.00335931201289976 0 0.0160920963050071 0.0208586397712912
"димитрия" 0.00217779520013938 0.0038295102056447 0 0 0.0199826816758809 0.00263407438626067 0.00288783643294444 0.128834355828221 0 0 0 0
"должности" 0 0 0.00150364634238027 0.00201787840264746 0.0492906148005062 0.03951111579391 0.0101074275153055 0.00613496932515337 0.00671862402579952 0.00421052631578947 0.00123785356192362 0.00122697881007595
"древности" 0.0261335424016725 0.0038295102056447 0.0105255243966619 0.092822406521783 0 0 0 0 0.00335931201289976 0.00631578947368421 0.0148542427430835 0.0024539576201519
"духовной" 0.00217779520013938 0 0.0120291707390422 0.0403575680529491 0.022647039232665 0.0131703719313033 0 0 0.00671862402579952 0.0505263157894737 0.00371356068577087 0
"иностранцев" 0.00217779520013938 0 0.00300729268476054 0 0 0.007902223158782 0.0952986022871665 0.0143149284253579 0 0.00210526315789474 0.00123785356192362 0.00122697881007595
"количество" 0.00435559040027876 0 0.0105255243966619 0.00605363520794237 0.0199826816758809 0.007902223158782 0.046205382927111 0.00204498977505112 0 0.0231578947368421 0.009902828495389 0
"областях" 0.0108889760006969 0.00957377551411175 0.0105255243966619 0.0242145408317695 0.0119896090055285 0.00658518596565167 0.0404297100612221 0.00613496932515337 0.0167965600644988 0.00210526315789474 0.0049514142476945 0.00122697881007595
"политическое" 0 0 0.00150364634238027 0.0201787840264746 0.0399653633517618 0.0381940786007797 0 0.0102249488752556 0.013437248051599 0.00842105263157895 0.00247570712384725 0
"такими" 0.00653338560041814 0.0038295102056447 0.0300729268476054 0.0161430272211797 0.022647039232665 0.0131703719313033 0.00577567286588888 0.00613496932515337 0.00335931201289976 0.00842105263157895 0.00123785356192362 0.0147237457209114
"бога" 0.0544448800034845 0.0114885306169341 0.00300729268476054 0.00605363520794237 0.00133217877839206 0.00526814877252134 0.00433175464941666 0.00613496932515337 0.013437248051599 0 0.0123785356192362 0.0282205126317468
"большие" 0.00871118080055752 0.0038295102056447 0.00601458536952109 0.00403575680529491 0.0186505028974888 0.015804446317564 0.0288783643294444 0.00613496932515337 0 0.0210526315789474 0.00742712137154175 0.00858885167053165
"большим" 0.00217779520013938 0.00191475510282235 0.00601458536952109 0.0141251488185322 0.0159861453407047 0.00658518596565167 0.0288783643294444 0.0143149284253579 0.0268744961031981 0.00421052631578947 0.0111406820573126 0.0098158304806076
"варяги" 0.0696894464044601 0.0114885306169341 0 0 0.00532871511356824 0 0 0 0 0 0.0519898496007922 0
"веры" 0.0544448800034845 0.0114885306169341 0.0180437561085633 0.0141251488185322 0.00133217877839206 0.00921926035191234 0.00288783643294444 0.00204498977505112 0.0100779360386993 0 0.0247570712384725 0
"денег" 0.00653338560041814 0.0134032857197564 0.00150364634238027 0.00201787840264746 0.0119896090055285 0.007902223158782 0.0447614647106388 0.0122699386503067 0.00671862402579952 0.0168421052631579 0.0111406820573126 0.00122697881007595
"днепр" 0.0196001568012544 0.0325508367479799 0 0 0.00133217877839206 0 0.0072195910823611 0.00204498977505112 0 0 0.0160920963050071 0.0466251947828861
"древнего" 0.0261335424016725 0.0134032857197564 0.0135328170814224 0.0827330145085457 0.00532871511356824 0.00263407438626067 0.00144391821647222 0.00408997955010225 0 0.00631578947368421 0.00371356068577087 0
"качестве" 0 0 0.0481166829561687 0.0161430272211797 0.0159861453407047 0.007902223158782 0.00866350929883331 0.0122699386503067 0.00335931201289976 0.0252631578947368 0.00123785356192362 0
"княжеских" 0.00653338560041814 0.0076590204112894 0 0 0.043961899686938 0.00263407438626067 0.00577567286588888 0.00204498977505112 0.00671862402579952 0.00842105263157895 0.00866497493346537 0.0294474914418228
"находились" 0.017422361601115 0.0210623061310458 0.00451093902714082 0.0242145408317695 0.00932525144874442 0.0105362975450427 0.0158831003811944 0.00408997955010225 0.00335931201289976 0.00421052631578947 0.0173299498669307 0.00613489405037975
"никакого" 0.017422361601115 0.0114885306169341 0.00751823171190136 0.00807151361058983 0.00532871511356824 0.0144874091244337 0.0072195910823611 0.0143149284253579 0.0100779360386993 0.00421052631578947 0.0160920963050071 0.0196316609612152
"обеих" 0.00871118080055752 0.0153180408225788 0.0135328170814224 0.0100893920132373 0.0266435755678412 0.0144874091244337 0.00577567286588888 0.00408997955010225 0 0.00210526315789474 0.00371356068577087 0.0208586397712912
"общей" 0 0.00957377551411175 0.0481166829561687 0.0423754464555966 0.00133217877839206 0.003951111579391 0 0.00613496932515337 0.0167965600644988 0.00421052631578947 0.0111406820573126 0.00368093643022785
"престол" 0.00217779520013938 0.0287213265423352 0.00150364634238027 0.00605363520794237 0.00399653633517618 0.0263407438626067 0.00433175464941666 0.0408997955010225 0.0167965600644988 0 0.00742712137154175 0.00858885167053165
"речь" 0.00653338560041814 0.0153180408225788 0.0315765731899857 0.00605363520794237 0.00399653633517618 0.015804446317564 0 0.0102249488752556 0.0268744961031981 0.0252631578947368 0.00618926780961812 0.0049079152403038
"фамилий" 0 0 0 0 0.0679411176979951 0.03951111579391 0 0.00408997955010225 0.00335931201289976 0 0 0
"христианство" 0.0130667712008363 0.00191475510282235 0.00451093902714082 0.0464112032608915 0 0 0.00433175464941666 0 0 0.00210526315789474 0.0569412638484867 0.00122697881007595
"честь" 0.0304891328019513 0.0191475510282235 0 0 0.00399653633517618 0.0105362975450427 0.0072195910823611 0.0184049079754601 0.00335931201289976 0.0105263157894737 0.00866497493346537 0.0269935338216709
"администрации" 0 0 0 0 0.0559515086924665 0.0329259298282584 0.00144391821647222 0.0143149284253579 0.0100779360386993 0.0105263157894737 0 0
"герберштейн" 0 0 0 0 0 0.00263407438626067 0.115513457317778 0 0 0.00210526315789474 0 0
"думал" 0.0130667712008363 0.0459541224677364 0.00300729268476054 0 0.00266435755678412 0.00526814877252134 0 0.0102249488752556 0.0167965600644988 0.00421052631578947 0.0111406820573126 0.0294474914418228
"думные" 0 0 0 0 0.0106574302271365 0.0777051943946897 0.0187709368141388 0.00613496932515337 0 0 0 0
"историческая" 0 0 0.0811969024885347 0.0302681760397118 0 0 0.00144391821647222 0.0081799591002045 0.00335931201289976 0.0147368421052632 0.00123785356192362 0
"общим" 0.0108889760006969 0.0076590204112894 0.0300729268476054 0.00605363520794237 0.0159861453407047 0.019755557896955 0.0072195910823611 0.00408997955010225 0.0100779360386993 0.0105263157894737 0.00866497493346537 0.0024539576201519
"писал" 0.00435559040027876 0.00957377551411175 0.00150364634238027 0.00403575680529491 0.00932525144874442 0.0263407438626067 0.0216587732470833 0.032719836400818 0.0335931201289976 0.00210526315789474 0.00123785356192362 0.00368093643022785
"прав" 0.00435559040027876 0.00957377551411175 0.00902187805428163 0.0121072704158847 0.0186505028974888 0.0131703719313033 0.00433175464941666 0.0122699386503067 0.0167965600644988 0.0147368421052632 0.00371356068577087 0.0196316609612152
"прежнего" 0.00217779520013938 0.00191475510282235 0.00451093902714082 0.00807151361058983 0.0386331845733697 0.0144874091244337 0.0115513457317778 0.00613496932515337 0.00335931201289976 0.00210526315789474 0.0136163891811599 0.0122697881007595
"событий" 0 0 0.0721750244342531 0.00201787840264746 0.00532871511356824 0.00263407438626067 0 0.0184049079754601 0.013437248051599 0.00421052631578947 0.00618926780961812 0.0098158304806076
"составляли" 0.017422361601115 0.0038295102056447 0.00150364634238027 0.00403575680529491 0.0239792180110571 0.0144874091244337 0.0202148550306111 0.0122699386503067 0.0100779360386993 0.0147368421052632 0.0123785356192362 0.00122697881007595
"таки" 0 0 0.0451093902714082 0.0363218112476542 0 0.00263407438626067 0.00433175464941666 0.0204498977505112 0.013437248051599 0.0315789473684211 0.00123785356192362 0
"третий" 0.0152445664009757 0.0229770612338682 0.00902187805428163 0.0121072704158847 0.00399653633517618 0.00263407438626067 0.00866350929883331 0 0.00335931201289976 0.0442105263157895 0.00866497493346537 0.0147237457209114
"царем" 0.00653338560041814 0.00574426530846705 0 0.00201787840264746 0.00799307267035236 0.047413338952692 0.00144391821647222 0.0388548057259714 0.0268744961031981 0 0.00371356068577087 0.00368093643022785
"вне" 0.00217779520013938 0.0114885306169341 0.0180437561085633 0.0322860544423593 0.0119896090055285 0.019755557896955 0.00577567286588888 0.0102249488752556 0.00671862402579952 0.0126315789473684 0.00618926780961812 0.00122697881007595
"годы" 0.00653338560041814 0.0287213265423352 0.00451093902714082 0.00201787840264746 0.00133217877839206 0.0144874091244337 0.00866350929883331 0.0265848670756646 0.0739048642837947 0.00842105263157895 0.00371356068577087 0
"московскому" 0 0 0.00150364634238027 0 0.0133217877839206 0.023706669476346 0.0447614647106388 0.0265848670756646 0.0235151840902983 0 0.00247570712384725 0
"нередко" 0.017422361601115 0.0038295102056447 0.0436057439290279 0.0181609056238271 0.00266435755678412 0.0144874091244337 0.00866350929883331 0.00408997955010225 0.00335931201289976 0.0210526315789474 0.00247570712384725 0
"патриарха" 0.00871118080055752 0.0076590204112894 0 0.00201787840264746 0.00133217877839206 0.0408281529870404 0.00433175464941666 0.0736196319018405 0 0 0.00123785356192362 0.00122697881007595
"перемены" 0.00435559040027876 0.00191475510282235 0.00902187805428163 0.00807151361058983 0.0186505028974888 0.0144874091244337 0.0202148550306111 0.00204498977505112 0.0201558720773985 0.0252631578947368 0.00371356068577087 0.0098158304806076
"смоленск" 0.0130667712008363 0.0306360816451576 0 0 0.00399653633517618 0 0.0158831003811944 0.0081799591002045 0 0 0.009902828495389 0.0417172795425823
"удельных" 0 0.0038295102056447 0 0 0.0612802238060348 0.0223896322832157 0 0.0122699386503067 0.0268744961031981 0.00631578947368421 0 0
"указывает" 0.00217779520013938 0 0.00751823171190136 0.00807151361058983 0.0186505028974888 0.00658518596565167 0.0274344461129722 0.00408997955010225 0.00335931201289976 0.0126315789473684 0.0284706319242434 0.0024539576201519
"условий" 0.0108889760006969 0.00574426530846705 0.0210510487933238 0.0242145408317695 0.00799307267035236 0.0144874091244337 0.00577567286588888 0.00204498977505112 0.00671862402579952 0.0421052631578947 0.0049514142476945 0
"цели" 0.00217779520013938 0.00191475510282235 0.0210510487933238 0.0161430272211797 0.00532871511356824 0.00131703719313033 0.0173270185976666 0.0122699386503067 0.0201558720773985 0.0378947368421053 0.00247570712384725 0.0110428092906835
"волге" 0.00217779520013938 0.00191475510282235 0 0 0.00932525144874442 0.00131703719313033 0.0606445650918332 0.00408997955010225 0.0167965600644988 0 0.0210435105527016 0.00613489405037975
"волостей" 0 0 0 0 0.00932525144874442 0.00131703719313033 0.00288783643294444 0.00408997955010225 0.0100779360386993 0 0.0111406820573126 0.0699377921743291
"глеба" 0.00435559040027876 0.0421246122620917 0.00150364634238027 0 0 0 0 0 0 0 0.0160920963050071 0.0527600888332658
"государственной" 0.00871118080055752 0.0038295102056447 0.00300729268476054 0.0302681760397118 0.0066608938919603 0.015804446317564 0.00433175464941666 0.0143149284253579 0.0167965600644988 0.0273684210526316 0.0136163891811599 0.0024539576201519
"граждане" 0.0217779520013938 0.0804197143185387 0 0.0161430272211797 0.00266435755678412 0 0 0 0 0.00210526315789474 0.00742712137154175 0.0147237457209114
"дети" 0.0152445664009757 0.0402098571592693 0.00150364634238027 0.00403575680529491 0.00266435755678412 0.0171214835106943 0.0072195910823611 0.0184049079754601 0.0100779360386993 0 0.00866497493346537 0.0134967669108354
"дома" 0.017422361601115 0.0076590204112894 0.00150364634238027 0.0100893920132373 0.00532871511356824 0.007902223158782 0.0433175464941666 0.00204498977505112 0 0 0.0210435105527016 0.00613489405037975
"другому" 0.00653338560041814 0.0134032857197564 0.0195474024509435 0.0181609056238271 0.0133217877839206 0.0144874091244337 0.00288783643294444 0.00408997955010225 0 0.0147368421052632 0.0111406820573126 0.0098158304806076
"заметить" 0 0.00191475510282235 0.00150364634238027 0 0.0333044694598015 0.0223896322832157 0.0115513457317778 0 0.00335931201289976 0.0189473684210526 0.0173299498669307 0.00613489405037975
"князе" 0.00871118080055752 0.00957377551411175 0 0 0.0519549723572903 0.00263407438626067 0.00433175464941666 0.00408997955010225 0.0235151840902983 0 0.0111406820573126 0.0122697881007595
"немедленно" 0.0196001568012544 0.0306360816451576 0.00451093902714082 0.00201787840264746 0.00133217877839206 0.00131703719313033 0.00144391821647222 0.00613496932515337 0 0.00421052631578947 0.0173299498669307 0.0368093643022785
"патриарх" 0.0108889760006969 0.00191475510282235 0 0.00403575680529491 0 0.043462227373301 0.0072195910823611 0.0715746421267894 0 0 0 0
"подле" 0.00653338560041814 0.00574426530846705 0 0 0.00532871511356824 0.00658518596565167 0.0389857918447499 0.00408997955010225 0 0 0.0235192176765489 0.0220856185813671
"удалось" 0.00217779520013938 0 0 0.0201787840264746 0.00266435755678412 0.00658518596565167 0.0101074275153055 0.0143149284253579 0.0167965600644988 0.00210526315789474 0.0185678034288544 0.0343554066821266
"акты" 0 0 0.00451093902714082 0 0.0479584360221142 0.0368770414076494 0 0 0 0.0273684210526316 0 0
"везде" 0.0283113376018119 0.0114885306169341 0.00902187805428163 0.0121072704158847 0.0119896090055285 0.00131703719313033 0.00577567286588888 0.0102249488752556 0 0.0168421052631579 0.0235192176765489 0.00368093643022785
"греками" 0.0588004704037632 0.0153180408225788 0 0.0201787840264746 0.00532871511356824 0.00131703719313033 0.00144391821647222 0.00204498977505112 0.00335931201289976 0 0.0284706319242434 0.0049079152403038
"исторические" 0.00435559040027876 0 0.0721750244342531 0.0201787840264746 0.00133217877839206 0.00263407438626067 0.00866350929883331 0 0.00671862402579952 0.0105263157894737 0.0049514142476945 0
"книги" 0.017422361601115 0.0038295102056447 0.0255619878204646 0.0141251488185322 0.0066608938919603 0.0105362975450427 0.00577567286588888 0.0081799591002045 0.0167965600644988 0.0231578947368421 0.0111406820573126 0
"находился" 0.0108889760006969 0.0287213265423352 0.00300729268476054 0.00201787840264746 0 0.0105362975450427 0.0346540371953333 0.00408997955010225 0.00671862402579952 0.00210526315789474 0.00618926780961812 0.0184046821511392
"наш" 0.0261335424016725 0.0114885306169341 0.0105255243966619 0 0.00532871511356824 0.00526814877252134 0 0.0081799591002045 0.00671862402579952 0.0105263157894737 0.0185678034288544 0.025766555011595
"политический" 0 0 0.0120291707390422 0.0343039328450068 0.0253113967894491 0.027657781055737 0 0.0102249488752556 0.00335931201289976 0.0189473684210526 0 0
"принял" 0.00435559040027876 0.0268065714395129 0 0.00403575680529491 0.0066608938919603 0.00526814877252134 0.00144391821647222 0.0184049079754601 0.00335931201289976 0 0.0160920963050071 0.0355823854922026
"равно" 0.0130667712008363 0.0114885306169341 0.0315765731899857 0.0121072704158847 0.00133217877839206 0.003951111579391 0.00433175464941666 0.0102249488752556 0.00671862402579952 0.00631578947368421 0.019805656990778 0.0098158304806076
"служили" 0.0348447232022301 0.0191475510282235 0.00150364634238027 0.00201787840264746 0.0239792180110571 0.007902223158782 0.0072195910823611 0.0102249488752556 0.00671862402579952 0.00421052631578947 0.0173299498669307 0
"состоянии" 0.0130667712008363 0.00191475510282235 0.0210510487933238 0.0262324192344169 0.00399653633517618 0.00526814877252134 0.01299526394825 0.00204498977505112 0.0100779360386993 0.0189473684210526 0.0173299498669307 0.00368093643022785
"ср" 0 0 0.033080219532366 0 0.0239792180110571 0.0289748182488673 0.0216587732470833 0 0 0.00631578947368421 0 0
"старшинство" 0 0 0 0 0.00532871511356824 0.00658518596565167 0 0 0 0 0.00742712137154175 0.0797536226549368
"течение" 0.0413781088026482 0.0134032857197564 0.0120291707390422 0.0282502976370644 0.00266435755678412 0.00658518596565167 0.00866350929883331 0.0081799591002045 0.0100779360386993 0.00631578947368421 0.009902828495389 0.00122697881007595
"важное" 0.0108889760006969 0.00574426530846705 0.0150364634238027 0.0121072704158847 0.0066608938919603 0.00526814877252134 0.0173270185976666 0.00204498977505112 0.00335931201289976 0.00842105263157895 0.0259949248003961 0.00858885167053165
"гл" 0 0 0.0255619878204646 0 0.00532871511356824 0.0144874091244337 0.0664202379577221 0 0 0.00210526315789474 0 0
"дворян" 0 0 0 0 0.0199826816758809 0.0447792645664314 0.0303222825459166 0.0081799591002045 0.00671862402579952 0.00631578947368421 0 0
"единственно" 0.0762228320048783 0.0612721632903152 0.00451093902714082 0.00403575680529491 0.00133217877839206 0.00131703719313033 0 0.00204498977505112 0 0 0.00247570712384725 0.0024539576201519
"обстоятельства" 0.0261335424016725 0.0134032857197564 0.00601458536952109 0 0.0146539665623127 0.019755557896955 0.00433175464941666 0.016359918200409 0.00671862402579952 0.00631578947368421 0.009902828495389 0.0073618728604557
"общие" 0.00871118080055752 0.0038295102056447 0.0526276219833095 0.0161430272211797 0.0066608938919603 0.003951111579391 0.00288783643294444 0.00408997955010225 0.00671862402579952 0.0252631578947368 0.00371356068577087 0.00122697881007595
"общих" 0.00217779520013938 0.0038295102056447 0.066160439064732 0.0161430272211797 0.00799307267035236 0.00526814877252134 0.00288783643294444 0.0102249488752556 0.00671862402579952 0.00631578947368421 0.00247570712384725 0
"россиян" 0.0958229888061327 0.0670164285987822 0 0 0 0 0 0 0 0 0 0
"собора" 0 0 0.00150364634238027 0 0.00399653633517618 0.051364450532083 0.00433175464941666 0.0552147239263804 0.013437248051599 0 0.00123785356192362 0.00122697881007595
"средние" 0 0 0.00751823171190136 0.13519785297738 0 0 0.00144391821647222 0.00204498977505112 0 0.00842105263157895 0.00123785356192362 0
"стала" 0.00217779520013938 0 0.00751823171190136 0.0322860544423593 0.0199826816758809 0.011853334738173 0.00433175464941666 0.0122699386503067 0.0369524321418973 0.00842105263157895 0.0049514142476945 0.00613489405037975
"тотчас" 0 0 0.00300729268476054 0.00605363520794237 0.00399653633517618 0.00658518596565167 0.0187709368141388 0.0265848670756646 0.0201558720773985 0 0.0185678034288544 0.023312597391443
"целью" 0 0 0.0225546951357041 0.0100893920132373 0.00266435755678412 0.007902223158782 0.0303222825459166 0.00408997955010225 0.0235151840902983 0.04 0.00123785356192362 0.00122697881007595
"василий" 0.00435559040027876 0.0038295102056447 0.00150364634238027 0 0.021314860454273 0.0368770414076494 0.01299526394825 0.016359918200409 0.0268744961031981 0 0 0.0049079152403038
"великих" 0.0304891328019513 0.00957377551411175 0.00451093902714082 0.0100893920132373 0.0186505028974888 0.019755557896955 0.00288783643294444 0.0143149284253579 0.013437248051599 0.00421052631578947 0.00371356068577087 0.0049079152403038
"греции" 0.045733699202927 0.0134032857197564 0.00751823171190136 0.0686078656900135 0.00133217877839206 0 0 0 0 0.00842105263157895 0.00618926780961812 0.00122697881007595
"исторический" 0 0 0.0676640854071122 0.0262324192344169 0.0066608938919603 0.003951111579391 0 0.00408997955010225 0.00335931201289976 0.0147368421052632 0.00247570712384725 0
"княжества" 0 0 0 0.00403575680529491 0.0506227935788983 0.00263407438626067 0.00433175464941666 0.00408997955010225 0.00335931201289976 0 0.0259949248003961 0.0110428092906835
"никто" 0.0130667712008363 0.0114885306169341 0.00300729268476054 0.00403575680529491 0.00399653633517618 0.00658518596565167 0.0259905278964999 0.0306748466257669 0.013437248051599 0.00421052631578947 0.0136163891811599 0.0049079152403038
"остается" 0.00435559040027876 0.0076590204112894 0.0195474024509435 0.0121072704158847 0.0146539665623127 0.007902223158782 0 0 0 0.0442105263157895 0.0136163891811599 0.0049079152403038
"отношению" 0 0 0.066160439064732 0.0383396896503017 0.0066608938919603 0.003951111579391 0.00288783643294444 0.00204498977505112 0 0.00842105263157895 0 0
"принять" 0.0130667712008363 0.0038295102056447 0.00451093902714082 0.0100893920132373 0.00399653633517618 0.0105362975450427 0.0231026914635555 0.0143149284253579 0.00671862402579952 0 0.0185678034288544 0.0134967669108354
"природы" 0.0108889760006969 0.00191475510282235 0.0135328170814224 0.0242145408317695 0.00266435755678412 0.00131703719313033 0.00144391821647222 0 0.00335931201289976 0.0568421052631579 0.0222813641146252 0.00122697881007595
"процесса" 0 0 0.0601458536952109 0.0302681760397118 0.0119896090055285 0.0105362975450427 0 0 0.00671862402579952 0.00842105263157895 0 0
"раньше" 0 0 0.0150364634238027 0.0302681760397118 0.0253113967894491 0.0131703719313033 0.00144391821647222 0.00613496932515337 0.00671862402579952 0.0378947368421053 0 0
"сил" 0.0152445664009757 0.0038295102056447 0.00601458536952109 0.0121072704158847 0.021314860454273 0.00131703719313033 0.00433175464941666 0.0081799591002045 0.0335931201289976 0.0378947368421053 0.0049514142476945 0.00368093643022785
"та" 0 0.0038295102056447 0.0180437561085633 0.0100893920132373 0.0146539665623127 0.011853334738173 0.00577567286588888 0.0306748466257669 0.0100779360386993 0.0168421052631579 0.00742712137154175 0.00368093643022785
"василия" 0.00871118080055752 0.0076590204112894 0 0 0.0173183241190968 0.03951111579391 0.01299526394825 0.00613496932515337 0.0268744961031981 0.00210526315789474 0.00371356068577087 0.0024539576201519
"войне" 0.0217779520013938 0.0229770612338682 0.00451093902714082 0.00403575680529491 0 0.00526814877252134 0.0072195910823611 0.00408997955010225 0.0100779360386993 0 0.019805656990778 0.024539576201519
"всяких" 0.00217779520013938 0.00191475510282235 0.0195474024509435 0 0.00399653633517618 0.0329259298282584 0.0072195910823611 0.0143149284253579 0.0369524321418973 0.00842105263157895 0.00371356068577087 0.0049079152403038
"землевладения" 0 0 0.00601458536952109 0.00605363520794237 0.0186505028974888 0.00921926035191234 0 0.0143149284253579 0.0268744961031981 0.071578947368421 0 0
"надо" 0.00217779520013938 0 0.00150364634238027 0 0.00133217877839206 0.003951111579391 0.0173270185976666 0.0122699386503067 0.0235151840902983 0.0947368421052632 0.00123785356192362 0
"называет" 0.00871118080055752 0.0076590204112894 0.00451093902714082 0.00403575680529491 0.0279757543462333 0.0105362975450427 0.0274344461129722 0 0 0.00210526315789474 0.0148542427430835 0.00368093643022785
"нечто" 0.00435559040027876 0 0.0736786707766333 0.0363218112476542 0.00532871511356824 0.003951111579391 0 0 0 0.00210526315789474 0 0
"отечество" 0.0522670848033451 0.0516983877762034 0 0.00807151361058983 0.00532871511356824 0.0131703719313033 0.00144391821647222 0 0 0.00421052631578947 0.00618926780961812 0
"первым" 0.0152445664009757 0.00957377551411175 0.00751823171190136 0.0181609056238271 0.00799307267035236 0.0131703719313033 0.00866350929883331 0.00204498977505112 0.0100779360386993 0.00842105263157895 0.0160920963050071 0.0098158304806076
"правительственный" 0 0 0 0 0.0546193299140745 0.0289748182488673 0.00144391821647222 0.0102249488752556 0.0100779360386993 0.00421052631578947 0.00371356068577087 0
"различие" 0.00435559040027876 0 0.0180437561085633 0.0343039328450068 0.00932525144874442 0.003951111579391 0.00433175464941666 0.00204498977505112 0.00335931201289976 0.00631578947368421 0.0309463390480906 0.00368093643022785
"случай" 0.017422361601115 0.0191475510282235 0.00451093902714082 0.00201787840264746 0.0133217877839206 0.0263407438626067 0.0072195910823611 0.00613496932515337 0.00335931201289976 0.00421052631578947 0.0049514142476945 0.0122697881007595
"содержание" 0.00653338560041814 0.00191475510282235 0.0285692805052252 0.00403575680529491 0.00799307267035236 0.003951111579391 0.0216587732470833 0.00204498977505112 0.013437248051599 0.0189473684210526 0.0160920963050071 0.00122697881007595
"стол" 0 0.0038295102056447 0 0 0.0186505028974888 0.00131703719313033 0.00866350929883331 0.00204498977505112 0.00335931201289976 0.00421052631578947 0.0111406820573126 0.0503061312131139
"столетия" 0.0152445664009757 0.00574426530846705 0.016540109766183 0.0302681760397118 0.00399653633517618 0.00526814877252134 0.00433175464941666 0.016359918200409 0.0201558720773985 0.0336842105263158 0.00123785356192362 0
"большую" 0.00653338560041814 0.00957377551411175 0.00902187805428163 0.022196662429122 0.00932525144874442 0.00658518596565167 0.0101074275153055 0.0143149284253579 0.00335931201289976 0.00631578947368421 0.0160920963050071 0.0098158304806076
"возможности" 0.00217779520013938 0.00191475510282235 0.0120291707390422 0.00807151361058983 0.0066608938919603 0.0131703719313033 0.0115513457317778 0.0347648261758691 0.0268744961031981 0.0147368421052632 0.00742712137154175 0.00122697881007595
"главных" 0.0130667712008363 0.0114885306169341 0.00300729268476054 0.0141251488185322 0.021314860454273 0.00526814877252134 0.0173270185976666 0.00204498977505112 0.00335931201289976 0.00842105263157895 0.0148542427430835 0.00613489405037975
"граждан" 0.0239557472015332 0.0497836326733811 0.00150364634238027 0.0322860544423593 0.00133217877839206 0.00131703719313033 0.00144391821647222 0 0 0.00210526315789474 0.00866497493346537 0.0134967669108354
"древние" 0.0544448800034845 0.0210623061310458 0.00601458536952109 0.0262324192344169 0.00532871511356824 0.00263407438626067 0.00288783643294444 0 0 0.00842105263157895 0.0123785356192362 0.00122697881007595
"ж" 0.0588004704037632 0.0536131428790258 0.00150364634238027 0 0 0 0.0158831003811944 0.00204498977505112 0.00671862402579952 0 0.00618926780961812 0.00122697881007595
"князьям" 0.0108889760006969 0.0191475510282235 0 0 0.021314860454273 0.00263407438626067 0.00144391821647222 0.00408997955010225 0.00671862402579952 0.00210526315789474 0.0111406820573126 0.0343554066821266
"купцов" 0 0.00574426530846705 0 0 0.00532871511356824 0.00131703719313033 0.0620884833083054 0.0081799591002045 0.0167965600644988 0.0105263157894737 0.00742712137154175 0.00613489405037975
"любовь" 0.0239557472015332 0.044039367364914 0.00300729268476054 0.00605363520794237 0.00266435755678412 0.00263407438626067 0.00288783643294444 0.0102249488752556 0.00335931201289976 0.00842105263157895 0.00618926780961812 0.0196316609612152
"московским" 0 0 0 0 0.0266435755678412 0.0223896322832157 0.0202148550306111 0.0306748466257669 0.0335931201289976 0 0 0
"основании" 0 0 0.0526276219833095 0.00201787840264746 0.00932525144874442 0.0144874091244337 0.0101074275153055 0.00408997955010225 0.013437248051599 0.00842105263157895 0.00371356068577087 0.0024539576201519
"переяславль" 0.00435559040027876 0.0497836326733811 0 0 0.00266435755678412 0 0.00288783643294444 0 0 0.00421052631578947 0.00371356068577087 0.0478521735929621
"понять" 0.00217779520013938 0 0.0105255243966619 0.00403575680529491 0.00532871511356824 0.011853334738173 0.0101074275153055 0.0143149284253579 0.0167965600644988 0.0315789473684211 0.00866497493346537 0.0147237457209114
"посол" 0.00435559040027876 0.00957377551411175 0 0 0.00532871511356824 0.007902223158782 0.059200646875361 0.016359918200409 0 0.00210526315789474 0 0.0110428092906835
"север" 0.0130667712008363 0.00191475510282235 0 0.00605363520794237 0.0106574302271365 0.00263407438626067 0.0187709368141388 0.0122699386503067 0.0167965600644988 0 0.0321841926100142 0.0073618728604557
"следы" 0.0152445664009757 0.0076590204112894 0.00601458536952109 0.0121072704158847 0.0253113967894491 0.015804446317564 0.0158831003811944 0 0 0.00210526315789474 0.0136163891811599 0.00122697881007595
"смотря" 0.00217779520013938 0.00191475510282235 0.0105255243966619 0.00403575680529491 0.022647039232665 0.023706669476346 0.01299526394825 0.00204498977505112 0.00335931201289976 0.00421052631578947 0.0160920963050071 0.0049079152403038
"собой" 0.00435559040027876 0 0.00451093902714082 0.0121072704158847 0.0119896090055285 0.007902223158782 0.0245466096800277 0.00204498977505112 0.0369524321418973 0.0336842105263158 0.00618926780961812 0
"учреждений" 0 0 0.00902187805428163 0.0161430272211797 0.0266435755678412 0.0223896322832157 0.00577567286588888 0 0.00671862402579952 0.0378947368421053 0.00123785356192362 0
"ход" 0 0 0.0195474024509435 0.0181609056238271 0.0186505028974888 0.0144874091244337 0.0072195910823611 0.0224948875255624 0.0201558720773985 0 0.0049514142476945 0.00368093643022785
"автор" 0 0 0.0691677317494925 0.00605363520794237 0.00399653633517618 0.00263407438626067 0.00288783643294444 0.0224948875255624 0.0167965600644988 0.00421052631578947 0 0.00122697881007595
"англии" 0.00217779520013938 0.00191475510282235 0.0375911585595068 0.00807151361058983 0 0.00263407438626067 0.0202148550306111 0.0143149284253579 0.00671862402579952 0.04 0 0
"ведь" 0 0 0.016540109766183 0.0100893920132373 0.0066608938919603 0.00263407438626067 0 0 0 0.0631578947368421 0.00618926780961812 0.0208586397712912
"годунова" 0 0 0 0 0 0.015804446317564 0.00288783643294444 0.120654396728016 0.00671862402579952 0 0 0
"грамоте" 0.00435559040027876 0 0 0 0.0532871511356824 0.015804446317564 0.00288783643294444 0.0122699386503067 0.00335931201289976 0.0105263157894737 0.00742712137154175 0.00122697881007595
"гривен" 0.0130667712008363 0.0612721632903152 0 0 0.00399653633517618 0 0 0 0 0 0.029708485486167 0.0122697881007595
"дьяк" 0 0 0 0 0.0146539665623127 0.0500474133389527 0.0173270185976666 0.0204498977505112 0.013437248051599 0 0 0
"исключительно" 0 0.00191475510282235 0.0225546951357041 0.0262324192344169 0.00799307267035236 0.007902223158782 0.0115513457317778 0.0081799591002045 0.00335931201289976 0.0210526315789474 0.00866497493346537 0.0049079152403038
"каждом" 0.00217779520013938 0.00191475510282235 0.0345838658747463 0.00807151361058983 0.0106574302271365 0.0105362975450427 0.0202148550306111 0.00204498977505112 0.0100779360386993 0.0105263157894737 0.00742712137154175 0.00122697881007595
"одинаково" 0 0 0.0405984512442674 0.0201787840264746 0.0119896090055285 0.003951111579391 0.00577567286588888 0.0143149284253579 0.0100779360386993 0.00842105263157895 0.00742712137154175 0.0024539576201519
"особенности" 0.0152445664009757 0.0038295102056447 0.0240583414780844 0.0242145408317695 0.00532871511356824 0.00921926035191234 0.00288783643294444 0.00613496932515337 0.0201558720773985 0.0273684210526316 0.00123785356192362 0.0024539576201519
"отправился" 0.0108889760006969 0.0210623061310458 0 0 0 0.00131703719313033 0 0.00204498977505112 0 0 0.0111406820573126 0.0588949828836456
"происхождение" 0.00435559040027876 0 0.0210510487933238 0.0181609056238271 0.0186505028974888 0.00921926035191234 0 0.00204498977505112 0.00335931201289976 0.0189473684210526 0.0173299498669307 0.0049079152403038
"россияне" 0.0762228320048783 0.076590204112894 0 0 0 0 0 0 0 0 0 0
"федора" 0 0 0 0 0.00532871511356824 0.015804446317564 0 0.112474437627812 0.013437248051599 0 0 0
"v" 0.0196001568012544 0.0038295102056447 0.00601458536952109 0.0282502976370644 0.0173183241190968 0.0171214835106943 0.0072195910823611 0.0122699386503067 0.00335931201289976 0.0126315789473684 0.00247570712384725 0
"vii" 0.0283113376018119 0.0076590204112894 0.00601458536952109 0.0161430272211797 0.0119896090055285 0.007902223158782 0.0245466096800277 0.00613496932515337 0 0.0126315789473684 0.0049514142476945 0.00122697881007595
"быт" 0 0 0.00902187805428163 0.0383396896503017 0.00399653633517618 0.00263407438626067 0.00577567286588888 0 0.00671862402579952 0.0105263157894737 0.0358977532957851 0.0049079152403038
"вести" 0.00435559040027876 0.0038295102056447 0 0.00807151361058983 0.00399653633517618 0.0210725950900853 0.00577567286588888 0.0184049079754601 0.0100779360386993 0.00631578947368421 0.019805656990778 0.0147237457209114
"властью" 0 0 0.00150364634238027 0.048429081663539 0.0239792180110571 0.0223896322832157 0.00433175464941666 0.0102249488752556 0.013437248051599 0 0.00247570712384725 0
"двора" 0.0130667712008363 0.00957377551411175 0.00150364634238027 0 0.0106574302271365 0.007902223158782 0.0317662007623888 0.0143149284253579 0.013437248051599 0.00210526315789474 0.0111406820573126 0.00613489405037975
"думой" 0 0 0 0 0.0119896090055285 0.0763881572015594 0.0072195910823611 0 0.00335931201289976 0.00210526315789474 0 0
"закона" 0.00653338560041814 0.00191475510282235 0.00902187805428163 0.0161430272211797 0.0066608938919603 0.0408281529870404 0.00288783643294444 0.00613496932515337 0.00671862402579952 0.0231578947368421 0.00247570712384725 0
"законов" 0.0130667712008363 0.00574426530846705 0.0360875122171265 0.0141251488185322 0.00399653633517618 0.015804446317564 0.00577567286588888 0 0 0.0315789473684211 0 0
"княжеской" 0.00435559040027876 0.0076590204112894 0 0 0.0359688270165856 0.00131703719313033 0.00144391821647222 0.0286298568507157 0 0.00631578947368421 0.0173299498669307 0.0098158304806076
"отчасти" 0.0261335424016725 0.0153180408225788 0.00451093902714082 0.0181609056238271 0 0 0.00866350929883331 0.00204498977505112 0.0100779360386993 0.0526315789473684 0.00866497493346537 0
"прежнему" 0 0.00191475510282235 0 0 0.0159861453407047 0.0131703719313033 0.0216587732470833 0 0 0.0147368421052632 0.0111406820573126 0.024539576201519
"роде" 0.00217779520013938 0.00191475510282235 0.0180437561085633 0.00201787840264746 0.00399653633517618 0.007902223158782 0.00288783643294444 0.00204498977505112 0 0.00421052631578947 0.0210435105527016 0.0343554066821266
"само" 0.00435559040027876 0 0.0180437561085633 0.0302681760397118 0.0106574302271365 0.0105362975450427 0.00433175464941666 0.0143149284253579 0.00335931201289976 0.00842105263157895 0.0173299498669307 0
"старого" 0.00217779520013938 0.00191475510282235 0.00751823171190136 0.0282502976370644 0.0106574302271365 0.0144874091244337 0.00288783643294444 0.016359918200409 0.00671862402579952 0.0126315789473684 0.00247570712384725 0.0171777033410633
"близ" 0.0588004704037632 0.0536131428790258 0 0.00201787840264746 0.00133217877839206 0.00131703719313033 0.0115513457317778 0.00408997955010225 0.00335931201289976 0.00210526315789474 0.00247570712384725 0.00122697881007595
"большей" 0.00653338560041814 0.0038295102056447 0.00902187805428163 0.022196662429122 0.0159861453407047 0.00658518596565167 0.0144391821647222 0 0.0100779360386993 0.0231578947368421 0.0111406820573126 0.00122697881007595
"вид" 0 0 0.0120291707390422 0.00807151361058983 0.00932525144874442 0.003951111579391 0.0404297100612221 0.0102249488752556 0.013437248051599 0.0168421052631579 0.00371356068577087 0.00368093643022785
"впервые" 0 0 0.00451093902714082 0.0262324192344169 0.0106574302271365 0.00526814877252134 0.0101074275153055 0.0143149284253579 0.0235151840902983 0.0231578947368421 0.009902828495389 0.00613489405037975
"всякий" 0.017422361601115 0.0134032857197564 0.0195474024509435 0.00201787840264746 0.0106574302271365 0.007902223158782 0.0158831003811944 0.00613496932515337 0.0100779360386993 0.00421052631578947 0.009902828495389 0.00368093643022785
"дружине" 0.00871118080055752 0.00957377551411175 0 0.00403575680529491 0.0133217877839206 0 0.00288783643294444 0 0 0 0.0247570712384725 0.0368093643022785
"имена" 0.017422361601115 0.0038295102056447 0.0150364634238027 0 0.0186505028974888 0.003951111579391 0.0072195910823611 0.0081799591002045 0.00335931201289976 0 0.0160920963050071 0.0159507245309874
"митрополита" 0.00435559040027876 0.038295102056447 0 0 0.0106574302271365 0.0131703719313033 0.00288783643294444 0.0081799591002045 0.0302338081160978 0.00210526315789474 0.009902828495389 0.0110428092906835
"народами" 0.0239557472015332 0 0.0120291707390422 0.0625542304820711 0.00266435755678412 0 0.00144391821647222 0 0 0.00210526315789474 0.0210435105527016 0.0024539576201519
"народного" 0.0130667712008363 0.0114885306169341 0.016540109766183 0.0121072704158847 0.0106574302271365 0.0105362975450427 0 0.00408997955010225 0.00671862402579952 0.0357894736842105 0.00371356068577087 0.0049079152403038
"объясняется" 0 0 0.0150364634238027 0.0141251488185322 0.0146539665623127 0.011853334738173 0.00288783643294444 0.00204498977505112 0.00335931201289976 0.0126315789473684 0.029708485486167 0.0024539576201519
"села" 0.00217779520013938 0.0191475510282235 0.00300729268476054 0 0.0266435755678412 0.007902223158782 0.00288783643294444 0.0102249488752556 0 0.00210526315789474 0.0123785356192362 0.0196316609612152
"скорее" 0.00653338560041814 0.0076590204112894 0.00451093902714082 0.0141251488185322 0.00799307267035236 0.0171214835106943 0.0101074275153055 0.0122699386503067 0.00335931201289976 0.00210526315789474 0.00742712137154175 0.0196316609612152
"ходил" 0.00871118080055752 0.0248918163366905 0 0 0.00266435755678412 0.00526814877252134 0.00144391821647222 0.00204498977505112 0.00335931201289976 0 0.0222813641146252 0.0355823854922026
"чинов" 0 0 0.00150364634238027 0.00201787840264746 0.00932525144874442 0.0777051943946897 0.00577567286588888 0 0.00335931201289976 0 0 0
"юге" 0.00871118080055752 0 0 0.0141251488185322 0.0106574302271365 0.00263407438626067 0.00433175464941666 0.00613496932515337 0.00335931201289976 0.00842105263157895 0.0222813641146252 0.0282205126317468
"воевода" 0.0217779520013938 0.0268065714395129 0 0 0.00266435755678412 0.0131703719313033 0.0158831003811944 0.0081799591002045 0.00335931201289976 0 0.0148542427430835 0.0098158304806076
"всякие" 0.00435559040027876 0.00574426530846705 0.0345838658747463 0 0.00399653633517618 0.0289748182488673 0.00866350929883331 0.0102249488752556 0.0167965600644988 0.00421052631578947 0 0.00122697881007595
"гг" 0.00217779520013938 0.0172327959254011 0.0556349146680701 0.00807151361058983 0.00266435755678412 0.003951111579391 0 0.0081799591002045 0.0167965600644988 0.0126315789473684 0 0.00122697881007595
"давать" 0.017422361601115 0 0.016540109766183 0.0100893920132373 0.00799307267035236 0.00921926035191234 0.00433175464941666 0.0143149284253579 0.013437248051599 0.00421052631578947 0.0148542427430835 0.00858885167053165
"давно" 0.0217779520013938 0.0134032857197564 0.0225546951357041 0.0141251488185322 0 0.00526814877252134 0.0101074275153055 0.0102249488752556 0.013437248051599 0.00421052631578947 0.009902828495389 0.00368093643022785
"дворце" 0.0130667712008363 0.0172327959254011 0 0 0.0106574302271365 0.0171214835106943 0.01299526394825 0.0429447852760736 0.0167965600644988 0 0.00123785356192362 0
"духовенства" 0.00435559040027876 0.00957377551411175 0.00150364634238027 0.00605363520794237 0.00932525144874442 0.023706669476346 0.00144391821647222 0.0184049079754601 0.013437248051599 0.0189473684210526 0.0111406820573126 0.0049079152403038
"император" 0.0696894464044601 0.0210623061310458 0.00300729268476054 0.00807151361058983 0 0 0 0.00408997955010225 0.00335931201289976 0.00210526315789474 0.019805656990778 0.00368093643022785
"княжение" 0.00435559040027876 0.044039367364914 0 0 0.0106574302271365 0.00131703719313033 0.00288783643294444 0.00204498977505112 0.00335931201289976 0 0.0136163891811599 0.0282205126317468
"науке" 0.00217779520013938 0 0.0811969024885347 0.0181609056238271 0 0 0 0.00204498977505112 0.00335931201289976 0.00842105263157895 0.00247570712384725 0
"отдал" 0.00653338560041814 0.0497836326733811 0 0 0.00266435755678412 0.00263407438626067 0 0.00204498977505112 0.00335931201289976 0.00421052631578947 0.0111406820573126 0.0319014490619747
"пишет" 0.0479114944030663 0.0153180408225788 0.00150364634238027 0 0.0133217877839206 0.0171214835106943 0.0173270185976666 0.00204498977505112 0.00335931201289976 0.00210526315789474 0.00247570712384725 0.00122697881007595
"посла" 0.00217779520013938 0.0134032857197564 0 0 0.00266435755678412 0.003951111579391 0.0635324015247776 0.0081799591002045 0.00335931201289976 0 0 0.0122697881007595
"пусть" 0.00435559040027876 0.0114885306169341 0.00451093902714082 0.00605363520794237 0.00133217877839206 0.00658518596565167 0 0 0 0.00421052631578947 0.0210435105527016 0.0404903007325063
"революции" 0 0 0.0917224268851966 0.00605363520794237 0 0 0 0 0 0.0168421052631579 0 0
"северных" 0.0152445664009757 0.00574426530846705 0 0.00201787840264746 0.00932525144874442 0.00263407438626067 0.0158831003811944 0 0 0.00210526315789474 0.0433248746673269 0.00613489405037975
"согласно" 0.0261335424016725 0.0210623061310458 0.00150364634238027 0 0.0159861453407047 0.0184385207038247 0.00866350929883331 0.00408997955010225 0.00335931201289976 0.00631578947368421 0.0123785356192362 0
"средств" 0.00217779520013938 0 0.00902187805428163 0.00403575680529491 0.00399653633517618 0.00658518596565167 0.0115513457317778 0.0143149284253579 0.0100779360386993 0.0505263157894737 0.0111406820573126 0.0049079152403038
"управлении" 0 0 0 0.00201787840264746 0.0399653633517618 0.031608892635128 0.00866350929883331 0 0.0100779360386993 0.0147368421052632 0.00123785356192362 0
"шел" 0.00653338560041814 0.038295102056447 0 0.00605363520794237 0.0066608938919603 0.00921926035191234 0 0.00408997955010225 0.013437248051599 0.00210526315789474 0.0136163891811599 0.0196316609612152
"арх" 0 0 0 0 0.0253113967894491 0.059266673690865 0.00144391821647222 0.00204498977505112 0 0.0105263157894737 0 0
"борьбе" 0 0 0.00300729268476054 0.0100893920132373 0.00532871511356824 0.00526814877252134 0.00144391821647222 0.0306748466257669 0.0302338081160978 0.00421052631578947 0.0210435105527016 0.0147237457209114
"братьями" 0.00871118080055752 0.0248918163366905 0 0 0.00266435755678412 0.00658518596565167 0 0.00408997955010225 0 0 0.0049514142476945 0.0503061312131139
"войну" 0.0261335424016725 0.0402098571592693 0.00150364634238027 0.00403575680529491 0 0 0.0072195910823611 0.00408997955010225 0.013437248051599 0.00421052631578947 0.0111406820573126 0.0159507245309874
"давали" 0.00871118080055752 0.0153180408225788 0.00300729268476054 0.00201787840264746 0.0119896090055285 0.015804446317564 0.01299526394825 0.016359918200409 0 0.00631578947368421 0.00866497493346537 0.0098158304806076
"делу" 0 0 0 0 0.0199826816758809 0.0368770414076494 0.00866350929883331 0.016359918200409 0.0302338081160978 0.00421052631578947 0.00247570712384725 0.00122697881007595
"дядя" 0 0.0306360816451576 0 0 0.00133217877839206 0.003951111579391 0 0.00408997955010225 0.013437248051599 0.00210526315789474 0.00866497493346537 0.0453982159728102
"итак" 0.0130667712008363 0.0038295102056447 0.00902187805428163 0.00403575680529491 0.0146539665623127 0.00658518596565167 0.00144391821647222 0.0102249488752556 0.0100779360386993 0.04 0.0123785356192362 0.00122697881007595
"меньше" 0 0 0.0105255243966619 0.00403575680529491 0.021314860454273 0.0171214835106943 0.0259905278964999 0 0 0.0147368421052632 0.0049514142476945 0.0049079152403038
"монастырь" 0 0.0172327959254011 0 0 0.0106574302271365 0.0131703719313033 0.00288783643294444 0.0408997955010225 0.0268744961031981 0 0.00247570712384725 0.0147237457209114
"н" 0.00217779520013938 0 0.0270656341628449 0.00201787840264746 0 0.023706669476346 0.00144391821647222 0.0306748466257669 0.0268744961031981 0.0189473684210526 0 0
"положении" 0 0 0.0135328170814224 0.00807151361058983 0.0159861453407047 0.0184385207038247 0.0144391821647222 0.00204498977505112 0.00671862402579952 0.0252631578947368 0.0049514142476945 0.00368093643022785
"понятия" 0.00871118080055752 0 0.0255619878204646 0.00605363520794237 0.0186505028974888 0.007902223158782 0.00433175464941666 0.00204498977505112 0.00335931201289976 0.0105263157894737 0.0173299498669307 0.00368093643022785
"понятно" 0.00217779520013938 0 0.0180437561085633 0.00807151361058983 0.00133217877839206 0.00263407438626067 0.0144391821647222 0.0102249488752556 0.00671862402579952 0.0189473684210526 0.0222813641146252 0.00858885167053165
"собрал" 0.0196001568012544 0.0268065714395129 0 0 0.00532871511356824 0 0 0.00204498977505112 0.00335931201289976 0.00210526315789474 0.0136163891811599 0.0368093643022785
"тобою" 0.00217779520013938 0.0268065714395129 0 0 0.00266435755678412 0.00131703719313033 0 0 0.00335931201289976 0 0.00866497493346537 0.0552140464534178
"четыре" 0.00871118080055752 0.0134032857197564 0.00451093902714082 0.00807151361058983 0.00932525144874442 0.00658518596565167 0.0072195910823611 0.0102249488752556 0.00671862402579952 0.0168421052631579 0.0123785356192362 0.0134967669108354
"взгляд" 0 0 0.0225546951357041 0.0343039328450068 0.0119896090055285 0.0144874091244337 0.00577567286588888 0.00408997955010225 0.013437248051599 0.0105263157894737 0 0.00368093643022785
"вокруг" 0.0196001568012544 0.00957377551411175 0.0135328170814224 0.0141251488185322 0.0066608938919603 0.003951111579391 0.0216587732470833 0.0102249488752556 0.0167965600644988 0.00842105263157895 0.00123785356192362 0.0024539576201519
"вышел" 0.0152445664009757 0.0134032857197564 0.00150364634238027 0 0.00266435755678412 0.00526814877252134 0.00577567286588888 0.00613496932515337 0.00335931201289976 0.00421052631578947 0.0160920963050071 0.0319014490619747
"действия" 0.0130667712008363 0.0153180408225788 0.00751823171190136 0.00807151361058983 0.0119896090055285 0.0184385207038247 0.00144391821647222 0.00613496932515337 0.0167965600644988 0.00210526315789474 0.009902828495389 0.0073618728604557
"монастыря" 0.00435559040027876 0.0076590204112894 0 0 0.0359688270165856 0.00658518596565167 0.00866350929883331 0.0102249488752556 0.00335931201289976 0.0231578947368421 0.00247570712384725 0.00858885167053165
"ольговича" 0 0.0172327959254011 0 0 0.00266435755678412 0 0 0 0 0 0 0.0723917497944811
"остальные" 0 0 0.0105255243966619 0.0121072704158847 0.0133217877839206 0.007902223158782 0.0158831003811944 0.0081799591002045 0.00335931201289976 0.00210526315789474 0.0111406820573126 0.0184046821511392
"отправил" 0.0261335424016725 0.0421246122620917 0 0 0 0 0 0 0 0 0.009902828495389 0.0343554066821266
"походе" 0.00217779520013938 0.00574426530846705 0 0 0.0146539665623127 0.015804446317564 0.0072195910823611 0.00408997955010225 0.00671862402579952 0 0.019805656990778 0.0220856185813671
"правительственной" 0 0 0 0 0.0319722906814094 0.031608892635128 0 0.0102249488752556 0.0235151840902983 0.0210526315789474 0 0
"прошлого" 0 0 0.0947297195699571 0.00201787840264746 0 0 0 0.00204498977505112 0 0.00842105263157895 0 0.00122697881007595
"религии" 0 0 0.0270656341628449 0.0423754464555966 0 0 0 0.00204498977505112 0 0.0210526315789474 0.0235192176765489 0.00122697881007595
"совете" 0 0.0153180408225788 0 0 0.0519549723572903 0.019755557896955 0.00144391821647222 0 0.0100779360386993 0.00421052631578947 0 0.0024539576201519
"союза" 0.0152445664009757 0.0114885306169341 0.00150364634238027 0.00605363520794237 0.00799307267035236 0.00263407438626067 0 0.00204498977505112 0 0.071578947368421 0.00247570712384725 0.0098158304806076
"факт" 0 0 0.0481166829561687 0.0161430272211797 0.0133217877839206 0.003951111579391 0 0.0122699386503067 0 0.0168421052631579 0.00371356068577087 0
"черты" 0.00653338560041814 0.00191475510282235 0.00751823171190136 0.0242145408317695 0.0173183241190968 0.00658518596565167 0.0144391821647222 0.0122699386503067 0.00335931201289976 0.0168421052631579 0.00742712137154175 0
"явились" 0.0108889760006969 0.0134032857197564 0.00150364634238027 0.0121072704158847 0.00399653633517618 0.00526814877252134 0.00866350929883331 0 0.013437248051599 0.00210526315789474 0.0210435105527016 0.0196316609612152
"ярополка" 0.0108889760006969 0.0153180408225788 0 0 0.00133217877839206 0 0 0 0 0 0.0272327783623197 0.0417172795425823
"боярский" 0 0 0 0 0.0346366482381936 0.0460963017595617 0.00144391821647222 0.00613496932515337 0.00671862402579952 0.00421052631578947 0 0
"будем" 0.0239557472015332 0.0153180408225788 0.0135328170814224 0.00605363520794237 0.00133217877839206 0 0 0.00408997955010225 0 0.0126315789473684 0.00742712137154175 0.0282205126317468
"всему" 0.00435559040027876 0 0.0120291707390422 0.022196662429122 0.0066608938919603 0.011853334738173 0.00866350929883331 0.0184049079754601 0.0235151840902983 0.00631578947368421 0.00371356068577087 0.0073618728604557
"городам" 0.00217779520013938 0.0038295102056447 0 0.00605363520794237 0.0199826816758809 0.0105362975450427 0.0115513457317778 0.0102249488752556 0.00671862402579952 0.00210526315789474 0.0160920963050071 0.0134967669108354
"городу" 0.00435559040027876 0.0153180408225788 0 0.0100893920132373 0.00932525144874442 0.003951111579391 0.0072195910823611 0.00408997955010225 0.00671862402579952 0 0.0123785356192362 0.0306744702518988
"государств" 0.00217779520013938 0.0038295102056447 0.0300729268476054 0.0282502976370644 0 0 0.0158831003811944 0.016359918200409 0 0.0105263157894737 0.00742712137154175 0.0024539576201519
"детьми" 0.00871118080055752 0.0248918163366905 0 0.00605363520794237 0.00532871511356824 0.00658518596565167 0.00288783643294444 0.00408997955010225 0.0100779360386993 0.00210526315789474 0.0160920963050071 0.023312597391443
"киевской" 0.00435559040027876 0.0248918163366905 0 0 0.043961899686938 0.00131703719313033 0 0 0 0.00421052631578947 0.0123785356192362 0.0098158304806076
"кому" 0.00653338560041814 0.0038295102056447 0.0105255243966619 0 0.00799307267035236 0.0210725950900853 0.0115513457317778 0.0184049079754601 0.0167965600644988 0 0.00247570712384725 0.0134967669108354
"назвать" 0.00653338560041814 0 0.0240583414780844 0.0121072704158847 0.0239792180110571 0.011853334738173 0.00577567286588888 0.0122699386503067 0.00671862402579952 0.0105263157894737 0 0
"новая" 0.00653338560041814 0.0076590204112894 0.00601458536952109 0.0343039328450068 0.00399653633517618 0.00921926035191234 0.0072195910823611 0.00613496932515337 0.00671862402579952 0.0147368421052632 0.00742712137154175 0.0098158304806076
"ночью" 0.0108889760006969 0.038295102056447 0 0 0.00399653633517618 0.00131703719313033 0.0144391821647222 0.00204498977505112 0.00671862402579952 0 0.0111406820573126 0.0220856185813671
"остались" 0.0130667712008363 0.0172327959254011 0.00150364634238027 0.0121072704158847 0.0106574302271365 0.007902223158782 0.00144391821647222 0.0143149284253579 0.00671862402579952 0.00210526315789474 0.0148542427430835 0.0122697881007595
"отечества" 0.0370225184023694 0.0516983877762034 0.00601458536952109 0.00201787840264746 0 0.011853334738173 0.00577567286588888 0.00408997955010225 0 0.00631578947368421 0.00247570712384725 0
"плен" 0.0108889760006969 0.0268065714395129 0 0.00201787840264746 0.00399653633517618 0.00131703719313033 0.00288783643294444 0 0.00335931201289976 0.00631578947368421 0.00866497493346537 0.0392633219224304
"правительственного" 0 0 0 0 0.043961899686938 0.0329259298282584 0.00144391821647222 0.0102249488752556 0.0100779360386993 0 0.00247570712384725 0
"речи" 0.00435559040027876 0 0.00902187805428163 0.00201787840264746 0.00532871511356824 0.015804446317564 0.00433175464941666 0.0388548057259714 0.0235151840902983 0.00842105263157895 0.0049514142476945 0.00858885167053165
"родов" 0 0 0.00150364634238027 0.00201787840264746 0.0133217877839206 0.023706669476346 0.00577567286588888 0.00204498977505112 0.013437248051599 0.00210526315789474 0.0346598997338615 0.00122697881007595
"свидетельству" 0.00435559040027876 0.00191475510282235 0 0 0 0.00526814877252134 0.0606445650918332 0.00613496932515337 0 0 0.0160920963050071 0.0049079152403038
"сказано" 0.0152445664009757 0.0076590204112894 0.0255619878204646 0.0141251488185322 0.00399653633517618 0.003951111579391 0 0.0081799591002045 0 0.00421052631578947 0.0160920963050071 0.0110428092906835
"стоит" 0.00435559040027876 0.00574426530846705 0.0240583414780844 0.00807151361058983 0.00799307267035236 0.00526814877252134 0.0187709368141388 0 0.0100779360386993 0.0105263157894737 0.0049514142476945 0.0110428092906835
"таковы" 0.00653338560041814 0 0.00451093902714082 0.00807151361058983 0.0106574302271365 0.007902223158782 0.0158831003811944 0.00204498977505112 0.0167965600644988 0.0357894736842105 0.009902828495389 0.00368093643022785
"торговля" 0.0196001568012544 0.0076590204112894 0.00300729268476054 0.00807151361058983 0.00399653633517618 0.00131703719313033 0.0231026914635555 0.00408997955010225 0.00335931201289976 0.0252631578947368 0.0173299498669307 0.00122697881007595
"торговые" 0.00653338560041814 0 0.00300729268476054 0.00807151361058983 0.0253113967894491 0.00263407438626067 0.0245466096800277 0.0081799591002045 0.0167965600644988 0.0126315789473684 0.0049514142476945 0.00368093643022785
"юг" 0.00217779520013938 0.00191475510282235 0 0.0100893920132373 0.0066608938919603 0.00263407438626067 0.0072195910823611 0.0143149284253579 0.0235151840902983 0 0.0284706319242434 0.0159507245309874
"дворец" 0.00653338560041814 0.0210623061310458 0 0 0.021314860454273 0.015804446317564 0.0231026914635555 0.0143149284253579 0.00671862402579952 0 0.00123785356192362 0
"знали" 0.0304891328019513 0.00574426530846705 0.00751823171190136 0 0 0.007902223158782 0.0115513457317778 0.0143149284253579 0.00671862402579952 0.00421052631578947 0.0148542427430835 0.0110428092906835
"каждой" 0.00653338560041814 0 0.0240583414780844 0.0121072704158847 0.0066608938919603 0.015804446317564 0.0115513457317778 0 0.00671862402579952 0.0210526315789474 0.00371356068577087 0.00368093643022785
"киевского" 0 0.0191475510282235 0 0 0.0279757543462333 0.00131703719313033 0 0 0 0.00421052631578947 0.0148542427430835 0.0269935338216709
"линии" 0 0 0.00601458536952109 0.00605363520794237 0.0293079331246253 0.00658518596565167 0 0.0081799591002045 0.00335931201289976 0.00210526315789474 0.0111406820573126 0.023312597391443
"олеарий" 0 0 0 0 0 0.003951111579391 0.0938546840706942 0 0 0 0 0
"оставить" 0.00871118080055752 0.0153180408225788 0.00150364634238027 0.00403575680529491 0.00266435755678412 0.003951111579391 0.00577567286588888 0.0122699386503067 0.00671862402579952 0.00210526315789474 0.0185678034288544 0.024539576201519
"отцом" 0.00435559040027876 0.0229770612338682 0 0 0.00799307267035236 0.00131703719313033 0 0.00408997955010225 0.00671862402579952 0.00210526315789474 0.0123785356192362 0.0392633219224304
"платить" 0.0130667712008363 0.0153180408225788 0 0.00403575680529491 0.00532871511356824 0.00263407438626067 0.00144391821647222 0.00204498977505112 0.00335931201289976 0.00421052631578947 0.0470384353530977 0.00368093643022785
"порядке" 0.00217779520013938 0.0038295102056447 0.0135328170814224 0.00403575680529491 0.0106574302271365 0.0289748182488673 0.0115513457317778 0.0102249488752556 0.0167965600644988 0.00421052631578947 0.00371356068577087 0.00122697881007595
"приехал" 0.00217779520013938 0.0306360816451576 0 0 0.00399653633517618 0.00263407438626067 0.00433175464941666 0.00204498977505112 0.00335931201289976 0 0.00123785356192362 0.049079152403038
"самих" 0.00217779520013938 0.0038295102056447 0.0240583414780844 0.022196662429122 0.00133217877839206 0.011853334738173 0.01299526394825 0.00408997955010225 0.00671862402579952 0.00210526315789474 0.00618926780961812 0.0110428092906835
"сейчас" 0 0 0.00601458536952109 0.00201787840264746 0.00532871511356824 0 0.00433175464941666 0.00204498977505112 0.00335931201289976 0.111578947368421 0 0.00122697881007595
"собор" 0.00217779520013938 0.0038295102056447 0 0.00201787840264746 0.00399653633517618 0.0421451901801707 0 0.0429447852760736 0.0201558720773985 0 0.00123785356192362 0.00122697881007595
"статьи" 0.00653338560041814 0 0.0180437561085633 0 0.00799307267035236 0.0460963017595617 0.00866350929883331 0 0.00335931201289976 0.00210526315789474 0.0049514142476945 0
"теми" 0 0 0.0150364634238027 0.00807151361058983 0.0106574302271365 0.007902223158782 0.0144391821647222 0.00613496932515337 0.0335931201289976 0.0126315789473684 0.00742712137154175 0.00613489405037975
"торговых" 0.00435559040027876 0 0 0.0141251488185322 0.021314860454273 0.003951111579391 0.033210118978861 0.0102249488752556 0.00671862402579952 0.0105263157894737 0.00618926780961812 0
"указ" 0 0 0 0 0 0.0698029712359077 0.00144391821647222 0.0143149284253579 0.0100779360386993 0.00842105263157895 0 0
"форме" 0 0 0.0195474024509435 0.0242145408317695 0.0066608938919603 0.0210725950900853 0.00577567286588888 0.00613496932515337 0.00671862402579952 0.0231578947368421 0.00247570712384725 0
"хлеб" 0.00871118080055752 0.0134032857197564 0 0 0.00133217877839206 0.00263407438626067 0.0317662007623888 0.0102249488752556 0.0100779360386993 0.0252631578947368 0.00866497493346537 0.00613489405037975
"et" 0.00217779520013938 0 0.00601458536952109 0.00201787840264746 0.00799307267035236 0 0.0765276654730276 0.00408997955010225 0 0.00210526315789474 0 0
"владение" 0.00653338560041814 0.0038295102056447 0 0.00605363520794237 0.0239792180110571 0.00263407438626067 0 0.0102249488752556 0.00335931201289976 0.0147368421052632 0.0247570712384725 0.0073618728604557
"дочери" 0.00871118080055752 0.044039367364914 0.00150364634238027 0 0.00399653633517618 0 0 0.0122699386503067 0 0 0.0185678034288544 0.0184046821511392
"другая" 0.00217779520013938 0.00574426530846705 0.0240583414780844 0.0100893920132373 0.00532871511356824 0.0131703719313033 0.01299526394825 0.00408997955010225 0.00335931201289976 0.0147368421052632 0.00371356068577087 0.0073618728604557
"жил" 0.0217779520013938 0.0306360816451576 0.00300729268476054 0 0.0066608938919603 0.003951111579391 0.00433175464941666 0.0122699386503067 0.00335931201289976 0.00421052631578947 0.0123785356192362 0.0110428092906835
"зато" 0 0.00191475510282235 0.00751823171190136 0.0242145408317695 0.00532871511356824 0.007902223158782 0.0245466096800277 0.0143149284253579 0.00671862402579952 0.00631578947368421 0.00618926780961812 0.00613489405037975
"известий" 0.0130667712008363 0 0.0255619878204646 0.00201787840264746 0.00399653633517618 0.003951111579391 0.0259905278964999 0.00613496932515337 0.00671862402579952 0 0.0111406820573126 0.00613489405037975
"любил" 0.0108889760006969 0.0402098571592693 0 0 0.00133217877839206 0.00131703719313033 0 0.0143149284253579 0 0 0.0222813641146252 0.0171777033410633
"нею" 0.0217779520013938 0.00957377551411175 0.00902187805428163 0.00605363520794237 0.00399653633517618 0.00131703719313033 0 0.0184049079754601 0.013437248051599 0.00421052631578947 0.0235192176765489 0.00613489405037975
"печенегов" 0.0413781088026482 0.0134032857197564 0 0 0.00266435755678412 0 0 0 0 0 0.0408491675434796 0.0073618728604557
"представляет" 0.0108889760006969 0.0114885306169341 0.0285692805052252 0.0201787840264746 0.00532871511356824 0.00131703719313033 0.00288783643294444 0.00408997955010225 0.013437248051599 0.00842105263157895 0.0111406820573126 0.00122697881007595
"происхождения" 0.00435559040027876 0 0.0210510487933238 0.0242145408317695 0.0159861453407047 0.00921926035191234 0 0.00613496932515337 0 0.00842105263157895 0.0136163891811599 0.0024539576201519
"прочим" 0 0 0.0270656341628449 0.0100893920132373 0.0066608938919603 0.023706669476346 0.0115513457317778 0.0102249488752556 0.0100779360386993 0.00210526315789474 0.00371356068577087 0.00122697881007595
"сделал" 0.00435559040027876 0.0153180408225788 0.00601458536952109 0.0100893920132373 0.0066608938919603 0.00526814877252134 0.00433175464941666 0.0122699386503067 0.013437248051599 0.00421052631578947 0.00618926780961812 0.023312597391443
"сидел" 0.00653338560041814 0.0134032857197564 0 0 0.0066608938919603 0.0144874091244337 0.0072195910823611 0.00613496932515337 0.00335931201289976 0 0.00371356068577087 0.0355823854922026
"старой" 0.00217779520013938 0 0.00751823171190136 0.0100893920132373 0.0146539665623127 0.015804446317564 0.00288783643294444 0.0122699386503067 0.0100779360386993 0.0252631578947368 0.0049514142476945 0.0073618728604557
"стать" 0 0.00191475510282235 0.00451093902714082 0.00605363520794237 0.0173183241190968 0.0131703719313033 0.00433175464941666 0.0286298568507157 0.0268744961031981 0 0.00866497493346537 0.00613489405037975
"считали" 0.0196001568012544 0.00191475510282235 0.00451093902714082 0.00403575680529491 0.00932525144874442 0.011853334738173 0.0144391821647222 0.0143149284253579 0.0201558720773985 0.00842105263157895 0.00618926780961812 0.0049079152403038
"успел" 0.00217779520013938 0.0153180408225788 0 0 0.0066608938919603 0.00658518596565167 0.00144391821647222 0.0143149284253579 0.00671862402579952 0 0.00742712137154175 0.0392633219224304
"чаще" 0 0 0.00751823171190136 0 0.0306401119030174 0.0263407438626067 0.0144391821647222 0 0.00671862402579952 0.00842105263157895 0.00247570712384725 0.00122697881007595
"бывает" 0.0152445664009757 0.0076590204112894 0.0466130366137884 0.00403575680529491 0 0.003951111579391 0.00866350929883331 0.00204498977505112 0 0.00842105263157895 0.009902828495389 0
"действительности" 0 0 0.0481166829561687 0.0121072704158847 0.00399653633517618 0.00921926035191234 0 0.00204498977505112 0 0.0357894736842105 0 0
"дьяков" 0 0 0 0 0.00532871511356824 0.0684859340427774 0.0101074275153055 0.00408997955010225 0.00335931201289976 0 0 0
"историей" 0 0 0.0601458536952109 0.0363218112476542 0.00266435755678412 0.00263407438626067 0.00433175464941666 0 0 0 0.00123785356192362 0
"массы" 0 0 0.0120291707390422 0.0242145408317695 0.00932525144874442 0.00526814877252134 0.00288783643294444 0.0224948875255624 0 0.0442105263157895 0.00123785356192362 0
"новгородцев" 0 0.00191475510282235 0 0 0.0066608938919603 0 0 0 0.00335931201289976 0.00421052631578947 0.0383734604196324 0.0319014490619747
"оставив" 0.0217779520013938 0.0516983877762034 0 0.00201787840264746 0.00266435755678412 0.007902223158782 0.00288783643294444 0.00204498977505112 0.00335931201289976 0 0.00371356068577087 0.0159507245309874
"остался" 0.00653338560041814 0.0114885306169341 0 0.00403575680529491 0.0066608938919603 0.007902223158782 0.00288783643294444 0.0102249488752556 0.0100779360386993 0.00210526315789474 0.0136163891811599 0.0269935338216709
"ответ" 0.00435559040027876 0.00191475510282235 0.00150364634238027 0.00605363520794237 0.0133217877839206 0.0105362975450427 0.0101074275153055 0.00613496932515337 0.00335931201289976 0.0168421052631579 0.00371356068577087 0.023312597391443
"память" 0.0326669280020907 0.0268065714395129 0.00451093902714082 0 0.00133217877839206 0.00658518596565167 0.00577567286588888 0.0184049079754601 0.0167965600644988 0 0.00618926780961812 0.00613489405037975
"предметом" 0.0108889760006969 0.0076590204112894 0.0481166829561687 0.00807151361058983 0.00799307267035236 0 0.00433175464941666 0.00613496932515337 0.013437248051599 0.00421052631578947 0.00371356068577087 0
"северной" 0.0108889760006969 0.00574426530846705 0 0.0121072704158847 0.0173183241190968 0.00131703719313033 0.0274344461129722 0 0.00671862402579952 0.00210526315789474 0.009902828495389 0.0098158304806076
"сила" 0.00435559040027876 0.0038295102056447 0 0.0161430272211797 0.0066608938919603 0.0105362975450427 0 0.0081799591002045 0.013437248051599 0.00210526315789474 0.0160920963050071 0.023312597391443
"силою" 0.017422361601115 0.0172327959254011 0 0.00807151361058983 0.00133217877839206 0.00131703719313033 0.00144391821647222 0.00613496932515337 0.00671862402579952 0 0.019805656990778 0.025766555011595
"слуг" 0.00217779520013938 0.00574426530846705 0 0.00201787840264746 0.0319722906814094 0.00921926035191234 0.0144391821647222 0.016359918200409 0.0167965600644988 0.00631578947368421 0.00123785356192362 0.00368093643022785
"служилого" 0 0 0 0 0.0333044694598015 0.0171214835106943 0.0144391821647222 0.0143149284253579 0.0369524321418973 0 0 0
"средства" 0 0.00191475510282235 0.00150364634238027 0.00201787840264746 0.00532871511356824 0.00263407438626067 0.0144391821647222 0.0081799591002045 0.0100779360386993 0.0505263157894737 0.0148542427430835 0.0049079152403038
"старшим" 0 0.00574426530846705 0 0 0.00799307267035236 0.00131703719313033 0 0.00204498977505112 0 0 0.0136163891811599 0.0539870676433418
"узнав" 0.0217779520013938 0.044039367364914 0 0 0.00133217877839206 0 0.00144391821647222 0.00204498977505112 0.00335931201289976 0 0.0136163891811599 0.0220856185813671
"ф" 0 0 0.0120291707390422 0 0.0066608938919603 0.0381940786007797 0 0.0347648261758691 0.0235151840902983 0 0 0
"хотят" 0.0130667712008363 0.00957377551411175 0 0.00201787840264746 0.00532871511356824 0 0 0.0102249488752556 0.00335931201289976 0.00421052631578947 0.0210435105527016 0.0306744702518988
"царе" 0.00435559040027876 0 0 0 0.00133217877839206 0.0500474133389527 0.00433175464941666 0.0245398773006135 0.0235151840902983 0 0.00247570712384725 0.00122697881007595
"южной" 0.0152445664009757 0.0268065714395129 0.00150364634238027 0.00807151361058983 0.0119896090055285 0 0.00288783643294444 0 0.0268744961031981 0.00210526315789474 0.0111406820573126 0.0134967669108354
"брали" 0.0196001568012544 0.00957377551411175 0.00150364634238027 0 0.0146539665623127 0.00131703719313033 0.0216587732470833 0 0 0.00210526315789474 0.0259949248003961 0.00122697881007595
"брать" 0.017422361601115 0.00574426530846705 0.00601458536952109 0.00403575680529491 0.0066608938919603 0.0144874091244337 0.0173270185976666 0.00204498977505112 0.00335931201289976 0 0.0160920963050071 0.00613489405037975
"владимиром" 0.00871118080055752 0.0287213265423352 0 0 0.00266435755678412 0 0 0 0.0100779360386993 0 0.0148542427430835 0.0355823854922026
"волю" 0.0130667712008363 0.0248918163366905 0.00300729268476054 0.00605363520794237 0.00932525144874442 0.00658518596565167 0.00577567286588888 0.0102249488752556 0.0167965600644988 0.00421052631578947 0.0049514142476945 0.0110428092906835
"всякой" 0.00653338560041814 0.0153180408225788 0.0345838658747463 0.00605363520794237 0.00399653633517618 0.003951111579391 0.00577567286588888 0.0102249488752556 0.00671862402579952 0.0189473684210526 0.00247570712384725 0
"замечает" 0.00217779520013938 0 0 0.00403575680529491 0.0106574302271365 0.0184385207038247 0.0447614647106388 0.0081799591002045 0.00335931201289976 0 0.00123785356192362 0.00368093643022785
"запада" 0 0 0.00150364634238027 0.0565005952741288 0.00399653633517618 0.00131703719313033 0.0072195910823611 0.00408997955010225 0.00335931201289976 0.00842105263157895 0.0148542427430835 0.0098158304806076
"известных" 0.00217779520013938 0.0038295102056447 0.0421020975866476 0.00807151361058983 0.00532871511356824 0.007902223158782 0.0072195910823611 0.00204498977505112 0 0.00421052631578947 0.00866497493346537 0.00613489405037975
"историческое" 0.00435559040027876 0 0.0390948049018871 0.0423754464555966 0.00399653633517618 0 0 0.00408997955010225 0.00335931201289976 0.00842105263157895 0.00618926780961812 0.00122697881007595
"клятву" 0.00653338560041814 0.0402098571592693 0 0 0.00133217877839206 0.00263407438626067 0.00144391821647222 0.00408997955010225 0 0 0.00123785356192362 0.0417172795425823
"крестьяне" 0 0 0.00601458536952109 0.00403575680529491 0.00532871511356824 0.00526814877252134 0.00866350929883331 0.016359918200409 0.013437248051599 0.0694736842105263 0 0
"мстиславича" 0 0.0114885306169341 0 0 0.00133217877839206 0 0 0 0 0.00210526315789474 0.00123785356192362 0.0687108133642532
"навстречу" 0.00653338560041814 0.00191475510282235 0.00150364634238027 0 0 0 0.0115513457317778 0.0081799591002045 0 0.00421052631578947 0.0148542427430835 0.0417172795425823
"общественной" 0 0 0.0285692805052252 0.0161430272211797 0.00266435755678412 0.00131703719313033 0.00577567286588888 0.0081799591002045 0.00671862402579952 0.0421052631578947 0.00618926780961812 0
"одною" 0.0108889760006969 0.0114885306169341 0.00751823171190136 0.022196662429122 0.0066608938919603 0.003951111579391 0.00866350929883331 0.00613496932515337 0 0 0.009902828495389 0.0159507245309874
"оставил" 0.00871118080055752 0.0344655918508023 0.00150364634238027 0.00403575680529491 0 0.00658518596565167 0.0072195910823611 0.00408997955010225 0.00335931201289976 0 0.0123785356192362 0.0208586397712912
"очередь" 0 0 0.00902187805428163 0.0242145408317695 0.0159861453407047 0.007902223158782 0.00433175464941666 0.0143149284253579 0 0.0168421052631579 0.00618926780961812 0.0073618728604557
"работы" 0.00435559040027876 0 0.0390948049018871 0.00605363520794237 0.00532871511356824 0.00658518596565167 0.0072195910823611 0.0122699386503067 0.0167965600644988 0.0189473684210526 0 0
"русским" 0.0217779520013938 0.00191475510282235 0 0.00201787840264746 0.00399653633517618 0.003951111579391 0.0202148550306111 0.00408997955010225 0.0100779360386993 0.00210526315789474 0.0259949248003961 0.0073618728604557
"слов" 0.0152445664009757 0.0038295102056447 0.0180437561085633 0 0.00399653633517618 0.00263407438626067 0.01299526394825 0 0.0100779360386993 0.00842105263157895 0.0160920963050071 0.0122697881007595
"старшинства" 0 0 0 0 0.0199826816758809 0.00658518596565167 0 0 0 0.00210526315789474 0.00866497493346537 0.0453982159728102
"такую" 0 0.0076590204112894 0.0195474024509435 0.0181609056238271 0.0066608938919603 0.0105362975450427 0.01299526394825 0.0102249488752556 0.013437248051599 0 0.0049514142476945 0.0049079152403038
"теории" 0 0 0.0811969024885347 0.0121072704158847 0 0.00131703719313033 0 0.00204498977505112 0 0.00631578947368421 0 0
"берега" 0.0326669280020907 0.0114885306169341 0.00300729268476054 0.0100893920132373 0.00799307267035236 0 0.00288783643294444 0 0.00671862402579952 0 0.0309463390480906 0.00122697881007595
"вдруг" 0.0196001568012544 0.0210623061310458 0.00150364634238027 0 0 0.00263407438626067 0.00577567286588888 0.00204498977505112 0 0 0.0111406820573126 0.0331284278720506
"годах" 0 0 0.00451093902714082 0.00605363520794237 0.00799307267035236 0.00921926035191234 0 0.0265848670756646 0.0268744961031981 0.0484210526315789 0.00123785356192362 0
"заключается" 0 0 0.0451093902714082 0.0423754464555966 0.00133217877839206 0 0.00288783643294444 0 0 0.0189473684210526 0.00123785356192362 0
"императора" 0.0326669280020907 0.0191475510282235 0.00300729268476054 0.0121072704158847 0.00133217877839206 0 0.00144391821647222 0.00408997955010225 0.00335931201289976 0.0105263157894737 0.019805656990778 0.00613489405037975
"меры" 0.00435559040027876 0.0076590204112894 0.00150364634238027 0.00201787840264746 0.00133217877839206 0.011853334738173 0.0173270185976666 0.0306748466257669 0.0235151840902983 0.00842105263157895 0.00618926780961812 0.00368093643022785
"общественного" 0 0 0.016540109766183 0.00403575680529491 0.0199826816758809 0.007902223158782 0.00144391821647222 0.00408997955010225 0.00671862402579952 0.0463157894736842 0.00371356068577087 0
"ольгович" 0 0.0363803469536246 0 0 0 0 0 0 0 0 0 0.0552140464534178
"периода" 0 0 0.00751823171190136 0.0383396896503017 0.00266435755678412 0 0 0 0.00335931201289976 0.0505263157894737 0.0160920963050071 0
"петр" 0 0.0114885306169341 0.00150364634238027 0.00201787840264746 0.00399653633517618 0.0329259298282584 0 0.00408997955010225 0.00335931201289976 0.0105263157894737 0.0049514142476945 0.0196316609612152
"петра" 0.0152445664009757 0.0134032857197564 0.00451093902714082 0.00201787840264746 0.00399653633517618 0.0302918554419977 0.00288783643294444 0.0102249488752556 0.0100779360386993 0.0105263157894737 0.00123785356192362 0.0049079152403038
"просто" 0.00217779520013938 0 0.0195474024509435 0.00403575680529491 0.0159861453407047 0.011853334738173 0 0.0224948875255624 0.0235151840902983 0.0105263157894737 0.00371356068577087 0.00122697881007595
"росс" 0 0 0 0 0.0319722906814094 0.043462227373301 0.00577567286588888 0 0.00335931201289976 0.00421052631578947 0 0
"сидели" 0.00217779520013938 0.0038295102056447 0 0 0.0266435755678412 0.0171214835106943 0.00866350929883331 0.0122699386503067 0 0.00842105263157895 0.0049514142476945 0.0098158304806076
"служил" 0.0108889760006969 0.0268065714395129 0 0 0.0266435755678412 0.00526814877252134 0.00144391821647222 0.00613496932515337 0.00671862402579952 0.00631578947368421 0.0111406820573126 0.00368093643022785
"судить" 0.00653338560041814 0.0038295102056447 0.016540109766183 0.00201787840264746 0.0186505028974888 0.0210725950900853 0.0072195910823611 0.00204498977505112 0.0100779360386993 0.00210526315789474 0.00371356068577087 0.0049079152403038
"частных" 0.00435559040027876 0.0038295102056447 0.0240583414780844 0.0161430272211797 0.0266435755678412 0.00921926035191234 0.00144391821647222 0.00613496932515337 0 0.0105263157894737 0 0
"боярские" 0 0.0038295102056447 0 0 0.022647039232665 0.0368770414076494 0.0072195910823611 0.0081799591002045 0.0167965600644988 0.00210526315789474 0.00123785356192362 0
"боярским" 0.00217779520013938 0 0 0 0.0466262572437221 0.0184385207038247 0.00433175464941666 0.00613496932515337 0.0235151840902983 0 0 0
"великие" 0.0283113376018119 0.0134032857197564 0.00451093902714082 0.00807151361058983 0.0106574302271365 0.011853334738173 0 0.0143149284253579 0.0167965600644988 0.0126315789473684 0 0.00122697881007595
"воеводы" 0.0130667712008363 0.0114885306169341 0 0 0.00932525144874442 0.0171214835106943 0.0259905278964999 0.016359918200409 0.00335931201289976 0.00210526315789474 0.00247570712384725 0.00122697881007595
"высших" 0 0 0.00300729268476054 0.00201787840264746 0.0186505028974888 0.0342429670213887 0.00433175464941666 0.00408997955010225 0.00335931201289976 0.0294736842105263 0 0
"главное" 0.0152445664009757 0.0038295102056447 0.0180437561085633 0.0161430272211797 0.00266435755678412 0.003951111579391 0.00866350929883331 0 0.00671862402579952 0.0168421052631579 0.0123785356192362 0.00368093643022785
"главный" 0.0217779520013938 0.0076590204112894 0.00601458536952109 0.0121072704158847 0.00799307267035236 0.00658518596565167 0.0144391821647222 0.00204498977505112 0.00335931201289976 0.00421052631578947 0.0111406820573126 0.00613489405037975
"делами" 0.00871118080055752 0.00574426530846705 0.00300729268476054 0.00201787840264746 0.0159861453407047 0.031608892635128 0.0144391821647222 0.00613496932515337 0.00335931201289976 0 0.00247570712384725 0.00122697881007595
"делом" 0.00217779520013938 0.00957377551411175 0.00451093902714082 0.00807151361058983 0.0146539665623127 0.0210725950900853 0.00433175464941666 0.00613496932515337 0.0167965600644988 0.00210526315789474 0.00866497493346537 0.0049079152403038
"дом" 0.00435559040027876 0.0248918163366905 0.00451093902714082 0.00201787840264746 0.00532871511356824 0.00263407438626067 0.0245466096800277 0.0081799591002045 0 0.00210526315789474 0.0123785356192362 0.0073618728604557
"естественно" 0.00217779520013938 0 0.0120291707390422 0.00605363520794237 0.00399653633517618 0.00263407438626067 0 0.016359918200409 0.00335931201289976 0.00842105263157895 0.0383734604196324 0.0024539576201519
"землевладельцев" 0 0 0.00451093902714082 0.0141251488185322 0.0146539665623127 0.015804446317564 0.00288783643294444 0.0265848670756646 0.0268744961031981 0.0147368421052632 0 0
"значении" 0 0 0.0195474024509435 0.00201787840264746 0.0146539665623127 0.0105362975450427 0.00866350929883331 0 0 0.0147368421052632 0.0210435105527016 0
"изяславом" 0 0.0287213265423352 0 0 0.00133217877839206 0 0 0 0 0 0 0.0576680040735697
"казны" 0.0130667712008363 0.0153180408225788 0.00150364634238027 0 0.00399653633517618 0.007902223158782 0.0346540371953333 0.0081799591002045 0.00335931201289976 0.00421052631578947 0.00742712137154175 0.0024539576201519
"митрополит" 0.00217779520013938 0.044039367364914 0 0 0.00133217877839206 0.0105362975450427 0.00144391821647222 0.0122699386503067 0.00671862402579952 0.00210526315789474 0.0160920963050071 0.00858885167053165
"напротив" 0.00653338560041814 0 0.00150364634238027 0.0141251488185322 0.0239792180110571 0.015804446317564 0.0101074275153055 0.0143149284253579 0.00335931201289976 0.00631578947368421 0.0049514142476945 0
"никаких" 0.0239557472015332 0.0153180408225788 0.00601458536952109 0.00201787840264746 0 0.00526814877252134 0.0115513457317778 0.0102249488752556 0.0167965600644988 0.00631578947368421 0.0111406820573126 0.00613489405037975
"писателей" 0 0 0.0135328170814224 0.0141251488185322 0.00266435755678412 0.00526814877252134 0.0259905278964999 0.0081799591002045 0.013437248051599 0.00842105263157895 0.0136163891811599 0
"позднее" 0 0 0.0120291707390422 0.0383396896503017 0.0066608938919603 0.00526814877252134 0 0.0143149284253579 0.0100779360386993 0.0231578947368421 0.00742712137154175 0
"похода" 0 0.00574426530846705 0 0.00403575680529491 0.00799307267035236 0.00658518596565167 0.0101074275153055 0.00204498977505112 0.013437248051599 0.00421052631578947 0.0210435105527016 0.0196316609612152
"правом" 0.00653338560041814 0.00574426530846705 0.00451093902714082 0.0121072704158847 0.0119896090055285 0.0131703719313033 0.01299526394825 0.00408997955010225 0.00671862402579952 0.0105263157894737 0.00371356068577087 0.0098158304806076
"пример" 0.0196001568012544 0.00957377551411175 0.0135328170814224 0.00605363520794237 0 0.00921926035191234 0.00144391821647222 0 0.00671862402579952 0.0189473684210526 0.009902828495389 0.0122697881007595
"продолжение" 0.00217779520013938 0.00191475510282235 0.00451093902714082 0.00605363520794237 0.0173183241190968 0.00921926035191234 0.0231026914635555 0 0.00671862402579952 0.00210526315789474 0.0136163891811599 0.00613489405037975
"стремление" 0.00435559040027876 0 0.0105255243966619 0.0141251488185322 0.0066608938919603 0.00263407438626067 0.0115513457317778 0.00613496932515337 0.00671862402579952 0.0105263157894737 0.0222813641146252 0.0049079152403038
"ступай" 0 0 0 0 0 0 0 0 0 0 0.00247570712384725 0.074845707414633
"хочет" 0.00217779520013938 0.0076590204112894 0.00451093902714082 0.00201787840264746 0.00266435755678412 0.003951111579391 0.00144391821647222 0.0081799591002045 0.00671862402579952 0.00421052631578947 0.019805656990778 0.0294474914418228
"внешней" 0.00435559040027876 0.00191475510282235 0.00451093902714082 0.00403575680529491 0.0159861453407047 0.00921926035191234 0.00866350929883331 0.00408997955010225 0.013437248051599 0.0315789473684211 0.00866497493346537 0.00122697881007595
"впоследствии" 0.00217779520013938 0.00191475510282235 0.0105255243966619 0.0262324192344169 0.0159861453407047 0.003951111579391 0 0.00613496932515337 0.00335931201289976 0.00421052631578947 0.0160920963050071 0.0073618728604557
"всякое" 0.017422361601115 0.00957377551411175 0.0210510487933238 0.0100893920132373 0.00133217877839206 0.00921926035191234 0.00577567286588888 0.0143149284253579 0 0.00842105263157895 0.0049514142476945 0.00368093643022785
"высшего" 0 0 0 0.00201787840264746 0.021314860454273 0.0408281529870404 0.00433175464941666 0.00408997955010225 0.0100779360386993 0.00842105263157895 0.00247570712384725 0
"государственные" 0.00871118080055752 0.0038295102056447 0.00751823171190136 0.00403575680529491 0.00799307267035236 0.023706669476346 0.00866350929883331 0.00408997955010225 0.0100779360386993 0.0189473684210526 0.00371356068577087 0.0024539576201519
"греческого" 0.0217779520013938 0.0134032857197564 0.00451093902714082 0.0383396896503017 0.00266435755678412 0 0 0.0081799591002045 0 0.00421052631578947 0.0160920963050071 0.0024539576201519
"дворца" 0.00435559040027876 0.00574426530846705 0 0 0.0186505028974888 0.031608892635128 0.0158831003811944 0.0102249488752556 0.00671862402579952 0.00210526315789474 0 0
"думным" 0 0 0 0 0.0119896090055285 0.067168896849647 0.00144391821647222 0 0.00335931201289976 0 0 0
"дяди" 0.00217779520013938 0.0344655918508023 0 0 0.00133217877839206 0.00263407438626067 0 0 0.0100779360386993 0 0.00371356068577087 0.0417172795425823
"ежегодно" 0.00871118080055752 0 0 0.00201787840264746 0.00266435755678412 0.007902223158782 0.0563128104424165 0.00613496932515337 0.00335931201289976 0.00210526315789474 0.0049514142476945 0.00122697881007595
"ежели" 0.0609782656039026 0.0631869183931375 0 0 0 0 0 0 0 0.00210526315789474 0 0
"знак" 0.0370225184023694 0.0248918163366905 0.00150364634238027 0 0.0066608938919603 0.00263407438626067 0.00866350929883331 0.00204498977505112 0.00335931201289976 0 0.0111406820573126 0.00858885167053165
"знал" 0.0108889760006969 0.0191475510282235 0.00300729268476054 0.00807151361058983 0.00133217877839206 0.00658518596565167 0.0072195910823611 0.0102249488752556 0.00335931201289976 0 0.00618926780961812 0.023312597391443
"известного" 0 0.00191475510282235 0.0225546951357041 0.00605363520794237 0.0106574302271365 0.00658518596565167 0.00866350929883331 0 0.00335931201289976 0.0189473684210526 0.0049514142476945 0.0122697881007595
"крепости" 0.0130667712008363 0.0114885306169341 0.00300729268476054 0.00201787840264746 0.00133217877839206 0.00131703719313033 0.0245466096800277 0.016359918200409 0.0302338081160978 0 0.00618926780961812 0.0073618728604557
"личной" 0.00217779520013938 0.0038295102056447 0.00601458536952109 0.022196662429122 0.00799307267035236 0.0131703719313033 0.00577567286588888 0.0122699386503067 0.0235151840902983 0.0189473684210526 0.00247570712384725 0
"оружие" 0.0217779520013938 0.0153180408225788 0.00300729268476054 0.00201787840264746 0.00399653633517618 0.00131703719313033 0.0144391821647222 0.00204498977505112 0 0 0.0272327783623197 0.0049079152403038
"оставался" 0.00217779520013938 0.00957377551411175 0 0.00403575680529491 0.0199826816758809 0.0171214835106943 0.0072195910823611 0.0081799591002045 0 0.00631578947368421 0.00866497493346537 0.00858885167053165
"печенеги" 0.0370225184023694 0.0076590204112894 0 0.00201787840264746 0.00266435755678412 0 0 0 0 0 0.0420870211054032 0.0049079152403038
"племянник" 0.00435559040027876 0.0344655918508023 0 0 0 0.00263407438626067 0 0.00204498977505112 0 0 0.00371356068577087 0.0441712371627342
"приказы" 0 0 0.00150364634238027 0 0.00932525144874442 0.051364450532083 0.0187709368141388 0 0 0.00421052631578947 0 0
"причин" 0.00653338560041814 0.0038295102056447 0.0240583414780844 0.0282502976370644 0.00799307267035236 0.00526814877252134 0.0072195910823611 0 0.0100779360386993 0.00631578947368421 0.00123785356192362 0.00613489405037975
"рабочих" 0 0 0.00601458536952109 0 0.00266435755678412 0.003951111579391 0.00144391821647222 0.00408997955010225 0.00671862402579952 0.101052631578947 0 0
"сношения" 0.00435559040027876 0.00574426530846705 0.00150364634238027 0.0181609056238271 0.00532871511356824 0.00263407438626067 0.0216587732470833 0.0204498977505112 0.013437248051599 0.00842105263157895 0.00618926780961812 0.00368093643022785
"старые" 0 0 0.00451093902714082 0.0161430272211797 0.022647039232665 0.0131703719313033 0.00577567286588888 0.0184049079754601 0.0100779360386993 0.00210526315789474 0.00247570712384725 0.00613489405037975
"человечества" 0 0 0.0375911585595068 0.0746615008979559 0 0 0 0 0 0 0 0
"войском" 0.0326669280020907 0.0344655918508023 0 0 0 0.00131703719313033 0.00144391821647222 0.00204498977505112 0.00671862402579952 0 0.0123785356192362 0.0159507245309874
"вопроса" 0 0 0.0300729268476054 0.0141251488185322 0.00799307267035236 0.011853334738173 0 0.0102249488752556 0.00671862402579952 0.0126315789473684 0.0049514142476945 0.0024539576201519
"вотчины" 0 0 0 0 0.0279757543462333 0.0210725950900853 0.0072195910823611 0.0265848670756646 0.0167965600644988 0.00210526315789474 0 0
"дальше" 0 0 0.0210510487933238 0.0100893920132373 0.00932525144874442 0.00658518596565167 0.0115513457317778 0.00204498977505112 0.00671862402579952 0.00842105263157895 0.0049514142476945 0.0134967669108354
"зависимости" 0.00217779520013938 0.00191475510282235 0.0240583414780844 0.0262324192344169 0.00133217877839206 0.00131703719313033 0.00144391821647222 0.00204498977505112 0.0201558720773985 0.00631578947368421 0.0160920963050071 0.0049079152403038
"мстиславич" 0 0.0248918163366905 0 0 0.00532871511356824 0 0 0 0 0 0 0.0539870676433418
"некоторым" 0.00653338560041814 0.00191475510282235 0.00451093902714082 0.00605363520794237 0.0173183241190968 0.00131703719313033 0.00866350929883331 0.0081799591002045 0 0.00421052631578947 0.0160920963050071 0.0147237457209114
"окольничих" 0 0 0 0 0.0279757543462333 0.0500474133389527 0.00288783643294444 0 0 0 0 0
"отдельными" 0 0 0.0240583414780844 0.0242145408317695 0.00532871511356824 0.00921926035191234 0.00288783643294444 0.00204498977505112 0.00335931201289976 0.0273684210526316 0.0049514142476945 0.00122697881007595
"поехал" 0 0.0134032857197564 0 0 0.00133217877839206 0.00526814877252134 0 0.00408997955010225 0.00335931201289976 0 0.00123785356192362 0.0552140464534178
"пределы" 0.00871118080055752 0.00957377551411175 0.00451093902714082 0.0282502976370644 0.00932525144874442 0.007902223158782 0.01299526394825 0.00204498977505112 0.00671862402579952 0.0105263157894737 0.00371356068577087 0.0024539576201519
"признать" 0.00435559040027876 0.00574426530846705 0.00751823171190136 0.00403575680529491 0.00532871511356824 0.011853334738173 0.00433175464941666 0.00408997955010225 0.00671862402579952 0.0357894736842105 0.00247570712384725 0.0122697881007595
"прислал" 0.00435559040027876 0.0172327959254011 0 0 0.00532871511356824 0.003951111579391 0 0.00408997955010225 0.00335931201289976 0 0.00123785356192362 0.0478521735929621
"римского" 0.00435559040027876 0.00191475510282235 0.0135328170814224 0.0807151361058983 0.00266435755678412 0 0 0.00408997955010225 0 0 0.00618926780961812 0
"фамилии" 0 0 0 0 0.0572836874708586 0.0184385207038247 0 0 0 0.00631578947368421 0.00123785356192362 0
"хлеба" 0.0108889760006969 0.0134032857197564 0 0 0.00266435755678412 0.00526814877252134 0.0288783643294444 0.0081799591002045 0 0.0315789473684211 0 0.0049079152403038
"целый" 0 0.0038295102056447 0.016540109766183 0.0242145408317695 0.0066608938919603 0.00526814877252134 0.00866350929883331 0.0102249488752556 0.00335931201289976 0.0147368421052632 0.00618926780961812 0.00368093643022785
"великой" 0.00871118080055752 0.00191475510282235 0.016540109766183 0.0121072704158847 0.00399653633517618 0.0105362975450427 0.00577567286588888 0.0102249488752556 0.0268744961031981 0.00210526315789474 0.00742712137154175 0.00368093643022785
"воинов" 0.0413781088026482 0.0402098571592693 0 0.00201787840264746 0 0 0 0.00204498977505112 0.00671862402579952 0 0.0148542427430835 0.0049079152403038
"глеб" 0 0.0306360816451576 0 0 0 0 0 0 0 0 0.00866497493346537 0.0453982159728102
"голову" 0.0130667712008363 0.0172327959254011 0.00300729268476054 0.00605363520794237 0.00266435755678412 0.00263407438626067 0.01299526394825 0.00408997955010225 0 0 0.00866497493346537 0.0220856185813671
"дней" 0.00871118080055752 0.0306360816451576 0.00300729268476054 0.00201787840264746 0.00133217877839206 0.003951111579391 0.01299526394825 0.0081799591002045 0.00335931201289976 0.00210526315789474 0.00247570712384725 0.0196316609612152
"дьяки" 0 0 0 0 0.0066608938919603 0.043462227373301 0.0216587732470833 0.0102249488752556 0.00671862402579952 0 0 0
"зная" 0.0304891328019513 0.0229770612338682 0 0 0.00399653633517618 0.00263407438626067 0.0216587732470833 0 0 0 0.0049514142476945 0.0122697881007595
"иные" 0.0130667712008363 0 0.016540109766183 0.00201787840264746 0.0133217877839206 0.0144874091244337 0.0115513457317778 0.0102249488752556 0.00671862402579952 0.00631578947368421 0.00247570712384725 0.00122697881007595
"киевлян" 0.00217779520013938 0.0248918163366905 0 0 0.0066608938919603 0 0 0 0 0 0.00371356068577087 0.0466251947828861
"киевский" 0.00653338560041814 0.0325508367479799 0.00150364634238027 0 0.0106574302271365 0 0 0 0 0 0.00866497493346537 0.0294474914418228
"коня" 0.0217779520013938 0.0344655918508023 0 0 0.00399653633517618 0 0.00144391821647222 0.00204498977505112 0.00335931201289976 0.00210526315789474 0.0123785356192362 0.0184046821511392
"матери" 0.0108889760006969 0.0210623061310458 0 0 0.00532871511356824 0.00263407438626067 0.00144391821647222 0.00204498977505112 0.013437248051599 0 0.0259949248003961 0.0134967669108354
"мой" 0.00217779520013938 0.0229770612338682 0.00751823171190136 0 0.00799307267035236 0.00263407438626067 0 0.00204498977505112 0 0 0.00618926780961812 0.0343554066821266
"московская" 0 0 0 0 0.0146539665623127 0.015804446317564 0.0144391821647222 0.0347648261758691 0.0302338081160978 0.00210526315789474 0 0
"некогда" 0.0370225184023694 0.0229770612338682 0.00451093902714082 0.00403575680529491 0.0133217877839206 0.007902223158782 0.00577567286588888 0.00204498977505112 0.00335931201289976 0.00210526315789474 0.00247570712384725 0.00122697881007595
"нестор" 0.0892896032057145 0.0306360816451576 0.00150364634238027 0 0 0 0 0 0 0.00210526315789474 0 0.00122697881007595
"подобные" 0.00217779520013938 0 0.016540109766183 0.00807151361058983 0.0146539665623127 0.007902223158782 0.0158831003811944 0.00204498977505112 0.00335931201289976 0.0147368421052632 0.00618926780961812 0.0024539576201519
"полками" 0 0.00191475510282235 0 0 0.0106574302271365 0.007902223158782 0.00433175464941666 0 0 0 0.00247570712384725 0.049079152403038
"пользовались" 0.0152445664009757 0 0.00150364634238027 0.0121072704158847 0.0066608938919603 0.003951111579391 0.0259905278964999 0.00613496932515337 0.00671862402579952 0.0189473684210526 0.00371356068577087 0.00368093643022785
"правительственных" 0 0 0 0 0.0359688270165856 0.0289748182488673 0.00288783643294444 0.00408997955010225 0.00671862402579952 0 0.00618926780961812 0
"предания" 0.0196001568012544 0 0.00902187805428163 0 0.00799307267035236 0.00263407438626067 0.00144391821647222 0.00408997955010225 0 0.00842105263157895 0.0346598997338615 0.0024539576201519
"сверх" 0.017422361601115 0.0191475510282235 0.00601458536952109 0 0.00799307267035236 0.015804446317564 0.0158831003811944 0.00613496932515337 0.0167965600644988 0.00210526315789474 0 0
"состояние" 0.00217779520013938 0.00191475510282235 0.0120291707390422 0.0121072704158847 0.00399653633517618 0.00921926035191234 0.0115513457317778 0.0122699386503067 0.0100779360386993 0.0168421052631579 0.00742712137154175 0.00368093643022785
"такая" 0 0 0.0150364634238027 0.00403575680529491 0.00932525144874442 0.011853334738173 0.0072195910823611 0.0122699386503067 0.00671862402579952 0.0126315789473684 0.009902828495389 0.00613489405037975
"участие" 0.00217779520013938 0 0.00902187805428163 0.00201787840264746 0.0199826816758809 0.0250237066694763 0.00144391821647222 0.0122699386503067 0 0 0.009902828495389 0.00368093643022785
"шло" 0 0.0076590204112894 0.00451093902714082 0.00201787840264746 0.0133217877839206 0.00921926035191234 0.0216587732470833 0.00204498977505112 0.00671862402579952 0.0126315789473684 0.009902828495389 0.00368093643022785
"olear" 0 0 0 0 0 0 0.0866350929883331 0 0 0 0 0
"большая" 0.00435559040027876 0.00574426530846705 0.00601458536952109 0.0100893920132373 0.00799307267035236 0.00263407438626067 0.0231026914635555 0.0122699386503067 0 0.00631578947368421 0.009902828495389 0.0049079152403038
"веча" 0 0.0038295102056447 0 0.00201787840264746 0.0559515086924665 0 0.00144391821647222 0 0 0.00210526315789474 0.0049514142476945 0.0098158304806076
"вещей" 0.0108889760006969 0.0114885306169341 0.0210510487933238 0.00807151361058983 0.00133217877839206 0.00263407438626067 0.00433175464941666 0.00204498977505112 0.00335931201289976 0.00421052631578947 0.009902828495389 0.0147237457209114
"выражение" 0 0 0.0150364634238027 0.00403575680529491 0.0173183241190968 0.00658518596565167 0 0.0143149284253579 0 0.0210526315789474 0.00618926780961812 0.00858885167053165
"греко" 0 0 0.00751823171190136 0.0988760417297254 0 0 0 0 0 0 0.00618926780961812 0
"дани" 0.0196001568012544 0.0114885306169341 0 0 0.00399653633517618 0 0 0.00613496932515337 0.013437248051599 0.00210526315789474 0.0309463390480906 0.0098158304806076
"должность" 0 0.00191475510282235 0 0.00201787840264746 0.0399653633517618 0.0144874091244337 0.00577567286588888 0.00204498977505112 0 0 0.00618926780961812 0.0073618728604557
"завоевания" 0.017422361601115 0.00191475510282235 0.00300729268476054 0.048429081663539 0.00399653633517618 0.003951111579391 0.00433175464941666 0.0081799591002045 0.00335931201289976 0.00631578947368421 0.00866497493346537 0
"запад" 0.00435559040027876 0.00191475510282235 0.00150364634238027 0.0403575680529491 0.00133217877839206 0.00131703719313033 0.01299526394825 0 0.0100779360386993 0 0.0222813641146252 0.00368093643022785
"значением" 0 0 0.00902187805428163 0.0100893920132373 0.0119896090055285 0.0250237066694763 0.00577567286588888 0 0 0.0210526315789474 0.0049514142476945 0.0024539576201519
"известные" 0.00871118080055752 0.0038295102056447 0.016540109766183 0.0121072704158847 0.00799307267035236 0.00921926035191234 0.0101074275153055 0.0122699386503067 0.00335931201289976 0.00631578947368421 0.00247570712384725 0.0049079152403038
"изучения" 0 0 0.0586422073528306 0.00605363520794237 0.00133217877839206 0.003951111579391 0.00866350929883331 0.00204498977505112 0.00671862402579952 0.00842105263157895 0 0
"интересы" 0 0 0.0135328170814224 0.0100893920132373 0.00932525144874442 0.00921926035191234 0.00577567286588888 0.0204498977505112 0.0100779360386993 0.0252631578947368 0.00123785356192362 0.00122697881007595
"иных" 0.00871118080055752 0.0134032857197564 0.0105255243966619 0.00807151361058983 0.0106574302271365 0.007902223158782 0.00144391821647222 0.0224948875255624 0.0302338081160978 0 0.00123785356192362 0.00122697881007595
"историков" 0.0130667712008363 0 0.0526276219833095 0.0121072704158847 0 0 0 0.0143149284253579 0.013437248051599 0.00210526315789474 0 0
"какими" 0.0130667712008363 0.00191475510282235 0.0150364634238027 0.00605363520794237 0.0106574302271365 0.0131703719313033 0.00866350929883331 0.00408997955010225 0.00671862402579952 0.00842105263157895 0.0049514142476945 0.00368093643022785
"киеву" 0.0108889760006969 0.0191475510282235 0 0 0.0066608938919603 0 0 0 0 0 0.009902828495389 0.0380363431123545
"мнению" 0.0152445664009757 0.00957377551411175 0.00601458536952109 0.0141251488185322 0.00799307267035236 0.00526814877252134 0.0072195910823611 0.0143149284253579 0.013437248051599 0 0.00866497493346537 0.00368093643022785
"новым" 0.00435559040027876 0.0076590204112894 0.00902187805428163 0.0302681760397118 0.00799307267035236 0.011853334738173 0.00288783643294444 0.00408997955010225 0.00671862402579952 0.00842105263157895 0.00371356068577087 0.0049079152403038
"оружием" 0.0348447232022301 0.00574426530846705 0 0.00403575680529491 0.00799307267035236 0.00526814877252134 0.00866350929883331 0.00204498977505112 0.00335931201289976 0.00421052631578947 0.0136163891811599 0.00858885167053165
"последнее" 0 0 0.0180437561085633 0.022196662429122 0.0066608938919603 0.00131703719313033 0.0072195910823611 0.0102249488752556 0.00335931201289976 0.00842105263157895 0.0123785356192362 0.00613489405037975
"решения" 0.00217779520013938 0 0.0105255243966619 0.0121072704158847 0.0106574302271365 0.015804446317564 0.00866350929883331 0.00408997955010225 0 0.00842105263157895 0.00866497493346537 0.0073618728604557
"решить" 0.00217779520013938 0.00574426530846705 0 0 0.00799307267035236 0.0329259298282584 0.00433175464941666 0.00408997955010225 0.00335931201289976 0.00421052631578947 0.00742712137154175 0.0122697881007595
"страну" 0.0152445664009757 0.0076590204112894 0.00601458536952109 0.0121072704158847 0.00133217877839206 0.00263407438626067 0.0158831003811944 0.00613496932515337 0.00335931201289976 0.00421052631578947 0.0185678034288544 0.00368093643022785
"устройства" 0 0.00191475510282235 0.00300729268476054 0.00403575680529491 0.0173183241190968 0.0250237066694763 0.0072195910823611 0.00408997955010225 0.00671862402579952 0.0273684210526316 0 0
"хозяйственных" 0 0.00191475510282235 0 0 0.00932525144874442 0.00131703719313033 0 0 0 0.105263157894737 0 0
"царства" 0.00653338560041814 0 0.00451093902714082 0.0282502976370644 0 0.0131703719313033 0.00577567286588888 0.0306748466257669 0.0235151840902983 0.00421052631578947 0 0.00122697881007595
"астрахани" 0 0 0 0 0 0.00263407438626067 0.059200646875361 0.0184049079754601 0.013437248051599 0 0.00247570712384725 0
"большого" 0 0 0.0105255243966619 0.0100893920132373 0.0133217877839206 0.015804446317564 0.00866350929883331 0.00408997955010225 0.0201558720773985 0.00842105263157895 0.00618926780961812 0.00122697881007595
"давал" 0.00653338560041814 0.00957377551411175 0 0.00201787840264746 0.0119896090055285 0.00526814877252134 0.00433175464941666 0.016359918200409 0.0167965600644988 0.00842105263157895 0.00742712137154175 0.0122697881007595
"детям" 0.00435559040027876 0.00957377551411175 0 0.00201787840264746 0.0173183241190968 0.0105362975450427 0.00433175464941666 0.0102249488752556 0.00671862402579952 0.00210526315789474 0.00866497493346537 0.0134967669108354
"домой" 0.00435559040027876 0.00574426530846705 0.00150364634238027 0 0.00133217877839206 0.003951111579391 0.0072195910823611 0.0102249488752556 0.00335931201289976 0.00210526315789474 0.0222813641146252 0.0220856185813671
"земского" 0 0 0 0 0.0119896090055285 0.043462227373301 0.00144391821647222 0.0184049079754601 0.013437248051599 0 0.00123785356192362 0.00122697881007595
"иностранных" 0.00435559040027876 0 0.00300729268476054 0 0.00133217877839206 0.007902223158782 0.0563128104424165 0.00408997955010225 0.00335931201289976 0.00210526315789474 0.0049514142476945 0
"интерес" 0 0 0.0421020975866476 0.0121072704158847 0.00399653633517618 0.00526814877252134 0.0101074275153055 0 0.013437248051599 0.00842105263157895 0 0.0024539576201519
"михаила" 0.00217779520013938 0.0268065714395129 0 0 0.0066608938919603 0.0144874091244337 0.00577567286588888 0.0204498977505112 0.0100779360386993 0 0.00371356068577087 0.00858885167053165
"мною" 0.0130667712008363 0.0210623061310458 0.016540109766183 0.00201787840264746 0.00266435755678412 0 0 0.00204498977505112 0 0.00210526315789474 0.00247570712384725 0.0282205126317468
"народной" 0.0108889760006969 0.0038295102056447 0.00751823171190136 0.00605363520794237 0.00266435755678412 0.0105362975450427 0.00288783643294444 0.0081799591002045 0.013437248051599 0.0210526315789474 0.0123785356192362 0.00368093643022785
"находится" 0.0130667712008363 0 0.0225546951357041 0.0100893920132373 0.00133217877839206 0.00131703719313033 0.00433175464941666 0.0081799591002045 0.00671862402579952 0 0.0235192176765489 0.0024539576201519
"ниже" 0.00217779520013938 0.0076590204112894 0.0135328170814224 0.00807151361058983 0.0119896090055285 0.0144874091244337 0.0115513457317778 0.0081799591002045 0.00335931201289976 0.00421052631578947 0.00247570712384725 0.00368093643022785
"обществе" 0.00217779520013938 0 0.00751823171190136 0.0161430272211797 0.0159861453407047 0.007902223158782 0.00866350929883331 0.00204498977505112 0 0.0273684210526316 0.00742712137154175 0
"приговоры" 0 0 0.00150364634238027 0 0.00532871511356824 0.0684859340427774 0.00144391821647222 0 0 0 0 0
"ради" 0 0.0038295102056447 0.0120291707390422 0.00807151361058983 0.00399653633517618 0.00526814877252134 0.00144391821647222 0.0245398773006135 0.0167965600644988 0 0.0049514142476945 0.0184046821511392
"слуги" 0 0.0134032857197564 0 0.00201787840264746 0.0319722906814094 0.003951111579391 0.0072195910823611 0.016359918200409 0.00335931201289976 0.0105263157894737 0.00371356068577087 0.00122697881007595
"соборе" 0 0 0 0 0.00399653633517618 0.03951111579391 0.00144391821647222 0.0429447852760736 0.0100779360386993 0 0 0
"советом" 0.00435559040027876 0 0 0 0.0386331845733697 0.0263407438626067 0 0.00408997955010225 0.0100779360386993 0.00210526315789474 0.00123785356192362 0
"социальной" 0 0 0.0120291707390422 0.0121072704158847 0.00133217877839206 0 0 0.00204498977505112 0.00335931201289976 0.0863157894736842 0 0
"существовало" 0 0 0.0105255243966619 0.0141251488185322 0.0119896090055285 0.015804446317564 0.00288783643294444 0.00408997955010225 0.00671862402579952 0.0189473684210526 0.00742712137154175 0.0024539576201519
"торговле" 0.00217779520013938 0.00191475510282235 0.00150364634238027 0.00201787840264746 0.00266435755678412 0.00131703719313033 0.0505371375765277 0 0 0.0126315789473684 0.009902828495389 0.0024539576201519
"упоминает" 0.0196001568012544 0.00574426530846705 0 0 0.0159861453407047 0.00131703719313033 0.0101074275153055 0.00408997955010225 0 0.00631578947368421 0.0160920963050071 0.0098158304806076
"ходили" 0.0130667712008363 0.0172327959254011 0 0 0.00799307267035236 0.00526814877252134 0.0158831003811944 0.00408997955010225 0.00671862402579952 0 0.0136163891811599 0.00858885167053165
"хvii" 0 0 0 0 0.022647039232665 0.0539985249183437 0 0 0 0 0 0
"царского" 0.00435559040027876 0 0 0 0.00532871511356824 0.0171214835106943 0.0101074275153055 0.0470347648261759 0.0268744961031981 0 0.00123785356192362 0
"viii" 0.017422361601115 0.00574426530846705 0.00601458536952109 0.0181609056238271 0.0106574302271365 0.0171214835106943 0.00433175464941666 0.00613496932515337 0.00335931201289976 0.00421052631578947 0.0049514142476945 0
"вел" 0.00217779520013938 0.0076590204112894 0.00300729268476054 0 0.022647039232665 0.015804446317564 0.00288783643294444 0.016359918200409 0.0100779360386993 0.00210526315789474 0.0049514142476945 0.00368093643022785
"весть" 0.00653338560041814 0.0153180408225788 0 0 0 0 0 0.00613496932515337 0.00335931201289976 0 0.009902828495389 0.0417172795425823
"внутренних" 0.00435559040027876 0.00574426530846705 0.00902187805428163 0.0302681760397118 0.00532871511356824 0.00263407438626067 0.0173270185976666 0.00408997955010225 0.00335931201289976 0.00842105263157895 0.00247570712384725 0.0049079152403038
"востоку" 0.00653338560041814 0.00191475510282235 0.00300729268476054 0.00807151361058983 0.00133217877839206 0.00131703719313033 0.0202148550306111 0.00204498977505112 0.00335931201289976 0 0.0334220461719379 0.0024539576201519
"договор" 0.0304891328019513 0 0 0 0.00932525144874442 0.0223896322832157 0 0.00204498977505112 0.0100779360386993 0 0.0123785356192362 0.00613489405037975
"землях" 0.0348447232022301 0.0076590204112894 0.00150364634238027 0.00201787840264746 0.0119896090055285 0.00263407438626067 0.00144391821647222 0.0122699386503067 0.0201558720773985 0.0126315789473684 0.00247570712384725 0.00368093643022785
"известной" 0.00435559040027876 0 0.0150364634238027 0.0302681760397118 0.0119896090055285 0.00658518596565167 0.00288783643294444 0.00408997955010225 0 0.0168421052631579 0.0049514142476945 0
"казалось" 0.0130667712008363 0.00957377551411175 0.00150364634238027 0 0.00399653633517618 0.0131703719313033 0.00144391821647222 0.0245398773006135 0.0268744961031981 0.00421052631578947 0.00123785356192362 0.0098158304806076
"казну" 0.00217779520013938 0.0516983877762034 0 0.00403575680529491 0.00266435755678412 0.00131703719313033 0.0202148550306111 0.00204498977505112 0.013437248051599 0 0.00371356068577087 0.0024539576201519
"княжения" 0.00871118080055752 0.0287213265423352 0 0 0.0173183241190968 0.00526814877252134 0.00144391821647222 0.00204498977505112 0 0 0.009902828495389 0.0134967669108354
"наше" 0.0130667712008363 0.0134032857197564 0.0315765731899857 0.00605363520794237 0.00133217877839206 0.00263407438626067 0.00144391821647222 0.0081799591002045 0.00335931201289976 0.00842105263157895 0.00371356068577087 0.0049079152403038
"олеария" 0 0 0 0 0 0.00131703719313033 0.0808594201224443 0 0 0 0 0
"политики" 0 0 0.0150364634238027 0.00605363520794237 0.00532871511356824 0.011853334738173 0 0.0306748466257669 0.0268744961031981 0.0168421052631579 0 0
"пользуясь" 0.00871118080055752 0.0248918163366905 0.00451093902714082 0.00807151361058983 0.0066608938919603 0.007902223158782 0.00144391821647222 0.00408997955010225 0.0100779360386993 0.00631578947368421 0.0049514142476945 0.0110428092906835
"пр" 0 0 0.0646567927223517 0.00403575680529491 0.00266435755678412 0.00658518596565167 0 0.00204498977505112 0 0.00842105263157895 0 0
"правды" 0.00217779520013938 0.0076590204112894 0.00902187805428163 0 0.0146539665623127 0.003951111579391 0.00144391821647222 0.00204498977505112 0.00671862402579952 0.0147368421052632 0.0222813641146252 0.00368093643022785
"прибавляет" 0.00217779520013938 0.00191475510282235 0.00451093902714082 0.00403575680529491 0.0066608938919603 0.00921926035191234 0.01299526394825 0.00204498977505112 0 0 0.0185678034288544 0.0159507245309874
"различия" 0 0.00191475510282235 0.0225546951357041 0.022196662429122 0.00399653633517618 0.003951111579391 0.00288783643294444 0 0 0.0273684210526316 0.009902828495389 0.00122697881007595
"старались" 0.017422361601115 0.0134032857197564 0.00150364634238027 0.00201787840264746 0.00532871511356824 0.00658518596565167 0.0245466096800277 0.00408997955010225 0.0100779360386993 0 0.0049514142476945 0.00613489405037975
"характером" 0.0108889760006969 0.00191475510282235 0.0150364634238027 0.00605363520794237 0.00932525144874442 0.007902223158782 0.00577567286588888 0 0.00335931201289976 0.0105263157894737 0.009902828495389 0.00858885167053165
"хочешь" 0.00435559040027876 0.0114885306169341 0 0.00403575680529491 0 0.00131703719313033 0 0 0 0 0.009902828495389 0.0466251947828861
"бывали" 0.0108889760006969 0 0.00150364634238027 0 0.0146539665623127 0.0250237066694763 0.00577567286588888 0.00613496932515337 0.00335931201289976 0.00842105263157895 0.00742712137154175 0.0024539576201519
"ведомства" 0.00217779520013938 0 0 0 0.0386331845733697 0.023706669476346 0.0072195910823611 0 0.00335931201289976 0.00421052631578947 0 0
"вопросов" 0 0 0.0315765731899857 0.0100893920132373 0.00932525144874442 0.0223896322832157 0 0.00408997955010225 0 0.00421052631578947 0.00247570712384725 0
"врага" 0.0108889760006969 0.0325508367479799 0 0 0 0.00131703719313033 0.00144391821647222 0.0102249488752556 0.0235151840902983 0 0.009902828495389 0.0147237457209114
"всемирно" 0 0 0.00751823171190136 0.100893920132373 0 0 0 0 0.00335931201289976 0 0 0
"головы" 0.0108889760006969 0.0191475510282235 0.00150364634238027 0 0.00399653633517618 0.00526814877252134 0.0101074275153055 0.00204498977505112 0.0167965600644988 0 0.00866497493346537 0.0159507245309874
"городских" 0.00217779520013938 0.00957377551411175 0 0.00605363520794237 0.0412975421301539 0 0.00433175464941666 0.00204498977505112 0 0.0126315789473684 0.0049514142476945 0.0024539576201519
"готовы" 0.00217779520013938 0.0172327959254011 0.0105255243966619 0.0181609056238271 0.00266435755678412 0.0105362975450427 0.00577567286588888 0.0102249488752556 0.0100779360386993 0 0.00123785356192362 0.00858885167053165
"границы" 0 0.00574426530846705 0.00300729268476054 0.0141251488185322 0.00799307267035236 0.003951111579391 0.0144391821647222 0.00613496932515337 0.0167965600644988 0.00421052631578947 0.0148542427430835 0.00368093643022785
"греческой" 0.0130667712008363 0.0076590204112894 0.00451093902714082 0.048429081663539 0 0.00131703719313033 0 0.00204498977505112 0.00335931201289976 0 0.0160920963050071 0.00368093643022785
"дворцовых" 0 0 0 0 0.04529407846533 0.0144874091244337 0.00433175464941666 0.00613496932515337 0.013437248051599 0.00210526315789474 0 0
"законодательства" 0 0.0038295102056447 0.00601458536952109 0.00403575680529491 0.00799307267035236 0.0421451901801707 0.00144391821647222 0 0.00335931201289976 0.0126315789473684 0.00247570712384725 0
"знание" 0.00217779520013938 0 0.0616495000375912 0.0121072704158847 0 0.00131703719313033 0.00144391821647222 0 0 0.0126315789473684 0 0
"известиям" 0.0130667712008363 0 0.00300729268476054 0 0.00399653633517618 0.00263407438626067 0.0202148550306111 0.00408997955010225 0 0 0.0148542427430835 0.0184046821511392
"имение" 0.00653338560041814 0.038295102056447 0 0 0 0.00131703719313033 0 0 0 0.00631578947368421 0.0173299498669307 0.0184046821511392
"материал" 0 0 0.0345838658747463 0.00201787840264746 0.00133217877839206 0.00263407438626067 0.00577567286588888 0.0122699386503067 0.0201558720773985 0.0273684210526316 0 0
"моего" 0.00435559040027876 0.0306360816451576 0.00150364634238027 0 0 0.003951111579391 0 0 0.0100779360386993 0 0.009902828495389 0.0282205126317468
"мужа" 0.00871118080055752 0.0134032857197564 0 0 0.0066608938919603 0.00921926035191234 0.00288783643294444 0 0 0 0.0272327783623197 0.0110428092906835
"некоторое" 0.0130667712008363 0.0038295102056447 0.0120291707390422 0.00403575680529491 0.0133217877839206 0.0105362975450427 0.0072195910823611 0.00408997955010225 0.00335931201289976 0.0147368421052632 0.0049514142476945 0.00122697881007595
"особый" 0 0 0.016540109766183 0.0262324192344169 0.0119896090055285 0.00921926035191234 0.00144391821647222 0.00408997955010225 0.00671862402579952 0.0105263157894737 0.0049514142476945 0.0024539576201519
"оставались" 0.00871118080055752 0 0.00150364634238027 0.0100893920132373 0.0119896090055285 0.0105362975450427 0.0144391821647222 0.00408997955010225 0.0100779360386993 0 0.0111406820573126 0.00613489405037975
"политическая" 0 0 0.0135328170814224 0.0141251488185322 0.0173183241190968 0.019755557896955 0 0.0102249488752556 0.0100779360386993 0.00842105263157895 0 0
"последней" 0.00217779520013938 0 0.0150364634238027 0.0100893920132373 0.0146539665623127 0.007902223158782 0.0115513457317778 0.00204498977505112 0.00671862402579952 0.00421052631578947 0.009902828495389 0.0024539576201519
"проч" 0.0283113376018119 0.0114885306169341 0.00300729268476054 0 0.00399653633517618 0.003951111579391 0.0202148550306111 0 0 0.0105263157894737 0.00866497493346537 0.00368093643022785
"свободы" 0.00435559040027876 0.00574426530846705 0.00601458536952109 0.0605363520794237 0.00266435755678412 0.00131703719313033 0.00433175464941666 0 0.00671862402579952 0.0168421052631579 0 0.00122697881007595
"собр" 0 0 0 0 0.0412975421301539 0.023706669476346 0 0 0.00335931201289976 0.0126315789473684 0 0
"строй" 0 0.00191475510282235 0.00751823171190136 0.0262324192344169 0.00399653633517618 0.00526814877252134 0.00144391821647222 0.00204498977505112 0 0.0547368421052632 0.00247570712384725 0
"считать" 0 0.00191475510282235 0.0105255243966619 0.0100893920132373 0.00799307267035236 0.00526814877252134 0.00144391821647222 0.0102249488752556 0.0100779360386993 0.0273684210526316 0.00247570712384725 0.0110428092906835
"тело" 0.00653338560041814 0.038295102056447 0.00150364634238027 0.0100893920132373 0.00133217877839206 0 0.00433175464941666 0.00408997955010225 0 0.00210526315789474 0.0111406820573126 0.0134967669108354
"учреждение" 0 0 0.00150364634238027 0.00403575680529491 0.0146539665623127 0.043462227373301 0.00288783643294444 0.00408997955010225 0.00335931201289976 0.00631578947368421 0.00123785356192362 0
"челом" 0 0 0 0 0.00799307267035236 0.0421451901801707 0.00288783643294444 0.0143149284253579 0.0235151840902983 0 0 0.0024539576201519
"битвы" 0.0130667712008363 0.044039367364914 0.00300729268476054 0.00201787840264746 0 0 0 0.00204498977505112 0 0 0.0049514142476945 0.0220856185813671
"бывало" 0 0.0076590204112894 0 0.00201787840264746 0.0133217877839206 0.019755557896955 0.0072195910823611 0.0081799591002045 0.00335931201289976 0.00631578947368421 0.00618926780961812 0.00858885167053165
"василько" 0.00217779520013938 0.0363803469536246 0 0 0 0 0 0 0 0 0 0.0429442583526582
"вельмож" 0.0217779520013938 0.0229770612338682 0 0 0.00399653633517618 0.00263407438626067 0.0144391821647222 0.0184049079754601 0.013437248051599 0 0.00371356068577087 0.0024539576201519
"веру" 0.045733699202927 0.0153180408225788 0.00150364634238027 0.00605363520794237 0 0.00263407438626067 0.00866350929883331 0.00204498977505112 0.00335931201289976 0 0.0136163891811599 0.00122697881007595
"воле" 0.00653338560041814 0.0038295102056447 0 0.00201787840264746 0.0066608938919603 0.0105362975450427 0.00288783643294444 0.0122699386503067 0.00671862402579952 0.00421052631578947 0.00123785356192362 0.0282205126317468
"давыда" 0 0 0 0 0 0 0 0 0 0 0 0.0674838345541773
"двины" 0.0108889760006969 0.00574426530846705 0 0.00201787840264746 0.00266435755678412 0 0.01299526394825 0.00204498977505112 0.00671862402579952 0 0.0371356068577087 0.0024539576201519
"заметно" 0 0 0 0.00201787840264746 0.0293079331246253 0.031608892635128 0.00433175464941666 0.00408997955010225 0.00671862402579952 0 0.00123785356192362 0
"мимо" 0.00435559040027876 0.0038295102056447 0.00300729268476054 0 0.0066608938919603 0.015804446317564 0.00577567286588888 0.00613496932515337 0.00671862402579952 0 0.00618926780961812 0.0220856185813671
"новом" 0.00653338560041814 0 0.00150364634238027 0.0181609056238271 0.0106574302271365 0.011853334738173 0.0072195910823611 0.016359918200409 0.00671862402579952 0 0.00371356068577087 0.00858885167053165
"ночь" 0.00871118080055752 0.0191475510282235 0.00150364634238027 0 0.00133217877839206 0 0.0115513457317778 0 0.00335931201289976 0 0.00866497493346537 0.0282205126317468
"ныне" 0.0479114944030663 0.0210623061310458 0.00902187805428163 0.00201787840264746 0 0.00263407438626067 0.00288783643294444 0.0122699386503067 0.00671862402579952 0.00210526315789474 0 0.0024539576201519
"отвечали" 0 0 0 0 0.00266435755678412 0.00263407438626067 0.0101074275153055 0 0 0 0.019805656990778 0.0343554066821266
"переход" 0 0 0.00751823171190136 0.0262324192344169 0.00399653633517618 0.00263407438626067 0.00577567286588888 0.00613496932515337 0.00335931201289976 0.0378947368421053 0.00618926780961812 0.00122697881007595
"показывает" 0.00217779520013938 0.00191475510282235 0.00451093902714082 0.00403575680529491 0.00932525144874442 0.003951111579391 0.0072195910823611 0.00408997955010225 0 0.0294736842105263 0.0123785356192362 0.00858885167053165
"получали" 0.00435559040027876 0 0 0.00605363520794237 0.0106574302271365 0.007902223158782 0.0288783643294444 0.0102249488752556 0.00671862402579952 0.00631578947368421 0.0049514142476945 0.0024539576201519
"пределах" 0.00653338560041814 0 0.00300729268476054 0.0201787840264746 0.00266435755678412 0.00658518596565167 0.00433175464941666 0.00408997955010225 0.00335931201289976 0.0336842105263158 0.00618926780961812 0.0073618728604557
"принимать" 0 0 0.0150364634238027 0.00201787840264746 0.0066608938919603 0.003951111579391 0.00866350929883331 0.00204498977505112 0.00335931201289976 0.00421052631578947 0.0284706319242434 0.00368093643022785
"современники" 0.00871118080055752 0.00191475510282235 0.0105255243966619 0 0.00399653633517618 0.003951111579391 0.00144391821647222 0.0368098159509202 0.0335931201289976 0.00210526315789474 0.00247570712384725 0.00613489405037975
"состояла" 0.00653338560041814 0 0.00150364634238027 0.00403575680529491 0.0159861453407047 0.015804446317564 0.0101074275153055 0.00408997955010225 0 0.00631578947368421 0.0136163891811599 0.0024539576201519
"столице" 0.0217779520013938 0.038295102056447 0.00150364634238027 0.00403575680529491 0.00133217877839206 0.0105362975450427 0.0101074275153055 0.00408997955010225 0.00671862402579952 0.00210526315789474 0.00123785356192362 0
"увидим" 0.00871118080055752 0.0153180408225788 0.00751823171190136 0.0100893920132373 0.00532871511356824 0.00263407438626067 0 0.00408997955010225 0.00335931201289976 0.00421052631578947 0.0160920963050071 0.0110428092906835
"цель" 0 0.00191475510282235 0.016540109766183 0.00605363520794237 0.00266435755678412 0.00263407438626067 0.00433175464941666 0.0204498977505112 0.00671862402579952 0.0315789473684211 0.0049514142476945 0.0024539576201519
"экономических" 0 0 0.0210510487933238 0.00605363520794237 0.00799307267035236 0.00131703719313033 0.00144391821647222 0 0 0.0631578947368421 0 0
"экономической" 0 0 0.0120291707390422 0.00807151361058983 0.0119896090055285 0.00131703719313033 0.00144391821647222 0.00204498977505112 0 0.0652631578947368 0 0
"болеслав" 0 0.0248918163366905 0 0 0 0 0 0 0 0 0.0309463390480906 0.0196316609612152
"василька" 0 0.0248918163366905 0 0 0 0 0 0 0 0 0 0.0503061312131139
"всяком" 0.0130667712008363 0.00574426530846705 0.00902187805428163 0.00807151361058983 0.00266435755678412 0.00921926035191234 0.00144391821647222 0.0204498977505112 0.00671862402579952 0.0105263157894737 0.00742712137154175 0.0024539576201519
"вячеслава" 0 0.0325508367479799 0 0 0 0 0 0 0 0 0 0.0453982159728102
"держал" 0.0108889760006969 0.00957377551411175 0 0 0.00932525144874442 0.003951111579391 0.00866350929883331 0.0102249488752556 0.013437248051599 0 0.0049514142476945 0.0184046821511392
"дни" 0.00871118080055752 0.0076590204112894 0.00150364634238027 0 0.00133217877839206 0.00921926035191234 0.00577567286588888 0.0286298568507157 0.0369524321418973 0.00631578947368421 0.00371356068577087 0.0024539576201519
"дороге" 0.00217779520013938 0.00191475510282235 0 0.00403575680529491 0.00133217877839206 0.00658518596565167 0.0101074275153055 0.00408997955010225 0.00671862402579952 0 0.009902828495389 0.0306744702518988
"думали" 0.0217779520013938 0.0191475510282235 0.00150364634238027 0.00403575680529491 0.00266435755678412 0.00526814877252134 0.00288783643294444 0.0081799591002045 0.0100779360386993 0.00631578947368421 0.0049514142476945 0.0110428092906835
"духовенство" 0.00217779520013938 0.0114885306169341 0 0.00807151361058983 0.00799307267035236 0.0131703719313033 0.00433175464941666 0.0102249488752556 0.00335931201289976 0.00631578947368421 0.0123785356192362 0.00613489405037975
"землей" 0 0 0.00150364634238027 0.00201787840264746 0.0306401119030174 0.011853334738173 0 0 0 0.0421052631578947 0 0
"известный" 0.00653338560041814 0.00574426530846705 0.0105255243966619 0.0100893920132373 0.0146539665623127 0.011853334738173 0.00433175464941666 0.0081799591002045 0 0.00210526315789474 0.0049514142476945 0.0049079152403038
"иоанна" 0.0217779520013938 0.0210623061310458 0 0.00201787840264746 0.00399653633517618 0.00131703719313033 0.0303222825459166 0 0.0201558720773985 0.00210526315789474 0 0
"касается" 0.00653338560041814 0 0.0180437561085633 0.0121072704158847 0.00399653633517618 0.00263407438626067 0.00288783643294444 0.00204498977505112 0.00335931201289976 0.0126315789473684 0.0136163891811599 0.00858885167053165
"мать" 0.0196001568012544 0.0210623061310458 0.00150364634238027 0.00201787840264746 0.00133217877839206 0.00131703719313033 0.00144391821647222 0.0081799591002045 0.00335931201289976 0.00210526315789474 0.0210435105527016 0.0073618728604557
"мест" 0.00653338560041814 0 0.00601458536952109 0 0.00266435755678412 0.0144874091244337 0.0158831003811944 0.0143149284253579 0.0268744961031981 0.00210526315789474 0.00742712137154175 0.00122697881007595
"местных" 0 0 0.00601458536952109 0.00605363520794237 0.0373010057949777 0.011853334738173 0.00288783643294444 0.00408997955010225 0.00335931201289976 0.00842105263157895 0.00123785356192362 0
"мнение" 0.017422361601115 0 0.00451093902714082 0.00807151361058983 0.0146539665623127 0.015804446317564 0.00144391821647222 0.00204498977505112 0.00335931201289976 0.00842105263157895 0.00618926780961812 0.0049079152403038
"моск" 0 0 0 0 0.00932525144874442 0.0460963017595617 0.00144391821647222 0 0 0.0231578947368421 0 0
"муж" 0.00653338560041814 0.0172327959254011 0 0 0.00399653633517618 0.003951111579391 0.00144391821647222 0.00613496932515337 0.0100779360386993 0 0.0259949248003961 0.0098158304806076
"общ" 0 0 0 0 0.0133217877839206 0.0539985249183437 0.00144391821647222 0 0 0.00421052631578947 0 0
"определить" 0.00435559040027876 0.00191475510282235 0.00902187805428163 0.00201787840264746 0.0133217877839206 0.003951111579391 0.00577567286588888 0.0081799591002045 0.013437248051599 0.0147368421052632 0.0148542427430835 0
"относится" 0.00217779520013938 0 0.0180437561085633 0.0181609056238271 0.00399653633517618 0.00263407438626067 0.00433175464941666 0.00613496932515337 0.00671862402579952 0.0147368421052632 0.0123785356192362 0.0024539576201519
"племя" 0 0 0 0 0.00399653633517618 0.00263407438626067 0.00144391821647222 0.00204498977505112 0.013437248051599 0.00842105263157895 0.0334220461719379 0.0147237457209114
"разными" 0.017422361601115 0.00191475510282235 0.0225546951357041 0.00605363520794237 0.00133217877839206 0.007902223158782 0.0158831003811944 0 0 0 0.00866497493346537 0.0024539576201519
"рано" 0.00217779520013938 0.0076590204112894 0.00300729268476054 0.0262324192344169 0.00932525144874442 0.007902223158782 0.00577567286588888 0.0122699386503067 0.00335931201289976 0 0.00742712137154175 0.0049079152403038
"ростиславичи" 0 0.0229770612338682 0 0 0.00266435755678412 0 0 0 0 0 0 0.049079152403038
"севера" 0.0108889760006969 0 0 0.00605363520794237 0.00266435755678412 0 0.0144391821647222 0.00204498977505112 0.00335931201289976 0.00421052631578947 0.029708485486167 0.0073618728604557
"системы" 0.00217779520013938 0.00191475510282235 0.0195474024509435 0.022196662429122 0 0.00131703719313033 0.00577567286588888 0.00204498977505112 0.00671862402579952 0.0210526315789474 0.0123785356192362 0
"согласился" 0.00653338560041814 0.0191475510282235 0 0 0.00399653633517618 0.003951111579391 0.00144391821647222 0.0102249488752556 0.00671862402579952 0 0.00742712137154175 0.025766555011595
"татар" 0 0.00191475510282235 0.00150364634238027 0.00403575680529491 0.00532871511356824 0.00263407438626067 0.0389857918447499 0.0204498977505112 0.0167965600644988 0 0.00247570712384725 0
"успехи" 0.00871118080055752 0.0134032857197564 0.00150364634238027 0.0141251488185322 0.022647039232665 0 0.0072195910823611 0.00408997955010225 0.013437248051599 0.00842105263157895 0.00247570712384725 0.00122697881007595
"философия" 0 0 0.0405984512442674 0.0403575680529491 0 0.00131703719313033 0 0 0 0.0126315789473684 0 0
"акт" 0 0 0.00150364634238027 0 0.0492906148005062 0.0131703719313033 0 0.00408997955010225 0.00671862402579952 0.00210526315789474 0 0
"бежал" 0.00871118080055752 0.0325508367479799 0.00150364634238027 0 0.00133217877839206 0.00131703719313033 0.00288783643294444 0 0.00335931201289976 0 0.0111406820573126 0.0208586397712912
"биться" 0.00217779520013938 0 0 0 0 0 0 0 0 0 0.0111406820573126 0.0527600888332658
"богов" 0.0370225184023694 0 0.00601458536952109 0.0363218112476542 0.00133217877839206 0 0 0 0 0.00210526315789474 0.0148542427430835 0
"важных" 0.0108889760006969 0.00191475510282235 0.00601458536952109 0.0100893920132373 0.0173183241190968 0.0171214835106943 0.0072195910823611 0.00408997955010225 0.00671862402579952 0.00210526315789474 0.00123785356192362 0.00122697881007595
"век" 0.0152445664009757 0.0038295102056447 0.00300729268476054 0.00403575680529491 0.00532871511356824 0.00658518596565167 0.00577567286588888 0.00204498977505112 0 0.0336842105263158 0.00742712137154175 0.0049079152403038
"верховной" 0 0 0 0.00201787840264746 0.0106574302271365 0.035560004214519 0.00866350929883331 0.00408997955010225 0.00671862402579952 0.0147368421052632 0 0
"воевать" 0.0152445664009757 0.0248918163366905 0 0 0 0 0 0 0 0 0.0136163891811599 0.0269935338216709
"герберштейна" 0 0 0 0 0.00133217877839206 0.00131703719313033 0.0736398290400832 0 0 0 0 0
"государству" 0.00435559040027876 0.00191475510282235 0.00751823171190136 0.0161430272211797 0 0.003951111579391 0.0303222825459166 0.0143149284253579 0.00335931201289976 0.00210526315789474 0.0049514142476945 0
"грамоту" 0.00217779520013938 0.00957377551411175 0 0 0.022647039232665 0.0131703719313033 0.00577567286588888 0.0122699386503067 0 0 0.00247570712384725 0.0098158304806076
"дворцовые" 0 0 0 0 0.0479584360221142 0.0144874091244337 0 0.00613496932515337 0.00671862402579952 0.00210526315789474 0 0
"желание" 0.0304891328019513 0.0134032857197564 0.00902187805428163 0 0.00133217877839206 0.00131703719313033 0.00433175464941666 0.0081799591002045 0.00671862402579952 0 0.0123785356192362 0.00613489405037975
"известное" 0.00217779520013938 0.0038295102056447 0.0240583414780844 0.0121072704158847 0.00799307267035236 0.00526814877252134 0.0144391821647222 0.00204498977505112 0 0.00631578947368421 0.00247570712384725 0.0024539576201519
"изучение" 0 0 0.0526276219833095 0.0100893920132373 0.00532871511356824 0 0 0 0.00335931201289976 0.0168421052631579 0 0
"концов" 0 0 0.0105255243966619 0.0161430272211797 0.0266435755678412 0.00131703719313033 0 0.016359918200409 0.013437248051599 0.00421052631578947 0.00247570712384725 0.00122697881007595
"крупных" 0 0 0.00902187805428163 0.0363218112476542 0.0066608938919603 0.00131703719313033 0.00144391821647222 0.0102249488752556 0.0167965600644988 0.0252631578947368 0 0
"мстиславу" 0.00217779520013938 0.0268065714395129 0 0 0.0066608938919603 0 0 0 0 0 0.00247570712384725 0.0380363431123545
"немного" 0 0 0.00300729268476054 0.00201787840264746 0.00532871511356824 0.00921926035191234 0.0216587732470833 0.00408997955010225 0.00335931201289976 0.00842105263157895 0.00866497493346537 0.0122697881007595
"необходимость" 0.00217779520013938 0 0.0135328170814224 0.00807151361058983 0.00532871511356824 0.007902223158782 0.00433175464941666 0.0102249488752556 0.00335931201289976 0.0273684210526316 0.0049514142476945 0.00368093643022785
"никакой" 0.00871118080055752 0.0038295102056447 0.0105255243966619 0.00605363520794237 0.00532871511356824 0.00526814877252134 0.00144391821647222 0.0224948875255624 0.013437248051599 0.00210526315789474 0.0049514142476945 0.0098158304806076
"объявил" 0.0130667712008363 0.0287213265423352 0.00150364634238027 0.00201787840264746 0.00399653633517618 0.00131703719313033 0.00433175464941666 0.00204498977505112 0.00671862402579952 0 0.0049514142476945 0.0196316609612152
"опричнины" 0 0 0 0 0.00266435755678412 0.027657781055737 0 0.0245398773006135 0.0604676162321956 0 0 0
"принадлежал" 0.00435559040027876 0.00191475510282235 0 0.00605363520794237 0.0146539665623127 0.011853334738173 0.0072195910823611 0.00408997955010225 0.0100779360386993 0.00421052631578947 0.009902828495389 0.00858885167053165
"редко" 0.00217779520013938 0.00191475510282235 0.00150364634238027 0 0.0106574302271365 0.0105362975450427 0.0346540371953333 0.00204498977505112 0 0.00210526315789474 0.00618926780961812 0.00368093643022785
"россия" 0.0261335424016725 0.044039367364914 0.00300729268476054 0.00201787840264746 0 0.00131703719313033 0.0072195910823611 0 0 0.0147368421052632 0.00247570712384725 0
"самим" 0.00435559040027876 0.00191475510282235 0.00451093902714082 0.0141251488185322 0.0066608938919603 0.0171214835106943 0.00433175464941666 0.00204498977505112 0.0235151840902983 0.00421052631578947 0.0049514142476945 0.00613489405037975
"самую" 0.0130667712008363 0.00957377551411175 0.0120291707390422 0.0121072704158847 0.00399653633517618 0.00526814877252134 0.0101074275153055 0.0143149284253579 0.00671862402579952 0.00210526315789474 0.00371356068577087 0.00122697881007595
"сведения" 0.0130667712008363 0.0038295102056447 0.0180437561085633 0 0.00133217877839206 0.003951111579391 0.0158831003811944 0.0184049079754601 0.0100779360386993 0 0.00618926780961812 0.00122697881007595
"случаи" 0.00653338560041814 0 0.0210510487933238 0.00201787840264746 0.0133217877839206 0.0144874091244337 0.00433175464941666 0.00204498977505112 0 0.00421052631578947 0.009902828495389 0
"устье" 0.0130667712008363 0.00574426530846705 0 0.00201787840264746 0 0 0.01299526394825 0.0143149284253579 0.0100779360386993 0 0.019805656990778 0.0098158304806076
"целое" 0.00435559040027876 0.00191475510282235 0.0120291707390422 0.0383396896503017 0.00266435755678412 0.00131703719313033 0.00144391821647222 0.00204498977505112 0.00335931201289976 0.0252631578947368 0.00371356068577087 0.0024539576201519
"берег" 0.017422361601115 0.00957377551411175 0.00150364634238027 0.00807151361058983 0.00133217877839206 0 0.00433175464941666 0.00204498977505112 0.0100779360386993 0 0.0272327783623197 0.0049079152403038
"большое" 0 0 0.0120291707390422 0.0121072704158847 0.00266435755678412 0.003951111579391 0.01299526394825 0.00613496932515337 0.00335931201289976 0.00210526315789474 0.0136163891811599 0.0098158304806076
"возвратились" 0.017422361601115 0.0229770612338682 0 0 0 0 0.00144391821647222 0.00204498977505112 0.00335931201289976 0 0.00618926780961812 0.0294474914418228
"высшей" 0 0 0.00300729268476054 0.0242145408317695 0.00932525144874442 0.023706669476346 0 0.0081799591002045 0.00335931201289976 0.00842105263157895 0.0049514142476945 0
"вышли" 0.00653338560041814 0.0134032857197564 0 0.0121072704158847 0.00133217877839206 0.00263407438626067 0.00144391821647222 0.00408997955010225 0 0.0105263157894737 0.0123785356192362 0.0184046821511392
"германии" 0.0152445664009757 0.00191475510282235 0.0195474024509435 0.0242145408317695 0 0.00131703719313033 0.00577567286588888 0 0.0100779360386993 0.0189473684210526 0.00247570712384725 0
"звание" 0 0 0 0.00403575680529491 0.0306401119030174 0.0263407438626067 0.00577567286588888 0.00204498977505112 0 0 0.00123785356192362 0.00122697881007595
"знаменитый" 0.0217779520013938 0.0210623061310458 0.00751823171190136 0.00201787840264746 0.00133217877839206 0.00658518596565167 0 0.00613496932515337 0.00671862402579952 0.00210526315789474 0.00866497493346537 0.0073618728604557
"историческим" 0.00217779520013938 0.00191475510282235 0.0451093902714082 0.0100893920132373 0.00399653633517618 0.00131703719313033 0.00144391821647222 0 0.0100779360386993 0.0105263157894737 0.00123785356192362 0.00122697881007595
"какая" 0.00435559040027876 0 0.0120291707390422 0.0100893920132373 0.0133217877839206 0.00526814877252134 0.0072195910823611 0.00613496932515337 0.0201558720773985 0 0.00247570712384725 0.00858885167053165
"категории" 0 0 0.0706713780918728 0.00807151361058983 0 0 0 0 0.00335931201289976 0 0 0
"коней" 0.0152445664009757 0.0287213265423352 0 0 0.00266435755678412 0.00263407438626067 0.00866350929883331 0 0 0 0.00742712137154175 0.0171777033410633
"круг" 0 0 0.00300729268476054 0.00403575680529491 0.0279757543462333 0.007902223158782 0.0072195910823611 0.0184049079754601 0.00671862402579952 0 0.00618926780961812 0
"народонаселение" 0 0 0 0 0 0 0.00433175464941666 0 0 0 0.0557034102865631 0.0049079152403038
"образ" 0.0130667712008363 0.0038295102056447 0.00751823171190136 0 0.00399653633517618 0.0131703719313033 0.0101074275153055 0.00204498977505112 0.0100779360386993 0.00210526315789474 0.009902828495389 0.0073618728604557
"окончательно" 0 0 0.00150364634238027 0.0161430272211797 0.00399653633517618 0.00658518596565167 0.00144391821647222 0.00613496932515337 0.013437248051599 0.0210526315789474 0.009902828495389 0.0110428092906835
"особого" 0 0 0.016540109766183 0.00605363520794237 0.0133217877839206 0.015804446317564 0.00144391821647222 0.0122699386503067 0.00335931201289976 0.00842105263157895 0.00247570712384725 0.0024539576201519
"победу" 0.0108889760006969 0.0363803469536246 0.00300729268476054 0.00807151361058983 0 0 0.00288783643294444 0.0102249488752556 0.013437248051599 0.00421052631578947 0.00866497493346537 0.0024539576201519
"получал" 0 0 0 0.00201787840264746 0.0119896090055285 0.00921926035191234 0.0231026914635555 0.00613496932515337 0.00671862402579952 0.0126315789473684 0.00866497493346537 0.00122697881007595
"приходится" 0 0 0.0541312683256898 0.0121072704158847 0 0 0.00288783643294444 0 0.00335931201289976 0.0105263157894737 0.00123785356192362 0.00122697881007595
"произошло" 0 0 0.0150364634238027 0.0302681760397118 0.00266435755678412 0 0.00144391821647222 0.00613496932515337 0.013437248051599 0.00421052631578947 0.0111406820573126 0.0073618728604557
"рима" 0.00435559040027876 0.0076590204112894 0.00601458536952109 0.0544827168714813 0 0 0.00288783643294444 0.00613496932515337 0.00335931201289976 0.00842105263157895 0.0049514142476945 0.00122697881007595
"рюрика" 0.0239557472015332 0.0038295102056447 0 0 0.0066608938919603 0.00131703719313033 0 0 0 0 0.0222813641146252 0.0184046821511392
"система" 0.00653338560041814 0 0.00451093902714082 0.0282502976370644 0.00532871511356824 0 0.0072195910823611 0.00204498977505112 0.0100779360386993 0.0378947368421053 0.00123785356192362 0
"случаев" 0.0130667712008363 0.00191475510282235 0.033080219532366 0.00201787840264746 0.00932525144874442 0.007902223158782 0.00433175464941666 0.00204498977505112 0 0.0105263157894737 0 0
"современников" 0.00653338560041814 0.0153180408225788 0.0105255243966619 0 0 0.00131703719313033 0.00144391821647222 0.032719836400818 0.0100779360386993 0.00210526315789474 0.0049514142476945 0.0098158304806076
"типа" 0 0 0.00451093902714082 0.0181609056238271 0 0.00263407438626067 0 0 0 0.08 0 0
"товаров" 0 0 0 0.00807151361058983 0 0 0.0447614647106388 0.00408997955010225 0 0.0147368421052632 0.009902828495389 0
"трудом" 0.00217779520013938 0.0038295102056447 0.00451093902714082 0.00201787840264746 0.0119896090055285 0.00921926035191234 0.0101074275153055 0.00204498977505112 0.00335931201289976 0.0231578947368421 0.00618926780961812 0.0049079152403038
"хv" 0 0 0 0 0.0572836874708586 0.011853334738173 0 0 0 0 0 0
"царской" 0.00435559040027876 0.00574426530846705 0 0.00403575680529491 0.00133217877839206 0.015804446317564 0.0158831003811944 0.0306748466257669 0.0167965600644988 0 0 0.00122697881007595
"болеслава" 0 0.0191475510282235 0 0 0 0 0 0 0 0 0.029708485486167 0.0208586397712912
"вели" 0.0108889760006969 0.00574426530846705 0 0.00807151361058983 0.0066608938919603 0.007902223158782 0.0173270185976666 0 0.013437248051599 0.00210526315789474 0.009902828495389 0.00368093643022785
"второго" 0.00653338560041814 0.0114885306169341 0.00451093902714082 0.0100893920132373 0.00266435755678412 0.00658518596565167 0.00144391821647222 0.00204498977505112 0 0.0210526315789474 0.0049514142476945 0.0134967669108354
"греческих" 0.0413781088026482 0.0038295102056447 0.00751823171190136 0.00807151361058983 0 0 0.00144391821647222 0 0 0.00631578947368421 0.0160920963050071 0.0049079152403038
"думный" 0 0 0 0 0.0106574302271365 0.0500474133389527 0.0072195910823611 0 0 0 0 0
"живут" 0.0108889760006969 0.00191475510282235 0.00150364634238027 0.00403575680529491 0 0.007902223158782 0.0259905278964999 0.00204498977505112 0 0.00631578947368421 0.0148542427430835 0.0024539576201519
"искусства" 0.0217779520013938 0.0038295102056447 0.0345838658747463 0.00807151361058983 0 0.00131703719313033 0.00577567286588888 0.00204498977505112 0.00335931201289976 0.00842105263157895 0.00123785356192362 0
"италии" 0.0108889760006969 0.00191475510282235 0.0105255243966619 0.0585184736767762 0 0 0.00144391821647222 0 0 0.0147368421052632 0.00123785356192362 0
"крепость" 0.00871118080055752 0.00957377551411175 0 0 0.00266435755678412 0.00263407438626067 0.033210118978861 0.0081799591002045 0.00671862402579952 0.00210526315789474 0.00618926780961812 0.00368093643022785
"л" 0 0 0.00451093902714082 0.00403575680529491 0.0173183241190968 0.0342429670213887 0 0.00408997955010225 0 0.00842105263157895 0.00123785356192362 0
"любили" 0.0196001568012544 0.0038295102056447 0 0 0.00799307267035236 0.0105362975450427 0 0.00408997955010225 0.00335931201289976 0 0.0185678034288544 0.0098158304806076
"монархии" 0.00435559040027876 0.0038295102056447 0.0105255243966619 0.0665899872873661 0 0.00131703719313033 0 0 0 0.00842105263157895 0.00247570712384725 0
"неизвестно" 0.0130667712008363 0.00191475510282235 0 0 0.00532871511356824 0.00526814877252134 0.00433175464941666 0.00204498977505112 0.00671862402579952 0.00210526315789474 0.00866497493346537 0.0269935338216709
"новгородской" 0 0 0 0 0.0199826816758809 0.00526814877252134 0.0072195910823611 0.00408997955010225 0.00335931201289976 0.0126315789473684 0.0160920963050071 0.00613489405037975
"нужды" 0.0108889760006969 0.0038295102056447 0 0 0.0106574302271365 0.007902223158782 0.00866350929883331 0.0122699386503067 0.0167965600644988 0.0126315789473684 0.0049514142476945 0.00368093643022785
"предков" 0.045733699202927 0.0153180408225788 0.00300729268476054 0 0.0133217877839206 0.0105362975450427 0.00144391821647222 0.00204498977505112 0 0 0 0
"призвал" 0.0108889760006969 0.038295102056447 0 0.00201787840264746 0.0066608938919603 0.00526814877252134 0 0.00408997955010225 0.00335931201289976 0 0.00618926780961812 0.0098158304806076
"рассказ" 0.00435559040027876 0 0.00150364634238027 0 0.022647039232665 0.00658518596565167 0.0072195910823611 0.0081799591002045 0.00335931201289976 0.0105263157894737 0.0123785356192362 0.00122697881007595
"русск" 0 0 0 0 0.0199826816758809 0.0329259298282584 0.00866350929883331 0 0.00335931201289976 0.00842105263157895 0 0
"сию" 0.0479114944030663 0.044039367364914 0 0 0 0.00263407438626067 0 0.0081799591002045 0 0 0 0
"сия" 0.0588004704037632 0.0402098571592693 0 0 0.00133217877839206 0.00131703719313033 0 0 0.00335931201289976 0 0 0
"служилые" 0 0 0 0 0.0293079331246253 0.0105362975450427 0.0144391821647222 0.016359918200409 0.0100779360386993 0 0 0
"собственности" 0.00435559040027876 0.00574426530846705 0 0.00403575680529491 0.0173183241190968 0.00131703719313033 0.00144391821647222 0 0 0.0421052631578947 0.00742712137154175 0.00368093643022785
"спешил" 0.0239557472015332 0.0536131428790258 0 0 0.00133217877839206 0.00131703719313033 0 0 0.00335931201289976 0 0.00371356068577087 0.0073618728604557
"столицы" 0.017422361601115 0.0134032857197564 0 0 0.00532871511356824 0.0210725950900853 0.0158831003811944 0.00613496932515337 0 0 0.00123785356192362 0.00122697881007595
"страна" 0.0108889760006969 0 0.00150364634238027 0.00807151361058983 0.00133217877839206 0.00131703719313033 0.0259905278964999 0.0081799591002045 0.00671862402579952 0.0105263157894737 0.0111406820573126 0.00122697881007595
"строго" 0.00435559040027876 0.00191475510282235 0.0270656341628449 0.00201787840264746 0.00532871511356824 0.00263407438626067 0.0115513457317778 0 0.00671862402579952 0.0147368421052632 0.00742712137154175 0
"твой" 0 0.0191475510282235 0 0 0.00133217877839206 0 0.0072195910823611 0.00204498977505112 0 0 0.00123785356192362 0.0404903007325063
"федор" 0 0 0.00150364634238027 0 0.00532871511356824 0.003951111579391 0 0.0838445807770961 0.00671862402579952 0 0 0
"французской" 0 0 0.0646567927223517 0.00807151361058983 0 0 0 0 0 0.00842105263157895 0 0
"южных" 0.00871118080055752 0.0038295102056447 0 0.00605363520794237 0.00799307267035236 0.00263407438626067 0.01299526394825 0.0102249488752556 0.013437248051599 0.00210526315789474 0.009902828495389 0.00858885167053165
"борьбу" 0 0 0.00300729268476054 0.0121072704158847 0.00266435755678412 0.00131703719313033 0.00144391821647222 0.0122699386503067 0.0201558720773985 0.00842105263157895 0.0136163891811599 0.0134967669108354
"верить" 0.0217779520013938 0.0076590204112894 0.0120291707390422 0.00605363520794237 0 0.003951111579391 0.0115513457317778 0.0122699386503067 0.00671862402579952 0 0.00123785356192362 0.00613489405037975
"вещи" 0.00653338560041814 0.00574426530846705 0.0300729268476054 0.0121072704158847 0.00133217877839206 0.00131703719313033 0.0101074275153055 0 0 0.00210526315789474 0.009902828495389 0
"грецию" 0.0370225184023694 0.00957377551411175 0 0.00605363520794237 0 0 0 0 0 0.00421052631578947 0.0272327783623197 0.00122697881007595
"давыдович" 0 0 0 0 0 0 0 0 0 0 0 0.0613489405037975
"дворяне" 0.00217779520013938 0.00191475510282235 0 0 0.00532871511356824 0.0250237066694763 0.0144391821647222 0.00613496932515337 0 0.0252631578947368 0 0
"династии" 0 0 0.00150364634238027 0.00807151361058983 0.00399653633517618 0.027657781055737 0 0.032719836400818 0.00335931201289976 0 0.00247570712384725 0.0024539576201519
"интересов" 0 0 0.00902187805428163 0.00201787840264746 0.0119896090055285 0.015804446317564 0.00288783643294444 0.0122699386503067 0.00671862402579952 0.0231578947368421 0 0.00122697881007595
"меха" 0.00435559040027876 0 0 0 0 0 0.0534249740094721 0 0.00671862402579952 0.00421052631578947 0.00742712137154175 0.00122697881007595
"найти" 0 0 0.0120291707390422 0.00807151361058983 0.00932525144874442 0.00658518596565167 0.0072195910823611 0.00204498977505112 0.0100779360386993 0.0126315789473684 0.00618926780961812 0.0073618728604557
"обстоятельство" 0.00435559040027876 0.00957377551411175 0.00451093902714082 0.0100893920132373 0.00399653633517618 0.003951111579391 0 0.00408997955010225 0.00335931201289976 0.0126315789473684 0.0160920963050071 0.00858885167053165
"палате" 0 0.00191475510282235 0 0 0.00266435755678412 0.0526814877252134 0.00866350929883331 0 0.00335931201289976 0 0 0
"памяти" 0.0152445664009757 0.00191475510282235 0.0195474024509435 0 0.00266435755678412 0.00526814877252134 0 0.0081799591002045 0.0100779360386993 0.00421052631578947 0.0111406820573126 0.00613489405037975
"переяславле" 0 0.0248918163366905 0 0 0.00266435755678412 0 0 0 0 0 0.00123785356192362 0.0417172795425823
"племенами" 0.00653338560041814 0 0 0.0100893920132373 0 0 0.00144391821647222 0 0 0 0.0420870211054032 0.00858885167053165
"пользоваться" 0.00871118080055752 0.0038295102056447 0.016540109766183 0.00403575680529491 0.00932525144874442 0.003951111579391 0.00866350929883331 0.0081799591002045 0.013437248051599 0.00421052631578947 0.00371356068577087 0.0024539576201519
"посадника" 0 0.0114885306169341 0 0 0.0279757543462333 0 0 0 0 0 0.00247570712384725 0.025766555011595
"посадников" 0.00871118080055752 0.0038295102056447 0 0 0.0359688270165856 0 0 0 0 0 0.00866497493346537 0.0122697881007595
"почве" 0 0 0.0300729268476054 0.0262324192344169 0.00266435755678412 0.00131703719313033 0.00288783643294444 0 0.0100779360386993 0.00842105263157895 0.00618926780961812 0
"приказе" 0 0 0 0 0.00932525144874442 0.047413338952692 0.0072195910823611 0.00408997955010225 0 0 0 0
"принадлежит" 0.00653338560041814 0.00574426530846705 0.00902187805428163 0.0100893920132373 0.00399653633517618 0.00131703719313033 0.00577567286588888 0.0081799591002045 0 0.0210526315789474 0.009902828495389 0.00368093643022785
"пришлось" 0 0 0.00751823171190136 0.022196662429122 0.00133217877839206 0.007902223158782 0.00433175464941666 0.016359918200409 0.0235151840902983 0.0105263157894737 0.00123785356192362 0.00368093643022785
"псков" 0 0.00574426530846705 0 0 0.0159861453407047 0 0.0245466096800277 0 0.0201558720773985 0.00842105263157895 0.00618926780961812 0.00368093643022785
"пскове" 0.00435559040027876 0.0038295102056447 0 0 0.0306401119030174 0.00263407438626067 0.01299526394825 0.00204498977505112 0.00671862402579952 0.00421052631578947 0.00371356068577087 0.0049079152403038
"решение" 0 0 0.00451093902714082 0.00605363520794237 0.0066608938919603 0.019755557896955 0.00433175464941666 0.0081799591002045 0.00671862402579952 0.0126315789473684 0.00618926780961812 0.0049079152403038
"рублей" 0 0 0 0 0.00399653633517618 0.00526814877252134 0.0490932193600554 0.0102249488752556 0 0.00842105263157895 0 0
"серебра" 0.0239557472015332 0.0172327959254011 0 0 0.00532871511356824 0 0.0158831003811944 0 0 0 0.00618926780961812 0.0122697881007595
"славянские" 0.0413781088026482 0 0.00300729268476054 0.00605363520794237 0.00133217877839206 0 0 0 0 0 0.0309463390480906 0
"существование" 0 0 0.0270656341628449 0.0242145408317695 0 0.00263407438626067 0.00433175464941666 0.00408997955010225 0.00335931201289976 0.0168421052631579 0.0049514142476945 0
"счет" 0 0 0.00451093902714082 0.0141251488185322 0.00133217877839206 0.00131703719313033 0.00144391821647222 0.00613496932515337 0 0.0147368421052632 0.019805656990778 0.0134967669108354
"сыновьями" 0 0.0076590204112894 0 0 0.00266435755678412 0.00263407438626067 0 0.00204498977505112 0 0 0.0111406820573126 0.0392633219224304
"хочу" 0.00217779520013938 0.0210623061310458 0.00150364634238027 0.00201787840264746 0 0.00131703719313033 0 0 0.00335931201289976 0 0.0136163891811599 0.0282205126317468
"язык" 0.0261335424016725 0.0038295102056447 0.0105255243966619 0.00807151361058983 0.00799307267035236 0.003951111579391 0.0115513457317778 0 0.00335931201289976 0.00210526315789474 0.00618926780961812 0.00122697881007595
"актах" 0 0 0 0 0.0426297209085459 0.019755557896955 0 0 0.00335931201289976 0.00210526315789474 0 0
"англичане" 0.00217779520013938 0.00191475510282235 0.00150364634238027 0.00605363520794237 0 0 0.0447614647106388 0.016359918200409 0.00671862402579952 0.00210526315789474 0.00123785356192362 0
"возвратиться" 0.0239557472015332 0.0172327959254011 0 0 0 0.00131703719313033 0.00433175464941666 0.00204498977505112 0 0 0.0123785356192362 0.0171777033410633
"всеволоду" 0.00217779520013938 0.0268065714395129 0 0 0.00133217877839206 0 0 0 0 0 0 0.0404903007325063
"выступил" 0.00217779520013938 0.0248918163366905 0.00150364634238027 0 0.00133217877839206 0 0 0.00613496932515337 0.00335931201289976 0 0.009902828495389 0.025766555011595
"георгия" 0 0.0861639796270057 0 0 0 0 0 0 0 0 0.00371356068577087 0.00122697881007595
"греческие" 0.0435559040027876 0.0114885306169341 0.00150364634238027 0.0141251488185322 0.00266435755678412 0 0 0.00204498977505112 0 0 0.0148542427430835 0
"данных" 0 0.00191475510282235 0.0481166829561687 0 0.00133217877839206 0.003951111579391 0.00144391821647222 0.00613496932515337 0.00671862402579952 0.0105263157894737 0.00123785356192362 0
"дворцового" 0 0 0 0 0.0492906148005062 0.007902223158782 0.00144391821647222 0.00613496932515337 0 0.00421052631578947 0 0
"действие" 0.0108889760006969 0.00957377551411175 0.00451093902714082 0.00403575680529491 0.0133217877839206 0.0131703719313033 0.00433175464941666 0.0081799591002045 0.00671862402579952 0.00631578947368421 0.00247570712384725 0
"европейских" 0.00871118080055752 0 0.00601458536952109 0.0464112032608915 0.00133217877839206 0 0.0115513457317778 0 0 0.00631578947368421 0.00618926780961812 0.00122697881007595
"зла" 0.00435559040027876 0.00957377551411175 0.00300729268476054 0 0 0.00131703719313033 0 0.0102249488752556 0.00335931201289976 0 0.00742712137154175 0.0331284278720506
"исследования" 0.00217779520013938 0.00191475510282235 0.0405984512442674 0.00605363520794237 0.00266435755678412 0 0.00144391821647222 0.00204498977505112 0 0.0252631578947368 0.00123785356192362 0
"киевских" 0.017422361601115 0.0287213265423352 0 0 0.0159861453407047 0.00131703719313033 0 0 0 0.00210526315789474 0.00742712137154175 0.0073618728604557
"компания" 0 0 0 0 0 0.00131703719313033 0.0664202379577221 0.00408997955010225 0 0 0 0
"леса" 0.0108889760006969 0.0076590204112894 0 0 0.00532871511356824 0.003951111579391 0.0245466096800277 0 0.013437248051599 0.00842105263157895 0.00866497493346537 0.00122697881007595
"литературы" 0 0 0.0466130366137884 0.0262324192344169 0 0 0 0.00204498977505112 0.00335931201289976 0.00631578947368421 0 0
"лошадей" 0.00653338560041814 0.00574426530846705 0 0 0 0.00263407438626067 0.0317662007623888 0.00204498977505112 0 0.00210526315789474 0.00866497493346537 0.0122697881007595
"назывались" 0.0217779520013938 0.0038295102056447 0 0.00605363520794237 0.0186505028974888 0.00921926035191234 0.0072195910823611 0.00204498977505112 0 0.00631578947368421 0.0049514142476945 0
"научного" 0 0 0.0586422073528306 0.00807151361058983 0 0.00131703719313033 0 0 0.00335931201289976 0.00842105263157895 0 0
"первая" 0.0130667712008363 0.00574426530846705 0.0150364634238027 0.00403575680529491 0.00799307267035236 0.00526814877252134 0 0.00408997955010225 0.0100779360386993 0.0126315789473684 0.00742712137154175 0.00122697881007595
"половину" 0.00217779520013938 0.00191475510282235 0 0.0141251488185322 0.00532871511356824 0.007902223158782 0.0115513457317778 0 0.0167965600644988 0.0168421052631579 0.0049514142476945 0.00613489405037975
"принадлежали" 0.0130667712008363 0.0038295102056447 0.00150364634238027 0.00605363520794237 0.0173183241190968 0.00526814877252134 0.0072195910823611 0 0.00671862402579952 0.00631578947368421 0.00618926780961812 0.00613489405037975
"различных" 0 0 0.0210510487933238 0.00201787840264746 0.0106574302271365 0.00131703719313033 0.00433175464941666 0.0081799591002045 0.00335931201289976 0.0231578947368421 0.00618926780961812 0.00122697881007595
"рассказывает" 0.0108889760006969 0.00574426530846705 0.00150364634238027 0 0.0159861453407047 0.007902223158782 0.0144391821647222 0.0081799591002045 0.00335931201289976 0.00210526315789474 0.00742712137154175 0
"рубл" 0 0 0 0 0 0 0.0707519926071387 0 0 0 0 0
"сл" 0 0 0.00150364634238027 0 0.0199826816758809 0.0381940786007797 0.00577567286588888 0 0 0 0 0
"след" 0 0.00191475510282235 0.0255619878204646 0 0.0066608938919603 0.00263407438626067 0.0231026914635555 0 0.00335931201289976 0.00631578947368421 0.0049514142476945 0
"следствия" 0.0108889760006969 0.0134032857197564 0.0120291707390422 0.00403575680529491 0 0.003951111579391 0 0.0081799591002045 0.0100779360386993 0 0.0136163891811599 0.0073618728604557
"службе" 0.00435559040027876 0 0 0 0.0173183241190968 0.0210725950900853 0.0072195910823611 0.00613496932515337 0.013437248051599 0 0.00371356068577087 0.00368093643022785
"собрание" 0.00653338560041814 0.00574426530846705 0.00451093902714082 0.00605363520794237 0.0133217877839206 0.0131703719313033 0.00288783643294444 0.00408997955010225 0.0201558720773985 0.0105263157894737 0.00247570712384725 0
"состояния" 0.0108889760006969 0.00191475510282235 0.0285692805052252 0.00201787840264746 0.0066608938919603 0.003951111579391 0.0158831003811944 0 0.00335931201289976 0.00210526315789474 0.00247570712384725 0
"требовал" 0.0239557472015332 0.0516983877762034 0 0 0 0.00131703719313033 0.00144391821647222 0.0081799591002045 0 0 0.0049514142476945 0.00122697881007595
"упоминается" 0.0196001568012544 0.00574426530846705 0.00451093902714082 0 0.00133217877839206 0 0 0.00204498977505112 0 0.00421052631578947 0.0173299498669307 0.0196316609612152
"хотим" 0.00871118080055752 0.0153180408225788 0.00451093902714082 0 0.00399653633517618 0.00131703719313033 0 0.00408997955010225 0 0 0.00618926780961812 0.0282205126317468
"целого" 0 0.00191475510282235 0.0180437561085633 0.0121072704158847 0.00399653633517618 0.00658518596565167 0.00288783643294444 0.00204498977505112 0.00671862402579952 0.0147368421052632 0.00742712137154175 0.0049079152403038
"взяв" 0.00871118080055752 0.0536131428790258 0.00150364634238027 0 0.00532871511356824 0.00131703719313033 0.00433175464941666 0 0.00671862402579952 0.00631578947368421 0.00123785356192362 0.00122697881007595
"воевод" 0.00217779520013938 0.0076590204112894 0 0 0.00399653633517618 0.0329259298282584 0.00866350929883331 0.0081799591002045 0 0 0.00123785356192362 0.0049079152403038
"дочь" 0.00435559040027876 0.0344655918508023 0.00150364634238027 0.00201787840264746 0.00133217877839206 0 0.00144391821647222 0.0184049079754601 0 0 0.00742712137154175 0.0110428092906835
"древляне" 0.0239557472015332 0 0 0 0.00133217877839206 0 0 0 0 0.00210526315789474 0.0433248746673269 0
"зависимость" 0.00217779520013938 0.00191475510282235 0.00300729268476054 0.00807151361058983 0.0106574302271365 0.00263407438626067 0 0.0143149284253579 0.0100779360386993 0.0126315789473684 0.0111406820573126 0.00613489405037975
"закону" 0.0196001568012544 0.00191475510282235 0 0.00807151361058983 0.00399653633517618 0.019755557896955 0 0.00204498977505112 0 0.00421052631578947 0.0136163891811599 0.0024539576201519
"знает" 0.00217779520013938 0.00191475510282235 0.00902187805428163 0 0.00532871511356824 0.00263407438626067 0.0072195910823611 0.0122699386503067 0.00671862402579952 0.00842105263157895 0.0173299498669307 0.00368093643022785
"искусство" 0.0261335424016725 0.00191475510282235 0.016540109766183 0.0121072704158847 0.00133217877839206 0 0.00288783643294444 0.00204498977505112 0.00335931201289976 0.0231578947368421 0.00247570712384725 0
"карла" 0.0130667712008363 0 0.00601458536952109 0.0605363520794237 0 0.00131703719313033 0.00288783643294444 0 0 0 0.00618926780961812 0
"классов" 0 0 0.00751823171190136 0.00605363520794237 0.022647039232665 0.011853334738173 0.00288783643294444 0.00204498977505112 0 0.0231578947368421 0 0
"константинополь" 0.0326669280020907 0.0191475510282235 0 0.00605363520794237 0 0 0.00288783643294444 0.00204498977505112 0 0 0.019805656990778 0.00122697881007595
"культурных" 0 0 0.016540109766183 0.0585184736767762 0 0 0 0.00204498977505112 0 0.0147368421052632 0 0
"курбский" 0 0 0 0 0.00133217877839206 0.0329259298282584 0 0.0122699386503067 0.0537489922063961 0 0 0
"летом" 0.00217779520013938 0.00574426530846705 0 0 0.00133217877839206 0.003951111579391 0.0346540371953333 0.00613496932515337 0.0201558720773985 0.00421052631578947 0.00123785356192362 0.0049079152403038
"миром" 0.00653338560041814 0.00574426530846705 0.00300729268476054 0.0363218112476542 0 0 0.00288783643294444 0.0184049079754601 0.00335931201289976 0.00210526315789474 0.00123785356192362 0.0098158304806076
"названия" 0.00653338560041814 0.00191475510282235 0.0240583414780844 0.00403575680529491 0.0066608938919603 0.00263407438626067 0.0072195910823611 0 0 0.00421052631578947 0.0148542427430835 0
"находятся" 0.0108889760006969 0.00191475510282235 0.0225546951357041 0.0141251488185322 0 0 0.00288783643294444 0.0102249488752556 0 0.0126315789473684 0.00742712137154175 0.00122697881007595
"новую" 0.00653338560041814 0.0076590204112894 0.00451093902714082 0.0282502976370644 0.0066608938919603 0.00526814877252134 0.00433175464941666 0.0102249488752556 0.00335931201289976 0 0.00371356068577087 0.00368093643022785
"одними" 0.00435559040027876 0.0038295102056447 0.0255619878204646 0.00807151361058983 0.00399653633517618 0.00921926035191234 0.00433175464941666 0.00204498977505112 0.00671862402579952 0.00210526315789474 0.00247570712384725 0.0049079152403038
"очевидно" 0 0 0 0.00201787840264746 0.021314860454273 0.0144874091244337 0 0.016359918200409 0.0167965600644988 0.0147368421052632 0 0
"политическим" 0 0 0.0105255243966619 0.0181609056238271 0.0186505028974888 0.0171214835106943 0 0.00408997955010225 0.00335931201289976 0.00421052631578947 0 0
"получить" 0 0 0.00601458536952109 0.00807151361058983 0.0066608938919603 0.00131703719313033 0.00433175464941666 0.00613496932515337 0.0100779360386993 0.00210526315789474 0.0123785356192362 0.0171777033410633
"последним" 0 0 0.00451093902714082 0.0161430272211797 0.00799307267035236 0.00658518596565167 0.00866350929883331 0.0081799591002045 0.0100779360386993 0.00631578947368421 0.00371356068577087 0.00858885167053165
"послу" 0.00217779520013938 0.00957377551411175 0 0 0.00399653633517618 0.00263407438626067 0.0433175464941666 0.00408997955010225 0 0 0 0.00613489405037975
"прежние" 0 0.00574426530846705 0.00451093902714082 0.00403575680529491 0.00932525144874442 0.0144874091244337 0.0115513457317778 0 0 0 0.00866497493346537 0.00858885167053165
"решился" 0.017422361601115 0.0172327959254011 0 0 0 0.00131703719313033 0.00144391821647222 0.00613496932515337 0.013437248051599 0 0.0049514142476945 0.0220856185813671
"римлян" 0.0152445664009757 0 0.00601458536952109 0.0645721088847186 0 0 0 0 0 0.00421052631578947 0.00371356068577087 0
"рук" 0.00653338560041814 0.00191475510282235 0.00601458536952109 0.00403575680529491 0.00532871511356824 0.007902223158782 0.00433175464941666 0.0122699386503067 0.00335931201289976 0.00842105263157895 0.0111406820573126 0.00613489405037975
"сановников" 0 0.00191475510282235 0 0.00201787840264746 0.0346366482381936 0.0144874091244337 0.0072195910823611 0.00613496932515337 0.00335931201289976 0 0 0
"сердце" 0.0239557472015332 0.0248918163366905 0 0.00201787840264746 0.00133217877839206 0 0.00288783643294444 0.00204498977505112 0.00671862402579952 0 0.00618926780961812 0.0147237457209114
"содержания" 0.00217779520013938 0.00191475510282235 0.0285692805052252 0 0.00133217877839206 0.003951111579391 0.0115513457317778 0.00408997955010225 0.0100779360386993 0.00421052631578947 0.009902828495389 0
"сперва" 0.00871118080055752 0.0038295102056447 0 0 0.00532871511356824 0.00263407438626067 0.0101074275153055 0.00204498977505112 0 0 0.009902828495389 0.024539576201519
"строя" 0.00217779520013938 0 0.00751823171190136 0.0100893920132373 0.00799307267035236 0.003951111579391 0 0 0.013437248051599 0.0484210526315789 0.00123785356192362 0
"суть" 0.0239557472015332 0.0076590204112894 0.0150364634238027 0.0100893920132373 0.00133217877839206 0 0.00288783643294444 0.00613496932515337 0 0 0.0148542427430835 0
"считал" 0.00653338560041814 0.0114885306169341 0.00751823171190136 0 0.0106574302271365 0.00526814877252134 0.00144391821647222 0.00408997955010225 0.0100779360386993 0.00631578947368421 0.00742712137154175 0.00858885167053165
"считалось" 0.00435559040027876 0.0038295102056447 0.00451093902714082 0.00403575680529491 0.00932525144874442 0.007902223158782 0.0158831003811944 0.00613496932515337 0 0 0.0148542427430835 0
"тысяцкого" 0 0 0 0 0.0373010057949777 0 0 0 0 0.00210526315789474 0.0049514142476945 0.0184046821511392
"условиях" 0.00653338560041814 0.00191475510282235 0.0150364634238027 0.0100893920132373 0 0.003951111579391 0.00433175464941666 0.0081799591002045 0.00671862402579952 0.0189473684210526 0.00371356068577087 0.00613489405037975
"ушел" 0.00435559040027876 0.0421246122620917 0 0 0 0 0 0 0.00671862402579952 0.00210526315789474 0.0049514142476945 0.0208586397712912
"чести" 0.00871118080055752 0.0229770612338682 0.00300729268476054 0.00201787840264746 0.0066608938919603 0.00921926035191234 0.00288783643294444 0.0102249488752556 0 0 0.00123785356192362 0.0110428092906835
"экономического" 0 0 0.0105255243966619 0.0343039328450068 0.00799307267035236 0.00263407438626067 0 0.00204498977505112 0.00335931201289976 0.0294736842105263 0 0
"элементов" 0 0 0.016540109766183 0.0181609056238271 0.0159861453407047 0.00131703719313033 0.00144391821647222 0.00408997955010225 0 0.0231578947368421 0.00123785356192362 0
"являлись" 0.00435559040027876 0 0.00150364634238027 0 0.0186505028974888 0.00658518596565167 0.00866350929883331 0.00204498977505112 0.00671862402579952 0.0252631578947368 0.00247570712384725 0.00368093643022785
"языке" 0.0196001568012544 0.0038295102056447 0.00601458536952109 0.0121072704158847 0.0159861453407047 0.00526814877252134 0.00144391821647222 0.00613496932515337 0 0 0.00866497493346537 0
"бежать" 0.00217779520013938 0.0153180408225788 0.00150364634238027 0.00403575680529491 0.00133217877839206 0.00263407438626067 0 0 0.00335931201289976 0 0.0111406820573126 0.0269935338216709
"битве" 0.00435559040027876 0.0248918163366905 0.00451093902714082 0.00201787840264746 0 0 0.00144391821647222 0 0 0 0.00866497493346537 0.024539576201519
"боярином" 0.00217779520013938 0.00191475510282235 0 0 0.0373010057949777 0.0131703719313033 0.00144391821647222 0.00204498977505112 0 0 0 0.00613489405037975
"важно" 0.00217779520013938 0 0.0240583414780844 0.0121072704158847 0 0 0 0 0 0.00631578947368421 0.019805656990778 0.00613489405037975
"важные" 0.00217779520013938 0.00191475510282235 0.00300729268476054 0.0100893920132373 0.00932525144874442 0.019755557896955 0.01299526394825 0.00204498977505112 0.00335931201289976 0.00210526315789474 0.0049514142476945 0
"варвары" 0.00871118080055752 0.0229770612338682 0 0.0282502976370644 0.00133217877839206 0 0 0 0 0 0.00618926780961812 0.0134967669108354
"великом" 0.0108889760006969 0.00191475510282235 0.00150364634238027 0.00807151361058983 0.00266435755678412 0.00921926035191234 0.00288783643294444 0.00613496932515337 0.0302338081160978 0.00842105263157895 0.00123785356192362 0.0098158304806076
"внешних" 0.00653338560041814 0.0153180408225788 0.00451093902714082 0.0262324192344169 0.00532871511356824 0.00131703719313033 0.00288783643294444 0.00408997955010225 0 0.00842105263157895 0.00371356068577087 0.0049079152403038
"военные" 0.00217779520013938 0.0076590204112894 0 0.00403575680529491 0.0133217877839206 0.011853334738173 0.00866350929883331 0.00613496932515337 0.013437248051599 0.00421052631578947 0.00618926780961812 0.00122697881007595
"вошел" 0.00871118080055752 0.0210623061310458 0.00150364634238027 0 0 0 0 0.00408997955010225 0.00335931201289976 0.00210526315789474 0.00866497493346537 0.024539576201519
"главные" 0.00871118080055752 0.00191475510282235 0.00601458536952109 0.0141251488185322 0.0066608938919603 0.00921926035191234 0.00866350929883331 0 0.00671862402579952 0.00210526315789474 0.009902828495389 0.0024539576201519
"глазах" 0.00217779520013938 0.00574426530846705 0.00601458536952109 0.00201787840264746 0.00532871511356824 0.011853334738173 0.00144391821647222 0.0102249488752556 0.013437248051599 0.00210526315789474 0.00742712137154175 0.0098158304806076
"государственный" 0.00217779520013938 0 0.00902187805428163 0.00605363520794237 0.00799307267035236 0.023706669476346 0.00144391821647222 0.00408997955010225 0.013437248051599 0.0105263157894737 0.00123785356192362 0
"грамота" 0.0108889760006969 0.00191475510282235 0 0 0.0319722906814094 0.00526814877252134 0 0.0081799591002045 0.00335931201289976 0.0147368421052632 0.00123785356192362 0
"греческий" 0.0239557472015332 0.00574426530846705 0.00601458536952109 0.0282502976370644 0 0 0.00144391821647222 0.00204498977505112 0 0 0.0148542427430835 0.00122697881007595
"данном" 0 0 0.033080219532366 0.0121072704158847 0.00133217877839206 0.00263407438626067 0.00144391821647222 0.016359918200409 0.0100779360386993 0.00631578947368421 0.00123785356192362 0
"делается" 0.00435559040027876 0.00191475510282235 0.0210510487933238 0.0302681760397118 0 0.003951111579391 0.00577567286588888 0.0081799591002045 0 0 0.00123785356192362 0.00368093643022785
"достаточно" 0.00217779520013938 0 0.00601458536952109 0.0121072704158847 0.00399653633517618 0.00921926035191234 0.00433175464941666 0.0122699386503067 0.013437248051599 0.0231578947368421 0.00247570712384725 0
"знаменитого" 0.0217779520013938 0.0268065714395129 0.00300729268476054 0.00605363520794237 0 0.00263407438626067 0.00144391821647222 0.00613496932515337 0.00335931201289976 0.00210526315789474 0.00371356068577087 0.00858885167053165
"компании" 0 0 0 0 0.00266435755678412 0 0.0577567286588888 0.0102249488752556 0 0 0 0
"крепко" 0.00435559040027876 0 0 0.00201787840264746 0.00532871511356824 0.007902223158782 0 0.00204498977505112 0.00671862402579952 0 0.0111406820573126 0.0269935338216709
"личности" 0 0 0.0270656341628449 0.022196662429122 0 0 0 0.00204498977505112 0.00671862402579952 0.0315789473684211 0 0
"мин" 0 0 0 0 0.00932525144874442 0.0408281529870404 0.00288783643294444 0 0 0.0147368421052632 0 0
"несомненно" 0 0.00191475510282235 0.00751823171190136 0.00807151361058983 0.00266435755678412 0.007902223158782 0 0.00408997955010225 0.013437248051599 0.0463157894736842 0.00123785356192362 0
"общественные" 0 0 0.0120291707390422 0.00403575680529491 0.0133217877839206 0.003951111579391 0.00144391821647222 0.00613496932515337 0.00335931201289976 0.0336842105263158 0.00371356068577087 0
"объяснить" 0 0 0.00451093902714082 0.00807151361058983 0.00932525144874442 0.00526814877252134 0.00577567286588888 0.0122699386503067 0.00335931201289976 0.00210526315789474 0.0111406820573126 0.0098158304806076
"обычаи" 0.0217779520013938 0 0.00601458536952109 0 0 0.00526814877252134 0.0072195910823611 0 0.0167965600644988 0.0105263157894737 0.0173299498669307 0
"обычаю" 0.00435559040027876 0.0076590204112894 0 0 0.00266435755678412 0.00526814877252134 0 0.016359918200409 0.0201558720773985 0 0.0148542427430835 0.0110428092906835
"опасности" 0.0108889760006969 0.0134032857197564 0.00150364634238027 0.00201787840264746 0.0066608938919603 0.00921926035191234 0.00288783643294444 0.00613496932515337 0.0268744961031981 0.00421052631578947 0.0049514142476945 0.0024539576201519
"основания" 0.00217779520013938 0.0038295102056447 0.00902187805428163 0.0100893920132373 0.00932525144874442 0.011853334738173 0.00577567286588888 0.00204498977505112 0.00335931201289976 0.00842105263157895 0.00742712137154175 0.00122697881007595
"особо" 0 0 0.00300729268476054 0 0.0133217877839206 0.011853334738173 0.00866350929883331 0.0102249488752556 0.00671862402579952 0.0126315789473684 0.0049514142476945 0.00368093643022785
"отличается" 0.00435559040027876 0 0.016540109766183 0.00403575680529491 0.00266435755678412 0.00263407438626067 0.00577567286588888 0 0 0.0336842105263158 0.009902828495389 0
"отраслей" 0 0 0.00601458536952109 0 0 0.00131703719313033 0.00144391821647222 0 0 0.0842105263157895 0.00123785356192362 0
"поскольку" 0 0 0.0451093902714082 0.00403575680529491 0 0 0 0.00204498977505112 0.0100779360386993 0.0231578947368421 0 0
"причина" 0.00217779520013938 0 0.00902187805428163 0.00403575680529491 0.00399653633517618 0.003951111579391 0.00866350929883331 0.00613496932515337 0 0.0210526315789474 0.00742712137154175 0.00858885167053165
"путей" 0 0 0.00751823171190136 0.0100893920132373 0.0239792180110571 0 0.0115513457317778 0 0.00335931201289976 0.0147368421052632 0.00247570712384725 0.00122697881007595
"разр" 0 0 0 0 0.00399653633517618 0.0579496364977347 0 0 0 0 0 0
"рек" 0.00435559040027876 0.00191475510282235 0.00300729268476054 0.00201787840264746 0.0066608938919603 0.00131703719313033 0.0101074275153055 0.00204498977505112 0.0100779360386993 0.00842105263157895 0.0235192176765489 0.00122697881007595
"российских" 0.0348447232022301 0.0555278979818481 0 0 0 0.00131703719313033 0 0.00204498977505112 0 0 0 0
"сим" 0.0435559040027876 0.0421246122620917 0 0 0 0.003951111579391 0 0.00408997955010225 0 0 0 0
"следствием" 0.00217779520013938 0.00191475510282235 0.00300729268476054 0.00403575680529491 0.00799307267035236 0.0105362975450427 0.00144391821647222 0.00204498977505112 0.0100779360386993 0.00210526315789474 0.0148542427430835 0.0110428092906835
"совету" 0.00653338560041814 0.00191475510282235 0.00150364634238027 0 0.0133217877839206 0.0289748182488673 0 0.00204498977505112 0.00671862402579952 0 0.00247570712384725 0.00613489405037975
"степи" 0.00217779520013938 0.0076590204112894 0 0.00201787840264746 0.00133217877839206 0.00263407438626067 0.0187709368141388 0 0.00335931201289976 0 0.0111406820573126 0.0184046821511392
"столицу" 0.0217779520013938 0.044039367364914 0 0.00605363520794237 0.00133217877839206 0.003951111579391 0.00577567286588888 0.00408997955010225 0.00335931201289976 0 0 0
"удельное" 0 0.00191475510282235 0 0 0.0426297209085459 0.015804446317564 0 0 0 0.00421052631578947 0 0
"христиан" 0.0130667712008363 0.0153180408225788 0 0.00201787840264746 0.00133217877839206 0 0 0.00204498977505112 0 0 0.0185678034288544 0.0184046821511392
"цену" 0.017422361601115 0.00957377551411175 0.00300729268476054 0 0.00399653633517618 0.007902223158782 0.00866350929883331 0.0081799591002045 0.00335931201289976 0 0.0136163891811599 0.00122697881007595
"церквей" 0.00435559040027876 0.0114885306169341 0.00150364634238027 0.00807151361058983 0.00133217877839206 0 0.0274344461129722 0.00613496932515337 0.00335931201289976 0.00210526315789474 0.009902828495389 0.00122697881007595
"человеку" 0.017422361601115 0.0076590204112894 0.00601458536952109 0.0121072704158847 0.00399653633517618 0.00658518596565167 0.00288783643294444 0.0143149284253579 0 0.00631578947368421 0.00247570712384725 0.00368093643022785
"hakl" 0 0 0 0 0 0 0.0678641561741943 0 0 0 0 0
"большинство" 0 0.00191475510282235 0.00300729268476054 0.00605363520794237 0.0146539665623127 0.015804446317564 0.00433175464941666 0 0.00335931201289976 0.0147368421052632 0.00371356068577087 0.00368093643022785
"бывших" 0.00435559040027876 0.0114885306169341 0.00601458536952109 0.0121072704158847 0.0146539665623127 0.003951111579391 0.0115513457317778 0.00204498977505112 0.00335931201289976 0.00210526315789474 0.00247570712384725 0.00122697881007595
"владений" 0.00217779520013938 0 0 0.00807151361058983 0.0066608938919603 0 0.01299526394825 0.00204498977505112 0.00671862402579952 0.00421052631578947 0.0222813641146252 0.0049079152403038
"воли" 0 0.0038295102056447 0.00300729268476054 0.00201787840264746 0.00399653633517618 0.011853334738173 0.00288783643294444 0.0102249488752556 0.0302338081160978 0.0126315789473684 0.00371356068577087 0.0049079152403038
"вятичей" 0.00653338560041814 0.0229770612338682 0 0 0.00532871511356824 0 0 0 0 0 0.019805656990778 0.0134967669108354
"городами" 0.00435559040027876 0.0114885306169341 0.00150364634238027 0.00201787840264746 0.0133217877839206 0.00263407438626067 0.0115513457317778 0.00408997955010225 0.00671862402579952 0.00210526315789474 0.00618926780961812 0.0073618728604557
"думными" 0 0 0 0 0.0106574302271365 0.0460963017595617 0.00433175464941666 0 0 0 0 0
"известны" 0.017422361601115 0.00191475510282235 0.0150364634238027 0.00201787840264746 0.0066608938919603 0.003951111579391 0.00577567286588888 0.0102249488752556 0.00671862402579952 0.00210526315789474 0.0049514142476945 0.0024539576201519
"источники" 0.00871118080055752 0 0.0405984512442674 0.00201787840264746 0.00532871511356824 0 0.00433175464941666 0.00204498977505112 0.0100779360386993 0.00421052631578947 0.00123785356192362 0
"каждая" 0 0 0.0225546951357041 0.0141251488185322 0.00399653633517618 0.003951111579391 0.01299526394825 0 0 0.0147368421052632 0 0.0024539576201519
"княжестве" 0 0.00191475510282235 0 0 0.0479584360221142 0.00263407438626067 0.00433175464941666 0.00204498977505112 0 0 0.00123785356192362 0.0024539576201519
"коих" 0.0566226752036239 0.0248918163366905 0.00150364634238027 0 0.00532871511356824 0.00263407438626067 0 0 0 0 0 0
"крови" 0.00653338560041814 0.0248918163366905 0.00150364634238027 0.00201787840264746 0.00133217877839206 0.00526814877252134 0 0.0143149284253579 0.0100779360386993 0 0.00371356068577087 0.0122697881007595
"кровь" 0.0130667712008363 0.0306360816451576 0 0.00403575680529491 0.00133217877839206 0.00131703719313033 0 0.0081799591002045 0.00671862402579952 0 0.0049514142476945 0.0122697881007595
"литературе" 0 0 0.0315765731899857 0.0141251488185322 0.00266435755678412 0.00131703719313033 0 0.00408997955010225 0 0.0252631578947368 0.00123785356192362 0
"лицо" 0.00435559040027876 0.0038295102056447 0.00601458536952109 0 0.0119896090055285 0.00263407438626067 0.00577567286588888 0.0102249488752556 0.0167965600644988 0.0105263157894737 0.00371356068577087 0.00613489405037975
"многое" 0.00435559040027876 0 0.0240583414780844 0.0121072704158847 0.00799307267035236 0.00526814877252134 0.00144391821647222 0.0081799591002045 0.00671862402579952 0.00631578947368421 0 0.0024539576201519
"мстиславом" 0 0.0153180408225788 0 0 0 0 0 0 0 0 0.0049514142476945 0.0417172795425823
"напрасно" 0.0152445664009757 0.0421246122620917 0 0 0 0.003951111579391 0.00433175464941666 0.0081799591002045 0.00335931201289976 0.00842105263157895 0 0.0024539576201519
"наук" 0.00217779520013938 0 0.049620329298549 0.0100893920132373 0 0.00263407438626067 0 0 0 0.0105263157894737 0 0
"непосредственно" 0.00653338560041814 0 0.0120291707390422 0.00403575680529491 0.00532871511356824 0.011853334738173 0.00577567286588888 0.00613496932515337 0.00335931201289976 0.0105263157894737 0.00866497493346537 0
"неприятелей" 0.045733699202927 0.0402098571592693 0 0 0 0 0.00144391821647222 0 0 0 0 0.00368093643022785
"общему" 0.00871118080055752 0.0153180408225788 0.00751823171190136 0.00605363520794237 0.00266435755678412 0.0105362975450427 0.00144391821647222 0.00613496932515337 0.0167965600644988 0.00421052631578947 0.00247570712384725 0.00368093643022785
"опасность" 0.00871118080055752 0.0153180408225788 0.00451093902714082 0.0100893920132373 0.00266435755678412 0.00658518596565167 0.00144391821647222 0.00408997955010225 0.0335931201289976 0 0.0049514142476945 0.0024539576201519
"особые" 0 0 0.0120291707390422 0.00201787840264746 0.00932525144874442 0.011853334738173 0.00866350929883331 0.00408997955010225 0.00335931201289976 0.0105263157894737 0.00742712137154175 0.00122697881007595
"план" 0 0 0.00902187805428163 0.0100893920132373 0.00133217877839206 0.00658518596565167 0.00577567286588888 0.0122699386503067 0.0167965600644988 0.0273684210526316 0.00123785356192362 0
"получили" 0.00435559040027876 0.0038295102056447 0.00300729268476054 0.00403575680529491 0.00266435755678412 0.00263407438626067 0.00288783643294444 0.0081799591002045 0.0167965600644988 0.00210526315789474 0.0160920963050071 0.0110428092906835
"простого" 0.00217779520013938 0.00957377551411175 0.00601458536952109 0.00605363520794237 0.0119896090055285 0.00658518596565167 0.0115513457317778 0.00204498977505112 0.00335931201289976 0 0.0111406820573126 0
"реку" 0.00653338560041814 0.0134032857197564 0 0.00201787840264746 0.00399653633517618 0 0.00866350929883331 0 0 0 0.00742712137154175 0.024539576201519
"роду" 0.00653338560041814 0.0076590204112894 0 0.00201787840264746 0.0106574302271365 0.00526814877252134 0.00144391821647222 0.0081799591002045 0.0167965600644988 0 0.009902828495389 0.0098158304806076
"свойства" 0.0130667712008363 0.00957377551411175 0.00751823171190136 0.00403575680529491 0.00799307267035236 0.00921926035191234 0 0.0122699386503067 0.0235151840902983 0.00421052631578947 0 0
"семьи" 0 0 0.00150364634238027 0.00201787840264746 0 0.00131703719313033 0 0.0286298568507157 0.0268744961031981 0.0252631578947368 0.009902828495389 0.00122697881007595
"смысл" 0.00217779520013938 0.00191475510282235 0.00902187805428163 0.0161430272211797 0.0066608938919603 0.007902223158782 0 0.0081799591002045 0.0167965600644988 0.00421052631578947 0.00247570712384725 0.0073618728604557
"становится" 0 0 0.00451093902714082 0.00605363520794237 0.0186505028974888 0.015804446317564 0.00144391821647222 0.00204498977505112 0 0.0126315789473684 0.0049514142476945 0.0024539576201519
"существования" 0 0 0.0195474024509435 0.0242145408317695 0 0.00131703719313033 0 0.00204498977505112 0 0.0336842105263158 0.00371356068577087 0
"такому" 0.00653338560041814 0.00191475510282235 0.00601458536952109 0.00807151361058983 0.0066608938919603 0.0105362975450427 0.0072195910823611 0.0081799591002045 0.00671862402579952 0.00421052631578947 0.00618926780961812 0.00368093643022785
"участия" 0.00217779520013938 0.00957377551411175 0.00150364634238027 0.0181609056238271 0.00266435755678412 0.0184385207038247 0 0.00613496932515337 0.013437248051599 0.0105263157894737 0 0.0024539576201519
"частные" 0.00217779520013938 0.00191475510282235 0.00451093902714082 0.0100893920132373 0.0173183241190968 0.0144874091244337 0.00288783643294444 0.0143149284253579 0 0.00631578947368421 0 0
"черниговских" 0 0.0248918163366905 0 0 0.00799307267035236 0 0 0 0 0 0.00123785356192362 0.0319014490619747
"б" 0.00217779520013938 0 0.00300729268476054 0 0.00133217877839206 0.0171214835106943 0.00433175464941666 0.00613496932515337 0.00335931201289976 0.00421052631578947 0.00742712137154175 0.0159507245309874
"бо" 0.00217779520013938 0 0 0 0.00932525144874442 0.00263407438626067 0.0288783643294444 0.0143149284253579 0.00671862402579952 0.00421052631578947 0.0049514142476945 0
"великое" 0.0217779520013938 0.0172327959254011 0.00300729268476054 0.0100893920132373 0.00266435755678412 0.00263407438626067 0.00144391821647222 0.0081799591002045 0.00671862402579952 0.00210526315789474 0.00123785356192362 0.0073618728604557
"врагами" 0.0196001568012544 0.0076590204112894 0 0.00605363520794237 0.00399653633517618 0.00263407438626067 0 0.0081799591002045 0.013437248051599 0 0.00618926780961812 0.0134967669108354
"временем" 0.00435559040027876 0.0076590204112894 0.00751823171190136 0.0141251488185322 0.00799307267035236 0.00658518596565167 0.00577567286588888 0.00613496932515337 0.00671862402579952 0 0.0049514142476945 0.00368093643022785
"вступил" 0.0130667712008363 0.0402098571592693 0 0 0.00133217877839206 0.003951111579391 0.00144391821647222 0.00204498977505112 0.00671862402579952 0 0.00742712137154175 0.0049079152403038
"выгоды" 0.0108889760006969 0.0038295102056447 0.00300729268476054 0 0.0106574302271365 0.003951111579391 0.00866350929883331 0.00204498977505112 0.00335931201289976 0.00421052631578947 0.00618926780961812 0.0122697881007595
"говорится" 0.00217779520013938 0.00191475510282235 0.0240583414780844 0.00605363520794237 0 0 0.00433175464941666 0.00204498977505112 0 0.00421052631578947 0.0222813641146252 0
"государи" 0.017422361601115 0.0076590204112894 0 0.00605363520794237 0.00532871511356824 0.0171214835106943 0.0072195910823611 0.0102249488752556 0 0.00631578947368421 0 0
"государством" 0.00871118080055752 0.00191475510282235 0.00300729268476054 0.0302681760397118 0.00532871511356824 0.003951111579391 0.0072195910823611 0.0102249488752556 0.00671862402579952 0.00421052631578947 0.00247570712384725 0
"дают" 0.00871118080055752 0.00191475510282235 0.00451093902714082 0 0.0106574302271365 0.007902223158782 0.0072195910823611 0.00613496932515337 0 0.0189473684210526 0.00618926780961812 0.00122697881007595
"доходы" 0 0 0 0.00201787840264746 0.0133217877839206 0.00263407438626067 0.0303222825459166 0.00613496932515337 0.0167965600644988 0.00631578947368421 0 0
"европа" 0.00653338560041814 0 0.00601458536952109 0.0504469600661864 0 0 0.0115513457317778 0 0 0 0.00618926780961812 0
"жен" 0.0239557472015332 0.0172327959254011 0 0 0 0.00131703719313033 0 0 0.00671862402579952 0 0.0160920963050071 0.0110428092906835
"земледелие" 0.00217779520013938 0.00191475510282235 0.00150364634238027 0 0.00133217877839206 0 0.0101074275153055 0 0 0.0694736842105263 0.00123785356192362 0
"земледелия" 0.00435559040027876 0 0 0.00403575680529491 0.00133217877839206 0 0.00577567286588888 0 0 0.0736842105263158 0.00123785356192362 0
"иоанн" 0.00871118080055752 0.038295102056447 0 0.00201787840264746 0.00133217877839206 0 0.01299526394825 0.0102249488752556 0.0100779360386993 0 0.00123785356192362 0.00122697881007595
"казани" 0.00217779520013938 0 0 0 0.00133217877839206 0.00526814877252134 0.00866350929883331 0.00613496932515337 0.100779360386993 0 0 0
"канцелярии" 0 0 0 0 0.0106574302271365 0.0487303761458224 0 0 0 0 0 0
"летописях" 0.0370225184023694 0.0229770612338682 0 0 0.00532871511356824 0 0 0.00204498977505112 0.00335931201289976 0.00210526315789474 0.00742712137154175 0.00368093643022785
"любви" 0.0239557472015332 0.0153180408225788 0.00300729268476054 0.00201787840264746 0.00133217877839206 0 0.00288783643294444 0.0102249488752556 0 0.00210526315789474 0.00247570712384725 0.0147237457209114
"младших" 0 0 0 0 0.0066608938919603 0.00131703719313033 0.00144391821647222 0.00408997955010225 0 0 0.0148542427430835 0.0294474914418228
"многими" 0.0196001568012544 0.0114885306169341 0.00451093902714082 0.00807151361058983 0.00133217877839206 0.00263407438626067 0.0072195910823611 0.0102249488752556 0.00671862402579952 0.00421052631578947 0.00247570712384725 0.0049079152403038
"остальных" 0 0 0.00300729268476054 0.00201787840264746 0.00799307267035236 0.003951111579391 0.0115513457317778 0 0.00671862402579952 0 0.0148542427430835 0.0134967669108354
"ответствовал" 0.0217779520013938 0.0670164285987822 0 0 0 0 0 0 0 0 0 0
"переяславля" 0 0.0287213265423352 0 0 0.0066608938919603 0 0 0 0 0 0.00123785356192362 0.0294474914418228
"племянником" 0 0.00574426530846705 0 0 0.00133217877839206 0 0 0.00204498977505112 0 0 0.00247570712384725 0.0466251947828861
"польшу" 0.00217779520013938 0.0248918163366905 0 0.00201787840264746 0 0.00263407438626067 0.00288783643294444 0.00204498977505112 0.00335931201289976 0 0.0123785356192362 0.0171777033410633
"понятий" 0.00217779520013938 0 0.0210510487933238 0.0141251488185322 0.0146539665623127 0.00921926035191234 0.00144391821647222 0 0 0 0.00371356068577087 0.00122697881007595
"престола" 0.00217779520013938 0.0268065714395129 0.00300729268476054 0 0 0.0144874091244337 0.00433175464941666 0.0204498977505112 0.00335931201289976 0 0.00371356068577087 0
"присутствии" 0.00871118080055752 0.0134032857197564 0 0 0.0133217877839206 0.019755557896955 0 0.0081799591002045 0.00671862402579952 0 0.00123785356192362 0.0024539576201519
"происходило" 0.00435559040027876 0.00191475510282235 0.0120291707390422 0.0121072704158847 0.00799307267035236 0.00658518596565167 0.00866350929883331 0.00613496932515337 0.00335931201289976 0 0.00866497493346537 0
"разве" 0.00217779520013938 0.0038295102056447 0.0135328170814224 0.0121072704158847 0.00399653633517618 0.00263407438626067 0.00288783643294444 0.00613496932515337 0.00671862402579952 0 0.00371356068577087 0.0147237457209114
"развитии" 0 0 0.00451093902714082 0.0363218112476542 0.00532871511356824 0.00263407438626067 0.00577567286588888 0.00204498977505112 0.00671862402579952 0.0231578947368421 0 0
"русскими" 0.00435559040027876 0 0 0.00201787840264746 0.00133217877839206 0.00263407438626067 0.0158831003811944 0.00613496932515337 0.00335931201289976 0.00421052631578947 0.0185678034288544 0.00858885167053165
"смотреть" 0 0.00191475510282235 0.00451093902714082 0.0141251488185322 0.00266435755678412 0.003951111579391 0.01299526394825 0.00408997955010225 0.00335931201289976 0 0.0148542427430835 0.00613489405037975
"собственной" 0.0130667712008363 0.00957377551411175 0.00601458536952109 0.00201787840264746 0.00133217877839206 0.007902223158782 0.00144391821647222 0.0102249488752556 0.00335931201289976 0.00842105263157895 0.00866497493346537 0.0049079152403038
"стола" 0 0 0.00150364634238027 0 0.00799307267035236 0.00526814877252134 0.0173270185976666 0 0 0 0.00123785356192362 0.025766555011595
"существовали" 0.00217779520013938 0.0038295102056447 0.0120291707390422 0.022196662429122 0.0066608938919603 0.003951111579391 0.00144391821647222 0.00204498977505112 0.00671862402579952 0.0147368421052632 0.00247570712384725 0.0024539576201519
"существует" 0.00435559040027876 0 0.0315765731899857 0.0181609056238271 0.00133217877839206 0 0 0.00408997955010225 0.00335931201289976 0.0126315789473684 0.00371356068577087 0
"термин" 0 0 0.0421020975866476 0.00403575680529491 0.0119896090055285 0.00526814877252134 0 0.00204498977505112 0 0.00210526315789474 0 0
"усобицы" 0 0 0 0 0.00532871511356824 0 0 0 0 0 0.0136163891811599 0.0368093643022785
"февраля" 0 0.0114885306169341 0.00451093902714082 0 0 0.0131703719313033 0.00144391821647222 0.0388548057259714 0.0100779360386993 0.00631578947368421 0 0
"церковные" 0.0108889760006969 0.0153180408225788 0 0.00403575680529491 0.00799307267035236 0.007902223158782 0.00288783643294444 0.0102249488752556 0.00671862402579952 0.00210526315789474 0.009902828495389 0
"астрахань" 0.00217779520013938 0 0 0 0 0 0.0563128104424165 0.00408997955010225 0.00671862402579952 0 0 0
"ближе" 0.00217779520013938 0 0.0120291707390422 0.00201787840264746 0.00799307267035236 0.00526814877252134 0.0072195910823611 0.00408997955010225 0.00671862402579952 0.0105263157894737 0.00742712137154175 0.0049079152403038
"венгров" 0.00217779520013938 0.0268065714395129 0 0 0 0 0 0 0 0 0.00742712137154175 0.0282205126317468
"верно" 0.00435559040027876 0.00191475510282235 0.0150364634238027 0.00807151361058983 0.00133217877839206 0.003951111579391 0.00288783643294444 0.00204498977505112 0 0.0105263157894737 0.009902828495389 0.00858885167053165
"вотчин" 0 0 0 0 0.00532871511356824 0.0171214835106943 0.0072195910823611 0.0265848670756646 0.0302338081160978 0 0 0
"государева" 0 0 0 0 0.00266435755678412 0.023706669476346 0.01299526394825 0.0224948875255624 0.013437248051599 0 0 0
"грозном" 0.00217779520013938 0 0.00150364634238027 0 0.00532871511356824 0.00526814877252134 0.00144391821647222 0.0245398773006135 0.0671862402579952 0.00210526315789474 0 0
"действовали" 0 0.00191475510282235 0.00451093902714082 0.00201787840264746 0.0146539665623127 0.0131703719313033 0.0072195910823611 0.00613496932515337 0.00671862402579952 0.00631578947368421 0.00123785356192362 0.0049079152403038
"денежного" 0 0 0 0.0121072704158847 0.00133217877839206 0.00263407438626067 0.0101074275153055 0 0 0.0589473684210526 0 0
"дух" 0.0196001568012544 0.0134032857197564 0.00451093902714082 0.0201787840264746 0 0.00131703719313033 0 0.00204498977505112 0.00335931201289976 0.00631578947368421 0.009902828495389 0.00122697881007595
"дядею" 0 0.0229770612338682 0 0 0 0 0 0 0 0 0.0049514142476945 0.0343554066821266
"изд" 0 0 0.0135328170814224 0 0.0133217877839206 0.0210725950900853 0.00144391821647222 0 0 0.0168421052631579 0 0
"киевом" 0.0152445664009757 0.0134032857197564 0 0 0.00532871511356824 0.00263407438626067 0.00144391821647222 0.00204498977505112 0 0 0.00866497493346537 0.0184046821511392
"края" 0 0.00191475510282235 0.00150364634238027 0 0.0239792180110571 0.00658518596565167 0.0187709368141388 0 0.00671862402579952 0.00210526315789474 0 0.00368093643022785
"миру" 0.00435559040027876 0.0153180408225788 0.00751823171190136 0.0302681760397118 0 0.003951111579391 0 0.0081799591002045 0.00335931201289976 0 0.00371356068577087 0.00368093643022785
"момент" 0 0 0.0105255243966619 0.00403575680529491 0.00932525144874442 0.00658518596565167 0.00144391821647222 0.00613496932515337 0.00671862402579952 0.0357894736842105 0 0
"мономахова" 0.00217779520013938 0.0344655918508023 0 0 0.00266435755678412 0 0 0 0 0 0 0.0282205126317468
"надлежало" 0.0370225184023694 0.0287213265423352 0 0.00201787840264746 0 0.00263407438626067 0 0.0122699386503067 0.00671862402579952 0 0.00123785356192362 0
"народонаселения" 0 0 0 0.00201787840264746 0 0 0.0101074275153055 0 0 0 0.0371356068577087 0.0073618728604557
"объявили" 0.00653338560041814 0.0248918163366905 0 0 0.00799307267035236 0.003951111579391 0 0.00204498977505112 0 0 0.00618926780961812 0.0159507245309874
"основание" 0.00653338560041814 0.00574426530846705 0.00601458536952109 0.00403575680529491 0.0066608938919603 0.00921926035191234 0.00433175464941666 0.0122699386503067 0.0100779360386993 0.00631578947368421 0.00247570712384725 0.00368093643022785
"оставалось" 0.00435559040027876 0.00191475510282235 0 0.00201787840264746 0.00799307267035236 0.0144874091244337 0.0072195910823611 0.0081799591002045 0.00335931201289976 0.00631578947368421 0.00371356068577087 0.00858885167053165
"отцов" 0.00217779520013938 0.0114885306169341 0 0.00403575680529491 0.0119896090055285 0.00526814877252134 0 0.00204498977505112 0.00671862402579952 0 0.00742712137154175 0.0159507245309874
"платили" 0.00653338560041814 0.00191475510282235 0 0 0 0 0.0259905278964999 0.00408997955010225 0.00335931201289976 0.0105263157894737 0.0173299498669307 0
"подобных" 0 0.00191475510282235 0.016540109766183 0.00605363520794237 0.00532871511356824 0.003951111579391 0.00433175464941666 0.00613496932515337 0.00671862402579952 0.00421052631578947 0.0123785356192362 0.0024539576201519
"политическую" 0 0 0.00751823171190136 0.0161430272211797 0.0146539665623127 0.019755557896955 0 0.00408997955010225 0.0100779360386993 0 0 0
"помощью" 0.00435559040027876 0 0.00300729268476054 0.00201787840264746 0.0066608938919603 0.00263407438626067 0.00288783643294444 0.0143149284253579 0.0167965600644988 0.00421052631578947 0.00371356068577087 0.0159507245309874
"правительственные" 0 0 0.00150364634238027 0 0.0293079331246253 0.015804446317564 0.00577567286588888 0 0.00671862402579952 0.00210526315789474 0.00247570712384725 0
"предмет" 0.00435559040027876 0 0.0405984512442674 0 0.00266435755678412 0 0.00577567286588888 0.00204498977505112 0.0100779360386993 0.00210526315789474 0.0049514142476945 0
"примечания" 0.00871118080055752 0.00191475510282235 0.00150364634238027 0 0.0159861453407047 0.015804446317564 0.0187709368141388 0 0.00335931201289976 0 0 0
"просить" 0.00435559040027876 0.00574426530846705 0 0.00201787840264746 0.00266435755678412 0.003951111579391 0 0.0102249488752556 0.00335931201289976 0 0.00371356068577087 0.0294474914418228
"прошлом" 0 0 0.0511239756409293 0.00605363520794237 0.00133217877839206 0.00131703719313033 0.00144391821647222 0 0 0.00631578947368421 0 0.00122697881007595
"равным" 0 0.00191475510282235 0.0285692805052252 0.0363218112476542 0 0 0.00144391821647222 0.00204498977505112 0.0100779360386993 0.00210526315789474 0 0
"рады" 0.00435559040027876 0.00574426530846705 0 0 0.00266435755678412 0.00658518596565167 0 0.00408997955010225 0.0806234883095942 0 0.00123785356192362 0.00613489405037975
"рассказе" 0 0 0.00150364634238027 0 0.021314860454273 0.00526814877252134 0 0.00408997955010225 0 0.00421052631578947 0.0185678034288544 0.0049079152403038
"рим" 0.00871118080055752 0.0038295102056447 0.00300729268476054 0.0585184736767762 0 0 0.00288783643294444 0.00204498977505112 0 0.00631578947368421 0 0.00122697881007595
"родом" 0.00653338560041814 0.0076590204112894 0 0.00201787840264746 0.0119896090055285 0 0.00288783643294444 0.0081799591002045 0.00671862402579952 0.00631578947368421 0.0136163891811599 0.00613489405037975
"самая" 0.0152445664009757 0.0076590204112894 0.00300729268476054 0.0121072704158847 0.00399653633517618 0.007902223158782 0.00433175464941666 0.00408997955010225 0.0100779360386993 0.00421052631578947 0.00371356068577087 0.00368093643022785
"самозванца" 0 0 0 0 0 0.00921926035191234 0.00144391821647222 0.0736196319018405 0 0 0 0
"святославом" 0.00871118080055752 0.0172327959254011 0 0 0 0 0 0 0 0 0.00618926780961812 0.0319014490619747
"сем" 0.0522670848033451 0.0287213265423352 0 0 0.00133217877839206 0 0 0.00204498977505112 0.0100779360386993 0 0 0
"славянского" 0.0239557472015332 0 0 0.0161430272211797 0.00133217877839206 0 0 0 0 0 0.029708485486167 0
"составляет" 0 0 0.0270656341628449 0.00605363520794237 0 0.00131703719313033 0.00866350929883331 0 0 0.0210526315789474 0.00742712137154175 0
"спустя" 0 0 0.00300729268476054 0 0.0186505028974888 0.0131703719313033 0.00577567286588888 0.00408997955010225 0.013437248051599 0.00842105263157895 0.0049514142476945 0
"среде" 0 0 0.00751823171190136 0.00605363520794237 0.00799307267035236 0.0105362975450427 0 0.0184049079754601 0.0201558720773985 0.0126315789473684 0 0.00122697881007595
"становился" 0 0 0 0.00403575680529491 0.022647039232665 0.0210725950900853 0 0 0 0.00421052631578947 0.00618926780961812 0.0024539576201519
"старшему" 0 0.0114885306169341 0 0 0.00932525144874442 0.00263407438626067 0 0.00204498977505112 0 0 0.00618926780961812 0.0282205126317468
"удельные" 0 0 0 0 0.0279757543462333 0.0210725950900853 0 0.00204498977505112 0.0100779360386993 0.00631578947368421 0 0
"установить" 0 0 0.0120291707390422 0.00605363520794237 0.00399653633517618 0.011853334738173 0 0.0122699386503067 0.0100779360386993 0.0105263157894737 0.00371356068577087 0.0049079152403038
"югу" 0.0108889760006969 0.00574426530846705 0 0 0 0 0.0144391821647222 0 0 0 0.0309463390480906 0.00122697881007595
"являлся" 0.00217779520013938 0 0 0 0.00932525144874442 0.015804446317564 0.0115513457317778 0.0081799591002045 0.0100779360386993 0.00631578947368421 0.00742712137154175 0
"богу" 0.0239557472015332 0.0172327959254011 0 0.00201787840264746 0 0.00131703719313033 0.00433175464941666 0.0081799591002045 0.00335931201289976 0 0.00123785356192362 0.0147237457209114
"вольных" 0.00435559040027876 0.00191475510282235 0 0 0.0266435755678412 0.00658518596565167 0.00288783643294444 0.0143149284253579 0.00335931201289976 0.00842105263157895 0.00123785356192362 0
"вошли" 0.00217779520013938 0.00574426530846705 0 0.0121072704158847 0.0066608938919603 0.00526814877252134 0.00433175464941666 0.00613496932515337 0.00335931201289976 0 0.0123785356192362 0.00858885167053165
"вторично" 0.00435559040027876 0.0555278979818481 0 0 0.00133217877839206 0.003951111579391 0 0 0 0 0.00123785356192362 0.00858885167053165
"германцев" 0.00217779520013938 0 0 0.0383396896503017 0 0 0 0 0 0.0336842105263158 0.00866497493346537 0
"главными" 0 0.00191475510282235 0.00150364634238027 0.0262324192344169 0.00399653633517618 0.003951111579391 0.0101074275153055 0.00204498977505112 0.00671862402579952 0.00421052631578947 0.00866497493346537 0.00368093643022785
"господство" 0.00871118080055752 0 0.00300729268476054 0.0181609056238271 0.00399653633517618 0 0 0.00204498977505112 0 0.0336842105263158 0.00618926780961812 0.00368093643022785
"готов" 0 0.00957377551411175 0.00300729268476054 0 0.00133217877839206 0.0105362975450427 0.00288783643294444 0.0184049079754601 0.00671862402579952 0 0.009902828495389 0.0073618728604557
"двое" 0.00435559040027876 0 0.00150364634238027 0.00201787840264746 0.0066608938919603 0.00921926035191234 0.0101074275153055 0.00408997955010225 0 0 0.00247570712384725 0.0196316609612152
"действовал" 0 0.00191475510282235 0.00150364634238027 0 0.0133217877839206 0.0131703719313033 0.00144391821647222 0.0122699386503067 0.00671862402579952 0 0.00742712137154175 0.0073618728604557
"занимали" 0.00653338560041814 0.00191475510282235 0 0 0.0186505028974888 0.003951111579391 0.0144391821647222 0 0.00335931201289976 0.00842105263157895 0.00371356068577087 0.0049079152403038
"золота" 0.0283113376018119 0.0268065714395129 0.00150364634238027 0 0 0 0.00433175464941666 0 0 0 0.00742712137154175 0.0073618728604557
"иностранные" 0.00217779520013938 0 0 0 0 0.00263407438626067 0.0447614647106388 0.00408997955010225 0.00671862402579952 0.00210526315789474 0.0049514142476945 0
"летописцы" 0.017422361601115 0.0536131428790258 0 0 0 0 0 0.00613496932515337 0.00671862402579952 0 0.00247570712384725 0
"местного" 0 0 0.00300729268476054 0.00403575680529491 0.0386331845733697 0.00131703719313033 0 0.00204498977505112 0.0201558720773985 0.00421052631578947 0 0
"называли" 0.00871118080055752 0.00191475510282235 0.00451093902714082 0.00807151361058983 0.0066608938919603 0.0131703719313033 0.0144391821647222 0.00613496932515337 0 0.00210526315789474 0.00247570712384725 0
"народом" 0.0108889760006969 0.0229770612338682 0.00300729268476054 0.0181609056238271 0.00266435755678412 0 0.00288783643294444 0.00408997955010225 0.00335931201289976 0 0.009902828495389 0
"нашел" 0.00653338560041814 0.0134032857197564 0.00150364634238027 0.00201787840264746 0.00133217877839206 0 0 0.0143149284253579 0.00671862402579952 0 0.0148542427430835 0.0110428092906835
"носили" 0.0108889760006969 0 0 0.00201787840264746 0.0159861453407047 0.0105362975450427 0.0072195910823611 0.00408997955010225 0 0.00421052631578947 0.009902828495389 0
"олегу" 0.0152445664009757 0.00957377551411175 0 0 0 0 0 0 0 0 0.0148542427430835 0.023312597391443
"ольговичи" 0 0.0210623061310458 0 0 0.00133217877839206 0 0 0 0 0 0 0.0380363431123545
"особую" 0 0 0.0150364634238027 0.0161430272211797 0.00932525144874442 0.003951111579391 0.00144391821647222 0.0081799591002045 0.0100779360386993 0.00210526315789474 0.00371356068577087 0.00368093643022785
"охотно" 0.00871118080055752 0.0153180408225788 0.00451093902714082 0.00605363520794237 0.0066608938919603 0.00131703719313033 0.0101074275153055 0.0081799591002045 0.00671862402579952 0 0.0049514142476945 0.0024539576201519
"падения" 0.00217779520013938 0.0038295102056447 0.00751823171190136 0.0363218112476542 0.0106574302271365 0.00263407438626067 0 0.00204498977505112 0.00335931201289976 0.00421052631578947 0.00371356068577087 0
"писатели" 0.00653338560041814 0 0.00150364634238027 0.00605363520794237 0.00399653633517618 0.00131703719313033 0.0187709368141388 0.0102249488752556 0 0.00210526315789474 0.0160920963050071 0
"получив" 0 0.00957377551411175 0 0.00403575680529491 0.00532871511356824 0.00263407438626067 0.00433175464941666 0.00613496932515337 0.00671862402579952 0 0.0049514142476945 0.0220856185813671
"посылал" 0.00435559040027876 0.00191475510282235 0 0 0.00532871511356824 0.003951111579391 0.01299526394825 0.00613496932515337 0 0 0.0049514142476945 0.0208586397712912
"представителей" 0 0 0.00300729268476054 0.00605363520794237 0.0119896090055285 0.019755557896955 0.00433175464941666 0.00613496932515337 0.0100779360386993 0.00631578947368421 0.00247570712384725 0
"приблизительно" 0 0 0.00451093902714082 0.0141251488185322 0.00799307267035236 0.003951111579391 0.00433175464941666 0.0143149284253579 0.013437248051599 0.0147368421052632 0.00371356068577087 0
"происходит" 0.00435559040027876 0.00191475510282235 0.0210510487933238 0.0201787840264746 0.00133217877839206 0 0.00866350929883331 0 0 0.00842105263157895 0.00618926780961812 0
"пять" 0.0108889760006969 0.0076590204112894 0.00150364634238027 0.00201787840264746 0.00399653633517618 0.00263407438626067 0.00288783643294444 0.0081799591002045 0.00335931201289976 0.00421052631578947 0.009902828495389 0.0122697881007595
"распоряжения" 0 0 0 0 0.00532871511356824 0.019755557896955 0.0072195910823611 0.0102249488752556 0.00335931201289976 0 0.00371356068577087 0.0122697881007595
"рать" 0 0.0191475510282235 0 0 0.00133217877839206 0 0 0.0081799591002045 0.0235151840902983 0 0.00123785356192362 0.024539576201519
"резко" 0 0 0.00300729268476054 0.0100893920132373 0.00266435755678412 0.00263407438626067 0.01299526394825 0.00204498977505112 0 0.0294736842105263 0.00742712137154175 0.0024539576201519
"силой" 0 0 0.00150364634238027 0.0100893920132373 0.0133217877839206 0.015804446317564 0.00144391821647222 0.00204498977505112 0.013437248051599 0.0189473684210526 0 0
"служилым" 0 0 0 0 0.0173183241190968 0.00921926035191234 0.0187709368141388 0.0143149284253579 0.0100779360386993 0 0 0
"список" 0 0 0.00601458536952109 0 0.0266435755678412 0.015804446317564 0.00577567286588888 0.00204498977505112 0 0.00421052631578947 0 0
"сразу" 0 0 0.00601458536952109 0.00807151361058983 0 0.00131703719313033 0 0.0245398773006135 0.0369524321418973 0.0231578947368421 0 0
"суздаль" 0 0.0268065714395129 0 0 0.00133217877839206 0 0 0 0.00335931201289976 0 0.00618926780961812 0.0269935338216709
"тысяцкий" 0 0 0 0 0.0279757543462333 0 0 0 0 0 0.00866497493346537 0.0184046821511392
"указывают" 0.00217779520013938 0 0.00150364634238027 0.00403575680529491 0.0106574302271365 0.00526814877252134 0.0187709368141388 0.00204498977505112 0 0.00421052631578947 0.0111406820573126 0.0024539576201519
"умели" 0.0283113376018119 0.00574426530846705 0.00150364634238027 0.00201787840264746 0.00266435755678412 0.00658518596565167 0.0101074275153055 0.0081799591002045 0.00671862402579952 0 0.00247570712384725 0.00368093643022785
"устройстве" 0 0 0.00300729268476054 0 0.0159861453407047 0.019755557896955 0.0144391821647222 0.00204498977505112 0.0100779360386993 0 0 0
"царевич" 0 0.0038295102056447 0 0 0 0.00263407438626067 0 0.0777096114519427 0.00335931201289976 0 0 0
"челобитной" 0 0 0 0 0.00133217877839206 0.0500474133389527 0.00288783643294444 0.00408997955010225 0 0 0 0
"черных" 0.00435559040027876 0.0114885306169341 0 0 0.0106574302271365 0.00131703719313033 0 0.00204498977505112 0.00335931201289976 0.0168421052631579 0.00371356068577087 0.0159507245309874
"числу" 0.00217779520013938 0.0038295102056447 0.0135328170814224 0.00403575680529491 0.0106574302271365 0.00526814877252134 0.0101074275153055 0.00408997955010225 0.00671862402579952 0.0105263157894737 0 0.00122697881007595
"шуйского" 0 0 0 0 0.00133217877839206 0.03951111579391 0.00144391821647222 0.0102249488752556 0.0167965600644988 0.00210526315789474 0 0
"античного" 0 0 0.00601458536952109 0.0766793793006033 0 0 0 0 0 0 0 0
"балтийского" 0.0370225184023694 0.00191475510282235 0 0.00807151361058983 0 0 0.00288783643294444 0 0.00671862402579952 0 0.019805656990778 0
"берегов" 0.017422361601115 0.00574426530846705 0.00150364634238027 0.00605363520794237 0.00266435755678412 0 0.00577567286588888 0 0.00335931201289976 0 0.0222813641146252 0.0024539576201519
"борисе" 0 0 0 0 0.00133217877839206 0 0.00288783643294444 0.0715746421267894 0.00335931201289976 0 0.00247570712384725 0.00122697881007595
"возможно" 0 0 0.0225546951357041 0.00807151361058983 0.0106574302271365 0.00263407438626067 0 0.0102249488752556 0.013437248051599 0.00842105263157895 0 0
"воины" 0.0304891328019513 0.0306360816451576 0 0 0 0 0.00144391821647222 0 0 0 0.0123785356192362 0.00122697881007595
"вслед" 0.00217779520013938 0.0153180408225788 0 0.00201787840264746 0.00932525144874442 0.003951111579391 0.00288783643294444 0.00204498977505112 0.00671862402579952 0.00210526315789474 0.00371356068577087 0.0159507245309874
"границу" 0.00217779520013938 0.0038295102056447 0 0 0.00133217877839206 0.003951111579391 0.0187709368141388 0.00613496932515337 0.013437248051599 0.00210526315789474 0.0136163891811599 0.00368093643022785
"дворцовой" 0 0 0 0 0.022647039232665 0.00526814877252134 0.00433175464941666 0.0224948875255624 0.0167965600644988 0.00421052631578947 0 0
"долгое" 0.0152445664009757 0.0172327959254011 0 0.0242145408317695 0.00133217877839206 0.00131703719313033 0.00288783643294444 0 0.00335931201289976 0.00842105263157895 0.0049514142476945 0.00122697881007595
"дьяком" 0 0 0 0 0.0106574302271365 0.03951111579391 0.00288783643294444 0.00204498977505112 0.00335931201289976 0 0 0
"дядю" 0 0.0153180408225788 0 0 0.00399653633517618 0 0 0 0.00671862402579952 0 0 0.0355823854922026
"ехать" 0.00435559040027876 0.0134032857197564 0 0 0 0.00131703719313033 0.0072195910823611 0.00204498977505112 0.00671862402579952 0 0.00123785356192362 0.0282205126317468
"землевладельцы" 0 0 0 0.00201787840264746 0.0199826816758809 0.003951111579391 0.00144391821647222 0.016359918200409 0.00671862402579952 0.0252631578947368 0 0
"княжеский" 0.00217779520013938 0.0306360816451576 0 0 0.0133217877839206 0 0 0.00613496932515337 0.00671862402579952 0 0.00866497493346537 0.00368093643022785
"конец" 0.00871118080055752 0.00574426530846705 0.00300729268476054 0.0181609056238271 0.0066608938919603 0.00263407438626067 0.00144391821647222 0.0102249488752556 0.0100779360386993 0.00421052631578947 0.00742712137154175 0
"курбского" 0.00217779520013938 0 0 0 0.00266435755678412 0.0302918554419977 0.00144391821647222 0.00204498977505112 0.0470303681805966 0 0 0
"лошади" 0 0.00574426530846705 0.00150364634238027 0 0 0 0.0245466096800277 0 0 0.00210526315789474 0.0136163891811599 0.0110428092906835
"масса" 0 0 0.00451093902714082 0.022196662429122 0.00399653633517618 0 0.00433175464941666 0.0204498977505112 0.00671862402579952 0.0210526315789474 0 0
"мелкие" 0 0.00191475510282235 0.00300729268476054 0.0181609056238271 0.0133217877839206 0.00526814877252134 0.00577567286588888 0.0122699386503067 0.0100779360386993 0.00631578947368421 0 0
"новыми" 0.00871118080055752 0.0038295102056447 0.00300729268476054 0.00403575680529491 0.00932525144874442 0.0144874091244337 0.00577567286588888 0 0.013437248051599 0.00421052631578947 0.00247570712384725 0.0024539576201519
"обстоятельствах" 0.00217779520013938 0.00574426530846705 0.00150364634238027 0.00201787840264746 0.0106574302271365 0.007902223158782 0 0.00408997955010225 0 0 0.0136163891811599 0.0110428092906835
"особое" 0 0 0.0120291707390422 0.0201787840264746 0.0106574302271365 0.00526814877252134 0.00288783643294444 0 0.00671862402579952 0.00421052631578947 0.00371356068577087 0.00368093643022785
"палаты" 0.00217779520013938 0 0.00451093902714082 0 0.00133217877839206 0.0289748182488673 0.0144391821647222 0.0102249488752556 0 0 0 0
"подробности" 0.00217779520013938 0 0.00902187805428163 0.00605363520794237 0.00266435755678412 0.00658518596565167 0.0101074275153055 0.00613496932515337 0.00335931201289976 0.0147368421052632 0.00742712137154175 0.00122697881007595
"поля" 0.00653338560041814 0.0038295102056447 0 0.00201787840264746 0.00266435755678412 0.00131703719313033 0.0144391821647222 0.016359918200409 0.0302338081160978 0.00210526315789474 0.00247570712384725 0.00368093643022785
"прежней" 0.00217779520013938 0.00191475510282235 0.00451093902714082 0.00807151361058983 0.00799307267035236 0.015804446317564 0.00866350929883331 0 0.00335931201289976 0.00210526315789474 0 0.00858885167053165
"преимуществу" 0 0 0.0105255243966619 0.0121072704158847 0.00266435755678412 0.003951111579391 0 0.00408997955010225 0 0.0189473684210526 0.0111406820573126 0.0049079152403038
"простых" 0 0.0038295102056447 0.00902187805428163 0.00403575680529491 0.0106574302271365 0.015804446317564 0.00577567286588888 0.00613496932515337 0.00335931201289976 0.00210526315789474 0.00123785356192362 0.0024539576201519
"прошлое" 0 0 0.0556349146680701 0.00201787840264746 0.00133217877839206 0 0 0 0 0.00421052631578947 0 0.00122697881007595
"раза" 0.00435559040027876 0.0191475510282235 0 0 0.00266435755678412 0.00526814877252134 0.0115513457317778 0 0 0.00842105263157895 0.0049514142476945 0.0098158304806076
"разным" 0.00217779520013938 0 0.00902187805428163 0.00605363520794237 0.0119896090055285 0.007902223158782 0.00866350929883331 0.00204498977505112 0 0.00210526315789474 0.00618926780961812 0.0049079152403038
"результате" 0 0 0.0180437561085633 0.00807151361058983 0 0 0 0.00408997955010225 0.00335931201289976 0.0484210526315789 0 0
"российские" 0.0609782656039026 0.0248918163366905 0 0 0 0.00131703719313033 0 0 0 0 0 0
"русское" 0.00653338560041814 0.00191475510282235 0.00300729268476054 0.00403575680529491 0.00399653633517618 0.003951111579391 0.00433175464941666 0.0081799591002045 0.00335931201289976 0.0105263157894737 0.0173299498669307 0.00122697881007595
"святополку" 0.00435559040027876 0.0191475510282235 0 0 0.00399653633517618 0 0 0 0.00335931201289976 0 0.00371356068577087 0.0282205126317468
"сделался" 0.0130667712008363 0.0268065714395129 0.00451093902714082 0.0121072704158847 0.00266435755678412 0.00131703719313033 0.00433175464941666 0.00204498977505112 0.00335931201289976 0 0.0049514142476945 0.00122697881007595
"сидеть" 0.00217779520013938 0.0038295102056447 0 0 0.0066608938919603 0.0210725950900853 0.00288783643294444 0 0.00335931201289976 0 0.00371356068577087 0.0147237457209114
"силами" 0.00435559040027876 0.0134032857197564 0.00150364634238027 0.00201787840264746 0.0066608938919603 0 0.00144391821647222 0 0 0.00631578947368421 0.0148542427430835 0.0122697881007595
"собственных" 0.00871118080055752 0.0114885306169341 0.0120291707390422 0.00605363520794237 0.00532871511356824 0.0105362975450427 0 0.00204498977505112 0 0.00631578947368421 0.0049514142476945 0.00122697881007595
"средствами" 0 0.00191475510282235 0.00451093902714082 0.00403575680529491 0.0133217877839206 0.00658518596565167 0.0115513457317778 0.00408997955010225 0.00671862402579952 0.00842105263157895 0.00618926780961812 0
"сторона" 0.00217779520013938 0 0.00751823171190136 0.00807151361058983 0.00266435755678412 0.007902223158782 0.00577567286588888 0.00408997955010225 0.013437248051599 0.00631578947368421 0.00247570712384725 0.0110428092906835
"холопа" 0 0.0153180408225788 0 0 0 0.00658518596565167 0.00144391821647222 0.0081799591002045 0.00671862402579952 0.0231578947368421 0.0136163891811599 0
"царствования" 0 0 0 0 0.00266435755678412 0.019755557896955 0.0101074275153055 0.016359918200409 0.0335931201289976 0 0 0
"целовали" 0 0.00957377551411175 0 0 0.00266435755678412 0.00263407438626067 0 0.00408997955010225 0.00671862402579952 0 0.00123785356192362 0.0343554066821266
"целые" 0.0108889760006969 0 0.0120291707390422 0.0100893920132373 0.00266435755678412 0.0131703719313033 0.00144391821647222 0.00613496932515337 0.0100779360386993 0 0.00371356068577087 0.0024539576201519
"чернигове" 0 0.0134032857197564 0 0 0.00133217877839206 0.00131703719313033 0 0.00204498977505112 0 0 0.0049514142476945 0.0343554066821266
"черные" 0 0.00957377551411175 0 0 0.00932525144874442 0 0 0.00408997955010225 0.00335931201289976 0.0147368421052632 0 0.024539576201519
"читаем" 0 0 0 0.00201787840264746 0.0146539665623127 0.00921926035191234 0.00144391821647222 0.00613496932515337 0 0 0.0185678034288544 0.0049079152403038
"элемент" 0 0 0.00902187805428163 0.0161430272211797 0.0133217877839206 0.003951111579391 0.00144391821647222 0 0.013437248051599 0.0126315789473684 0.0049514142476945 0
"явлениями" 0.00217779520013938 0 0.0240583414780844 0.00807151361058983 0.00532871511356824 0.003951111579391 0.00433175464941666 0 0 0.0168421052631579 0.00371356068577087 0
"внимания" 0.00435559040027876 0 0.0135328170814224 0.00201787840264746 0.00532871511356824 0.003951111579391 0.0101074275153055 0.0081799591002045 0 0.00631578947368421 0.00866497493346537 0.00122697881007595
"галицкий" 0 0.0344655918508023 0 0 0.00399653633517618 0 0 0 0 0 0 0.024539576201519
"годом" 0 0 0 0.00201787840264746 0 0 0 0.00613496932515337 0.00335931201289976 0.00421052631578947 0.019805656990778 0.0220856185813671
"давид" 0 0.0727606939072493 0 0 0.00133217877839206 0 0 0 0 0 0.00123785356192362 0.00122697881007595
"доныне" 0.0653338560041814 0.0191475510282235 0 0 0 0 0 0.00204498977505112 0 0 0 0
"другу" 0.00653338560041814 0.0076590204112894 0.00150364634238027 0 0.0106574302271365 0.003951111579391 0.00144391821647222 0.0081799591002045 0 0.00421052631578947 0.00742712137154175 0.0110428092906835
"думного" 0 0 0 0 0.0119896090055285 0.0408281529870404 0 0.00204498977505112 0 0 0 0
"единство" 0.00217779520013938 0.00191475510282235 0.0105255243966619 0.0262324192344169 0.00266435755678412 0 0 0.00408997955010225 0 0 0.0136163891811599 0.0049079152403038
"епископа" 0.00653338560041814 0.0248918163366905 0 0.00201787840264746 0.0119896090055285 0.00131703719313033 0 0 0 0.00210526315789474 0.00742712137154175 0.00858885167053165
"жены" 0.0130667712008363 0.00574426530846705 0 0 0 0.00131703719313033 0 0.0204498977505112 0.0167965600644988 0.00210526315789474 0.0111406820573126 0.0073618728604557
"западных" 0.00217779520013938 0 0.00451093902714082 0.0121072704158847 0 0.00131703719313033 0.0115513457317778 0 0.00671862402579952 0.00631578947368421 0.0173299498669307 0.00368093643022785
"записи" 0.00217779520013938 0 0.00902187805428163 0 0.0106574302271365 0.0210725950900853 0 0.0184049079754601 0.00335931201289976 0 0 0
"зачем" 0 0.00191475510282235 0 0 0.00133217877839206 0.011853334738173 0.00144391821647222 0.00204498977505112 0.00335931201289976 0 0.0123785356192362 0.0208586397712912
"земских" 0.00435559040027876 0 0.00150364634238027 0.00201787840264746 0.0146539665623127 0.0105362975450427 0.00144391821647222 0.00613496932515337 0.0167965600644988 0.0126315789473684 0.00247570712384725 0.00122697881007595
"империя" 0.00653338560041814 0 0 0.070625744092661 0 0 0 0 0 0.00210526315789474 0.00247570712384725 0
"источник" 0.00871118080055752 0 0.0210510487933238 0.00605363520794237 0.00799307267035236 0.00658518596565167 0.00288783643294444 0.0081799591002045 0 0.00631578947368421 0 0
"культура" 0 0 0.0240583414780844 0.0423754464555966 0.00133217877839206 0 0 0.00204498977505112 0.00335931201289976 0.00210526315789474 0 0
"местом" 0 0.0038295102056447 0.00751823171190136 0.00403575680529491 0.00932525144874442 0.007902223158782 0.01299526394825 0.00613496932515337 0.00335931201289976 0 0.00742712137154175 0
"названием" 0.00653338560041814 0 0.0120291707390422 0.00403575680529491 0.0159861453407047 0.003951111579391 0.0072195910823611 0 0.00335931201289976 0.00631578947368421 0.00371356068577087 0.00122697881007595
"начинает" 0 0 0.00451093902714082 0.00807151361058983 0.00266435755678412 0.00263407438626067 0.00288783643294444 0 0.00335931201289976 0.0168421052631579 0.0173299498669307 0.00613489405037975
"нашему" 0.00871118080055752 0.00574426530846705 0.00902187805428163 0 0.00266435755678412 0.00526814877252134 0.00144391821647222 0.0143149284253579 0 0.00210526315789474 0.00618926780961812 0.0098158304806076
"необходимости" 0 0.00191475510282235 0.00902187805428163 0.00807151361058983 0.00133217877839206 0.007902223158782 0.00144391821647222 0.0122699386503067 0.0167965600644988 0.00421052631578947 0.00866497493346537 0.0024539576201519
"никак" 0 0.00191475510282235 0.0195474024509435 0.00201787840264746 0.00133217877839206 0 0.00288783643294444 0.00204498977505112 0.00335931201289976 0 0.00866497493346537 0.0171777033410633
"пленников" 0.0130667712008363 0.0229770612338682 0 0 0.00133217877839206 0.00263407438626067 0 0 0.00335931201289976 0 0.0111406820573126 0.0122697881007595
"подобного" 0.00217779520013938 0.00574426530846705 0.0300729268476054 0.00605363520794237 0.00532871511356824 0.00131703719313033 0.00288783643294444 0.00613496932515337 0 0.00421052631578947 0.00123785356192362 0.00122697881007595
"полоцк" 0.0152445664009757 0.0114885306169341 0 0 0.00133217877839206 0 0.00288783643294444 0.00204498977505112 0.013437248051599 0 0.0136163891811599 0.0110428092906835
"польше" 0.00871118080055752 0.0134032857197564 0 0 0.00133217877839206 0.00263407438626067 0.00433175464941666 0.0102249488752556 0.013437248051599 0 0.0123785356192362 0.00613489405037975
"прежнее" 0 0 0.00451093902714082 0 0.0119896090055285 0.007902223158782 0.0101074275153055 0.00408997955010225 0.00671862402579952 0 0.00742712137154175 0.0073618728604557
"пришла" 0.00217779520013938 0 0 0.0141251488185322 0 0 0 0.00408997955010225 0.0100779360386993 0 0.009902828495389 0.024539576201519
"разделение" 0.00435559040027876 0.00191475510282235 0.0225546951357041 0.00807151361058983 0 0.00526814877252134 0.00144391821647222 0 0.00671862402579952 0.0105263157894737 0.00371356068577087 0.0049079152403038
"русскому" 0.0152445664009757 0 0.00451093902714082 0 0.00266435755678412 0 0.0072195910823611 0 0.013437248051599 0.00631578947368421 0.019805656990778 0.00122697881007595
"свободу" 0.00653338560041814 0.0191475510282235 0.00150364634238027 0.00807151361058983 0 0.00263407438626067 0 0.0143149284253579 0.0100779360386993 0.00842105263157895 0.0049514142476945 0.00368093643022785
"святополком" 0 0.0114885306169341 0 0 0 0 0 0 0 0.00210526315789474 0.0185678034288544 0.023312597391443
"северу" 0.0130667712008363 0.0038295102056447 0 0.00403575680529491 0.00266435755678412 0 0.0173270185976666 0 0.00335931201289976 0 0.0173299498669307 0.0024539576201519
"смоленска" 0.00435559040027876 0.0134032857197564 0 0 0.00133217877839206 0 0.0144391821647222 0.0081799591002045 0 0 0.00371356068577087 0.0171777033410633
"сношений" 0 0 0.00300729268476054 0.0161430272211797 0.00799307267035236 0.00131703719313033 0.0115513457317778 0.0102249488752556 0.0100779360386993 0.0105263157894737 0.00371356068577087 0
"составляют" 0.00435559040027876 0 0.00751823171190136 0.0161430272211797 0.00532871511356824 0 0.00577567286588888 0 0 0.0168421052631579 0.0111406820573126 0.00122697881007595
"старый" 0 0.00191475510282235 0.00902187805428163 0.00201787840264746 0.0119896090055285 0.003951111579391 0.00288783643294444 0.00408997955010225 0.00671862402579952 0.00631578947368421 0.0049514142476945 0.0098158304806076
"татары" 0 0 0 0 0.00133217877839206 0 0.0433175464941666 0.00613496932515337 0.0201558720773985 0 0.00123785356192362 0
"убийство" 0.00217779520013938 0.0076590204112894 0 0 0.0173183241190968 0.00131703719313033 0.00288783643294444 0.00613496932515337 0 0.00210526315789474 0.0148542427430835 0.0049079152403038
"упоминаются" 0 0 0 0 0.00133217877839206 0.00131703719313033 0.00433175464941666 0 0 0 0.0284706319242434 0.0159507245309874
"успех" 0.0108889760006969 0.00574426530846705 0 0 0.00133217877839206 0.00131703719313033 0.00288783643294444 0.0122699386503067 0.0335931201289976 0.00421052631578947 0.00123785356192362 0.0122697881007595
"успеха" 0.00871118080055752 0.0114885306169341 0 0.00201787840264746 0.00133217877839206 0.003951111579391 0.00433175464941666 0.016359918200409 0.00671862402579952 0.00631578947368421 0.00123785356192362 0.0110428092906835
"флетчера" 0 0 0 0 0 0.00658518596565167 0.0433175464941666 0.0102249488752556 0.00335931201289976 0 0 0
"хозяйстве" 0 0.00191475510282235 0.00150364634238027 0.0100893920132373 0.0106574302271365 0.003951111579391 0.00144391821647222 0.00408997955010225 0 0.04 0.00123785356192362 0
"хозяйственной" 0 0 0.00451093902714082 0 0.0186505028974888 0.00131703719313033 0 0.00204498977505112 0.00671862402579952 0.0378947368421053 0.00247570712384725 0
"целом" 0 0 0.0195474024509435 0.0141251488185322 0 0 0.00433175464941666 0.00204498977505112 0.00335931201289976 0.00631578947368421 0.00618926780961812 0.0098158304806076
"чернигова" 0.00217779520013938 0.0191475510282235 0 0 0.00266435755678412 0 0 0 0 0 0.00123785356192362 0.0331284278720506
"чин" 0 0 0 0 0.00932525144874442 0.0342429670213887 0.00288783643294444 0.0081799591002045 0 0 0 0.0024539576201519
"юга" 0.00217779520013938 0.00191475510282235 0 0.00201787840264746 0.00266435755678412 0.00131703719313033 0.00577567286588888 0.0081799591002045 0.013437248051599 0 0.0235192176765489 0.0049079152403038
"языка" 0.0196001568012544 0.00191475510282235 0.016540109766183 0.0161430272211797 0.00266435755678412 0.00263407438626067 0.00144391821647222 0.00408997955010225 0 0.00210526315789474 0.00247570712384725 0.0024539576201519
"herberst" 0 0 0 0 0 0 0.059200646875361 0 0 0 0 0
"бегство" 0.00435559040027876 0.0268065714395129 0 0.00201787840264746 0 0 0.00577567286588888 0 0.00335931201289976 0 0.00618926780961812 0.0159507245309874
"братьям" 0 0.0153180408225788 0 0.00201787840264746 0.00266435755678412 0 0.00144391821647222 0.00204498977505112 0 0 0.0049514142476945 0.0282205126317468
"велели" 0.00217779520013938 0.00574426530846705 0 0 0.00266435755678412 0.0144874091244337 0.00144391821647222 0.0081799591002045 0 0 0.00123785356192362 0.0208586397712912
"военных" 0 0.00191475510282235 0.00300729268476054 0.00403575680529491 0.00266435755678412 0.0144874091244337 0.0115513457317778 0.00613496932515337 0.0167965600644988 0.00421052631578947 0.00247570712384725 0.0024539576201519
"вражду" 0 0.0210623061310458 0 0.00201787840264746 0 0.00263407438626067 0 0.00204498977505112 0.0100779360386993 0 0.00742712137154175 0.0196316609612152
"входили" 0.00217779520013938 0.00191475510282235 0 0.00403575680529491 0.021314860454273 0.00658518596565167 0.00577567286588888 0.00408997955010225 0 0.00421052631578947 0.0049514142476945 0.00368093643022785
"главная" 0.00871118080055752 0.00191475510282235 0.00150364634238027 0.00605363520794237 0.00399653633517618 0.00263407438626067 0.00144391821647222 0.00613496932515337 0.0100779360386993 0.0126315789473684 0.0111406820573126 0.0049079152403038
"годов" 0 0 0.00300729268476054 0 0.00266435755678412 0.00131703719313033 0.00144391821647222 0.0122699386503067 0.0201558720773985 0.04 0.00371356068577087 0
"деда" 0 0.0134032857197564 0 0.00201787840264746 0.00799307267035236 0.007902223158782 0 0.00204498977505112 0.00335931201289976 0.00210526315789474 0.00371356068577087 0.0171777033410633
"действий" 0.00435559040027876 0.0038295102056447 0.00451093902714082 0 0.00532871511356824 0.0171214835106943 0 0.0102249488752556 0.0167965600644988 0.00842105263157895 0 0.0024539576201519
"делали" 0.00653338560041814 0.0038295102056447 0.00300729268476054 0.00201787840264746 0.00266435755678412 0.00921926035191234 0.0173270185976666 0.0143149284253579 0 0.00210526315789474 0.00371356068577087 0
"денежное" 0 0 0 0.00201787840264746 0.00266435755678412 0 0.00433175464941666 0 0.00671862402579952 0.0610526315789474 0.00371356068577087 0
"духа" 0.00653338560041814 0.00957377551411175 0.00751823171190136 0.0282502976370644 0 0.00263407438626067 0.00144391821647222 0.00613496932515337 0.0100779360386993 0.00210526315789474 0.00247570712384725 0.00122697881007595
"жену" 0 0.0210623061310458 0 0 0.00133217877839206 0.00131703719313033 0.00144391821647222 0.00613496932515337 0.00335931201289976 0 0.0148542427430835 0.0122697881007595
"издавна" 0.0108889760006969 0.0076590204112894 0 0.00403575680529491 0.00399653633517618 0.003951111579391 0.0115513457317778 0.00613496932515337 0.00671862402579952 0.00210526315789474 0.009902828495389 0.00122697881007595
"искал" 0.0152445664009757 0.0344655918508023 0 0.00201787840264746 0.00266435755678412 0.00526814877252134 0.00144391821647222 0.00613496932515337 0 0.00210526315789474 0.00123785356192362 0.0024539576201519
"княжить" 0.00217779520013938 0.0325508367479799 0 0 0.00133217877839206 0 0 0 0 0 0.00742712137154175 0.0184046821511392
"константин" 0.0348447232022301 0.0076590204112894 0.00300729268476054 0 0.00266435755678412 0 0 0 0 0.00210526315789474 0.00742712137154175 0.0110428092906835
"месяцев" 0.0239557472015332 0.0210623061310458 0 0 0.00133217877839206 0.00131703719313033 0.00866350929883331 0 0.00335931201289976 0.00210526315789474 0.00618926780961812 0.00368093643022785
"мнения" 0 0.00191475510282235 0.00300729268476054 0.00403575680529491 0.0066608938919603 0.0184385207038247 0.00866350929883331 0.00204498977505112 0.00335931201289976 0.00210526315789474 0.00371356068577087 0.0049079152403038
"наместников" 0.00871118080055752 0.0038295102056447 0 0.00201787840264746 0.0133217877839206 0.00921926035191234 0.0144391821647222 0 0.0100779360386993 0.00210526315789474 0.00247570712384725 0
"некоторыми" 0.00871118080055752 0.0038295102056447 0.0120291707390422 0.00403575680529491 0.00799307267035236 0.00131703719313033 0.0115513457317778 0.00204498977505112 0 0.0105263157894737 0.00371356068577087 0
"нескольких" 0.00217779520013938 0 0.0135328170814224 0.0100893920132373 0.00532871511356824 0.003951111579391 0.01299526394825 0.00613496932515337 0.00671862402579952 0.00210526315789474 0.00371356068577087 0
"никому" 0.00653338560041814 0.00191475510282235 0.00451093902714082 0 0.00133217877839206 0.0105362975450427 0.0115513457317778 0.0081799591002045 0.00335931201289976 0.00210526315789474 0.0049514142476945 0.0073618728604557
"остатки" 0.0108889760006969 0 0.0180437561085633 0 0.0066608938919603 0.00658518596565167 0.00433175464941666 0.00408997955010225 0 0.00842105263157895 0.00371356068577087 0.00122697881007595
"отдать" 0.00435559040027876 0.0153180408225788 0 0.00403575680529491 0.00399653633517618 0.00526814877252134 0 0.00408997955010225 0 0.00210526315789474 0.00618926780961812 0.0159507245309874
"памятниках" 0.00217779520013938 0 0.00451093902714082 0 0.0279757543462333 0.0144874091244337 0 0.00408997955010225 0 0 0.00123785356192362 0.00122697881007595
"первоначально" 0 0 0.00902187805428163 0.022196662429122 0.00932525144874442 0.00131703719313033 0 0.00408997955010225 0.00335931201289976 0.00842105263157895 0.00866497493346537 0.00122697881007595
"порядком" 0 0.00191475510282235 0 0.00201787840264746 0.0133217877839206 0.015804446317564 0.0115513457317778 0.00408997955010225 0.0167965600644988 0.00210526315789474 0 0
"послам" 0.00435559040027876 0.00957377551411175 0 0 0.00532871511356824 0.00526814877252134 0.0202148550306111 0.0184049079754601 0 0 0 0.0024539576201519
"поставил" 0.00871118080055752 0.0038295102056447 0.00150364634238027 0.00201787840264746 0.00266435755678412 0.007902223158782 0.00433175464941666 0.0102249488752556 0.0100779360386993 0.00210526315789474 0.00742712137154175 0.0073618728604557
"правил" 0.0130667712008363 0.00191475510282235 0.00751823171190136 0 0.0133217877839206 0.0131703719313033 0.00433175464941666 0.00613496932515337 0.00335931201289976 0 0 0.00122697881007595
"правила" 0.0130667712008363 0.00191475510282235 0.0150364634238027 0.00201787840264746 0.00932525144874442 0.00921926035191234 0 0.00613496932515337 0.00671862402579952 0.00421052631578947 0 0.00122697881007595
"предки" 0.0196001568012544 0 0.00300729268476054 0.00201787840264746 0.0146539665623127 0.0105362975450427 0.00144391821647222 0.00613496932515337 0.00335931201289976 0 0.00371356068577087 0.00122697881007595
"признаки" 0 0.00191475510282235 0.00451093902714082 0.00201787840264746 0.0239792180110571 0.00263407438626067 0 0.00204498977505112 0.0100779360386993 0.0210526315789474 0.00123785356192362 0
"приказах" 0 0 0 0 0.00133217877839206 0.0329259298282584 0.0202148550306111 0 0 0 0 0
"принужден" 0.00217779520013938 0.0038295102056447 0 0 0 0 0 0 0 0 0.0160920963050071 0.0294474914418228
"приняли" 0.0130667712008363 0.00957377551411175 0 0.00605363520794237 0.00399653633517618 0.00131703719313033 0.00144391821647222 0.00408997955010225 0 0.00210526315789474 0.0148542427430835 0.0073618728604557
"приходилось" 0 0 0.00601458536952109 0.0141251488185322 0.0066608938919603 0.00526814877252134 0.0101074275153055 0.00613496932515337 0.0167965600644988 0.0105263157894737 0 0
"родичей" 0 0 0 0 0.00266435755678412 0.003951111579391 0 0.00204498977505112 0 0 0.0222813641146252 0.0196316609612152
"руками" 0.00653338560041814 0.0076590204112894 0.00300729268476054 0.00403575680529491 0.00266435755678412 0.0131703719313033 0.00577567286588888 0.00613496932515337 0 0 0.00618926780961812 0.00613489405037975
"служит" 0.0108889760006969 0.00191475510282235 0.00751823171190136 0 0.00266435755678412 0.00131703719313033 0.0072195910823611 0.00204498977505112 0.00335931201289976 0.0126315789473684 0.009902828495389 0.00613489405037975
"собором" 0.00217779520013938 0 0 0 0 0.0329259298282584 0.00144391821647222 0.0122699386503067 0.0167965600644988 0 0.00247570712384725 0
"стенами" 0.017422361601115 0.0210623061310458 0 0.00201787840264746 0.00133217877839206 0.00131703719313033 0.0158831003811944 0.00408997955010225 0.00671862402579952 0 0.00123785356192362 0.0024539576201519
"столе" 0 0 0 0 0.00399653633517618 0 0.00288783643294444 0 0 0 0.00247570712384725 0.0404903007325063
"столкновения" 0 0 0 0.00403575680529491 0.00932525144874442 0.0105362975450427 0 0.00408997955010225 0.0100779360386993 0 0.0222813641146252 0
"сыновья" 0.00217779520013938 0.0172327959254011 0.00150364634238027 0 0.00266435755678412 0.00263407438626067 0.00144391821647222 0 0.00335931201289976 0 0.0049514142476945 0.023312597391443
"убил" 0 0.00957377551411175 0 0 0.00133217877839206 0 0 0.0102249488752556 0.0100779360386993 0.00210526315789474 0.0185678034288544 0.0122697881007595
"убили" 0.00653338560041814 0.00957377551411175 0 0 0.00133217877839206 0.00131703719313033 0 0.0102249488752556 0.013437248051599 0 0.009902828495389 0.0159507245309874
"устройство" 0 0 0.00300729268476054 0.0100893920132373 0.0106574302271365 0.00658518596565167 0.00866350929883331 0.00408997955010225 0.013437248051599 0.0126315789473684 0.00247570712384725 0
"чему" 0.00871118080055752 0 0.0210510487933238 0.00605363520794237 0.00133217877839206 0 0.00433175464941666 0.0081799591002045 0.00671862402579952 0.00421052631578947 0.00247570712384725 0.00613489405037975
"черниговский" 0 0.0421246122620917 0 0 0.00399653633517618 0 0 0.00204498977505112 0 0 0 0.0171777033410633
"юрием" 0 0.00191475510282235 0 0 0.00266435755678412 0 0 0 0.00335931201289976 0 0 0.0441712371627342
"ярославом" 0 0.0268065714395129 0 0 0.00266435755678412 0 0 0 0 0 0.0049514142476945 0.024539576201519
"the" 0 0 0.00451093902714082 0 0 0.00526814877252134 0.046205382927111 0.00204498977505112 0 0 0 0
"ближней" 0.00217779520013938 0 0 0 0 0.0460963017595617 0 0.00204498977505112 0.00671862402579952 0 0 0
"воспользоваться" 0.00653338560041814 0.0229770612338682 0 0 0.00266435755678412 0.00263407438626067 0 0.0081799591002045 0.0100779360386993 0.00210526315789474 0.00742712137154175 0.0073618728604557
"вражда" 0 0.0076590204112894 0 0.00201787840264746 0 0.00526814877252134 0 0 0.0235151840902983 0 0.0136163891811599 0.0147237457209114
"делал" 0 0.0038295102056447 0.00300729268476054 0 0.0106574302271365 0.0105362975450427 0.00577567286588888 0.0081799591002045 0.00671862402579952 0 0.0049514142476945 0.00613489405037975
"днепру" 0.00217779520013938 0.0076590204112894 0 0.00201787840264746 0.00399653633517618 0.00131703719313033 0.01299526394825 0 0 0 0.0173299498669307 0.0073618728604557
"домов" 0.0130667712008363 0.00191475510282235 0 0 0.00532871511356824 0 0.0360979554118055 0 0 0 0.00371356068577087 0
"задачи" 0 0 0.0300729268476054 0.0100893920132373 0.0066608938919603 0.00263407438626067 0 0.00204498977505112 0.00335931201289976 0.0105263157894737 0 0
"значило" 0.00435559040027876 0 0 0.00201787840264746 0.00532871511356824 0.0131703719313033 0.00144391821647222 0.00204498977505112 0.00671862402579952 0.00421052631578947 0.0136163891811599 0.00613489405037975
"золото" 0.0239557472015332 0.00191475510282235 0.00150364634238027 0.00201787840264746 0 0 0.0101074275153055 0 0.00335931201289976 0.00421052631578947 0.0160920963050071 0.0024539576201519
"иное" 0.00435559040027876 0 0.0225546951357041 0.0141251488185322 0.00532871511356824 0.00131703719313033 0.00288783643294444 0.00204498977505112 0.00335931201289976 0.00421052631578947 0.0049514142476945 0
"истины" 0.00435559040027876 0 0.0390948049018871 0.0100893920132373 0.00133217877839206 0 0 0.00408997955010225 0 0.00421052631578947 0.00123785356192362 0
"классы" 0 0 0.00751823171190136 0.00403575680529491 0.0133217877839206 0.00658518596565167 0.00144391821647222 0 0 0.0336842105263158 0 0
"княжат" 0 0 0 0 0.00133217877839206 0 0 0.0572597137014315 0.0335931201289976 0 0 0
"княжеские" 0.0108889760006969 0.00574426530846705 0 0 0.021314860454273 0 0.00144391821647222 0 0.00335931201289976 0.00210526315789474 0.00866497493346537 0.00613489405037975
"княжество" 0 0.00191475510282235 0 0 0.0173183241190968 0.00131703719313033 0.00144391821647222 0.00204498977505112 0.00335931201289976 0.00631578947368421 0.0136163891811599 0.00858885167053165
"людях" 0.00871118080055752 0 0.00300729268476054 0 0.0066608938919603 0.00921926035191234 0.0144391821647222 0.0102249488752556 0 0.00421052631578947 0.00123785356192362 0.00368093643022785
"москвой" 0 0 0 0 0.00266435755678412 0.00263407438626067 0.0216587732470833 0.00408997955010225 0.0571083042192959 0.00210526315789474 0 0
"мужи" 0.00217779520013938 0.00191475510282235 0 0 0.0173183241190968 0.00263407438626067 0 0 0 0.00210526315789474 0.0210435105527016 0.0049079152403038
"нации" 0 0 0.0255619878204646 0.0423754464555966 0 0 0.00144391821647222 0 0 0 0 0
"нём" 0 0 0 0 0 0 0.0563128104424165 0 0 0 0 0
"неприятеля" 0.0152445664009757 0.0363803469536246 0 0 0 0.00263407438626067 0.00433175464941666 0.00204498977505112 0 0 0.00247570712384725 0.00613489405037975
"новгородского" 0 0 0 0 0.0306401119030174 0.003951111579391 0 0 0 0.00842105263157895 0.00371356068577087 0.0073618728604557
"нравы" 0.017422361601115 0 0.00300729268476054 0.00605363520794237 0.00266435755678412 0.00131703719313033 0.00433175464941666 0.00408997955010225 0 0.0105263157894737 0.0160920963050071 0
"образование" 0.00217779520013938 0 0.00601458536952109 0.0383396896503017 0.00399653633517618 0.00263407438626067 0.00288783643294444 0 0.00335931201289976 0.0105263157894737 0.00247570712384725 0
"образования" 0.00871118080055752 0.00191475510282235 0.00751823171190136 0.0343039328450068 0.00799307267035236 0.00131703719313033 0 0 0 0.00631578947368421 0.00247570712384725 0
"обычаев" 0.00435559040027876 0 0.00601458536952109 0 0.00532871511356824 0.007902223158782 0.0072195910823611 0.00613496932515337 0 0.00631578947368421 0.0148542427430835 0
"обязанность" 0.00217779520013938 0.00191475510282235 0.00751823171190136 0.00807151361058983 0 0.00131703719313033 0.00433175464941666 0.00613496932515337 0 0.00210526315789474 0.0235192176765489 0.00122697881007595
"ольговичей" 0 0.0114885306169341 0 0 0.00133217877839206 0 0 0 0 0 0 0.0392633219224304
"оружия" 0.0261335424016725 0.0114885306169341 0 0 0.00266435755678412 0.00131703719313033 0.0115513457317778 0.00204498977505112 0.00335931201289976 0.00210526315789474 0.00742712137154175 0.00122697881007595
"отсутствие" 0.00653338560041814 0.00574426530846705 0.00300729268476054 0 0.00266435755678412 0.015804446317564 0.00288783643294444 0.00408997955010225 0.0100779360386993 0.00210526315789474 0.00371356068577087 0.0073618728604557
"первыми" 0.017422361601115 0.0076590204112894 0.00451093902714082 0.00403575680529491 0.00266435755678412 0.00263407438626067 0.00144391821647222 0.00408997955010225 0.00335931201289976 0.0105263157894737 0.009902828495389 0.00122697881007595
"переговоры" 0.00435559040027876 0.0134032857197564 0.00300729268476054 0 0.00532871511356824 0.00263407438626067 0.00433175464941666 0.00613496932515337 0.0167965600644988 0 0 0.0134967669108354
"полков" 0.00217779520013938 0.00574426530846705 0 0 0.00399653633517618 0.0171214835106943 0.0072195910823611 0 0 0 0.00247570712384725 0.0147237457209114
"полного" 0.00217779520013938 0.00191475510282235 0.00300729268476054 0.0262324192344169 0.00532871511356824 0.00526814877252134 0 0 0.0100779360386993 0.0210526315789474 0.00123785356192362 0
"поляков" 0 0.0210623061310458 0.00150364634238027 0.00201787840264746 0.00133217877839206 0.00658518596565167 0.00288783643294444 0.00204498977505112 0.00335931201289976 0 0.009902828495389 0.0098158304806076
"понимать" 0 0 0.0210510487933238 0.00807151361058983 0.0066608938919603 0.00526814877252134 0 0.00204498977505112 0.00671862402579952 0.00631578947368421 0.00742712137154175 0
"посадники" 0 0.00574426530846705 0 0 0.0373010057949777 0 0 0 0 0.00210526315789474 0.00371356068577087 0.0049079152403038
"походы" 0.00217779520013938 0 0.00300729268476054 0.0201787840264746 0.00399653633517618 0.003951111579391 0 0 0.013437248051599 0 0.0136163891811599 0.00613489405037975
"представить" 0.0108889760006969 0.0076590204112894 0.00451093902714082 0.00403575680529491 0.00399653633517618 0.00526814877252134 0.00866350929883331 0.00613496932515337 0.00335931201289976 0.00210526315789474 0.00742712137154175 0.00122697881007595
"природа" 0.00217779520013938 0 0 0.0141251488185322 0 0 0.00288783643294444 0 0.00335931201289976 0.00631578947368421 0.0309463390480906 0
"приходили" 0.00435559040027876 0 0 0.00403575680529491 0.0066608938919603 0.007902223158782 0.0158831003811944 0.0081799591002045 0.00335931201289976 0 0.00742712137154175 0.0024539576201519
"простой" 0.00435559040027876 0 0.00902187805428163 0.00605363520794237 0.00532871511356824 0.007902223158782 0.00577567286588888 0.0102249488752556 0.0100779360386993 0.00210526315789474 0.0049514142476945 0.00122697881007595
"пскова" 0.00653338560041814 0 0 0 0.0199826816758809 0.00131703719313033 0.01299526394825 0.00408997955010225 0.0100779360386993 0.00210526315789474 0.00247570712384725 0.00368093643022785
"рабов" 0.00217779520013938 0.00957377551411175 0 0.00807151361058983 0.00399653633517618 0 0.00144391821647222 0 0.00335931201289976 0.0189473684210526 0.0148542427430835 0.00368093643022785
"сановники" 0 0.0038295102056447 0 0 0.0319722906814094 0.011853334738173 0.00433175464941666 0 0.00335931201289976 0 0 0
"света" 0.00217779520013938 0.0114885306169341 0.00751823171190136 0.022196662429122 0 0 0.0072195910823611 0 0 0 0.00618926780961812 0.0073618728604557
"свободно" 0.0196001568012544 0.0038295102056447 0.00601458536952109 0.00403575680529491 0.00266435755678412 0 0.0072195910823611 0.00613496932515337 0.00671862402579952 0.0147368421052632 0.00371356068577087 0
"славянами" 0.0217779520013938 0.0038295102056447 0 0 0.00532871511356824 0 0 0 0 0 0.0272327783623197 0.00122697881007595
"согласия" 0.00653338560041814 0.0114885306169341 0 0 0.00799307267035236 0.0105362975450427 0 0.00204498977505112 0 0.00210526315789474 0.0111406820573126 0.00613489405037975
"средневековой" 0 0 0.00451093902714082 0.0605363520794237 0.00133217877839206 0 0 0 0.00335931201289976 0.00842105263157895 0 0
"среды" 0 0 0.00300729268476054 0.00403575680529491 0.00932525144874442 0.00263407438626067 0 0.0204498977505112 0.0167965600644988 0.0189473684210526 0.00247570712384725 0
"ст" 0 0 0 0 0.00266435755678412 0.00263407438626067 0.0274344461129722 0 0.00335931201289976 0.0315789473684211 0 0
"старшие" 0 0.00191475510282235 0 0 0.0253113967894491 0.003951111579391 0.00144391821647222 0.00204498977505112 0 0 0.00866497493346537 0.00858885167053165
"стремления" 0 0 0.00601458536952109 0.0141251488185322 0.00399653633517618 0.00263407438626067 0.00144391821647222 0.00204498977505112 0.0100779360386993 0.0105263157894737 0.0123785356192362 0.00368093643022785
"судьи" 0.00217779520013938 0 0.00751823171190136 0 0.00932525144874442 0.019755557896955 0.0101074275153055 0 0.00335931201289976 0.00210526315789474 0.00247570712384725 0
"таково" 0 0 0.00300729268476054 0.00605363520794237 0.00399653633517618 0.003951111579391 0 0.016359918200409 0.0167965600644988 0.00631578947368421 0.0123785356192362 0.0024539576201519
"товарищами" 0.00871118080055752 0.00574426530846705 0 0 0.00399653633517618 0.031608892635128 0.00144391821647222 0 0.00335931201289976 0 0.00123785356192362 0.0024539576201519
"торжество" 0.00653338560041814 0.0134032857197564 0 0.00201787840264746 0.00133217877839206 0.00131703719313033 0.00144391821647222 0.00613496932515337 0.0100779360386993 0.00210526315789474 0.0111406820573126 0.0110428092906835
"целовал" 0 0.0038295102056447 0 0 0 0.003951111579391 0.00288783643294444 0.00204498977505112 0 0 0 0.0380363431123545
"человеком" 0.00435559040027876 0 0 0.0100893920132373 0.00532871511356824 0.007902223158782 0.00433175464941666 0.0122699386503067 0.0268744961031981 0.00421052631578947 0.00371356068577087 0
"чувство" 0.00435559040027876 0 0.00751823171190136 0.0121072704158847 0.00266435755678412 0.00526814877252134 0 0.00408997955010225 0.00671862402579952 0.0252631578947368 0.0049514142476945 0
"элементы" 0 0 0.0135328170814224 0.00807151361058983 0.00932525144874442 0.00526814877252134 0 0.00613496932515337 0.00671862402579952 0.0210526315789474 0 0
"ярославу" 0.00217779520013938 0.0248918163366905 0 0 0.00133217877839206 0 0 0 0 0 0.0210435105527016 0.00858885167053165
"p" 0 0 0 0 0.00133217877839206 0 0.0548688922259443 0 0 0 0 0
"берегам" 0.0152445664009757 0.0153180408225788 0 0.00605363520794237 0 0 0.00866350929883331 0 0.00335931201289976 0 0.0136163891811599 0.0024539576201519
"волынский" 0.00217779520013938 0.00957377551411175 0 0 0.0066608938919603 0 0 0 0 0.00210526315789474 0.00371356068577087 0.0282205126317468
"встретил" 0.00653338560041814 0.0287213265423352 0.00300729268476054 0 0.00133217877839206 0 0.0072195910823611 0.00204498977505112 0.00671862402579952 0 0.00247570712384725 0.00858885167053165
"городской" 0.00217779520013938 0.00191475510282235 0 0.0201787840264746 0.0266435755678412 0.00131703719313033 0.00288783643294444 0 0 0 0.00371356068577087 0
"движении" 0 0.00191475510282235 0.0105255243966619 0.0121072704158847 0.00399653633517618 0.00263407438626067 0.00288783643294444 0 0.00335931201289976 0.00842105263157895 0.0111406820573126 0.00368093643022785
"долю" 0.00435559040027876 0.00191475510282235 0.00300729268476054 0.00605363520794237 0.00532871511356824 0.007902223158782 0.00433175464941666 0.00204498977505112 0.0100779360386993 0.0189473684210526 0.00371356068577087 0.00122697881007595
"дороги" 0.00217779520013938 0.00574426530846705 0 0.00807151361058983 0.00266435755678412 0.003951111579391 0.0187709368141388 0.00408997955010225 0 0.00842105263157895 0.00247570712384725 0.0049079152403038
"доходов" 0.00435559040027876 0 0.00300729268476054 0.00201787840264746 0.00266435755678412 0.00658518596565167 0.0274344461129722 0.00408997955010225 0.00335931201289976 0.00421052631578947 0.00247570712384725 0
"души" 0.0152445664009757 0.0134032857197564 0.00451093902714082 0.00807151361058983 0.00133217877839206 0 0.00288783643294444 0.00408997955010225 0.00335931201289976 0 0.0123785356192362 0.00122697881007595
"епископ" 0.00217779520013938 0.0306360816451576 0.00150364634238027 0.00403575680529491 0.00932525144874442 0.00131703719313033 0.00144391821647222 0 0 0 0.0049514142476945 0.00613489405037975
"желал" 0.00871118080055752 0.0325508367479799 0.00150364634238027 0 0 0 0.00144391821647222 0.0143149284253579 0.0167965600644988 0.00421052631578947 0.00123785356192362 0
"заключил" 0.00435559040027876 0.0248918163366905 0 0 0.00133217877839206 0 0.00144391821647222 0.00204498977505112 0.00671862402579952 0 0.00371356068577087 0.0184046821511392
"защиты" 0.0108889760006969 0.0229770612338682 0.00300729268476054 0.00403575680529491 0.00133217877839206 0.00131703719313033 0.00288783643294444 0.0081799591002045 0 0.00421052631578947 0.00742712137154175 0.00122697881007595
"идеи" 0 0 0.0180437561085633 0.0161430272211797 0.0066608938919603 0 0 0.00408997955010225 0.0100779360386993 0.0126315789473684 0.00247570712384725 0
"киевским" 0.0130667712008363 0.0114885306169341 0 0 0.00799307267035236 0 0.00144391821647222 0 0 0.00421052631578947 0.00742712137154175 0.0134967669108354
"концу" 0.00217779520013938 0 0.00150364634238027 0.0121072704158847 0.00932525144874442 0.00131703719313033 0.0101074275153055 0.0081799591002045 0.013437248051599 0.0147368421052632 0 0
"крупные" 0 0 0.00902187805428163 0.0181609056238271 0.00532871511356824 0.00263407438626067 0 0.0081799591002045 0.013437248051599 0.0168421052631579 0 0.00122697881007595
"лучших" 0.00435559040027876 0.00191475510282235 0.00150364634238027 0.00201787840264746 0.0066608938919603 0.00263407438626067 0.00433175464941666 0 0.013437248051599 0 0.0136163891811599 0.0098158304806076
"любопытно" 0.00871118080055752 0 0.00150364634238027 0.00201787840264746 0.00399653633517618 0.00131703719313033 0.0072195910823611 0.00408997955010225 0.00335931201289976 0.00421052631578947 0.009902828495389 0.0122697881007595
"местные" 0 0.00191475510282235 0.00601458536952109 0.00605363520794237 0.0239792180110571 0.003951111579391 0.00144391821647222 0 0.00671862402579952 0.00842105263157895 0.00247570712384725 0
"минуту" 0.00217779520013938 0.0076590204112894 0 0 0.00399653633517618 0.00658518596565167 0.00144391821647222 0.0245398773006135 0.0335931201289976 0.00421052631578947 0 0
"михаил" 0.00435559040027876 0.0114885306169341 0 0 0.00399653633517618 0.00658518596565167 0.00144391821647222 0.00613496932515337 0.0235151840902983 0 0.00371356068577087 0.0098158304806076
"монастыри" 0 0.0172327959254011 0 0 0.00532871511356824 0.00526814877252134 0.00144391821647222 0.00613496932515337 0.00335931201289976 0.00631578947368421 0.009902828495389 0.00613489405037975
"наша" 0.0217779520013938 0.0038295102056447 0.0105255243966619 0 0.00133217877839206 0.003951111579391 0 0 0.00671862402579952 0.00210526315789474 0.009902828495389 0.0049079152403038
"общая" 0.00217779520013938 0.00191475510282235 0.0225546951357041 0.0141251488185322 0.00266435755678412 0.00131703719313033 0.00144391821647222 0.0081799591002045 0.00671862402579952 0.00631578947368421 0 0.00122697881007595
"общую" 0.00435559040027876 0.0038295102056447 0.0120291707390422 0.0161430272211797 0 0.003951111579391 0.00144391821647222 0.00408997955010225 0.0100779360386993 0.00421052631578947 0.00742712137154175 0.00122697881007595
"объяснение" 0.00217779520013938 0.00191475510282235 0.00601458536952109 0.00807151361058983 0.00799307267035236 0.003951111579391 0.00577567286588888 0.00408997955010225 0.00335931201289976 0 0.0136163891811599 0.00122697881007595
"основе" 0 0 0.016540109766183 0.0181609056238271 0.00133217877839206 0.00263407438626067 0 0.0081799591002045 0.00671862402579952 0.0189473684210526 0 0
"отличались" 0.00653338560041814 0 0 0.00403575680529491 0.0066608938919603 0.003951111579391 0.0158831003811944 0 0 0.0105263157894737 0.009902828495389 0.00122697881007595
"отличался" 0.00653338560041814 0.0114885306169341 0.00451093902714082 0.00403575680529491 0.00532871511356824 0.00526814877252134 0 0.00204498977505112 0 0.00842105263157895 0.00247570712384725 0.0110428092906835
"перехода" 0 0 0.00751823171190136 0.0161430272211797 0.00399653633517618 0.00131703719313033 0 0.00204498977505112 0 0.0357894736842105 0.00247570712384725 0.00122697881007595
"перешел" 0.00217779520013938 0.0114885306169341 0 0 0 0.00131703719313033 0 0.00613496932515337 0.00671862402579952 0.00210526315789474 0.00123785356192362 0.0282205126317468
"письма" 0.00217779520013938 0.00574426530846705 0.00601458536952109 0.00403575680529491 0 0.0131703719313033 0.0101074275153055 0.0102249488752556 0.013437248051599 0 0 0.0024539576201519
"пойдем" 0.00217779520013938 0.0076590204112894 0 0 0 0 0 0 0 0.00210526315789474 0.00742712137154175 0.0319014490619747
"польского" 0.00217779520013938 0.0153180408225788 0 0.00201787840264746 0.00133217877839206 0.00921926035191234 0.00577567286588888 0.00408997955010225 0.00335931201289976 0 0.0111406820573126 0.0049079152403038
"польши" 0.00217779520013938 0.0076590204112894 0.00601458536952109 0.00403575680529491 0.00133217877839206 0.003951111579391 0.00577567286588888 0 0 0.00421052631578947 0.0123785356192362 0.00858885167053165
"посадил" 0 0.00191475510282235 0 0 0.00133217877839206 0 0.00144391821647222 0.00204498977505112 0.00335931201289976 0 0.00371356068577087 0.0368093643022785
"пошлины" 0.00217779520013938 0.0038295102056447 0 0 0.00266435755678412 0.00131703719313033 0.0360979554118055 0.00408997955010225 0.00671862402579952 0 0.00371356068577087 0
"праве" 0.00217779520013938 0 0.00751823171190136 0.00403575680529491 0.0133217877839206 0.00658518596565167 0.00433175464941666 0 0.00335931201289976 0.0147368421052632 0.00371356068577087 0.00122697881007595
"правительственным" 0 0 0 0 0.0306401119030174 0.011853334738173 0.00288783643294444 0.00408997955010225 0 0.00210526315789474 0.00123785356192362 0
"представители" 0 0 0.00150364634238027 0.00403575680529491 0.0159861453407047 0.0184385207038247 0.00144391821647222 0.00408997955010225 0.00671862402579952 0.00842105263157895 0 0
"представление" 0 0 0.0180437561085633 0.0141251488185322 0.00399653633517618 0.00263407438626067 0.00288783643294444 0.00613496932515337 0.013437248051599 0.00210526315789474 0.00371356068577087 0.00122697881007595
"привел" 0.00435559040027876 0.0191475510282235 0 0 0.00399653633517618 0.00263407438626067 0 0.00204498977505112 0.00671862402579952 0.00421052631578947 0.0049514142476945 0.0147237457209114
"привели" 0.00217779520013938 0.00957377551411175 0 0 0.00133217877839206 0 0.00288783643294444 0.00204498977505112 0.0167965600644988 0.00210526315789474 0.009902828495389 0.0171777033410633
"различные" 0.00217779520013938 0 0.00601458536952109 0.00403575680529491 0.00932525144874442 0.003951111579391 0.00288783643294444 0.00613496932515337 0.00671862402579952 0.00631578947368421 0.0123785356192362 0.00122697881007595
"римляне" 0.00871118080055752 0.00191475510282235 0 0.0585184736767762 0 0 0 0 0 0 0.0049514142476945 0
"родовых" 0 0 0.00300729268476054 0 0.00532871511356824 0.00658518596565167 0.00144391821647222 0 0 0.00210526315789474 0.0148542427430835 0.0159507245309874
"ростиславу" 0.00217779520013938 0.0153180408225788 0 0 0 0 0 0 0 0 0.00247570712384725 0.0331284278720506
"рюрик" 0.0217779520013938 0.00191475510282235 0 0 0.00133217877839206 0 0 0 0 0 0.0148542427430835 0.0171777033410633
"сибири" 0.00653338560041814 0.00191475510282235 0 0.00403575680529491 0 0 0.0288783643294444 0.0102249488752556 0 0.0126315789473684 0.00123785356192362 0
"сильное" 0.00217779520013938 0.00574426530846705 0.00150364634238027 0.00605363520794237 0.00399653633517618 0.00658518596565167 0.00288783643294444 0 0.00335931201289976 0.00421052631578947 0.0111406820573126 0.0098158304806076
"собственность" 0.00217779520013938 0.0038295102056447 0.00451093902714082 0 0.00932525144874442 0.00263407438626067 0.00288783643294444 0 0 0.0294736842105263 0.00866497493346537 0
"состоит" 0.0108889760006969 0.0038295102056447 0.0135328170814224 0.00605363520794237 0.00133217877839206 0.00131703719313033 0.0072195910823611 0 0 0.00842105263157895 0.009902828495389 0
"спокойно" 0.00435559040027876 0.0306360816451576 0.00150364634238027 0 0 0 0.00144391821647222 0.00204498977505112 0 0 0.00371356068577087 0.0171777033410633
"считались" 0.00653338560041814 0.00191475510282235 0 0.00605363520794237 0.0119896090055285 0.003951111579391 0.0158831003811944 0.00408997955010225 0 0.00421052631578947 0.00371356068577087 0.00122697881007595
"считаться" 0 0 0.0195474024509435 0.00403575680529491 0.0119896090055285 0.00921926035191234 0 0.00613496932515337 0.00671862402579952 0 0.00123785356192362 0.00122697881007595
"толпы" 0.0108889760006969 0.00957377551411175 0 0 0.00133217877839206 0 0.0072195910823611 0.00613496932515337 0.00671862402579952 0 0.009902828495389 0.0110428092906835
"удел" 0.0130667712008363 0.0325508367479799 0.00150364634238027 0 0.0106574302271365 0.00131703719313033 0 0.0081799591002045 0.00335931201289976 0 0 0
"удельный" 0.00217779520013938 0 0 0 0.0346366482381936 0.007902223158782 0 0.00408997955010225 0 0.00631578947368421 0 0
"умереть" 0.00871118080055752 0.0421246122620917 0 0 0 0.00131703719313033 0.00288783643294444 0 0 0 0.00618926780961812 0.0049079152403038
"характере" 0.00653338560041814 0 0.00751823171190136 0.0181609056238271 0.00799307267035236 0.00131703719313033 0.00288783643294444 0 0.00335931201289976 0.00421052631578947 0.009902828495389 0.00122697881007595
"центрального" 0 0 0.00150364634238027 0 0.0333044694598015 0.007902223158782 0.00144391821647222 0 0.00335931201289976 0.00631578947368421 0.00123785356192362 0
"черниговского" 0 0.0325508367479799 0 0 0.00532871511356824 0.00131703719313033 0 0 0 0 0.00247570712384725 0.0171777033410633
"a" 0 0 0.0105255243966619 0 0.00399653633517618 0 0.0404297100612221 0 0 0 0 0
"богатых" 0.0130667712008363 0.00957377551411175 0 0.00403575680529491 0 0.00263407438626067 0.0101074275153055 0.00613496932515337 0.00671862402579952 0.0147368421052632 0.00247570712384725 0.00122697881007595
"бывают" 0.00435559040027876 0.00191475510282235 0.033080219532366 0 0 0.003951111579391 0.00288783643294444 0.00613496932515337 0 0.00631578947368421 0.00123785356192362 0
"велено" 0 0 0 0 0.00133217877839206 0.03951111579391 0.00288783643294444 0.00408997955010225 0 0 0 0.0024539576201519
"византии" 0 0 0.00300729268476054 0.0423754464555966 0.00133217877839206 0 0 0.00408997955010225 0 0 0.0123785356192362 0.00122697881007595
"возвратить" 0.00653338560041814 0.0134032857197564 0 0.00201787840264746 0 0.00131703719313033 0.0072195910823611 0.00613496932515337 0.00671862402579952 0.00210526315789474 0.00618926780961812 0.0110428092906835
"всё" 0 0 0 0 0 0 0.0534249740094721 0 0 0 0 0
"всею" 0.00653338560041814 0.0076590204112894 0 0.00403575680529491 0.00266435755678412 0.00921926035191234 0.00288783643294444 0.0102249488752556 0.00671862402579952 0 0.00123785356192362 0.0110428092906835
"годунов" 0.00217779520013938 0 0.00150364634238027 0 0 0.003951111579391 0.00288783643294444 0.0613496932515337 0 0 0 0
"грамотах" 0 0 0 0 0.0333044694598015 0.00526814877252134 0 0.0081799591002045 0.00335931201289976 0.00210526315789474 0.00123785356192362 0.00122697881007595
"греческим" 0.0326669280020907 0.0114885306169341 0 0.00605363520794237 0 0.00131703719313033 0 0.00613496932515337 0 0 0.00742712137154175 0.00368093643022785
"добра" 0.00217779520013938 0.0076590204112894 0.00300729268476054 0 0.00799307267035236 0.00263407438626067 0 0.00204498977505112 0.013437248051599 0.00210526315789474 0.00123785356192362 0.0184046821511392
"духовных" 0 0.00957377551411175 0.00451093902714082 0.00605363520794237 0.0119896090055285 0.0105362975450427 0.00433175464941666 0.00408997955010225 0.00335931201289976 0.00421052631578947 0.00123785356192362 0
"жертву" 0.0196001568012544 0.0114885306169341 0.00150364634238027 0.00605363520794237 0.00266435755678412 0.00131703719313033 0 0.00204498977505112 0 0 0.0173299498669307 0
"заключить" 0.0130667712008363 0.0114885306169341 0 0.00201787840264746 0.00266435755678412 0.00263407438626067 0.00577567286588888 0.00204498977505112 0 0 0.00742712137154175 0.0110428092906835
"искали" 0.0261335424016725 0.0134032857197564 0.00150364634238027 0.00403575680529491 0 0.00131703719313033 0 0.0122699386503067 0.0100779360386993 0.00210526315789474 0.00371356068577087 0.00122697881007595
"китай" 0.00217779520013938 0 0.00150364634238027 0.044393324858244 0 0.00263407438626067 0.01299526394825 0.00204498977505112 0.00335931201289976 0 0 0
"круга" 0 0 0 0.00201787840264746 0.0279757543462333 0.0105362975450427 0 0.0143149284253579 0 0 0 0
"культурные" 0 0 0.0285692805052252 0.0343039328450068 0 0 0 0 0 0.00210526315789474 0 0
"мести" 0.0108889760006969 0.0153180408225788 0.00451093902714082 0 0.00133217877839206 0.00131703719313033 0 0.00204498977505112 0 0 0.0222813641146252 0
"могу" 0.00653338560041814 0.0191475510282235 0.00451093902714082 0 0.00266435755678412 0 0 0 0 0 0 0.023312597391443
"моей" 0.00217779520013938 0.0229770612338682 0.00751823171190136 0 0.00399653633517618 0.00263407438626067 0 0.00204498977505112 0.00671862402579952 0 0.00371356068577087 0.0098158304806076
"монастыре" 0 0.0210623061310458 0 0 0.0066608938919603 0.00131703719313033 0.00288783643294444 0.0081799591002045 0.00671862402579952 0.00210526315789474 0.00123785356192362 0.0122697881007595
"морю" 0.0108889760006969 0.00191475510282235 0 0.0262324192344169 0.00133217877839206 0 0.00433175464941666 0.00204498977505112 0.00671862402579952 0 0.0136163891811599 0
"московии" 0 0 0 0 0 0.003951111579391 0.0476493011435832 0.00204498977505112 0 0 0 0
"назывался" 0.0130667712008363 0 0.00150364634238027 0 0.0173183241190968 0.00526814877252134 0.00866350929883331 0.00204498977505112 0 0.00421052631578947 0.0049514142476945 0
"народное" 0.0130667712008363 0.0114885306169341 0.00751823171190136 0.00201787840264746 0.00932525144874442 0.00263407438626067 0.00288783643294444 0.00204498977505112 0 0.00421052631578947 0.00371356068577087 0.0024539576201519
"немцы" 0.00435559040027876 0.00191475510282235 0.00751823171190136 0.00403575680529491 0.022647039232665 0 0.0072195910823611 0.00204498977505112 0.00335931201289976 0 0.00247570712384725 0.00122697881007595
"объявить" 0.0108889760006969 0.0248918163366905 0 0 0 0.00526814877252134 0.00288783643294444 0.00204498977505112 0.00335931201289976 0 0.00618926780961812 0.0073618728604557
"обязан" 0.00217779520013938 0.0076590204112894 0.00150364634238027 0.00201787840264746 0.00399653633517618 0.003951111579391 0.00433175464941666 0.00408997955010225 0 0.00421052631578947 0.0185678034288544 0.0024539576201519
"оставаться" 0 0 0.00300729268476054 0.00403575680529491 0.00532871511356824 0.003951111579391 0.00288783643294444 0 0 0.00210526315789474 0.0123785356192362 0.0159507245309874
"отвечать" 0 0.00191475510282235 0 0.00201787840264746 0.00266435755678412 0.00658518596565167 0 0 0 0 0.00866497493346537 0.025766555011595
"перемена" 0 0 0.00300729268476054 0.00201787840264746 0.0119896090055285 0.0105362975450427 0.0115513457317778 0.00204498977505112 0.00671862402579952 0.00210526315789474 0.00247570712384725 0.00368093643022785
"победы" 0.00871118080055752 0.0229770612338682 0 0.00605363520794237 0.00133217877839206 0 0 0.00204498977505112 0.00671862402579952 0.00421052631578947 0.00742712137154175 0.0073618728604557
"повести" 0.00217779520013938 0 0.0120291707390422 0 0.0066608938919603 0.00131703719313033 0.00144391821647222 0.0265848670756646 0 0.00631578947368421 0.0049514142476945 0.00122697881007595
"посадник" 0 0.0076590204112894 0 0 0.0239792180110571 0 0 0 0 0 0.00866497493346537 0.0098158304806076
"постоянного" 0 0 0 0.00201787840264746 0.0119896090055285 0.0171214835106943 0.0072195910823611 0 0.00335931201289976 0.00210526315789474 0.0049514142476945 0.00368093643022785
"правде" 0.00217779520013938 0 0.00150364634238027 0 0.0119896090055285 0 0.00144391821647222 0.00204498977505112 0 0.0189473684210526 0.0173299498669307 0.00122697881007595
"родовой" 0 0 0 0 0 0.00263407438626067 0 0.00408997955010225 0 0.00210526315789474 0.0309463390480906 0.00858885167053165
"ростов" 0.0130667712008363 0.0153180408225788 0 0 0.00532871511356824 0 0 0 0.00335931201289976 0 0.0136163891811599 0.00858885167053165
"русью" 0.0152445664009757 0 0 0.00403575680529491 0.00532871511356824 0 0 0.00204498977505112 0.00335931201289976 0.00210526315789474 0.0222813641146252 0.00368093643022785
"сделали" 0 0.00191475510282235 0.00150364634238027 0.00605363520794237 0.00399653633517618 0.00131703719313033 0.00288783643294444 0.00613496932515337 0.00671862402579952 0.00210526315789474 0.00618926780961812 0.0184046821511392
"сословия" 0 0 0.00902187805428163 0.0100893920132373 0.00532871511356824 0 0 0 0.00671862402579952 0.0421052631578947 0 0
"становились" 0 0 0.00150364634238027 0.00403575680529491 0.021314860454273 0.011853334738173 0.00433175464941666 0.00204498977505112 0.00335931201289976 0.00210526315789474 0.00123785356192362 0.0024539576201519
"судьба" 0.0130667712008363 0.00574426530846705 0.00150364634238027 0.0121072704158847 0.00266435755678412 0.00131703719313033 0.00144391821647222 0.0143149284253579 0.00671862402579952 0.00210526315789474 0.00123785356192362 0.0073618728604557
"требовали" 0.017422361601115 0.0248918163366905 0 0 0 0.003951111579391 0.00577567286588888 0.0102249488752556 0.00335931201289976 0.00421052631578947 0.00123785356192362 0
"убить" 0.00217779520013938 0.0038295102056447 0.00150364634238027 0 0 0.00131703719313033 0 0.00613496932515337 0.00335931201289976 0 0.0123785356192362 0.0220856185813671
"царей" 0.00435559040027876 0.00191475510282235 0.00300729268476054 0.0121072704158847 0.00133217877839206 0.0210725950900853 0.00144391821647222 0.0081799591002045 0 0.00210526315789474 0.00371356068577087 0
"церковных" 0.00435559040027876 0.0038295102056447 0 0.00403575680529491 0.00799307267035236 0.0144874091244337 0.00144391821647222 0.00408997955010225 0.00671862402579952 0.00421052631578947 0.00866497493346537 0
"частей" 0.00435559040027876 0.00191475510282235 0.0105255243966619 0.0121072704158847 0.0133217877839206 0.00263407438626067 0.00433175464941666 0.00204498977505112 0.00335931201289976 0.00210526315789474 0.00247570712384725 0.00122697881007595
"четверти" 0 0 0.00150364634238027 0 0.00133217877839206 0.003951111579391 0.0317662007623888 0 0.00335931201289976 0.0147368421052632 0.00247570712384725 0
"белгород" 0.00435559040027876 0.0134032857197564 0 0 0.00133217877839206 0.00263407438626067 0.0072195910823611 0.00408997955010225 0 0 0.0049514142476945 0.0159507245309874
"большими" 0.00435559040027876 0 0 0.00403575680529491 0.0066608938919603 0.003951111579391 0.0173270185976666 0.00204498977505112 0 0.00421052631578947 0.00742712137154175 0.00368093643022785
"веках" 0.0196001568012544 0 0.00150364634238027 0.00807151361058983 0.00266435755678412 0.00263407438626067 0 0.00204498977505112 0 0.0357894736842105 0 0
"вельможи" 0.00653338560041814 0.0229770612338682 0 0 0.00133217877839206 0.00526814877252134 0.0115513457317778 0.00204498977505112 0.00671862402579952 0 0.00247570712384725 0.00368093643022785
"верхней" 0.00217779520013938 0 0 0.00201787840264746 0.0133217877839206 0.007902223158782 0.0072195910823611 0.00408997955010225 0.00671862402579952 0 0.009902828495389 0.00122697881007595
"взаимные" 0.00435559040027876 0 0.00751823171190136 0.022196662429122 0.00799307267035236 0.007902223158782 0.00144391821647222 0.00408997955010225 0 0.00631578947368421 0 0
"вражды" 0.00217779520013938 0.0038295102056447 0 0.00403575680529491 0 0.00263407438626067 0.00144391821647222 0.0081799591002045 0.013437248051599 0 0.0123785356192362 0.0122697881007595
"встретили" 0.00871118080055752 0.0210623061310458 0 0.00201787840264746 0.00266435755678412 0.00131703719313033 0.00577567286588888 0 0.00335931201289976 0 0.00371356068577087 0.0110428092906835
"высшие" 0 0 0 0.00201787840264746 0.0146539665623127 0.00658518596565167 0.0158831003811944 0 0 0.0147368421052632 0.00123785356192362 0
"главного" 0.00871118080055752 0.0076590204112894 0 0.0121072704158847 0.00399653633517618 0.003951111579391 0.00288783643294444 0.00613496932515337 0.00335931201289976 0 0.00371356068577087 0.00858885167053165
"государевой" 0 0 0 0 0.00399653633517618 0.0210725950900853 0.00433175464941666 0.016359918200409 0.0201558720773985 0 0 0
"данного" 0.00217779520013938 0.0038295102056447 0.0270656341628449 0.00201787840264746 0.00266435755678412 0.003951111579391 0.00144391821647222 0.00408997955010225 0.00671862402579952 0.00631578947368421 0 0.00122697881007595
"деление" 0 0 0.00150364634238027 0.0181609056238271 0.00399653633517618 0.007902223158782 0.00288783643294444 0 0 0.0189473684210526 0.00742712137154175 0
"дуная" 0.0326669280020907 0.00191475510282235 0 0.00807151361058983 0 0 0 0 0 0 0.019805656990778 0
"епископы" 0.00653338560041814 0.0038295102056447 0 0.00403575680529491 0.0159861453407047 0 0.00144391821647222 0.00204498977505112 0 0.00210526315789474 0.0173299498669307 0
"женщины" 0.0108889760006969 0.00191475510282235 0.00150364634238027 0.00201787840264746 0 0 0.00866350929883331 0.00204498977505112 0 0.00421052631578947 0.0235192176765489 0
"жившие" 0.00217779520013938 0 0.00150364634238027 0.00403575680529491 0.00399653633517618 0.00131703719313033 0.0072195910823611 0 0.00335931201289976 0.00631578947368421 0.0235192176765489 0
"задача" 0 0 0.0315765731899857 0.0141251488185322 0 0 0.00144391821647222 0.00204498977505112 0.00335931201289976 0.0105263157894737 0 0
"заседания" 0 0 0 0 0.00532871511356824 0.0408281529870404 0.00144391821647222 0 0 0 0 0
"земском" 0 0 0 0 0.00266435755678412 0.023706669476346 0.00144391821647222 0 0.0167965600644988 0.00210526315789474 0.009902828495389 0.00122697881007595
"зло" 0.00435559040027876 0.00957377551411175 0.00300729268476054 0.00201787840264746 0 0.00263407438626067 0 0.00613496932515337 0.00671862402579952 0.00210526315789474 0.00123785356192362 0.0208586397712912
"императору" 0.0283113376018119 0.0038295102056447 0 0.00201787840264746 0.00266435755678412 0 0 0.00408997955010225 0.00671862402579952 0 0.0111406820573126 0.00613489405037975
"книга" 0.00653338560041814 0 0.0105255243966619 0 0.00532871511356824 0.0223896322832157 0 0.00204498977505112 0.00671862402579952 0.00210526315789474 0.00123785356192362 0
"литература" 0 0 0.0135328170814224 0.0161430272211797 0 0.00131703719313033 0 0 0.0100779360386993 0.0315789473684211 0 0
"мелких" 0 0 0.0105255243966619 0.0121072704158847 0.0119896090055285 0 0.00144391821647222 0.016359918200409 0.013437248051599 0.00210526315789474 0 0
"меч" 0.0196001568012544 0.0229770612338682 0 0 0.00133217877839206 0 0.00577567286588888 0.00204498977505112 0 0 0.00742712137154175 0.00368093643022785
"народных" 0.0283113376018119 0 0.00300729268476054 0.0121072704158847 0.00266435755678412 0.00131703719313033 0 0.00408997955010225 0 0.0147368421052632 0.00371356068577087 0
"насколько" 0 0 0.0180437561085633 0.00403575680529491 0.00932525144874442 0.00526814877252134 0.00433175464941666 0.00613496932515337 0.013437248051599 0 0 0.00122697881007595
"настоящее" 0 0 0.0225546951357041 0.0302681760397118 0 0.00131703719313033 0.00288783643294444 0 0.00335931201289976 0.00421052631578947 0 0
"нашли" 0.00217779520013938 0.0114885306169341 0 0.00605363520794237 0.0066608938919603 0.00131703719313033 0.00144391821647222 0.00204498977505112 0.0100779360386993 0.00842105263157895 0.009902828495389 0.00368093643022785
"недавно" 0.00217779520013938 0 0.0135328170814224 0.00605363520794237 0.00932525144874442 0 0.01299526394825 0.00204498977505112 0 0.00210526315789474 0.00371356068577087 0.0024539576201519
"нечего" 0 0.00191475510282235 0.00902187805428163 0.00605363520794237 0 0.00131703719313033 0.00144391821647222 0 0.00335931201289976 0.00210526315789474 0.009902828495389 0.0171777033410633
"новгородских" 0 0 0 0 0.0186505028974888 0 0.0072195910823611 0 0.00335931201289976 0.00631578947368421 0.0123785356192362 0.00368093643022785
"обязаны" 0.00435559040027876 0 0.00601458536952109 0.00807151361058983 0.00133217877839206 0.00526814877252134 0.0144391821647222 0.00204498977505112 0.00335931201289976 0.00210526315789474 0.00618926780961812 0.00368093643022785
"опричнину" 0 0 0 0 0.00133217877839206 0.015804446317564 0 0.032719836400818 0.0235151840902983 0 0 0
"отечестве" 0.0326669280020907 0.0153180408225788 0 0.00201787840264746 0.00133217877839206 0.0105362975450427 0.00288783643294444 0 0 0.00210526315789474 0 0
"отличие" 0 0 0.0270656341628449 0 0.0106574302271365 0.003951111579391 0.00144391821647222 0.00204498977505112 0.00335931201289976 0 0.0049514142476945 0
"отряд" 0 0.00574426530846705 0.00150364634238027 0 0 0.003951111579391 0.00577567286588888 0 0.00671862402579952 0 0.00742712137154175 0.0208586397712912
"очерк" 0 0 0 0.0343039328450068 0.00399653633517618 0.00131703719313033 0.00288783643294444 0.00408997955010225 0.00671862402579952 0.0189473684210526 0 0
"памятники" 0.0130667712008363 0 0.0150364634238027 0 0.0199826816758809 0.00526814877252134 0 0 0 0.00210526315789474 0 0
"первую" 0.00435559040027876 0.00574426530846705 0.00300729268476054 0.00605363520794237 0.00932525144874442 0.003951111579391 0.00577567286588888 0.00204498977505112 0.00335931201289976 0.00842105263157895 0.00618926780961812 0.00122697881007595
"перешли" 0.0130667712008363 0.0038295102056447 0 0.00605363520794237 0.00266435755678412 0.003951111579391 0 0 0.00335931201289976 0.0126315789473684 0.00618926780961812 0.0098158304806076
"площади" 0.00435559040027876 0.00957377551411175 0 0 0.00266435755678412 0.0105362975450427 0.0158831003811944 0.00408997955010225 0.0100779360386993 0.00421052631578947 0.00123785356192362 0
"политическом" 0 0 0 0.0242145408317695 0.0106574302271365 0.011853334738173 0 0 0 0.0105263157894737 0.00247570712384725 0
"полк" 0 0.0076590204112894 0 0 0.00399653633517618 0.003951111579391 0.00866350929883331 0 0.00335931201289976 0 0.00371356068577087 0.0196316609612152
"посольства" 0.00653338560041814 0.00191475510282235 0 0 0.00266435755678412 0.00526814877252134 0.0375418736282777 0 0 0 0 0
"поставить" 0.00217779520013938 0.00957377551411175 0.00150364634238027 0.0100893920132373 0.00399653633517618 0.007902223158782 0.00433175464941666 0.0102249488752556 0 0.00631578947368421 0.00247570712384725 0.0024539576201519
"потребности" 0.00435559040027876 0 0.00300729268476054 0.00605363520794237 0.00532871511356824 0.00921926035191234 0.0072195910823611 0 0 0.0168421052631579 0.00618926780961812 0
"правду" 0 0.00574426530846705 0.00601458536952109 0 0.00932525144874442 0.00263407438626067 0 0.00204498977505112 0.00335931201289976 0 0.00123785356192362 0.0208586397712912
"правительственное" 0 0 0 0 0.021314860454273 0.015804446317564 0 0.0102249488752556 0.00671862402579952 0 0.00123785356192362 0
"правительством" 0 0.00191475510282235 0 0 0.00532871511356824 0.015804446317564 0.00288783643294444 0.0204498977505112 0.0167965600644988 0.00210526315789474 0.00123785356192362 0
"представляли" 0.0108889760006969 0.0038295102056447 0 0.0100893920132373 0.00532871511356824 0.00263407438626067 0.00866350929883331 0.0122699386503067 0.0100779360386993 0.00421052631578947 0.00123785356192362 0
"представляют" 0.00435559040027876 0 0.0180437561085633 0.0121072704158847 0 0.00263407438626067 0.00866350929883331 0.0081799591002045 0 0.00631578947368421 0.00123785356192362 0
"разряда" 0 0 0.00300729268476054 0 0.0119896090055285 0.0250237066694763 0.00144391821647222 0 0 0.00421052631578947 0.00371356068577087 0
"рати" 0 0.00957377551411175 0 0 0 0 0.00288783643294444 0.0102249488752556 0.00671862402579952 0 0.0049514142476945 0.0220856185813671
"река" 0.0130667712008363 0.0134032857197564 0.00150364634238027 0.00201787840264746 0 0 0.00866350929883331 0 0 0 0.0111406820573126 0.0073618728604557
"рост" 0.00653338560041814 0.00191475510282235 0.00150364634238027 0.00403575680529491 0.00399653633517618 0.00263407438626067 0.00144391821647222 0.00613496932515337 0 0.04 0.00123785356192362 0
"рукою" 0.0239557472015332 0.0153180408225788 0 0.00201787840264746 0 0.00263407438626067 0.00144391821647222 0.0122699386503067 0 0 0.00371356068577087 0.0049079152403038
"следующем" 0 0.0038295102056447 0 0.00201787840264746 0.00266435755678412 0.00263407438626067 0.00144391821647222 0 0 0 0.0136163891811599 0.0208586397712912
"смотрели" 0.00435559040027876 0.0038295102056447 0.00300729268476054 0.00605363520794237 0.00133217877839206 0.003951111579391 0.0144391821647222 0.00204498977505112 0 0.00210526315789474 0.00742712137154175 0.00613489405037975
"собрания" 0.00435559040027876 0.00574426530846705 0.00451093902714082 0.00201787840264746 0.0119896090055285 0.00921926035191234 0.00288783643294444 0.00408997955010225 0.0100779360386993 0.00210526315789474 0.00371356068577087 0
"событиях" 0 0 0.0255619878204646 0.00403575680529491 0.0066608938919603 0 0.00288783643294444 0.00613496932515337 0 0.00421052631578947 0.00371356068577087 0.0024539576201519
"советниками" 0 0 0 0 0.0199826816758809 0.0131703719313033 0.00144391821647222 0 0.00671862402579952 0 0.00866497493346537 0.00122697881007595
"созвал" 0.00217779520013938 0.0076590204112894 0 0 0.0119896090055285 0.003951111579391 0 0.00408997955010225 0.00335931201289976 0 0.00742712137154175 0.0122697881007595
"ставили" 0.00217779520013938 0.00191475510282235 0.00601458536952109 0.00403575680529491 0.00266435755678412 0.00921926035191234 0.01299526394825 0.0081799591002045 0.00671862402579952 0 0.0049514142476945 0
"старших" 0 0 0.00150364634238027 0.00403575680529491 0.0146539665623127 0.00658518596565167 0 0 0 0 0.0049514142476945 0.0159507245309874
"судом" 0.00435559040027876 0 0 0 0.021314860454273 0.011853334738173 0.00288783643294444 0.00408997955010225 0.00335931201289976 0.00210526315789474 0.00371356068577087 0
"территории" 0 0 0.00751823171190136 0.0161430272211797 0.00932525144874442 0.00263407438626067 0 0.00204498977505112 0.0100779360386993 0.0210526315789474 0 0
"тесном" 0 0.00191475510282235 0.0150364634238027 0.0161430272211797 0.00532871511356824 0.003951111579391 0 0 0 0.00210526315789474 0.00866497493346537 0.0024539576201519
"титул" 0 0 0.00150364634238027 0.00201787840264746 0.0133217877839206 0.00526814877252134 0.0101074275153055 0.016359918200409 0.0100779360386993 0 0.00247570712384725 0
"удельной" 0 0 0 0 0.0253113967894491 0.00921926035191234 0 0 0 0.0210526315789474 0 0
"указал" 0 0.0038295102056447 0.00150364634238027 0 0.00133217877839206 0.031608892635128 0.00144391821647222 0.00613496932515337 0.00671862402579952 0.00210526315789474 0.00123785356192362 0
"указу" 0 0 0 0 0.00133217877839206 0.0342429670213887 0.0072195910823611 0.0081799591002045 0 0 0 0
"ума" 0.0217779520013938 0.0038295102056447 0.00150364634238027 0.0161430272211797 0 0 0 0.00204498977505112 0.0335931201289976 0.00631578947368421 0 0.00122697881007595
"умел" 0.0108889760006969 0.0134032857197564 0 0 0.00133217877839206 0.00263407438626067 0.00288783643294444 0.0122699386503067 0 0 0.0049514142476945 0.0110428092906835
"фактами" 0 0 0.0511239756409293 0 0 0.00131703719313033 0 0 0 0.00210526315789474 0 0
"характеру" 0.00435559040027876 0 0 0.00605363520794237 0.00799307267035236 0.00921926035191234 0.00866350929883331 0.00613496932515337 0.00335931201289976 0.00421052631578947 0.00618926780961812 0.00122697881007595
"цари" 0.0130667712008363 0.00191475510282235 0 0.0100893920132373 0.00133217877839206 0.0171214835106943 0.00144391821647222 0.0102249488752556 0 0 0.00371356068577087 0.00122697881007595
"церковной" 0.00217779520013938 0.0038295102056447 0.00300729268476054 0.00201787840264746 0.00532871511356824 0.0223896322832157 0.00288783643294444 0.00613496932515337 0.00671862402579952 0.00210526315789474 0.00123785356192362 0
"ч" 0 0 0.00300729268476054 0 0.00799307267035236 0.00921926035191234 0.0245466096800277 0 0 0.00842105263157895 0 0
"черного" 0.0304891328019513 0.00574426530846705 0 0.00807151361058983 0.00532871511356824 0 0 0 0.00335931201289976 0.00210526315789474 0.00866497493346537 0.0024539576201519
"бояры" 0 0 0 0 0.0066608938919603 0.0329259298282584 0.00144391821647222 0.00408997955010225 0.00671862402579952 0 0 0
"бывшие" 0.00871118080055752 0 0.00300729268476054 0.00605363520794237 0.0133217877839206 0.00526814877252134 0.00288783643294444 0.0122699386503067 0.00335931201289976 0.00421052631578947 0.00123785356192362 0
"важным" 0 0.0038295102056447 0.00451093902714082 0.00201787840264746 0.0106574302271365 0.003951111579391 0.0158831003811944 0 0 0.00421052631578947 0.00618926780961812 0
"вверх" 0.00217779520013938 0.00574426530846705 0 0.00403575680529491 0 0.00131703719313033 0.0187709368141388 0.00613496932515337 0.00335931201289976 0 0.0111406820573126 0.0024539576201519
"владельцев" 0.00217779520013938 0 0 0.00807151361058983 0.00799307267035236 0.00526814877252134 0 0.0184049079754601 0.0100779360386993 0.00210526315789474 0.0049514142476945 0.00368093643022785
"владимирка" 0 0.0268065714395129 0 0 0 0 0 0 0 0 0 0.025766555011595
"выйти" 0.00435559040027876 0.00191475510282235 0.00150364634238027 0.00403575680529491 0.00133217877839206 0.00526814877252134 0.0072195910823611 0.00408997955010225 0.00335931201289976 0 0.009902828495389 0.0098158304806076
"германских" 0.0108889760006969 0.00191475510282235 0.00601458536952109 0.0262324192344169 0 0 0 0 0 0.00631578947368421 0.0111406820573126 0
"глаза" 0.00435559040027876 0.00957377551411175 0.00300729268476054 0.00403575680529491 0.00399653633517618 0.003951111579391 0.0101074275153055 0.0081799591002045 0 0.00421052631578947 0.00247570712384725 0.00368093643022785
"городского" 0 0.00191475510282235 0.00150364634238027 0.0100893920132373 0.0279757543462333 0.00131703719313033 0.00144391821647222 0 0 0 0.0049514142476945 0.00122697881007595
"господ" 0 0 0 0.00807151361058983 0.0186505028974888 0.00263407438626067 0.00144391821647222 0.0122699386503067 0.0100779360386993 0.00842105263157895 0.00123785356192362 0
"государевых" 0 0 0 0 0.00799307267035236 0.0223896322832157 0.0101074275153055 0.0102249488752556 0 0 0 0
"гражданских" 0.0217779520013938 0.0153180408225788 0 0.00605363520794237 0.00133217877839206 0.00526814877252134 0.00288783643294444 0 0 0.00631578947368421 0.00371356068577087 0.00122697881007595
"грозным" 0.00435559040027876 0.00574426530846705 0 0 0 0.003951111579391 0.00144391821647222 0.0265848670756646 0.0436710561676969 0 0 0
"данные" 0.00217779520013938 0 0.0210510487933238 0 0 0.003951111579391 0.00144391821647222 0.0081799591002045 0.00335931201289976 0.0210526315789474 0.00123785356192362 0
"делает" 0.00435559040027876 0.00191475510282235 0.00451093902714082 0.0100893920132373 0.00532871511356824 0.011853334738173 0.00577567286588888 0 0 0.0105263157894737 0.00123785356192362 0.00122697881007595
"дона" 0.0239557472015332 0.00957377551411175 0 0 0.00133217877839206 0 0.00577567286588888 0.00204498977505112 0.00335931201289976 0 0.0111406820573126 0.00368093643022785
"древлян" 0.0196001568012544 0 0 0 0.00399653633517618 0 0 0 0 0.00210526315789474 0.0272327783623197 0
"дяде" 0 0.0153180408225788 0 0 0.00399653633517618 0.00131703719313033 0 0 0 0 0.00247570712384725 0.025766555011595
"жизнью" 0.00217779520013938 0 0.00601458536952109 0.0262324192344169 0.00133217877839206 0.00526814877252134 0.00144391821647222 0.00408997955010225 0.00671862402579952 0.0126315789473684 0 0.00122697881007595
"звания" 0.00217779520013938 0 0 0 0.0186505028974888 0.019755557896955 0.00577567286588888 0 0 0 0.00123785356192362 0
"землевладение" 0 0 0.00150364634238027 0.00807151361058983 0.0133217877839206 0.00526814877252134 0 0.00408997955010225 0.013437248051599 0.0210526315789474 0 0
"значительной" 0 0 0.00451093902714082 0.00605363520794237 0.00399653633517618 0.003951111579391 0.00288783643294444 0.00204498977505112 0.00335931201289976 0.04 0 0
"золотом" 0.0239557472015332 0.0191475510282235 0 0 0 0 0.00433175464941666 0.00204498977505112 0 0 0.00866497493346537 0.00368093643022785
"историческую" 0 0 0.0225546951357041 0.0242145408317695 0 0 0 0 0.00671862402579952 0.00631578947368421 0.00247570712384725 0.00122697881007595
"книг" 0.0108889760006969 0 0.00601458536952109 0.00403575680529491 0.0066608938919603 0.00921926035191234 0 0.00204498977505112 0.0100779360386993 0.00421052631578947 0.00742712137154175 0
"княжил" 0.00871118080055752 0.0172327959254011 0 0 0.00266435755678412 0 0 0 0 0 0.0049514142476945 0.0196316609612152
"количестве" 0 0 0.00601458536952109 0 0.00266435755678412 0 0.0259905278964999 0 0.00335931201289976 0.0189473684210526 0.00123785356192362 0
"комиссии" 0 0 0 0 0.00133217877839206 0.0421451901801707 0 0.00204498977505112 0.00335931201289976 0 0 0
"королем" 0.00653338560041814 0.0210623061310458 0 0 0.00133217877839206 0.00263407438626067 0 0 0.0201558720773985 0 0.0049514142476945 0.0098158304806076
"литву" 0.00435559040027876 0.00191475510282235 0 0.00201787840264746 0.00399653633517618 0.003951111579391 0.0072195910823611 0.00613496932515337 0.0403117441547971 0 0.00371356068577087 0.0024539576201519
"лично" 0.00217779520013938 0.00574426530846705 0.00451093902714082 0.0100893920132373 0.00399653633517618 0.00658518596565167 0.00288783643294444 0.0122699386503067 0.0201558720773985 0 0 0.00122697881007595
"младший" 0 0.00191475510282235 0.00150364634238027 0 0.00532871511356824 0.00263407438626067 0.00144391821647222 0.0102249488752556 0.00335931201289976 0 0.00742712137154175 0.0171777033410633
"называть" 0 0 0.033080219532366 0.00403575680529491 0.00532871511356824 0.00131703719313033 0.00144391821647222 0.00204498977505112 0 0.00210526315789474 0 0.00368093643022785
"наукою" 0 0 0.049620329298549 0 0 0 0 0 0 0 0.00247570712384725 0
"началась" 0 0.0038295102056447 0 0.0100893920132373 0.00266435755678412 0.00263407438626067 0.00144391821647222 0.0143149284253579 0.0201558720773985 0 0.00742712137154175 0.0049079152403038
"началось" 0.00435559040027876 0.0038295102056447 0 0.0242145408317695 0.00266435755678412 0.003951111579391 0 0.0081799591002045 0.0167965600644988 0.00631578947368421 0.00123785356192362 0.00122697881007595
"нашем" 0.0196001568012544 0.0134032857197564 0.0120291707390422 0.00201787840264746 0.00133217877839206 0.00131703719313033 0.00144391821647222 0 0.00335931201289976 0.00631578947368421 0.00247570712384725 0.00122697881007595
"недалеко" 0.00653338560041814 0.00191475510282235 0 0 0.00133217877839206 0.00263407438626067 0.0259905278964999 0 0 0.00210526315789474 0.00618926780961812 0.0049079152403038
"независимо" 0 0.00191475510282235 0.00451093902714082 0 0.0133217877839206 0.0105362975450427 0 0.00408997955010225 0.00671862402579952 0.00631578947368421 0.00742712137154175 0
"немногие" 0.00435559040027876 0.00191475510282235 0 0.00403575680529491 0.00399653633517618 0.003951111579391 0.0216587732470833 0.00408997955010225 0.00671862402579952 0.00631578947368421 0.00247570712384725 0
"новому" 0.00217779520013938 0.0038295102056447 0.00300729268476054 0.0181609056238271 0.00266435755678412 0.00263407438626067 0 0.0102249488752556 0.00671862402579952 0.00421052631578947 0.00866497493346537 0.00122697881007595
"нынешней" 0.0304891328019513 0.00957377551411175 0 0 0 0.00131703719313033 0.00144391821647222 0.00204498977505112 0.00335931201289976 0 0.0148542427430835 0
"обещал" 0.00217779520013938 0.0153180408225788 0 0 0.00266435755678412 0.00131703719313033 0.00433175464941666 0.00613496932515337 0.00335931201289976 0 0.00371356068577087 0.0159507245309874
"областных" 0 0 0 0 0.021314860454273 0.011853334738173 0.0072195910823611 0 0 0.0105263157894737 0 0
"одновременно" 0 0 0.00451093902714082 0.0161430272211797 0.00532871511356824 0.00526814877252134 0.00433175464941666 0.0081799591002045 0.0167965600644988 0.00421052631578947 0.00247570712384725 0
"отношениями" 0 0 0.00902187805428163 0 0.0106574302271365 0.0105362975450427 0.00144391821647222 0 0.00335931201289976 0.00842105263157895 0.00371356068577087 0.0049079152403038
"отпустил" 0.00653338560041814 0.0114885306169341 0 0 0 0 0.00144391821647222 0.00204498977505112 0 0 0.00618926780961812 0.023312597391443
"отцы" 0.00653338560041814 0.0114885306169341 0 0.00201787840264746 0.0146539665623127 0.00658518596565167 0.00288783643294444 0.00204498977505112 0 0 0.00247570712384725 0.0049079152403038
"поместья" 0 0 0.00150364634238027 0.0100893920132373 0 0.0105362975450427 0.0158831003811944 0.00408997955010225 0.0201558720773985 0.00421052631578947 0 0
"производства" 0 0 0.00451093902714082 0.00807151361058983 0 0.003951111579391 0.00144391821647222 0 0 0.0484210526315789 0.00123785356192362 0
"промышленность" 0.00435559040027876 0.00191475510282235 0.00150364634238027 0.0121072704158847 0 0 0.00144391821647222 0 0 0.04 0.00618926780961812 0
"процессе" 0 0 0.0285692805052252 0.0141251488185322 0.00133217877839206 0.00263407438626067 0 0 0.00671862402579952 0.00842105263157895 0 0
"северные" 0.00435559040027876 0.0038295102056447 0 0 0.00133217877839206 0 0.00144391821647222 0 0.00335931201289976 0.00210526315789474 0.0272327783623197 0.00613489405037975
"славу" 0.0261335424016725 0.00957377551411175 0.00451093902714082 0 0.00133217877839206 0.00131703719313033 0 0.00204498977505112 0.00671862402579952 0.00210526315789474 0.00371356068577087 0.0073618728604557
"сохранилось" 0.00653338560041814 0 0.00601458536952109 0.00201787840264746 0.00532871511356824 0.00526814877252134 0.00144391821647222 0.0081799591002045 0.013437248051599 0.00210526315789474 0.0111406820573126 0
"союзники" 0.00435559040027876 0.0344655918508023 0 0 0 0 0 0.00204498977505112 0 0 0 0.0171777033410633
"союзы" 0.00653338560041814 0.0076590204112894 0.00300729268476054 0.0100893920132373 0.00799307267035236 0 0 0.00204498977505112 0 0.0273684210526316 0 0.00122697881007595
"старался" 0.00653338560041814 0.0325508367479799 0.00150364634238027 0.00201787840264746 0.00133217877839206 0.00131703719313033 0.00433175464941666 0.00408997955010225 0 0 0.00618926780961812 0.00122697881007595
"старцев" 0.0152445664009757 0 0 0 0.0199826816758809 0.003951111579391 0 0 0 0.00421052631578947 0.009902828495389 0
"товарами" 0.00435559040027876 0 0.00150364634238027 0 0 0 0.0346540371953333 0.00204498977505112 0 0 0.00618926780961812 0.0024539576201519
"ум" 0.017422361601115 0.00574426530846705 0.00300729268476054 0.0141251488185322 0 0.00526814877252134 0 0.00408997955010225 0.0201558720773985 0.00421052631578947 0.00123785356192362 0
"управлением" 0 0 0 0 0.0266435755678412 0.0144874091244337 0.00433175464941666 0.00204498977505112 0 0 0 0
"уступил" 0 0.0306360816451576 0 0.00201787840264746 0.00266435755678412 0.003951111579391 0 0.00408997955010225 0 0 0.00123785356192362 0.0122697881007595
"учреждением" 0 0 0 0.00403575680529491 0.0119896090055285 0.0263407438626067 0.00144391821647222 0 0.00335931201289976 0.00421052631578947 0 0
"факта" 0 0 0.0315765731899857 0.00807151361058983 0.00799307267035236 0.00263407438626067 0 0.00204498977505112 0 0.00210526315789474 0 0
"цивилизация" 0 0 0.00451093902714082 0.0625542304820711 0 0 0 0 0 0 0.00123785356192362 0
"частию" 0.0217779520013938 0.0134032857197564 0 0 0.00266435755678412 0.0105362975450427 0 0 0 0 0.00742712137154175 0.0024539576201519
"черта" 0.00217779520013938 0 0.00451093902714082 0.00807151361058983 0.00799307267035236 0.00526814877252134 0.0072195910823611 0.00408997955010225 0.0100779360386993 0.00842105263157895 0.00371356068577087 0
"честию" 0.0152445664009757 0.0248918163366905 0 0 0.0066608938919603 0 0.00144391821647222 0 0 0 0.00123785356192362 0.0098158304806076
"экономические" 0 0 0.00150364634238027 0.00807151361058983 0.00799307267035236 0.00526814877252134 0 0 0.00335931201289976 0.04 0 0
"этою" 0 0 0.00902187805428163 0.00605363520794237 0 0.003951111579391 0.00433175464941666 0.00613496932515337 0.00671862402579952 0 0.00247570712384725 0.0159507245309874
"болезни" 0.00435559040027876 0.0038295102056447 0.00300729268476054 0.00201787840264746 0 0.00131703719313033 0.00144391821647222 0.0204498977505112 0.0167965600644988 0.00842105263157895 0.00247570712384725 0.0049079152403038
"вами" 0.0108889760006969 0.0038295102056447 0.00150364634238027 0 0 0.00131703719313033 0 0.0143149284253579 0.00335931201289976 0 0.00742712137154175 0.0134967669108354
"варварами" 0.00435559040027876 0.0076590204112894 0 0.0141251488185322 0 0 0 0 0 0 0.0148542427430835 0.0110428092906835
"верх" 0.00217779520013938 0 0 0.00403575680529491 0.0066608938919603 0.019755557896955 0 0.0081799591002045 0 0.00210526315789474 0.00371356068577087 0.00368093643022785
"византийские" 0.0392003136025088 0.00957377551411175 0.00150364634238027 0.00807151361058983 0.00399653633517618 0 0 0 0 0.00210526315789474 0.00247570712384725 0
"гражданского" 0.0217779520013938 0.0038295102056447 0.00601458536952109 0.00201787840264746 0.00799307267035236 0.007902223158782 0.00288783643294444 0 0 0.00631578947368421 0 0
"границах" 0.00435559040027876 0.00191475510282235 0.00150364634238027 0.00403575680529491 0.00266435755678412 0.00263407438626067 0.00577567286588888 0.00408997955010225 0.0167965600644988 0 0.00866497493346537 0.0073618728604557
"губернии" 0.0283113376018119 0.0134032857197564 0 0 0 0.00131703719313033 0.00288783643294444 0 0 0.0126315789473684 0.00618926780961812 0
"дай" 0.00435559040027876 0.0076590204112894 0 0 0 0.00131703719313033 0 0.00204498977505112 0 0 0.0049514142476945 0.0269935338216709
"добровольно" 0.017422361601115 0.0191475510282235 0 0 0.00799307267035236 0.00263407438626067 0.00144391821647222 0.00408997955010225 0 0 0.00371356068577087 0.0024539576201519
"дохода" 0 0 0 0 0.00799307267035236 0.00263407438626067 0.0158831003811944 0.00613496932515337 0 0.0252631578947368 0 0
"дьяка" 0 0 0 0 0.00532871511356824 0.0263407438626067 0.0072195910823611 0.0081799591002045 0.00335931201289976 0 0 0
"жалованья" 0.00217779520013938 0.00191475510282235 0 0 0.0066608938919603 0.00526814877252134 0.0259905278964999 0.00613496932515337 0.00671862402579952 0 0 0
"завоевание" 0.00871118080055752 0.00574426530846705 0 0.0383396896503017 0 0 0 0.00408997955010225 0.00335931201289976 0 0.00618926780961812 0
"иване" 0 0 0.00150364634238027 0 0.0133217877839206 0.0171214835106943 0 0.00408997955010225 0.0201558720773985 0.00210526315789474 0 0.00122697881007595
"иванович" 0 0 0.00601458536952109 0 0.0106574302271365 0.003951111579391 0.00288783643294444 0.0204498977505112 0.00671862402579952 0 0.00371356068577087 0.0024539576201519
"избрания" 0 0 0 0.00201787840264746 0 0.003951111579391 0 0.0572597137014315 0.00335931201289976 0 0 0.00122697881007595
"известию" 0.0304891328019513 0.00957377551411175 0 0 0 0.00263407438626067 0.0115513457317778 0 0.00335931201289976 0 0.00371356068577087 0.00122697881007595
"известную" 0.00653338560041814 0.00191475510282235 0.0105255243966619 0.0100893920132373 0.00399653633517618 0.00921926035191234 0.00433175464941666 0 0.00335931201289976 0.00210526315789474 0.00371356068577087 0
"известным" 0 0 0.0195474024509435 0.00201787840264746 0.00266435755678412 0.00263407438626067 0.00288783643294444 0.00204498977505112 0 0.0168421052631579 0.00247570712384725 0.00368093643022785
"изучении" 0 0 0.0345838658747463 0.00605363520794237 0 0.00263407438626067 0 0 0.00335931201289976 0.0105263157894737 0 0
"империю" 0.0130667712008363 0.0038295102056447 0 0.0423754464555966 0.00133217877839206 0 0 0.00204498977505112 0 0.00210526315789474 0.00247570712384725 0
"иной" 0.00217779520013938 0.0038295102056447 0.0105255243966619 0.00201787840264746 0.00532871511356824 0.003951111579391 0 0.0143149284253579 0.0167965600644988 0.00842105263157895 0 0
"каждое" 0.00217779520013938 0 0.0120291707390422 0.00605363520794237 0.0066608938919603 0.00526814877252134 0.00866350929883331 0.00204498977505112 0 0.00842105263157895 0.00123785356192362 0.00122697881007595
"казань" 0 0 0 0 0 0.00263407438626067 0.0101074275153055 0 0.0705455522708949 0.00210526315789474 0.00371356068577087 0
"книге" 0.00217779520013938 0 0.016540109766183 0.00605363520794237 0.00399653633517618 0.0105362975450427 0.00144391821647222 0.00408997955010225 0.00335931201289976 0.00421052631578947 0.00247570712384725 0
"критики" 0.00217779520013938 0 0.0390948049018871 0.00807151361058983 0 0 0 0.00408997955010225 0 0.00210526315789474 0 0
"культурного" 0 0 0.00751823171190136 0.0585184736767762 0 0 0 0 0 0 0 0
"личного" 0 0 0.00601458536952109 0.00807151361058983 0.00932525144874442 0.011853334738173 0.00144391821647222 0.00613496932515337 0.0100779360386993 0.00631578947368421 0 0
"метод" 0 0 0.0405984512442674 0.00201787840264746 0 0 0 0 0.0100779360386993 0.00631578947368421 0 0
"монеты" 0.00435559040027876 0.00191475510282235 0.00300729268476054 0.00201787840264746 0.00266435755678412 0.00131703719313033 0.0274344461129722 0 0 0 0.00742712137154175 0
"наместник" 0 0.00191475510282235 0 0 0.0293079331246253 0.003951111579391 0.0072195910823611 0 0.00671862402579952 0 0.00123785356192362 0
"направлении" 0 0 0.0105255243966619 0.0100893920132373 0.00799307267035236 0.00921926035191234 0.00144391821647222 0.00204498977505112 0 0.0147368421052632 0 0
"немцев" 0.00217779520013938 0.00191475510282235 0.00451093902714082 0.00403575680529491 0.0133217877839206 0 0.0101074275153055 0.00408997955010225 0.00335931201289976 0 0.00742712137154175 0.00122697881007595
"новегороде" 0.017422361601115 0.0478688775705587 0 0 0 0 0 0 0 0.00210526315789474 0 0
"оки" 0.0108889760006969 0.0038295102056447 0 0 0.0066608938919603 0.00658518596565167 0.00288783643294444 0.0081799591002045 0.0100779360386993 0.00210526315789474 0.00866497493346537 0
"опричнине" 0 0 0 0 0 0.0250237066694763 0 0.0184049079754601 0.0201558720773985 0 0 0
"письмо" 0.00217779520013938 0.00957377551411175 0.00601458536952109 0 0 0.00526814877252134 0.0101074275153055 0.0122699386503067 0.0201558720773985 0 0 0.00122697881007595
"поводу" 0 0 0.0150364634238027 0.00403575680529491 0.00799307267035236 0.0105362975450427 0.00144391821647222 0.00613496932515337 0.0100779360386993 0 0 0.00122697881007595
"политика" 0.00653338560041814 0.0038295102056447 0.00300729268476054 0.00201787840264746 0.00399653633517618 0.00263407438626067 0 0.0204498977505112 0.0235151840902983 0.00421052631578947 0.00247570712384725 0
"полном" 0 0 0.00451093902714082 0.0161430272211797 0.00532871511356824 0.00658518596565167 0 0.0122699386503067 0.0100779360386993 0.00421052631578947 0.00123785356192362 0.0024539576201519
"положили" 0 0.0038295102056447 0 0.0121072704158847 0.00266435755678412 0.00526814877252134 0.00288783643294444 0.00204498977505112 0.00335931201289976 0 0.00742712137154175 0.0122697881007595
"получила" 0.00217779520013938 0.00191475510282235 0.00451093902714082 0.0121072704158847 0.00399653633517618 0.003951111579391 0.00144391821647222 0.0122699386503067 0.0167965600644988 0 0.0049514142476945 0.00122697881007595
"понимали" 0 0 0.00150364634238027 0.0141251488185322 0.00399653633517618 0.003951111579391 0.0101074275153055 0.0081799591002045 0.0201558720773985 0 0.00247570712384725 0.00122697881007595
"послами" 0.00217779520013938 0.00191475510282235 0 0 0.0146539665623127 0.00921926035191234 0.00866350929883331 0.00204498977505112 0 0 0.0049514142476945 0.00368093643022785
"послушался" 0 0 0 0 0.00133217877839206 0 0 0 0 0 0.00742712137154175 0.0331284278720506
"прогресса" 0 0 0.0180437561085633 0.044393324858244 0 0 0 0 0 0 0 0
"происхождению" 0.00217779520013938 0 0 0.00403575680529491 0.022647039232665 0.0105362975450427 0.00144391821647222 0.00408997955010225 0.00335931201289976 0.00210526315789474 0.00123785356192362 0
"простые" 0.00871118080055752 0 0.00300729268476054 0 0.0066608938919603 0.0131703719313033 0.0115513457317778 0.00408997955010225 0.00335931201289976 0 0 0.0024539576201519
"радостию" 0.00871118080055752 0.0210623061310458 0 0 0 0.00131703719313033 0 0 0 0 0.0049514142476945 0.0171777033410633
"римских" 0.0130667712008363 0 0.00451093902714082 0.0343039328450068 0 0 0.00288783643294444 0 0 0.00421052631578947 0.0049514142476945 0
"роман" 0.00435559040027876 0.0076590204112894 0.00601458536952109 0 0.00133217877839206 0 0 0 0 0 0 0.0282205126317468
"руку" 0.0130667712008363 0.00957377551411175 0.00150364634238027 0 0.00133217877839206 0.007902223158782 0.00288783643294444 0.0081799591002045 0.00671862402579952 0.00210526315789474 0.00618926780961812 0.00122697881007595
"русском" 0.00435559040027876 0.00191475510282235 0.00150364634238027 0 0.00399653633517618 0.00263407438626067 0.0202148550306111 0 0.00671862402579952 0.00631578947368421 0.0049514142476945 0.0024539576201519
"систему" 0.00435559040027876 0.0038295102056447 0.00451093902714082 0.0181609056238271 0.00532871511356824 0.00263407438626067 0.00288783643294444 0 0.00335931201289976 0.0105263157894737 0.0049514142476945 0
"состава" 0.00217779520013938 0 0.00150364634238027 0.00605363520794237 0.0159861453407047 0.015804446317564 0 0.0081799591002045 0 0.00210526315789474 0 0
"состояло" 0.00435559040027876 0.00191475510282235 0 0.00605363520794237 0.0173183241190968 0.00921926035191234 0.00288783643294444 0.00204498977505112 0 0.00210526315789474 0.0049514142476945 0
"средство" 0 0.00191475510282235 0.00451093902714082 0.00201787840264746 0.00133217877839206 0.00526814877252134 0.00144391821647222 0.0102249488752556 0.00335931201289976 0.00210526315789474 0.0160920963050071 0.00368093643022785
"судей" 0.00871118080055752 0.00191475510282235 0.00451093902714082 0 0.00799307267035236 0.0184385207038247 0.00866350929883331 0 0 0 0 0
"тайно" 0.00435559040027876 0.038295102056447 0 0 0 0.00526814877252134 0.00144391821647222 0.00613496932515337 0 0 0.00247570712384725 0.0024539576201519
"торговлю" 0.0130667712008363 0.00191475510282235 0 0 0.00133217877839206 0 0.0202148550306111 0.00204498977505112 0 0.00631578947368421 0.00742712137154175 0.0024539576201519
"точка" 0 0 0.0300729268476054 0.0141251488185322 0 0 0.00144391821647222 0 0.00335931201289976 0.0105263157894737 0 0
"точнее" 0 0 0 0.00201787840264746 0.0146539665623127 0.00921926035191234 0.00577567286588888 0.0102249488752556 0.00335931201289976 0.00631578947368421 0.00247570712384725 0
"требует" 0.0108889760006969 0.0114885306169341 0.0120291707390422 0.00403575680529491 0.00133217877839206 0 0.00288783643294444 0 0 0.0105263157894737 0.00618926780961812 0
"узнал" 0.00435559040027876 0.00574426530846705 0 0.00201787840264746 0 0.00131703719313033 0.00144391821647222 0.0102249488752556 0.013437248051599 0 0.00742712137154175 0.0134967669108354
"уложение" 0 0 0 0 0.00266435755678412 0.035560004214519 0 0.00613496932515337 0.00671862402579952 0 0 0
"умершего" 0.0108889760006969 0.0229770612338682 0.00150364634238027 0 0.00133217877839206 0.00658518596565167 0 0 0 0 0.00866497493346537 0.00368093643022785
"царствование" 0.00653338560041814 0 0.00150364634238027 0 0.00133217877839206 0.0131703719313033 0.0187709368141388 0.0081799591002045 0 0.00210526315789474 0.00123785356192362 0
"человеческого" 0.00653338560041814 0.0038295102056447 0.0105255243966619 0.0242145408317695 0.00133217877839206 0 0.00433175464941666 0 0 0.00842105263157895 0.00123785356192362 0.00122697881007595
"член" 0 0 0.0210510487933238 0.00403575680529491 0.00266435755678412 0.00526814877252134 0.00144391821647222 0 0.00335931201289976 0.00210526315789474 0.0049514142476945 0.00613489405037975
"юрию" 0 0 0 0 0.00266435755678412 0 0 0 0 0 0 0.0392633219224304
"la" 0 0 0.0150364634238027 0 0 0 0.033210118978861 0.00204498977505112 0 0 0 0
"of" 0 0 0.00601458536952109 0 0 0.00526814877252134 0.0346540371953333 0.00408997955010225 0 0 0 0
"александра" 0.00217779520013938 0.00191475510282235 0.00300729268476054 0.0242145408317695 0.00399653633517618 0 0 0.0184049079754601 0 0.00421052631578947 0.00371356068577087 0
"благ" 0 0.00191475510282235 0 0 0 0 0 0.00408997955010225 0 0.0610526315789474 0.00123785356192362 0
"богатые" 0.0196001568012544 0.0038295102056447 0 0.00403575680529491 0.00266435755678412 0.00131703719313033 0.0072195910823611 0 0.00335931201289976 0.00631578947368421 0.00371356068577087 0.00613489405037975
"богом" 0.00871118080055752 0.00574426530846705 0 0 0.00399653633517618 0 0 0.00408997955010225 0.00335931201289976 0.00210526315789474 0.0049514142476945 0.0184046821511392
"боярах" 0.00435559040027876 0 0 0 0.022647039232665 0.011853334738173 0 0 0.00671862402579952 0.00210526315789474 0.00123785356192362 0.00122697881007595
"боясь" 0.017422361601115 0.0248918163366905 0.00150364634238027 0.00201787840264746 0 0 0.00144391821647222 0.00408997955010225 0 0 0.00247570712384725 0.00613489405037975
"бывший" 0.00217779520013938 0.00957377551411175 0.00451093902714082 0.00201787840264746 0.00932525144874442 0.00921926035191234 0.00288783643294444 0.00408997955010225 0.00671862402579952 0 0.00123785356192362 0.0024539576201519
"владимирова" 0.0108889760006969 0.0153180408225788 0 0 0.00266435755678412 0 0 0 0 0.00210526315789474 0.0160920963050071 0.0049079152403038
"внук" 0 0.0287213265423352 0 0 0.00799307267035236 0.00263407438626067 0 0 0 0.00210526315789474 0.00247570712384725 0.00858885167053165
"возникла" 0 0 0.0105255243966619 0.0201787840264746 0.00133217877839206 0.00526814877252134 0.00577567286588888 0.00613496932515337 0 0.00210526315789474 0.00371356068577087 0
"восточные" 0.00653338560041814 0 0 0.0242145408317695 0.00266435755678412 0 0.00866350929883331 0 0 0.00210526315789474 0.009902828495389 0.00122697881007595
"второе" 0.0130667712008363 0.00574426530846705 0.00451093902714082 0 0.00399653633517618 0.00658518596565167 0.00288783643294444 0 0.00335931201289976 0.00421052631578947 0.0049514142476945 0.0049079152403038
"вячеславу" 0 0.0172327959254011 0 0 0 0 0 0 0 0 0 0.0294474914418228
"галицкого" 0 0.0172327959254011 0 0 0.00532871511356824 0 0 0 0 0 0.00123785356192362 0.023312597391443
"гр" 0 0 0 0 0.0146539665623127 0.0184385207038247 0 0 0 0.0168421052631579 0 0
"грекам" 0.0261335424016725 0.00574426530846705 0 0.0141251488185322 0 0 0 0.00204498977505112 0 0 0.0111406820573126 0.00122697881007595
"гривны" 0.00435559040027876 0.0421246122620917 0 0 0.00799307267035236 0 0.00144391821647222 0 0 0 0.00247570712384725 0
"данной" 0.00217779520013938 0 0.0240583414780844 0.00201787840264746 0.00399653633517618 0.00131703719313033 0.00144391821647222 0.00204498977505112 0.00335931201289976 0.00842105263157895 0.00247570712384725 0.0024539576201519
"дары" 0.0217779520013938 0.0153180408225788 0 0.00201787840264746 0 0 0 0 0 0.00421052631578947 0.00866497493346537 0.00613489405037975
"дворянства" 0 0 0 0.00201787840264746 0.00799307267035236 0.0144874091244337 0.00144391821647222 0.00204498977505112 0.00671862402579952 0.0231578947368421 0 0
"деревни" 0.00435559040027876 0 0.00300729268476054 0 0.0119896090055285 0.007902223158782 0.01299526394825 0.00204498977505112 0.00335931201289976 0.00210526315789474 0.00123785356192362 0.00122697881007595
"договоре" 0.0130667712008363 0 0 0.00201787840264746 0.00799307267035236 0.011853334738173 0 0 0 0 0.0111406820573126 0.0024539576201519
"доклад" 0 0 0 0 0.00532871511356824 0.0381940786007797 0 0 0 0 0 0
"доклада" 0 0 0 0 0.00799307267035236 0.0342429670213887 0.00144391821647222 0 0 0 0 0
"иного" 0.00871118080055752 0.0153180408225788 0.00451093902714082 0.00201787840264746 0.00133217877839206 0.00526814877252134 0.00288783643294444 0.0143149284253579 0.00335931201289976 0.00210526315789474 0.00123785356192362 0
"капитал" 0 0 0 0 0.0119896090055285 0.00131703719313033 0 0 0 0.0484210526315789 0 0
"карамзин" 0 0 0.00300729268476054 0 0.00133217877839206 0.00921926035191234 0.00144391821647222 0.0204498977505112 0.0369524321418973 0.00210526315789474 0 0
"киевские" 0.0239557472015332 0.0210623061310458 0 0 0.00133217877839206 0.00131703719313033 0.00144391821647222 0 0 0 0.00123785356192362 0.00858885167053165
"константинополе" 0.0261335424016725 0.00574426530846705 0 0.00201787840264746 0.00266435755678412 0 0 0 0 0 0.0185678034288544 0
"королю" 0 0.0076590204112894 0 0 0 0.003951111579391 0.00288783643294444 0.00613496932515337 0.0167965600644988 0.00421052631578947 0.00247570712384725 0.0147237457209114
"крестьянина" 0 0 0 0.00201787840264746 0.00133217877839206 0.003951111579391 0.00144391821647222 0.0143149284253579 0 0.0421052631578947 0 0
"лице" 0 0.00191475510282235 0 0.0100893920132373 0.0066608938919603 0.003951111579391 0.00144391821647222 0.00613496932515337 0.013437248051599 0.00631578947368421 0.00742712137154175 0.0024539576201519
"младшие" 0 0.00191475510282235 0 0 0.00932525144874442 0.003951111579391 0 0 0 0 0.009902828495389 0.0171777033410633
"мою" 0 0.0172327959254011 0.0150364634238027 0 0 0 0 0.00204498977505112 0 0 0.00247570712384725 0.0134967669108354
"называют" 0.00653338560041814 0.00574426530846705 0.0150364634238027 0.00201787840264746 0.00399653633517618 0.00131703719313033 0.00866350929883331 0.00204498977505112 0.00335931201289976 0 0.00247570712384725 0.0024539576201519
"народам" 0.00871118080055752 0.0038295102056447 0.00300729268476054 0.0262324192344169 0 0.00131703719313033 0 0.00204498977505112 0 0.00210526315789474 0.0111406820573126 0
"начальники" 0.00217779520013938 0.0038295102056447 0 0 0.00532871511356824 0.0171214835106943 0.0101074275153055 0.00204498977505112 0 0 0.00618926780961812 0
"немецкие" 0.0239557472015332 0.0076590204112894 0.00751823171190136 0.00201787840264746 0.00266435755678412 0 0.0072195910823611 0 0 0.00421052631578947 0.00123785356192362 0.0024539576201519
"необходимым" 0.00217779520013938 0 0.00300729268476054 0.00807151361058983 0.00532871511356824 0.00921926035191234 0.00144391821647222 0.0122699386503067 0.00335931201289976 0.00631578947368421 0.00371356068577087 0.00122697881007595
"новогородцы" 0.0130667712008363 0.0516983877762034 0 0 0 0 0 0 0 0 0 0
"обратился" 0.00217779520013938 0.0172327959254011 0 0 0.00532871511356824 0.00131703719313033 0.00144391821647222 0.00204498977505112 0.00671862402579952 0 0.00866497493346537 0.00858885167053165
"объединение" 0 0 0.00601458536952109 0.0464112032608915 0.00399653633517618 0 0.00144391821647222 0.00204498977505112 0 0.00210526315789474 0 0
"овладеть" 0.00871118080055752 0.0210623061310458 0 0.00201787840264746 0.00532871511356824 0.00131703719313033 0.00144391821647222 0 0 0 0.00247570712384725 0.0110428092906835
"описанию" 0.00871118080055752 0 0.00300729268476054 0 0 0.00131703719313033 0.033210118978861 0 0.00335931201289976 0 0.00247570712384725 0
"падение" 0.00653338560041814 0.0076590204112894 0.00300729268476054 0.0262324192344169 0.00133217877839206 0 0 0 0.0100779360386993 0.0126315789473684 0 0.00122697881007595
"платит" 0 0.0497836326733811 0 0 0 0 0 0 0 0 0.00866497493346537 0
"полное" 0 0.00191475510282235 0.00300729268476054 0.0121072704158847 0.00399653633517618 0.00131703719313033 0.00288783643294444 0.00408997955010225 0.00335931201289976 0.0126315789473684 0.0049514142476945 0.00613489405037975
"посольство" 0.00435559040027876 0.00574426530846705 0 0 0.00266435755678412 0.00526814877252134 0.0245466096800277 0.00408997955010225 0.00335931201289976 0 0.00123785356192362 0.00122697881007595
"произведения" 0.00217779520013938 0.00191475510282235 0.0210510487933238 0.00201787840264746 0 0 0.0101074275153055 0.00408997955010225 0.00671862402579952 0.00210526315789474 0.0049514142476945 0
"работу" 0 0 0.0225546951357041 0.00605363520794237 0.00399653633517618 0.003951111579391 0.00288783643294444 0.00204498977505112 0.0100779360386993 0.00631578947368421 0 0
"ранее" 0.00653338560041814 0.00191475510282235 0.00300729268476054 0.0121072704158847 0.00133217877839206 0.00131703719313033 0 0.0204498977505112 0.013437248051599 0.00210526315789474 0.0049514142476945 0
"результатом" 0 0 0.0180437561085633 0.0282502976370644 0 0 0.00144391821647222 0 0.0100779360386993 0.00631578947368421 0 0
"религия" 0 0 0.0105255243966619 0.0161430272211797 0 0 0 0 0.00335931201289976 0.0147368421052632 0.0123785356192362 0
"рынком" 0 0 0 0 0 0.00131703719313033 0.0072195910823611 0 0.00335931201289976 0.0547368421052632 0 0
"скифов" 0.017422361601115 0 0 0.00201787840264746 0 0 0 0 0 0 0.029708485486167 0
"следующие" 0.00871118080055752 0.00957377551411175 0.00150364634238027 0.00201787840264746 0.00266435755678412 0.00131703719313033 0.0101074275153055 0.00204498977505112 0 0.00421052631578947 0.00866497493346537 0.0024539576201519
"смуты" 0 0 0 0.00605363520794237 0.00133217877839206 0.0131703719313033 0 0.0081799591002045 0.0100779360386993 0.00210526315789474 0.00247570712384725 0.0110428092906835
"собственного" 0.00653338560041814 0.0076590204112894 0.00601458536952109 0.00403575680529491 0.00133217877839206 0.00263407438626067 0 0.00204498977505112 0.0100779360386993 0.0210526315789474 0.00371356068577087 0
"солнце" 0.00653338560041814 0.0114885306169341 0.00751823171190136 0.00201787840264746 0 0 0.0072195910823611 0 0 0 0.0136163891811599 0.0024539576201519
"социологии" 0 0 0.0390948049018871 0 0 0 0 0 0 0.0147368421052632 0 0
"списке" 0.00217779520013938 0 0 0 0.021314860454273 0.0131703719313033 0.00433175464941666 0.00613496932515337 0 0 0 0
"твоего" 0.00217779520013938 0.00957377551411175 0 0 0 0.00131703719313033 0 0.00408997955010225 0.00335931201289976 0 0.00618926780961812 0.0220856185813671
"тесно" 0.00217779520013938 0 0.00150364634238027 0.00403575680529491 0.00799307267035236 0.007902223158782 0.00577567286588888 0 0 0.00421052631578947 0.009902828495389 0.00368093643022785
"требовать" 0.0196001568012544 0.00957377551411175 0.00751823171190136 0.00201787840264746 0.00133217877839206 0 0.00144391821647222 0 0.00335931201289976 0 0.00618926780961812 0.00613489405037975
"тремя" 0.00217779520013938 0.00574426530846705 0.00150364634238027 0.00605363520794237 0.00266435755678412 0.007902223158782 0.00288783643294444 0.00613496932515337 0 0.00631578947368421 0.00742712137154175 0.00368093643022785
"убит" 0 0.0114885306169341 0.00300729268476054 0 0 0 0 0.00204498977505112 0.00671862402579952 0 0.0148542427430835 0.0122697881007595
"услыхав" 0 0 0 0 0 0.00131703719313033 0 0 0 0 0.00866497493346537 0.0306744702518988
"уступить" 0.00435559040027876 0.0076590204112894 0 0.00201787840264746 0 0 0.00288783643294444 0.00613496932515337 0 0.00421052631578947 0.00618926780961812 0.0171777033410633
"утвердить" 0.0152445664009757 0.0248918163366905 0 0 0.00133217877839206 0.00131703719313033 0 0 0 0 0.0111406820573126 0.0024539576201519
"ходить" 0.00217779520013938 0.00191475510282235 0.00150364634238027 0 0.00266435755678412 0.00658518596565167 0.0101074275153055 0 0 0 0.009902828495389 0.0098158304806076
"христианского" 0.017422361601115 0.00574426530846705 0.00300729268476054 0.0100893920132373 0.00133217877839206 0.00263407438626067 0.00288783643294444 0.00204498977505112 0.00671862402579952 0 0.00866497493346537 0
"центральных" 0 0 0 0.00201787840264746 0.0119896090055285 0.011853334738173 0.0072195910823611 0.0081799591002045 0.0100779360386993 0.00421052631578947 0 0
"частности" 0 0 0.0225546951357041 0.0100893920132373 0.00266435755678412 0 0 0.0081799591002045 0.00671862402579952 0.0105263157894737 0 0
"черту" 0.00217779520013938 0 0.00300729268476054 0.00605363520794237 0.0066608938919603 0.00131703719313033 0.00433175464941666 0.00613496932515337 0.013437248051599 0.0189473684210526 0.00247570712384725 0
"четырех" 0.00871118080055752 0.00191475510282235 0 0.00605363520794237 0.0066608938919603 0.007902223158782 0.00144391821647222 0.00613496932515337 0.0100779360386993 0.0126315789473684 0 0.00122697881007595
"чехов" 0 0 0.00150364634238027 0 0 0 0 0 0 0 0.0358977532957851 0.00368093643022785
"чувства" 0 0.00191475510282235 0.00751823171190136 0.00403575680529491 0.00532871511356824 0 0.00144391821647222 0.0081799591002045 0.0167965600644988 0.0210526315789474 0.00123785356192362 0
"швеции" 0.0130667712008363 0 0.00150364634238027 0 0.00133217877839206 0.00131703719313033 0.00288783643294444 0.0224948875255624 0.0167965600644988 0 0.00371356068577087 0.00368093643022785
"августа" 0 0.0134032857197564 0.00451093902714082 0 0.00133217877839206 0.00658518596565167 0.00288783643294444 0.00613496932515337 0.0201558720773985 0 0.00123785356192362 0.0049079152403038
"ближних" 0.00871118080055752 0.0076590204112894 0 0 0.00532871511356824 0.0184385207038247 0 0.00613496932515337 0.0100779360386993 0 0 0
"быстро" 0 0.0038295102056447 0.00300729268476054 0.0121072704158847 0.00133217877839206 0.00131703719313033 0.01299526394825 0.00204498977505112 0.0167965600644988 0.00631578947368421 0.00247570712384725 0
"великою" 0.017422361601115 0.0076590204112894 0 0.00201787840264746 0.00266435755678412 0 0 0.00408997955010225 0 0 0.00247570712384725 0.0159507245309874
"влиянию" 0 0 0.00150364634238027 0.022196662429122 0 0.00131703719313033 0.00288783643294444 0.00204498977505112 0.00671862402579952 0.00842105263157895 0.0123785356192362 0
"внутреннего" 0.00435559040027876 0.00191475510282235 0.00751823171190136 0.0121072704158847 0.00399653633517618 0.00263407438626067 0.00577567286588888 0.00613496932515337 0.0100779360386993 0.00210526315789474 0.00247570712384725 0
"внутренней" 0.00217779520013938 0 0.00902187805428163 0.0100893920132373 0.00399653633517618 0.00131703719313033 0.00433175464941666 0.00408997955010225 0.0235151840902983 0.00210526315789474 0.00371356068577087 0
"войске" 0.00653338560041814 0.00191475510282235 0 0 0 0.00131703719313033 0.0158831003811944 0.00204498977505112 0.00335931201289976 0.00210526315789474 0.0049514142476945 0.0110428092906835
"враги" 0.0108889760006969 0.0229770612338682 0 0.00201787840264746 0.00133217877839206 0 0.00288783643294444 0.00408997955010225 0.00335931201289976 0 0.00371356068577087 0.00613489405037975
"вроде" 0 0 0.0240583414780844 0.0121072704158847 0 0 0.00433175464941666 0.00204498977505112 0.00671862402579952 0.00631578947368421 0.00123785356192362 0
"держали" 0.00653338560041814 0.00191475510282235 0 0 0.00266435755678412 0.00263407438626067 0.0115513457317778 0.0102249488752556 0.00671862402579952 0.00421052631578947 0.00247570712384725 0.00613489405037975
"древний" 0.0108889760006969 0.0076590204112894 0.00300729268476054 0.0201787840264746 0.00532871511356824 0.00131703719313033 0 0 0 0.00421052631578947 0.00371356068577087 0.00122697881007595
"дружиной" 0 0 0 0.00201787840264746 0.0399653633517618 0 0.00144391821647222 0 0 0 0 0
"думая" 0.0217779520013938 0.0229770612338682 0 0 0.00399653633517618 0.00131703719313033 0.00144391821647222 0 0 0 0.00123785356192362 0.0049079152403038
"европу" 0.0108889760006969 0 0.00150364634238027 0.0423754464555966 0 0 0.00288783643294444 0 0 0 0.00371356068577087 0
"заключили" 0.00871118080055752 0.0306360816451576 0 0 0 0 0 0.00204498977505112 0 0 0.00371356068577087 0.0098158304806076
"западу" 0.0152445664009757 0.00191475510282235 0 0.00605363520794237 0 0 0.00577567286588888 0 0 0 0.019805656990778 0.00122697881007595
"землями" 0.00435559040027876 0 0 0.00403575680529491 0.0133217877839206 0.00658518596565167 0.0072195910823611 0.00613496932515337 0.0100779360386993 0.00210526315789474 0 0.00122697881007595
"золотой" 0.00435559040027876 0 0 0 0 0.0105362975450427 0.0158831003811944 0 0 0.0189473684210526 0.00247570712384725 0
"идут" 0.00217779520013938 0.00957377551411175 0.00300729268476054 0.00403575680529491 0.00399653633517618 0.00131703719313033 0.00144391821647222 0.00204498977505112 0.00335931201289976 0.00210526315789474 0.00742712137154175 0.0098158304806076
"изгнание" 0 0.0172327959254011 0 0.00201787840264746 0.00133217877839206 0 0 0 0 0 0.00618926780961812 0.0196316609612152
"изяславич" 0 0.0114885306169341 0 0 0.00133217877839206 0 0 0 0 0 0 0.0306744702518988
"историко" 0 0 0.033080219532366 0.0121072704158847 0.00133217877839206 0 0 0 0.00671862402579952 0.00210526315789474 0 0
"какому" 0 0.00191475510282235 0.00902187805428163 0.0100893920132373 0.00532871511356824 0.003951111579391 0.00144391821647222 0.00408997955010225 0.00335931201289976 0.00421052631578947 0.00742712137154175 0.00122697881007595
"крестьянин" 0 0 0 0.00201787840264746 0.00133217877839206 0.00263407438626067 0.00866350929883331 0.0081799591002045 0.00335931201289976 0.0357894736842105 0 0
"лодки" 0.00871118080055752 0.0038295102056447 0 0.00201787840264746 0.00133217877839206 0 0.00288783643294444 0 0 0 0.0210435105527016 0.00613489405037975
"массу" 0 0 0.0135328170814224 0.00605363520794237 0.00266435755678412 0.00263407438626067 0.00433175464941666 0.00408997955010225 0.013437248051599 0.0105263157894737 0.00247570712384725 0
"материала" 0 0 0.0240583414780844 0.00605363520794237 0 0.00131703719313033 0.00144391821647222 0 0.0167965600644988 0.0126315789473684 0 0
"месту" 0.00217779520013938 0 0.00751823171190136 0.00403575680529491 0.00932525144874442 0.00263407438626067 0 0.0081799591002045 0.0100779360386993 0.00210526315789474 0 0.00858885167053165
"мои" 0.00217779520013938 0.0134032857197564 0.0105255243966619 0 0.00532871511356824 0 0 0.00204498977505112 0.00671862402579952 0.00421052631578947 0 0.0098158304806076
"называется" 0.00435559040027876 0.00574426530846705 0.0180437561085633 0.00201787840264746 0.00399653633517618 0.00131703719313033 0 0 0.00335931201289976 0.0126315789473684 0.00123785356192362 0.0024539576201519
"наместника" 0.00217779520013938 0.00574426530846705 0 0.00201787840264746 0.0279757543462333 0 0.00433175464941666 0 0.0100779360386993 0 0 0
"населением" 0 0 0.00300729268476054 0.0201787840264746 0.0066608938919603 0.00131703719313033 0.0101074275153055 0.0081799591002045 0.00671862402579952 0.00210526315789474 0 0
"находилась" 0.00217779520013938 0.0038295102056447 0 0.0181609056238271 0.00399653633517618 0.003951111579391 0.00433175464941666 0 0.00335931201289976 0.00210526315789474 0.0111406820573126 0
"невозможно" 0 0.00191475510282235 0.0105255243966619 0.00605363520794237 0 0.00658518596565167 0.00288783643294444 0.0081799591002045 0.00671862402579952 0.0105263157894737 0.00371356068577087 0
"новгороду" 0 0 0 0 0.0133217877839206 0 0.00433175464941666 0 0 0.00421052631578947 0.00618926780961812 0.0147237457209114
"ожидать" 0 0 0.00451093902714082 0 0.00399653633517618 0.00263407438626067 0.00577567286588888 0.00408997955010225 0.00335931201289976 0.00210526315789474 0.0111406820573126 0.00858885167053165
"ответа" 0.00217779520013938 0.0038295102056447 0.00300729268476054 0 0.00932525144874442 0.007902223158782 0.00288783643294444 0.00408997955010225 0.00335931201289976 0 0.00247570712384725 0.00858885167053165
"отнял" 0.00217779520013938 0.0191475510282235 0 0 0.00133217877839206 0.00131703719313033 0.00144391821647222 0.00408997955010225 0 0 0.00618926780961812 0.0134967669108354
"печенегами" 0.017422361601115 0.0076590204112894 0 0 0.00399653633517618 0 0 0 0 0 0.0185678034288544 0.0024539576201519
"племянников" 0.00217779520013938 0.0134032857197564 0 0 0.00266435755678412 0.00131703719313033 0 0 0 0 0 0.025766555011595
"подданных" 0.00871118080055752 0.0114885306169341 0 0.00807151361058983 0 0.00658518596565167 0.00866350929883331 0.0081799591002045 0 0.00210526315789474 0.00247570712384725 0
"подумать" 0 0 0.00300729268476054 0 0.00932525144874442 0.0105362975450427 0.00866350929883331 0.00204498977505112 0.00335931201289976 0 0.00123785356192362 0.0073618728604557
"польские" 0.00435559040027876 0.0172327959254011 0.00150364634238027 0 0.00266435755678412 0.003951111579391 0.00577567286588888 0.00613496932515337 0.00335931201289976 0 0.00123785356192362 0.0073618728604557
"помалу" 0.00435559040027876 0.00191475510282235 0.00150364634238027 0.0322860544423593 0 0 0.00144391821647222 0 0 0.0105263157894737 0.00618926780961812 0.00122697881007595
"помощию" 0.0108889760006969 0.0210623061310458 0 0 0.00133217877839206 0 0 0 0 0 0.00742712137154175 0.0110428092906835
"поселения" 0.00217779520013938 0 0 0 0.0159861453407047 0.00263407438626067 0.00866350929883331 0 0.00335931201289976 0.00421052631578947 0.009902828495389 0
"послать" 0 0.00574426530846705 0 0 0.00133217877839206 0.0171214835106943 0 0.00408997955010225 0.00671862402579952 0 0.00247570712384725 0.0110428092906835
"посольского" 0.00217779520013938 0 0 0 0.00399653633517618 0.027657781055737 0.00866350929883331 0.00204498977505112 0 0 0 0
"поссевин" 0 0 0 0 0 0 0.0433175464941666 0.00204498977505112 0.00335931201289976 0 0 0
"правительству" 0 0 0.00150364634238027 0.00201787840264746 0.0119896090055285 0.007902223158782 0.00577567286588888 0.0122699386503067 0.0167965600644988 0 0 0
"прежним" 0 0 0.00150364634238027 0 0.00399653633517618 0.00921926035191234 0.0202148550306111 0.00204498977505112 0 0 0.00371356068577087 0.00368093643022785
"присутствовали" 0 0.00191475510282235 0 0 0.0173183241190968 0.019755557896955 0.00433175464941666 0 0 0 0 0
"причиною" 0.00217779520013938 0.00574426530846705 0.00902187805428163 0.00605363520794237 0 0.00131703719313033 0.00144391821647222 0.00204498977505112 0 0 0.00742712137154175 0.0122697881007595
"простым" 0 0.00191475510282235 0.00150364634238027 0.00201787840264746 0.0146539665623127 0.00921926035191234 0.00433175464941666 0.00613496932515337 0 0.00842105263157895 0 0.00122697881007595
"ратных" 0.00217779520013938 0.0038295102056447 0 0 0.0106574302271365 0.00658518596565167 0.00866350929883331 0.00204498977505112 0.0100779360386993 0 0.00371356068577087 0.00368093643022785
"римскую" 0 0 0.00300729268476054 0.0544827168714813 0 0 0 0 0 0 0.00371356068577087 0
"ростиславичей" 0 0.0114885306169341 0 0 0 0 0 0 0 0 0 0.0319014490619747
"ряда" 0 0 0.0135328170814224 0.00403575680529491 0.0106574302271365 0.00526814877252134 0.00288783643294444 0 0 0.00631578947368421 0.00371356068577087 0.00122697881007595
"сели" 0 0.0038295102056447 0 0 0 0 0.00144391821647222 0.00204498977505112 0 0 0.0173299498669307 0.0171777033410633
"сказав" 0.00871118080055752 0.0210623061310458 0 0.00201787840264746 0.00932525144874442 0.00526814877252134 0.00433175464941666 0 0.00335931201289976 0 0 0.00122697881007595
"следующий" 0.0130667712008363 0.00957377551411175 0.00150364634238027 0 0 0.00263407438626067 0 0.00408997955010225 0.0100779360386993 0.0105263157894737 0.00371356068577087 0.00613489405037975
"смертью" 0 0 0 0.00605363520794237 0.0066608938919603 0.0131703719313033 0.00433175464941666 0.0081799591002045 0.00335931201289976 0 0.00247570712384725 0.0049079152403038
"состоял" 0.00217779520013938 0 0 0.00403575680529491 0.0119896090055285 0.003951111579391 0.00866350929883331 0.00613496932515337 0.00671862402579952 0.00210526315789474 0.00371356068577087 0.0024539576201519
"социальных" 0 0 0.0225546951357041 0.0100893920132373 0 0 0 0 0.00335931201289976 0.0231578947368421 0 0
"союзе" 0.00435559040027876 0.00957377551411175 0 0.00807151361058983 0.00133217877839206 0.00131703719313033 0 0.00204498977505112 0 0.00210526315789474 0.00618926780961812 0.0147237457209114
"союзников" 0.00435559040027876 0.0172327959254011 0 0.00201787840264746 0.00133217877839206 0.00263407438626067 0 0.00408997955010225 0.00335931201289976 0.00210526315789474 0.00247570712384725 0.0134967669108354
"списку" 0 0 0 0 0.0146539665623127 0.0250237066694763 0.00144391821647222 0.00204498977505112 0 0 0 0
"суде" 0.00217779520013938 0 0.00601458536952109 0 0.00799307267035236 0.0131703719313033 0.00433175464941666 0 0.00335931201289976 0.00631578947368421 0.00371356068577087 0.00122697881007595
"толпа" 0 0.00191475510282235 0 0.00201787840264746 0.00399653633517618 0.00263407438626067 0.00144391821647222 0.0184049079754601 0.00671862402579952 0 0.00866497493346537 0.0073618728604557
"тысяч" 0 0.0076590204112894 0.00451093902714082 0.00403575680529491 0.00133217877839206 0.00131703719313033 0.0115513457317778 0.0081799591002045 0 0.00842105263157895 0.0049514142476945 0.00122697881007595
"удержать" 0 0.0076590204112894 0 0 0.00399653633517618 0.00263407438626067 0 0.0102249488752556 0 0 0.00742712137154175 0.0147237457209114
"узнаем" 0.00435559040027876 0 0.0120291707390422 0 0.0133217877839206 0.007902223158782 0 0.00204498977505112 0 0 0.00618926780961812 0
"указаний" 0 0 0.00451093902714082 0 0.0146539665623127 0.00658518596565167 0.0101074275153055 0.00204498977505112 0 0.00421052631578947 0.00247570712384725 0.00122697881007595
"успели" 0 0.00191475510282235 0 0.00201787840264746 0.00932525144874442 0.00526814877252134 0.00144391821647222 0.00613496932515337 0.00335931201289976 0 0.00618926780961812 0.0110428092906835
"успехом" 0.0108889760006969 0.00191475510282235 0.00150364634238027 0.00605363520794237 0.00532871511356824 0.00263407438626067 0.00288783643294444 0.00204498977505112 0 0.00421052631578947 0.0049514142476945 0.00858885167053165
"частной" 0 0 0.00451093902714082 0.0141251488185322 0.0119896090055285 0.00526814877252134 0.00433175464941666 0 0 0.0105263157894737 0.00123785356192362 0
"ю" 0.00217779520013938 0 0.00150364634238027 0.0100893920132373 0.00133217877839206 0.015804446317564 0.0101074275153055 0.00204498977505112 0.013437248051599 0 0 0
"mayerb" 0 0 0 0 0 0 0.046205382927111 0 0 0 0 0
"андреевич" 0 0.00957377551411175 0 0 0.00266435755678412 0.00131703719313033 0.00144391821647222 0 0.00671862402579952 0 0 0.024539576201519
"аристократии" 0 0 0 0.00605363520794237 0.00799307267035236 0.0105362975450427 0.00288783643294444 0.0081799591002045 0.00335931201289976 0.0147368421052632 0 0
"борисом" 0 0.0076590204112894 0 0 0.00133217877839206 0.00131703719313033 0 0.0408997955010225 0 0 0.00371356068577087 0.0024539576201519
"ведомств" 0 0 0 0 0.0293079331246253 0.00921926035191234 0.00288783643294444 0 0 0 0 0
"венгры" 0.00217779520013938 0.0153180408225788 0 0 0.00133217877839206 0 0 0 0 0 0.0049514142476945 0.0208586397712912
"владимировича" 0 0.0172327959254011 0 0 0.00133217877839206 0 0 0 0 0 0.00123785356192362 0.024539576201519
"воля" 0.00217779520013938 0.0114885306169341 0.00451093902714082 0.00201787840264746 0 0.00658518596565167 0.0072195910823611 0.00408997955010225 0.00335931201289976 0.00421052631578947 0.00123785356192362 0.0049079152403038
"враг" 0.00217779520013938 0.0172327959254011 0.00150364634238027 0.00403575680529491 0 0.00131703719313033 0 0.00408997955010225 0 0.00210526315789474 0.0049514142476945 0.0122697881007595
"всеволодом" 0 0.0172327959254011 0 0 0.00266435755678412 0 0 0 0 0 0.00123785356192362 0.023312597391443
"вторая" 0.00435559040027876 0.00957377551411175 0.00751823171190136 0.00201787840264746 0.00532871511356824 0.00263407438626067 0 0.00408997955010225 0.00671862402579952 0.0105263157894737 0.00247570712384725 0.00122697881007595
"гос" 0 0 0 0 0.0119896090055285 0.019755557896955 0 0 0.00335931201289976 0.0126315789473684 0 0
"государевы" 0 0 0 0 0.00532871511356824 0.0223896322832157 0.00433175464941666 0.0102249488752556 0 0.00421052631578947 0 0
"грек" 0.00871118080055752 0.00957377551411175 0 0.0181609056238271 0.00133217877839206 0.003951111579391 0 0.00613496932515337 0 0 0.00618926780961812 0.00122697881007595
"группы" 0 0 0.00451093902714082 0.00201787840264746 0.00133217877839206 0 0.00144391821647222 0.016359918200409 0 0.0357894736842105 0 0
"давыдовичи" 0 0 0 0 0 0 0 0 0 0 0 0.0380363431123545
"держать" 0 0 0.00150364634238027 0 0.0066608938919603 0.00921926035191234 0.0072195910823611 0.00204498977505112 0.0100779360386993 0 0.0049514142476945 0.00613489405037975
"диких" 0.0261335424016725 0.00574426530846705 0 0.00403575680529491 0 0.00131703719313033 0.00433175464941666 0 0 0 0.00618926780961812 0.00613489405037975
"добычею" 0.00653338560041814 0.0306360816451576 0 0.00807151361058983 0 0 0 0 0 0 0.00742712137154175 0.0024539576201519
"договора" 0.00435559040027876 0.00191475510282235 0 0 0.00932525144874442 0.0144874091244337 0 0.00408997955010225 0.00335931201289976 0.00421052631578947 0.0049514142476945 0.00122697881007595
"должностей" 0 0 0 0.00201787840264746 0.0159861453407047 0.011853334738173 0.00866350929883331 0.00204498977505112 0 0.00210526315789474 0 0.00122697881007595
"древнейших" 0.00435559040027876 0.0038295102056447 0.00300729268476054 0.0302681760397118 0.00133217877839206 0 0 0.00204498977505112 0 0.00210526315789474 0.00742712137154175 0.00122697881007595
"древнем" 0.0283113376018119 0.00191475510282235 0 0.0161430272211797 0.00266435755678412 0 0.00144391821647222 0 0 0.00210526315789474 0.00618926780961812 0
"друзей" 0.0108889760006969 0.0191475510282235 0 0 0 0 0.00577567286588888 0.0143149284253579 0.0100779360386993 0 0.00247570712384725 0
"дьяками" 0 0 0 0 0.00399653633517618 0.0329259298282584 0.00433175464941666 0 0 0 0 0
"жалованье" 0.00217779520013938 0.00191475510282235 0 0 0.00399653633517618 0.00131703719313033 0.0231026914635555 0.0081799591002045 0.00671862402579952 0.00421052631578947 0.00123785356192362 0
"жив" 0.00217779520013938 0.0114885306169341 0 0 0.00266435755678412 0.00131703719313033 0 0.00613496932515337 0 0 0.00742712137154175 0.0147237457209114
"живших" 0 0 0 0.00605363520794237 0.00266435755678412 0.00263407438626067 0.00866350929883331 0.00613496932515337 0 0.00421052631578947 0.0160920963050071 0
"заключалась" 0 0 0.00451093902714082 0.0100893920132373 0.00266435755678412 0.0105362975450427 0 0.0122699386503067 0 0.00842105263157895 0 0.00368093643022785
"законом" 0.00217779520013938 0.00574426530846705 0 0.00201787840264746 0.00133217877839206 0.019755557896955 0.00288783643294444 0.00408997955010225 0.00335931201289976 0.00842105263157895 0.00123785356192362 0
"западные" 0.00653338560041814 0 0.00150364634238027 0.0121072704158847 0 0 0.0158831003811944 0 0 0 0.0111406820573126 0.00122697881007595
"запись" 0 0 0.00300729268476054 0 0.0106574302271365 0.0131703719313033 0.00144391821647222 0.0102249488752556 0.00671862402579952 0.00421052631578947 0.00123785356192362 0
"игорю" 0.00871118080055752 0.0134032857197564 0 0 0.00266435755678412 0 0 0 0 0 0.0049514142476945 0.0171777033410633
"идей" 0 0 0.0180437561085633 0.0302681760397118 0.00133217877839206 0.00263407438626067 0 0 0 0.00210526315789474 0 0
"известен" 0.00435559040027876 0.00191475510282235 0 0 0.00532871511356824 0.00658518596565167 0.00433175464941666 0 0.013437248051599 0.00631578947368421 0.00618926780961812 0.0049079152403038
"имущество" 0 0 0.00150364634238027 0.00403575680529491 0.00399653633517618 0 0.00144391821647222 0.0122699386503067 0.0100779360386993 0.00210526315789474 0.0173299498669307 0
"интереса" 0 0 0.0285692805052252 0.00403575680529491 0.00266435755678412 0.003951111579391 0.00144391821647222 0.00613496932515337 0 0 0 0.00122697881007595
"какою" 0 0 0.00751823171190136 0 0.00932525144874442 0.003951111579391 0.00577567286588888 0.00408997955010225 0 0 0.009902828495389 0.0024539576201519
"личность" 0.00217779520013938 0 0.00902187805428163 0.022196662429122 0 0.00263407438626067 0 0.00613496932515337 0.00335931201289976 0.0147368421052632 0 0
"лошадь" 0 0.00574426530846705 0.00150364634238027 0 0 0.00263407438626067 0.0303222825459166 0 0 0 0 0.0049079152403038
"местным" 0 0 0 0.00201787840264746 0.0146539665623127 0.00526814877252134 0 0.00613496932515337 0.00335931201289976 0.0231578947368421 0 0
"множеством" 0.00435559040027876 0.0114885306169341 0.00150364634238027 0.00201787840264746 0.00133217877839206 0.00263407438626067 0.0158831003811944 0 0 0 0.00371356068577087 0.0049079152403038
"монастырей" 0 0.0076590204112894 0 0.00201787840264746 0.00399653633517618 0.00526814877252134 0.0115513457317778 0.00408997955010225 0.00671862402579952 0.00421052631578947 0.0049514142476945 0.00122697881007595
"мстиславичи" 0 0.00957377551411175 0 0 0 0 0 0 0 0 0 0.0319014490619747
"натурального" 0 0 0 0.0100893920132373 0 0 0 0 0 0.0547368421052632 0 0
"немало" 0 0 0.016540109766183 0.0121072704158847 0.00399653633517618 0.00263407438626067 0.00433175464941666 0.0081799591002045 0 0.00210526315789474 0 0.00122697881007595
"обществ" 0.00871118080055752 0.00191475510282235 0.00601458536952109 0.00807151361058983 0.00399653633517618 0.00263407438626067 0 0.00204498977505112 0 0.0168421052631579 0.0049514142476945 0
"обязанности" 0 0.00191475510282235 0.00150364634238027 0.00201787840264746 0.00932525144874442 0.00263407438626067 0 0 0 0.00421052631578947 0.00742712137154175 0.0134967669108354
"озера" 0.017422361601115 0.00191475510282235 0 0 0.00266435755678412 0 0.00577567286588888 0 0 0.00631578947368421 0.0111406820573126 0.0049079152403038
"основной" 0 0 0.016540109766183 0.00605363520794237 0 0.00131703719313033 0.00288783643294444 0.00408997955010225 0 0.0252631578947368 0 0
"основных" 0 0 0.0180437561085633 0.00605363520794237 0.00266435755678412 0 0.00144391821647222 0 0.00335931201289976 0.0252631578947368 0 0
"особых" 0 0 0.0105255243966619 0.00403575680529491 0.00799307267035236 0.0105362975450427 0.00288783643294444 0.00204498977505112 0.00335931201289976 0 0.00247570712384725 0.0024539576201519
"оставалась" 0.00217779520013938 0.0038295102056447 0 0.00201787840264746 0.00932525144874442 0.007902223158782 0.00433175464941666 0.00613496932515337 0 0.00421052631578947 0.00371356068577087 0.00368093643022785
"остаться" 0.00435559040027876 0.0153180408225788 0 0 0.00399653633517618 0.00131703719313033 0.00433175464941666 0.0102249488752556 0.00335931201289976 0 0.00371356068577087 0.00613489405037975
"подробно" 0 0.00191475510282235 0.0135328170814224 0.00403575680529491 0.00133217877839206 0.00921926035191234 0.0101074275153055 0 0.00335931201289976 0.00210526315789474 0.00123785356192362 0.00122697881007595
"половцам" 0 0.0153180408225788 0 0 0 0 0 0 0 0 0.00123785356192362 0.0269935338216709
"положению" 0 0 0.00150364634238027 0.00403575680529491 0.00799307267035236 0.011853334738173 0.00577567286588888 0.00408997955010225 0 0.00842105263157895 0.00123785356192362 0.0024539576201519
"поражение" 0 0.0038295102056447 0.00451093902714082 0.00201787840264746 0.00133217877839206 0 0 0.00613496932515337 0.00335931201289976 0 0.00618926780961812 0.0184046821511392
"последнем" 0.00217779520013938 0 0.0135328170814224 0.00807151361058983 0.00532871511356824 0.00131703719313033 0 0.00204498977505112 0 0.00210526315789474 0.00618926780961812 0.00613489405037975
"постоянные" 0.00217779520013938 0 0.00451093902714082 0.00201787840264746 0.0186505028974888 0.007902223158782 0.00433175464941666 0 0 0.00421052631578947 0.00123785356192362 0
"правление" 0.0196001568012544 0.00574426530846705 0 0 0 0.00658518596565167 0.00433175464941666 0.0081799591002045 0.0100779360386993 0 0.00247570712384725 0.0024539576201519
"предметов" 0.00217779520013938 0 0.0270656341628449 0.00807151361058983 0 0.00263407438626067 0.00288783643294444 0 0 0.00421052631578947 0.00247570712384725 0
"престоле" 0.00217779520013938 0.0248918163366905 0 0 0.00133217877839206 0.00658518596565167 0.00433175464941666 0.0081799591002045 0.00335931201289976 0 0.00247570712384725 0.00122697881007595
"приговорили" 0 0 0 0 0 0.0408281529870404 0 0 0 0 0 0
"приказом" 0 0 0 0 0.00799307267035236 0.0223896322832157 0.0072195910823611 0.00204498977505112 0 0 0 0.0024539576201519
"принимали" 0.00435559040027876 0 0.00300729268476054 0.00403575680529491 0.00399653633517618 0.00526814877252134 0.0115513457317778 0.00204498977505112 0 0 0.0111406820573126 0
"продолжал" 0 0.0038295102056447 0 0.0100893920132373 0.00399653633517618 0.00658518596565167 0.00433175464941666 0.00613496932515337 0.00671862402579952 0 0.00247570712384725 0.0073618728604557
"происхождении" 0.00217779520013938 0.00191475510282235 0.0120291707390422 0 0.00932525144874442 0.00131703719313033 0 0.00204498977505112 0 0.00842105263157895 0.009902828495389 0
"просили" 0 0 0.00150364634238027 0 0.00399653633517618 0.007902223158782 0.00433175464941666 0.0081799591002045 0.013437248051599 0 0.00371356068577087 0.00858885167053165
"пространстве" 0.00217779520013938 0.00191475510282235 0.00300729268476054 0.00605363520794237 0.00799307267035236 0.00131703719313033 0.0115513457317778 0.00204498977505112 0.0100779360386993 0.00421052631578947 0.00371356068577087 0
"прямой" 0 0 0.00300729268476054 0.00605363520794237 0.00399653633517618 0.00921926035191234 0.0101074275153055 0.00613496932515337 0.013437248051599 0.00210526315789474 0 0.00122697881007595
"свет" 0 0.00191475510282235 0.0135328170814224 0.00605363520794237 0.00133217877839206 0.00131703719313033 0.0072195910823611 0.00408997955010225 0 0.00842105263157895 0.00618926780961812 0
"свободные" 0.00435559040027876 0.0076590204112894 0 0.0161430272211797 0.00532871511356824 0.00131703719313033 0 0.00204498977505112 0.00335931201289976 0.0147368421052632 0.00247570712384725 0.00122697881007595
"свободных" 0 0.00574426530846705 0.00150364634238027 0.0161430272211797 0 0 0.00144391821647222 0 0.00335931201289976 0.0294736842105263 0.00371356068577087 0
"святого" 0.00435559040027876 0.00957377551411175 0.00150364634238027 0 0.00133217877839206 0.00526814877252134 0 0.00613496932515337 0 0 0.0148542427430835 0.00368093643022785
"сильных" 0.00435559040027876 0.00957377551411175 0 0.00403575680529491 0.00133217877839206 0.003951111579391 0.00144391821647222 0.00408997955010225 0.00335931201289976 0.00421052631578947 0.009902828495389 0.0049079152403038
"скончался" 0.00871118080055752 0.038295102056447 0 0 0 0 0 0.0122699386503067 0.00335931201289976 0 0 0
"современник" 0.00871118080055752 0 0.00451093902714082 0.00201787840264746 0.00133217877839206 0.007902223158782 0.00288783643294444 0.0224948875255624 0.00671862402579952 0 0.00123785356192362 0
"соседей" 0.017422361601115 0 0 0.00403575680529491 0 0.00131703719313033 0.00866350929883331 0.00613496932515337 0 0.00631578947368421 0.00618926780961812 0.00368093643022785
"списках" 0 0 0.00150364634238027 0 0.00932525144874442 0.00658518596565167 0 0.00204498977505112 0.00335931201289976 0 0.0173299498669307 0.0024539576201519
"спросил" 0.00653338560041814 0.0076590204112894 0 0 0.00133217877839206 0.00131703719313033 0.00433175464941666 0.00204498977505112 0 0 0.0123785356192362 0.0098158304806076
"средством" 0 0 0.00601458536952109 0.00201787840264746 0.00799307267035236 0.0131703719313033 0.00144391821647222 0.00204498977505112 0.00335931201289976 0 0.00866497493346537 0
"станет" 0.00435559040027876 0 0.00150364634238027 0.00201787840264746 0.00532871511356824 0.00921926035191234 0 0.0081799591002045 0.00335931201289976 0.00210526315789474 0.00618926780961812 0.00613489405037975
"старосты" 0 0 0 0 0.0239792180110571 0.00658518596565167 0.00288783643294444 0 0.0100779360386993 0 0.00371356068577087 0
"считался" 0.00871118080055752 0 0 0.00605363520794237 0.00266435755678412 0.00658518596565167 0.00577567286588888 0.00204498977505112 0 0.00421052631578947 0.00866497493346537 0.00368093643022785
"торжественно" 0.017422361601115 0.0229770612338682 0 0 0 0.00263407438626067 0 0.00613496932515337 0.0100779360386993 0 0.00371356068577087 0
"удар" 0.00435559040027876 0.0038295102056447 0 0.0100893920132373 0.00133217877839206 0.00131703719313033 0.00288783643294444 0.00613496932515337 0.013437248051599 0.00210526315789474 0.00866497493346537 0.00368093643022785
"указания" 0 0 0.00451093902714082 0 0.0119896090055285 0.00658518596565167 0.00866350929883331 0.00613496932515337 0 0.00421052631578947 0.00371356068577087 0
"устав" 0.00435559040027876 0.0268065714395129 0 0 0.00399653633517618 0.00131703719313033 0 0.00204498977505112 0 0.00210526315789474 0.009902828495389 0.00122697881007595
"утверждение" 0 0 0.00150364634238027 0.0100893920132373 0.00133217877839206 0.0144874091244337 0 0.00408997955010225 0 0 0.00866497493346537 0.0049079152403038
"фактах" 0 0 0.0451093902714082 0 0 0 0 0 0 0.00210526315789474 0 0
"шуйских" 0 0 0 0 0.00133217877839206 0 0 0.032719836400818 0.0470303681805966 0 0 0
"южные" 0.00435559040027876 0.0038295102056447 0 0.00605363520794237 0.0066608938919603 0 0.00433175464941666 0.00204498977505112 0.00671862402579952 0.00210526315789474 0.009902828495389 0.0049079152403038
"ярославича" 0 0.0076590204112894 0 0 0.00266435755678412 0 0 0 0 0 0.00371356068577087 0.0269935338216709
"ibid" 0 0 0 0 0 0 0.0447614647106388 0 0 0 0 0
"богатство" 0.0130667712008363 0.0153180408225788 0 0.00201787840264746 0 0 0.00433175464941666 0 0 0.00631578947368421 0.00618926780961812 0.0049079152403038
"боярину" 0.00217779520013938 0.00191475510282235 0 0 0.0186505028974888 0.0131703719313033 0.00144391821647222 0.00204498977505112 0.00671862402579952 0 0 0
"вину" 0.00435559040027876 0.0210623061310458 0.00150364634238027 0 0 0.003951111579391 0 0.00408997955010225 0.00335931201289976 0 0.00247570712384725 0.0098158304806076
"владельцы" 0 0.00191475510282235 0 0.0181609056238271 0.00399653633517618 0 0.00577567286588888 0.016359918200409 0.00335931201289976 0.00210526315789474 0.00371356068577087 0
"внутренние" 0.00217779520013938 0 0.00451093902714082 0.0161430272211797 0.00532871511356824 0.00131703719313033 0.00288783643294444 0.00613496932515337 0.013437248051599 0.00210526315789474 0.00123785356192362 0.0024539576201519
"внутри" 0.0108889760006969 0.00574426530846705 0.00150364634238027 0.0100893920132373 0.00266435755678412 0 0.0072195910823611 0.00408997955010225 0.00671862402579952 0.00842105263157895 0.00123785356192362 0
"военно" 0 0 0 0 0.022647039232665 0.011853334738173 0 0.00204498977505112 0.0100779360386993 0 0 0
"волыни" 0 0.00191475510282235 0 0 0.0066608938919603 0 0 0 0 0 0.00123785356192362 0.0282205126317468
"вопросом" 0 0 0.0105255243966619 0.00605363520794237 0.00266435755678412 0.011853334738173 0.00288783643294444 0.00408997955010225 0.00335931201289976 0.00421052631578947 0.00123785356192362 0.00122697881007595
"впереди" 0.00435559040027876 0.0076590204112894 0.00300729268476054 0.00403575680529491 0.00266435755678412 0.007902223158782 0.0072195910823611 0 0.00335931201289976 0 0 0.0073618728604557
"всеслава" 0 0.0172327959254011 0 0 0 0 0 0 0 0 0.00123785356192362 0.024539576201519
"выгнал" 0 0.0134032857197564 0 0 0.00266435755678412 0 0 0 0 0 0.00742712137154175 0.0184046821511392
"выехал" 0 0.0248918163366905 0 0 0 0.00131703719313033 0.00144391821647222 0 0.00335931201289976 0 0.00123785356192362 0.0159507245309874
"голод" 0.0108889760006969 0.0172327959254011 0 0 0.00133217877839206 0 0.00288783643294444 0.0081799591002045 0 0.00421052631578947 0.00866497493346537 0
"дарами" 0.0152445664009757 0.0268065714395129 0 0 0 0 0 0.00204498977505112 0 0 0.00247570712384725 0.0073618728604557
"делают" 0.00435559040027876 0 0.016540109766183 0.00201787840264746 0.00266435755678412 0.00263407438626067 0.00433175464941666 0.00408997955010225 0.00335931201289976 0.00210526315789474 0.00618926780961812 0
"державы" 0.0152445664009757 0.00191475510282235 0.00150364634238027 0.022196662429122 0 0.00263407438626067 0.00144391821647222 0.00204498977505112 0.00671862402579952 0 0.0049514142476945 0
"димитрий" 0 0 0 0 0.00532871511356824 0.00263407438626067 0 0.0388548057259714 0 0 0.00123785356192362 0.0049079152403038
"дядей" 0 0.0076590204112894 0 0 0.00266435755678412 0.003951111579391 0 0 0 0 0 0.025766555011595
"египта" 0 0 0.00300729268476054 0.0544827168714813 0 0 0 0 0 0.00210526315789474 0 0
"желали" 0.00217779520013938 0.00957377551411175 0.00150364634238027 0.00201787840264746 0.00133217877839206 0.00526814877252134 0.00144391821647222 0.0265848670756646 0.00335931201289976 0 0.00123785356192362 0.00122697881007595
"землею" 0.0152445664009757 0.0076590204112894 0 0 0 0.007902223158782 0 0.0143149284253579 0 0 0.00371356068577087 0.00368093643022785
"исполнить" 0.00435559040027876 0.0172327959254011 0 0 0.00133217877839206 0 0.00144391821647222 0.00408997955010225 0.00335931201289976 0.00210526315789474 0.0049514142476945 0.0110428092906835
"историческом" 0.00217779520013938 0 0.0255619878204646 0.0100893920132373 0 0.003951111579391 0 0 0 0.00421052631578947 0.00247570712384725 0
"казни" 0 0.0038295102056447 0.00150364634238027 0 0.00266435755678412 0.00921926035191234 0.0101074275153055 0.0102249488752556 0.013437248051599 0.00210526315789474 0 0.00122697881007595
"каменные" 0.00435559040027876 0.00574426530846705 0 0 0 0.00131703719313033 0.0274344461129722 0.0102249488752556 0 0 0 0
"коего" 0.0304891328019513 0.0268065714395129 0.00150364634238027 0 0 0 0 0 0.00335931201289976 0 0 0
"колонизации" 0 0 0 0.00605363520794237 0.0133217877839206 0.00526814877252134 0.00577567286588888 0.00408997955010225 0.0201558720773985 0 0.00123785356192362 0
"корабли" 0.0108889760006969 0 0 0 0.00133217877839206 0 0.0202148550306111 0 0 0 0.0123785356192362 0
"котошихин" 0 0 0 0 0.00399653633517618 0.0263407438626067 0.0101074275153055 0 0 0 0 0
"крестьянского" 0 0 0.00150364634238027 0 0.00266435755678412 0.00658518596565167 0 0.0122699386503067 0.00335931201289976 0.0315789473684211 0 0
"мехов" 0.00435559040027876 0.00191475510282235 0 0 0 0 0.0274344461129722 0.00408997955010225 0 0 0.00742712137154175 0
"мономаховичей" 0 0 0 0 0 0 0 0 0 0 0.00123785356192362 0.0355823854922026
"навсегда" 0.00653338560041814 0.0114885306169341 0.00451093902714082 0.00201787840264746 0 0.00131703719313033 0 0.00613496932515337 0.00335931201289976 0 0.00742712137154175 0.0073618728604557
"надежде" 0.00435559040027876 0.0248918163366905 0.00150364634238027 0 0 0.00131703719313033 0.0072195910823611 0.00204498977505112 0.00335931201289976 0.00210526315789474 0.00123785356192362 0.0049079152403038
"начинается" 0.00435559040027876 0 0 0.0201787840264746 0.00133217877839206 0 0 0 0.00335931201289976 0.0126315789473684 0.009902828495389 0.0024539576201519
"нашим" 0.0152445664009757 0.00957377551411175 0.00300729268476054 0 0.00266435755678412 0.00263407438626067 0 0.00408997955010225 0 0 0.009902828495389 0.0024539576201519
"некоторую" 0.00653338560041814 0.00574426530846705 0.00902187805428163 0.00403575680529491 0.00266435755678412 0.00263407438626067 0.00144391821647222 0.0081799591002045 0.00671862402579952 0.00631578947368421 0.00123785356192362 0.00122697881007595
"нужны" 0 0.0038295102056447 0.0105255243966619 0.00403575680529491 0.00266435755678412 0.00131703719313033 0.00433175464941666 0 0.00335931201289976 0.00842105263157895 0.00742712137154175 0.0024539576201519
"обстоятельств" 0.00653338560041814 0.0038295102056447 0.00451093902714082 0.00201787840264746 0.00266435755678412 0.007902223158782 0.00144391821647222 0.00408997955010225 0 0.00631578947368421 0.00371356068577087 0.0049079152403038
"объясняет" 0 0.00191475510282235 0.00451093902714082 0.00201787840264746 0.00266435755678412 0.003951111579391 0.00866350929883331 0.00408997955010225 0 0.00421052631578947 0.0111406820573126 0.00122697881007595
"однажды" 0.00871118080055752 0.00191475510282235 0.00150364634238027 0.00201787840264746 0.00133217877839206 0.00131703719313033 0.00433175464941666 0.00204498977505112 0 0.00210526315789474 0.009902828495389 0.0098158304806076
"оказалось" 0 0 0.00150364634238027 0.0100893920132373 0.00133217877839206 0.00658518596565167 0 0.016359918200409 0.00671862402579952 0.0126315789473684 0 0.0024539576201519
"описывает" 0.0152445664009757 0.00191475510282235 0.00150364634238027 0 0.00399653633517618 0.00263407438626067 0.0158831003811944 0.00408997955010225 0 0 0.00247570712384725 0.00122697881007595
"осадил" 0.00653338560041814 0.0287213265423352 0 0 0 0 0 0 0.00335931201289976 0 0.00247570712384725 0.0110428092906835
"оставили" 0.00435559040027876 0.00957377551411175 0.00150364634238027 0.00201787840264746 0 0.00131703719313033 0.0072195910823611 0.0081799591002045 0.00335931201289976 0 0.00742712137154175 0.0049079152403038
"отдельным" 0 0 0.016540109766183 0.00605363520794237 0.00532871511356824 0.00658518596565167 0.00144391821647222 0 0 0.0105263157894737 0.00123785356192362 0
"относятся" 0.00217779520013938 0.00191475510282235 0.0120291707390422 0.00201787840264746 0.00532871511356824 0.00263407438626067 0.00866350929883331 0 0.00335931201289976 0.0105263157894737 0.00123785356192362 0
"оттого" 0.00435559040027876 0 0 0 0.00532871511356824 0 0.0202148550306111 0.00204498977505112 0.00335931201289976 0.00210526315789474 0.00371356068577087 0.0049079152403038
"пал" 0.00871118080055752 0.0134032857197564 0 0.00605363520794237 0.00133217877839206 0.00263407438626067 0.00144391821647222 0 0.0100779360386993 0 0.00742712137154175 0.00368093643022785
"платье" 0.00217779520013938 0 0.00150364634238027 0 0.00133217877839206 0.0105362975450427 0.0144391821647222 0.00204498977505112 0 0 0.00742712137154175 0.0024539576201519
"поведение" 0 0 0.00601458536952109 0.00201787840264746 0 0 0 0.0081799591002045 0.00671862402579952 0 0.0136163891811599 0.0098158304806076
"подать" 0.00435559040027876 0 0.00150364634238027 0 0.00133217877839206 0.003951111579391 0.0158831003811944 0 0 0.0168421052631579 0.00123785356192362 0.00368093643022785
"поляки" 0 0.00191475510282235 0.00300729268476054 0.00807151361058983 0.00133217877839206 0.00658518596565167 0.00288783643294444 0.00613496932515337 0 0 0.0049514142476945 0.0098158304806076
"преданий" 0.00435559040027876 0 0.00451093902714082 0.00605363520794237 0.0066608938919603 0.003951111579391 0 0.00408997955010225 0 0.00421052631578947 0.009902828495389 0.0024539576201519
"принадлежало" 0 0.00191475510282235 0 0.00403575680529491 0.00932525144874442 0.00658518596565167 0.00433175464941666 0 0.00335931201289976 0.00631578947368421 0.00618926780961812 0.00368093643022785
"природе" 0 0 0.016540109766183 0.0100893920132373 0.00133217877839206 0 0 0 0 0.00842105263157895 0.009902828495389 0.00122697881007595
"пристава" 0 0 0 0 0.00133217877839206 0 0.0375418736282777 0.00613496932515337 0 0 0 0
"причину" 0.00435559040027876 0.0076590204112894 0.00150364634238027 0.00201787840264746 0 0.00131703719313033 0.00866350929883331 0.00204498977505112 0.00335931201289976 0.00421052631578947 0.009902828495389 0.00368093643022785
"пространства" 0.00217779520013938 0 0.00300729268476054 0.00403575680529491 0.00266435755678412 0.00263407438626067 0.0144391821647222 0 0.00335931201289976 0.00631578947368421 0.00866497493346537 0
"рабство" 0.00871118080055752 0.0038295102056447 0.00451093902714082 0.0100893920132373 0.00133217877839206 0 0.00144391821647222 0.00204498977505112 0 0.0189473684210526 0.0049514142476945 0
"различать" 0 0.00191475510282235 0.0135328170814224 0.00403575680529491 0.00532871511356824 0.00263407438626067 0 0 0 0.0231578947368421 0.00123785356192362 0
"распоряжение" 0.00217779520013938 0.00191475510282235 0.00150364634238027 0 0.00932525144874442 0.00658518596565167 0.00288783643294444 0.00408997955010225 0.00335931201289976 0.00210526315789474 0.00371356068577087 0.0073618728604557
"российского" 0.0283113376018119 0.0229770612338682 0.00150364634238027 0 0 0.00131703719313033 0 0.00204498977505112 0.00335931201289976 0.00210526315789474 0 0
"свете" 0.00871118080055752 0.00957377551411175 0.00300729268476054 0.00605363520794237 0.00266435755678412 0.00131703719313033 0.00577567286588888 0.00408997955010225 0 0.00210526315789474 0.00247570712384725 0.0049079152403038
"сильнее" 0.00871118080055752 0 0.00150364634238027 0.00807151361058983 0.00133217877839206 0 0.01299526394825 0.00204498977505112 0 0.0105263157894737 0.00618926780961812 0
"совершается" 0 0 0.0240583414780844 0.0201787840264746 0 0 0 0 0 0.00631578947368421 0.00123785356192362 0
"советники" 0 0.00191475510282235 0 0 0.0119896090055285 0.015804446317564 0.00433175464941666 0 0.013437248051599 0 0.00123785356192362 0
"согласились" 0.0108889760006969 0.0153180408225788 0.00150364634238027 0 0.00266435755678412 0.00131703719313033 0.00288783643294444 0.0081799591002045 0 0 0.00371356068577087 0.0049079152403038
"сопротивления" 0.00435559040027876 0.0134032857197564 0 0.00201787840264746 0 0 0.00144391821647222 0 0.00335931201289976 0 0.0185678034288544 0.00368093643022785
"странами" 0.0130667712008363 0.00191475510282235 0.00300729268476054 0.0282502976370644 0 0 0.00433175464941666 0 0.0100779360386993 0 0.00123785356192362 0
"страх" 0.00217779520013938 0.00574426530846705 0.00300729268476054 0 0 0.00263407438626067 0.00144391821647222 0.00613496932515337 0.0302338081160978 0.00631578947368421 0.00247570712384725 0.0049079152403038
"судьбу" 0.0108889760006969 0.0114885306169341 0.00150364634238027 0.00807151361058983 0.00532871511356824 0.00131703719313033 0 0.00613496932515337 0.00335931201289976 0 0.00371356068577087 0.0024539576201519
"схватить" 0.00217779520013938 0.0038295102056447 0 0 0.00266435755678412 0 0 0 0 0 0.00247570712384725 0.0282205126317468
"тесной" 0 0.00191475510282235 0.00300729268476054 0.0100893920132373 0.0066608938919603 0.00263407438626067 0.00288783643294444 0 0.00671862402579952 0 0.0136163891811599 0
"течением" 0 0 0.00751823171190136 0.00605363520794237 0.0119896090055285 0.00263407438626067 0.00288783643294444 0.00408997955010225 0.00335931201289976 0.00210526315789474 0.00618926780961812 0
"тогдашнего" 0.00435559040027876 0.0076590204112894 0.00150364634238027 0.00605363520794237 0.00799307267035236 0.00921926035191234 0.00144391821647222 0.00204498977505112 0.0100779360386993 0 0.00247570712384725 0
"тогдашних" 0.0152445664009757 0.0134032857197564 0.00451093902714082 0.00201787840264746 0.00799307267035236 0 0.00144391821647222 0 0 0 0.00247570712384725 0.00368093643022785
"традиции" 0 0 0.016540109766183 0.022196662429122 0 0 0 0.00408997955010225 0 0.0126315789473684 0 0
"требования" 0 0.00191475510282235 0.016540109766183 0.00201787840264746 0.00133217877839206 0.003951111579391 0.00288783643294444 0.0081799591002045 0.00671862402579952 0 0.00123785356192362 0.0049079152403038
"удела" 0 0.00957377551411175 0 0 0.0293079331246253 0.00263407438626067 0 0.00204498977505112 0 0 0 0
"узнать" 0.00653338560041814 0.00191475510282235 0.016540109766183 0 0.00133217877839206 0.00263407438626067 0.00577567286588888 0.00408997955010225 0 0 0.0049514142476945 0.0024539576201519
"указание" 0 0 0.00150364634238027 0.00403575680529491 0.00932525144874442 0.003951111579391 0.00144391821647222 0.00408997955010225 0.00335931201289976 0.00631578947368421 0.009902828495389 0.0024539576201519
"указы" 0 0 0 0 0 0.0342429670213887 0 0.0081799591002045 0 0 0 0
"форму" 0.00217779520013938 0 0.00300729268476054 0.0181609056238271 0.00266435755678412 0.00526814877252134 0.00144391821647222 0.0102249488752556 0 0.00631578947368421 0.00371356068577087 0
"царский" 0 0 0 0 0.00532871511356824 0.007902223158782 0.00577567286588888 0.0245398773006135 0.0100779360386993 0 0 0.00122697881007595
"чужих" 0.00217779520013938 0.00191475510282235 0.00751823171190136 0 0.00932525144874442 0.003951111579391 0.00433175464941666 0.00408997955010225 0.00335931201289976 0.00421052631578947 0.00618926780961812 0
"эволюции" 0 0 0.0240583414780844 0.0161430272211797 0 0 0 0 0 0.0126315789473684 0 0
"языческих" 0.017422361601115 0.0038295102056447 0 0.00201787840264746 0.00133217877839206 0 0 0 0 0.00210526315789474 0.019805656990778 0.00122697881007595
"яко" 0.00217779520013938 0.00191475510282235 0 0 0.00133217877839206 0.00526814877252134 0.00144391821647222 0.0286298568507157 0.0201558720773985 0 0.00247570712384725 0
"xx" 0 0.00191475510282235 0.00150364634238027 0 0.0066608938919603 0.019755557896955 0 0 0.00335931201289976 0.0147368421052632 0 0
"англичан" 0 0 0 0.00201787840264746 0 0.00131703719313033 0.0274344461129722 0.0122699386503067 0 0.00210526315789474 0.00123785356192362 0
"античной" 0 0 0.00150364634238027 0.0565005952741288 0 0 0 0 0 0 0 0
"битва" 0.00435559040027876 0.0248918163366905 0.00902187805428163 0 0 0 0 0 0 0 0.00371356068577087 0.00613489405037975
"важнее" 0.00435559040027876 0 0.00150364634238027 0 0.00799307267035236 0.003951111579391 0.00144391821647222 0.00613496932515337 0 0.00842105263157895 0.00866497493346537 0.0024539576201519
"варяг" 0.00653338560041814 0.0076590204112894 0 0.00403575680529491 0.00399653633517618 0.00131703719313033 0.00144391821647222 0 0 0 0.0185678034288544 0
"вв" 0 0 0.00902187805428163 0.0383396896503017 0 0.00131703719313033 0.00288783643294444 0.00204498977505112 0 0 0 0
"вера" 0.0261335424016725 0.0038295102056447 0.00751823171190136 0.00201787840264746 0 0 0.00144391821647222 0.00408997955010225 0 0.00210526315789474 0.00618926780961812 0
"владеть" 0.00217779520013938 0.0038295102056447 0 0 0.00133217877839206 0.003951111579391 0.00433175464941666 0.00204498977505112 0.00335931201289976 0.00421052631578947 0.0111406820573126 0.0073618728604557
"владыки" 0 0 0 0.00201787840264746 0.0279757543462333 0.00526814877252134 0 0 0.00335931201289976 0 0.00123785356192362 0.00122697881007595
"волгу" 0.00435559040027876 0.0038295102056447 0 0 0.00266435755678412 0.00131703719313033 0.0072195910823611 0.00408997955010225 0.00671862402579952 0.00210526315789474 0.0111406820573126 0.00368093643022785
"вопреки" 0.00653338560041814 0.0153180408225788 0.00300729268476054 0 0.00133217877839206 0.003951111579391 0.00288783643294444 0.00613496932515337 0.00335931201289976 0.00210526315789474 0 0.00613489405037975
"вопросу" 0 0 0.0135328170814224 0.00605363520794237 0.00266435755678412 0.00658518596565167 0 0.00613496932515337 0 0.00210526315789474 0.00742712137154175 0
"ворота" 0.00435559040027876 0.0076590204112894 0 0 0 0.00131703719313033 0.0101074275153055 0.00408997955010225 0 0 0.0049514142476945 0.0110428092906835
"впечатление" 0 0.00191475510282235 0 0.00201787840264746 0.00532871511356824 0.00526814877252134 0.00433175464941666 0.0102249488752556 0.0235151840902983 0 0.0049514142476945 0
"врагом" 0.00435559040027876 0.0153180408225788 0 0.00201787840264746 0.00133217877839206 0 0 0.0081799591002045 0.0201558720773985 0 0.0049514142476945 0.00368093643022785
"господин" 0 0.0210623061310458 0 0.00403575680529491 0.00266435755678412 0 0.00433175464941666 0.00408997955010225 0 0.00421052631578947 0.00742712137154175 0.00122697881007595
"грамот" 0.00217779520013938 0.0038295102056447 0 0 0.0253113967894491 0.003951111579391 0 0.00204498977505112 0 0.00631578947368421 0 0
"границ" 0 0.00191475510282235 0 0.0161430272211797 0.00266435755678412 0.00131703719313033 0.0072195910823611 0.00204498977505112 0.0167965600644988 0 0.00742712137154175 0
"греч" 0 0 0.0390948049018871 0 0 0 0 0 0 0.00631578947368421 0 0
"греческая" 0 0 0.00451093902714082 0.0383396896503017 0 0.00131703719313033 0 0 0 0.00210526315789474 0.0049514142476945 0.00122697881007595
"грозному" 0 0 0 0 0 0 0 0.0143149284253579 0.0739048642837947 0 0 0
"групп" 0 0 0.00902187805428163 0.00807151361058983 0 0 0 0.00613496932515337 0.00335931201289976 0.0315789473684211 0 0
"делались" 0 0 0.00601458536952109 0.00807151361058983 0.00399653633517618 0.00263407438626067 0.0115513457317778 0.00204498977505112 0.00335931201289976 0.00842105263157895 0.00123785356192362 0.00122697881007595
"докладу" 0 0 0 0 0.0066608938919603 0.031608892635128 0 0 0 0 0 0
"женился" 0.00435559040027876 0.0229770612338682 0 0 0 0 0 0.0081799591002045 0.013437248051599 0 0.0049514142476945 0.00368093643022785
"живых" 0.0152445664009757 0 0.00150364634238027 0.00201787840264746 0.00266435755678412 0 0.00288783643294444 0.00408997955010225 0.00335931201289976 0.00210526315789474 0.00866497493346537 0.00613489405037975
"жилища" 0.0130667712008363 0.00191475510282235 0.00150364634238027 0.00201787840264746 0 0 0.0072195910823611 0 0.00335931201289976 0.00210526315789474 0.0160920963050071 0
"жителями" 0.0130667712008363 0.00957377551411175 0 0 0 0 0.00288783643294444 0.00204498977505112 0 0 0.00866497493346537 0.0098158304806076
"земельной" 0 0 0 0.00201787840264746 0.00932525144874442 0.00131703719313033 0.00144391821647222 0.00613496932515337 0.00335931201289976 0.0315789473684211 0 0
"землевладельца" 0 0 0 0.00201787840264746 0.0173183241190968 0.003951111579391 0 0.00613496932515337 0 0.0189473684210526 0 0
"знатных" 0 0.00191475510282235 0 0.00201787840264746 0.0119896090055285 0.011853334738173 0.00144391821647222 0.00204498977505112 0 0.00631578947368421 0.00247570712384725 0.0024539576201519
"ив" 0 0.00191475510282235 0 0 0.00399653633517618 0.0105362975450427 0.00144391821647222 0.0204498977505112 0.0201558720773985 0 0 0
"иерархии" 0 0 0 0.0100893920132373 0.0146539665623127 0.011853334738173 0.00288783643294444 0.00408997955010225 0 0 0 0
"известном" 0 0 0.00902187805428163 0.00403575680529491 0.0119896090055285 0.00526814877252134 0.00288783643294444 0 0.00671862402579952 0.00421052631578947 0.00247570712384725 0
"имения" 0.00217779520013938 0.00191475510282235 0 0 0.00266435755678412 0.003951111579391 0.00144391821647222 0 0 0.0294736842105263 0.00618926780961812 0.0024539576201519
"историческими" 0.00653338560041814 0 0.0225546951357041 0.00403575680529491 0.00133217877839206 0.00131703719313033 0 0 0.00335931201289976 0.00210526315789474 0.00618926780961812 0
"казанского" 0 0 0.00150364634238027 0 0.00266435755678412 0.015804446317564 0.00577567286588888 0.00408997955010225 0.0268744961031981 0 0 0
"каковы" 0.00217779520013938 0 0.0210510487933238 0.00807151361058983 0.00133217877839206 0.00131703719313033 0.00288783643294444 0.00408997955010225 0 0.00421052631578947 0.00247570712384725 0
"кончины" 0.00435559040027876 0.0134032857197564 0 0 0 0 0 0.0245398773006135 0.013437248051599 0 0.00247570712384725 0.0024539576201519
"которою" 0.00653338560041814 0 0.00451093902714082 0.0100893920132373 0.00133217877839206 0 0.00577567286588888 0.00408997955010225 0 0.00210526315789474 0.00618926780961812 0.00613489405037975
"крепостного" 0 0 0.00300729268476054 0.00201787840264746 0.00133217877839206 0 0 0.00613496932515337 0 0.0463157894736842 0 0
"кривичей" 0.0152445664009757 0.00191475510282235 0 0 0.00532871511356824 0 0 0 0 0 0.0210435105527016 0
"культурной" 0 0 0.016540109766183 0.0343039328450068 0 0 0 0 0 0.00210526315789474 0 0
"лесах" 0.00435559040027876 0.0076590204112894 0 0 0.00532871511356824 0 0.0115513457317778 0.00204498977505112 0.00335931201289976 0.00210526315789474 0.009902828495389 0
"лесов" 0.0152445664009757 0 0 0.00201787840264746 0.00799307267035236 0 0.0144391821647222 0.00204498977505112 0 0.00421052631578947 0.00247570712384725 0
"литвы" 0.00217779520013938 0.0038295102056447 0 0 0.00932525144874442 0.00526814877252134 0.0072195910823611 0.0122699386503067 0.00335931201289976 0 0.00371356068577087 0
"лучшие" 0.00653338560041814 0.00191475510282235 0 0.00605363520794237 0.00399653633517618 0.00263407438626067 0.01299526394825 0.00204498977505112 0 0.00210526315789474 0.00618926780961812 0.00122697881007595
"многом" 0 0.00191475510282235 0.0135328170814224 0.00201787840264746 0.0119896090055285 0.003951111579391 0 0.0081799591002045 0.00335931201289976 0.00210526315789474 0 0
"многочисленные" 0.00653338560041814 0.00574426530846705 0.00150364634238027 0.00807151361058983 0.00266435755678412 0.003951111579391 0.00577567286588888 0 0 0.00631578947368421 0.0049514142476945 0.0024539576201519
"могущество" 0.017422361601115 0.0114885306169341 0 0.0100893920132373 0 0 0.00288783643294444 0 0 0 0.009902828495389 0
"момента" 0 0 0.00451093902714082 0.0161430272211797 0.00399653633517618 0.00526814877252134 0 0.00408997955010225 0.0235151840902983 0.00421052631578947 0 0
"народе" 0.0108889760006969 0.00191475510282235 0.00150364634238027 0.00201787840264746 0 0.00263407438626067 0.00577567286588888 0 0.00335931201289976 0 0.0136163891811599 0.00368093643022785
"научной" 0 0 0.0345838658747463 0 0.00133217877839206 0 0 0.00204498977505112 0.00335931201289976 0.00631578947368421 0 0
"нигде" 0.00217779520013938 0.00574426530846705 0.00150364634238027 0.00201787840264746 0.00932525144874442 0.00263407438626067 0.00577567286588888 0 0 0.00421052631578947 0.00742712137154175 0.0024539576201519
"никого" 0.00217779520013938 0 0 0.00201787840264746 0.00399653633517618 0.0144874091244337 0.00144391821647222 0.0122699386503067 0 0 0.00371356068577087 0.00368093643022785
"новгородский" 0 0.00191475510282235 0 0 0.0146539665623127 0.00263407438626067 0.00433175464941666 0 0.00335931201289976 0.00421052631578947 0.00371356068577087 0.0073618728604557
"обрабатывающей" 0 0 0.00300729268476054 0.00807151361058983 0 0 0 0 0 0.0484210526315789 0 0
"обратить" 0.00435559040027876 0 0.00451093902714082 0.00201787840264746 0.00266435755678412 0.00131703719313033 0.00866350929883331 0 0 0 0.0148542427430835 0.0024539576201519
"описания" 0.00653338560041814 0 0.00902187805428163 0 0 0.003951111579391 0.0158831003811944 0 0 0.00210526315789474 0.00618926780961812 0
"опричнина" 0 0 0 0 0 0.0171214835106943 0 0.0204498977505112 0.0201558720773985 0 0 0
"особой" 0 0 0.0105255243966619 0.00605363520794237 0.00266435755678412 0.007902223158782 0.00433175464941666 0.0122699386503067 0.00335931201289976 0.00210526315789474 0 0
"письме" 0 0.0038295102056447 0.00300729268476054 0 0.00133217877839206 0.0144874091244337 0.00866350929883331 0.0081799591002045 0.0100779360386993 0 0 0
"племянниками" 0 0.0038295102056447 0 0 0 0.003951111579391 0 0 0 0 0 0.0294474914418228
"победил" 0.0152445664009757 0.0134032857197564 0 0 0 0 0 0 0 0.00210526315789474 0.009902828495389 0.0073618728604557
"подвиги" 0.00653338560041814 0.00574426530846705 0.00150364634238027 0.00201787840264746 0 0.00131703719313033 0 0 0.00335931201289976 0 0.019805656990778 0.00368093643022785
"показывают" 0.00217779520013938 0.0038295102056447 0.00150364634238027 0 0 0.00263407438626067 0.0101074275153055 0 0.00335931201289976 0.0126315789473684 0.00618926780961812 0.0049079152403038
"поколения" 0.00217779520013938 0 0.00601458536952109 0 0.00799307267035236 0.00658518596565167 0 0 0.00335931201289976 0.00210526315789474 0.0111406820573126 0.0024539576201519
"последняя" 0 0 0.00751823171190136 0.00807151361058983 0.00399653633517618 0.007902223158782 0.00577567286588888 0.0081799591002045 0 0 0.00371356068577087 0
"появление" 0 0 0 0.00807151361058983 0.0106574302271365 0.00526814877252134 0.00433175464941666 0.00408997955010225 0 0.00842105263157895 0.0049514142476945 0
"править" 0 0.0038295102056447 0 0 0.00799307267035236 0.019755557896955 0 0.0081799591002045 0.00671862402579952 0 0 0
"предании" 0.00435559040027876 0 0 0 0 0.00131703719313033 0 0 0 0 0.0321841926100142 0
"принцип" 0 0 0.00451093902714082 0.0302681760397118 0 0.003951111579391 0 0.00613496932515337 0 0.0105263157894737 0 0
"продолжает" 0 0.00191475510282235 0.00601458536952109 0.00605363520794237 0 0.00658518596565167 0.00288783643294444 0.00408997955010225 0.00335931201289976 0.00421052631578947 0.00742712137154175 0.00368093643022785
"прочих" 0.0152445664009757 0 0.00150364634238027 0 0 0.003951111579391 0.0072195910823611 0.016359918200409 0.0100779360386993 0 0.00247570712384725 0
"работа" 0 0.0038295102056447 0.016540109766183 0.00201787840264746 0.00532871511356824 0.00131703719313033 0.00144391821647222 0.00408997955010225 0.0100779360386993 0.00631578947368421 0.00123785356192362 0
"развитию" 0 0 0 0.0201787840264746 0.0066608938919603 0.00131703719313033 0 0.00204498977505112 0.00335931201289976 0.0210526315789474 0.00123785356192362 0
"роды" 0 0 0.00451093902714082 0 0.00932525144874442 0.003951111579391 0.00433175464941666 0.0102249488752556 0 0.00210526315789474 0.00866497493346537 0
"ростиславом" 0 0.00957377551411175 0 0 0 0 0 0 0 0 0 0.0294474914418228
"ростова" 0.00871118080055752 0.0076590204112894 0 0 0.00266435755678412 0 0 0 0 0 0.0123785356192362 0.0110428092906835
"рынок" 0 0 0 0.00403575680529491 0 0 0.0072195910823611 0.00204498977505112 0 0.04 0.00247570712384725 0
"святославичей" 0 0.0076590204112894 0 0 0.00133217877839206 0 0 0 0 0 0.00247570712384725 0.0269935338216709
"семье" 0 0 0.00150364634238027 0 0.00133217877839206 0.00131703719313033 0.00144391821647222 0.0143149284253579 0.013437248051599 0.00421052631578947 0.00618926780961812 0.00858885167053165
"силе" 0.0108889760006969 0.00191475510282235 0 0.00403575680529491 0 0.003951111579391 0.00433175464941666 0.00408997955010225 0 0.00631578947368421 0.00866497493346537 0.00368093643022785
"сильного" 0.0130667712008363 0.00957377551411175 0 0.00201787840264746 0.00133217877839206 0.00131703719313033 0 0 0 0.00210526315789474 0.0136163891811599 0.00368093643022785
"слышал" 0.00435559040027876 0.00957377551411175 0.00300729268476054 0 0 0.00131703719313033 0.00577567286588888 0.00408997955010225 0 0 0.0049514142476945 0.0110428092906835
"собирались" 0.00653338560041814 0.00574426530846705 0.00150364634238027 0.00403575680529491 0.00399653633517618 0.00526814877252134 0.00433175464941666 0.00204498977505112 0 0.00421052631578947 0.00742712137154175 0.00122697881007595
"собственными" 0.0130667712008363 0.0076590204112894 0.00902187805428163 0.00201787840264746 0.00399653633517618 0.003951111579391 0 0.00204498977505112 0 0.00842105263157895 0.00123785356192362 0
"справедливо" 0.00653338560041814 0.00957377551411175 0.00451093902714082 0 0 0 0.00144391821647222 0.00204498977505112 0.00335931201289976 0.0105263157894737 0.00866497493346537 0.00368093643022785
"ставит" 0.00217779520013938 0 0.0135328170814224 0.00403575680529491 0.00799307267035236 0.00263407438626067 0.00433175464941666 0 0.00671862402579952 0.00421052631578947 0.00247570712384725 0
"ставить" 0.00217779520013938 0.00191475510282235 0.00451093902714082 0.00403575680529491 0.00399653633517618 0.00658518596565167 0.00577567286588888 0.00613496932515337 0.0100779360386993 0.00210526315789474 0.00371356068577087 0
"стояла" 0.00871118080055752 0.0038295102056447 0.00451093902714082 0.00403575680529491 0.00266435755678412 0 0.0072195910823611 0.00204498977505112 0.0100779360386993 0.00210526315789474 0.00618926780961812 0.00122697881007595
"стоять" 0.00435559040027876 0 0.00451093902714082 0.00201787840264746 0.00399653633517618 0.00526814877252134 0.00577567286588888 0.00204498977505112 0.00335931201289976 0 0.00247570712384725 0.0098158304806076
"странам" 0.00653338560041814 0 0.00751823171190136 0.0161430272211797 0 0 0 0 0.0100779360386993 0.0105263157894737 0.00123785356192362 0.0049079152403038
"судов" 0.00871118080055752 0.0134032857197564 0 0 0 0 0.0187709368141388 0.00204498977505112 0 0.00421052631578947 0.00247570712384725 0
"суду" 0 0.00191475510282235 0.00150364634238027 0 0.00932525144874442 0.00921926035191234 0.00288783643294444 0.0081799591002045 0 0 0.00742712137154175 0.00122697881007595
"считает" 0.00217779520013938 0 0.00601458536952109 0.00201787840264746 0.00266435755678412 0.00526814877252134 0.0158831003811944 0.00204498977505112 0.00335931201289976 0 0.00371356068577087 0.00122697881007595
"таков" 0 0 0.00150364634238027 0.00605363520794237 0.00532871511356824 0.00263407438626067 0.00288783643294444 0.0143149284253579 0.0100779360386993 0.00842105263157895 0.00371356068577087 0
"торков" 0 0.0191475510282235 0 0 0.00133217877839206 0 0 0 0 0 0.00123785356192362 0.0208586397712912
"тою" 0 0 0.00601458536952109 0.00605363520794237 0.00266435755678412 0.003951111579391 0.0101074275153055 0.00408997955010225 0 0.00210526315789474 0.00371356068577087 0.0049079152403038
"третьего" 0.00435559040027876 0.0038295102056447 0.00601458536952109 0.00201787840264746 0.00266435755678412 0.00526814877252134 0.00288783643294444 0.00408997955010225 0 0.00842105263157895 0.00742712137154175 0
"туров" 0.00217779520013938 0.0210623061310458 0 0 0 0 0 0 0 0 0.00247570712384725 0.0184046821511392
"ударил" 0.00217779520013938 0.0114885306169341 0 0 0 0 0 0.00204498977505112 0 0 0.00247570712384725 0.023312597391443
"уделе" 0 0.00957377551411175 0 0 0.0279757543462333 0 0 0.00613496932515337 0 0 0 0
"уйти" 0.00217779520013938 0.00191475510282235 0.00150364634238027 0 0.00133217877839206 0.00131703719313033 0.00144391821647222 0.00613496932515337 0.013437248051599 0.0126315789473684 0.00618926780961812 0.00613489405037975
"форма" 0 0 0.00902187805428163 0.00403575680529491 0.00399653633517618 0.00526814877252134 0 0 0.00335931201289976 0.0210526315789474 0.00371356068577087 0
"церковного" 0.00217779520013938 0 0 0.00403575680529491 0.0066608938919603 0.011853334738173 0 0.00613496932515337 0.00671862402579952 0.00421052631578947 0.0049514142476945 0.00122697881007595
"частного" 0 0 0.00451093902714082 0.00201787840264746 0.0199826816758809 0.0105362975450427 0.00288783643294444 0 0 0 0 0
"четвертый" 0.00653338560041814 0 0.00150364634238027 0.00605363520794237 0 0 0.00144391821647222 0 0 0.0336842105263158 0.00247570712384725 0.00368093643022785
"членами" 0 0 0.00150364634238027 0.00201787840264746 0.00799307267035236 0.0131703719313033 0.00288783643294444 0 0 0.00210526315789474 0.00742712137154175 0.0024539576201519
"шуйские" 0 0 0 0 0.00266435755678412 0.00131703719313033 0 0.0347648261758691 0.0302338081160978 0 0 0
"эксп" 0 0 0 0 0.0173183241190968 0.0131703719313033 0 0 0 0.0126315789473684 0 0
"языком" 0.0196001568012544 0 0 0.00807151361058983 0.00266435755678412 0.00526814877252134 0.00433175464941666 0.00408997955010225 0.00335931201289976 0.00210526315789474 0.00371356068577087 0
"безопасности" 0.0108889760006969 0.0210623061310458 0 0 0.00266435755678412 0.00658518596565167 0 0 0 0.00210526315789474 0.00371356068577087 0.00122697881007595
"близко" 0 0 0.00300729268476054 0.00201787840264746 0.0066608938919603 0.00526814877252134 0.00577567286588888 0.00613496932515337 0.00335931201289976 0.00421052631578947 0.00247570712384725 0.0049079152403038
"богатства" 0.00871118080055752 0.00191475510282235 0 0 0.00532871511356824 0 0.00144391821647222 0.00204498977505112 0.00335931201289976 0.00842105263157895 0.0111406820573126 0.00368093643022785
"болгары" 0.0304891328019513 0.00191475510282235 0 0 0 0 0.00288783643294444 0 0 0.00210526315789474 0.0123785356192362 0
"боялся" 0.00653338560041814 0.0210623061310458 0 0 0 0 0.00144391821647222 0.00204498977505112 0.0100779360386993 0 0.00247570712384725 0.00858885167053165
"брал" 0.00217779520013938 0.0114885306169341 0 0 0.00266435755678412 0.00263407438626067 0.00866350929883331 0 0.00335931201289976 0 0.009902828495389 0.0024539576201519
"буду" 0.00217779520013938 0.0134032857197564 0.00451093902714082 0.00201787840264746 0 0.00131703719313033 0 0 0 0 0.00371356068577087 0.0147237457209114
"быти" 0 0 0 0 0.00133217877839206 0.011853334738173 0.00288783643294444 0.0224948875255624 0.0167965600644988 0 0 0
"важности" 0 0 0.00300729268476054 0 0.00266435755678412 0.0105362975450427 0.0072195910823611 0 0.00671862402579952 0.00631578947368421 0.0049514142476945 0.0024539576201519
"важность" 0.00217779520013938 0 0.00601458536952109 0.0161430272211797 0.00266435755678412 0.00131703719313033 0.00144391821647222 0.00613496932515337 0.0100779360386993 0 0.0049514142476945 0.00122697881007595
"венгрии" 0.0196001568012544 0.00957377551411175 0.00150364634238027 0.00403575680529491 0 0 0.00144391821647222 0 0 0 0.00371356068577087 0.00858885167053165
"вере" 0.0152445664009757 0.0038295102056447 0.00601458536952109 0 0 0 0.00288783643294444 0.00204498977505112 0.00335931201289976 0.00421052631578947 0.0111406820573126 0
"взгляда" 0 0 0.0105255243966619 0.0141251488185322 0.00266435755678412 0.003951111579391 0.00144391821647222 0 0 0.00631578947368421 0.00618926780961812 0
"властей" 0.00217779520013938 0 0 0.00201787840264746 0.0119896090055285 0.0131703719313033 0 0.00613496932515337 0.00335931201289976 0.00631578947368421 0 0
"всеслав" 0.00217779520013938 0.0153180408225788 0 0 0 0 0 0 0 0 0.00371356068577087 0.0196316609612152
"вскоре" 0 0 0 0.00201787840264746 0.00266435755678412 0.0144874091244337 0.00288783643294444 0.0102249488752556 0.0235151840902983 0 0 0
"выход" 0 0 0 0.00605363520794237 0.00133217877839206 0.00131703719313033 0.00433175464941666 0.0286298568507157 0.0167965600644988 0 0.00123785356192362 0
"выходили" 0.00653338560041814 0 0.00150364634238027 0 0.0066608938919603 0.00921926035191234 0.0115513457317778 0 0.00335931201289976 0.00210526315789474 0.00247570712384725 0
"главной" 0 0.0038295102056447 0.00150364634238027 0.00403575680529491 0.00266435755678412 0.00131703719313033 0.0072195910823611 0.00408997955010225 0.00335931201289976 0.0147368421052632 0.0049514142476945 0.00122697881007595
"го" 0 0 0.00150364634238027 0 0.00133217877839206 0.00263407438626067 0.01299526394825 0.0081799591002045 0.0201558720773985 0 0 0.00613489405037975
"городок" 0.00871118080055752 0.0114885306169341 0 0 0 0 0.00866350929883331 0.00408997955010225 0 0 0.0049514142476945 0.0073618728604557
"господствовали" 0.00871118080055752 0.0134032857197564 0 0.00403575680529491 0.00399653633517618 0.00131703719313033 0.00288783643294444 0 0.00335931201289976 0.00421052631578947 0.00247570712384725 0.0049079152403038
"дав" 0.00435559040027876 0.0325508367479799 0.00150364634238027 0.00201787840264746 0.00399653633517618 0.00263407438626067 0 0 0.00335931201289976 0 0.00123785356192362 0
"давала" 0.00653338560041814 0 0 0 0.0066608938919603 0.0144874091244337 0.00144391821647222 0.00204498977505112 0.00671862402579952 0.00210526315789474 0.00123785356192362 0.00368093643022785
"дворецкий" 0 0 0 0 0.0253113967894491 0.00526814877252134 0.00433175464941666 0.00408997955010225 0 0 0 0
"дворов" 0 0 0 0 0.0106574302271365 0.007902223158782 0.0115513457317778 0.00204498977505112 0.00335931201289976 0.00631578947368421 0.00123785356192362 0
"деньгами" 0.00217779520013938 0.0076590204112894 0 0.00403575680529491 0.00133217877839206 0.00131703719313033 0.00866350929883331 0.0081799591002045 0 0.0105263157894737 0.0049514142476945 0
"европейской" 0.00217779520013938 0 0.00150364634238027 0.0302681760397118 0 0 0.00288783643294444 0.00204498977505112 0.00335931201289976 0.00421052631578947 0.00618926780961812 0
"ездил" 0 0.0210623061310458 0 0 0.00532871511356824 0.00263407438626067 0.00577567286588888 0.00204498977505112 0 0 0.00247570712384725 0.0049079152403038
"ездили" 0.0108889760006969 0.0038295102056447 0 0 0.00266435755678412 0.00131703719313033 0.0202148550306111 0 0.00335931201289976 0 0.00247570712384725 0.00122697881007595
"женою" 0.00435559040027876 0.0134032857197564 0 0 0.00133217877839206 0.00263407438626067 0.00144391821647222 0 0 0 0.0111406820573126 0.0073618728604557
"западная" 0 0.0038295102056447 0.00451093902714082 0.0302681760397118 0 0 0.00288783643294444 0 0 0 0.00742712137154175 0
"зверей" 0.0239557472015332 0.0076590204112894 0.00150364634238027 0.00201787840264746 0 0.00131703719313033 0.00433175464941666 0 0.00335931201289976 0.00421052631578947 0.0049514142476945 0
"земский" 0 0 0 0 0.0066608938919603 0.0223896322832157 0.00288783643294444 0.00408997955010225 0.00335931201289976 0 0.00123785356192362 0
"ивану" 0 0.00191475510282235 0 0 0.0119896090055285 0.00526814877252134 0 0.00613496932515337 0.0235151840902983 0 0 0.0049079152403038
"изяславова" 0 0.0191475510282235 0 0 0.00133217877839206 0 0 0 0 0 0 0.0208586397712912
"индии" 0.00653338560041814 0 0.00300729268476054 0.044393324858244 0 0 0.00144391821647222 0 0 0 0 0
"иным" 0.00653338560041814 0.0038295102056447 0.0105255243966619 0.00403575680529491 0.00133217877839206 0.00263407438626067 0 0.00613496932515337 0.013437248051599 0.00631578947368421 0.00123785356192362 0
"каждому" 0.00871118080055752 0.0038295102056447 0.00451093902714082 0.00201787840264746 0.00266435755678412 0.00131703719313033 0.0115513457317778 0 0 0.00210526315789474 0.0049514142476945 0.0024539576201519
"княгиня" 0.0239557472015332 0.0038295102056447 0 0 0.00932525144874442 0 0 0 0.00671862402579952 0 0.00371356068577087 0.00368093643022785
"князьях" 0.00217779520013938 0.00191475510282235 0 0 0.0186505028974888 0.00526814877252134 0 0.00613496932515337 0 0 0.00371356068577087 0.0024539576201519
"котошихина" 0 0 0 0 0.0066608938919603 0.019755557896955 0.0115513457317778 0 0 0 0 0
"кругу" 0.00217779520013938 0 0 0.00201787840264746 0.0119896090055285 0.003951111579391 0 0.0143149284253579 0.0100779360386993 0 0.00371356068577087 0.00122697881007595
"кун" 0.00217779520013938 0.0402098571592693 0 0 0.00799307267035236 0 0 0 0 0 0 0
"купцам" 0.00435559040027876 0.0038295102056447 0 0 0.00399653633517618 0 0.0231026914635555 0.00408997955010225 0 0 0.00247570712384725 0.00122697881007595
"ливонии" 0.00217779520013938 0.00574426530846705 0 0 0 0 0.0101074275153055 0 0.0503896801934964 0 0.00123785356192362 0.00122697881007595
"лицами" 0.00435559040027876 0 0.00451093902714082 0.00403575680529491 0.0119896090055285 0.007902223158782 0.00144391821647222 0.00204498977505112 0.00335931201289976 0.00421052631578947 0 0.00122697881007595
"личную" 0.00217779520013938 0.00191475510282235 0.00150364634238027 0.00403575680529491 0.00532871511356824 0.00658518596565167 0 0.0102249488752556 0.00671862402579952 0.0147368421052632 0 0
"мировой" 0 0 0.00902187805428163 0.0282502976370644 0.00399653633517618 0.00131703719313033 0 0 0.00335931201289976 0.00631578947368421 0 0
"налогов" 0 0 0.00150364634238027 0.0141251488185322 0.0066608938919603 0.00526814877252134 0 0 0 0.0231578947368421 0 0
"нападения" 0.0108889760006969 0.0076590204112894 0 0.00201787840264746 0.00266435755678412 0 0.0072195910823611 0 0.00335931201289976 0 0.00866497493346537 0.00368093643022785
"находили" 0.00871118080055752 0.00191475510282235 0 0 0.00399653633517618 0.00131703719313033 0.0144391821647222 0.00408997955010225 0 0.00210526315789474 0.0049514142476945 0.0024539576201519
"немецкий" 0.00217779520013938 0.0038295102056447 0.0270656341628449 0.00605363520794237 0.00133217877839206 0 0 0 0 0 0.00371356068577087 0
"нисколько" 0 0 0.00902187805428163 0.00201787840264746 0.0066608938919603 0.00263407438626067 0.00288783643294444 0 0 0 0.009902828495389 0.0049079152403038
"новгородская" 0 0 0 0 0.0119896090055285 0 0.00433175464941666 0.00204498977505112 0.00335931201289976 0.00842105263157895 0.0123785356192362 0
"областные" 0 0 0 0.00201787840264746 0.0159861453407047 0.00263407438626067 0.0101074275153055 0 0 0.00842105263157895 0.00247570712384725 0
"областями" 0.00653338560041814 0.00191475510282235 0 0.00403575680529491 0.0066608938919603 0.003951111579391 0.0072195910823611 0 0 0.00421052631578947 0.0049514142476945 0.00368093643022785
"окрестностях" 0.0239557472015332 0.0248918163366905 0 0 0 0 0.00433175464941666 0 0 0 0 0.00122697881007595
"олегом" 0.017422361601115 0.00574426530846705 0 0 0 0 0 0 0 0.00210526315789474 0.00742712137154175 0.0122697881007595
"определение" 0 0 0.0105255243966619 0.00201787840264746 0.00399653633517618 0.003951111579391 0.00433175464941666 0.00204498977505112 0 0.0105263157894737 0.00618926780961812 0
"организации" 0 0 0.00300729268476054 0.0121072704158847 0 0 0 0.00204498977505112 0.0167965600644988 0.0294736842105263 0 0
"основанием" 0.017422361601115 0.00191475510282235 0.00601458536952109 0.00201787840264746 0.00932525144874442 0.00131703719313033 0.00288783643294444 0 0.00335931201289976 0 0.00123785356192362 0.0024539576201519
"осталось" 0.00217779520013938 0.00191475510282235 0 0 0.00133217877839206 0.00526814877252134 0.00433175464941666 0.00408997955010225 0 0.00210526315789474 0.00742712137154175 0.0110428092906835
"оценки" 0 0 0.033080219532366 0 0 0.00131703719313033 0.00433175464941666 0.00408997955010225 0 0 0 0
"памятников" 0.0108889760006969 0 0.0180437561085633 0.00201787840264746 0.00266435755678412 0.00658518596565167 0.00144391821647222 0 0 0.00210526315789474 0.00123785356192362 0
"переговоров" 0.00217779520013938 0 0.00300729268476054 0 0.00932525144874442 0.00658518596565167 0.0101074275153055 0.00204498977505112 0.0100779360386993 0 0 0.0024539576201519
"перемен" 0 0 0.00751823171190136 0.00201787840264746 0.00932525144874442 0.00526814877252134 0 0 0.00671862402579952 0.0189473684210526 0 0
"писать" 0.00435559040027876 0.00191475510282235 0.00150364634238027 0 0.00799307267035236 0.011853334738173 0.00288783643294444 0.0102249488752556 0.00335931201289976 0.00210526315789474 0 0
"племяннику" 0.00435559040027876 0.00574426530846705 0 0 0.00266435755678412 0.00131703719313033 0 0.00204498977505112 0.00671862402579952 0 0.00371356068577087 0.0171777033410633
"побежал" 0 0 0 0 0 0 0 0.00408997955010225 0 0 0.00371356068577087 0.0282205126317468
"поднять" 0.00217779520013938 0.0038295102056447 0 0 0.00133217877839206 0.00526814877252134 0.00288783643294444 0.00408997955010225 0.00671862402579952 0.00210526315789474 0.00371356068577087 0.0122697881007595
"полн" 0 0 0 0 0.0293079331246253 0.00526814877252134 0.00144391821647222 0 0.00335931201289976 0 0 0
"полной" 0 0 0.00601458536952109 0.00403575680529491 0.00266435755678412 0.00131703719313033 0.00144391821647222 0.00204498977505112 0.0167965600644988 0.0147368421052632 0.00371356068577087 0.0024539576201519
"получает" 0 0.00191475510282235 0.00751823171190136 0.0141251488185322 0.00532871511356824 0 0.00433175464941666 0.00204498977505112 0.00335931201289976 0 0.00742712137154175 0
"польским" 0.00653338560041814 0.00574426530846705 0.00150364634238027 0 0 0.00526814877252134 0.00433175464941666 0.00408997955010225 0.00335931201289976 0 0.00371356068577087 0.0098158304806076
"понимания" 0 0 0.0270656341628449 0.00605363520794237 0 0.003951111579391 0 0 0.00335931201289976 0.00421052631578947 0.00123785356192362 0
"понятиям" 0 0 0.00150364634238027 0.00403575680529491 0.00799307267035236 0 0.00288783643294444 0 0 0 0.0148542427430835 0.00613489405037975
"последнюю" 0 0.0038295102056447 0.00601458536952109 0.00807151361058983 0.00399653633517618 0.003951111579391 0.00144391821647222 0.0081799591002045 0.00671862402579952 0.00421052631578947 0.00371356068577087 0
"потомки" 0.00435559040027876 0.00191475510282235 0.00300729268476054 0.00201787840264746 0.0133217877839206 0.003951111579391 0 0 0.00335931201289976 0.00210526315789474 0.00247570712384725 0.00613489405037975
"предложение" 0.00217779520013938 0.0038295102056447 0.00150364634238027 0 0.00799307267035236 0.00658518596565167 0.0101074275153055 0 0 0 0.00247570712384725 0.0049079152403038
"примеров" 0.00217779520013938 0 0.0240583414780844 0.00605363520794237 0 0.00131703719313033 0 0.00204498977505112 0 0.0126315789473684 0 0
"приняв" 0.017422361601115 0.00957377551411175 0.00150364634238027 0.00201787840264746 0.00266435755678412 0 0.00433175464941666 0.00408997955010225 0 0.00421052631578947 0.00371356068577087 0.00122697881007595
"прочие" 0.00653338560041814 0 0.00300729268476054 0 0 0.00263407438626067 0.0144391821647222 0.0081799591002045 0.0100779360386993 0 0.0049514142476945 0
"рабы" 0.00435559040027876 0.00191475510282235 0 0.00807151361058983 0 0.00263407438626067 0 0 0 0.0147368421052632 0.0136163891811599 0.00122697881007595
"разбойников" 0.0108889760006969 0.0038295102056447 0 0.00403575680529491 0.00532871511356824 0 0.0115513457317778 0.00204498977505112 0 0 0.00618926780961812 0.00122697881007595
"распространение" 0 0 0.00300729268476054 0.0181609056238271 0.00133217877839206 0 0 0.00204498977505112 0 0 0.0185678034288544 0
"риме" 0 0.0038295102056447 0.00601458536952109 0.0363218112476542 0 0 0 0 0 0.00631578947368421 0 0.00122697881007595
"римская" 0 0 0.00150364634238027 0.0504469600661864 0 0 0.00144391821647222 0 0 0 0.00123785356192362 0
"родового" 0 0 0.00150364634238027 0 0.00399653633517618 0 0 0 0 0.00210526315789474 0.0235192176765489 0.0049079152403038
"романовых" 0 0 0 0 0 0 0 0.0572597137014315 0 0 0 0
"сведений" 0 0 0.0135328170814224 0 0.00399653633517618 0.00263407438626067 0.00866350929883331 0.00408997955010225 0.00671862402579952 0.00421052631578947 0.00247570712384725 0
"селения" 0.0196001568012544 0.0114885306169341 0 0 0.00399653633517618 0 0.0072195910823611 0 0 0.00210526315789474 0.00371356068577087 0.00122697881007595
"сельского" 0 0.00191475510282235 0.00451093902714082 0.00201787840264746 0.00532871511356824 0.00526814877252134 0.00144391821647222 0 0 0.0189473684210526 0.00618926780961812 0
"сесть" 0 0.00957377551411175 0.00150364634238027 0 0 0.00263407438626067 0.00288783643294444 0 0 0 0.00371356068577087 0.0184046821511392
"сказ" 0 0 0 0 0.00399653633517618 0.0184385207038247 0.0158831003811944 0 0 0 0 0
"славы" 0.0370225184023694 0.0114885306169341 0 0 0.00133217877839206 0 0 0 0 0.00210526315789474 0.00247570712384725 0.00122697881007595
"словах" 0.00435559040027876 0 0.00451093902714082 0.00403575680529491 0.00399653633517618 0.00263407438626067 0.00144391821647222 0.00613496932515337 0.00335931201289976 0.00421052631578947 0.00742712137154175 0.00368093643022785
"случаю" 0.00217779520013938 0.00191475510282235 0 0 0.00532871511356824 0.007902223158782 0.00288783643294444 0.00204498977505112 0.00671862402579952 0 0.00618926780961812 0.0073618728604557
"смертию" 0.00871118080055752 0.0153180408225788 0 0 0 0.00131703719313033 0 0 0 0 0.00618926780961812 0.0122697881007595
"собственные" 0.00435559040027876 0.0038295102056447 0.0120291707390422 0.00201787840264746 0.00133217877839206 0.00263407438626067 0.0072195910823611 0.00204498977505112 0 0.00210526315789474 0 0.00613489405037975
"современных" 0.0130667712008363 0 0.0120291707390422 0.0100893920132373 0 0 0.00144391821647222 0.00613496932515337 0.00671862402579952 0.00421052631578947 0 0.00122697881007595
"соловьев" 0 0 0.00300729268476054 0 0.00266435755678412 0.0171214835106943 0 0.0102249488752556 0.00671862402579952 0.00421052631578947 0.00123785356192362 0.00122697881007595
"соседних" 0 0 0.00451093902714082 0.00605363520794237 0.00399653633517618 0 0.00866350929883331 0.00408997955010225 0 0 0.0123785356192362 0.00122697881007595
"срок" 0.00217779520013938 0 0 0 0.00532871511356824 0.00658518596565167 0.00577567286588888 0.00613496932515337 0.0100779360386993 0.00842105263157895 0.00371356068577087 0.00122697881007595
"стан" 0.0108889760006969 0.0153180408225788 0 0 0.00133217877839206 0 0 0 0 0 0.0049514142476945 0.0122697881007595
"становилась" 0 0 0 0.00201787840264746 0.022647039232665 0.00921926035191234 0.00144391821647222 0.00408997955010225 0 0 0 0
"статей" 0 0 0.00150364634238027 0 0 0.0263407438626067 0.00433175464941666 0.00204498977505112 0.00335931201289976 0.00421052631578947 0 0
"столом" 0.00435559040027876 0.0038295102056447 0 0 0.00399653633517618 0.00526814877252134 0.00288783643294444 0.00204498977505112 0 0.00210526315789474 0.00618926780961812 0.0098158304806076
"судьбы" 0.00871118080055752 0.0038295102056447 0.00300729268476054 0.0201787840264746 0.00133217877839206 0.003951111579391 0.00144391821647222 0.00204498977505112 0 0 0.00247570712384725 0.0024539576201519
"существовала" 0.00217779520013938 0.0038295102056447 0.00451093902714082 0.0121072704158847 0.00399653633517618 0.00131703719313033 0 0.00408997955010225 0 0.00631578947368421 0.00618926780961812 0.0024539576201519
"торгового" 0 0 0 0.00201787840264746 0.0119896090055285 0.00131703719313033 0.0072195910823611 0 0 0.0252631578947368 0 0
"тысячи" 0.00217779520013938 0.0038295102056447 0 0.0141251488185322 0.0066608938919603 0.00131703719313033 0 0.00204498977505112 0.0167965600644988 0.00210526315789474 0.00247570712384725 0.00368093643022785
"управлению" 0 0 0 0 0.0173183241190968 0.011853334738173 0.00288783643294444 0.00408997955010225 0.00335931201289976 0 0.00123785356192362 0
"условием" 0.00217779520013938 0.0038295102056447 0.00451093902714082 0.00201787840264746 0.00399653633517618 0.00263407438626067 0.00577567286588888 0 0.00335931201289976 0.0105263157894737 0.00618926780961812 0.00122697881007595
"успехов" 0.00217779520013938 0 0.00150364634238027 0.00605363520794237 0.0106574302271365 0.00658518596565167 0 0.00613496932515337 0.00335931201289976 0.00842105263157895 0.00123785356192362 0.00122697881007595
"устья" 0.0196001568012544 0.0076590204112894 0 0.00201787840264746 0 0 0.0072195910823611 0 0.00335931201289976 0 0.0049514142476945 0.0049079152403038
"хитростию" 0.00653338560041814 0.00574426530846705 0 0 0 0 0 0 0 0 0.0222813641146252 0.0049079152403038
"холопов" 0 0 0 0 0.00532871511356824 0.00526814877252134 0 0.0143149284253579 0 0.0252631578947368 0 0.00122697881007595
"холопы" 0 0.00191475510282235 0 0 0.00133217877839206 0.003951111579391 0 0.016359918200409 0 0.0273684210526316 0.00123785356192362 0.00122697881007595
"царств" 0 0 0.00300729268476054 0.0201787840264746 0 0.0171214835106943 0.00144391821647222 0 0 0.00210526315789474 0 0.00122697881007595
"целей" 0 0 0.0210510487933238 0 0.00133217877839206 0.00131703719313033 0.00288783643294444 0.00613496932515337 0.00671862402579952 0.0105263157894737 0 0
"центра" 0 0 0 0.00403575680529491 0.00266435755678412 0.00263407438626067 0.00433175464941666 0.00613496932515337 0.0369524321418973 0.00421052631578947 0.00371356068577087 0
"черниговские" 0 0.0210623061310458 0 0 0 0 0 0 0 0 0.00123785356192362 0.0196316609612152
"чудь" 0.00871118080055752 0.0114885306169341 0 0 0 0 0 0 0 0 0.0148542427430835 0.0073618728604557
"шесть" 0.00435559040027876 0.0076590204112894 0.00150364634238027 0 0.00399653633517618 0.00131703719313033 0.00144391821647222 0.0081799591002045 0.0100779360386993 0.00421052631578947 0.00247570712384725 0.00613489405037975
"юрьев" 0 0.0114885306169341 0 0 0 0.00263407438626067 0 0.00613496932515337 0.013437248051599 0.00210526315789474 0.0049514142476945 0.0098158304806076
"андрею" 0 0.0134032857197564 0 0 0 0 0 0.00204498977505112 0.00335931201289976 0 0 0.0220856185813671
"бить" 0 0.00191475510282235 0 0 0.00133217877839206 0.0144874091244337 0.00144391821647222 0.0081799591002045 0 0.00210526315789474 0.00371356068577087 0.00613489405037975
"блага" 0.00653338560041814 0.0038295102056447 0.00150364634238027 0.00201787840264746 0.00266435755678412 0.00131703719313033 0.00144391821647222 0 0.00671862402579952 0.0273684210526316 0 0.00122697881007595
"боярством" 0.00217779520013938 0 0 0 0.0186505028974888 0.0131703719313033 0.00144391821647222 0.00204498977505112 0 0 0 0
"бывшего" 0.00217779520013938 0.0134032857197564 0.00300729268476054 0 0.00266435755678412 0.00263407438626067 0.00144391821647222 0.0081799591002045 0.013437248051599 0.00210526315789474 0 0.00368093643022785
"бысть" 0 0 0 0 0 0.00131703719313033 0.00144391821647222 0.0265848670756646 0.0403117441547971 0 0 0
"ведомство" 0 0 0 0 0.0199826816758809 0.0105362975450427 0.00144391821647222 0 0.00671862402579952 0.00210526315789474 0 0
"вины" 0.00653338560041814 0.0038295102056447 0 0 0 0.007902223158782 0 0.00204498977505112 0.00671862402579952 0 0.00371356068577087 0.0122697881007595
"вниз" 0.00435559040027876 0.00191475510282235 0 0 0 0.00263407438626067 0.00433175464941666 0 0 0 0.019805656990778 0.00368093643022785
"внука" 0 0.00957377551411175 0 0 0.00932525144874442 0.003951111579391 0 0 0 0 0.00247570712384725 0.0122697881007595
"военного" 0.00217779520013938 0 0.00150364634238027 0.00201787840264746 0.00932525144874442 0.00658518596565167 0.00866350929883331 0.00408997955010225 0.00335931201289976 0.00210526315789474 0.00247570712384725 0
"вольного" 0 0.0038295102056447 0 0 0.0199826816758809 0.00131703719313033 0 0 0.00671862402579952 0.0105263157894737 0.00123785356192362 0.00122697881007595
"востоком" 0 0 0 0.0322860544423593 0 0 0.00577567286588888 0.00408997955010225 0.00335931201289976 0.00210526315789474 0.00371356068577087 0
"всюду" 0.00217779520013938 0 0.00150364634238027 0.00201787840264746 0.0106574302271365 0.00526814877252134 0 0.00408997955010225 0.00335931201289976 0.00421052631578947 0.00371356068577087 0.0049079152403038
"вывод" 0 0 0.00451093902714082 0.00605363520794237 0 0 0 0.00613496932515337 0.013437248051599 0.0252631578947368 0.00247570712384725 0
"высшее" 0 0 0.00150364634238027 0.00605363520794237 0.00399653633517618 0.0131703719313033 0.00577567286588888 0.00204498977505112 0 0.00631578947368421 0.00247570712384725 0
"главы" 0.00653338560041814 0.0076590204112894 0.00451093902714082 0.00807151361058983 0.00266435755678412 0.00263407438626067 0 0.00408997955010225 0.00671862402579952 0.00210526315789474 0.00123785356192362 0.00368093643022785
"господствовал" 0.0130667712008363 0.0076590204112894 0 0.00605363520794237 0.00932525144874442 0.00131703719313033 0 0.00408997955010225 0 0.00421052631578947 0.00123785356192362 0.00122697881007595
"господством" 0 0 0 0.0100893920132373 0.00133217877839206 0 0 0 0 0.0357894736842105 0.00371356068577087 0.00122697881007595
"государе" 0 0.00191475510282235 0 0 0.00266435755678412 0.0184385207038247 0.00144391821647222 0.0081799591002045 0.00671862402579952 0.00631578947368421 0 0
"государеву" 0 0 0 0 0.00133217877839206 0.019755557896955 0.00577567286588888 0.0081799591002045 0.0100779360386993 0 0 0
"дано" 0 0 0.00902187805428163 0.00201787840264746 0.00532871511356824 0.003951111579391 0.00288783643294444 0.00613496932515337 0.0100779360386993 0.00631578947368421 0.00123785356192362 0.00122697881007595
"даст" 0.00217779520013938 0.00191475510282235 0 0 0 0.00263407438626067 0.00433175464941666 0.00204498977505112 0 0 0.00123785356192362 0.0220856185813671
"добывающей" 0 0 0 0 0 0 0 0 0 0.0568421052631579 0 0
"долг" 0.00435559040027876 0.00574426530846705 0.00150364634238027 0.00201787840264746 0.00133217877839206 0.003951111579391 0.00433175464941666 0.00408997955010225 0 0.0168421052631579 0.00371356068577087 0
"домы" 0.0108889760006969 0.0210623061310458 0 0 0 0 0.00288783643294444 0.00204498977505112 0.00335931201289976 0.00210526315789474 0.00123785356192362 0.00613489405037975
"дорогу" 0.00217779520013938 0.0038295102056447 0.00150364634238027 0.00403575680529491 0.00532871511356824 0.00131703719313033 0.0072195910823611 0.0102249488752556 0.00335931201289976 0 0.00247570712384725 0.00368093643022785
"душу" 0.00871118080055752 0.0134032857197564 0 0 0 0 0.00144391821647222 0.00408997955010225 0.013437248051599 0 0.00371356068577087 0.0073618728604557
"задачу" 0 0 0.0255619878204646 0.00201787840264746 0.00133217877839206 0.00263407438626067 0.00144391821647222 0.00204498977505112 0 0.00842105263157895 0 0
"занимал" 0 0 0 0 0.0066608938919603 0.011853334738173 0.00433175464941666 0.00613496932515337 0.00335931201289976 0.00210526315789474 0.00371356068577087 0.0024539576201519
"занимались" 0.00871118080055752 0.00191475510282235 0.00150364634238027 0.00605363520794237 0 0.00131703719313033 0.00866350929883331 0 0 0.0189473684210526 0.00247570712384725 0
"заседание" 0 0 0.00300729268476054 0 0.00532871511356824 0.0210725950900853 0.00144391821647222 0.0081799591002045 0 0 0 0
"заставил" 0 0.0172327959254011 0 0 0.00133217877839206 0.00263407438626067 0.00144391821647222 0.00613496932515337 0 0.00210526315789474 0.00123785356192362 0.0110428092906835
"звать" 0.00435559040027876 0.00574426530846705 0 0 0.00133217877839206 0 0 0.00408997955010225 0.00335931201289976 0 0 0.0220856185813671
"значению" 0 0 0.00451093902714082 0.00403575680529491 0.0106574302271365 0.00658518596565167 0.0072195910823611 0 0 0.00210526315789474 0.00247570712384725 0.00122697881007595
"имевших" 0.00435559040027876 0 0.00601458536952109 0.00605363520794237 0.00399653633517618 0.003951111579391 0.00144391821647222 0.00408997955010225 0.00335931201289976 0 0.00742712137154175 0.0024539576201519
"имущества" 0 0 0 0.00201787840264746 0.0066608938919603 0.0105362975450427 0.0101074275153055 0 0 0.00210526315789474 0.00618926780961812 0
"интеллигенции" 0 0 0.00300729268476054 0.00605363520794237 0 0 0 0 0 0.0463157894736842 0 0
"ипат" 0 0 0 0 0.0359688270165856 0 0 0 0 0 0 0
"клобуки" 0 0.00957377551411175 0 0 0 0 0.00144391821647222 0 0 0.00210526315789474 0 0.024539576201519
"контарини" 0 0 0 0 0 0 0.0389857918447499 0 0 0 0 0
"лес" 0.00871118080055752 0.00191475510282235 0.00150364634238027 0 0.00532871511356824 0 0.01299526394825 0 0.0100779360386993 0 0 0.00613489405037975
"марта" 0.00217779520013938 0.0134032857197564 0.00150364634238027 0 0 0.0171214835106943 0.00144391821647222 0.00408997955010225 0 0 0 0.0024539576201519
"месть" 0.00653338560041814 0.0076590204112894 0.00150364634238027 0.00201787840264746 0 0 0.00144391821647222 0.00613496932515337 0 0 0.0160920963050071 0.00122697881007595
"монастырю" 0 0.00574426530846705 0.00150364634238027 0 0.0173183241190968 0.003951111579391 0 0.0081799591002045 0 0.00210526315789474 0 0.0024539576201519
"московскую" 0 0 0 0 0.0106574302271365 0.00658518596565167 0.00288783643294444 0.0184049079754601 0.00671862402579952 0 0.00123785356192362 0
"мстиславичей" 0 0.00957377551411175 0 0 0 0 0 0 0 0 0 0.0269935338216709
"мстить" 0.00217779520013938 0.00574426530846705 0 0 0.00532871511356824 0.00263407438626067 0.00144391821647222 0.00204498977505112 0.00335931201289976 0 0.009902828495389 0.0073618728604557
"муром" 0.00871118080055752 0.0153180408225788 0 0 0 0 0 0 0.00335931201289976 0 0.00618926780961812 0.0110428092906835
"направления" 0 0 0.0195474024509435 0.0100893920132373 0.00133217877839206 0.00658518596565167 0 0 0.0100779360386993 0 0 0
"научных" 0 0 0.0285692805052252 0.00403575680529491 0 0 0 0.00204498977505112 0 0.0105263157894737 0 0
"находит" 0.00435559040027876 0 0.00902187805428163 0.00605363520794237 0 0 0.00866350929883331 0.00613496932515337 0.00335931201289976 0.00631578947368421 0.00247570712384725 0.00122697881007595
"наций" 0 0 0.00902187805428163 0.0322860544423593 0 0 0.00433175464941666 0.00204498977505112 0.00335931201289976 0 0 0
"неделю" 0.00435559040027876 0.0038295102056447 0 0 0.00266435755678412 0.00263407438626067 0.0115513457317778 0.00613496932515337 0.00335931201289976 0.0105263157894737 0.00123785356192362 0.00122697881007595
"нравов" 0.0152445664009757 0.0038295102056447 0.00150364634238027 0 0 0 0.00144391821647222 0.00204498977505112 0 0.00421052631578947 0.0148542427430835 0.00122697881007595
"областью" 0 0 0.00150364634238027 0.00201787840264746 0.00932525144874442 0.00263407438626067 0.00433175464941666 0 0 0.00210526315789474 0.0136163891811599 0.00122697881007595
"одежду" 0.0108889760006969 0.0114885306169341 0 0 0 0 0.00866350929883331 0.00204498977505112 0 0.00631578947368421 0.00742712137154175 0
"оказывается" 0 0 0.00902187805428163 0 0.00133217877839206 0 0 0.00204498977505112 0.00335931201289976 0.0252631578947368 0.00742712137154175 0
"окольничие" 0 0 0 0 0.0106574302271365 0.019755557896955 0.00433175464941666 0.00204498977505112 0 0 0 0
"ольговичу" 0 0.0134032857197564 0 0 0 0 0 0 0 0 0 0.024539576201519
"оную" 0.017422361601115 0.0344655918508023 0 0 0 0 0 0 0.00335931201289976 0 0 0
"определяется" 0 0.00191475510282235 0.00601458536952109 0.00605363520794237 0.00133217877839206 0 0.00288783643294444 0.00204498977505112 0.00335931201289976 0.0252631578947368 0.00247570712384725 0
"отнюдь" 0 0 0.0240583414780844 0.00605363520794237 0 0.00263407438626067 0 0.0081799591002045 0.00671862402579952 0 0 0
"пашни" 0 0 0 0 0.00399653633517618 0.0105362975450427 0.00433175464941666 0.0122699386503067 0.0100779360386993 0.00631578947368421 0 0.00122697881007595
"перейти" 0 0.00191475510282235 0 0.00403575680529491 0.00266435755678412 0 0.00144391821647222 0.00408997955010225 0.00335931201289976 0.0105263157894737 0.00742712137154175 0.00858885167053165
"политическими" 0 0 0.00150364634238027 0.00403575680529491 0.0159861453407047 0.00526814877252134 0 0.00204498977505112 0.013437248051599 0.00421052631578947 0.00123785356192362 0
"половина" 0.00217779520013938 0 0.00300729268476054 0.00807151361058983 0.00532871511356824 0 0.00577567286588888 0.00204498977505112 0.0100779360386993 0.00421052631578947 0.0049514142476945 0.0024539576201519
"поместье" 0 0.00191475510282235 0.00300729268476054 0.00201787840264746 0 0.00921926035191234 0.00433175464941666 0.0081799591002045 0.00671862402579952 0.0147368421052632 0 0
"посадником" 0 0.0038295102056447 0 0 0.00799307267035236 0 0 0 0 0 0.00618926780961812 0.0171777033410633
"постоянным" 0 0 0 0 0.00932525144874442 0.0171214835106943 0.00288783643294444 0 0 0.00631578947368421 0.00123785356192362 0.00122697881007595
"походов" 0.00217779520013938 0.00191475510282235 0.00300729268476054 0.0161430272211797 0.00133217877839206 0.00131703719313033 0 0.00204498977505112 0 0 0.00866497493346537 0.00613489405037975
"правления" 0.017422361601115 0.0038295102056447 0.00300729268476054 0 0 0.00658518596565167 0.00144391821647222 0.0102249488752556 0.00335931201289976 0 0.00247570712384725 0.00122697881007595
"преданию" 0.00217779520013938 0 0.00150364634238027 0.00403575680529491 0.00266435755678412 0.00131703719313033 0.00144391821647222 0.00408997955010225 0 0.00210526315789474 0.019805656990778 0
"предложил" 0.00435559040027876 0.0172327959254011 0.00451093902714082 0 0.00399653633517618 0.00263407438626067 0.00144391821647222 0.00204498977505112 0.00335931201289976 0 0.00247570712384725 0.00368093643022785
"предполагать" 0 0 0.00150364634238027 0.00201787840264746 0.0066608938919603 0.00263407438626067 0.00577567286588888 0.0081799591002045 0.0100779360386993 0.00210526315789474 0.00742712137154175 0
"предположить" 0 0 0 0 0.00266435755678412 0 0.00144391821647222 0.00204498977505112 0.00335931201289976 0 0.0222813641146252 0.0049079152403038
"преступления" 0.00217779520013938 0 0.00451093902714082 0 0.00133217877839206 0.00526814877252134 0.00866350929883331 0.0102249488752556 0.00335931201289976 0 0.00742712137154175 0
"привести" 0 0 0.0105255243966619 0.00807151361058983 0 0.00658518596565167 0.00433175464941666 0.00204498977505112 0.0100779360386993 0 0.00371356068577087 0.00122697881007595
"принято" 0 0 0.0180437561085633 0.0121072704158847 0.00266435755678412 0 0 0.00204498977505112 0 0.00210526315789474 0.0049514142476945 0.00122697881007595
"причине" 0 0 0.00300729268476054 0.00605363520794237 0.00133217877839206 0.00263407438626067 0.00577567286588888 0.0081799591002045 0 0.00631578947368421 0.0049514142476945 0.0049079152403038
"продолжали" 0 0 0 0.00807151361058983 0.00532871511356824 0.003951111579391 0.00866350929883331 0.00408997955010225 0.00335931201289976 0.00210526315789474 0 0.0073618728604557
"происходили" 0 0 0.00751823171190136 0.00807151361058983 0.00133217877839206 0.00131703719313033 0.0144391821647222 0.00204498977505112 0.00335931201289976 0.00210526315789474 0.00123785356192362 0.0024539576201519
"просил" 0.00217779520013938 0.00574426530846705 0 0 0.00133217877839206 0.00921926035191234 0.0072195910823611 0.0081799591002045 0.013437248051599 0 0 0.0024539576201519
"пространство" 0.00435559040027876 0 0.00150364634238027 0 0.00399653633517618 0.003951111579391 0.00866350929883331 0.00408997955010225 0.0100779360386993 0.00842105263157895 0.00371356068577087 0
"развитием" 0 0 0.00601458536952109 0.0141251488185322 0.00799307267035236 0.00263407438626067 0.00288783643294444 0 0.00671862402579952 0.00842105263157895 0 0
"романа" 0.00217779520013938 0.0076590204112894 0.00451093902714082 0 0 0 0 0.00204498977505112 0.00335931201289976 0.00210526315789474 0.00123785356192362 0.0184046821511392
"семью" 0.00653338560041814 0 0.00150364634238027 0 0 0.003951111579391 0 0.0122699386503067 0.00671862402579952 0.00421052631578947 0.0049514142476945 0.0073618728604557
"сильный" 0.00653338560041814 0.0114885306169341 0 0.00201787840264746 0 0 0.00433175464941666 0.00408997955010225 0 0 0.00371356068577087 0.0110428092906835
"славянское" 0.00653338560041814 0 0 0.00201787840264746 0.00133217877839206 0 0 0 0 0 0.0272327783623197 0
"следствие" 0.00871118080055752 0.00574426530846705 0.00300729268476054 0 0.00133217877839206 0.00263407438626067 0.00288783643294444 0.0143149284253579 0.00335931201289976 0 0.00247570712384725 0.00368093643022785
"следуя" 0.0217779520013938 0.0229770612338682 0 0 0 0.00131703719313033 0 0.00204498977505112 0.00671862402579952 0 0 0.00122697881007595
"смоленске" 0 0.0076590204112894 0 0 0 0.003951111579391 0.00433175464941666 0.00204498977505112 0 0 0.00371356068577087 0.0159507245309874
"собирать" 0.00653338560041814 0.0038295102056447 0.00300729268476054 0.00201787840264746 0 0.00263407438626067 0.00144391821647222 0.00408997955010225 0 0 0.0049514142476945 0.0122697881007595
"событие" 0 0 0.0225546951357041 0.00201787840264746 0 0.00131703719313033 0.00288783643294444 0.00408997955010225 0.00335931201289976 0 0.00371356068577087 0.0024539576201519
"сообщения" 0.00871118080055752 0 0.00150364634238027 0.00201787840264746 0 0.00131703719313033 0.00577567286588888 0.00613496932515337 0.00335931201289976 0.0189473684210526 0.00371356068577087 0
"союзниками" 0.00653338560041814 0.0134032857197564 0 0.00403575680529491 0.00133217877839206 0 0.00144391821647222 0.00204498977505112 0 0 0.00247570712384725 0.0122697881007595
"стены" 0.00435559040027876 0.00957377551411175 0 0 0.00266435755678412 0.00131703719313033 0.01299526394825 0.0081799591002045 0.00671862402579952 0 0.00123785356192362 0.00122697881007595
"степях" 0.0108889760006969 0.0076590204112894 0 0 0 0 0.0101074275153055 0 0 0 0.00742712137154175 0.00613489405037975
"стрельцов" 0 0 0 0 0 0.003951111579391 0.0259905278964999 0.00204498977505112 0.00671862402579952 0 0 0.00368093643022785
"судебник" 0 0 0 0 0.00399653633517618 0.019755557896955 0.00288783643294444 0.00204498977505112 0.0167965600644988 0.00210526315789474 0 0
"сходство" 0.0108889760006969 0 0.0150364634238027 0.00201787840264746 0.0066608938919603 0 0 0 0 0.00842105263157895 0.00247570712384725 0
"тимофеев" 0 0 0 0 0 0.003951111579391 0 0.0429447852760736 0.0100779360386993 0 0 0
"уехал" 0 0.0287213265423352 0 0 0 0.003951111579391 0 0 0.00335931201289976 0 0 0.0098158304806076
"участвовали" 0.00435559040027876 0 0 0.00605363520794237 0.00799307267035236 0.00526814877252134 0.00288783643294444 0 0 0.00631578947368421 0.00866497493346537 0
"хозяина" 0.00217779520013938 0.0076590204112894 0 0 0.00932525144874442 0.0144874091244337 0 0.00204498977505112 0 0.00210526315789474 0.00123785356192362 0.00122697881007595
"христианской" 0.00871118080055752 0 0 0.022196662429122 0 0.00131703719313033 0.00144391821647222 0.00204498977505112 0.00335931201289976 0 0.00371356068577087 0.00613489405037975
"целую" 0.00217779520013938 0.00191475510282235 0.00451093902714082 0.0161430272211797 0.00399653633517618 0.00131703719313033 0.00288783643294444 0.0081799591002045 0 0.00210526315789474 0 0.00368093643022785
"целых" 0.00217779520013938 0 0.0135328170814224 0.0100893920132373 0.00133217877839206 0.00526814877252134 0 0.00204498977505112 0.00671862402579952 0.00210526315789474 0.00371356068577087 0
"черниговской" 0.00435559040027876 0.0172327959254011 0 0 0.00133217877839206 0 0 0 0 0.00421052631578947 0.00247570712384725 0.0134967669108354
"числа" 0.00217779520013938 0 0.00300729268476054 0.00201787840264746 0.00532871511356824 0.003951111579391 0.0072195910823611 0.00408997955010225 0 0.0105263157894737 0.00247570712384725 0.0024539576201519
"чрезвычайно" 0 0 0.00150364634238027 0.00201787840264746 0 0.00131703719313033 0.00433175464941666 0.0081799591002045 0.00671862402579952 0.0252631578947368 0.00371356068577087 0
"чужой" 0 0 0.00601458536952109 0 0.00133217877839206 0.00131703719313033 0.00433175464941666 0.00204498977505112 0 0.00842105263157895 0.0136163891811599 0.0024539576201519
"чуть" 0 0 0.00300729268476054 0.0141251488185322 0.00133217877839206 0.00526814877252134 0 0.00613496932515337 0.00671862402579952 0.00210526315789474 0.0049514142476945 0.00368093643022785
"d" 0 0 0.00902187805428163 0.00201787840264746 0 0 0.0274344461129722 0 0 0.00210526315789474 0 0
"in" 0 0 0.00751823171190136 0 0.00133217877839206 0.00263407438626067 0.0274344461129722 0 0 0 0 0
"авторитет" 0 0 0 0.00201787840264746 0.00799307267035236 0.0210725950900853 0 0.00204498977505112 0.00671862402579952 0 0 0
"английский" 0 0 0.0105255243966619 0.00605363520794237 0 0.003951111579391 0.01299526394825 0.00613496932515337 0 0.00210526315789474 0 0
"берет" 0 0.0229770612338682 0.00300729268476054 0 0.00266435755678412 0 0 0 0.00671862402579952 0.00421052631578947 0.00618926780961812 0.00122697881007595
"били" 0.00217779520013938 0.00191475510282235 0 0 0.00133217877839206 0.00921926035191234 0.0101074275153055 0.00408997955010225 0.00671862402579952 0 0.00371356068577087 0.0024539576201519
"битвах" 0.0217779520013938 0.00957377551411175 0 0 0 0 0.00144391821647222 0 0 0 0.009902828495389 0.0024539576201519
"болгар" 0 0 0 0 0 0 0 0 0 0 0.0259949248003961 0.00613489405037975
"боярскую" 0 0.00191475510282235 0 0 0.0133217877839206 0.0171214835106943 0 0.00204498977505112 0.00335931201289976 0 0 0
"велика" 0.00435559040027876 0.0038295102056447 0 0 0.00266435755678412 0.00131703719313033 0.00288783643294444 0.00613496932515337 0.00335931201289976 0.00421052631578947 0.00371356068577087 0.0098158304806076
"восстановить" 0.00435559040027876 0.0076590204112894 0.00300729268476054 0.00201787840264746 0.00532871511356824 0.00131703719313033 0 0.00613496932515337 0.0167965600644988 0.00210526315789474 0.00123785356192362 0.0024539576201519
"всякую" 0.00871118080055752 0.00957377551411175 0.00150364634238027 0.00403575680529491 0 0.003951111579391 0 0 0 0.00210526315789474 0.00742712137154175 0.0049079152403038
"втором" 0 0.0038295102056447 0.00902187805428163 0.00605363520794237 0.00266435755678412 0.00263407438626067 0 0.00408997955010225 0.00335931201289976 0.00210526315789474 0.0049514142476945 0.00368093643022785
"высшим" 0 0 0.00150364634238027 0.00403575680529491 0.0159861453407047 0.007902223158782 0.00433175464941666 0.00204498977505112 0.00335931201289976 0 0 0
"годуновых" 0 0 0 0 0.00133217877839206 0 0 0.0511247443762781 0 0 0 0
"господства" 0 0.00191475510282235 0.00300729268476054 0.0161430272211797 0.00133217877839206 0.00131703719313033 0 0.00408997955010225 0.00335931201289976 0.0168421052631579 0.00123785356192362 0.00122697881007595
"давида" 0 0.044039367364914 0 0 0.00399653633517618 0 0 0 0 0 0 0
"давыдовича" 0 0 0 0 0 0 0 0 0 0 0 0.0319014490619747
"двум" 0.00435559040027876 0.00191475510282235 0.00300729268476054 0.0100893920132373 0.00266435755678412 0.00526814877252134 0.00577567286588888 0.00204498977505112 0 0.00421052631578947 0.00123785356192362 0.0024539576201519
"добрых" 0.017422361601115 0 0 0 0.00266435755678412 0.00526814877252134 0.00144391821647222 0 0 0 0.0049514142476945 0.00858885167053165
"достоинства" 0.00653338560041814 0.00574426530846705 0.00150364634238027 0.00807151361058983 0.00133217877839206 0.00263407438626067 0.00288783643294444 0 0.0100779360386993 0.0105263157894737 0.00123785356192362 0.00122697881007595
"друзья" 0.0108889760006969 0.0153180408225788 0 0 0.00133217877839206 0 0.00288783643294444 0.0102249488752556 0.0167965600644988 0 0 0
"жертвы" 0.0130667712008363 0.00191475510282235 0 0.00201787840264746 0 0 0 0.00408997955010225 0.00335931201289976 0 0.0185678034288544 0
"заниматься" 0.00217779520013938 0.00191475510282235 0.0180437561085633 0.00201787840264746 0 0.00131703719313033 0.00577567286588888 0.00204498977505112 0 0.00631578947368421 0.00247570712384725 0
"занял" 0 0.0153180408225788 0.00150364634238027 0.00201787840264746 0 0.00131703719313033 0 0 0 0 0.00123785356192362 0.0171777033410633
"занятий" 0 0 0.00451093902714082 0.00201787840264746 0.00532871511356824 0.00658518596565167 0.00433175464941666 0.00204498977505112 0 0.00421052631578947 0.00866497493346537 0
"заплатить" 0.00435559040027876 0.00574426530846705 0.00150364634238027 0 0.00399653633517618 0 0.00433175464941666 0.00408997955010225 0 0.00210526315789474 0.009902828495389 0.00368093643022785
"земским" 0 0 0 0 0.0066608938919603 0.0184385207038247 0 0.00613496932515337 0.0100779360386993 0 0.00123785356192362 0
"зимой" 0 0 0.00150364634238027 0 0 0.00526814877252134 0.0274344461129722 0 0.00335931201289976 0.00210526315789474 0 0
"значительно" 0 0 0.00150364634238027 0.0100893920132373 0.0066608938919603 0.00263407438626067 0.0115513457317778 0 0 0.0105263157894737 0 0
"капитализма" 0 0 0 0 0 0 0 0 0 0.0547368421052632 0 0
"кем" 0 0.0038295102056447 0.00451093902714082 0 0.00266435755678412 0.0105362975450427 0.00288783643294444 0.00408997955010225 0.00335931201289976 0.00210526315789474 0 0.00613489405037975
"княжата" 0 0 0 0 0.00133217877839206 0 0 0.0368098159509202 0.0235151840902983 0 0 0
"кое" 0 0 0.00601458536952109 0.00807151361058983 0.00133217877839206 0.00263407438626067 0.00144391821647222 0.0143149284253579 0.00335931201289976 0.00421052631578947 0.00247570712384725 0.0024539576201519
"критика" 0.00653338560041814 0 0.0300729268476054 0 0 0 0 0.00204498977505112 0 0.00421052631578947 0 0
"материалом" 0 0 0.0225546951357041 0.00201787840264746 0 0 0.00144391821647222 0.00204498977505112 0.00335931201289976 0.0126315789473684 0.00123785356192362 0
"милости" 0 0.0038295102056447 0 0 0.00133217877839206 0.007902223158782 0.00866350929883331 0.00613496932515337 0.00335931201289976 0.00210526315789474 0.00247570712384725 0.0049079152403038
"младшего" 0 0 0.00150364634238027 0 0.00399653633517618 0.00263407438626067 0 0.00204498977505112 0.00671862402579952 0 0.00866497493346537 0.0122697881007595
"многим" 0 0.0038295102056447 0.00451093902714082 0.0100893920132373 0.00532871511356824 0.00131703719313033 0.00288783643294444 0.00204498977505112 0.00335931201289976 0.00421052631578947 0.00618926780961812 0
"многочисленное" 0.0261335424016725 0.0210623061310458 0 0 0 0.00131703719313033 0 0.00204498977505112 0 0 0.00123785356192362 0
"морем" 0.0108889760006969 0 0.00150364634238027 0.00807151361058983 0 0 0.0115513457317778 0.00204498977505112 0 0 0.00866497493346537 0
"москвою" 0.00217779520013938 0 0.00150364634238027 0 0 0 0.00288783643294444 0.0429447852760736 0 0 0.00123785356192362 0
"моя" 0.00435559040027876 0.00957377551411175 0.00150364634238027 0.00201787840264746 0.00266435755678412 0 0 0.00408997955010225 0 0.00210526315789474 0.00618926780961812 0.00858885167053165
"наместники" 0.00217779520013938 0.0038295102056447 0 0 0.0119896090055285 0.00263407438626067 0.0144391821647222 0 0 0.00421052631578947 0 0
"настолько" 0 0 0.00150364634238027 0.00403575680529491 0.00266435755678412 0.00658518596565167 0.00577567286588888 0.016359918200409 0.013437248051599 0 0 0
"некоторого" 0.00217779520013938 0.00191475510282235 0.016540109766183 0.00605363520794237 0.00266435755678412 0.003951111579391 0.00577567286588888 0 0 0.00210526315789474 0 0
"ненависть" 0.00217779520013938 0.0153180408225788 0 0.00201787840264746 0 0.00131703719313033 0 0.0102249488752556 0.0100779360386993 0 0.00247570712384725 0.00613489405037975
"общественное" 0 0 0.00751823171190136 0 0.0106574302271365 0.00131703719313033 0.00144391821647222 0.00408997955010225 0.00335931201289976 0.00842105263157895 0.0049514142476945 0
"общественный" 0 0 0.00451093902714082 0.00403575680529491 0.00932525144874442 0.00263407438626067 0 0.0102249488752556 0 0.0105263157894737 0.00247570712384725 0
"обычно" 0 0 0 0 0 0.00263407438626067 0 0.0306748466257669 0.0100779360386993 0.0126315789473684 0 0
"округа" 0 0.00191475510282235 0 0 0.0279757543462333 0.00131703719313033 0.00144391821647222 0 0.00335931201289976 0.00210526315789474 0 0
"основы" 0 0 0.00751823171190136 0.0181609056238271 0.00133217877839206 0.00526814877252134 0 0 0.00335931201289976 0 0.00742712137154175 0
"особенным" 0.00871118080055752 0.0076590204112894 0.00300729268476054 0.00201787840264746 0 0 0.0173270185976666 0 0 0 0.00247570712384725 0.00122697881007595
"отд" 0 0 0 0 0.0173183241190968 0.011853334738173 0.00577567286588888 0 0 0 0 0
"отечеству" 0.0108889760006969 0.0114885306169341 0 0.00201787840264746 0.00399653633517618 0.011853334738173 0 0.00408997955010225 0 0 0 0
"отправили" 0.0108889760006969 0.0172327959254011 0 0 0 0 0.00144391821647222 0.00204498977505112 0 0 0.00123785356192362 0.0110428092906835
"писали" 0.00217779520013938 0.00191475510282235 0.00150364634238027 0.00201787840264746 0.00133217877839206 0.011853334738173 0.0101074275153055 0.00613496932515337 0 0.00210526315789474 0.00123785356192362 0
"поддерживать" 0 0 0.00150364634238027 0.0121072704158847 0.0066608938919603 0.003951111579391 0.00144391821647222 0.00613496932515337 0.00335931201289976 0.00421052631578947 0.00123785356192362 0.00368093643022785
"пожаловал" 0 0 0.00150364634238027 0 0.0119896090055285 0.00658518596565167 0.00288783643294444 0.00408997955010225 0.0235151840902983 0 0 0
"пользовался" 0.00653338560041814 0.00574426530846705 0 0.00201787840264746 0.0119896090055285 0.00131703719313033 0.00144391821647222 0.00204498977505112 0.00335931201289976 0.00210526315789474 0.00247570712384725 0.00368093643022785
"польский" 0 0.00957377551411175 0.00150364634238027 0 0 0.00526814877252134 0.00433175464941666 0 0.0100779360386993 0 0.00866497493346537 0.00368093643022785
"поляками" 0.00217779520013938 0.0114885306169341 0 0 0 0.00526814877252134 0.00288783643294444 0 0 0 0.00123785356192362 0.0147237457209114
"послом" 0.00871118080055752 0.0076590204112894 0 0 0.00266435755678412 0.003951111579391 0.0101074275153055 0.00204498977505112 0.00335931201289976 0.00210526315789474 0 0.00368093643022785
"приговора" 0 0 0.00300729268476054 0 0.00532871511356824 0.023706669476346 0 0 0 0 0.00123785356192362 0.00122697881007595
"приказу" 0 0 0 0 0.00532871511356824 0.0131703719313033 0.00577567286588888 0.00408997955010225 0.00335931201289976 0 0.00371356068577087 0.0024539576201519
"принуждены" 0 0 0 0.00201787840264746 0.00266435755678412 0.00131703719313033 0.00288783643294444 0 0 0 0.0136163891811599 0.0110428092906835
"прочно" 0 0 0.00451093902714082 0.0121072704158847 0.00399653633517618 0 0.00433175464941666 0.0081799591002045 0.00671862402579952 0.0105263157894737 0 0
"работе" 0 0 0.016540109766183 0.00403575680529491 0.00266435755678412 0.003951111579391 0 0 0.00671862402579952 0.0126315789473684 0 0
"размерах" 0 0 0.00150364634238027 0.00807151361058983 0 0 0.0173270185976666 0.00204498977505112 0.00335931201289976 0.0105263157894737 0.00247570712384725 0
"разряд" 0 0 0 0 0.00399653633517618 0.0210725950900853 0.00433175464941666 0 0.00335931201289976 0.00210526315789474 0.00247570712384725 0
"решительно" 0.00217779520013938 0.0038295102056447 0.00601458536952109 0.00201787840264746 0.00399653633517618 0.00263407438626067 0.00288783643294444 0.0102249488752556 0.00671862402579952 0 0.00123785356192362 0.00368093643022785
"роли" 0 0 0.0135328170814224 0.00807151361058983 0 0.00263407438626067 0 0.016359918200409 0.00671862402579952 0.00210526315789474 0 0
"сделалась" 0.00217779520013938 0.0076590204112894 0.00451093902714082 0.0262324192344169 0.00133217877839206 0.00131703719313033 0.00144391821647222 0 0 0 0 0.0024539576201519
"сделалось" 0.00435559040027876 0.0038295102056447 0.00601458536952109 0.0201787840264746 0.00399653633517618 0.00131703719313033 0.00144391821647222 0 0 0 0 0.00368093643022785
"северного" 0.00435559040027876 0 0 0 0.00399653633517618 0 0.0115513457317778 0.00204498977505112 0.00335931201289976 0.00210526315789474 0.009902828495389 0.0024539576201519
"село" 0.00435559040027876 0.00574426530846705 0 0 0.0119896090055285 0.003951111579391 0 0.0081799591002045 0.00671862402579952 0.00210526315789474 0.00247570712384725 0
"сельское" 0 0.00191475510282235 0.00300729268476054 0 0 0.00131703719313033 0.00144391821647222 0 0 0.0273684210526316 0.009902828495389 0
"сему" 0.0348447232022301 0.00957377551411175 0 0 0 0.00263407438626067 0 0.00613496932515337 0 0 0 0
"середине" 0 0 0.00751823171190136 0.022196662429122 0 0.00131703719313033 0.00144391821647222 0 0.013437248051599 0 0.00123785356192362 0.00368093643022785
"слезами" 0.00435559040027876 0.0229770612338682 0 0 0.00133217877839206 0.00263407438626067 0 0.00408997955010225 0 0 0.00371356068577087 0.0049079152403038
"слуга" 0.00217779520013938 0.00957377551411175 0.00300729268476054 0 0.00932525144874442 0 0.00144391821647222 0.00613496932515337 0.00671862402579952 0.00421052631578947 0.00371356068577087 0
"служат" 0.00871118080055752 0.00191475510282235 0.00150364634238027 0 0.00266435755678412 0.00526814877252134 0.00577567286588888 0.00613496932515337 0 0.00421052631578947 0.0049514142476945 0.00122697881007595
"смоленского" 0 0.0191475510282235 0 0 0.00532871511356824 0 0 0.00204498977505112 0 0 0.00371356068577087 0.0098158304806076
"событиями" 0 0 0.0240583414780844 0 0.00266435755678412 0.003951111579391 0 0 0.00671862402579952 0 0 0.00368093643022785
"составу" 0 0 0.00150364634238027 0 0.0146539665623127 0.011853334738173 0 0.00613496932515337 0 0.00421052631578947 0 0
"сочинения" 0 0 0.00601458536952109 0.00201787840264746 0 0.00263407438626067 0.0144391821647222 0 0.00671862402579952 0.00421052631578947 0.00618926780961812 0
"способ" 0.00653338560041814 0.0038295102056447 0.00902187805428163 0 0 0.00526814877252134 0.0072195910823611 0.00408997955010225 0.00671862402579952 0 0.00247570712384725 0
"степень" 0.00435559040027876 0.00191475510282235 0.00751823171190136 0 0.00133217877839206 0.003951111579391 0.00577567286588888 0.00204498977505112 0 0.00631578947368421 0.0049514142476945 0.0024539576201519
"стояло" 0.00435559040027876 0.00191475510282235 0.00150364634238027 0.00201787840264746 0.0066608938919603 0.00263407438626067 0.0158831003811944 0 0 0.00210526315789474 0.00123785356192362 0.00122697881007595
"стрельцы" 0 0 0 0 0 0.003951111579391 0.0173270185976666 0.0122699386503067 0 0 0 0.00613489405037975
"теория" 0 0 0.0345838658747463 0.00403575680529491 0 0 0 0 0.00335931201289976 0 0 0
"техники" 0 0 0.00300729268476054 0.00201787840264746 0 0.00131703719313033 0 0 0.00671862402579952 0.0421052631578947 0 0
"торговым" 0.00435559040027876 0.0038295102056447 0 0.00403575680529491 0.00532871511356824 0.003951111579391 0.0115513457317778 0.00408997955010225 0 0.00631578947368421 0 0
"торжества" 0.00871118080055752 0.00191475510282235 0 0.00201787840264746 0.00133217877839206 0 0.00144391821647222 0.0081799591002045 0.0167965600644988 0.00210526315789474 0.00371356068577087 0.00613489405037975
"уделов" 0.00435559040027876 0.00574426530846705 0 0 0.0199826816758809 0.00263407438626067 0 0.00204498977505112 0.00671862402579952 0.00210526315789474 0 0
"ушли" 0.00217779520013938 0.00957377551411175 0 0 0.00133217877839206 0.00131703719313033 0.00144391821647222 0.00204498977505112 0.00335931201289976 0 0.00123785356192362 0.0171777033410633
"феодализм" 0 0 0.00150364634238027 0.0302681760397118 0 0.00131703719313033 0 0 0 0.0189473684210526 0 0
"феодализма" 0 0 0.00300729268476054 0.0282502976370644 0 0 0 0 0 0.0210526315789474 0 0
"хозяйственного" 0 0 0.00150364634238027 0.00201787840264746 0.0066608938919603 0 0 0 0.00671862402579952 0.0357894736842105 0 0
"храм" 0.0304891328019513 0.0114885306169341 0.00150364634238027 0 0.00133217877839206 0 0.00144391821647222 0.00204498977505112 0 0 0.00123785356192362 0.00122697881007595
"частным" 0 0 0.00150364634238027 0 0.0146539665623127 0.0105362975450427 0.00288783643294444 0.00408997955010225 0 0.00210526315789474 0.00123785356192362 0
"человеческой" 0.0108889760006969 0.00191475510282235 0.0135328170814224 0.0161430272211797 0 0.00131703719313033 0 0 0.00335931201289976 0 0.00123785356192362 0
"чернигову" 0 0.0134032857197564 0 0 0 0 0 0 0 0 0.00123785356192362 0.0220856185813671
"эпоха" 0.00217779520013938 0 0.00451093902714082 0.0181609056238271 0 0 0.00144391821647222 0 0.0167965600644988 0.0126315789473684 0.00123785356192362 0
"ярославичи" 0 0.0076590204112894 0 0 0 0.00131703719313033 0 0 0 0 0.00247570712384725 0.023312597391443
"административных" 0 0 0.00150364634238027 0 0.0173183241190968 0.00526814877252134 0.00144391821647222 0.00204498977505112 0.00335931201289976 0.00842105263157895 0 0
"актов" 0 0 0.00150364634238027 0.00201787840264746 0.0186505028974888 0.00921926035191234 0.00144391821647222 0.00204498977505112 0 0 0 0
"алексея" 0.00217779520013938 0 0 0 0.00133217877839206 0.0210725950900853 0.00288783643294444 0.00204498977505112 0.0100779360386993 0 0 0.00122697881007595
"английской" 0 0 0.00751823171190136 0 0 0.00131703719313033 0.0173270185976666 0.00408997955010225 0 0.00631578947368421 0.00247570712384725 0
"бил" 0 0.00191475510282235 0 0 0.00133217877839206 0.0223896322832157 0.00144391821647222 0.00408997955010225 0.00671862402579952 0 0.00123785356192362 0
"близость" 0 0 0.00150364634238027 0.00201787840264746 0.0133217877839206 0 0.00288783643294444 0.0102249488752556 0.00335931201289976 0.00210526315789474 0.0049514142476945 0
"богемии" 0.0261335424016725 0.00191475510282235 0 0 0 0 0.00144391821647222 0 0 0 0.00618926780961812 0.0073618728604557
"болгарию" 0.017422361601115 0.00191475510282235 0 0 0 0 0 0 0 0 0.019805656990778 0
"большее" 0 0 0.0120291707390422 0.0121072704158847 0.00266435755678412 0.00263407438626067 0.00433175464941666 0.00204498977505112 0 0.00421052631578947 0 0.00122697881007595
"боярству" 0 0 0 0 0.00932525144874442 0.0184385207038247 0 0.00408997955010225 0.00335931201289976 0.00210526315789474 0 0
"брак" 0.00653338560041814 0.0076590204112894 0 0.00403575680529491 0 0 0 0.0081799591002045 0.0100779360386993 0 0.00866497493346537 0.0024539576201519
"великими" 0.00871118080055752 0.0038295102056447 0.00150364634238027 0.00403575680529491 0.00532871511356824 0.007902223158782 0.00144391821647222 0.00204498977505112 0.00671862402579952 0.00421052631578947 0 0
"венгрию" 0.00217779520013938 0.0191475510282235 0 0.00605363520794237 0 0 0.00144391821647222 0 0 0 0.00123785356192362 0.0110428092906835
"верстах" 0.00871118080055752 0.00191475510282235 0 0.00201787840264746 0 0 0.0231026914635555 0 0 0 0 0.00368093643022785
"весною" 0.00435559040027876 0.00574426530846705 0.00150364634238027 0 0 0 0.00144391821647222 0.0081799591002045 0 0 0.0049514142476945 0.0122697881007595
"вновь" 0.00435559040027876 0.00574426530846705 0.00150364634238027 0.00605363520794237 0.00133217877839206 0.00658518596565167 0.00288783643294444 0.0081799591002045 0.00671862402579952 0.00421052631578947 0 0
"возникали" 0 0 0.00150364634238027 0.0121072704158847 0.0133217877839206 0.00526814877252134 0.00144391821647222 0.00204498977505112 0.00335931201289976 0.00210526315789474 0 0
"волостями" 0 0 0 0 0.00799307267035236 0.00131703719313033 0 0.00204498977505112 0 0 0.0049514142476945 0.0159507245309874
"ворот" 0.00217779520013938 0.0038295102056447 0 0 0 0 0.0187709368141388 0.00613496932515337 0.00335931201289976 0 0 0.00613489405037975
"входить" 0.00435559040027876 0.00191475510282235 0 0.00605363520794237 0.00799307267035236 0.00263407438626067 0.0072195910823611 0.00408997955010225 0.00335931201289976 0 0.00371356068577087 0
"выступает" 0 0 0.00601458536952109 0.00201787840264746 0.00399653633517618 0.00263407438626067 0.00288783643294444 0.00204498977505112 0.00335931201289976 0.0147368421052632 0.00247570712384725 0.0024539576201519
"германского" 0 0 0.00451093902714082 0.0242145408317695 0 0 0 0 0 0.00421052631578947 0.009902828495389 0
"героя" 0.0261335424016725 0.0076590204112894 0.00150364634238027 0 0 0 0.00144391821647222 0.00204498977505112 0.00671862402579952 0.00210526315789474 0.00371356068577087 0
"горе" 0.00871118080055752 0.0076590204112894 0 0 0 0.00263407438626067 0.00288783643294444 0.00204498977505112 0.0100779360386993 0.00421052631578947 0.00618926780961812 0.0024539576201519
"господина" 0.00217779520013938 0.00957377551411175 0 0.0100893920132373 0.00133217877839206 0 0 0.00408997955010225 0 0.0105263157894737 0.0049514142476945 0.0024539576201519
"гостей" 0.00653338560041814 0 0.00150364634238027 0 0 0.003951111579391 0.0144391821647222 0 0.00335931201289976 0.00210526315789474 0.00247570712384725 0.0049079152403038
"государственным" 0 0 0.00300729268476054 0.00403575680529491 0 0.011853334738173 0.00433175464941666 0.00204498977505112 0.00671862402579952 0.00631578947368421 0.00247570712384725 0.00122697881007595
"государям" 0.00871118080055752 0.00191475510282235 0 0.00201787840264746 0.00133217877839206 0.007902223158782 0 0.016359918200409 0.00671862402579952 0 0.00247570712384725 0
"давало" 0.00217779520013938 0 0 0.00201787840264746 0.0066608938919603 0.00526814877252134 0.00433175464941666 0.00408997955010225 0.0100779360386993 0.00631578947368421 0 0.00368093643022785
"давыду" 0 0 0 0 0 0 0 0 0 0 0 0.0306744702518988
"двоих" 0 0 0 0 0.00532871511356824 0.00658518596565167 0 0 0 0 0.0049514142476945 0.0147237457209114
"двору" 0 0 0 0 0.00266435755678412 0.00658518596565167 0.00433175464941666 0.00408997955010225 0.00671862402579952 0 0.00866497493346537 0.0049079152403038
"действовала" 0 0 0 0.00201787840264746 0.00532871511356824 0.015804446317564 0.00144391821647222 0.0081799591002045 0.00671862402579952 0 0.00123785356192362 0
"десять" 0.00871118080055752 0.00574426530846705 0.00300729268476054 0 0.00399653633517618 0.00131703719313033 0.00144391821647222 0.00613496932515337 0.00671862402579952 0 0.0049514142476945 0.0024539576201519
"европейского" 0.00217779520013938 0 0.00150364634238027 0.0242145408317695 0 0 0.00577567286588888 0.00204498977505112 0 0.00631578947368421 0.00371356068577087 0
"ждать" 0.00435559040027876 0.0038295102056447 0 0 0.00133217877839206 0.003951111579391 0.00288783643294444 0.00613496932515337 0.0100779360386993 0 0.00247570712384725 0.00858885167053165
"занимается" 0 0 0.0315765731899857 0 0 0 0 0.00204498977505112 0 0.00631578947368421 0 0
"захватил" 0 0.0038295102056447 0 0 0 0.00131703719313033 0 0.00204498977505112 0.00335931201289976 0 0.0049514142476945 0.0196316609612152
"значительных" 0 0 0 0.00403575680529491 0.0106574302271365 0.00263407438626067 0.01299526394825 0 0 0 0.0049514142476945 0
"знают" 0.00435559040027876 0.0038295102056447 0.00601458536952109 0 0.00133217877839206 0.00263407438626067 0.0115513457317778 0.00204498977505112 0 0 0.0049514142476945 0.00122697881007595
"ивановича" 0 0.00191475510282235 0 0 0.00133217877839206 0.003951111579391 0.00144391821647222 0.0286298568507157 0.0100779360386993 0.00210526315789474 0 0.00122697881007595
"имеется" 0 0 0.033080219532366 0 0 0 0 0 0.00671862402579952 0.00210526315789474 0 0
"именами" 0.0108889760006969 0.00574426530846705 0.00300729268476054 0 0.00799307267035236 0.00263407438626067 0.00433175464941666 0.00204498977505112 0 0 0.00371356068577087 0
"историку" 0.00653338560041814 0 0.0285692805052252 0.00201787840264746 0 0 0 0 0.00671862402579952 0 0 0
"ключевский" 0 0 0.00451093902714082 0 0 0 0 0.016359918200409 0 0.0294736842105263 0 0
"книгах" 0.00653338560041814 0 0.00300729268476054 0 0.00399653633517618 0.007902223158782 0.00144391821647222 0.0102249488752556 0 0.00210526315789474 0.0049514142476945 0
"княжествах" 0 0 0 0 0.0306401119030174 0 0 0 0 0 0 0.0024539576201519
"константина" 0.0108889760006969 0.0134032857197564 0 0 0.00133217877839206 0 0 0.00408997955010225 0 0 0.00618926780961812 0.00613489405037975
"кончине" 0.00871118080055752 0.0306360816451576 0 0 0 0 0 0.0081799591002045 0 0 0.00123785356192362 0
"лицом" 0.00217779520013938 0.00957377551411175 0.00150364634238027 0.00201787840264746 0.00399653633517618 0.00526814877252134 0 0.00408997955010225 0.00671862402579952 0.00210526315789474 0.00247570712384725 0.00368093643022785
"мая" 0 0.0038295102056447 0.00150364634238027 0 0 0.00263407438626067 0.0072195910823611 0.0224948875255624 0.00335931201289976 0 0 0.00368093643022785
"месяца" 0.00217779520013938 0.00574426530846705 0.00150364634238027 0 0 0.00131703719313033 0.00577567286588888 0.0081799591002045 0.013437248051599 0.00210526315789474 0.00371356068577087 0.00368093643022785
"мужеством" 0.0152445664009757 0.0248918163366905 0 0 0 0.00131703719313033 0 0 0 0 0.00123785356192362 0.00368093643022785
"наблюдать" 0.00217779520013938 0.00191475510282235 0.0105255243966619 0.00201787840264746 0.00266435755678412 0.00263407438626067 0 0.00204498977505112 0.00671862402579952 0.0126315789473684 0.00247570712384725 0
"наблюдения" 0 0 0.0225546951357041 0.00201787840264746 0 0.00131703719313033 0.00433175464941666 0.00204498977505112 0 0.00842105263157895 0 0
"надеялся" 0.00653338560041814 0.0172327959254011 0 0 0.00266435755678412 0.003951111579391 0.00144391821647222 0 0.00335931201289976 0 0 0.0073618728604557
"надобности" 0 0 0.00902187805428163 0.00403575680529491 0.00266435755678412 0.00921926035191234 0.00577567286588888 0.0081799591002045 0 0 0 0
"называемые" 0.0217779520013938 0.0038295102056447 0.00601458536952109 0 0.00133217877839206 0 0.00288783643294444 0 0 0.0126315789473684 0 0
"напал" 0.00435559040027876 0.0076590204112894 0.00150364634238027 0 0 0 0 0 0 0 0.00742712137154175 0.0147237457209114
"настоящего" 0.00217779520013938 0 0.0150364634238027 0.00605363520794237 0.00266435755678412 0.003951111579391 0.00288783643294444 0 0 0.00421052631578947 0.00247570712384725 0
"началу" 0 0 0.00150364634238027 0.0121072704158847 0.0066608938919603 0.00526814877252134 0.00144391821647222 0.00204498977505112 0 0.00631578947368421 0.0049514142476945 0
"некоторой" 0 0 0.0105255243966619 0.00807151361058983 0.0066608938919603 0.003951111579391 0.00144391821647222 0 0.00335931201289976 0.00842105263157895 0 0
"низших" 0 0 0 0.00201787840264746 0.00399653633517618 0.00131703719313033 0.0173270185976666 0.00408997955010225 0 0.0105263157894737 0.00123785356192362 0
"ничем" 0 0.00191475510282235 0.00751823171190136 0 0.00133217877839206 0.00263407438626067 0.00144391821647222 0.00613496932515337 0.00671862402579952 0.00210526315789474 0.00371356068577087 0.0073618728604557
"обратились" 0.00653338560041814 0.0038295102056447 0.00150364634238027 0.00403575680529491 0.00399653633517618 0.00131703719313033 0 0.00613496932515337 0.00671862402579952 0 0.00618926780961812 0.00368093643022785
"обществом" 0 0 0.00300729268476054 0.00605363520794237 0.0186505028974888 0.007902223158782 0 0 0 0 0 0
"объяснения" 0.00217779520013938 0 0.016540109766183 0.00807151361058983 0.00133217877839206 0.00131703719313033 0.00144391821647222 0 0.00335931201289976 0 0.00247570712384725 0.00368093643022785
"ольги" 0.017422361601115 0 0 0 0 0 0 0 0 0 0.0210435105527016 0
"описание" 0.00871118080055752 0.00191475510282235 0 0 0.00133217877839206 0.00263407438626067 0.0144391821647222 0.00204498977505112 0.00335931201289976 0 0.0049514142476945 0.00122697881007595
"описании" 0.0130667712008363 0 0.00150364634238027 0 0.00133217877839206 0.00131703719313033 0.0144391821647222 0.00204498977505112 0 0 0.0049514142476945 0.00122697881007595
"отдаленных" 0.0152445664009757 0.00574426530846705 0.00150364634238027 0.00605363520794237 0.00399653633517618 0 0 0.00204498977505112 0.00335931201289976 0.00210526315789474 0.0049514142476945 0.00122697881007595
"отнять" 0.00653338560041814 0.0134032857197564 0 0 0.00133217877839206 0.00131703719313033 0.00144391821647222 0.00408997955010225 0.00335931201289976 0 0.0049514142476945 0.00613489405037975
"официально" 0 0 0.00150364634238027 0.00201787840264746 0.00266435755678412 0.00263407438626067 0 0.0347648261758691 0.00335931201289976 0.00210526315789474 0 0
"папы" 0.00217779520013938 0.0134032857197564 0.00150364634238027 0.0262324192344169 0 0 0 0.00408997955010225 0.00335931201289976 0 0 0
"партии" 0 0 0.0210510487933238 0.00605363520794237 0.00266435755678412 0.00131703719313033 0.00144391821647222 0.00408997955010225 0 0.00421052631578947 0 0
"переводе" 0.00217779520013938 0 0.00150364634238027 0 0.00532871511356824 0.00526814877252134 0.00866350929883331 0 0.00335931201289976 0.00842105263157895 0.00371356068577087 0.00122697881007595
"пленных" 0 0.0191475510282235 0 0 0.00266435755678412 0 0.00577567286588888 0.00408997955010225 0 0 0.00618926780961812 0.0024539576201519
"показать" 0.00217779520013938 0 0.00300729268476054 0 0.00399653633517618 0.00526814877252134 0 0.00613496932515337 0.00335931201289976 0.00210526315789474 0.00866497493346537 0.00368093643022785
"политически" 0 0 0.00300729268476054 0.0161430272211797 0.00932525144874442 0.007902223158782 0.00144391821647222 0 0 0.00210526315789474 0 0
"полным" 0 0.00191475510282235 0.00451093902714082 0.00201787840264746 0 0 0.00288783643294444 0.0081799591002045 0 0.0273684210526316 0.00123785356192362 0
"пользуется" 0.00217779520013938 0.00191475510282235 0.016540109766183 0.00201787840264746 0 0.00131703719313033 0.00144391821647222 0 0 0.00631578947368421 0.00618926780961812 0.00122697881007595
"пользы" 0.00871118080055752 0.00191475510282235 0.00751823171190136 0 0.00133217877839206 0.00263407438626067 0.00288783643294444 0.00613496932515337 0 0 0.00618926780961812 0.0024539576201519
"понта" 0.00435559040027876 0 0 0 0 0 0.00144391821647222 0 0 0 0.0272327783623197 0
"последнему" 0 0 0.00150364634238027 0.00201787840264746 0.00266435755678412 0.003951111579391 0.0072195910823611 0 0 0 0.0049514142476945 0.0110428092906835
"поссевина" 0 0 0 0 0 0 0.0317662007623888 0.00408997955010225 0.00335931201289976 0 0 0
"постоянной" 0.00435559040027876 0 0.00150364634238027 0.00605363520794237 0.00266435755678412 0.0105362975450427 0.00433175464941666 0 0.00335931201289976 0.00210526315789474 0.0049514142476945 0
"почва" 0 0 0 0.00403575680529491 0.00133217877839206 0.00131703719313033 0.0115513457317778 0.00613496932515337 0.00671862402579952 0.00421052631578947 0.0049514142476945 0.0024539576201519
"правителя" 0.00653338560041814 0 0 0.00201787840264746 0.0066608938919603 0.00131703719313033 0 0.0265848670756646 0.00335931201289976 0 0.00123785356192362 0
"практике" 0 0 0.00601458536952109 0 0.00532871511356824 0.0131703719313033 0 0 0.00671862402579952 0.0105263157894737 0 0
"предметы" 0.00217779520013938 0 0.0195474024509435 0.00201787840264746 0.00133217877839206 0.00131703719313033 0.00577567286588888 0.00204498977505112 0 0.00631578947368421 0 0
"привозили" 0.00217779520013938 0.0038295102056447 0 0 0 0 0.0259905278964999 0 0 0 0.0049514142476945 0
"приговоров" 0 0 0.00150364634238027 0 0 0.0289748182488673 0.00144391821647222 0 0 0 0.00123785356192362 0
"приговору" 0 0 0 0 0.00133217877839206 0.027657781055737 0.00288783643294444 0.00204498977505112 0 0 0 0
"приказывал" 0 0 0 0 0.00266435755678412 0.00921926035191234 0.0115513457317778 0.00613496932515337 0.00335931201289976 0 0.00123785356192362 0.00368093643022785
"прогресс" 0 0 0.00300729268476054 0.0464112032608915 0 0 0 0 0 0 0 0
"произошли" 0.00435559040027876 0.00191475510282235 0.00150364634238027 0.00403575680529491 0.00133217877839206 0.003951111579391 0.00577567286588888 0.00204498977505112 0.00335931201289976 0.00631578947368421 0.0049514142476945 0.0024539576201519
"пунктом" 0 0 0.00300729268476054 0.00201787840264746 0.00799307267035236 0.00131703719313033 0.0144391821647222 0.00204498977505112 0 0.00421052631578947 0.00247570712384725 0
"рекам" 0.00435559040027876 0.00191475510282235 0 0.00201787840264746 0.00266435755678412 0 0.0101074275153055 0 0 0 0.0123785356192362 0.0024539576201519
"римские" 0.0130667712008363 0 0.00451093902714082 0.0282502976370644 0 0 0 0 0 0.00210526315789474 0.00123785356192362 0
"рогволода" 0.00217779520013938 0.0076590204112894 0 0 0.00133217877839206 0 0 0 0 0 0.00742712137154175 0.0159507245309874
"родовые" 0 0 0 0 0.00932525144874442 0 0 0 0.00335931201289976 0.00210526315789474 0.0049514142476945 0.0147237457209114
"ряды" 0.00871118080055752 0.0038295102056447 0.00451093902714082 0.00201787840264746 0.0066608938919603 0.00658518596565167 0.00433175464941666 0.00204498977505112 0.00335931201289976 0 0 0
"самыми" 0.0152445664009757 0.00191475510282235 0.00300729268476054 0 0.00133217877839206 0.003951111579391 0.0115513457317778 0.00204498977505112 0 0 0.00247570712384725 0
"свидетелей" 0.00217779520013938 0.0134032857197564 0.00902187805428163 0 0.00799307267035236 0 0 0 0 0 0.00618926780961812 0
"свидетельства" 0 0.0038295102056447 0.0210510487933238 0 0 0.00131703719313033 0 0 0 0.00421052631578947 0.00618926780961812 0.00122697881007595
"сильвестр" 0 0 0.00150364634238027 0 0 0.003951111579391 0 0 0.0705455522708949 0 0 0
"сильные" 0.0130667712008363 0.00574426530846705 0.00300729268476054 0 0 0.00263407438626067 0.00144391821647222 0 0.00335931201289976 0 0.00742712137154175 0.0049079152403038
"скифы" 0.0108889760006969 0 0 0.00201787840264746 0 0 0 0 0 0 0.0235192176765489 0
"собрались" 0 0.00574426530846705 0 0 0.00133217877839206 0.003951111579391 0 0.00204498977505112 0 0 0.00618926780961812 0.0147237457209114
"согласие" 0.00653338560041814 0.00957377551411175 0.00300729268476054 0 0 0.00526814877252134 0.00288783643294444 0.0102249488752556 0.0100779360386993 0 0.00123785356192362 0
"создать" 0 0 0.00451093902714082 0.00605363520794237 0.00399653633517618 0.00526814877252134 0.00144391821647222 0.0102249488752556 0.00671862402579952 0.00421052631578947 0.00123785356192362 0.00122697881007595
"составить" 0.00435559040027876 0 0 0.00403575680529491 0.00399653633517618 0.0131703719313033 0.00866350929883331 0 0.00335931201289976 0 0.00123785356192362 0
"старому" 0 0 0 0.00201787840264746 0 0.007902223158782 0.00144391821647222 0.0102249488752556 0.00671862402579952 0 0.00742712137154175 0.0049079152403038
"старым" 0 0.00191475510282235 0 0.00403575680529491 0.00932525144874442 0.00263407438626067 0 0.00613496932515337 0 0.00210526315789474 0.00866497493346537 0.0024539576201519
"статья" 0.00435559040027876 0.0038295102056447 0.00150364634238027 0.00201787840264746 0.0066608938919603 0.00658518596565167 0.00577567286588888 0 0 0.00842105263157895 0.00123785356192362 0
"строить" 0.00653338560041814 0.0038295102056447 0.00150364634238027 0.00605363520794237 0.00399653633517618 0.00131703719313033 0.00288783643294444 0.00204498977505112 0.00671862402579952 0.00210526315789474 0.00371356068577087 0.00368093643022785
"ступени" 0 0 0.00902187805428163 0.00807151361058983 0.00266435755678412 0 0.0072195910823611 0.00204498977505112 0 0.0105263157894737 0.00247570712384725 0
"считая" 0 0.00574426530846705 0.00150364634238027 0.00605363520794237 0.00399653633517618 0.011853334738173 0 0 0.00671862402579952 0 0.00123785356192362 0.00368093643022785
"сыновьям" 0.00435559040027876 0.0076590204112894 0 0 0.00133217877839206 0 0 0 0 0.00210526315789474 0.0049514142476945 0.0159507245309874
"тела" 0.00653338560041814 0.00574426530846705 0.00300729268476054 0.0161430272211797 0 0.00263407438626067 0.00144391821647222 0.00613496932515337 0 0 0.00371356068577087 0
"терпели" 0.00871118080055752 0.00574426530846705 0 0 0 0.00526814877252134 0.00144391821647222 0.00613496932515337 0.00671862402579952 0 0.00618926780961812 0.00368093643022785
"ткани" 0.0108889760006969 0.00191475510282235 0.00601458536952109 0.00201787840264746 0 0 0.0072195910823611 0 0 0 0.009902828495389 0.00122697881007595
"тысяцким" 0 0 0 0 0.0106574302271365 0 0 0 0 0 0.00123785356192362 0.0196316609612152
"убийства" 0.00871118080055752 0.0076590204112894 0 0 0.00133217877839206 0.00131703719313033 0.00288783643294444 0.00613496932515337 0.00335931201289976 0 0.00866497493346537 0.0024539576201519
"уезде" 0 0 0 0 0.0173183241190968 0.003951111579391 0 0.00204498977505112 0.0100779360386993 0.00421052631578947 0.00371356068577087 0
"уложения" 0 0 0 0 0.00133217877839206 0.0302918554419977 0 0 0.00335931201289976 0 0 0
"условиям" 0 0 0.00451093902714082 0.0121072704158847 0.00133217877839206 0 0.00144391821647222 0.00204498977505112 0 0.0168421052631579 0.0049514142476945 0.00122697881007595
"усобиц" 0 0 0 0 0 0 0 0 0 0 0.00618926780961812 0.024539576201519
"установления" 0 0 0.0120291707390422 0.0100893920132373 0 0.00131703719313033 0 0.00613496932515337 0 0.00210526315789474 0.0049514142476945 0.00368093643022785
"ученых" 0.00435559040027876 0 0.00902187805428163 0.0181609056238271 0 0.00263407438626067 0 0.00204498977505112 0 0.00842105263157895 0.00123785356192362 0
"хана" 0.00871118080055752 0.00191475510282235 0 0 0.00133217877839206 0.00131703719313033 0 0.0143149284253579 0.0268744961031981 0 0 0.00368093643022785
"ходом" 0 0 0.00601458536952109 0 0.00532871511356824 0.00658518596565167 0.00288783643294444 0.016359918200409 0.00671862402579952 0 0 0
"хозяйственные" 0 0 0 0.00403575680529491 0.00399653633517618 0 0 0 0.00335931201289976 0.0357894736842105 0.00247570712384725 0
"христианскую" 0.0152445664009757 0.00957377551411175 0 0.00403575680529491 0.00133217877839206 0 0.00433175464941666 0 0 0 0.0049514142476945 0.00368093643022785
"цене" 0 0.00191475510282235 0 0 0 0 0.0317662007623888 0 0 0.00421052631578947 0 0
"центральное" 0 0 0.00150364634238027 0.00201787840264746 0.0186505028974888 0.007902223158782 0 0 0.00335931201289976 0.00210526315789474 0.00123785356192362 0
"частное" 0 0 0.00751823171190136 0.00605363520794237 0.00932525144874442 0.00263407438626067 0.00144391821647222 0.00613496932515337 0.00335931201289976 0.00210526315789474 0.00247570712384725 0
"чертами" 0.00435559040027876 0 0.00451093902714082 0.00807151361058983 0.00133217877839206 0.00263407438626067 0.00577567286588888 0.00204498977505112 0.00671862402579952 0.0126315789473684 0 0
"чужого" 0 0.0076590204112894 0.00150364634238027 0 0.00399653633517618 0 0.00144391821647222 0 0 0.00631578947368421 0.0148542427430835 0.00122697881007595
"шведов" 0.0108889760006969 0.00191475510282235 0 0 0.00399653633517618 0 0.00577567286588888 0.0081799591002045 0.00671862402579952 0 0.00123785356192362 0.00613489405037975
"юный" 0.00871118080055752 0.038295102056447 0 0 0 0 0 0 0.00335931201289976 0 0 0
"явилось" 0 0 0 0.00605363520794237 0.00266435755678412 0.00526814877252134 0.00144391821647222 0.00204498977505112 0.0100779360386993 0.00421052631578947 0.0111406820573126 0
"язычников" 0.0130667712008363 0.00191475510282235 0 0.00201787840264746 0.00133217877839206 0 0.00433175464941666 0 0 0.00210526315789474 0.0136163891811599 0.00122697881007595
"les" 0 0 0.00150364634238027 0 0.00266435755678412 0 0.0274344461129722 0.00204498977505112 0 0.00421052631578947 0 0
"администрация" 0 0 0.00150364634238027 0.00201787840264746 0.0186505028974888 0.003951111579391 0 0.00408997955010225 0.0100779360386993 0 0 0
"актам" 0 0 0 0 0.0186505028974888 0.0105362975450427 0 0 0 0.00421052631578947 0 0
"аскольд" 0.0152445664009757 0.00191475510282235 0 0 0.00399653633517618 0 0 0 0 0 0.0160920963050071 0
"бежали" 0.00217779520013938 0.0191475510282235 0.00150364634238027 0.00403575680529491 0 0 0 0 0 0 0.00247570712384725 0.0098158304806076
"берендеи" 0 0.0287213265423352 0 0 0 0 0 0 0 0 0 0.0110428092906835
"большинстве" 0 0 0.0105255243966619 0 0.00799307267035236 0.003951111579391 0 0.00408997955010225 0 0.0126315789473684 0 0
"введенных" 0 0 0 0 0.0266435755678412 0.00526814877252134 0 0 0 0 0 0
"великая" 0.0130667712008363 0.00191475510282235 0.00150364634238027 0.00403575680529491 0.00133217877839206 0 0 0.00613496932515337 0.00671862402579952 0 0.00618926780961812 0.00368093643022785
"великую" 0.0108889760006969 0.00191475510282235 0 0.00403575680529491 0.00133217877839206 0.00131703719313033 0 0.0143149284253579 0 0 0.00247570712384725 0.00613489405037975
"владел" 0.00217779520013938 0 0 0.00201787840264746 0.00399653633517618 0.003951111579391 0.00144391821647222 0.00204498977505112 0.0100779360386993 0.00842105263157895 0.00371356068577087 0.0049079152403038
"всея" 0 0 0 0 0.00532871511356824 0.003951111579391 0 0.0204498977505112 0.0201558720773985 0 0 0.00122697881007595
"всякая" 0.0108889760006969 0 0.0120291707390422 0 0.00133217877839206 0.00131703719313033 0.00144391821647222 0.00204498977505112 0.00335931201289976 0.00631578947368421 0.00123785356192362 0.0024539576201519
"вторым" 0.00653338560041814 0.00957377551411175 0.00150364634238027 0.00807151361058983 0.00399653633517618 0.00526814877252134 0 0 0 0 0.00247570712384725 0.0024539576201519
"вышгород" 0 0 0 0 0 0 0 0 0 0 0.00866497493346537 0.0208586397712912
"вышла" 0 0.0076590204112894 0.00150364634238027 0.00403575680529491 0.00399653633517618 0.00526814877252134 0.00144391821647222 0.00408997955010225 0.00335931201289976 0.00842105263157895 0.00247570712384725 0
"гваньини" 0 0 0 0 0 0 0.0346540371953333 0 0 0 0 0
"геродота" 0.00653338560041814 0 0.0120291707390422 0.00605363520794237 0 0 0 0 0 0 0.0123785356192362 0
"городские" 0.00653338560041814 0.00191475510282235 0 0 0.0186505028974888 0.00131703719313033 0.00144391821647222 0 0.00335931201289976 0.00210526315789474 0.00123785356192362 0.00122697881007595
"гости" 0.0108889760006969 0.0038295102056447 0 0 0.00266435755678412 0 0.0072195910823611 0 0 0 0.009902828495389 0.0024539576201519
"государев" 0 0 0 0 0.00399653633517618 0.0171214835106943 0 0.0081799591002045 0.013437248051599 0 0 0
"государственное" 0.00217779520013938 0.00191475510282235 0.00751823171190136 0.00201787840264746 0 0.007902223158782 0.00577567286588888 0.00204498977505112 0.00335931201289976 0.00842105263157895 0 0
"гражданской" 0.0108889760006969 0.00191475510282235 0.00451093902714082 0.0141251488185322 0 0.00263407438626067 0 0.00613496932515337 0 0.00421052631578947 0.00123785356192362 0
"действуют" 0.00653338560041814 0 0.00150364634238027 0.00201787840264746 0.00799307267035236 0.003951111579391 0.00288783643294444 0 0.00335931201289976 0.00210526315789474 0.00742712137154175 0
"держаться" 0 0 0.00601458536952109 0.00605363520794237 0.00266435755678412 0.00263407438626067 0.00577567286588888 0.00613496932515337 0.0100779360386993 0 0.00123785356192362 0.0024539576201519
"древнейшей" 0.00653338560041814 0 0 0.00605363520794237 0 0 0 0 0 0.0378947368421053 0 0
"единственным" 0.00217779520013938 0.0038295102056447 0.00150364634238027 0.00605363520794237 0.00532871511356824 0.00263407438626067 0 0.00204498977505112 0 0.00631578947368421 0.00618926780961812 0.0024539576201519
"заметим" 0.0130667712008363 0.00191475510282235 0 0 0 0.00131703719313033 0 0 0 0 0.0148542427430835 0.0049079152403038
"зап" 0 0 0 0 0.0066608938919603 0.0171214835106943 0.00866350929883331 0 0 0 0 0
"западно" 0 0 0.00601458536952109 0.00605363520794237 0.00133217877839206 0 0.0173270185976666 0 0 0.00631578947368421 0.00123785356192362 0
"иди" 0.00217779520013938 0.0287213265423352 0 0.00201787840264746 0 0 0 0 0 0.00210526315789474 0.00247570712384725 0.0049079152403038
"издревле" 0.0435559040027876 0.00574426530846705 0 0 0 0.00131703719313033 0 0 0 0 0 0
"изо" 0 0 0 0 0.00133217877839206 0.003951111579391 0 0.0184049079754601 0.0100779360386993 0 0.00618926780961812 0.00368093643022785
"изучать" 0 0 0.0225546951357041 0.00605363520794237 0.00133217877839206 0 0 0 0.00335931201289976 0.00842105263157895 0 0
"имен" 0.00653338560041814 0 0.0105255243966619 0 0.0066608938919603 0.003951111579391 0 0.00408997955010225 0 0 0.0049514142476945 0
"источником" 0.00217779520013938 0 0.00451093902714082 0.00403575680529491 0.00532871511356824 0.00526814877252134 0.00433175464941666 0 0.00335931201289976 0.0105263157894737 0.00123785356192362 0
"киевском" 0.00435559040027876 0.0172327959254011 0.00150364634238027 0 0.0066608938919603 0 0 0 0 0 0.00123785356192362 0.0073618728604557
"княжеском" 0.00217779520013938 0.0076590204112894 0 0 0.0119896090055285 0 0 0 0 0 0.0111406820573126 0.00122697881007595
"княжеств" 0 0 0 0.00201787840264746 0.0199826816758809 0.00263407438626067 0.00288783643294444 0 0 0.00210526315789474 0.00371356068577087 0
"кожи" 0.0130667712008363 0 0 0 0 0 0.0202148550306111 0 0.00335931201289976 0 0.00371356068577087 0
"крайне" 0.00653338560041814 0 0.00300729268476054 0.0121072704158847 0 0.00131703719313033 0.00433175464941666 0 0.00335931201289976 0.0126315789473684 0.00247570712384725 0
"кремля" 0 0 0 0 0.00266435755678412 0 0.0231026914635555 0.0102249488752556 0 0 0 0.00122697881007595
"купцами" 0.00217779520013938 0.00191475510282235 0 0 0.00266435755678412 0 0.01299526394825 0.00204498977505112 0 0.00631578947368421 0.00866497493346537 0
"лежали" 0 0.00574426530846705 0 0.0121072704158847 0.00266435755678412 0.00131703719313033 0.0072195910823611 0.00408997955010225 0.00335931201289976 0.00210526315789474 0.00247570712384725 0.00122697881007595
"лежит" 0 0.00191475510282235 0.0105255243966619 0 0 0.00131703719313033 0.0072195910823611 0 0.00335931201289976 0.00210526315789474 0.00618926780961812 0.00368093643022785
"литве" 0.00435559040027876 0 0 0 0.00532871511356824 0.003951111579391 0.0101074275153055 0.0122699386503067 0.00671862402579952 0 0 0
"личные" 0 0 0.00150364634238027 0 0.00532871511356824 0.003951111579391 0 0.0102249488752556 0.0167965600644988 0.00631578947368421 0.00123785356192362 0.0024539576201519
"мед" 0.0130667712008363 0.00957377551411175 0 0 0 0 0 0 0 0.00421052631578947 0.0136163891811599 0
"местной" 0 0 0.00150364634238027 0 0.0239792180110571 0.00263407438626067 0 0 0.00335931201289976 0.00421052631578947 0 0
"моему" 0.00653338560041814 0.00191475510282235 0.00150364634238027 0.00201787840264746 0.00133217877839206 0.00263407438626067 0 0 0.00335931201289976 0 0.00247570712384725 0.0147237457209114
"мономаху" 0 0.0229770612338682 0 0 0.00133217877839206 0 0 0 0 0 0 0.0134967669108354
"надолго" 0.00435559040027876 0.00191475510282235 0 0.00403575680529491 0.00133217877839206 0.00131703719313033 0 0.0081799591002045 0 0 0.00866497493346537 0.0073618728604557
"назвал" 0.00653338560041814 0.0076590204112894 0.00451093902714082 0 0.00133217877839206 0.00263407438626067 0.00144391821647222 0.00613496932515337 0 0 0.00371356068577087 0.0049079152403038
"наследовал" 0 0.0153180408225788 0 0 0 0.003951111579391 0 0.00408997955010225 0 0.00210526315789474 0.00371356068577087 0.00858885167053165
"национального" 0 0 0.0180437561085633 0.00605363520794237 0.00133217877839206 0.00131703719313033 0.00144391821647222 0 0.00671862402579952 0.00631578947368421 0.00123785356192362 0
"началом" 0.00217779520013938 0 0.00150364634238027 0.0141251488185322 0.00399653633517618 0.00131703719313033 0 0.00204498977505112 0 0.00210526315789474 0.00742712137154175 0.00368093643022785
"небо" 0.0108889760006969 0.0248918163366905 0.00150364634238027 0 0 0 0.00144391821647222 0 0 0 0.00371356068577087 0.00122697881007595
"недаром" 0 0 0.00601458536952109 0.00807151361058983 0 0 0.00577567286588888 0.00204498977505112 0.00335931201289976 0.0147368421052632 0 0.00368093643022785
"неё" 0 0 0 0 0 0 0.0346540371953333 0 0 0 0 0
"немцам" 0 0 0 0 0.0159861453407047 0.00131703719313033 0.00288783643294444 0.00408997955010225 0.00335931201289976 0 0.00742712137154175 0
"несчастного" 0.00653338560041814 0.0325508367479799 0 0 0 0 0.00144391821647222 0 0 0 0.00123785356192362 0.0024539576201519
"николая" 0.00217779520013938 0.0076590204112894 0 0.00201787840264746 0 0 0.0231026914635555 0 0 0 0 0.0024539576201519
"нужным" 0.00217779520013938 0.00191475510282235 0.00751823171190136 0.00403575680529491 0.00266435755678412 0.00526814877252134 0.0072195910823611 0.00204498977505112 0.00335931201289976 0 0.00123785356192362 0.00122697881007595
"обширные" 0.00217779520013938 0 0 0.00605363520794237 0 0.00526814877252134 0.0158831003811944 0 0 0.00421052631578947 0.00371356068577087 0
"общими" 0 0.00574426530846705 0.016540109766183 0.00403575680529491 0.00399653633517618 0.00263407438626067 0 0 0 0 0.00371356068577087 0
"объединения" 0 0 0.00751823171190136 0.0181609056238271 0.00932525144874442 0.00131703719313033 0 0 0.00335931201289976 0.00210526315789474 0 0
"обычая" 0 0.00191475510282235 0.00150364634238027 0.00201787840264746 0.00133217877839206 0.0105362975450427 0.00288783643294444 0.00204498977505112 0 0.00421052631578947 0.00618926780961812 0.0024539576201519
"ольговичами" 0 0.0038295102056447 0 0 0 0 0 0 0 0 0 0.0269935338216709
"орды" 0.00653338560041814 0 0 0 0.0066608938919603 0 0.00433175464941666 0.00204498977505112 0.00671862402579952 0.00210526315789474 0.00618926780961812 0.0049079152403038
"особенность" 0 0 0.00751823171190136 0.00605363520794237 0.0106574302271365 0.00263407438626067 0.00288783643294444 0.00204498977505112 0 0.00421052631578947 0.00123785356192362 0
"отдельного" 0 0 0.00751823171190136 0.0121072704158847 0.00266435755678412 0.00263407438626067 0.00433175464941666 0 0 0.0105263157894737 0.00123785356192362 0
"отчину" 0 0.0038295102056447 0 0 0.00799307267035236 0 0.00144391821647222 0.00204498977505112 0 0 0.00123785356192362 0.0159507245309874
"памятник" 0.00653338560041814 0.00957377551411175 0.0135328170814224 0 0.00133217877839206 0.003951111579391 0 0 0 0.00210526315789474 0.00247570712384725 0
"патриархом" 0.00217779520013938 0 0 0 0.00133217877839206 0.0171214835106943 0.00144391821647222 0.0143149284253579 0 0 0.00123785356192362 0
"патриарху" 0 0.00191475510282235 0 0 0 0.011853334738173 0.00144391821647222 0.0204498977505112 0 0 0.00371356068577087 0
"первому" 0.00653338560041814 0.00574426530846705 0.00451093902714082 0.00605363520794237 0 0.00263407438626067 0.00144391821647222 0 0.00335931201289976 0.00421052631578947 0.00123785356192362 0.00613489405037975
"побежали" 0 0 0 0 0 0 0 0.00204498977505112 0 0 0.00618926780961812 0.0220856185813671
"подчинение" 0 0 0.00150364634238027 0.0141251488185322 0.00133217877839206 0 0 0.00613496932515337 0.00671862402579952 0.00210526315789474 0.0111406820573126 0
"подчинения" 0 0 0.00751823171190136 0.0161430272211797 0.00266435755678412 0.00263407438626067 0 0.00408997955010225 0 0.00210526315789474 0.00371356068577087 0.00122697881007595
"пойду" 0 0.0038295102056447 0 0 0.00133217877839206 0 0 0 0 0 0.00866497493346537 0.0171777033410633
"положено" 0 0 0.00300729268476054 0.00807151361058983 0 0.00526814877252134 0.00433175464941666 0.00204498977505112 0 0 0.00123785356192362 0.0110428092906835
"польских" 0.00435559040027876 0.0076590204112894 0 0 0 0.00131703719313033 0.0072195910823611 0.00408997955010225 0.00335931201289976 0 0.0049514142476945 0.00613489405037975
"поместий" 0 0 0 0.0121072704158847 0 0.00658518596565167 0.0101074275153055 0.00613496932515337 0.0100779360386993 0 0 0
"попытки" 0 0 0.0105255243966619 0.00605363520794237 0 0.00131703719313033 0.00144391821647222 0.00204498977505112 0.013437248051599 0.00631578947368421 0.00371356068577087 0.00122697881007595
"поручения" 0 0 0.00150364634238027 0 0.0119896090055285 0.015804446317564 0 0.00204498977505112 0 0.00210526315789474 0 0
"порядки" 0 0 0.00601458536952109 0.00403575680529491 0.0066608938919603 0.00526814877252134 0.00433175464941666 0.00613496932515337 0 0.00631578947368421 0 0
"потомства" 0.0108889760006969 0.00957377551411175 0.00902187805428163 0 0 0.00131703719313033 0 0.00408997955010225 0 0 0 0.00613489405037975
"правильно" 0 0 0.00751823171190136 0.00201787840264746 0.00133217877839206 0.003951111579391 0.00288783643294444 0.0081799591002045 0.0167965600644988 0.00631578947368421 0 0
"правителей" 0.00217779520013938 0 0 0.00605363520794237 0.0066608938919603 0.00658518596565167 0.00288783643294444 0.00204498977505112 0.0100779360386993 0.00842105263157895 0 0
"правитель" 0.0108889760006969 0.0038295102056447 0.00150364634238027 0 0.00399653633517618 0.00131703719313033 0.00288783643294444 0.0184049079754601 0 0 0.00123785356192362 0
"представителями" 0 0 0.00300729268476054 0.00403575680529491 0.0119896090055285 0.00263407438626067 0.00144391821647222 0.00408997955010225 0 0.00842105263157895 0.00123785356192362 0.00122697881007595
"преобладание" 0 0 0.00150364634238027 0.00201787840264746 0.00532871511356824 0.00131703719313033 0.0072195910823611 0.0081799591002045 0 0.0126315789473684 0.00247570712384725 0
"приносили" 0.0196001568012544 0 0 0 0 0.00263407438626067 0.00577567286588888 0 0 0 0.009902828495389 0.00122697881007595
"присутствие" 0.00217779520013938 0 0 0.00201787840264746 0.0133217877839206 0.0105362975450427 0.00144391821647222 0 0.00335931201289976 0 0.00123785356192362 0.00122697881007595
"притязания" 0 0 0 0.00201787840264746 0.00532871511356824 0.0131703719313033 0.00288783643294444 0.00408997955010225 0.00335931201289976 0 0.00247570712384725 0.0024539576201519
"простыми" 0.00217779520013938 0 0.00300729268476054 0.00201787840264746 0.00932525144874442 0.00658518596565167 0.00288783643294444 0.00613496932515337 0.00671862402579952 0 0.00123785356192362 0
"разного" 0.00217779520013938 0.00191475510282235 0.0150364634238027 0.00403575680529491 0.00399653633517618 0 0.00288783643294444 0.00408997955010225 0.00335931201289976 0.00421052631578947 0 0
"разума" 0.0239557472015332 0.00191475510282235 0.00451093902714082 0.0100893920132373 0 0.00131703719313033 0 0.00408997955010225 0 0.00210526315789474 0 0
"рассказа" 0 0 0.00150364634238027 0 0.00932525144874442 0.00526814877252134 0.00288783643294444 0.00408997955010225 0.00335931201289976 0 0.00371356068577087 0.0049079152403038
"религиозные" 0 0 0.0105255243966619 0.00403575680529491 0 0 0.00144391821647222 0 0 0.0189473684210526 0.00618926780961812 0
"ростиславич" 0 0.0134032857197564 0 0 0.00133217877839206 0 0 0 0 0 0 0.0196316609612152
"ростиславичами" 0 0.00574426530846705 0 0 0 0 0 0 0 0 0 0.025766555011595
"ряду" 0 0 0.00601458536952109 0 0.00532871511356824 0.00658518596565167 0.00144391821647222 0.00204498977505112 0.00335931201289976 0.00421052631578947 0.00247570712384725 0.0049079152403038
"сделались" 0.00653338560041814 0.00191475510282235 0.00150364634238027 0.022196662429122 0.00266435755678412 0 0.00288783643294444 0.00204498977505112 0 0.00421052631578947 0 0.00122697881007595
"северский" 0 0.0210623061310458 0 0 0 0 0.00144391821647222 0.00204498977505112 0 0 0.00123785356192362 0.0122697881007595
"системе" 0 0 0 0.00201787840264746 0.00133217877839206 0 0.0072195910823611 0.00613496932515337 0.00335931201289976 0.00631578947368421 0.0123785356192362 0
"сказания" 0.0108889760006969 0.00191475510282235 0.00751823171190136 0.00201787840264746 0.00399653633517618 0.00131703719313033 0.00288783643294444 0.00613496932515337 0.00335931201289976 0.00421052631578947 0 0
"славою" 0.0152445664009757 0.00957377551411175 0 0 0 0 0 0 0.00335931201289976 0 0.00247570712384725 0.0110428092906835
"слугами" 0.00217779520013938 0.0038295102056447 0 0 0.0159861453407047 0.00263407438626067 0.00144391821647222 0.0081799591002045 0.00335931201289976 0 0.00123785356192362 0
"случилось" 0.00217779520013938 0.0038295102056447 0.00751823171190136 0.00403575680529491 0.00133217877839206 0.00263407438626067 0.00144391821647222 0.00204498977505112 0 0.00421052631578947 0 0.00858885167053165
"слушать" 0.00435559040027876 0.0134032857197564 0 0 0.00266435755678412 0.00921926035191234 0.00288783643294444 0 0 0 0.00371356068577087 0.00122697881007595
"сношениях" 0 0 0.00300729268476054 0 0.00266435755678412 0.003951111579391 0.00288783643294444 0.0265848670756646 0.00335931201289976 0 0 0.00122697881007595
"собственным" 0.0108889760006969 0.00191475510282235 0.00150364634238027 0.00201787840264746 0.00266435755678412 0.00131703719313033 0 0.00204498977505112 0 0.0105263157894737 0.0049514142476945 0.00368093643022785
"современной" 0 0 0.0195474024509435 0.00807151361058983 0 0.00131703719313033 0.00144391821647222 0 0.00671862402579952 0.00631578947368421 0 0
"сожалению" 0.00217779520013938 0.00957377551411175 0.00751823171190136 0 0.00266435755678412 0.003951111579391 0 0.0081799591002045 0.013437248051599 0 0 0
"состояли" 0.00435559040027876 0.00574426530846705 0 0.00201787840264746 0.00532871511356824 0.007902223158782 0.00577567286588888 0.00204498977505112 0.00335931201289976 0 0.00247570712384725 0
"социального" 0 0 0.00902187805428163 0.0100893920132373 0.00266435755678412 0.00263407438626067 0 0 0.00335931201289976 0.0168421052631579 0 0
"социология" 0 0 0.0270656341628449 0 0 0 0 0 0 0.0126315789473684 0 0
"союзов" 0.00435559040027876 0 0 0.00403575680529491 0.00532871511356824 0 0 0 0 0.0294736842105263 0.00123785356192362 0.00122697881007595
"специально" 0 0 0.0135328170814224 0.0100893920132373 0.00532871511356824 0.003951111579391 0 0.00204498977505112 0 0.00421052631578947 0 0
"становятся" 0 0 0.00300729268476054 0.00201787840264746 0.0119896090055285 0.00526814877252134 0.00288783643294444 0 0.00335931201289976 0.00842105263157895 0.00123785356192362 0
"старинных" 0.00217779520013938 0.00191475510282235 0.00300729268476054 0 0.0133217877839206 0.00263407438626067 0 0.00204498977505112 0 0.00631578947368421 0.00371356068577087 0.00122697881007595
"старцы" 0.00871118080055752 0 0 0 0.0173183241190968 0.003951111579391 0 0 0 0.00210526315789474 0.00371356068577087 0
"степей" 0.00871118080055752 0 0 0.00403575680529491 0 0 0.0115513457317778 0 0 0 0.009902828495389 0.0024539576201519
"стоят" 0 0.0038295102056447 0.00451093902714082 0.00403575680529491 0.00399653633517618 0.003951111579391 0.00288783643294444 0.00408997955010225 0.00335931201289976 0 0.00123785356192362 0.00613489405037975
"страха" 0.00217779520013938 0 0.00150364634238027 0 0 0.00131703719313033 0.00144391821647222 0.0081799591002045 0.0235151840902983 0.00842105263157895 0.00371356068577087 0.0024539576201519
"существу" 0.00217779520013938 0 0.0180437561085633 0.00403575680529491 0.00266435755678412 0.003951111579391 0.00144391821647222 0 0 0.00421052631578947 0.00123785356192362 0
"сфере" 0 0 0.00751823171190136 0.0100893920132373 0.00266435755678412 0.00131703719313033 0.00433175464941666 0.00408997955010225 0.0100779360386993 0.00631578947368421 0 0
"торговать" 0.00871118080055752 0.0076590204112894 0 0 0 0 0.01299526394825 0.00204498977505112 0 0.00421052631578947 0.0049514142476945 0
"уделы" 0.00871118080055752 0.0153180408225788 0 0 0.0119896090055285 0.00131703719313033 0 0 0 0.00421052631578947 0 0
"уезда" 0 0 0 0 0.0133217877839206 0.003951111579391 0.00144391821647222 0.00204498977505112 0.013437248051599 0.00842105263157895 0 0.00122697881007595
"узнали" 0.00871118080055752 0.00191475510282235 0.00150364634238027 0 0.00133217877839206 0 0.00144391821647222 0.00204498977505112 0 0 0.0049514142476945 0.0134967669108354
"умрет" 0.00435559040027876 0.0114885306169341 0 0 0.00133217877839206 0 0 0.00204498977505112 0 0 0.0136163891811599 0.00368093643022785
"условие" 0 0 0.00300729268476054 0.00403575680529491 0.00799307267035236 0.00263407438626067 0.00433175464941666 0.00408997955010225 0 0.0105263157894737 0 0.0024539576201519
"утвердиться" 0.00653338560041814 0 0 0.00605363520794237 0.00133217877839206 0 0.00144391821647222 0.00204498977505112 0 0.00210526315789474 0.0111406820573126 0.00613489405037975
"христиане" 0.0152445664009757 0.0038295102056447 0 0.00403575680529491 0 0.003951111579391 0.00144391821647222 0 0 0 0.009902828495389 0.00122697881007595
"хуже" 0 0 0.00451093902714082 0.00201787840264746 0.00133217877839206 0.00526814877252134 0.0072195910823611 0.00408997955010225 0 0.00421052631578947 0.00247570712384725 0.0049079152403038
"царицы" 0 0 0 0 0 0.0105362975450427 0 0.0286298568507157 0.00335931201289976 0 0.00123785356192362 0
"царских" 0 0 0 0 0 0.00658518596565167 0.0101074275153055 0.016359918200409 0.0100779360386993 0 0 0.00122697881007595
"центральной" 0 0 0.00150364634238027 0.00201787840264746 0.0119896090055285 0.00921926035191234 0.00144391821647222 0 0.00335931201289976 0.00842105263157895 0 0
"человеческих" 0 0 0.0270656341628449 0.00605363520794237 0 0 0 0 0 0.00631578947368421 0 0
"чины" 0 0 0 0 0.00532871511356824 0.019755557896955 0.00433175464941666 0.00408997955010225 0 0 0 0
"экономическом" 0 0 0.00150364634238027 0.0161430272211797 0.00532871511356824 0.00131703719313033 0 0 0 0.0210526315789474 0 0
"ярополку" 0.00871118080055752 0.0076590204112894 0 0 0 0 0 0 0 0 0.009902828495389 0.0098158304806076
"ярославов" 0 0.0268065714395129 0 0 0.00266435755678412 0 0 0 0 0 0.00247570712384725 0.0073618728604557
"бегством" 0.017422361601115 0.0172327959254011 0 0 0 0 0.00144391821647222 0.00204498977505112 0.00671862402579952 0 0.00123785356192362 0.00122697881007595
"берут" 0.00435559040027876 0.00191475510282235 0.00150364634238027 0.00201787840264746 0.00133217877839206 0.00526814877252134 0.0072195910823611 0 0 0.00421052631578947 0.00618926780961812 0.00122697881007595
"болгарами" 0.00871118080055752 0.0076590204112894 0 0 0.00133217877839206 0 0 0 0 0 0.0111406820573126 0.00613489405037975
"болезнь" 0.00217779520013938 0.0038295102056447 0.00150364634238027 0 0 0 0.00288783643294444 0.0184049079754601 0.0100779360386993 0 0.00247570712384725 0.00368093643022785
"большою" 0 0 0.00451093902714082 0.00403575680529491 0.00266435755678412 0.00263407438626067 0.00433175464941666 0.00613496932515337 0 0 0.00123785356192362 0.00858885167053165
"боялись" 0.0130667712008363 0.00574426530846705 0 0 0 0.00131703719313033 0.00144391821647222 0.0122699386503067 0 0.00210526315789474 0.00123785356192362 0.0049079152403038
"брака" 0.00217779520013938 0.0076590204112894 0 0 0 0 0.00144391821647222 0.0081799591002045 0.00335931201289976 0.00210526315789474 0.0136163891811599 0
"введенные" 0 0 0 0 0.0266435755678412 0.00263407438626067 0 0 0.00335931201289976 0 0 0
"ведал" 0 0.00191475510282235 0 0 0.0106574302271365 0.00658518596565167 0.00866350929883331 0 0.00671862402579952 0 0.00123785356192362 0
"вероятнее" 0.00653338560041814 0 0 0 0.00932525144874442 0.003951111579391 0 0 0.00671862402579952 0.00631578947368421 0.00371356068577087 0.0024539576201519
"ветви" 0.00217779520013938 0.00191475510282235 0.00150364634238027 0 0.0106574302271365 0.003951111579391 0.00288783643294444 0.00613496932515337 0 0.00842105263157895 0 0
"взявши" 0 0 0 0 0 0 0 0 0 0 0.0049514142476945 0.023312597391443
"вина" 0.00871118080055752 0.0076590204112894 0 0 0.00266435755678412 0 0.00577567286588888 0.00204498977505112 0.00671862402579952 0 0.00371356068577087 0.00368093643022785
"воеводу" 0.00217779520013938 0.00957377551411175 0 0 0.00399653633517618 0.00131703719313033 0.00288783643294444 0.00204498977505112 0 0 0.00247570712384725 0.0098158304806076
"военное" 0.00653338560041814 0 0 0 0.00532871511356824 0.00263407438626067 0.00577567286588888 0.00204498977505112 0.0100779360386993 0 0.00742712137154175 0
"возвращении" 0.00217779520013938 0.00574426530846705 0 0 0 0.00526814877252134 0.00433175464941666 0.00613496932515337 0.00335931201289976 0 0.0049514142476945 0.0049079152403038
"войску" 0.00653338560041814 0.0076590204112894 0.00150364634238027 0 0 0 0.00866350929883331 0.00204498977505112 0.00335931201289976 0.00210526315789474 0 0.0073618728604557
"воображение" 0.0217779520013938 0.0038295102056447 0.00451093902714082 0.00201787840264746 0 0.00526814877252134 0 0 0 0.00421052631578947 0.00123785356192362 0
"восточная" 0.00217779520013938 0 0 0.0181609056238271 0.00133217877839206 0 0.0072195910823611 0 0 0.00210526315789474 0.00742712137154175 0
"восточную" 0.00435559040027876 0.0038295102056447 0.00150364634238027 0.0161430272211797 0.00133217877839206 0 0.00433175464941666 0 0 0.00210526315789474 0.00618926780961812 0
"вотчинах" 0 0 0 0 0.00532871511356824 0.0144874091244337 0.00288783643294444 0.0081799591002045 0.00671862402579952 0 0 0
"выгодно" 0 0 0.00751823171190136 0 0.00133217877839206 0.00263407438626067 0.00866350929883331 0 0 0.00210526315789474 0.00618926780961812 0.00368093643022785
"вышло" 0 0 0.00601458536952109 0.00403575680529491 0.00532871511356824 0.00131703719313033 0 0 0.00671862402579952 0.00631578947368421 0 0.00858885167053165
"герой" 0.017422361601115 0.0038295102056447 0.00451093902714082 0.00201787840264746 0.00133217877839206 0 0 0.00204498977505112 0.00335931201289976 0 0.00371356068577087 0.00368093643022785
"гибель" 0.00871118080055752 0.00191475510282235 0 0.0100893920132373 0 0.00526814877252134 0 0.00408997955010225 0.00335931201289976 0.00210526315789474 0.00247570712384725 0.00368093643022785
"глазами" 0.0152445664009757 0.00574426530846705 0.00751823171190136 0.00201787840264746 0 0.00131703719313033 0.00144391821647222 0 0 0 0.00371356068577087 0.0024539576201519
"горы" 0.0130667712008363 0.00191475510282235 0.00150364634238027 0.00605363520794237 0 0 0.00577567286588888 0 0.00335931201289976 0.00421052631578947 0.0049514142476945 0.00122697881007595
"господствовало" 0.00217779520013938 0.00191475510282235 0.00150364634238027 0.00605363520794237 0.0066608938919603 0.00263407438626067 0 0.00408997955010225 0 0.0147368421052632 0.00123785356192362 0
"государственном" 0 0.00191475510282235 0.00300729268476054 0.00403575680529491 0.0066608938919603 0.007902223158782 0.00433175464941666 0.00204498977505112 0 0.00210526315789474 0.00123785356192362 0.00122697881007595
"дальнейшее" 0.00217779520013938 0.00191475510282235 0.00601458536952109 0.00807151361058983 0.00133217877839206 0.00131703719313033 0.00144391821647222 0.00408997955010225 0.00671862402579952 0.00842105263157895 0.00123785356192362 0.00122697881007595
"де" 0 0.00191475510282235 0.0105255243966619 0.00201787840264746 0 0.00658518596565167 0.00577567286588888 0.00613496932515337 0.00335931201289976 0.00210526315789474 0 0
"действительность" 0 0 0.00902187805428163 0 0.00399653633517618 0.00131703719313033 0.00144391821647222 0.00204498977505112 0.00335931201289976 0.0189473684210526 0 0.00122697881007595
"делопроизводства" 0 0 0 0 0.0119896090055285 0.0184385207038247 0 0 0 0 0 0
"держались" 0.00217779520013938 0 0 0 0.00399653633517618 0.00526814877252134 0 0.0081799591002045 0.013437248051599 0.00631578947368421 0.00247570712384725 0.0024539576201519
"деятель" 0 0 0.0300729268476054 0.00201787840264746 0 0 0 0.00204498977505112 0.00335931201289976 0 0 0
"добродетели" 0.00217779520013938 0.0268065714395129 0.00150364634238027 0 0 0 0 0.0102249488752556 0.00335931201289976 0.00210526315789474 0 0
"добрый" 0 0.0229770612338682 0 0 0 0.00131703719313033 0 0.00204498977505112 0 0 0.00371356068577087 0.0073618728604557
"документы" 0 0 0.0195474024509435 0 0.00133217877839206 0.00131703719313033 0 0.0122699386503067 0.00335931201289976 0.00210526315789474 0 0
"долженствовали" 0.0304891328019513 0.00957377551411175 0 0 0 0 0 0 0 0 0.0049514142476945 0
"доме" 0.00217779520013938 0.0134032857197564 0.00150364634238027 0.00201787840264746 0 0 0.0072195910823611 0 0 0.00421052631578947 0.0049514142476945 0.0024539576201519
"достигнуть" 0 0 0.00150364634238027 0.00807151361058983 0.00399653633517618 0.00131703719313033 0.00433175464941666 0.00408997955010225 0 0.00421052631578947 0.00371356068577087 0.0049079152403038
"доход" 0 0.00191475510282235 0 0 0.0066608938919603 0 0.01299526394825 0 0.00335931201289976 0.0147368421052632 0 0
"древнее" 0.0261335424016725 0.0114885306169341 0.00150364634238027 0 0.00133217877839206 0 0 0 0 0 0.00371356068577087 0
"древняя" 0.00871118080055752 0.0114885306169341 0.00150364634238027 0.00201787840264746 0.00266435755678412 0 0.00288783643294444 0 0 0.00842105263157895 0.00371356068577087 0
"египет" 0.00217779520013938 0 0.00150364634238027 0.0423754464555966 0 0 0 0 0 0 0 0
"единства" 0 0 0.00601458536952109 0.0141251488185322 0.00399653633517618 0 0 0.00204498977505112 0.00671862402579952 0 0.00247570712384725 0.0049079152403038
"ехал" 0 0.0076590204112894 0 0 0 0.00131703719313033 0.0173270185976666 0 0 0 0 0.0073618728604557
"жена" 0.0108889760006969 0.0038295102056447 0.00150364634238027 0 0.00133217877839206 0.00131703719313033 0 0.0081799591002045 0.00671862402579952 0 0.00742712137154175 0.00122697881007595
"живет" 0.00217779520013938 0.0038295102056447 0.00150364634238027 0.00403575680529491 0 0.007902223158782 0 0.00408997955010225 0 0 0.009902828495389 0.00122697881007595
"завтра" 0.00217779520013938 0.00574426530846705 0.00451093902714082 0 0 0.00131703719313033 0 0 0 0 0.0111406820573126 0.0073618728604557
"западную" 0.00435559040027876 0.00574426530846705 0.00150364634238027 0.0242145408317695 0 0 0 0 0 0.00210526315789474 0.0049514142476945 0
"записки" 0.00435559040027876 0 0.00451093902714082 0 0 0.011853334738173 0.01299526394825 0 0 0 0 0
"идея" 0 0 0.00751823171190136 0.0161430272211797 0 0.00526814877252134 0 0.00204498977505112 0 0.0105263157894737 0 0
"изложение" 0 0 0.00902187805428163 0 0 0.00658518596565167 0.00288783643294444 0.00613496932515337 0 0.0126315789473684 0 0.00122697881007595
"изображает" 0.00435559040027876 0.0038295102056447 0.00451093902714082 0 0.0106574302271365 0.00526814877252134 0.00144391821647222 0.00204498977505112 0.00335931201289976 0.00210526315789474 0 0
"императоров" 0.0261335424016725 0.00574426530846705 0.00150364634238027 0.00807151361058983 0 0 0 0 0 0.00210526315789474 0.00247570712384725 0
"иностранец" 0.00217779520013938 0 0.00150364634238027 0.00201787840264746 0 0.003951111579391 0.0231026914635555 0.00204498977505112 0 0 0 0
"исключением" 0 0 0 0.00807151361058983 0.00266435755678412 0.00263407438626067 0.00866350929883331 0.00613496932515337 0.00671862402579952 0.00210526315789474 0.00123785356192362 0.0024539576201519
"исследование" 0.00217779520013938 0.00191475510282235 0.0195474024509435 0 0 0 0 0.00613496932515337 0 0.00842105263157895 0.00123785356192362 0
"исследователи" 0 0 0.00902187805428163 0.00201787840264746 0 0 0 0.00204498977505112 0.00671862402579952 0.0126315789473684 0.00866497493346537 0
"казна" 0.00653338560041814 0 0 0 0.00133217877839206 0 0.0216587732470833 0 0.00335931201289976 0 0.00247570712384725 0.00122697881007595
"капитала" 0 0.00191475510282235 0 0 0.0106574302271365 0.00263407438626067 0.00144391821647222 0 0 0.0231578947368421 0 0
"княгини" 0.00653338560041814 0.00574426530846705 0 0 0.0133217877839206 0.00131703719313033 0 0 0.013437248051599 0 0.00247570712384725 0
"кончина" 0.00871118080055752 0.0287213265423352 0 0 0 0 0 0.00408997955010225 0 0 0.00123785356192362 0.00122697881007595
"кремле" 0 0 0 0 0.00399653633517618 0 0.0144391821647222 0.0143149284253579 0.00671862402579952 0 0 0.00122697881007595
"кремль" 0 0 0 0 0 0.00658518596565167 0.0144391821647222 0.0102249488752556 0.00671862402579952 0 0 0.00122697881007595
"крепостное" 0 0 0 0.00403575680529491 0 0 0 0.00204498977505112 0 0.0421052631578947 0 0
"крепостных" 0 0 0.00150364634238027 0.00403575680529491 0 0.00131703719313033 0 0.00204498977505112 0 0.0378947368421053 0 0
"крестьянской" 0 0 0.00150364634238027 0 0 0.00131703719313033 0 0.0102249488752556 0 0.0336842105263158 0 0
"курск" 0 0.0114885306169341 0 0 0 0.00131703719313033 0 0.00408997955010225 0.00335931201289976 0 0.00247570712384725 0.0134967669108354
"легче" 0.00217779520013938 0 0.00451093902714082 0.00403575680529491 0.00266435755678412 0 0.00433175464941666 0.00204498977505112 0.00335931201289976 0.00210526315789474 0.00618926780961812 0.0049079152403038
"летописей" 0.00435559040027876 0.00191475510282235 0.00150364634238027 0 0.0066608938919603 0 0.00144391821647222 0.00204498977505112 0.013437248051599 0.00210526315789474 0.00618926780961812 0.0024539576201519
"личных" 0.00217779520013938 0.00191475510282235 0.00150364634238027 0 0.00133217877839206 0.00263407438626067 0.00288783643294444 0.00613496932515337 0.013437248051599 0.00631578947368421 0 0.00613489405037975
"маржерет" 0 0 0 0 0 0.00526814877252134 0.0274344461129722 0 0 0 0 0
"мер" 0.00217779520013938 0 0 0 0 0.00131703719313033 0.0072195910823611 0.0143149284253579 0.0167965600644988 0.00842105263157895 0 0
"мертвых" 0.0261335424016725 0.00191475510282235 0 0 0 0 0 0.00204498977505112 0 0.00210526315789474 0.00866497493346537 0.00122697881007595
"метода" 0 0 0.0315765731899857 0 0 0 0 0 0.00335931201289976 0.00210526315789474 0 0
"мехами" 0.00217779520013938 0.00191475510282235 0 0 0.00266435755678412 0 0.0158831003811944 0.00204498977505112 0 0.00421052631578947 0.00618926780961812 0
"мирное" 0.0130667712008363 0.00191475510282235 0 0 0 0 0.0187709368141388 0.00204498977505112 0 0 0.00247570712384725 0
"многочисленных" 0.00871118080055752 0.00957377551411175 0 0.00403575680529491 0.0066608938919603 0.00131703719313033 0.00144391821647222 0 0 0.00421052631578947 0.00247570712384725 0.00122697881007595
"мыслей" 0.00871118080055752 0.00574426530846705 0.00902187805428163 0 0 0.00921926035191234 0 0 0 0.00631578947368421 0 0
"наблюдается" 0 0 0.0105255243966619 0.00403575680529491 0 0 0 0 0 0.0294736842105263 0 0
"надеясь" 0.00653338560041814 0.0076590204112894 0 0 0 0.00131703719313033 0.00433175464941666 0.0102249488752556 0 0 0.00247570712384725 0.00613489405037975
"называлась" 0.0108889760006969 0.0076590204112894 0 0 0.00133217877839206 0.00526814877252134 0.00433175464941666 0 0 0.00210526315789474 0.0049514142476945 0.00122697881007595
"называться" 0 0.0076590204112894 0.016540109766183 0.00403575680529491 0.00266435755678412 0.00131703719313033 0.00288783643294444 0 0 0 0 0.00122697881007595
"налоги" 0.00653338560041814 0.00191475510282235 0 0.00403575680529491 0.00399653633517618 0.00263407438626067 0.0072195910823611 0 0 0.0147368421052632 0 0
"направление" 0 0 0.00902187805428163 0.00403575680529491 0.00799307267035236 0.007902223158782 0.00144391821647222 0 0.00335931201289976 0 0 0.00122697881007595
"насилия" 0.00653338560041814 0.0076590204112894 0 0.00403575680529491 0.00266435755678412 0 0 0.00408997955010225 0.0100779360386993 0.00210526315789474 0.00247570712384725 0.0049079152403038
"недолго" 0 0.0038295102056447 0 0 0 0 0.00288783643294444 0 0.0100779360386993 0.00210526315789474 0.00371356068577087 0.0147237457209114
"немецкого" 0.00435559040027876 0.00574426530846705 0.00300729268476054 0.00403575680529491 0.0066608938919603 0.00131703719313033 0.00144391821647222 0 0 0 0.00866497493346537 0
"немецкой" 0 0 0.0120291707390422 0.00201787840264746 0 0 0.0144391821647222 0 0 0 0.00371356068577087 0.00122697881007595
"новгородские" 0 0 0 0 0.0106574302271365 0 0 0.00204498977505112 0 0.00631578947368421 0.00866497493346537 0.0049079152403038
"новогородцев" 0.00435559040027876 0.0402098571592693 0 0 0 0 0 0 0 0 0 0
"обеда" 0.00217779520013938 0.00191475510282235 0 0 0 0.003951111579391 0.0158831003811944 0.00408997955010225 0 0 0 0.00613489405037975
"обиду" 0.00435559040027876 0.00957377551411175 0 0 0.00266435755678412 0 0 0 0.00335931201289976 0 0.00618926780961812 0.0098158304806076
"обобщения" 0 0 0.033080219532366 0 0 0 0 0 0 0.00210526315789474 0 0
"образованности" 0 0 0.00300729268476054 0.0383396896503017 0 0 0.00144391821647222 0 0 0 0.00123785356192362 0
"обращались" 0.00217779520013938 0 0 0 0.00799307267035236 0.00658518596565167 0.0072195910823611 0.0081799591002045 0.00335931201289976 0 0.00123785356192362 0
"обычаем" 0.00217779520013938 0 0 0 0.00399653633517618 0.0105362975450427 0.00144391821647222 0.0081799591002045 0.00671862402579952 0 0.0049514142476945 0
"обычным" 0 0 0.00150364634238027 0 0.0066608938919603 0.0105362975450427 0 0.00408997955010225 0.013437248051599 0.00421052631578947 0.00123785356192362 0
"одежды" 0.017422361601115 0.0038295102056447 0 0 0 0 0.00866350929883331 0 0 0.00421052631578947 0.00618926780961812 0
"оказались" 0.00217779520013938 0 0.00150364634238027 0.0121072704158847 0.00133217877839206 0.00131703719313033 0.00288783643294444 0.0143149284253579 0.00335931201289976 0.00421052631578947 0.00123785356192362 0
"оказался" 0 0 0 0.00403575680529491 0.00266435755678412 0.00131703719313033 0.00144391821647222 0.0143149284253579 0.0268744961031981 0.00210526315789474 0 0.00122697881007595
"окольничего" 0 0 0 0 0.0119896090055285 0.015804446317564 0 0.00204498977505112 0.00335931201289976 0 0 0
"определения" 0 0 0.00601458536952109 0.00201787840264746 0.00399653633517618 0.00526814877252134 0.00144391821647222 0 0.00335931201289976 0.00842105263157895 0.0049514142476945 0.00122697881007595
"особым" 0 0 0.00150364634238027 0.00605363520794237 0.0119896090055285 0.003951111579391 0 0.0081799591002045 0.00335931201289976 0.00210526315789474 0 0.00122697881007595
"отметить" 0 0 0.00451093902714082 0.0141251488185322 0.00266435755678412 0.00263407438626067 0 0.00204498977505112 0.00671862402579952 0.0126315789473684 0 0
"отмстить" 0.0108889760006969 0.0268065714395129 0 0 0 0.00131703719313033 0 0 0 0 0 0.00368093643022785
"отряды" 0.00217779520013938 0 0 0 0 0 0.00577567286588888 0.00204498977505112 0.0235151840902983 0 0.00371356068577087 0.00858885167053165
"печенегам" 0.0108889760006969 0.00191475510282235 0 0 0.00133217877839206 0 0 0 0 0 0.0185678034288544 0.00122697881007595
"победою" 0.0152445664009757 0.00957377551411175 0 0.00403575680529491 0 0 0 0.00204498977505112 0 0 0.00247570712384725 0.0073618728604557
"повод" 0.00217779520013938 0.00191475510282235 0.00300729268476054 0 0 0.00131703719313033 0.00433175464941666 0.00408997955010225 0.0167965600644988 0 0.00247570712384725 0.0073618728604557
"подати" 0.00217779520013938 0 0 0 0 0.00658518596565167 0.0072195910823611 0.00408997955010225 0 0.0168421052631579 0.00247570712384725 0
"подчиненных" 0 0 0.00150364634238027 0.00201787840264746 0.00799307267035236 0.011853334738173 0 0.00204498977505112 0 0.00210526315789474 0.00371356068577087 0.00122697881007595
"политическому" 0 0 0.00150364634238027 0.00403575680529491 0.0159861453407047 0.00658518596565167 0 0.00204498977505112 0.00335931201289976 0.00210526315789474 0 0
"полоцких" 0 0.0114885306169341 0 0 0.00133217877839206 0 0 0 0 0 0.0049514142476945 0.0147237457209114
"получала" 0 0 0 0.00201787840264746 0.00399653633517618 0.00658518596565167 0.01299526394825 0.00204498977505112 0 0.00210526315789474 0.00371356068577087 0
"получать" 0.00217779520013938 0.00191475510282235 0.00150364634238027 0.00403575680529491 0.00133217877839206 0.00131703719313033 0.00288783643294444 0.00408997955010225 0 0.00210526315789474 0.00742712137154175 0.00613489405037975
"поставили" 0.00217779520013938 0.00191475510282235 0 0 0.00532871511356824 0.00131703719313033 0 0.00613496932515337 0.00671862402579952 0 0.00371356068577087 0.0098158304806076
"поставлены" 0.00217779520013938 0 0.00451093902714082 0.00201787840264746 0 0 0.00433175464941666 0.0143149284253579 0.00671862402579952 0.00210526315789474 0.00618926780961812 0
"постоянных" 0 0 0.00150364634238027 0 0.00932525144874442 0.007902223158782 0.00866350929883331 0.00204498977505112 0.00671862402579952 0 0 0
"почвы" 0 0 0.00300729268476054 0.00807151361058983 0 0.00263407438626067 0.00577567286588888 0.00204498977505112 0.00335931201289976 0.0126315789473684 0.00371356068577087 0
"появляются" 0 0 0 0.00403575680529491 0.0119896090055285 0.007902223158782 0 0 0 0.0105263157894737 0.00123785356192362 0
"предмета" 0.00435559040027876 0 0.0270656341628449 0.00201787840264746 0 0 0.00144391821647222 0 0 0 0.00123785356192362 0
"представителем" 0 0 0.00300729268476054 0.00201787840264746 0.00799307267035236 0.00263407438626067 0 0.00204498977505112 0 0.00421052631578947 0.0049514142476945 0.00613489405037975
"представления" 0.00217779520013938 0 0.00902187805428163 0.00807151361058983 0 0.00263407438626067 0.0101074275153055 0.00613496932515337 0 0 0 0
"прибавить" 0.00435559040027876 0 0.00601458536952109 0 0.00133217877839206 0.003951111579391 0.00144391821647222 0.00204498977505112 0.00335931201289976 0.0147368421052632 0.00247570712384725 0.00122697881007595
"примером" 0.0108889760006969 0.0114885306169341 0.00300729268476054 0.00201787840264746 0.00133217877839206 0.00131703719313033 0.00433175464941666 0 0 0.00421052631578947 0.00123785356192362 0.00122697881007595
"принадлежала" 0.00435559040027876 0.00191475510282235 0 0.00201787840264746 0.00266435755678412 0.00526814877252134 0.0072195910823611 0.00408997955010225 0 0.00210526315789474 0.00371356068577087 0.0024539576201519
"присяге" 0 0 0 0 0.00133217877839206 0.0144874091244337 0 0.0122699386503067 0.00335931201289976 0 0.0049514142476945 0
"притязаний" 0 0 0.00150364634238027 0 0.00932525144874442 0.007902223158782 0 0.0081799591002045 0.00335931201289976 0.00210526315789474 0.00247570712384725 0.00122697881007595
"причиной" 0 0 0.00451093902714082 0.00201787840264746 0.00932525144874442 0.00263407438626067 0.00288783643294444 0 0 0.0168421052631579 0 0
"провинции" 0 0 0.00300729268476054 0.0302681760397118 0.00133217877839206 0.00131703719313033 0 0 0 0.00631578947368421 0.00123785356192362 0
"продажи" 0.00217779520013938 0.00191475510282235 0.00300729268476054 0.00403575680529491 0 0 0.01299526394825 0 0.0100779360386993 0.00842105263157895 0.00123785356192362 0
"псковской" 0.00653338560041814 0.0038295102056447 0 0 0.0173183241190968 0.00263407438626067 0 0 0 0.00631578947368421 0 0
"раба" 0 0.0114885306169341 0 0.00403575680529491 0 0 0.00144391821647222 0.00613496932515337 0.00335931201289976 0 0.0123785356192362 0
"рабочие" 0 0 0 0 0.00266435755678412 0.00263407438626067 0 0.00613496932515337 0.00335931201289976 0.0315789473684211 0 0
"расстоянии" 0.00217779520013938 0 0.00150364634238027 0.00201787840264746 0.00133217877839206 0 0.0216587732470833 0 0 0 0.00371356068577087 0.00122697881007595
"реальных" 0 0 0.0135328170814224 0.00201787840264746 0 0 0 0 0 0.0273684210526316 0 0
"ростовской" 0 0.0038295102056447 0 0 0.00399653633517618 0 0.00144391821647222 0.00204498977505112 0 0 0.0111406820573126 0.00858885167053165
"руссы" 0 0 0 0 0 0 0 0 0 0 0.0284706319242434 0
"свенельд" 0.0152445664009757 0 0 0 0 0 0 0 0 0 0.019805656990778 0
"святых" 0.00435559040027876 0.0134032857197564 0.00451093902714082 0 0 0 0 0.00408997955010225 0 0.00631578947368421 0.0049514142476945 0.0024539576201519
"селе" 0.00217779520013938 0.00191475510282235 0.00150364634238027 0 0.00266435755678412 0.00921926035191234 0.00144391821647222 0.00204498977505112 0.00335931201289976 0.00210526315789474 0.00247570712384725 0.00613489405037975
"серебро" 0.00653338560041814 0.0038295102056447 0 0 0 0.00131703719313033 0.00577567286588888 0.00408997955010225 0.00335931201289976 0.00631578947368421 0.00618926780961812 0.0024539576201519
"служила" 0.00435559040027876 0 0.00150364634238027 0.00403575680529491 0.00532871511356824 0.00921926035191234 0.00144391821647222 0.00204498977505112 0.00335931201289976 0.00210526315789474 0.00247570712384725 0.00122697881007595
"служило" 0.00871118080055752 0 0 0.00201787840264746 0.00532871511356824 0.00658518596565167 0.00144391821647222 0.0081799591002045 0 0 0.0049514142476945 0
"служилый" 0 0 0 0 0.0186505028974888 0 0.00866350929883331 0.00613496932515337 0 0 0 0
"совещания" 0 0 0 0 0.00932525144874442 0.0171214835106943 0.00144391821647222 0 0 0 0.00123785356192362 0.00122697881007595
"сообщает" 0.0108889760006969 0 0.00150364634238027 0.00403575680529491 0.00133217877839206 0.00131703719313033 0.0072195910823611 0.0122699386503067 0 0 0.00123785356192362 0.00122697881007595
"спасения" 0.0108889760006969 0.0114885306169341 0.00150364634238027 0.00403575680529491 0.00266435755678412 0 0.00144391821647222 0.00204498977505112 0 0.00421052631578947 0.00247570712384725 0.00122697881007595
"справедливость" 0.00653338560041814 0.0153180408225788 0.00300729268476054 0 0 0.00131703719313033 0.00144391821647222 0.00204498977505112 0 0.00631578947368421 0.00371356068577087 0.00122697881007595
"старое" 0.00217779520013938 0 0.0105255243966619 0.00807151361058983 0.00399653633517618 0.00526814877252134 0 0.00408997955010225 0.00335931201289976 0 0 0.00122697881007595
"старшинству" 0 0.00191475510282235 0 0 0.00266435755678412 0.003951111579391 0 0 0 0 0.0049514142476945 0.0159507245309874
"степь" 0 0 0 0 0.00799307267035236 0.00131703719313033 0.00433175464941666 0 0 0 0.00742712137154175 0.00858885167053165
"стрелы" 0.00435559040027876 0.0038295102056447 0 0.00201787840264746 0 0 0.0101074275153055 0 0 0 0.00742712137154175 0.00613489405037975
"существовать" 0.00217779520013938 0 0.0120291707390422 0.0100893920132373 0 0.00131703719313033 0 0.00204498977505112 0.00335931201289976 0.00631578947368421 0.00371356068577087 0
"такова" 0 0 0.00150364634238027 0.00605363520794237 0 0.003951111579391 0.00433175464941666 0.00613496932515337 0.00335931201289976 0.00842105263157895 0.0049514142476945 0.00122697881007595
"твоя" 0.00217779520013938 0.0114885306169341 0 0 0 0.00263407438626067 0.00144391821647222 0 0 0 0.00618926780961812 0.0098158304806076
"текущие" 0 0 0 0 0.0119896090055285 0.0171214835106943 0 0 0.00335931201289976 0 0 0
"торговый" 0.00435559040027876 0.00191475510282235 0 0.00403575680529491 0.0066608938919603 0.00263407438626067 0.0072195910823611 0 0 0.0105263157894737 0.00123785356192362 0
"трое" 0 0 0 0 0.00532871511356824 0.003951111579391 0.00577567286588888 0 0.00335931201289976 0.00421052631578947 0.00371356068577087 0.0073618728604557
"тюрьму" 0 0 0 0 0.00266435755678412 0.00526814877252134 0.0144391821647222 0.00408997955010225 0.00671862402579952 0 0.00123785356192362 0.0024539576201519
"управители" 0 0 0 0 0.0186505028974888 0.0105362975450427 0.00144391821647222 0 0 0 0 0
"условиями" 0 0 0.00451093902714082 0.00403575680529491 0 0.00263407438626067 0.00144391821647222 0.00204498977505112 0 0.0231578947368421 0.00247570712384725 0.00122697881007595
"установление" 0 0 0.0120291707390422 0.0121072704158847 0.00133217877839206 0 0 0.0081799591002045 0 0.00421052631578947 0.00247570712384725 0
"ученые" 0.00435559040027876 0 0.0195474024509435 0.00403575680529491 0 0.00263407438626067 0 0.00204498977505112 0 0.00210526315789474 0.00247570712384725 0
"хан" 0.0217779520013938 0.00574426530846705 0 0 0 0 0.00288783643294444 0.00613496932515337 0.00335931201289976 0 0.00247570712384725 0.0024539576201519
"хотелось" 0.00217779520013938 0.00191475510282235 0.00150364634238027 0 0 0.003951111579391 0.00144391821647222 0 0.00335931201289976 0.00210526315789474 0.00371356068577087 0.0134967669108354
"хii" 0 0 0 0 0.0239792180110571 0 0 0 0 0.0105263157894737 0 0
"царским" 0.00217779520013938 0 0 0 0 0.00921926035191234 0.0072195910823611 0.0143149284253579 0.00671862402579952 0 0.00123785356192362 0
"царьград" 0.0217779520013938 0.00574426530846705 0 0 0.00133217877839206 0 0 0 0 0 0.00866497493346537 0.0024539576201519
"целях" 0 0 0.0210510487933238 0.00201787840264746 0 0 0 0.0081799591002045 0.013437248051599 0 0 0
"цивилизаций" 0 0 0 0.0464112032608915 0 0 0 0 0 0 0 0
"черными" 0.00653338560041814 0.0076590204112894 0 0 0.00399653633517618 0 0 0 0 0.00210526315789474 0.00247570712384725 0.0122697881007595
"числом" 0.00653338560041814 0.00574426530846705 0 0 0.00133217877839206 0.00131703719313033 0.0115513457317778 0.00204498977505112 0.00335931201289976 0.00210526315789474 0.0049514142476945 0
"ad" 0 0 0.00902187805428163 0.00201787840264746 0 0 0.0231026914635555 0 0 0 0 0
"der" 0 0 0.016540109766183 0 0.00532871511356824 0.003951111579391 0.00433175464941666 0.00204498977505112 0 0.00210526315789474 0 0
"und" 0 0 0.00601458536952109 0 0 0.003951111579391 0.0173270185976666 0.0081799591002045 0 0 0 0
"бельского" 0 0 0 0 0.00133217877839206 0.00131703719313033 0.00144391821647222 0.0347648261758691 0.00671862402579952 0 0 0
"беспрестанно" 0.0152445664009757 0.00957377551411175 0 0 0 0.00131703719313033 0 0.00613496932515337 0.00335931201289976 0 0.00371356068577087 0.0024539576201519
"близких" 0 0 0.00150364634238027 0 0.00266435755678412 0.00658518596565167 0 0.0081799591002045 0.00335931201289976 0 0.00742712137154175 0.00368093643022785
"бой" 0.00871118080055752 0.0038295102056447 0 0 0.00532871511356824 0 0.0115513457317778 0.00204498977505112 0 0 0.00247570712384725 0.00122697881007595
"вежи" 0.00435559040027876 0.00957377551411175 0 0 0 0 0 0 0.00335931201289976 0 0.0049514142476945 0.0122697881007595
"верст" 0 0.00191475510282235 0 0 0.00399653633517618 0 0.00144391821647222 0.00408997955010225 0 0.0210526315789474 0.00247570712384725 0.00368093643022785
"взят" 0 0.00191475510282235 0 0 0 0.00263407438626067 0.00144391821647222 0.00204498977505112 0.00671862402579952 0 0.00371356068577087 0.0147237457209114
"властию" 0.0130667712008363 0.00574426530846705 0 0 0 0.003951111579391 0 0.00408997955010225 0.00335931201289976 0 0.00618926780961812 0.0024539576201519
"внуки" 0.00217779520013938 0.0038295102056447 0.00150364634238027 0 0.00932525144874442 0 0 0 0 0 0.0049514142476945 0.00858885167053165
"внутреннее" 0.00435559040027876 0 0.00601458536952109 0.00403575680529491 0.00266435755678412 0.00131703719313033 0.00144391821647222 0.0081799591002045 0.0100779360386993 0 0.00247570712384725 0.00122697881007595
"водою" 0.00871118080055752 0.0153180408225788 0 0 0 0 0.00288783643294444 0 0 0 0.009902828495389 0
"военной" 0 0 0.00150364634238027 0.00605363520794237 0.0066608938919603 0 0.00866350929883331 0.00204498977505112 0.013437248051599 0.00210526315789474 0.00123785356192362 0
"вождь" 0.00217779520013938 0.0038295102056447 0.00150364634238027 0.00403575680529491 0.00133217877839206 0.00131703719313033 0 0 0 0.00210526315789474 0.0160920963050071 0
"возникновения" 0 0 0.0150364634238027 0.0161430272211797 0.00266435755678412 0 0 0 0.00335931201289976 0.00210526315789474 0 0
"возьмем" 0.00217779520013938 0.00574426530846705 0.00300729268476054 0.00201787840264746 0 0 0 0 0 0.0210526315789474 0.00247570712384725 0.00368093643022785
"волостях" 0 0 0 0 0.00532871511356824 0 0 0 0.0100779360386993 0 0.0049514142476945 0.0134967669108354
"вольные" 0.00217779520013938 0 0.00451093902714082 0 0.0146539665623127 0.003951111579391 0.00144391821647222 0.00408997955010225 0 0 0.00123785356192362 0
"впредь" 0.00217779520013938 0.0038295102056447 0 0.00201787840264746 0 0.015804446317564 0 0.00613496932515337 0.0100779360386993 0 0 0
"временам" 0.00435559040027876 0 0.00751823171190136 0.00403575680529491 0.00399653633517618 0.00526814877252134 0.00433175464941666 0 0.00335931201289976 0 0.00247570712384725 0
"выгнали" 0.00217779520013938 0.0114885306169341 0 0 0.00266435755678412 0 0 0 0 0 0.00123785356192362 0.0147237457209114
"выдать" 0 0.0114885306169341 0 0.00201787840264746 0.00532871511356824 0.00131703719313033 0.00144391821647222 0.00408997955010225 0 0 0.00247570712384725 0.00613489405037975
"голода" 0.0108889760006969 0.0038295102056447 0 0 0 0 0.00288783643294444 0.00204498977505112 0 0.00421052631578947 0.00618926780961812 0.00613489405037975
"гор" 0.0130667712008363 0.0076590204112894 0.00300729268476054 0.00201787840264746 0 0 0.00866350929883331 0 0 0 0.00371356068577087 0
"грабить" 0.00435559040027876 0.0153180408225788 0 0 0.00133217877839206 0 0.00144391821647222 0 0.00671862402579952 0 0.00371356068577087 0.00613489405037975
"гражданские" 0.0152445664009757 0.00957377551411175 0 0.00403575680529491 0.00266435755678412 0.00131703719313033 0.00144391821647222 0 0 0.00631578947368421 0.00123785356192362 0
"двинулся" 0 0 0 0 0 0 0.00144391821647222 0 0 0 0.0111406820573126 0.0147237457209114
"дворянами" 0 0 0 0 0.0066608938919603 0.0184385207038247 0.00288783643294444 0.00204498977505112 0 0 0 0
"дворянина" 0 0 0 0 0.00266435755678412 0.015804446317564 0.0072195910823611 0.00408997955010225 0 0.00210526315789474 0 0
"действовало" 0 0 0 0 0.00799307267035236 0.00921926035191234 0.00288783643294444 0.00408997955010225 0.00335931201289976 0.00421052631578947 0.00247570712384725 0
"дикие" 0.0108889760006969 0.0076590204112894 0.00300729268476054 0 0 0 0.00577567286588888 0 0 0 0.0049514142476945 0.00368093643022785
"дир" 0.0152445664009757 0.00191475510282235 0 0 0.00133217877839206 0 0 0 0 0 0.0160920963050071 0
"доброго" 0.00217779520013938 0.0114885306169341 0 0 0.00133217877839206 0.003951111579391 0 0.00408997955010225 0 0 0.00247570712384725 0.00858885167053165
"дог" 0 0 0 0 0.00932525144874442 0.015804446317564 0 0 0 0.00631578947368421 0 0
"доказывает" 0.0152445664009757 0.0076590204112894 0.00451093902714082 0 0 0 0 0 0 0.00421052631578947 0.00371356068577087 0.00368093643022785
"документов" 0 0 0.0135328170814224 0 0.00399653633517618 0.00263407438626067 0 0.0143149284253579 0.00335931201289976 0 0 0
"древнему" 0.017422361601115 0.00957377551411175 0.00150364634238027 0.00807151361058983 0.00266435755678412 0 0 0.00204498977505112 0 0 0.00123785356192362 0
"древнюю" 0.00653338560041814 0.00957377551411175 0.00150364634238027 0.0141251488185322 0.00133217877839206 0 0.00144391821647222 0 0.00335931201289976 0.00210526315789474 0.00247570712384725 0
"ездить" 0.00217779520013938 0.00191475510282235 0 0.00201787840264746 0.00266435755678412 0.00658518596565167 0.00577567286588888 0.00408997955010225 0 0 0.00247570712384725 0.0049079152403038
"желания" 0.00217779520013938 0.0038295102056447 0.00300729268476054 0 0.00133217877839206 0.00526814877252134 0.00144391821647222 0.00204498977505112 0.0100779360386993 0 0.00618926780961812 0.0024539576201519
"заключать" 0 0 0.00150364634238027 0 0.0066608938919603 0.003951111579391 0.0072195910823611 0.00204498977505112 0.00335931201289976 0 0.0049514142476945 0.0024539576201519
"замечания" 0.017422361601115 0.0114885306169341 0.00451093902714082 0 0 0 0.00288783643294444 0 0.00335931201289976 0.00421052631578947 0 0
"заодно" 0 0.00574426530846705 0.00150364634238027 0.00201787840264746 0.00133217877839206 0.00131703719313033 0 0 0.00335931201289976 0 0.00247570712384725 0.0147237457209114
"заслуживает" 0.00217779520013938 0 0.0180437561085633 0.00403575680529491 0.00133217877839206 0.00131703719313033 0.00288783643294444 0 0 0.00631578947368421 0 0
"заставили" 0.00217779520013938 0.00191475510282235 0.00300729268476054 0 0.00266435755678412 0.00658518596565167 0 0 0 0 0.0049514142476945 0.00858885167053165
"знатные" 0.00435559040027876 0.0038295102056447 0 0 0.0066608938919603 0.00658518596565167 0.00144391821647222 0.00204498977505112 0.00335931201289976 0.00210526315789474 0.0049514142476945 0
"иваном" 0 0 0.00300729268476054 0 0.0066608938919603 0.007902223158782 0 0 0.013437248051599 0 0 0.00613489405037975
"известиях" 0.00217779520013938 0 0.00300729268476054 0 0.00399653633517618 0.003951111579391 0.00577567286588888 0 0 0.00210526315789474 0.00866497493346537 0.00122697881007595
"империею" 0.0283113376018119 0.0038295102056447 0 0.00201787840264746 0 0 0 0 0 0 0.00742712137154175 0
"иностранца" 0.00217779520013938 0.00191475510282235 0.00300729268476054 0 0 0 0.0245466096800277 0.00204498977505112 0 0 0 0
"историографии" 0 0 0.0240583414780844 0 0.00133217877839206 0 0 0.00408997955010225 0.0100779360386993 0 0 0
"источника" 0.00217779520013938 0 0.0120291707390422 0.00807151361058983 0.00266435755678412 0.00526814877252134 0 0.00204498977505112 0 0.00210526315789474 0.00123785356192362 0
"источниками" 0 0 0.0270656341628449 0.00201787840264746 0 0.00131703719313033 0 0 0 0.00421052631578947 0 0
"италию" 0.0108889760006969 0 0.00150364634238027 0.0262324192344169 0 0 0.00144391821647222 0 0 0 0.00247570712384725 0
"казнь" 0.0152445664009757 0.00574426530846705 0 0 0.0066608938919603 0.003951111579391 0 0.00204498977505112 0.00335931201289976 0 0.00247570712384725 0
"католицизм" 0 0 0.00150364634238027 0.0423754464555966 0 0 0 0 0 0 0 0
"княжеское" 0.00217779520013938 0.00574426530846705 0 0 0.0146539665623127 0.00131703719313033 0 0.00204498977505112 0 0.00210526315789474 0.00371356068577087 0.00122697881007595
"комиссия" 0 0 0 0 0.00266435755678412 0.0250237066694763 0 0.00204498977505112 0 0 0 0
"конкретных" 0 0 0.0135328170814224 0 0 0 0 0 0.00335931201289976 0.0252631578947368 0 0
"константинополя" 0.0283113376018119 0.0038295102056447 0 0.00807151361058983 0 0 0 0.00204498977505112 0 0 0.00123785356192362 0.00122697881007595
"кочевников" 0 0 0 0.00403575680529491 0.00133217877839206 0.00131703719313033 0.0187709368141388 0 0 0 0.00618926780961812 0
"край" 0 0.00191475510282235 0 0.00201787840264746 0.00799307267035236 0 0.0101074275153055 0.0081799591002045 0.00671862402579952 0.00210526315789474 0 0
"кровию" 0.017422361601115 0.0229770612338682 0 0 0 0 0 0 0 0 0.00123785356192362 0.00122697881007595
"культуре" 0 0 0.00601458536952109 0.0322860544423593 0 0 0 0.00204498977505112 0 0.00210526315789474 0 0
"купец" 0 0.00957377551411175 0 0.00201787840264746 0.00532871511356824 0 0.0101074275153055 0 0 0.00421052631578947 0.00371356068577087 0
"материальной" 0 0 0.00300729268476054 0.00807151361058983 0 0 0.00144391821647222 0 0 0.00421052631578947 0.0148542427430835 0.00122697881007595
"медленно" 0.00435559040027876 0 0.00150364634238027 0.00201787840264746 0 0.00131703719313033 0.01299526394825 0 0.00335931201289976 0.00631578947368421 0.00371356068577087 0.00122697881007595
"миль" 0 0 0 0.00201787840264746 0 0 0.0288783643294444 0.00204498977505112 0 0 0 0
"мирные" 0.0108889760006969 0.0134032857197564 0 0.00201787840264746 0.00266435755678412 0 0.00144391821647222 0 0.00335931201289976 0 0.00371356068577087 0.0024539576201519
"миров" 0 0 0.00150364634238027 0.0262324192344169 0.00932525144874442 0 0 0 0 0 0 0.00122697881007595
"мое" 0.00217779520013938 0.0134032857197564 0 0 0.00133217877839206 0 0 0.00408997955010225 0 0 0.00247570712384725 0.0110428092906835
"молодых" 0 0.0038295102056447 0 0 0.00532871511356824 0.003951111579391 0.00288783643294444 0.00613496932515337 0.00671862402579952 0 0.00247570712384725 0.0049079152403038
"назван" 0.00435559040027876 0.0038295102056447 0.00300729268476054 0.00201787840264746 0.00799307267035236 0.00658518596565167 0 0.00204498977505112 0 0 0.00247570712384725 0.00122697881007595
"наказание" 0.00217779520013938 0.0076590204112894 0 0 0.0066608938919603 0 0.00866350929883331 0.00408997955010225 0.00335931201289976 0.00421052631578947 0.00123785356192362 0
"народности" 0 0 0.00601458536952109 0.00403575680529491 0.00133217877839206 0.00263407438626067 0 0 0 0 0.0160920963050071 0
"народным" 0.00653338560041814 0.00191475510282235 0.00150364634238027 0.00201787840264746 0.00532871511356824 0.0105362975450427 0 0 0.00335931201289976 0 0.00371356068577087 0
"начались" 0 0.00191475510282235 0 0 0 0 0.00288783643294444 0.0081799591002045 0.0100779360386993 0.00210526315789474 0.00123785356192362 0.0122697881007595
"начинают" 0.00435559040027876 0 0.00451093902714082 0 0 0.00131703719313033 0.00144391821647222 0.00204498977505112 0 0.0105263157894737 0.0111406820573126 0
"новагорода" 0.0130667712008363 0.0268065714395129 0 0 0 0 0 0 0.00335931201289976 0 0 0.00122697881007595
"обитали" 0.0348447232022301 0.00574426530846705 0 0 0 0 0.00144391821647222 0 0 0 0.00247570712384725 0
"обязательства" 0 0 0.00150364634238027 0 0.0066608938919603 0.011853334738173 0 0.00613496932515337 0.00671862402579952 0.00421052631578947 0 0
"оставляя" 0.0108889760006969 0.0038295102056447 0.00451093902714082 0.00201787840264746 0.00266435755678412 0.00131703719313033 0.00577567286588888 0.00408997955010225 0.00335931201289976 0 0 0.00122697881007595
"отдельной" 0 0 0.0120291707390422 0.00605363520794237 0 0 0 0 0 0.0147368421052632 0.00247570712384725 0.0024539576201519
"отказался" 0.00217779520013938 0.00957377551411175 0 0 0.00133217877839206 0.00131703719313033 0 0.00613496932515337 0.00335931201289976 0 0.0049514142476945 0.0073618728604557
"отце" 0.00217779520013938 0.00191475510282235 0 0 0.00799307267035236 0.00263407438626067 0.00144391821647222 0.00204498977505112 0 0 0.00371356068577087 0.00858885167053165
"пепел" 0.0108889760006969 0.0229770612338682 0 0 0 0 0.00433175464941666 0.00408997955010225 0 0 0 0
"племенам" 0.00217779520013938 0 0 0 0 0 0 0 0 0 0.0259949248003961 0
"племянники" 0 0.00574426530846705 0 0 0.00266435755678412 0.003951111579391 0 0 0.00671862402579952 0 0 0.0147237457209114
"победа" 0.00871118080055752 0.0134032857197564 0 0.00605363520794237 0 0 0 0.00408997955010225 0 0.00421052631578947 0 0.0049079152403038
"поганых" 0 0 0 0 0.00799307267035236 0.00263407438626067 0 0 0 0 0 0.0171777033410633
"пожалуй" 0 0 0.0150364634238027 0.0121072704158847 0.00133217877839206 0 0 0.00204498977505112 0 0 0.00247570712384725 0.0024539576201519
"покое" 0.00871118080055752 0.00957377551411175 0 0 0 0.00131703719313033 0.00144391821647222 0.00408997955010225 0 0.00421052631578947 0.00123785356192362 0.0073618728604557
"пользование" 0 0 0.00751823171190136 0 0.0106574302271365 0.00263407438626067 0.00144391821647222 0.00204498977505112 0.00335931201289976 0.00842105263157895 0 0
"полян" 0.00435559040027876 0 0 0 0.00266435755678412 0 0 0 0 0.00210526315789474 0.0210435105527016 0
"поместного" 0 0 0 0 0 0.023706669476346 0.00144391821647222 0.00204498977505112 0.00671862402579952 0 0 0
"поручил" 0.0108889760006969 0.0210623061310458 0 0 0 0.00263407438626067 0 0.00204498977505112 0.00671862402579952 0 0.00123785356192362 0
"порядку" 0 0 0.00150364634238027 0.00201787840264746 0.00799307267035236 0.00263407438626067 0.00288783643294444 0.00408997955010225 0.00335931201289976 0.00631578947368421 0 0.0049079152403038
"почву" 0 0 0.00150364634238027 0.00807151361058983 0.00133217877839206 0.00131703719313033 0.00433175464941666 0.00613496932515337 0 0.0105263157894737 0.00371356068577087 0.00122697881007595
"пошла" 0 0 0 0.00605363520794237 0.0066608938919603 0.00263407438626067 0.00288783643294444 0.00408997955010225 0 0.00421052631578947 0.00618926780961812 0.00122697881007595
"появления" 0 0 0.00300729268476054 0.00605363520794237 0.00266435755678412 0 0.00144391821647222 0.00613496932515337 0.00335931201289976 0.0105263157894737 0.0049514142476945 0.00122697881007595
"праздник" 0.00217779520013938 0.0076590204112894 0 0 0.00133217877839206 0 0 0.00204498977505112 0 0 0.0173299498669307 0.00122697881007595
"превосходство" 0 0.0038295102056447 0 0.00807151361058983 0.00266435755678412 0.00131703719313033 0 0.00408997955010225 0 0 0.0123785356192362 0.00122697881007595
"пределов" 0.00435559040027876 0.0076590204112894 0.00150364634238027 0.00605363520794237 0.00133217877839206 0.00263407438626067 0.00288783643294444 0 0 0.00421052631578947 0.00371356068577087 0.0024539576201519
"представляется" 0 0 0.00451093902714082 0.0121072704158847 0 0.00526814877252134 0.00144391821647222 0.0081799591002045 0.00335931201289976 0 0.00371356068577087 0
"представлял" 0.00217779520013938 0.0038295102056447 0 0 0.00266435755678412 0.00263407438626067 0.00577567286588888 0.0081799591002045 0.013437248051599 0 0.00123785356192362 0.0024539576201519
"преимущество" 0 0.00191475510282235 0.00451093902714082 0.00201787840264746 0.00399653633517618 0 0.00433175464941666 0.00408997955010225 0 0 0.0049514142476945 0.00613489405037975
"приемы" 0 0 0.0150364634238027 0.00201787840264746 0.0066608938919603 0.00131703719313033 0 0.00613496932515337 0 0.00421052631578947 0 0
"приехали" 0.00217779520013938 0.00191475510282235 0 0 0.00399653633517618 0.00131703719313033 0.00144391821647222 0.00204498977505112 0 0 0.00123785356192362 0.0159507245309874
"призвали" 0.00217779520013938 0.0172327959254011 0 0.00201787840264746 0 0 0 0 0 0 0.00742712137154175 0.00613489405037975
"принадлежат" 0.00653338560041814 0 0.00150364634238027 0.00605363520794237 0.00532871511356824 0.003951111579391 0.00144391821647222 0 0.00335931201289976 0.00631578947368421 0.00371356068577087 0
"прихода" 0 0 0 0.0100893920132373 0.00133217877839206 0.003951111579391 0.00433175464941666 0.00613496932515337 0.00335931201289976 0.00421052631578947 0.00123785356192362 0.00368093643022785
"продолжалась" 0.00217779520013938 0.00574426530846705 0 0 0 0 0.00288783643294444 0.00204498977505112 0.00335931201289976 0.00210526315789474 0.00742712137154175 0.00858885167053165
"проф" 0 0 0.016540109766183 0.00201787840264746 0 0 0.00144391821647222 0.0122699386503067 0.0100779360386993 0 0 0
"расчет" 0 0 0.0195474024509435 0.00605363520794237 0 0 0 0.00613496932515337 0.00335931201289976 0 0 0.0024539576201519
"ростиславича" 0 0.00957377551411175 0 0 0.00133217877839206 0 0 0.00204498977505112 0 0 0 0.0184046821511392
"ростовский" 0.00217779520013938 0 0 0 0.00399653633517618 0.00263407438626067 0 0.00408997955010225 0.00335931201289976 0 0 0.0159507245309874
"сведав" 0.00653338560041814 0.0363803469536246 0 0 0 0 0 0 0 0 0 0
"свободного" 0 0.0038295102056447 0 0.00807151361058983 0.00266435755678412 0 0 0.00408997955010225 0 0.0189473684210526 0.00371356068577087 0
"связаны" 0 0 0.00150364634238027 0.00201787840264746 0.00932525144874442 0.00263407438626067 0 0 0 0.0189473684210526 0.00123785356192362 0.00122697881007595
"святославич" 0 0.0134032857197564 0 0 0 0 0 0 0 0 0.00123785356192362 0.0171777033410633
"святославова" 0.0108889760006969 0.0114885306169341 0 0 0 0 0 0 0 0 0.00618926780961812 0.0073618728604557
"сильным" 0.00871118080055752 0.0153180408225788 0 0.0100893920132373 0.00133217877839206 0 0.00288783643294444 0 0 0 0.00123785356192362 0.00122697881007595
"сквозь" 0.0108889760006969 0.00957377551411175 0 0 0.00133217877839206 0 0.00433175464941666 0 0.00335931201289976 0.00210526315789474 0.00123785356192362 0.00613489405037975
"скота" 0.00435559040027876 0.0114885306169341 0 0 0 0 0.00144391821647222 0 0 0.00842105263157895 0.0049514142476945 0.00613489405037975
"служебных" 0 0.0038295102056447 0 0 0.00532871511356824 0.0105362975450427 0 0.0081799591002045 0.0100779360386993 0 0.00123785356192362 0
"случая" 0.00435559040027876 0.00191475510282235 0.00451093902714082 0.00201787840264746 0.00266435755678412 0.00526814877252134 0 0.0081799591002045 0.00335931201289976 0 0.00371356068577087 0.00122697881007595
"совершилось" 0.00653338560041814 0.00957377551411175 0.00300729268476054 0.00201787840264746 0.00532871511356824 0.00263407438626067 0 0.00204498977505112 0.0100779360386993 0.00210526315789474 0 0
"сознание" 0 0 0.00300729268476054 0.00201787840264746 0.00399653633517618 0 0.00144391821647222 0.00613496932515337 0.013437248051599 0.00210526315789474 0.0049514142476945 0.00368093643022785
"сообщение" 0.0217779520013938 0 0 0.00201787840264746 0.00266435755678412 0.00263407438626067 0.00144391821647222 0.00613496932515337 0.00335931201289976 0 0 0.0024539576201519
"составлял" 0 0 0.00300729268476054 0.00403575680529491 0.00266435755678412 0.007902223158782 0.00577567286588888 0 0 0.00842105263157895 0.00247570712384725 0
"сравнение" 0 0 0.0150364634238027 0.00807151361058983 0.00399653633517618 0 0.00433175464941666 0.00204498977505112 0 0 0.00123785356192362 0
"станем" 0.00653338560041814 0 0 0.00403575680529491 0.00133217877839206 0.00131703719313033 0 0 0 0 0.0049514142476945 0.0134967669108354
"статики" 0 0 0.00150364634238027 0 0 0 0 0 0 0.0442105263157895 0 0
"статье" 0.00435559040027876 0.00191475510282235 0.00300729268476054 0.00201787840264746 0.00399653633517618 0.007902223158782 0.00288783643294444 0.00204498977505112 0.00671862402579952 0.00421052631578947 0 0
"судья" 0.00217779520013938 0.00191475510282235 0 0 0.00266435755678412 0.0105362975450427 0.0072195910823611 0 0 0.00210526315789474 0.00123785356192362 0.00368093643022785
"суздальский" 0 0.0325508367479799 0 0 0.00133217877839206 0 0 0 0.00335931201289976 0 0 0.00368093643022785
"сумму" 0 0 0.00451093902714082 0 0 0.00131703719313033 0.0101074275153055 0.00408997955010225 0 0.0105263157894737 0.0049514142476945 0
"сущность" 0 0 0.00902187805428163 0.00605363520794237 0.00532871511356824 0.00526814877252134 0 0 0 0.0105263157894737 0 0
"твоей" 0.00217779520013938 0.0134032857197564 0 0.00201787840264746 0 0 0 0 0 0 0 0.0159507245309874
"тиуна" 0 0.0114885306169341 0 0 0.00399653633517618 0 0.00144391821647222 0.00204498977505112 0 0 0.009902828495389 0.00368093643022785
"третьих" 0 0 0.00751823171190136 0.00807151361058983 0.00532871511356824 0 0 0.00408997955010225 0.00335931201289976 0.00842105263157895 0.00247570712384725 0
"убежище" 0.00653338560041814 0.00574426530846705 0 0 0.00266435755678412 0 0 0.00613496932515337 0.00335931201289976 0 0.0049514142476945 0.0073618728604557
"указано" 0 0 0.00451093902714082 0 0.00133217877839206 0.011853334738173 0 0.00204498977505112 0.0167965600644988 0.00421052631578947 0.00123785356192362 0
"управлял" 0.00871118080055752 0.0038295102056447 0 0 0.00532871511356824 0.00658518596565167 0.0072195910823611 0.00204498977505112 0.00335931201289976 0 0 0
"холопства" 0 0 0.00150364634238027 0 0 0.00263407438626067 0 0.00408997955010225 0.00335931201289976 0.0315789473684211 0.00123785356192362 0
"храма" 0.017422361601115 0.00574426530846705 0.00150364634238027 0.00201787840264746 0.00133217877839206 0 0.0072195910823611 0 0 0 0.00371356068577087 0
"храме" 0.0152445664009757 0.0248918163366905 0 0 0 0 0 0.00408997955010225 0 0 0 0
"цены" 0.00217779520013938 0 0.00150364634238027 0 0 0.00131703719313033 0.0173270185976666 0.00408997955010225 0 0.00842105263157895 0.00123785356192362 0
"челобитные" 0 0 0 0 0 0.0289748182488673 0 0 0 0 0 0
"школы" 0 0 0.016540109766183 0.00605363520794237 0 0.00131703719313033 0 0.00204498977505112 0.0100779360386993 0.00631578947368421 0 0
"явно" 0.00217779520013938 0.0038295102056447 0 0.00201787840264746 0 0.00131703719313033 0.00144391821647222 0.0122699386503067 0.013437248051599 0 0.00371356068577087 0.00368093643022785
"язычества" 0.0196001568012544 0 0 0.00403575680529491 0 0 0 0 0 0.00421052631578947 0.0111406820573126 0
"ярославичей" 0 0.00574426530846705 0 0 0 0.00131703719313033 0 0 0 0 0.00123785356192362 0.0208586397712912
"auct" 0 0 0 0 0 0 0.0317662007623888 0 0 0 0 0
"акта" 0 0 0.00451093902714082 0 0.0106574302271365 0.00526814877252134 0.00433175464941666 0 0 0.00631578947368421 0 0
"алексее" 0 0 0 0 0.00133217877839206 0.015804446317564 0.0101074275153055 0 0.00335931201289976 0 0 0
"алексей" 0 0.00191475510282235 0.00150364634238027 0 0 0.0105362975450427 0.00144391821647222 0 0.0201558720773985 0.00210526315789474 0 0.00368093643022785
"андреевича" 0 0.0038295102056447 0 0 0.00399653633517618 0 0 0.00204498977505112 0.0100779360386993 0.00210526315789474 0 0.0134967669108354
"бедствия" 0.0130667712008363 0.0153180408225788 0.00150364634238027 0.00201787840264746 0 0.00131703719313033 0 0.00408997955010225 0.00671862402579952 0 0 0
"битву" 0.0108889760006969 0.0134032857197564 0 0 0 0 0 0 0 0 0.00123785356192362 0.0098158304806076
"болгарии" 0.017422361601115 0.0038295102056447 0 0.00201787840264746 0.00133217877839206 0 0 0 0 0 0.0111406820573126 0
"болеславом" 0 0.0172327959254011 0 0 0 0 0 0 0 0 0.00866497493346537 0.00613489405037975
"бороться" 0.00435559040027876 0.00191475510282235 0 0.00201787840264746 0 0.00131703719313033 0.00144391821647222 0.0081799591002045 0.00335931201289976 0 0.00742712137154175 0.0049079152403038
"боярском" 0 0 0 0 0.0146539665623127 0.00658518596565167 0 0.0102249488752556 0 0 0 0
"бросились" 0.00217779520013938 0.0076590204112894 0 0 0 0 0 0.00204498977505112 0 0 0.00371356068577087 0.0147237457209114
"важнейшие" 0 0 0 0 0.0066608938919603 0.00921926035191234 0.00866350929883331 0 0.00335931201289976 0.00210526315789474 0.00123785356192362 0
"важнейших" 0 0.00191475510282235 0.00150364634238027 0.00403575680529491 0.00399653633517618 0.0105362975450427 0.00433175464941666 0.00408997955010225 0 0.00210526315789474 0 0
"варягам" 0.0152445664009757 0.0038295102056447 0 0 0.00133217877839206 0 0 0 0 0 0.0136163891811599 0
"верности" 0.0108889760006969 0.0153180408225788 0.00751823171190136 0 0 0 0.00288783643294444 0 0 0 0 0.00122697881007595
"видов" 0 0 0.0240583414780844 0 0.00266435755678412 0 0 0 0.00335931201289976 0.00210526315789474 0.00123785356192362 0
"володаря" 0 0.0172327959254011 0 0 0 0 0 0 0 0 0 0.0147237457209114
"волынского" 0 0.0038295102056447 0 0 0.00932525144874442 0 0 0 0 0 0.00247570712384725 0.0122697881007595
"воск" 0.00217779520013938 0 0 0 0 0 0.0173270185976666 0 0.00335931201289976 0.00210526315789474 0.00742712137154175 0
"воспользовались" 0.00871118080055752 0.00191475510282235 0 0.00201787840264746 0 0.00263407438626067 0.00144391821647222 0 0.00671862402579952 0 0.0049514142476945 0.0073618728604557
"враждебные" 0 0 0.00150364634238027 0.00201787840264746 0.00266435755678412 0 0 0.00613496932515337 0.00671862402579952 0 0.009902828495389 0.0049079152403038
"враждебных" 0 0 0.00150364634238027 0.00201787840264746 0.00133217877839206 0 0.00144391821647222 0.0081799591002045 0 0 0.0111406820573126 0.0049079152403038
"вступить" 0.00435559040027876 0.0076590204112894 0 0.00605363520794237 0 0.00131703719313033 0 0.00204498977505112 0 0 0.00371356068577087 0.00858885167053165
"вывел" 0.00217779520013938 0.0076590204112894 0 0 0 0.00131703719313033 0.00144391821647222 0 0 0 0.00371356068577087 0.0134967669108354
"выводы" 0 0 0.0150364634238027 0 0 0 0.00144391821647222 0.00204498977505112 0 0.0168421052631579 0.00123785356192362 0
"галич" 0 0.0076590204112894 0 0 0.00399653633517618 0 0.00144391821647222 0 0 0 0 0.0159507245309874
"главною" 0.00217779520013938 0.00191475510282235 0.00300729268476054 0.0100893920132373 0 0.00263407438626067 0.00433175464941666 0 0 0 0.0049514142476945 0.00368093643022785
"головою" 0.0108889760006969 0.0114885306169341 0 0 0.00133217877839206 0 0 0.00204498977505112 0 0.00210526315789474 0.00123785356192362 0.0073618728604557
"государствах" 0 0 0.00300729268476054 0.0121072704158847 0 0.00131703719313033 0.00866350929883331 0.00408997955010225 0 0.00631578947368421 0 0.00122697881007595
"греция" 0.0130667712008363 0.00574426530846705 0.00150364634238027 0.0201787840264746 0 0 0 0 0 0 0.00123785356192362 0
"гривну" 0 0.0306360816451576 0 0 0.00399653633517618 0 0.00144391821647222 0 0 0 0.00123785356192362 0
"дв" 0 0 0 0 0 0.027657781055737 0 0 0 0 0 0
"дворы" 0 0 0 0 0.00266435755678412 0.00131703719313033 0.0144391821647222 0 0 0.00210526315789474 0.0049514142476945 0.00368093643022785
"дипломатических" 0 0 0.00150364634238027 0 0.0119896090055285 0.003951111579391 0.00433175464941666 0.0102249488752556 0 0 0 0
"добавляет" 0 0 0 0 0 0.00131703719313033 0.0288783643294444 0 0 0 0 0
"добрыня" 0.00653338560041814 0.00191475510282235 0 0 0 0 0 0 0 0.00210526315789474 0.019805656990778 0
"дону" 0 0.0038295102056447 0 0 0 0.00131703719313033 0.0101074275153055 0.00613496932515337 0 0 0.00742712137154175 0.0024539576201519
"доселе" 0.0108889760006969 0.00191475510282235 0.00150364634238027 0.00201787840264746 0.0066608938919603 0.00526814877252134 0.00577567286588888 0 0 0 0 0
"древним" 0.0108889760006969 0.0038295102056447 0 0.0161430272211797 0 0.00131703719313033 0 0.00204498977505112 0 0 0.00371356068577087 0.00122697881007595
"духовного" 0.00217779520013938 0.00574426530846705 0.00300729268476054 0.0121072704158847 0.00133217877839206 0.00131703719313033 0 0.00204498977505112 0.00335931201289976 0.00631578947368421 0.00247570712384725 0
"духовные" 0.00217779520013938 0.0038295102056447 0.00150364634238027 0.00605363520794237 0.00399653633517618 0.00658518596565167 0.00288783643294444 0 0 0.00421052631578947 0.00123785356192362 0.00122697881007595
"единственный" 0 0.00191475510282235 0.00300729268476054 0 0.00399653633517618 0.00131703719313033 0.00433175464941666 0.00408997955010225 0 0.00631578947368421 0.0049514142476945 0.0024539576201519
"епископов" 0.00217779520013938 0.00957377551411175 0 0.00201787840264746 0.00266435755678412 0.00131703719313033 0.00144391821647222 0 0 0.00210526315789474 0.00866497493346537 0.0024539576201519
"естественные" 0.00217779520013938 0.00191475510282235 0.00451093902714082 0.00201787840264746 0 0 0 0 0 0.0210526315789474 0.00618926780961812 0
"ждали" 0.00435559040027876 0.00957377551411175 0 0 0.00133217877839206 0.00131703719313033 0.00288783643294444 0 0.00335931201289976 0 0.00618926780961812 0.0049079152403038
"жертвою" 0.0152445664009757 0.0134032857197564 0 0 0 0 0 0.00408997955010225 0.00335931201289976 0 0.00371356068577087 0.00122697881007595
"зависит" 0.00435559040027876 0.00191475510282235 0.00902187805428163 0.00201787840264746 0 0.00263407438626067 0 0 0 0.0147368421052632 0.00123785356192362 0.00122697881007595
"замуж" 0 0.0038295102056447 0 0 0.00133217877839206 0.00131703719313033 0.00288783643294444 0.00408997955010225 0 0 0.0136163891811599 0.0024539576201519
"занятия" 0 0 0.00751823171190136 0 0.00133217877839206 0.00263407438626067 0.00577567286588888 0.00408997955010225 0 0.00210526315789474 0.00618926780961812 0.00122697881007595
"заседании" 0 0 0 0 0.00932525144874442 0.0171214835106943 0 0.00204498977505112 0 0 0 0
"звали" 0.00217779520013938 0.0210623061310458 0 0.00403575680529491 0.00266435755678412 0.00131703719313033 0 0.00408997955010225 0 0 0.00123785356192362 0.00122697881007595
"звании" 0 0 0 0 0.0159861453407047 0.0105362975450427 0 0 0 0 0 0.00122697881007595
"земледелием" 0 0 0 0.00403575680529491 0 0 0.00577567286588888 0 0 0.0273684210526316 0.00247570712384725 0
"земские" 0 0 0 0 0.00399653633517618 0.015804446317564 0.00288783643294444 0 0.00671862402579952 0 0.00247570712384725 0
"знатного" 0.00217779520013938 0.00574426530846705 0 0 0.00932525144874442 0.003951111579391 0.00288783643294444 0.00204498977505112 0 0 0.00247570712384725 0.0024539576201519
"золотые" 0.00435559040027876 0 0 0 0.00399653633517618 0.00131703719313033 0.0072195910823611 0 0 0.00210526315789474 0.00866497493346537 0.0024539576201519
"известием" 0 0.00574426530846705 0 0 0.00266435755678412 0 0.00577567286588888 0 0 0 0.00866497493346537 0.00613489405037975
"изучению" 0 0 0.0120291707390422 0.00605363520794237 0.00399653633517618 0 0 0.00204498977505112 0 0.0126315789473684 0 0
"имевшие" 0 0 0.00150364634238027 0.00807151361058983 0.00532871511356824 0.003951111579391 0.00433175464941666 0 0 0.00210526315789474 0.0049514142476945 0.00122697881007595
"искусством" 0.0130667712008363 0.00191475510282235 0.0120291707390422 0 0 0.00131703719313033 0.00144391821647222 0 0.00335931201289976 0 0.00123785356192362 0.0024539576201519
"историй" 0.00217779520013938 0 0.016540109766183 0.0161430272211797 0 0 0.00144391821647222 0 0 0 0 0
"историческому" 0 0 0.0135328170814224 0.0141251488185322 0.00133217877839206 0.00131703719313033 0 0 0 0.00210526315789474 0.00247570712384725 0
"июня" 0.00653338560041814 0.00191475510282235 0.00150364634238027 0 0 0.003951111579391 0.00288783643294444 0.0122699386503067 0.00671862402579952 0.00210526315789474 0.00247570712384725 0
"кампензе" 0 0 0 0 0 0 0.0303222825459166 0 0 0 0 0
"категорий" 0 0 0.0300729268476054 0 0 0 0 0 0 0.00210526315789474 0 0
"княжеским" 0.00435559040027876 0.0038295102056447 0 0 0.00799307267035236 0.00131703719313033 0 0.00613496932515337 0.00335931201289976 0.00421052631578947 0.0049514142476945 0
"колонизация" 0 0 0.00150364634238027 0.00403575680529491 0.0106574302271365 0 0.0072195910823611 0.00204498977505112 0.00335931201289976 0.00210526315789474 0.00247570712384725 0
"крестьянства" 0 0 0 0.00201787840264746 0 0 0 0.00204498977505112 0.00335931201289976 0.0378947368421053 0 0
"кривичи" 0.0217779520013938 0 0 0 0 0 0 0 0 0 0.0136163891811599 0
"кровопролития" 0.00435559040027876 0.0248918163366905 0 0 0 0 0.00144391821647222 0.00204498977505112 0 0 0 0.0049079152403038
"культурно" 0 0 0.00150364634238027 0.0383396896503017 0 0 0 0 0 0.00210526315789474 0 0
"лесами" 0.00217779520013938 0.00191475510282235 0 0.00201787840264746 0.00133217877839206 0 0.0158831003811944 0 0.00335931201289976 0 0.00618926780961812 0
"лета" 0.00435559040027876 0.0038295102056447 0 0 0 0 0.00433175464941666 0.0204498977505112 0.00671862402579952 0 0 0.0024539576201519
"лето" 0.0108889760006969 0.0038295102056447 0 0 0 0 0.00288783643294444 0.0102249488752556 0.00671862402579952 0 0.00123785356192362 0.0049079152403038
"литовского" 0 0 0.00150364634238027 0.00201787840264746 0.00532871511356824 0.00526814877252134 0 0.00613496932515337 0.00671862402579952 0 0.00618926780961812 0.00122697881007595
"любопытное" 0.00217779520013938 0.00574426530846705 0 0 0.00399653633517618 0.003951111579391 0.00433175464941666 0.00613496932515337 0 0 0.00247570712384725 0.00368093643022785
"любя" 0.0130667712008363 0.0172327959254011 0 0 0.00133217877839206 0 0 0.00204498977505112 0.00335931201289976 0 0.00371356068577087 0
"мечом" 0 0.0248918163366905 0 0 0 0 0.00144391821647222 0 0 0 0.00618926780961812 0.0024539576201519
"младшими" 0 0 0 0 0.00266435755678412 0.00131703719313033 0 0 0 0 0.00123785356192362 0.0208586397712912
"моих" 0.00653338560041814 0.0134032857197564 0.00902187805428163 0 0 0 0 0 0 0 0.00123785356192362 0.0049079152403038
"монарха" 0.00653338560041814 0.00957377551411175 0 0 0 0.00131703719313033 0 0.016359918200409 0.013437248051599 0 0 0
"московскими" 0 0 0.00150364634238027 0 0.00399653633517618 0.00526814877252134 0.00577567286588888 0.0081799591002045 0.013437248051599 0.00210526315789474 0 0
"наблюдений" 0 0 0.0120291707390422 0 0 0.00263407438626067 0 0.00613496932515337 0 0.0168421052631579 0 0
"назначение" 0.00217779520013938 0 0.00300729268476054 0 0.00532871511356824 0.0131703719313033 0.00144391821647222 0.00204498977505112 0 0.00210526315789474 0.00123785356192362 0
"называемая" 0.00435559040027876 0.00191475510282235 0.00601458536952109 0.00807151361058983 0.00266435755678412 0.00131703719313033 0.00144391821647222 0.00204498977505112 0.00335931201289976 0.00421052631578947 0.00247570712384725 0
"называются" 0 0 0.00601458536952109 0 0.0066608938919603 0.00526814877252134 0.00144391821647222 0 0 0.00421052631578947 0.0049514142476945 0.00122697881007595
"народную" 0.00653338560041814 0.0134032857197564 0 0 0 0 0 0.00408997955010225 0.00671862402579952 0 0.00371356068577087 0.0049079152403038
"настроение" 0 0 0.00751823171190136 0.00201787840264746 0 0.00658518596565167 0 0.00408997955010225 0.0235151840902983 0.00210526315789474 0 0
"начальник" 0.00435559040027876 0.00574426530846705 0 0 0 0.0105362975450427 0.00288783643294444 0 0.0100779360386993 0 0.00371356068577087 0
"начиная" 0 0 0.00751823171190136 0.00605363520794237 0.00133217877839206 0.00131703719313033 0.00577567286588888 0.00204498977505112 0.00335931201289976 0.00421052631578947 0.00247570712384725 0.00122697881007595
"небольшой" 0 0 0 0 0 0.00263407438626067 0.01299526394825 0 0 0.0126315789473684 0.00247570712384725 0.0024539576201519
"недели" 0 0.00574426530846705 0 0 0.00133217877839206 0.00263407438626067 0.00577567286588888 0.00613496932515337 0.00671862402579952 0 0.00371356068577087 0.00368093643022785
"независимости" 0.00871118080055752 0 0 0.0141251488185322 0.00399653633517618 0 0 0.00204498977505112 0 0 0.0049514142476945 0.0024539576201519
"немцами" 0.00435559040027876 0.0038295102056447 0 0 0.0106574302271365 0 0 0 0.00335931201289976 0 0.00866497493346537 0.00122697881007595
"непосредственное" 0 0 0 0.0121072704158847 0.00532871511356824 0.003951111579391 0.00577567286588888 0 0.00335931201289976 0.00421052631578947 0.00123785356192362 0
"непременно" 0 0 0.00150364634238027 0 0.00266435755678412 0 0.00577567286588888 0.00613496932515337 0 0 0.00371356068577087 0.0098158304806076
"новгородцами" 0 0 0 0 0.00133217877839206 0 0 0 0 0 0.009902828495389 0.0147237457209114
"носил" 0 0.00957377551411175 0 0 0.00532871511356824 0.007902223158782 0 0.00408997955010225 0 0.00421052631578947 0.00247570712384725 0
"обратимся" 0.00217779520013938 0.00191475510282235 0 0 0.00399653633517618 0 0 0 0.00335931201289976 0.00210526315789474 0.0148542427430835 0.0024539576201519
"обширный" 0 0.00191475510282235 0 0 0.00133217877839206 0.00263407438626067 0.0072195910823611 0 0 0.0252631578947368 0 0
"ожидая" 0.00653338560041814 0.0172327959254011 0 0 0 0.00131703719313033 0.00288783643294444 0.00408997955010225 0 0 0.00123785356192362 0.00368093643022785
"ольговичем" 0 0.0076590204112894 0 0 0 0 0 0 0 0 0.00123785356192362 0.0196316609612152
"оснований" 0 0 0.0135328170814224 0.00605363520794237 0.00133217877839206 0.00526814877252134 0 0.00408997955010225 0.00671862402579952 0 0 0
"осталась" 0.00653338560041814 0.00191475510282235 0.00150364634238027 0.00605363520794237 0.00266435755678412 0.007902223158782 0.00288783643294444 0.00408997955010225 0 0 0.00123785356192362 0
"остаются" 0.00217779520013938 0.00191475510282235 0 0.00201787840264746 0.0106574302271365 0.003951111579391 0.00288783643294444 0 0 0 0.00618926780961812 0
"ответствовали" 0.0239557472015332 0.0191475510282235 0 0 0 0 0 0 0 0 0 0
"ответчик" 0.00217779520013938 0.00957377551411175 0 0 0.00133217877839206 0.00658518596565167 0.0072195910823611 0 0 0 0.0049514142476945 0
"отдает" 0.00217779520013938 0.00191475510282235 0 0 0.00399653633517618 0.003951111579391 0 0 0 0.00210526315789474 0.00371356068577087 0.0110428092906835
"отличать" 0 0 0.0120291707390422 0.00201787840264746 0.00266435755678412 0.003951111579391 0 0 0 0.00421052631578947 0.00618926780961812 0
"отличаются" 0 0 0.0105255243966619 0 0.00266435755678412 0 0.00433175464941666 0 0 0.00842105263157895 0.00618926780961812 0
"пени" 0.00217779520013938 0.0248918163366905 0 0 0.00133217877839206 0 0.00288783643294444 0 0 0 0.00371356068577087 0.00122697881007595
"первенство" 0.00217779520013938 0.00191475510282235 0 0.0100893920132373 0 0 0.00144391821647222 0.016359918200409 0.013437248051599 0 0.00123785356192362 0
"подарки" 0 0 0 0 0 0 0.0158831003811944 0.00613496932515337 0 0 0.00618926780961812 0.0024539576201519
"подвластных" 0.00435559040027876 0.00191475510282235 0 0.00807151361058983 0.00266435755678412 0.00131703719313033 0.00433175464941666 0.00408997955010225 0 0 0.00618926780961812 0.00122697881007595
"позднейшие" 0.00217779520013938 0.00191475510282235 0 0.00605363520794237 0.00266435755678412 0 0.00433175464941666 0.00408997955010225 0.00335931201289976 0.00631578947368421 0.00618926780961812 0
"пойдет" 0.00217779520013938 0.0038295102056447 0 0 0.00133217877839206 0 0 0 0 0 0.00742712137154175 0.0134967669108354
"полную" 0 0.00191475510282235 0.00751823171190136 0.00403575680529491 0 0.003951111579391 0.00288783643294444 0.00204498977505112 0.00335931201289976 0.00421052631578947 0.00123785356192362 0.00368093643022785
"полоцкий" 0 0.0191475510282235 0 0 0 0 0 0 0 0 0.00618926780961812 0.0073618728604557
"польшей" 0 0 0 0 0.00266435755678412 0.00526814877252134 0.0158831003811944 0 0.0100779360386993 0.00210526315789474 0 0
"помогать" 0.00217779520013938 0.00191475510282235 0 0.00201787840264746 0.00266435755678412 0.00263407438626067 0 0.00204498977505112 0 0 0.00618926780961812 0.0098158304806076
"понимании" 0 0 0.0180437561085633 0.0121072704158847 0 0 0 0 0.00671862402579952 0.00210526315789474 0 0
"понятиях" 0.00217779520013938 0 0.00300729268476054 0.00605363520794237 0.00133217877839206 0.00131703719313033 0 0 0.00335931201289976 0.00631578947368421 0.00866497493346537 0.0024539576201519
"посполитой" 0 0 0.00150364634238027 0 0 0.00263407438626067 0 0.0265848670756646 0.0167965600644988 0 0 0
"постоянное" 0 0 0.00300729268476054 0 0.00532871511356824 0.011853334738173 0.00433175464941666 0 0 0 0.00371356068577087 0
"потребностей" 0.00217779520013938 0 0.00451093902714082 0.00201787840264746 0.00266435755678412 0.00131703719313033 0.00288783643294444 0 0 0.0231578947368421 0 0
"предприятия" 0.00217779520013938 0.00191475510282235 0.00150364634238027 0.00403575680529491 0.00399653633517618 0 0.00577567286588888 0 0 0.00842105263157895 0.0049514142476945 0.00122697881007595
"представляла" 0.00217779520013938 0.00191475510282235 0.00451093902714082 0.00605363520794237 0.00399653633517618 0 0.00866350929883331 0.00204498977505112 0 0.00210526315789474 0.00247570712384725 0
"приводили" 0 0.00191475510282235 0.00150364634238027 0.00201787840264746 0.00266435755678412 0.00263407438626067 0 0.0102249488752556 0.00335931201289976 0.00631578947368421 0.00247570712384725 0.00368093643022785
"привыкли" 0.00217779520013938 0 0.00150364634238027 0.00201787840264746 0.0066608938919603 0.00526814877252134 0.00433175464941666 0.00408997955010225 0 0 0.00123785356192362 0.00368093643022785
"примеры" 0.00871118080055752 0.00191475510282235 0.00300729268476054 0.00403575680529491 0 0.00526814877252134 0 0 0 0.0147368421052632 0 0.00122697881007595
"принимал" 0.00435559040027876 0 0.00150364634238027 0 0.00399653633517618 0.00658518596565167 0.00433175464941666 0.0102249488752556 0.00335931201289976 0 0 0.00122697881007595
"про" 0 0 0 0 0.00266435755678412 0.00658518596565167 0.00144391821647222 0.0184049079754601 0.00335931201289976 0.00210526315789474 0.00123785356192362 0.00122697881007595
"простое" 0.00217779520013938 0 0.00300729268476054 0 0.0106574302271365 0.00526814877252134 0.00144391821647222 0.00613496932515337 0 0.00421052631578947 0 0
"путешествие" 0.00653338560041814 0.0038295102056447 0.00300729268476054 0.00201787840264746 0 0 0.0101074275153055 0.00204498977505112 0.0100779360386993 0 0.00123785356192362 0.00122697881007595
"рабства" 0.00871118080055752 0.00191475510282235 0.00601458536952109 0.0100893920132373 0.00266435755678412 0.00131703719313033 0 0 0 0.00631578947368421 0.00123785356192362 0
"рада" 0 0 0 0 0.00266435755678412 0.00658518596565167 0 0.00204498977505112 0.0436710561676969 0 0 0
"разница" 0 0 0.00601458536952109 0.0100893920132373 0.00532871511356824 0.003951111579391 0.00288783643294444 0.00204498977505112 0 0 0.00247570712384725 0
"рассказу" 0 0 0 0 0.00932525144874442 0.011853334738173 0 0.00613496932515337 0 0.00210526315789474 0.00123785356192362 0
"рассказы" 0.00217779520013938 0 0.00300729268476054 0 0.00133217877839206 0 0.0115513457317778 0.00204498977505112 0.0100779360386993 0.00210526315789474 0.0049514142476945 0
"родной" 0 0.00191475510282235 0.00451093902714082 0.00201787840264746 0 0.00526814877252134 0 0.00408997955010225 0.00671862402579952 0 0.00247570712384725 0.0073618728604557
"родословной" 0 0 0 0 0.0146539665623127 0.0131703719313033 0 0 0 0 0 0
"россиянам" 0.0283113376018119 0.0153180408225788 0 0 0 0 0 0 0 0 0 0
"самостоятельности" 0 0 0.00150364634238027 0.00403575680529491 0.00266435755678412 0.003951111579391 0 0.0102249488752556 0.00335931201289976 0.00421052631578947 0.0049514142476945 0.00122697881007595
"свидетельствует" 0.00871118080055752 0.00191475510282235 0.00300729268476054 0.00403575680529491 0.00266435755678412 0.00131703719313033 0 0.00613496932515337 0 0.00631578947368421 0.00371356068577087 0
"свободный" 0.00217779520013938 0 0.00150364634238027 0.00403575680529491 0.00399653633517618 0.003951111579391 0 0.00204498977505112 0 0.0105263157894737 0.00618926780961812 0
"своё" 0 0 0 0 0 0 0.0303222825459166 0 0 0 0 0
"связей" 0 0 0.0105255243966619 0.00201787840264746 0.0066608938919603 0.003951111579391 0.00144391821647222 0 0.00335931201289976 0.00631578947368421 0 0
"святославичи" 0 0.00574426530846705 0 0 0 0 0 0 0 0 0 0.0220856185813671
"семья" 0 0 0 0 0 0.00131703719313033 0 0.0143149284253579 0.0100779360386993 0.0126315789473684 0.00371356068577087 0.00122697881007595
"сердца" 0.0108889760006969 0.0114885306169341 0.00300729268476054 0 0.00133217877839206 0 0 0.00204498977505112 0.00671862402579952 0.00210526315789474 0.00247570712384725 0.00122697881007595
"слабо" 0 0.00191475510282235 0 0.00201787840264746 0.00532871511356824 0.00526814877252134 0.00288783643294444 0 0.00335931201289976 0.00842105263157895 0.0049514142476945 0
"славились" 0.0283113376018119 0.00574426530846705 0 0 0 0 0 0 0 0 0.00618926780961812 0
"следующее" 0.0108889760006969 0.0076590204112894 0 0 0 0 0.00288783643294444 0.00613496932515337 0 0.00210526315789474 0.00618926780961812 0.00122697881007595
"смотрел" 0.00435559040027876 0.0114885306169341 0 0 0 0.00263407438626067 0.00144391821647222 0 0 0.00210526315789474 0.00123785356192362 0.0098158304806076
"собрали" 0.00217779520013938 0.0038295102056447 0.00150364634238027 0 0.00133217877839206 0 0 0.00204498977505112 0 0 0.00866497493346537 0.0098158304806076
"собрать" 0.00435559040027876 0.0038295102056447 0.00150364634238027 0 0.00266435755678412 0.00131703719313033 0.00577567286588888 0.00613496932515337 0.00671862402579952 0.00421052631578947 0.00123785356192362 0.00122697881007595
"собственном" 0 0.00191475510282235 0.00601458536952109 0.00403575680529491 0.00133217877839206 0.00526814877252134 0 0.00204498977505112 0.00335931201289976 0.00842105263157895 0.00123785356192362 0.0024539576201519
"согласиться" 0 0.00574426530846705 0.00150364634238027 0.00201787840264746 0.00133217877839206 0.00131703719313033 0.00288783643294444 0.00204498977505112 0.00335931201289976 0.00210526315789474 0.00371356068577087 0.0073618728604557
"создали" 0 0 0.00150364634238027 0.0121072704158847 0.00532871511356824 0.00131703719313033 0.00144391821647222 0.0081799591002045 0.00335931201289976 0.00631578947368421 0 0
"соловьева" 0 0 0.00300729268476054 0 0.00932525144874442 0.007902223158782 0.00288783643294444 0.00408997955010225 0.00671862402579952 0 0 0
"сообщают" 0.00217779520013938 0 0.00150364634238027 0 0.00133217877839206 0 0.0216587732470833 0 0 0.00210526315789474 0.00247570712384725 0
"сохранить" 0.00435559040027876 0.00574426530846705 0.00300729268476054 0.00201787840264746 0 0.003951111579391 0.00144391821647222 0.0081799591002045 0 0.00421052631578947 0.00371356068577087 0
"социально" 0 0 0.00601458536952109 0.0141251488185322 0.00266435755678412 0.003951111579391 0 0 0 0.0105263157894737 0 0
"сравнении" 0.00217779520013938 0.0076590204112894 0.00601458536952109 0.0100893920132373 0 0 0.00866350929883331 0 0 0 0 0.00122697881007595
"старину" 0.00435559040027876 0 0.00601458536952109 0 0.00266435755678412 0.00526814877252134 0.00144391821647222 0.00408997955010225 0.00671862402579952 0.00421052631578947 0.00123785356192362 0.00122697881007595
"стен" 0.00217779520013938 0.00191475510282235 0.00150364634238027 0 0 0 0.0173270185976666 0.0081799591002045 0.00335931201289976 0 0 0.00122697881007595
"сто" 0 0.00191475510282235 0.00751823171190136 0.00403575680529491 0.0066608938919603 0 0.00288783643294444 0.00204498977505112 0.00335931201289976 0.00210526315789474 0.00247570712384725 0.00122697881007595
"страною" 0.00653338560041814 0.0038295102056447 0 0.00807151361058983 0 0 0.00577567286588888 0.00204498977505112 0 0 0.00866497493346537 0
"стремлений" 0 0 0.0120291707390422 0.00807151361058983 0.00133217877839206 0.00131703719313033 0.00288783643294444 0.00204498977505112 0 0.00210526315789474 0.00123785356192362 0.0024539576201519
"существуют" 0.00653338560041814 0 0.0150364634238027 0.00807151361058983 0 0 0 0 0 0.00421052631578947 0.00247570712384725 0
"термином" 0 0 0.0195474024509435 0 0.00799307267035236 0.00131703719313033 0 0 0 0.00210526315789474 0 0
"ти" 0 0 0.00300729268476054 0 0.00266435755678412 0 0.0187709368141388 0 0 0.00842105263157895 0 0
"толпами" 0.00871118080055752 0.0172327959254011 0 0 0 0 0.00433175464941666 0 0 0 0.00123785356192362 0.0049079152403038
"торжеством" 0.00871118080055752 0.0076590204112894 0 0.00201787840264746 0 0 0 0.00408997955010225 0 0.00631578947368421 0.00371356068577087 0.0049079152403038
"торки" 0.00435559040027876 0.0114885306169341 0 0 0 0 0 0 0 0 0.00247570712384725 0.0134967669108354
"точку" 0 0 0.0150364634238027 0.0201787840264746 0 0 0 0 0 0 0.00123785356192362 0
"требование" 0.00871118080055752 0.00574426530846705 0.00150364634238027 0 0.00266435755678412 0.00131703719313033 0 0.00204498977505112 0.00335931201289976 0.00210526315789474 0.00123785356192362 0.0073618728604557
"удельными" 0 0.00191475510282235 0 0 0.0159861453407047 0.003951111579391 0 0.00408997955010225 0.00671862402579952 0.00210526315789474 0 0
"указывая" 0.00217779520013938 0.00191475510282235 0.00300729268476054 0.00201787840264746 0.00532871511356824 0.003951111579391 0.0072195910823611 0.00204498977505112 0.00671862402579952 0 0.00123785356192362 0
"улицы" 0 0.00191475510282235 0 0 0.00399653633517618 0.00131703719313033 0.0187709368141388 0.00204498977505112 0.00335931201289976 0 0.00123785356192362 0
"умертвить" 0.0108889760006969 0.0268065714395129 0 0 0 0 0 0 0 0 0.00123785356192362 0.00122697881007595
"управителей" 0 0 0 0 0.0186505028974888 0.007902223158782 0.00144391821647222 0 0 0 0 0
"устроить" 0 0 0 0.00201787840264746 0.00399653633517618 0.0131703719313033 0 0.00204498977505112 0.0100779360386993 0.00210526315789474 0.00123785356192362 0.00122697881007595
"участием" 0 0 0.00150364634238027 0 0.0066608938919603 0.0131703719313033 0 0.0081799591002045 0.00335931201289976 0 0 0
"формах" 0 0 0.00300729268476054 0.0100893920132373 0.00266435755678412 0 0 0.00408997955010225 0 0.0126315789473684 0.0049514142476945 0
"ходе" 0 0 0.00601458536952109 0.00403575680529491 0.00532871511356824 0.007902223158782 0.00433175464941666 0.00204498977505112 0 0.00210526315789474 0 0
"чина" 0 0 0 0 0.00932525144874442 0.0144874091244337 0.00144391821647222 0.00408997955010225 0 0 0 0
"экономический" 0 0 0.00150364634238027 0.0121072704158847 0.0066608938919603 0.00131703719313033 0 0 0 0.0168421052631579 0 0
"элемента" 0 0 0.00601458536952109 0.0100893920132373 0.00399653633517618 0.00263407438626067 0 0 0 0.00631578947368421 0.0049514142476945 0
"юности" 0.00217779520013938 0.0153180408225788 0 0.00201787840264746 0 0 0 0.00204498977505112 0.0167965600644988 0 0.00371356068577087 0.0024539576201519
"юрьевич" 0 0 0 0 0 0 0 0 0 0 0 0.025766555011595
"des" 0 0 0.00751823171190136 0 0.00399653633517618 0.00263407438626067 0.0144391821647222 0 0 0 0.00123785356192362 0
"rer" 0 0 0 0 0 0 0.0303222825459166 0 0 0 0 0
"административные" 0 0 0 0.00201787840264746 0.00799307267035236 0.0105362975450427 0 0 0.0100779360386993 0.00421052631578947 0 0
"бедных" 0.00435559040027876 0.0153180408225788 0 0 0 0.00131703719313033 0.00433175464941666 0.0081799591002045 0.00335931201289976 0.00210526315789474 0 0
"берладника" 0 0.00574426530846705 0 0 0 0 0 0 0 0 0 0.0208586397712912
"божий" 0 0.0076590204112894 0.00300729268476054 0.00201787840264746 0 0.00131703719313033 0.00144391821647222 0.0081799591002045 0.00335931201289976 0 0.00247570712384725 0.0049079152403038
"брячислав" 0.00217779520013938 0.0134032857197564 0 0 0 0 0 0 0 0 0.009902828495389 0.0049079152403038
"будь" 0.00435559040027876 0.0191475510282235 0 0 0 0 0 0 0 0 0.00123785356192362 0.00858885167053165
"бытия" 0.0217779520013938 0 0.0120291707390422 0.00201787840264746 0 0 0 0 0.00335931201289976 0 0 0
"важного" 0.00217779520013938 0.00191475510282235 0.00902187805428163 0.00201787840264746 0.00399653633517618 0.003951111579391 0.00288783643294444 0.00204498977505112 0 0.00210526315789474 0.00123785356192362 0
"варварских" 0.00653338560041814 0 0.00150364634238027 0.0161430272211797 0 0.00131703719313033 0 0 0 0.00210526315789474 0.0049514142476945 0.0024539576201519
"варяжских" 0.0152445664009757 0 0 0 0.00532871511356824 0 0 0 0 0.00631578947368421 0.00742712137154175 0
"ведет" 0 0.00191475510282235 0.00300729268476054 0 0.00266435755678412 0.00263407438626067 0 0.00613496932515337 0 0.00210526315789474 0.00866497493346537 0.0024539576201519
"велик" 0 0.00574426530846705 0 0 0 0.00658518596565167 0.00144391821647222 0.0081799591002045 0.00671862402579952 0.00210526315789474 0.0049514142476945 0
"взяты" 0 0.00191475510282235 0.00300729268476054 0 0.00133217877839206 0.00658518596565167 0 0.00613496932515337 0.00671862402579952 0 0 0.0073618728604557
"вивл" 0 0 0 0 0.00932525144874442 0.0171214835106943 0 0 0 0 0 0
"виды" 0.00217779520013938 0 0.0135328170814224 0 0.00133217877839206 0 0.00144391821647222 0.00408997955010225 0.0100779360386993 0.00421052631578947 0.00123785356192362 0
"вино" 0.0130667712008363 0.00574426530846705 0 0.00201787840264746 0.00133217877839206 0 0.00144391821647222 0 0 0.00210526315789474 0.00742712137154175 0.00122697881007595
"виры" 0 0.00574426530846705 0 0 0.0106574302271365 0 0 0 0 0 0.0111406820573126 0
"внешние" 0 0.00574426530846705 0.00150364634238027 0.00605363520794237 0.0106574302271365 0.00131703719313033 0.00144391821647222 0 0 0.00421052631578947 0 0.00122697881007595
"воды" 0.00435559040027876 0.00574426530846705 0.00300729268476054 0.00403575680529491 0 0 0.00577567286588888 0 0.00335931201289976 0.00210526315789474 0.00371356068577087 0.0024539576201519
"возможным" 0 0 0.00751823171190136 0.00605363520794237 0.0066608938919603 0.00658518596565167 0 0.00408997955010225 0 0 0 0
"воспользовался" 0.00435559040027876 0.0038295102056447 0 0 0 0.00131703719313033 0.00144391821647222 0 0 0 0.00742712137154175 0.0098158304806076
"восточного" 0.00217779520013938 0.00574426530846705 0 0.0181609056238271 0.00133217877839206 0 0.00288783643294444 0.00408997955010225 0 0 0.00247570712384725 0
"всеволодовича" 0 0.00574426530846705 0 0 0 0 0 0 0 0 0.00123785356192362 0.0196316609612152
"встречал" 0.00217779520013938 0 0 0 0.00133217877839206 0.00263407438626067 0.0187709368141388 0.00204498977505112 0 0 0.00247570712384725 0
"встречали" 0.00217779520013938 0 0 0 0 0.00131703719313033 0.0187709368141388 0.00204498977505112 0 0 0 0.0049079152403038
"встречаются" 0.00217779520013938 0 0.0105255243966619 0.00201787840264746 0.00133217877839206 0.00131703719313033 0.00866350929883331 0 0 0 0.00371356068577087 0
"всякому" 0.00435559040027876 0.0038295102056447 0.00150364634238027 0.00403575680529491 0.00399653633517618 0 0.00288783643294444 0 0 0.00842105263157895 0.0049514142476945 0
"вывести" 0.00217779520013938 0.00191475510282235 0.00300729268476054 0.00201787840264746 0.00266435755678412 0.00131703719313033 0.00288783643294444 0.00408997955010225 0.00671862402579952 0.00210526315789474 0.0049514142476945 0.00122697881007595
"вывоза" 0 0 0 0.00605363520794237 0.00133217877839206 0 0.0101074275153055 0.00613496932515337 0 0.0105263157894737 0.00123785356192362 0
"городец" 0 0.0114885306169341 0 0 0 0 0 0 0 0 0.00123785356192362 0.0159507245309874
"городовых" 0 0 0.00150364634238027 0.00605363520794237 0.0146539665623127 0.003951111579391 0.00144391821647222 0 0 0 0.00123785356192362 0
"господа" 0 0.00191475510282235 0 0.00201787840264746 0.0146539665623127 0.003951111579391 0.00144391821647222 0 0 0.00210526315789474 0.00123785356192362 0.00122697881007595
"государствами" 0 0 0.00601458536952109 0.0100893920132373 0 0 0.0072195910823611 0.00204498977505112 0.00671862402579952 0 0.00371356068577087 0
"государственными" 0 0.00574426530846705 0.00150364634238027 0 0.00266435755678412 0.00658518596565167 0.00288783643294444 0.00204498977505112 0 0.0126315789473684 0 0
"граница" 0 0 0 0 0.00133217877839206 0 0.0187709368141388 0 0.00335931201289976 0 0.00618926780961812 0
"греческую" 0.0130667712008363 0.00574426530846705 0.00150364634238027 0.0121072704158847 0 0 0 0 0 0 0.00371356068577087 0.00122697881007595
"данное" 0.00217779520013938 0.00574426530846705 0.0105255243966619 0.00201787840264746 0.00266435755678412 0.003951111579391 0 0 0.00335931201289976 0.00421052631578947 0 0
"дар" 0.0152445664009757 0.0038295102056447 0.00150364634238027 0.00403575680529491 0 0.00263407438626067 0.00288783643294444 0.00408997955010225 0 0 0.00247570712384725 0
"двором" 0 0.00574426530846705 0 0 0.00266435755678412 0.00263407438626067 0.00144391821647222 0.0122699386503067 0.0100779360386993 0.00421052631578947 0.00123785356192362 0
"действует" 0.00217779520013938 0 0.00300729268476054 0 0.00266435755678412 0.003951111579391 0 0.00613496932515337 0 0.00631578947368421 0.00618926780961812 0.00122697881007595
"днепром" 0.00435559040027876 0.00191475510282235 0 0 0.00266435755678412 0 0.00144391821647222 0 0 0 0.0123785356192362 0.0049079152403038
"добрые" 0.00217779520013938 0.0153180408225788 0 0 0.00532871511356824 0.003951111579391 0 0 0.00671862402579952 0.00210526315789474 0 0.00122697881007595
"добычу" 0.0130667712008363 0.0134032857197564 0 0.00201787840264746 0.00133217877839206 0 0.00144391821647222 0 0 0 0.00247570712384725 0.0024539576201519
"древнейшие" 0.0152445664009757 0.00191475510282235 0.00150364634238027 0.0141251488185322 0.00266435755678412 0 0 0 0 0 0.00247570712384725 0
"думают" 0.0130667712008363 0.0038295102056447 0.00601458536952109 0 0.00133217877839206 0 0.00288783643294444 0 0 0 0.00247570712384725 0.00368093643022785
"единого" 0.00653338560041814 0 0.00451093902714082 0.0161430272211797 0.00133217877839206 0 0 0.00204498977505112 0.00671862402579952 0 0.00123785356192362 0.00122697881007595
"женщин" 0 0.0038295102056447 0 0.00201787840264746 0 0 0.00288783643294444 0 0 0.00421052631578947 0.0160920963050071 0
"забыть" 0.00653338560041814 0.0172327959254011 0 0 0.00133217877839206 0.00131703719313033 0 0.00408997955010225 0 0 0.00123785356192362 0.00368093643022785
"заставило" 0 0 0 0.00403575680529491 0 0.00131703719313033 0.00577567286588888 0 0 0 0.0049514142476945 0.0110428092906835
"захотел" 0.00435559040027876 0.0076590204112894 0 0 0 0 0 0 0 0 0.00371356068577087 0.0134967669108354
"зданий" 0.00217779520013938 0.00191475510282235 0 0 0 0.00131703719313033 0.0231026914635555 0.00204498977505112 0 0 0 0
"здоровье" 0.00217779520013938 0.00191475510282235 0 0.00201787840264746 0 0 0.0101074275153055 0.00408997955010225 0.013437248051599 0.00210526315789474 0.00123785356192362 0.0024539576201519
"зимою" 0.00653338560041814 0.0076590204112894 0 0 0 0 0.00144391821647222 0 0 0 0.00371356068577087 0.0110428092906835
"знаний" 0 0 0.0105255243966619 0.0121072704158847 0 0 0.00144391821647222 0 0 0.0126315789473684 0 0
"знанию" 0 0 0.0195474024509435 0.00403575680529491 0 0 0 0 0 0.0105263157894737 0 0
"золотых" 0 0.0038295102056447 0 0 0.00399653633517618 0 0.0144391821647222 0.00204498977505112 0 0 0.00123785356192362 0.00368093643022785
"изображение" 0.00217779520013938 0.00191475510282235 0.0105255243966619 0.00403575680529491 0 0.00263407438626067 0.0072195910823611 0 0.00671862402579952 0 0 0
"индию" 0 0 0.00150364634238027 0.0302681760397118 0 0.00131703719313033 0.00433175464941666 0 0 0 0 0
"иовий" 0 0 0 0 0 0 0.0288783643294444 0 0 0 0 0
"исполнил" 0.00653338560041814 0.0114885306169341 0 0.00201787840264746 0.00133217877839206 0.00131703719313033 0 0.00408997955010225 0 0 0 0.0073618728604557
"испугался" 0 0 0 0 0 0 0 0 0 0 0.00742712137154175 0.0171777033410633
"истину" 0.0152445664009757 0.0076590204112894 0.0120291707390422 0 0 0 0 0.00204498977505112 0 0 0 0
"казнить" 0.00435559040027876 0 0 0 0.00532871511356824 0.011853334738173 0 0 0 0 0.00618926780961812 0
"козары" 0.0196001568012544 0.00191475510282235 0 0 0 0 0 0 0 0 0.00742712137154175 0.0049079152403038
"краю" 0 0 0 0 0.0159861453407047 0.00131703719313033 0.00433175464941666 0.00204498977505112 0.00335931201289976 0.00210526315789474 0.00123785356192362 0
"культурное" 0 0 0.00300729268476054 0.0363218112476542 0 0 0 0 0 0 0 0
"курбскому" 0 0 0 0 0.00399653633517618 0.0105362975450427 0 0.00408997955010225 0.0235151840902983 0 0 0
"лат" 0 0 0.0240583414780844 0 0 0 0.00144391821647222 0 0 0.00421052631578947 0.00123785356192362 0
"меньшей" 0 0.00191475510282235 0.00300729268476054 0.00605363520794237 0.00266435755678412 0.00263407438626067 0.00288783643294444 0.00204498977505112 0 0.0126315789473684 0.00123785356192362 0
"местничество" 0 0 0.00150364634238027 0 0.00266435755678412 0.0210725950900853 0 0.00204498977505112 0 0 0 0
"местный" 0 0 0 0.00201787840264746 0.0106574302271365 0.00131703719313033 0 0.00613496932515337 0 0.0147368421052632 0 0
"монахи" 0.00217779520013938 0.00191475510282235 0 0.00403575680529491 0 0.00263407438626067 0 0.00613496932515337 0.00671862402579952 0.00842105263157895 0.00247570712384725 0.00368093643022785
"монахов" 0.00217779520013938 0.00574426530846705 0 0.00403575680529491 0 0.003951111579391 0.00288783643294444 0 0.00335931201289976 0.00210526315789474 0.00247570712384725 0.00613489405037975
"надежды" 0.00435559040027876 0.0076590204112894 0.00150364634238027 0 0 0 0.00144391821647222 0.0102249488752556 0 0 0 0.00858885167053165
"называемый" 0.00435559040027876 0.00574426530846705 0.00751823171190136 0.00403575680529491 0.00133217877839206 0 0.00288783643294444 0.00613496932515337 0 0.00210526315789474 0.00123785356192362 0
"называемых" 0.00871118080055752 0 0.0120291707390422 0.00403575680529491 0 0 0 0.00204498977505112 0 0.0105263157894737 0 0
"называл" 0 0.00191475510282235 0.00751823171190136 0 0.00266435755678412 0.0105362975450427 0 0.00204498977505112 0.00335931201289976 0.00210526315789474 0.00123785356192362 0
"называлось" 0.0152445664009757 0 0 0.00201787840264746 0.00133217877839206 0.00131703719313033 0.00866350929883331 0 0 0.00421052631578947 0.00123785356192362 0.00122697881007595
"народном" 0.00435559040027876 0.00191475510282235 0.00150364634238027 0.00201787840264746 0.00399653633517618 0.00658518596565167 0 0.00204498977505112 0 0.00421052631578947 0.00247570712384725 0.0024539576201519
"народные" 0.0239557472015332 0 0.00150364634238027 0 0 0 0 0.00204498977505112 0 0.00842105263157895 0.00371356068577087 0
"находилось" 0.00217779520013938 0 0.00150364634238027 0.00201787840264746 0.00399653633517618 0.00263407438626067 0.0072195910823611 0.00204498977505112 0 0.00421052631578947 0.0049514142476945 0
"начать" 0.00217779520013938 0.0038295102056447 0 0.00807151361058983 0 0 0.00288783643294444 0 0.00335931201289976 0 0.0049514142476945 0.0073618728604557
"нашими" 0.00871118080055752 0.0038295102056447 0.00451093902714082 0.00201787840264746 0.00266435755678412 0.00131703719313033 0 0 0.00671862402579952 0 0.00371356068577087 0.0024539576201519
"недостатка" 0.00217779520013938 0 0 0.00201787840264746 0.00133217877839206 0.00526814877252134 0.0101074275153055 0 0.00335931201289976 0.00421052631578947 0.00123785356192362 0.0024539576201519
"недостаток" 0.00217779520013938 0.00574426530846705 0.00150364634238027 0 0.00266435755678412 0.003951111579391 0.0101074275153055 0 0 0.00210526315789474 0.00247570712384725 0
"независимость" 0.0108889760006969 0.0038295102056447 0 0.00807151361058983 0.00133217877839206 0.00131703719313033 0 0.00204498977505112 0.00335931201289976 0 0.00371356068577087 0.0024539576201519
"немецких" 0.0152445664009757 0 0.00451093902714082 0.00605363520794237 0.00133217877839206 0 0.00433175464941666 0.00204498977505112 0 0 0.00247570712384725 0
"несчастный" 0.00435559040027876 0.0306360816451576 0 0 0 0 0 0 0 0 0 0.0024539576201519
"новгородом" 0 0 0 0 0.00532871511356824 0 0.00577567286588888 0.00204498977505112 0 0 0.009902828495389 0.00368093643022785
"нравах" 0.00653338560041814 0.00574426530846705 0.00150364634238027 0.00201787840264746 0.00266435755678412 0.003951111579391 0.00144391821647222 0 0.00335931201289976 0 0.00618926780961812 0
"нужде" 0 0.00191475510282235 0 0 0 0 0.00433175464941666 0.00613496932515337 0.00335931201289976 0.00210526315789474 0.00371356068577087 0.0098158304806076
"обеспечения" 0 0 0 0.00201787840264746 0.00532871511356824 0.0105362975450427 0.00288783643294444 0 0 0.0105263157894737 0 0
"обители" 0 0.0287213265423352 0 0 0.00399653633517618 0.00263407438626067 0 0 0 0 0 0
"обо" 0 0 0.0120291707390422 0.00201787840264746 0.00133217877839206 0.007902223158782 0 0 0.00335931201289976 0 0 0.00368093643022785
"обстоятельствам" 0 0.00191475510282235 0 0 0.00532871511356824 0.00263407438626067 0.00288783643294444 0.00408997955010225 0 0.00210526315789474 0.00618926780961812 0.00368093643022785
"обширной" 0 0.00191475510282235 0.00150364634238027 0.0181609056238271 0.00133217877839206 0 0.00433175464941666 0 0 0.00421052631578947 0.00247570712384725 0.00122697881007595
"обширным" 0 0.00191475510282235 0 0 0.00266435755678412 0 0.00433175464941666 0 0 0.0273684210526316 0.00123785356192362 0
"обширных" 0.00653338560041814 0 0.00150364634238027 0.00605363520794237 0.00133217877839206 0.00263407438626067 0.0101074275153055 0 0 0.00210526315789474 0.00247570712384725 0
"оказывать" 0 0 0.00451093902714082 0.0201787840264746 0.00266435755678412 0.00131703719313033 0.00144391821647222 0 0 0 0.00123785356192362 0.0024539576201519
"окольничим" 0 0 0 0 0.0066608938919603 0.0184385207038247 0 0.00204498977505112 0 0 0 0
"окрестности" 0.0108889760006969 0.00957377551411175 0 0 0.00133217877839206 0 0 0 0.00671862402579952 0 0.00123785356192362 0.0073618728604557
"определяет" 0 0.00191475510282235 0.00300729268476054 0 0.00266435755678412 0.00263407438626067 0.01299526394825 0 0.00671862402579952 0.00421052631578947 0 0
"орудием" 0.00653338560041814 0.00191475510282235 0.00150364634238027 0 0.00932525144874442 0.007902223158782 0 0.00204498977505112 0 0.00210526315789474 0 0
"основные" 0 0 0.00150364634238027 0.00605363520794237 0.00399653633517618 0.003951111579391 0 0 0 0.0189473684210526 0.00123785356192362 0
"отнести" 0.00217779520013938 0.00191475510282235 0.00601458536952109 0 0.00532871511356824 0.00131703719313033 0.00577567286588888 0 0 0 0.00618926780961812 0
"отношениям" 0 0 0.00150364634238027 0.00201787840264746 0.0066608938919603 0.003951111579391 0.00288783643294444 0.00204498977505112 0 0.00210526315789474 0.0049514142476945 0.0024539576201519
"отправились" 0.00217779520013938 0.00191475510282235 0 0 0 0 0 0 0 0 0.0111406820573126 0.0110428092906835
"переворот" 0 0 0.00601458536952109 0.0100893920132373 0.00266435755678412 0 0 0.00204498977505112 0.013437248051599 0.00631578947368421 0.00123785356192362 0
"переходить" 0 0.00191475510282235 0.00150364634238027 0.00605363520794237 0.00399653633517618 0.00263407438626067 0.00144391821647222 0 0.00335931201289976 0.00421052631578947 0.00247570712384725 0.0049079152403038
"печать" 0.00217779520013938 0.00191475510282235 0.00150364634238027 0.0121072704158847 0.00266435755678412 0 0.00288783643294444 0.00204498977505112 0.0100779360386993 0.00631578947368421 0 0
"плане" 0 0 0.00751823171190136 0.00403575680529491 0.00133217877839206 0 0.00288783643294444 0 0 0.00631578947368421 0.00618926780961812 0.0024539576201519
"погиб" 0 0.0114885306169341 0 0 0 0 0 0.00204498977505112 0.00671862402579952 0.00210526315789474 0.00618926780961812 0.00613489405037975
"политике" 0.00217779520013938 0.00191475510282235 0.00300729268476054 0.0141251488185322 0.00266435755678412 0.00263407438626067 0 0.00408997955010225 0.0100779360386993 0 0 0
"положить" 0 0.0038295102056447 0 0.00605363520794237 0.00133217877839206 0.00526814877252134 0.00288783643294444 0.00204498977505112 0 0 0.00618926780961812 0.0024539576201519
"получают" 0.00435559040027876 0.00191475510282235 0.00451093902714082 0 0.00133217877839206 0.00263407438626067 0.00288783643294444 0.00204498977505112 0.00335931201289976 0.00210526315789474 0.00618926780961812 0.00122697881007595
"поместьях" 0 0 0 0.00403575680529491 0 0.0131703719313033 0.00433175464941666 0.00204498977505112 0.013437248051599 0 0 0
"последовательности" 0 0 0.0180437561085633 0 0.00133217877839206 0 0.00144391821647222 0.00204498977505112 0.0100779360386993 0.00421052631578947 0 0
"последствия" 0 0 0.00300729268476054 0.00605363520794237 0.0066608938919603 0.00263407438626067 0 0.00613496932515337 0.00671862402579952 0.00421052631578947 0.00123785356192362 0
"посмотрим" 0 0 0.00300729268476054 0.00201787840264746 0.00399653633517618 0 0.00144391821647222 0 0 0.00631578947368421 0.00247570712384725 0.0098158304806076
"потребность" 0 0 0 0.00605363520794237 0 0.007902223158782 0.00288783643294444 0 0 0.0168421052631579 0.00123785356192362 0
"появились" 0 0 0 0 0.00266435755678412 0.00131703719313033 0.00288783643294444 0.00613496932515337 0.00671862402579952 0.0189473684210526 0.00123785356192362 0
"правители" 0.0108889760006969 0 0 0.00403575680529491 0.00266435755678412 0.003951111579391 0.00866350929883331 0.00204498977505112 0 0.00210526315789474 0 0
"правительственном" 0 0 0 0 0.0199826816758809 0.00526814877252134 0 0 0 0.00210526315789474 0 0
"правительственными" 0 0 0 0 0.0146539665623127 0.00526814877252134 0 0.00204498977505112 0 0 0.0049514142476945 0
"прежнюю" 0 0.00574426530846705 0.00300729268476054 0.00201787840264746 0.00133217877839206 0.00526814877252134 0.00433175464941666 0.00204498977505112 0 0 0 0.00613489405037975
"приемов" 0 0 0.0180437561085633 0 0.00133217877839206 0 0 0.00613496932515337 0 0.00631578947368421 0.00123785356192362 0
"признавали" 0.00871118080055752 0.00191475510282235 0.00150364634238027 0 0.00266435755678412 0.0105362975450427 0 0.00613496932515337 0 0 0.00123785356192362 0
"приказам" 0 0 0 0 0.00133217877839206 0.023706669476346 0.00144391821647222 0 0 0 0 0
"применение" 0 0 0.0120291707390422 0.0100893920132373 0.00266435755678412 0.00131703719313033 0 0.00204498977505112 0.00335931201289976 0.00421052631578947 0 0
"принесли" 0.00653338560041814 0.00957377551411175 0 0.00807151361058983 0.00266435755678412 0 0.00144391821647222 0.00204498977505112 0.00335931201289976 0 0.00247570712384725 0.00122697881007595
"приходил" 0 0.0038295102056447 0 0 0.00266435755678412 0.00263407438626067 0.00288783643294444 0.00408997955010225 0.00335931201289976 0 0.0049514142476945 0.00613489405037975
"продавали" 0.00435559040027876 0 0 0 0 0 0.0245466096800277 0 0 0 0.00123785356192362 0
"произведений" 0 0 0.00902187805428163 0.00201787840264746 0 0 0.00433175464941666 0.00408997955010225 0.013437248051599 0.00210526315789474 0.00371356068577087 0
"происходила" 0 0 0.00300729268476054 0.00403575680529491 0.00532871511356824 0.003951111579391 0.00288783643294444 0 0.00335931201289976 0.00421052631578947 0.00247570712384725 0.0024539576201519
"противоположность" 0 0 0.00300729268476054 0.00605363520794237 0 0 0.00144391821647222 0.00408997955010225 0 0.00210526315789474 0.00742712137154175 0.00613489405037975
"прочими" 0.00217779520013938 0.00191475510282235 0.00150364634238027 0 0.00133217877839206 0.00658518596565167 0.0072195910823611 0.0102249488752556 0 0 0 0.00122697881007595
"путешественник" 0.00217779520013938 0 0 0 0.00133217877839206 0.00131703719313033 0.0231026914635555 0 0 0 0.00123785356192362 0
"пяти" 0.00217779520013938 0.00574426530846705 0.00150364634238027 0.00605363520794237 0.00932525144874442 0.00131703719313033 0.00144391821647222 0.00204498977505112 0 0 0.00247570712384725 0
"разбил" 0.00653338560041814 0.0172327959254011 0 0 0 0 0 0 0 0 0.00371356068577087 0.00613489405037975
"реками" 0.00435559040027876 0.00191475510282235 0 0.00201787840264746 0 0 0.01299526394825 0 0.00671862402579952 0 0.00618926780961812 0
"римское" 0.00217779520013938 0 0.00601458536952109 0.0302681760397118 0 0 0 0 0 0 0 0
"рогволод" 0.00435559040027876 0.00574426530846705 0 0 0 0 0 0 0 0 0.00371356068577087 0.0147237457209114
"родоначальника" 0 0 0 0 0.00532871511356824 0.00131703719313033 0 0 0 0.00842105263157895 0.0136163891811599 0
"родственников" 0.00217779520013938 0.0038295102056447 0 0 0.00133217877839206 0.003951111579391 0.00288783643294444 0.00204498977505112 0 0.00210526315789474 0.009902828495389 0.00122697881007595
"рыбу" 0.00435559040027876 0.0038295102056447 0 0 0 0 0.0158831003811944 0 0 0 0.0049514142476945 0.00122697881007595
"рынке" 0 0 0 0 0.00133217877839206 0.00131703719313033 0.0101074275153055 0 0 0.0231578947368421 0 0
"светской" 0 0 0 0.0201787840264746 0 0.003951111579391 0 0.00408997955010225 0 0.0105263157894737 0 0
"свидетельство" 0.00871118080055752 0 0 0 0.00133217877839206 0.00131703719313033 0.00288783643294444 0.00204498977505112 0 0.00421052631578947 0.009902828495389 0.00122697881007595
"святой" 0.00435559040027876 0.00957377551411175 0.00451093902714082 0 0 0 0.00288783643294444 0 0 0 0.00618926780961812 0.00368093643022785
"священники" 0.00871118080055752 0.00191475510282235 0.00150364634238027 0 0.00399653633517618 0.00131703719313033 0 0 0.00335931201289976 0.00210526315789474 0.00866497493346537 0.00122697881007595
"священников" 0.0108889760006969 0 0 0 0.00266435755678412 0 0 0 0 0.00210526315789474 0.0123785356192362 0.0024539576201519
"семь" 0.00217779520013938 0.0134032857197564 0 0 0.00266435755678412 0 0 0.00613496932515337 0.00335931201289976 0 0.00371356068577087 0.00368093643022785
"сильвестра" 0 0 0.00150364634238027 0 0 0.003951111579391 0 0 0.0537489922063961 0 0 0
"сильная" 0.00653338560041814 0.00191475510282235 0 0.00403575680529491 0 0 0 0 0.00335931201289976 0.00842105263157895 0.00742712137154175 0.00368093643022785
"скажи" 0 0.00574426530846705 0 0.00201787840264746 0 0 0 0 0 0 0.00247570712384725 0.0171777033410633
"славный" 0.0217779520013938 0.0076590204112894 0 0 0 0 0 0 0.00335931201289976 0 0.00371356068577087 0.0024539576201519
"следить" 0 0 0.00300729268476054 0 0.00532871511356824 0.007902223158782 0.00288783643294444 0.00408997955010225 0 0.00421052631578947 0.00247570712384725 0
"следовали" 0.00217779520013938 0.00191475510282235 0.00150364634238027 0.00403575680529491 0 0.00263407438626067 0.00866350929883331 0.00204498977505112 0.00671862402579952 0 0.00371356068577087 0.00122697881007595
"следственно" 0.0304891328019513 0.0076590204112894 0 0 0 0.00131703719313033 0 0 0 0 0.00123785356192362 0
"слободы" 0 0 0 0 0.00266435755678412 0.003951111579391 0.0144391821647222 0 0.013437248051599 0.00210526315789474 0 0
"слову" 0 0.0038295102056447 0.00150364634238027 0.00403575680529491 0.00266435755678412 0.003951111579391 0 0.0143149284253579 0.00335931201289976 0 0.00247570712384725 0
"слух" 0.00871118080055752 0.00574426530846705 0 0 0 0 0.00288783643294444 0.0143149284253579 0 0.00210526315789474 0 0.00368093643022785
"слушал" 0.00435559040027876 0.00957377551411175 0 0 0.00133217877839206 0.0131703719313033 0.00144391821647222 0.00204498977505112 0 0 0 0
"совокупность" 0 0 0.0120291707390422 0.00807151361058983 0.00266435755678412 0 0 0 0.00335931201289976 0.00421052631578947 0.00371356068577087 0
"соединиться" 0.00435559040027876 0.0210623061310458 0.00150364634238027 0 0 0 0 0.00204498977505112 0 0 0 0.00613489405037975
"солнца" 0.00217779520013938 0.00574426530846705 0 0.00201787840264746 0.00133217877839206 0.003951111579391 0.00577567286588888 0 0 0 0.00866497493346537 0
"соображения" 0 0 0.0180437561085633 0 0.00266435755678412 0.003951111579391 0.00288783643294444 0.00204498977505112 0 0 0 0
"соседстве" 0.0152445664009757 0.0038295102056447 0.00300729268476054 0.00403575680529491 0 0.00131703719313033 0.00288783643294444 0.00204498977505112 0.00335931201289976 0 0.00123785356192362 0.00122697881007595
"соседями" 0.00653338560041814 0.00191475510282235 0 0.00201787840264746 0.00266435755678412 0.00131703719313033 0.00577567286588888 0 0 0.00421052631578947 0.00618926780961812 0.00122697881007595
"сохранились" 0.00435559040027876 0.00191475510282235 0.00601458536952109 0.00605363520794237 0.00266435755678412 0.00263407438626067 0 0.00408997955010225 0 0.00421052631578947 0.00247570712384725 0
"специальные" 0 0 0.0180437561085633 0 0.00133217877839206 0.00526814877252134 0 0 0 0.00631578947368421 0 0
"справедливости" 0.00871118080055752 0.00574426530846705 0.00751823171190136 0.00201787840264746 0 0.00131703719313033 0 0 0.0100779360386993 0.00421052631578947 0.00123785356192362 0
"среднего" 0.00217779520013938 0 0.00300729268476054 0.00201787840264746 0.00532871511356824 0.00131703719313033 0.00866350929883331 0 0.00335931201289976 0 0.0049514142476945 0
"средней" 0 0 0.00300729268476054 0.00403575680529491 0.00266435755678412 0.00131703719313033 0.00288783643294444 0.00204498977505112 0.013437248051599 0.00210526315789474 0.00618926780961812 0
"стараясь" 0 0.0038295102056447 0.00300729268476054 0 0.00399653633517618 0 0.0144391821647222 0.00204498977505112 0 0 0.00123785356192362 0.00122697881007595
"степных" 0 0 0 0 0.00266435755678412 0 0.0101074275153055 0.00204498977505112 0 0.00210526315789474 0.00618926780961812 0.0049079152403038
"супруга" 0.0152445664009757 0.0191475510282235 0 0 0 0 0 0.00408997955010225 0.00335931201289976 0 0 0
"схватил" 0.00217779520013938 0.00574426530846705 0 0 0 0.00131703719313033 0.00144391821647222 0.00204498977505112 0 0 0.00618926780961812 0.0098158304806076
"такою" 0 0.00191475510282235 0.00300729268476054 0.00201787840264746 0.00399653633517618 0.003951111579391 0.00433175464941666 0.0081799591002045 0 0 0.00123785356192362 0.0024539576201519
"техника" 0 0 0.00451093902714082 0 0 0 0 0 0.00335931201289976 0.0336842105263158 0 0
"типов" 0 0 0.00601458536952109 0.0100893920132373 0.00133217877839206 0 0 0 0 0.0210526315789474 0 0
"торговали" 0.0108889760006969 0.00191475510282235 0 0 0 0.00131703719313033 0.00433175464941666 0 0 0.0105263157894737 0.00618926780961812 0
"торговой" 0 0.00574426530846705 0 0.00201787840264746 0.00799307267035236 0 0.0072195910823611 0.00408997955010225 0 0.00210526315789474 0.00247570712384725 0
"точке" 0 0 0.0255619878204646 0.00201787840264746 0 0 0 0 0.00335931201289976 0.00210526315789474 0 0
"убитых" 0.00653338560041814 0.0076590204112894 0 0.00201787840264746 0 0 0.00144391821647222 0 0 0 0.00618926780961812 0.0073618728604557
"ударить" 0 0.00957377551411175 0 0 0 0.00131703719313033 0.00288783643294444 0.00204498977505112 0 0 0.00371356068577087 0.0098158304806076
"указывал" 0 0 0 0.00403575680529491 0 0.007902223158782 0.00144391821647222 0.0102249488752556 0.00335931201289976 0.00631578947368421 0.00123785356192362 0.00122697881007595
"укрепления" 0 0.0076590204112894 0.00150364634238027 0.00201787840264746 0.00266435755678412 0.003951111579391 0.00577567286588888 0.0081799591002045 0.00335931201289976 0 0 0
"упоминают" 0.0108889760006969 0.0076590204112894 0 0 0.00266435755678412 0 0.00288783643294444 0.00204498977505112 0 0.00210526315789474 0.00618926780961812 0
"утверждал" 0.00435559040027876 0 0.0180437561085633 0.00201787840264746 0 0.00263407438626067 0 0.00408997955010225 0.00335931201289976 0 0 0
"учение" 0.00435559040027876 0.00191475510282235 0.0135328170814224 0.00201787840264746 0 0 0.00144391821647222 0 0 0 0.00742712137154175 0
"фактически" 0 0 0.00601458536952109 0 0 0 0 0.00613496932515337 0.00335931201289976 0.0252631578947368 0 0
"формулы" 0 0 0.0180437561085633 0.00605363520794237 0.00266435755678412 0.00131703719313033 0 0 0 0.00421052631578947 0 0
"хозяйству" 0 0 0 0.00201787840264746 0.0066608938919603 0 0 0 0 0.0294736842105263 0 0
"храбрость" 0.0217779520013938 0.0114885306169341 0 0.00201787840264746 0 0 0 0 0 0 0.00247570712384725 0.00122697881007595
"христианских" 0.00871118080055752 0.00191475510282235 0 0.00807151361058983 0 0 0.0072195910823611 0 0 0 0.00371356068577087 0.00368093643022785
"цепи" 0.00217779520013938 0.0038295102056447 0.00902187805428163 0 0.00399653633517618 0.00263407438626067 0.00144391821647222 0 0 0.00631578947368421 0.00123785356192362 0.00122697881007595
"церковное" 0 0.00191475510282235 0 0.00807151361058983 0.00133217877839206 0.003951111579391 0 0.0102249488752556 0.00671862402579952 0.00631578947368421 0.00123785356192362 0
"часа" 0 0 0.00300729268476054 0 0 0.00921926035191234 0.01299526394825 0 0.00335931201289976 0 0.00123785356192362 0
"частями" 0 0 0.00751823171190136 0.00605363520794237 0.0066608938919603 0.00263407438626067 0.00288783643294444 0 0 0.00421052631578947 0.00123785356192362 0
"четвертей" 0 0 0 0 0 0.00263407438626067 0.0187709368141388 0 0.00671862402579952 0.00631578947368421 0 0
"экономическое" 0 0 0.00150364634238027 0.022196662429122 0.00799307267035236 0 0 0 0 0.00421052631578947 0 0
"южную" 0.00653338560041814 0.00574426530846705 0 0.00807151361058983 0 0 0 0.00408997955010225 0.00335931201289976 0.00421052631578947 0.00618926780961812 0
"юридических" 0 0 0.0105255243966619 0.00201787840264746 0.0066608938919603 0.00131703719313033 0.00288783643294444 0 0 0.00842105263157895 0 0
"юрьевича" 0 0 0 0 0.00133217877839206 0 0 0 0.00335931201289976 0 0 0.0220856185813671
"явлением" 0.00435559040027876 0 0 0.00605363520794237 0.00399653633517618 0.00263407438626067 0.00288783643294444 0.00204498977505112 0 0.0126315789473684 0.00123785356192362 0
"en" 0 0 0.00451093902714082 0 0.00133217877839206 0 0.0216587732470833 0 0 0.00210526315789474 0 0
"l" 0 0 0.00601458536952109 0.00201787840264746 0 0 0.0202148550306111 0 0 0.00210526315789474 0 0
"агенты" 0 0 0 0 0.00133217877839206 0 0.0216587732470833 0.00408997955010225 0.00335931201289976 0 0 0
"адашева" 0 0 0 0 0 0.00658518596565167 0 0 0.0470303681805966 0 0 0
"азию" 0.00653338560041814 0 0 0.0262324192344169 0 0 0 0 0 0 0.00371356068577087 0
"архиве" 0.00217779520013938 0 0.00300729268476054 0 0.0106574302271365 0.00921926035191234 0 0 0 0.00210526315789474 0 0
"батория" 0 0 0 0 0 0 0 0.0245398773006135 0.0235151840902983 0 0 0
"берендеями" 0 0.00957377551411175 0 0 0 0 0 0 0 0 0 0.0171777033410633
"ближайшие" 0.00217779520013938 0 0 0.00201787840264746 0.0066608938919603 0.00131703719313033 0.00144391821647222 0.00204498977505112 0.00335931201289976 0 0.00742712137154175 0.0024539576201519
"боголюбского" 0 0 0 0 0.00532871511356824 0 0 0 0 0 0 0.0184046821511392
"божества" 0 0 0.00300729268476054 0.0121072704158847 0 0 0 0 0 0 0.0136163891811599 0
"бояться" 0.0108889760006969 0.00191475510282235 0.00451093902714082 0.00201787840264746 0 0.00131703719313033 0 0 0.00335931201289976 0 0.00247570712384725 0.00613489405037975
"братии" 0 0 0 0 0.00532871511356824 0.00921926035191234 0 0.0102249488752556 0 0.00210526315789474 0 0.0024539576201519
"быте" 0 0 0.00300729268476054 0.00807151361058983 0 0 0 0.00204498977505112 0 0.00421052631578947 0.0111406820573126 0.00122697881007595
"варягами" 0.0130667712008363 0.00191475510282235 0 0 0.00399653633517618 0 0 0 0 0 0.0111406820573126 0
"венеды" 0.0304891328019513 0 0 0 0 0 0 0 0 0 0.00618926780961812 0
"верху" 0 0 0 0 0.00133217877839206 0.0223896322832157 0.00144391821647222 0 0 0 0 0
"вещь" 0.00435559040027876 0.00574426530846705 0.00150364634238027 0.00403575680529491 0 0 0.00577567286588888 0 0 0 0.00866497493346537 0
"вздумал" 0.0108889760006969 0.00957377551411175 0 0 0 0 0 0 0 0 0.00371356068577087 0.0073618728604557
"видом" 0.0130667712008363 0.00191475510282235 0.00150364634238027 0 0 0.00263407438626067 0 0.00204498977505112 0.0100779360386993 0 0.00618926780961812 0
"виру" 0.00217779520013938 0.0038295102056447 0 0 0.0133217877839206 0 0 0 0 0 0.00742712137154175 0
"владениях" 0.0108889760006969 0.00191475510282235 0 0.00605363520794237 0.00399653633517618 0 0.00288783643294444 0.00204498977505112 0 0.00631578947368421 0.00123785356192362 0
"владимиров" 0.0108889760006969 0.00957377551411175 0 0 0 0 0 0 0 0.00631578947368421 0.00371356068577087 0.00368093643022785
"владислав" 0 0.0076590204112894 0 0 0 0.00131703719313033 0 0 0 0 0 0.0171777033410633
"влияний" 0 0 0.00902187805428163 0.0121072704158847 0 0 0 0.00204498977505112 0 0.00631578947368421 0.00371356068577087 0
"возникает" 0 0.00191475510282235 0.00601458536952109 0.0161430272211797 0.00399653633517618 0.00263407438626067 0.00144391821647222 0 0 0 0 0
"войною" 0.00653338560041814 0.00574426530846705 0 0 0 0 0 0.00408997955010225 0 0 0.00618926780961812 0.0073618728604557
"володарь" 0 0.0134032857197564 0 0 0 0 0 0 0 0 0 0.0147237457209114
"временное" 0.00217779520013938 0 0.00150364634238027 0.00403575680529491 0 0.00526814877252134 0 0.00408997955010225 0.00335931201289976 0.0126315789473684 0.00123785356192362 0.00122697881007595
"всеволодович" 0 0.00957377551411175 0 0 0 0 0 0 0 0 0.00123785356192362 0.0159507245309874
"встретить" 0.00435559040027876 0.00574426530846705 0.00300729268476054 0 0.00266435755678412 0.00131703719313033 0.00577567286588888 0 0 0 0.0049514142476945 0.00122697881007595
"вторую" 0 0 0 0.00605363520794237 0.00266435755678412 0 0.00433175464941666 0.00204498977505112 0.0100779360386993 0.0105263157894737 0.00123785356192362 0.00122697881007595
"въехал" 0 0.0076590204112894 0 0 0 0 0 0 0 0 0.00123785356192362 0.0171777033410633
"выборных" 0 0 0 0 0.00532871511356824 0.011853334738173 0.00288783643294444 0.00408997955010225 0.00335931201289976 0.00210526315789474 0 0
"выгодами" 0.00871118080055752 0.00191475510282235 0.00150364634238027 0 0.0066608938919603 0.00263407438626067 0 0.00204498977505112 0 0.00210526315789474 0.00247570712384725 0.0024539576201519
"выражается" 0 0 0.00150364634238027 0 0.0066608938919603 0.003951111579391 0 0.00204498977505112 0.00335931201289976 0.0126315789473684 0.00123785356192362 0.00122697881007595
"германские" 0.0108889760006969 0.00191475510282235 0.00150364634238027 0.022196662429122 0 0 0 0 0 0 0.00123785356192362 0
"главную" 0 0 0.00601458536952109 0.00201787840264746 0.00133217877839206 0.00658518596565167 0.00288783643294444 0 0 0.00631578947368421 0 0.00368093643022785
"грабили" 0.00653338560041814 0.0229770612338682 0 0 0 0 0.00144391821647222 0 0 0 0.00123785356192362 0.0024539576201519
"дабы" 0.00217779520013938 0.00191475510282235 0.0180437561085633 0.00201787840264746 0 0.00131703719313033 0.00144391821647222 0.00204498977505112 0 0 0.00123785356192362 0
"дальнейшего" 0.00217779520013938 0.00191475510282235 0.00150364634238027 0.0181609056238271 0 0.00263407438626067 0 0.00408997955010225 0 0.00631578947368421 0 0
"дворянин" 0 0 0 0 0.00399653633517618 0.0144874091244337 0.00433175464941666 0.00204498977505112 0 0 0.00123785356192362 0
"дед" 0 0.00574426530846705 0 0 0.00266435755678412 0.00658518596565167 0 0 0.013437248051599 0 0.00618926780961812 0
"деревянных" 0 0 0 0 0 0.00131703719313033 0.0216587732470833 0 0 0 0.00371356068577087 0
"дипломатические" 0.00217779520013938 0 0 0 0.00932525144874442 0.007902223158782 0.00288783643294444 0.00408997955010225 0.00335931201289976 0 0 0
"добрым" 0.00435559040027876 0.0076590204112894 0 0 0.00133217877839206 0.00131703719313033 0 0.0081799591002045 0.00335931201289976 0.00210526315789474 0.00247570712384725 0.00368093643022785
"добычи" 0.0108889760006969 0.0038295102056447 0 0 0.00133217877839206 0 0 0.00204498977505112 0.00335931201289976 0.00421052631578947 0.00742712137154175 0.00122697881007595
"дому" 0.00435559040027876 0.0153180408225788 0 0 0.00133217877839206 0.00131703719313033 0 0.0081799591002045 0 0 0.00371356068577087 0
"ежедневно" 0 0.00191475510282235 0 0 0.00399653633517618 0.00658518596565167 0.0144391821647222 0 0 0 0 0
"естественных" 0.00217779520013938 0 0.00150364634238027 0.00605363520794237 0.00266435755678412 0 0 0 0 0.0210526315789474 0.00247570712384725 0
"завоевал" 0.0108889760006969 0.0153180408225788 0 0.00201787840264746 0.00133217877839206 0 0 0.00204498977505112 0 0 0.00371356068577087 0
"заключение" 0.00217779520013938 0.0038295102056447 0.00300729268476054 0 0.00266435755678412 0.00526814877252134 0.00433175464941666 0.00204498977505112 0 0 0.00247570712384725 0.0024539576201519
"заключения" 0.00435559040027876 0.0038295102056447 0.00751823171190136 0 0.00266435755678412 0.00131703719313033 0.00144391821647222 0.00408997955010225 0.00335931201289976 0.00210526315789474 0.00247570712384725 0
"законам" 0.00653338560041814 0.00191475510282235 0.00902187805428163 0 0.00133217877839206 0.00526814877252134 0.00144391821647222 0.00204498977505112 0 0.00210526315789474 0.00123785356192362 0
"законах" 0 0.0038295102056447 0.00902187805428163 0 0.00133217877839206 0.00263407438626067 0.00144391821647222 0.00204498977505112 0.00335931201289976 0.00842105263157895 0.00123785356192362 0
"законодательного" 0 0 0 0 0.00532871511356824 0.0184385207038247 0 0 0 0.00210526315789474 0 0
"заменить" 0.00653338560041814 0.00191475510282235 0.00300729268476054 0.00201787840264746 0.00399653633517618 0.003951111579391 0 0.00408997955010225 0.00671862402579952 0 0 0.0024539576201519
"заметили" 0.00653338560041814 0 0 0.00201787840264746 0.00133217877839206 0.00131703719313033 0.0072195910823611 0.00204498977505112 0 0 0.00618926780961812 0.0024539576201519
"заметны" 0.00217779520013938 0 0 0 0.0159861453407047 0.00263407438626067 0 0.00204498977505112 0.00671862402579952 0.00210526315789474 0 0
"замечаем" 0 0 0.00150364634238027 0.00201787840264746 0.00133217877839206 0.00131703719313033 0 0 0 0.00210526315789474 0.0148542427430835 0.0024539576201519
"защищать" 0 0 0.00300729268476054 0.00403575680529491 0.00532871511356824 0 0.00288783643294444 0 0 0.00210526315789474 0.00371356068577087 0.00613489405037975
"здания" 0.00653338560041814 0.0076590204112894 0.00150364634238027 0 0.00133217877839206 0.00263407438626067 0.0101074275153055 0.00204498977505112 0 0 0 0
"знаменитые" 0.00653338560041814 0.0134032857197564 0.00300729268476054 0 0 0.00263407438626067 0 0.00408997955010225 0 0 0.00371356068577087 0
"значительном" 0 0 0 0.00201787840264746 0.0119896090055285 0 0.00577567286588888 0.00204498977505112 0.00335931201289976 0.00631578947368421 0 0
"значительные" 0 0 0.00150364634238027 0.00201787840264746 0.00399653633517618 0.00131703719313033 0.0101074275153055 0.00408997955010225 0.00335931201289976 0.00421052631578947 0 0.00122697881007595
"избранной" 0 0 0 0 0 0 0 0 0.0638269282450954 0 0 0
"известиями" 0.0130667712008363 0 0.00300729268476054 0 0 0.00131703719313033 0.0101074275153055 0 0 0 0.00371356068577087 0
"издали" 0 0 0 0 0 0.003951111579391 0.0144391821647222 0 0.00335931201289976 0 0.00123785356192362 0.0049079152403038
"изяславича" 0 0.00191475510282235 0 0 0 0 0 0 0 0 0 0.0220856185813671
"императором" 0.0108889760006969 0.0076590204112894 0.00300729268476054 0.00403575680529491 0 0 0 0 0 0 0.0049514142476945 0.0024539576201519
"иностранцам" 0 0 0 0 0 0.003951111579391 0.0202148550306111 0 0.00335931201289976 0 0.00123785356192362 0
"интересами" 0 0 0.00751823171190136 0.00201787840264746 0.0066608938919603 0.00658518596565167 0 0.00204498977505112 0 0.00421052631578947 0 0
"интересах" 0 0 0.00601458536952109 0 0.00266435755678412 0.00131703719313033 0.0072195910823611 0 0.00335931201289976 0.0105263157894737 0.00123785356192362 0
"искусств" 0.00435559040027876 0 0.0105255243966619 0.0121072704158847 0 0 0.00288783643294444 0 0 0 0.00247570712384725 0
"истец" 0.00217779520013938 0.0172327959254011 0 0 0.00133217877839206 0.00263407438626067 0.00433175464941666 0 0 0 0.00371356068577087 0
"источниках" 0.00217779520013938 0 0.0240583414780844 0 0.00133217877839206 0 0 0 0 0.00210526315789474 0 0
"каждым" 0 0 0.00150364634238027 0.00403575680529491 0.00799307267035236 0.00131703719313033 0.00866350929883331 0 0 0.00631578947368421 0 0
"казаков" 0 0 0 0 0 0.00263407438626067 0.0144391821647222 0.0102249488752556 0.00671862402579952 0 0 0
"карл" 0.00435559040027876 0 0.00300729268476054 0.0161430272211797 0 0 0 0 0 0 0.00742712137154175 0.00122697881007595
"китая" 0.00217779520013938 0 0.00150364634238027 0.022196662429122 0 0 0.00866350929883331 0 0 0 0 0
"клобуков" 0 0.0076590204112894 0 0 0.00266435755678412 0 0 0 0 0 0 0.0159507245309874
"кнутом" 0 0 0 0 0.00266435755678412 0.00658518596565167 0.0173270185976666 0 0 0 0 0
"количества" 0 0 0.00601458536952109 0.00201787840264746 0.00133217877839206 0.00131703719313033 0.0072195910823611 0 0.0100779360386993 0.00421052631578947 0.00247570712384725 0
"количеством" 0 0 0.00451093902714082 0.00201787840264746 0.00399653633517618 0.00526814877252134 0.00288783643294444 0 0.00335931201289976 0.00842105263157895 0 0.00122697881007595
"конях" 0.00217779520013938 0.0076590204112894 0 0 0.00266435755678412 0 0 0 0 0.00210526315789474 0.00866497493346537 0.0049079152403038
"корабль" 0 0.00191475510282235 0 0 0 0 0.0072195910823611 0.00408997955010225 0 0 0.0136163891811599 0
"крепостной" 0 0 0 0.00403575680529491 0 0 0 0.00408997955010225 0.00335931201289976 0.0294736842105263 0 0
"кризис" 0 0 0.00150364634238027 0.00605363520794237 0 0.00263407438626067 0 0.0081799591002045 0.013437248051599 0.0105263157894737 0 0
"линия" 0 0 0 0.00403575680529491 0.0066608938919603 0.00131703719313033 0 0.00204498977505112 0.0100779360386993 0 0.00371356068577087 0.0049079152403038
"личным" 0 0.00191475510282235 0 0 0.0066608938919603 0.00263407438626067 0.00433175464941666 0.00408997955010225 0 0 0.00247570712384725 0.0049079152403038
"льготы" 0 0 0 0 0.00932525144874442 0.00131703719313033 0.00288783643294444 0.016359918200409 0 0 0 0.00122697881007595
"македонского" 0.00435559040027876 0 0.00150364634238027 0.022196662429122 0 0.00526814877252134 0 0 0 0 0.00123785356192362 0
"мала" 0.00435559040027876 0.00191475510282235 0.00150364634238027 0 0.00266435755678412 0.00131703719313033 0 0.00408997955010225 0 0 0.00742712137154175 0.0049079152403038
"малой" 0.00217779520013938 0 0 0.0201787840264746 0 0.00263407438626067 0.00433175464941666 0.00204498977505112 0 0 0.00123785356192362 0.00122697881007595
"масс" 0 0 0.00300729268476054 0.0100893920132373 0 0.00131703719313033 0 0.00408997955010225 0.00671862402579952 0.0147368421052632 0 0
"междоусобие" 0.00871118080055752 0.0172327959254011 0 0 0 0 0 0.00408997955010225 0.00335931201289976 0.00210526315789474 0.00123785356192362 0.00122697881007595
"меру" 0 0 0.00300729268476054 0.00201787840264746 0.00133217877839206 0.007902223158782 0.00433175464941666 0.00613496932515337 0.00671862402579952 0.00210526315789474 0 0
"местничества" 0 0 0 0 0.00532871511356824 0.0171214835106943 0 0.00204498977505112 0.00335931201289976 0 0 0
"мирно" 0.00653338560041814 0.00957377551411175 0.00150364634238027 0 0.00399653633517618 0 0.00433175464941666 0.00204498977505112 0 0 0.00123785356192362 0.0024539576201519
"митрополитом" 0.00217779520013938 0.0076590204112894 0 0 0.00266435755678412 0.00263407438626067 0 0.00408997955010225 0.0201558720773985 0 0.00123785356192362 0.00122697881007595
"мстиславичу" 0 0.0134032857197564 0 0 0 0 0 0 0 0 0 0.0147237457209114
"назвали" 0.0108889760006969 0.00191475510282235 0.00300729268476054 0 0.00133217877839206 0 0 0 0 0.00210526315789474 0.00742712137154175 0.00368093643022785
"названий" 0.00217779520013938 0 0.00150364634238027 0.00201787840264746 0 0.00131703719313033 0.00577567286588888 0 0 0.00421052631578947 0.00742712137154175 0.00368093643022785
"наказания" 0.00217779520013938 0.00574426530846705 0 0 0 0.00263407438626067 0.0144391821647222 0.00204498977505112 0 0.00210526315789474 0.00123785356192362 0
"намерение" 0.00435559040027876 0.0076590204112894 0 0 0 0.00131703719313033 0.00144391821647222 0.00204498977505112 0.00335931201289976 0 0.00742712137154175 0.00368093643022785
"наместником" 0 0.0038295102056447 0 0 0.0133217877839206 0.003951111579391 0.00288783643294444 0 0.00671862402579952 0 0 0
"напасть" 0 0 0 0.00201787840264746 0.00133217877839206 0 0.00288783643294444 0 0 0 0.0049514142476945 0.0134967669108354
"наследства" 0.00217779520013938 0 0 0.00807151361058983 0 0 0 0 0.00671862402579952 0.00210526315789474 0.00866497493346537 0.0049079152403038
"науку" 0.00653338560041814 0 0.0135328170814224 0.00403575680529491 0 0 0 0 0 0.0105263157894737 0 0
"научно" 0 0 0.0240583414780844 0.00201787840264746 0 0 0 0 0.00671862402579952 0 0 0
"научный" 0 0 0.0225546951357041 0 0.00133217877839206 0 0 0 0.00335931201289976 0.00421052631578947 0 0
"научным" 0 0 0.0225546951357041 0.00201787840264746 0 0 0 0 0.00335931201289976 0.00210526315789474 0.00123785356192362 0
"начинали" 0.00217779520013938 0 0 0 0.0106574302271365 0.00263407438626067 0.0072195910823611 0 0 0.00631578947368421 0 0
"нашествия" 0 0.00191475510282235 0 0.0181609056238271 0.00266435755678412 0.00131703719313033 0.00288783643294444 0 0 0 0.00371356068577087 0.00122697881007595
"нетрудно" 0 0 0.00150364634238027 0 0.00133217877839206 0 0.00144391821647222 0.00408997955010225 0 0.0231578947368421 0.00247570712384725 0.00122697881007595
"никон" 0 0 0 0 0.0173183241190968 0.00526814877252134 0 0 0 0.00421052631578947 0 0
"новгородцам" 0 0 0 0 0 0 0 0 0 0 0.00866497493346537 0.0147237457209114
"носит" 0 0 0.00451093902714082 0.00201787840264746 0.00266435755678412 0 0 0.00204498977505112 0 0.00421052631578947 0.00742712137154175 0.0049079152403038
"обед" 0.00217779520013938 0.00574426530846705 0 0 0 0.00131703719313033 0.0101074275153055 0 0 0 0 0.00858885167053165
"обиды" 0.00217779520013938 0.00957377551411175 0 0 0.00133217877839206 0 0 0.00204498977505112 0.013437248051599 0 0.00371356068577087 0.0049079152403038
"обозначения" 0 0 0.016540109766183 0.00605363520794237 0.00266435755678412 0 0 0.00204498977505112 0 0 0.00123785356192362 0.00122697881007595
"обоим" 0 0.00191475510282235 0.00150364634238027 0 0.00133217877839206 0.00526814877252134 0.00144391821647222 0 0 0.00421052631578947 0.00371356068577087 0.0073618728604557
"обращение" 0 0 0.00451093902714082 0.00201787840264746 0 0.00131703719313033 0.00433175464941666 0.0081799591002045 0.00335931201289976 0.00210526315789474 0.00371356068577087 0.0024539576201519
"обычае" 0 0 0 0 0.00133217877839206 0.007902223158782 0.00144391821647222 0 0 0 0.0136163891811599 0
"огнем" 0.0130667712008363 0.00957377551411175 0.00150364634238027 0 0 0 0 0 0 0 0.00742712137154175 0.00122697881007595
"оке" 0.00435559040027876 0 0 0 0.00266435755678412 0.00131703719313033 0.0072195910823611 0 0.00671862402579952 0 0.00866497493346537 0
"окольничими" 0 0 0 0 0.00932525144874442 0.015804446317564 0 0 0 0 0 0
"олегова" 0.00871118080055752 0.0153180408225788 0 0 0.00133217877839206 0 0 0 0 0 0.0049514142476945 0.0024539576201519
"описывая" 0.00653338560041814 0 0 0 0.00133217877839206 0.00526814877252134 0.0115513457317778 0.00204498977505112 0.00335931201289976 0 0.00123785356192362 0
"особенной" 0.00435559040027876 0 0 0 0.00266435755678412 0.003951111579391 0.00866350929883331 0.00204498977505112 0 0.00842105263157895 0.00123785356192362 0
"отвечала" 0 0 0 0 0.00133217877839206 0.003951111579391 0 0 0 0 0.00742712137154175 0.0110428092906835
"отчины" 0 0 0 0 0.00532871511356824 0.00131703719313033 0.00288783643294444 0.00613496932515337 0.00335931201289976 0 0.00123785356192362 0.00858885167053165
"очереди" 0 0.00191475510282235 0.00150364634238027 0.00201787840264746 0.0133217877839206 0.00526814877252134 0 0 0 0.00210526315789474 0 0.00122697881007595
"очерки" 0 0 0.0105255243966619 0.00201787840264746 0 0.00263407438626067 0.00288783643294444 0.00204498977505112 0 0.0126315789473684 0 0
"переяславского" 0 0.00191475510282235 0 0 0.00399653633517618 0.00131703719313033 0 0 0 0 0.00247570712384725 0.0147237457209114
"пили" 0.0108889760006969 0.00191475510282235 0 0 0 0 0.00577567286588888 0.00408997955010225 0 0 0.00742712137154175 0.00122697881007595
"плохо" 0 0 0.00451093902714082 0.00201787840264746 0.00532871511356824 0.00526814877252134 0.00288783643294444 0.00204498977505112 0.00335931201289976 0.00210526315789474 0 0.0024539576201519
"повинности" 0 0 0 0.00201787840264746 0.0133217877839206 0 0.00144391821647222 0 0.00335931201289976 0.0126315789473684 0 0
"повиноваться" 0.0108889760006969 0.00957377551411175 0 0.00201787840264746 0 0.003951111579391 0 0.00204498977505112 0.00671862402579952 0 0.00123785356192362 0.00122697881007595
"пограничных" 0 0 0.00150364634238027 0.00201787840264746 0 0 0.00866350929883331 0.00408997955010225 0.00335931201289976 0 0.00247570712384725 0.0073618728604557
"подробностей" 0.00217779520013938 0 0.00601458536952109 0 0 0.003951111579391 0.00577567286588888 0.00408997955010225 0 0 0.0049514142476945 0.00122697881007595
"показанию" 0 0 0 0 0 0 0.0274344461129722 0 0 0 0 0
"полком" 0 0 0 0 0.00532871511356824 0.00263407438626067 0.00288783643294444 0 0.00335931201289976 0 0 0.0122697881007595
"полочане" 0.00653338560041814 0.0076590204112894 0 0 0 0 0 0 0 0 0.0049514142476945 0.0098158304806076
"понятиями" 0 0 0.00751823171190136 0.00403575680529491 0.00266435755678412 0.003951111579391 0.00433175464941666 0 0 0 0.00247570712384725 0.0024539576201519
"поприще" 0 0 0 0.0100893920132373 0.00399653633517618 0.00658518596565167 0.00288783643294444 0.00204498977505112 0 0 0.00123785356192362 0.0024539576201519
"посадить" 0 0.0038295102056447 0 0 0.00266435755678412 0.003951111579391 0.00288783643294444 0.00613496932515337 0 0 0.00123785356192362 0.0073618728604557
"последовательно" 0 0 0.00300729268476054 0 0.0066608938919603 0.00263407438626067 0 0.00613496932515337 0.00335931201289976 0.0126315789473684 0 0
"потомство" 0.00435559040027876 0.00574426530846705 0 0 0 0 0 0 0 0 0 0.0171777033410633
"потребностям" 0.00217779520013938 0 0.00300729268476054 0.00201787840264746 0.00266435755678412 0.003951111579391 0.00144391821647222 0 0.00335931201289976 0.0126315789473684 0 0.0024539576201519
"похожи" 0 0 0 0.00201787840264746 0.00799307267035236 0 0.00433175464941666 0 0 0 0.009902828495389 0.00122697881007595
"пошло" 0 0 0.00150364634238027 0.00807151361058983 0.00266435755678412 0.00131703719313033 0.00288783643294444 0.00408997955010225 0.00335931201289976 0.0105263157894737 0.00123785356192362 0
"правили" 0.00217779520013938 0 0 0 0.00932525144874442 0.00921926035191234 0 0.00613496932515337 0 0.00210526315789474 0 0
"правительственная" 0 0 0 0 0.0119896090055285 0.007902223158782 0 0.00613496932515337 0 0.00210526315789474 0 0
"правительственную" 0 0 0.00150364634238027 0 0.0106574302271365 0.00526814877252134 0 0.0081799591002045 0.00671862402579952 0 0 0
"пребывания" 0 0 0.00150364634238027 0 0 0 0.0158831003811944 0.00204498977505112 0.00335931201289976 0 0.0049514142476945 0.00122697881007595
"предметами" 0 0 0.0210510487933238 0 0.00266435755678412 0 0.00433175464941666 0 0 0 0 0
"представлять" 0.00435559040027876 0.00191475510282235 0.00751823171190136 0 0.00266435755678412 0.00263407438626067 0.00144391821647222 0.00204498977505112 0 0.00421052631578947 0.00247570712384725 0.00122697881007595
"приближении" 0 0.0038295102056447 0 0 0 0 0.00288783643294444 0 0.00671862402579952 0 0 0.0159507245309874
"привычки" 0 0 0.00451093902714082 0 0.0106574302271365 0.00526814877252134 0.00144391821647222 0.00204498977505112 0.00335931201289976 0.00210526315789474 0 0
"придворные" 0.00217779520013938 0.0038295102056447 0 0 0.00799307267035236 0.003951111579391 0.0101074275153055 0 0 0 0 0
"признает" 0.00435559040027876 0 0.00751823171190136 0.00201787840264746 0.00399653633517618 0.003951111579391 0 0.00408997955010225 0 0 0.00247570712384725 0.00122697881007595
"прислали" 0.00435559040027876 0.00957377551411175 0 0 0 0.003951111579391 0 0 0 0 0.00123785356192362 0.0098158304806076
"присутствовал" 0 0.00191475510282235 0 0 0.0066608938919603 0.011853334738173 0.00144391821647222 0.00204498977505112 0.00671862402579952 0 0 0
"промышленного" 0 0 0 0.00201787840264746 0.00932525144874442 0 0 0 0.00335931201289976 0.0189473684210526 0.00123785356192362 0
"профессор" 0 0 0.0270656341628449 0 0 0 0 0.00204498977505112 0 0 0 0
"разделить" 0.00435559040027876 0.00574426530846705 0.00150364634238027 0 0.00133217877839206 0.00526814877252134 0 0 0.00671862402579952 0.00631578947368421 0.00123785356192362 0.0024539576201519
"рекою" 0.00653338560041814 0.00957377551411175 0 0 0 0 0.00433175464941666 0 0 0 0.0049514142476945 0.0049079152403038
"религиозной" 0 0 0.00451093902714082 0.022196662429122 0 0 0 0 0.00335931201289976 0.00842105263157895 0 0
"религиозных" 0 0 0.00300729268476054 0.0201787840264746 0 0 0.00144391821647222 0 0 0.00842105263157895 0.00247570712384725 0
"речной" 0 0 0 0.0141251488185322 0.00399653633517618 0 0.00288783643294444 0 0 0 0.00742712137154175 0.00122697881007595
"решили" 0 0.00574426530846705 0 0 0 0.00131703719313033 0 0.0081799591002045 0.00335931201289976 0.00210526315789474 0 0.0110428092906835
"решились" 0 0.0114885306169341 0 0 0 0 0.00433175464941666 0 0 0.00210526315789474 0.00247570712384725 0.00858885167053165
"родным" 0 0 0.00300729268476054 0 0.00133217877839206 0 0.00144391821647222 0.00204498977505112 0 0 0.00123785356192362 0.0159507245309874
"родственные" 0.00217779520013938 0 0 0 0.00133217877839206 0 0 0.00408997955010225 0 0.00421052631578947 0.00866497493346537 0.0073618728604557
"росписи" 0 0.00191475510282235 0 0 0.00799307267035236 0.015804446317564 0 0 0 0 0 0
"российской" 0.0196001568012544 0.0114885306169341 0 0 0 0.00131703719313033 0.00144391821647222 0 0.00671862402579952 0 0 0
"ростовского" 0 0 0 0 0.00399653633517618 0.00263407438626067 0 0.00408997955010225 0.00335931201289976 0 0.00371356068577087 0.0098158304806076
"рубль" 0 0 0.00150364634238027 0 0.00266435755678412 0 0.0158831003811944 0 0 0.0105263157894737 0 0
"рубля" 0 0.00191475510282235 0 0 0 0.00131703719313033 0.0187709368141388 0.00204498977505112 0 0.00631578947368421 0 0
"самими" 0 0.00191475510282235 0.00751823171190136 0.00605363520794237 0.00266435755678412 0.00263407438626067 0 0.00613496932515337 0 0.00421052631578947 0 0.00122697881007595
"сверху" 0 0 0 0 0.00266435755678412 0.011853334738173 0.00577567286588888 0 0.00335931201289976 0.00631578947368421 0 0
"свидетель" 0.00217779520013938 0.00191475510282235 0.00150364634238027 0 0.0066608938919603 0 0 0.0081799591002045 0 0 0.00371356068577087 0.0049079152403038
"северян" 0.00871118080055752 0.0038295102056447 0 0 0.00532871511356824 0 0 0 0 0 0.0111406820573126 0
"сестры" 0.00435559040027876 0.00574426530846705 0 0 0 0.00131703719313033 0 0.00204498977505112 0.00335931201289976 0.00210526315789474 0.00742712137154175 0.0049079152403038
"сею" 0.017422361601115 0.0210623061310458 0 0 0 0 0 0 0 0 0 0
"сказывали" 0.00653338560041814 0 0 0 0 0.00658518596565167 0.0158831003811944 0 0 0 0 0
"скот" 0.00435559040027876 0.00574426530846705 0 0 0 0.00131703719313033 0.00288783643294444 0.00204498977505112 0 0.00210526315789474 0.00371356068577087 0.0073618728604557
"славянах" 0.0130667712008363 0 0 0 0.0106574302271365 0 0 0 0 0 0.00618926780961812 0
"славянским" 0.00653338560041814 0 0.00150364634238027 0.00201787840264746 0 0 0 0 0 0.00631578947368421 0.0136163891811599 0
"слезы" 0.0108889760006969 0.0172327959254011 0 0.00201787840264746 0 0 0 0 0 0 0.00123785356192362 0.00368093643022785
"служба" 0 0.00191475510282235 0 0 0.00799307267035236 0.00921926035191234 0.00144391821647222 0.00204498977505112 0 0.00421052631578947 0.00123785356192362 0
"слыша" 0.0108889760006969 0.0134032857197564 0 0 0 0 0.00144391821647222 0 0 0 0.00247570712384725 0.0049079152403038
"смели" 0 0.00957377551411175 0 0 0 0.00131703719313033 0.00144391821647222 0.00408997955010225 0 0 0.00742712137154175 0.0049079152403038
"собору" 0 0 0 0 0 0.0171214835106943 0 0.00204498977505112 0.0167965600644988 0 0 0
"совести" 0.00871118080055752 0.0076590204112894 0.00451093902714082 0.00201787840264746 0 0 0.00433175464941666 0.00204498977505112 0.00335931201289976 0.00210526315789474 0.00123785356192362 0
"соединился" 0.00217779520013938 0.0134032857197564 0 0 0 0 0 0 0 0 0.00123785356192362 0.0122697881007595
"сообща" 0 0 0.00150364634238027 0 0.0066608938919603 0.00131703719313033 0 0 0 0.0147368421052632 0.00371356068577087 0.0024539576201519
"спасти" 0.0152445664009757 0.0134032857197564 0 0 0.00133217877839206 0.00131703719313033 0 0.00204498977505112 0 0.00210526315789474 0 0.00122697881007595
"списки" 0 0.0038295102056447 0.00150364634238027 0 0.0066608938919603 0.00658518596565167 0.00288783643294444 0.00204498977505112 0 0 0.00247570712384725 0.00122697881007595
"способом" 0 0.00191475510282235 0.00902187805428163 0 0.00399653633517618 0 0.00288783643294444 0.00408997955010225 0.00671862402579952 0.00210526315789474 0.00247570712384725 0
"спрашивал" 0.00435559040027876 0.00574426530846705 0 0.00201787840264746 0.00266435755678412 0.003951111579391 0.00433175464941666 0 0 0 0.00371356068577087 0.0024539576201519
"средиземного" 0.00217779520013938 0 0.00150364634238027 0.0282502976370644 0 0 0 0 0 0 0.00371356068577087 0
"средневековья" 0 0 0.00300729268476054 0.0302681760397118 0 0 0 0 0 0.00421052631578947 0 0
"стане" 0.00653338560041814 0.0210623061310458 0 0 0.00133217877839206 0 0 0 0 0 0 0.0049079152403038
"становилось" 0 0 0.00150364634238027 0.00201787840264746 0.00799307267035236 0.00263407438626067 0.00144391821647222 0.00204498977505112 0 0.00842105263157895 0.00247570712384725 0.00122697881007595
"старост" 0 0.00191475510282235 0 0 0.0119896090055285 0.00131703719313033 0.00288783643294444 0 0.00335931201289976 0.00631578947368421 0.00247570712384725 0
"старости" 0.0130667712008363 0.0038295102056447 0 0.00403575680529491 0.00133217877839206 0 0.00144391821647222 0 0.0100779360386993 0 0.00123785356192362 0.00368093643022785
"старшины" 0 0 0 0 0.0133217877839206 0.00131703719313033 0 0 0.00335931201289976 0 0.00866497493346537 0
"строе" 0 0 0 0.00807151361058983 0.00266435755678412 0.00658518596565167 0 0 0 0.00631578947368421 0.00618926780961812 0
"ступенях" 0 0 0.00751823171190136 0.0161430272211797 0.00266435755678412 0 0 0 0 0.00210526315789474 0.00371356068577087 0
"суздальской" 0 0.0114885306169341 0 0 0.0066608938919603 0.00131703719313033 0 0 0 0 0.00123785356192362 0.0073618728604557
"существенно" 0 0 0.00902187805428163 0.00201787840264746 0.0066608938919603 0.00131703719313033 0 0.00204498977505112 0 0.0105263157894737 0 0
"схватили" 0 0.0076590204112894 0 0 0 0.00131703719313033 0 0 0 0 0 0.0171777033410633
"счёт" 0 0 0 0 0 0 0.0274344461129722 0 0 0 0 0
"считается" 0.00871118080055752 0 0.00150364634238027 0.00403575680529491 0.00133217877839206 0 0.0072195910823611 0.00204498977505112 0 0 0.00618926780961812 0
"татарских" 0 0 0 0 0 0.00131703719313033 0.0101074275153055 0.00408997955010225 0.0302338081160978 0 0 0
"тмутаракани" 0 0 0 0 0 0 0 0 0 0 0.00618926780961812 0.0171777033410633
"тогдашней" 0.00217779520013938 0.00191475510282235 0.00150364634238027 0.00605363520794237 0.00799307267035236 0.003951111579391 0 0 0.00671862402579952 0 0.00247570712384725 0
"турок" 0 0 0 0.0141251488185322 0 0.00131703719313033 0.00577567286588888 0.0102249488752556 0.00671862402579952 0 0 0
"уважение" 0.0108889760006969 0.0038295102056447 0 0 0 0 0.00144391821647222 0.00204498977505112 0 0 0.00742712137154175 0.0049079152403038
"угодно" 0.00217779520013938 0.00957377551411175 0.00150364634238027 0.00403575680529491 0 0.00131703719313033 0.00288783643294444 0.00204498977505112 0 0 0.00247570712384725 0.0049079152403038
"упадок" 0 0 0 0.0282502976370644 0.00133217877839206 0.00131703719313033 0 0.00408997955010225 0 0 0 0.00122697881007595
"употребление" 0.00871118080055752 0 0.00601458536952109 0.00201787840264746 0.00133217877839206 0.00131703719313033 0.00577567286588888 0.00204498977505112 0 0 0.00371356068577087 0
"уставы" 0.00653338560041814 0.00957377551411175 0 0.00201787840264746 0 0.00131703719313033 0 0 0 0 0.0111406820573126 0
"фактам" 0 0 0.0240583414780844 0 0 0 0.00144391821647222 0.00204498977505112 0 0.00210526315789474 0 0
"федорович" 0 0 0 0 0.00266435755678412 0 0 0.032719836400818 0.00335931201289976 0 0 0
"феодосия" 0.00217779520013938 0.00574426530846705 0 0 0 0 0 0.00613496932515337 0 0.00421052631578947 0.009902828495389 0.0024539576201519
"философ" 0.0108889760006969 0 0.0180437561085633 0.00403575680529491 0 0 0 0 0 0 0 0
"формами" 0 0 0.00601458536952109 0.00403575680529491 0.00266435755678412 0 0 0 0.013437248051599 0.00842105263157895 0.00247570712384725 0.00122697881007595
"храброго" 0.00871118080055752 0.0038295102056447 0 0 0 0 0 0 0 0.00210526315789474 0.0049514142476945 0.0098158304806076
"храбрый" 0.0152445664009757 0.0038295102056447 0 0 0 0 0 0 0 0 0.0049514142476945 0.0073618728604557
"храмы" 0.0108889760006969 0.0134032857197564 0.00300729268476054 0.00403575680529491 0 0 0 0 0 0 0.00371356068577087 0
"христианством" 0.00217779520013938 0 0 0.00807151361058983 0 0 0 0 0 0 0.0160920963050071 0.00122697881007595
"христова" 0.0283113376018119 0 0 0 0 0 0 0 0 0.00421052631578947 0.00371356068577087 0.00122697881007595
"хiii" 0 0 0 0 0.0253113967894491 0 0 0 0 0 0 0
"царскому" 0 0 0 0 0.00133217877839206 0.00263407438626067 0.00866350929883331 0.016359918200409 0.00671862402579952 0 0 0
"частях" 0.00217779520013938 0 0.00601458536952109 0.0161430272211797 0 0 0.00577567286588888 0.00204498977505112 0 0.00210526315789474 0 0
"чертах" 0 0.00191475510282235 0.00451093902714082 0.00605363520794237 0.00133217877839206 0.00263407438626067 0.00433175464941666 0 0.00671862402579952 0.00631578947368421 0.00123785356192362 0
"чиновников" 0.0130667712008363 0.0153180408225788 0 0.00807151361058983 0 0 0 0.00204498977505112 0 0 0 0
"читать" 0.00871118080055752 0.00191475510282235 0.00300729268476054 0.00201787840264746 0 0.00263407438626067 0.00144391821647222 0.00408997955010225 0.00335931201289976 0 0.00247570712384725 0.00368093643022785
"э" 0 0 0.0150364634238027 0.00403575680529491 0.00266435755678412 0.00658518596565167 0 0 0 0 0 0
"языков" 0 0 0.0240583414780844 0.00201787840264746 0 0.00131703719313033 0 0 0 0.00210526315789474 0 0
"ярославова" 0.00217779520013938 0.0210623061310458 0 0 0 0 0 0 0 0 0.00371356068577087 0.0049079152403038
"яснее" 0.00653338560041814 0.0038295102056447 0 0.00605363520794237 0 0 0.00433175464941666 0.00408997955010225 0.00335931201289976 0.00421052631578947 0.00371356068577087 0
"est" 0 0 0.00451093902714082 0 0.00133217877839206 0 0.0216587732470833 0 0 0 0 0
"etc" 0 0 0.00150364634238027 0 0.00266435755678412 0.00263407438626067 0.0202148550306111 0 0 0 0 0
"possev" 0 0 0 0 0 0 0.0274344461129722 0 0 0 0 0
"азовского" 0.017422361601115 0.00191475510282235 0 0.00201787840264746 0 0 0.00144391821647222 0 0 0 0.00742712137154175 0.00122697881007595
"античный" 0 0 0.00150364634238027 0.0343039328450068 0 0 0 0 0 0 0 0
"батюшка" 0 0 0 0 0 0 0 0 0 0 0 0.0220856185813671
"бельский" 0 0 0 0 0 0.00131703719313033 0 0.0347648261758691 0 0 0 0
"благополучно" 0.00435559040027876 0.00957377551411175 0 0 0 0.00131703719313033 0.0072195910823611 0.00204498977505112 0.00335931201289976 0 0 0.00368093643022785
"богатый" 0.00871118080055752 0.00574426530846705 0.00300729268476054 0.00201787840264746 0.00133217877839206 0 0.00288783643294444 0.00204498977505112 0 0.00421052631578947 0.00123785356192362 0.00122697881007595
"болеславу" 0 0.0172327959254011 0 0 0 0 0 0 0 0 0.0049514142476945 0.00613489405037975
"большом" 0.00435559040027876 0 0.00300729268476054 0 0.00266435755678412 0.00263407438626067 0.0115513457317778 0 0 0.00210526315789474 0.00123785356192362 0
"бросился" 0 0.0076590204112894 0 0 0 0 0 0.00204498977505112 0 0 0.00247570712384725 0.0134967669108354
"будешь" 0.00435559040027876 0.00574426530846705 0 0.00201787840264746 0 0.00131703719313033 0 0 0 0 0.00247570712384725 0.0110428092906835
"будущее" 0.00871118080055752 0.00191475510282235 0.00601458536952109 0 0.00133217877839206 0.003951111579391 0 0.00204498977505112 0.00671862402579952 0.00210526315789474 0.00123785356192362 0
"важную" 0.00435559040027876 0 0 0.0100893920132373 0.00266435755678412 0.00131703719313033 0.00288783643294444 0 0 0.00421052631578947 0.00371356068577087 0.00122697881007595
"важный" 0.00217779520013938 0.00191475510282235 0.00300729268476054 0.00201787840264746 0.00399653633517618 0.00526814877252134 0.00288783643294444 0.00204498977505112 0.00335931201289976 0.00421052631578947 0 0
"вдвое" 0.00435559040027876 0.0038295102056447 0.00150364634238027 0 0.00133217877839206 0 0.00866350929883331 0.00204498977505112 0 0.00842105263157895 0.00123785356192362 0
"верховного" 0.00217779520013938 0.00191475510282235 0 0.00605363520794237 0.00133217877839206 0.00658518596565167 0 0 0 0 0.0049514142476945 0.00368093643022785
"видит" 0.00435559040027876 0 0.00751823171190136 0.00403575680529491 0.00266435755678412 0.003951111579391 0.00144391821647222 0.00408997955010225 0 0 0.00123785356192362 0
"вира" 0.00217779520013938 0.0038295102056447 0 0 0.0106574302271365 0 0 0 0 0 0.00866497493346537 0
"владимирович" 0 0.0172327959254011 0 0 0.00133217877839206 0 0 0 0 0 0.00123785356192362 0.00858885167053165
"внутренним" 0 0 0.00300729268476054 0.00605363520794237 0.00133217877839206 0.003951111579391 0.00144391821647222 0.00408997955010225 0.0167965600644988 0 0 0.00122697881007595
"воеводами" 0.00217779520013938 0.00191475510282235 0 0 0.00399653633517618 0.0105362975450427 0.00288783643294444 0 0.00671862402579952 0 0 0.00122697881007595
"возвратил" 0.00217779520013938 0.0172327959254011 0 0 0.00133217877839206 0.00131703719313033 0 0 0 0 0 0.0073618728604557
"войн" 0 0 0.00451093902714082 0.0100893920132373 0 0.00131703719313033 0.00433175464941666 0.00613496932515337 0 0 0.00123785356192362 0.0024539576201519
"вопросах" 0 0 0.016540109766183 0.00403575680529491 0.00133217877839206 0.00526814877252134 0 0 0 0 0 0
"восемь" 0.00653338560041814 0 0 0 0.00399653633517618 0.00658518596565167 0 0 0.00335931201289976 0 0.00123785356192362 0.00613489405037975
"восточным" 0.00217779520013938 0.00191475510282235 0 0.00605363520794237 0.00133217877839206 0.00131703719313033 0.00866350929883331 0.00204498977505112 0.00671862402579952 0 0.00247570712384725 0
"восточными" 0.00217779520013938 0 0 0.00807151361058983 0.00133217877839206 0.00131703719313033 0.00433175464941666 0 0 0 0.009902828495389 0
"врагам" 0.00435559040027876 0.0114885306169341 0 0 0.00266435755678412 0.00131703719313033 0.00144391821647222 0.00204498977505112 0.00335931201289976 0 0.0049514142476945 0
"всеволодов" 0 0.0287213265423352 0 0 0 0 0 0 0 0 0 0.00368093643022785
"всецело" 0 0 0.00300729268476054 0.00807151361058983 0 0 0 0.00204498977505112 0.013437248051599 0.0147368421052632 0 0
"встал" 0 0.0038295102056447 0 0 0.00133217877839206 0 0.00144391821647222 0.00408997955010225 0.00335931201289976 0 0.00247570712384725 0.0110428092906835
"вступили" 0.00871118080055752 0.0172327959254011 0 0.00201787840264746 0 0.00131703719313033 0 0 0.00335931201289976 0 0 0.0024539576201519
"выражалось" 0 0 0 0.00403575680529491 0.00799307267035236 0.007902223158782 0.00288783643294444 0.00204498977505112 0 0 0 0.00122697881007595
"выразился" 0 0 0.00150364634238027 0.00403575680529491 0 0.007902223158782 0 0.0081799591002045 0.0100779360386993 0.00210526315789474 0.00123785356192362 0
"высший" 0 0 0 0 0.00932525144874442 0.00526814877252134 0.00433175464941666 0.00204498977505112 0 0.00210526315789474 0.00123785356192362 0.00122697881007595
"выходит" 0 0 0.00902187805428163 0.00403575680529491 0 0.00263407438626067 0.00433175464941666 0.00204498977505112 0 0.00421052631578947 0.00123785356192362 0.00122697881007595
"гнева" 0.00653338560041814 0.0134032857197564 0.00300729268476054 0 0 0.00131703719313033 0.00144391821647222 0 0.00335931201289976 0 0.00247570712384725 0.00122697881007595
"говорила" 0.00217779520013938 0.00191475510282235 0 0.00201787840264746 0 0.00131703719313033 0 0.0122699386503067 0.00335931201289976 0 0.00742712137154175 0.00122697881007595
"городке" 0.00217779520013938 0 0 0 0 0 0.00433175464941666 0 0 0 0.0049514142476945 0.0122697881007595
"государевым" 0 0 0 0 0.00133217877839206 0.0144874091244337 0.00144391821647222 0.00613496932515337 0.00671862402579952 0 0 0
"дала" 0 0.00191475510282235 0.00451093902714082 0.00201787840264746 0.00133217877839206 0.00263407438626067 0.00144391821647222 0.00408997955010225 0.00335931201289976 0.00421052631578947 0.00371356068577087 0.00122697881007595
"дало" 0 0 0.00451093902714082 0.00605363520794237 0.00133217877839206 0.00263407438626067 0 0 0.0100779360386993 0 0.0049514142476945 0.0024539576201519
"дальнейших" 0.00653338560041814 0.0038295102056447 0.00451093902714082 0 0.00266435755678412 0 0.00144391821647222 0.00204498977505112 0.00335931201289976 0.00631578947368421 0.00247570712384725 0
"даров" 0.00871118080055752 0.0038295102056447 0 0 0 0.00131703719313033 0 0 0 0.0105263157894737 0.00247570712384725 0.0049079152403038
"дворцовым" 0 0 0 0 0.0173183241190968 0.00526814877252134 0 0.00204498977505112 0 0 0 0
"действием" 0.0152445664009757 0.0038295102056447 0.00150364634238027 0.00201787840264746 0.00399653633517618 0.003951111579391 0 0 0 0.00210526315789474 0 0
"делая" 0 0 0.00601458536952109 0.00403575680529491 0 0.003951111579391 0.00577567286588888 0 0.00335931201289976 0.00421052631578947 0.00123785356192362 0.00122697881007595
"десятин" 0 0 0 0 0.00133217877839206 0.00263407438626067 0.00144391821647222 0.0081799591002045 0.0302338081160978 0.00210526315789474 0 0
"дикого" 0.0152445664009757 0.00191475510282235 0 0.00201787840264746 0 0 0.00144391821647222 0.00408997955010225 0.0167965600644988 0 0 0.00122697881007595
"добро" 0.00217779520013938 0.0038295102056447 0 0.00201787840264746 0.00266435755678412 0 0 0.0081799591002045 0 0.00210526315789474 0 0.00858885167053165
"доказать" 0.00653338560041814 0.0076590204112894 0.00751823171190136 0.00201787840264746 0.00133217877839206 0.00131703719313033 0.00144391821647222 0 0 0.00210526315789474 0.00123785356192362 0
"достоинство" 0.00871118080055752 0.0076590204112894 0.00300729268476054 0.00201787840264746 0 0 0.00144391821647222 0.00408997955010225 0 0 0.00371356068577087 0.00122697881007595
"душа" 0.00217779520013938 0.0114885306169341 0.00150364634238027 0.00201787840264746 0 0 0 0 0.0100779360386993 0 0.00371356068577087 0.00368093643022785
"жалобы" 0.00217779520013938 0.00191475510282235 0 0 0.00266435755678412 0.003951111579391 0.00866350929883331 0.00408997955010225 0 0.00210526315789474 0.00123785356192362 0.00122697881007595
"жило" 0.00217779520013938 0 0 0 0 0 0.0144391821647222 0.00204498977505112 0.00335931201289976 0 0.00618926780961812 0
"забывать" 0.00217779520013938 0 0.00300729268476054 0.00807151361058983 0 0.00263407438626067 0.00288783643294444 0 0 0.00421052631578947 0.0049514142476945 0.00122697881007595
"заключает" 0 0 0.00751823171190136 0.00201787840264746 0 0 0.00433175464941666 0.00408997955010225 0 0.00421052631578947 0.00371356068577087 0.0024539576201519
"занятие" 0 0 0.00300729268476054 0.00403575680529491 0.00532871511356824 0 0 0 0 0.00421052631578947 0.00742712137154175 0.0024539576201519
"занять" 0 0.0038295102056447 0.00300729268476054 0 0.00399653633517618 0 0 0.00204498977505112 0.00335931201289976 0.00210526315789474 0.00123785356192362 0.00858885167053165
"защитить" 0.00871118080055752 0.0210623061310458 0.00150364634238027 0 0 0 0 0 0 0 0.00123785356192362 0.00122697881007595
"защиту" 0.00217779520013938 0.00191475510282235 0.00300729268476054 0.00605363520794237 0.00133217877839206 0.00131703719313033 0.00144391821647222 0.00204498977505112 0.00335931201289976 0.00631578947368421 0.00371356068577087 0
"зело" 0 0 0 0 0 0.003951111579391 0 0.016359918200409 0.0201558720773985 0 0.00123785356192362 0
"зятя" 0 0.0114885306169341 0 0 0.00133217877839206 0 0 0.00204498977505112 0 0 0 0.0122697881007595
"играли" 0.00435559040027876 0 0.00300729268476054 0.0161430272211797 0.00133217877839206 0.00131703719313033 0 0 0 0.00421052631578947 0.00123785356192362 0.00122697881007595
"игумен" 0 0.0153180408225788 0 0 0.0066608938919603 0 0 0 0.00335931201289976 0 0.00123785356192362 0.00368093643022785
"идолов" 0.0239557472015332 0 0 0 0 0 0 0 0 0 0.00866497493346537 0
"известному" 0.00217779520013938 0.00191475510282235 0.00601458536952109 0.00605363520794237 0.00399653633517618 0.00131703719313033 0.00144391821647222 0 0.00335931201289976 0 0.00247570712384725 0.00122697881007595
"известными" 0 0 0.00751823171190136 0.00201787840264746 0.0066608938919603 0.00526814877252134 0 0.00204498977505112 0 0 0.00247570712384725 0
"изображения" 0.00217779520013938 0 0.0150364634238027 0.00605363520794237 0.00133217877839206 0.00131703719313033 0.00288783643294444 0 0 0 0 0
"искусстве" 0.00871118080055752 0.00191475510282235 0.00601458536952109 0.00201787840264746 0.00133217877839206 0 0.00144391821647222 0 0 0.0126315789473684 0 0
"исполнение" 0 0.0038295102056447 0.00150364634238027 0.00403575680529491 0.00133217877839206 0.00526814877252134 0.00577567286588888 0 0.00671862402579952 0 0.00123785356192362 0.00122697881007595
"исследователь" 0 0 0.00751823171190136 0 0.00532871511356824 0 0 0.0122699386503067 0.0100779360386993 0 0 0
"историками" 0.00871118080055752 0 0.00601458536952109 0.0100893920132373 0 0 0 0.00204498977505112 0.013437248051599 0 0 0
"картину" 0.00435559040027876 0.00191475510282235 0.00601458536952109 0.00403575680529491 0 0.00263407438626067 0.00288783643294444 0.00204498977505112 0.00335931201289976 0.00210526315789474 0.00247570712384725 0
"касательно" 0 0 0.00601458536952109 0 0 0 0.00288783643294444 0 0 0 0.0111406820573126 0.00368093643022785
"княжеская" 0.00653338560041814 0.00191475510282235 0 0 0.00532871511356824 0 0 0.00613496932515337 0.00671862402579952 0 0.0049514142476945 0.00122697881007595
"кончилось" 0 0.00191475510282235 0 0 0.00133217877839206 0.00263407438626067 0 0 0 0 0.00371356068577087 0.0134967669108354
"конь" 0.00653338560041814 0.00957377551411175 0 0 0 0 0 0.00408997955010225 0.00335931201289976 0 0.00371356068577087 0.0049079152403038
"конюший" 0 0 0 0 0.0119896090055285 0 0.00433175464941666 0.00613496932515337 0 0 0.00371356068577087 0
"кораблей" 0.00435559040027876 0 0 0.00201787840264746 0 0.00263407438626067 0.01299526394825 0 0 0 0.0049514142476945 0
"кормления" 0 0 0 0 0.00932525144874442 0.00131703719313033 0.0115513457317778 0 0.00671862402579952 0 0 0
"лицам" 0 0 0.00451093902714082 0 0.0119896090055285 0.00131703719313033 0 0.00204498977505112 0.00335931201289976 0.00631578947368421 0 0
"личное" 0 0 0.00150364634238027 0 0.00133217877839206 0.00131703719313033 0 0.0143149284253579 0.00671862402579952 0.00842105263157895 0 0.0024539576201519
"луцк" 0 0.00574426530846705 0 0 0.00399653633517618 0 0 0 0 0 0 0.0147237457209114
"лучшим" 0.00217779520013938 0.00191475510282235 0.00150364634238027 0 0.00266435755678412 0 0.0101074275153055 0 0.00671862402579952 0 0.00247570712384725 0.0024539576201519
"людем" 0 0 0 0 0.00133217877839206 0.00658518596565167 0 0.016359918200409 0.013437248051599 0 0 0
"массе" 0 0 0.00451093902714082 0.00201787840264746 0.00133217877839206 0.00263407438626067 0.00144391821647222 0.00408997955010225 0.00335931201289976 0.0147368421052632 0 0
"минуты" 0 0 0 0 0.0146539665623127 0.00526814877252134 0 0 0.0100779360386993 0 0 0
"митрополиту" 0 0.0076590204112894 0 0 0.00799307267035236 0.00526814877252134 0 0.00408997955010225 0.00335931201289976 0 0 0.00122697881007595
"мономахов" 0 0.0268065714395129 0 0 0 0 0 0 0 0 0 0.0049079152403038
"мурома" 0.00871118080055752 0.0038295102056447 0 0 0.00133217877839206 0 0.00144391821647222 0 0 0 0.00618926780961812 0.00613489405037975
"мятеж" 0.00435559040027876 0.0153180408225788 0 0 0 0.00131703719313033 0 0.00204498977505112 0.00335931201289976 0 0.00247570712384725 0.00368093643022785
"называем" 0 0 0.0225546951357041 0.00201787840264746 0 0 0 0 0 0.00210526315789474 0.00123785356192362 0
"нарушить" 0 0.0114885306169341 0.00150364634238027 0 0.00133217877839206 0 0.00288783643294444 0 0 0 0.00247570712384725 0.0073618728604557
"настоящей" 0 0 0.0180437561085633 0.00403575680529491 0 0.00131703719313033 0.00144391821647222 0 0 0 0.00247570712384725 0
"научное" 0 0 0.0240583414780844 0.00201787840264746 0 0 0 0 0 0.00210526315789474 0 0
"недель" 0 0.0076590204112894 0 0 0 0.00131703719313033 0.00288783643294444 0.00408997955010225 0.00335931201289976 0 0 0.0098158304806076
"недостаточно" 0 0 0.00300729268476054 0.00201787840264746 0.00399653633517618 0.003951111579391 0.00577567286588888 0 0 0.00631578947368421 0.00247570712384725 0
"незадолго" 0 0.0076590204112894 0 0 0 0.00131703719313033 0.00866350929883331 0.00408997955010225 0 0.00210526315789474 0.00247570712384725 0.0024539576201519
"непосредственного" 0 0 0.00902187805428163 0.0121072704158847 0.00532871511356824 0 0.00144391821647222 0 0 0 0.00123785356192362 0
"нестора" 0.0283113376018119 0.00574426530846705 0.00300729268476054 0 0 0 0 0 0 0 0 0
"нормы" 0 0 0.00601458536952109 0.00201787840264746 0.00532871511356824 0.00658518596565167 0 0 0.00671862402579952 0.00421052631578947 0 0
"обеспечить" 0 0.00191475510282235 0 0 0.00399653633517618 0.00658518596565167 0.00144391821647222 0.0081799591002045 0 0.00842105263157895 0 0
"областям" 0.00217779520013938 0 0.00150364634238027 0 0.00266435755678412 0.00131703719313033 0.00577567286588888 0.00408997955010225 0 0 0.00866497493346537 0
"обманом" 0 0.00574426530846705 0 0 0 0 0.00433175464941666 0 0.00335931201289976 0 0.00247570712384725 0.0110428092906835
"образовалось" 0.00217779520013938 0 0.00150364634238027 0.00807151361058983 0.00133217877839206 0.00263407438626067 0 0.00204498977505112 0 0.00210526315789474 0.00866497493346537 0
"обратиться" 0 0.0038295102056447 0 0 0 0.00131703719313033 0.00288783643294444 0 0.00335931201289976 0.00210526315789474 0.009902828495389 0.00368093643022785
"обстоятельствами" 0.00871118080055752 0.00191475510282235 0.00300729268476054 0 0.00399653633517618 0.00131703719313033 0 0 0 0 0.00618926780961812 0.0024539576201519
"общежития" 0.00217779520013938 0.00191475510282235 0 0.00807151361058983 0.00266435755678412 0 0.00288783643294444 0 0 0.0168421052631579 0 0
"общественным" 0 0 0.00150364634238027 0.00201787840264746 0.00532871511356824 0.00131703719313033 0 0.00204498977505112 0 0.0147368421052632 0.00247570712384725 0.00122697881007595
"овладел" 0.0108889760006969 0.0134032857197564 0.00150364634238027 0 0 0 0 0 0.00335931201289976 0 0 0.0049079152403038
"одежде" 0.0152445664009757 0 0 0.00403575680529491 0.00133217877839206 0 0.0072195910823611 0 0 0 0.00371356068577087 0
"органы" 0 0.00191475510282235 0 0.00201787840264746 0.00399653633517618 0.007902223158782 0.0101074275153055 0 0 0 0 0
"освященным" 0.00217779520013938 0 0 0 0 0.015804446317564 0 0.00408997955010225 0.00335931201289976 0 0.00247570712384725 0
"основу" 0 0 0.00902187805428163 0.0121072704158847 0.00133217877839206 0.00131703719313033 0 0 0 0.00842105263157895 0 0
"особенную" 0.00653338560041814 0.00957377551411175 0 0.00201787840264746 0.00399653633517618 0 0.00144391821647222 0.00613496932515337 0.00335931201289976 0 0.00123785356192362 0
"остатками" 0.00435559040027876 0 0.00751823171190136 0 0.00266435755678412 0.00131703719313033 0.00433175464941666 0 0 0.00631578947368421 0.00247570712384725 0
"отказаться" 0 0.00574426530846705 0.00451093902714082 0 0.00133217877839206 0.00263407438626067 0.00144391821647222 0 0 0 0.00618926780961812 0.00368093643022785
"отрасли" 0 0 0.00451093902714082 0 0 0.00263407438626067 0.00433175464941666 0 0 0.0147368421052632 0.00247570712384725 0.00122697881007595
"отроков" 0.00871118080055752 0.00957377551411175 0 0 0 0 0 0 0 0 0.0049514142476945 0.00613489405037975
"отсутствием" 0 0.0038295102056447 0 0.00201787840264746 0.00266435755678412 0.003951111579391 0 0 0.00335931201289976 0.0168421052631579 0 0.00122697881007595
"отсутствии" 0.00217779520013938 0.0038295102056447 0.00150364634238027 0.00201787840264746 0.00532871511356824 0.00658518596565167 0 0 0 0 0.00247570712384725 0.0024539576201519
"охоту" 0 0.00957377551411175 0.00150364634238027 0 0 0.00131703719313033 0.00577567286588888 0 0.00335931201289976 0.00210526315789474 0.00123785356192362 0.0049079152403038
"пало" 0 0 0 0.0100893920132373 0 0.00263407438626067 0 0 0.00335931201289976 0.00421052631578947 0.00123785356192362 0.00858885167053165
"паны" 0.00217779520013938 0 0 0 0.0066608938919603 0.00526814877252134 0 0.0143149284253579 0.00335931201289976 0 0 0
"перевод" 0.00435559040027876 0 0.00300729268476054 0.00201787840264746 0.00133217877839206 0.00131703719313033 0.00433175464941666 0.00204498977505112 0.00335931201289976 0.00210526315789474 0.0049514142476945 0.00122697881007595
"передать" 0 0 0 0 0.00532871511356824 0.00131703719313033 0.00433175464941666 0.00204498977505112 0.00671862402579952 0.00210526315789474 0.00247570712384725 0.0049079152403038
"поводом" 0.00217779520013938 0.0076590204112894 0 0 0.00133217877839206 0.00263407438626067 0.00144391821647222 0.00204498977505112 0.00335931201289976 0 0.00247570712384725 0.00613489405037975
"подробностями" 0 0 0.00451093902714082 0 0.00266435755678412 0.00263407438626067 0.00577567286588888 0.00204498977505112 0.00671862402579952 0.00210526315789474 0.00247570712384725 0.00122697881007595
"позднейших" 0 0 0 0.00403575680529491 0.0066608938919603 0.00263407438626067 0 0.0081799591002045 0.00335931201289976 0.00631578947368421 0.00123785356192362 0
"поколений" 0 0 0.00601458536952109 0.00403575680529491 0.00932525144874442 0.00263407438626067 0 0.00204498977505112 0 0 0.00247570712384725 0
"польской" 0 0 0.00451093902714082 0.00201787840264746 0.00133217877839206 0.00263407438626067 0.00577567286588888 0 0.00335931201289976 0 0.00371356068577087 0.00368093643022785
"поместный" 0 0 0 0 0.00266435755678412 0.0144874091244337 0.0072195910823611 0 0 0 0 0
"помог" 0.00217779520013938 0.0038295102056447 0 0 0 0.00131703719313033 0 0.00204498977505112 0 0.00421052631578947 0 0.0134967669108354
"поры" 0 0 0.00300729268476054 0.00807151361058983 0.00399653633517618 0 0 0.016359918200409 0.00335931201289976 0 0 0
"порядков" 0 0 0.00300729268476054 0.00201787840264746 0.00799307267035236 0.00263407438626067 0 0.00408997955010225 0 0.0105263157894737 0 0
"постановления" 0 0.00191475510282235 0.00150364634238027 0.00201787840264746 0.00799307267035236 0.00921926035191234 0.00144391821647222 0 0 0.00210526315789474 0 0
"постепенное" 0 0 0.00150364634238027 0.0141251488185322 0.00399653633517618 0.00131703719313033 0.00144391821647222 0 0.00335931201289976 0.00421052631578947 0.00247570712384725 0
"построить" 0 0.00191475510282235 0.00150364634238027 0 0.00266435755678412 0.00263407438626067 0.00433175464941666 0.00408997955010225 0.0100779360386993 0.00842105263157895 0 0
"правах" 0 0 0 0.00201787840264746 0.00532871511356824 0.00658518596565167 0 0 0 0.00631578947368421 0.00123785356192362 0.0049079152403038
"праздники" 0.00217779520013938 0 0 0.00201787840264746 0 0.00526814877252134 0.00577567286588888 0 0 0.00210526315789474 0.00866497493346537 0
"предупредить" 0.00217779520013938 0.0134032857197564 0 0 0 0 0.00288783643294444 0.00204498977505112 0 0 0.00247570712384725 0.00613489405037975
"прежнем" 0.00217779520013938 0.00191475510282235 0.00150364634238027 0 0.00532871511356824 0.003951111579391 0.00288783643294444 0.00408997955010225 0.00335931201289976 0 0.00123785356192362 0.0024539576201519
"прекратить" 0.00653338560041814 0.00957377551411175 0.00150364634238027 0.00201787840264746 0.00133217877839206 0 0.00144391821647222 0.00408997955010225 0 0.00210526315789474 0.00123785356192362 0.0024539576201519
"преступников" 0.00871118080055752 0.00574426530846705 0 0 0 0.003951111579391 0.00866350929883331 0 0 0 0.00247570712384725 0
"прибыл" 0.00435559040027876 0.0134032857197564 0 0 0 0 0.00288783643294444 0.00613496932515337 0.00335931201289976 0 0.00247570712384725 0.00122697881007595
"придворных" 0.00217779520013938 0 0 0 0.00532871511356824 0.00658518596565167 0.00866350929883331 0.00408997955010225 0 0 0 0
"приказал" 0.00435559040027876 0.00574426530846705 0 0 0 0.00526814877252134 0.00288783643294444 0.00613496932515337 0.00335931201289976 0 0.00247570712384725 0.00122697881007595
"приказных" 0 0 0 0 0.00266435755678412 0.0171214835106943 0.00144391821647222 0.00408997955010225 0 0 0 0
"принимая" 0.00653338560041814 0 0.00300729268476054 0.00605363520794237 0 0 0.00144391821647222 0.00408997955010225 0 0.00210526315789474 0.00742712137154175 0
"приняла" 0.00217779520013938 0.00191475510282235 0 0.0100893920132373 0.00399653633517618 0.00263407438626067 0 0.00204498977505112 0.00335931201289976 0 0.0049514142476945 0
"принятия" 0 0 0.00300729268476054 0.00201787840264746 0.00399653633517618 0 0 0 0 0.00421052631578947 0.009902828495389 0.0024539576201519
"пришло" 0.00217779520013938 0 0 0.00201787840264746 0.00133217877839206 0.00263407438626067 0 0.00204498977505112 0.013437248051599 0 0.00247570712384725 0.0073618728604557
"произошла" 0 0 0.00751823171190136 0.00201787840264746 0.00266435755678412 0 0.00288783643294444 0.00204498977505112 0 0.00631578947368421 0 0.0049079152403038
"просьбою" 0 0.00191475510282235 0 0 0 0 0 0 0 0 0.00618926780961812 0.0147237457209114
"процессов" 0 0 0.0150364634238027 0.00201787840264746 0.0066608938919603 0.00263407438626067 0 0 0 0 0 0
"прошло" 0.00217779520013938 0 0 0.00605363520794237 0 0 0 0.0081799591002045 0.0167965600644988 0.00210526315789474 0.00247570712384725 0.0024539576201519
"путешественники" 0 0 0 0 0 0 0.0245466096800277 0 0 0 0.00123785356192362 0
"рабами" 0.00653338560041814 0.0038295102056447 0 0.00605363520794237 0 0 0 0.00204498977505112 0 0.00631578947368421 0.0049514142476945 0.0024539576201519
"радимичей" 0.00653338560041814 0 0 0 0.00266435755678412 0 0 0 0 0 0.0148542427430835 0.00122697881007595
"распоряжении" 0 0 0.0105255243966619 0.00201787840264746 0.00266435755678412 0.00131703719313033 0 0 0.00671862402579952 0.00631578947368421 0.00123785356192362 0.00122697881007595
"римский" 0.00435559040027876 0 0.00300729268476054 0.0262324192344169 0 0 0.00144391821647222 0 0 0 0 0
"родами" 0 0 0.00751823171190136 0.00201787840264746 0.00133217877839206 0 0.00144391821647222 0 0 0.00210526315789474 0.0111406820573126 0
"родился" 0.00217779520013938 0.00574426530846705 0.00150364634238027 0.00201787840264746 0 0.00263407438626067 0 0.00408997955010225 0.013437248051599 0 0.00371356068577087 0.00122697881007595
"родителя" 0.00435559040027876 0.0287213265423352 0 0 0 0 0 0.00204498977505112 0 0 0 0
"рождества" 0.0283113376018119 0 0 0 0 0 0 0 0 0.00421052631578947 0.00247570712384725 0.00122697881007595
"роста" 0.00217779520013938 0 0.00150364634238027 0 0.00266435755678412 0.003951111579391 0.00144391821647222 0 0.00671862402579952 0.0126315789473684 0.00247570712384725 0
"руке" 0.0130667712008363 0.0038295102056447 0.00150364634238027 0 0 0.00131703719313033 0.00866350929883331 0.00408997955010225 0 0 0 0
"самодержавия" 0.00435559040027876 0 0.00150364634238027 0 0.00133217877839206 0.00921926035191234 0.00288783643294444 0.00204498977505112 0 0.00842105263157895 0 0
"сан" 0.00217779520013938 0.0114885306169341 0 0 0.0066608938919603 0 0 0.0081799591002045 0.00335931201289976 0 0 0.00122697881007595
"сборн" 0 0 0 0 0.00932525144874442 0.0144874091244337 0 0 0 0 0 0
"своя" 0 0 0.00451093902714082 0.00201787840264746 0.00133217877839206 0.00526814877252134 0 0.00408997955010225 0.0167965600644988 0.00210526315789474 0 0.00122697881007595
"святополкова" 0 0.0172327959254011 0 0 0 0 0 0 0 0 0.00123785356192362 0.0098158304806076
"святославича" 0 0.0076590204112894 0 0 0 0 0 0 0 0 0 0.0171777033410633
"сделано" 0 0 0.00751823171190136 0.00605363520794237 0.00133217877839206 0.00131703719313033 0.00288783643294444 0.00408997955010225 0 0 0.00371356068577087 0.00122697881007595
"северный" 0.00653338560041814 0 0 0 0.00399653633517618 0.00131703719313033 0.00288783643294444 0.00408997955010225 0.00335931201289976 0.00210526315789474 0.00371356068577087 0.0024539576201519
"семи" 0.00435559040027876 0.00574426530846705 0 0.00201787840264746 0.00266435755678412 0.00131703719313033 0.00288783643294444 0 0 0 0.00866497493346537 0
"сибирь" 0.00435559040027876 0 0 0.00201787840264746 0 0.003951111579391 0.0072195910823611 0.0102249488752556 0 0 0.00247570712384725 0
"сидят" 0 0 0 0 0.00266435755678412 0.003951111579391 0.00144391821647222 0.00204498977505112 0 0.00210526315789474 0.00742712137154175 0.0049079152403038
"слабости" 0.00217779520013938 0.00574426530846705 0 0.00403575680529491 0.00133217877839206 0.00131703719313033 0 0.00408997955010225 0.013437248051599 0.00210526315789474 0.00247570712384725 0.00122697881007595
"славянский" 0.0196001568012544 0.00191475510282235 0 0.00807151361058983 0 0 0 0 0 0 0.0049514142476945 0
"следовало" 0.00217779520013938 0 0.00451093902714082 0.00201787840264746 0.00133217877839206 0.00131703719313033 0.00144391821647222 0.00204498977505112 0.00335931201289976 0.00210526315789474 0.00247570712384725 0.00613489405037975
"собрав" 0.00871118080055752 0.0191475510282235 0 0 0.00133217877839206 0 0.00144391821647222 0 0 0.00210526315789474 0.00123785356192362 0
"сообразно" 0.00435559040027876 0 0.00451093902714082 0.00403575680529491 0.00133217877839206 0.00658518596565167 0 0.00408997955010225 0.00335931201289976 0.00421052631578947 0 0
"соперников" 0 0 0 0.00201787840264746 0.00532871511356824 0.00131703719313033 0.00433175464941666 0.00408997955010225 0 0 0.00247570712384725 0.00613489405037975
"сословий" 0 0 0.00601458536952109 0 0.00532871511356824 0.00131703719313033 0 0 0 0.0189473684210526 0 0
"сотни" 0 0.0038295102056447 0.00300729268476054 0.00201787840264746 0.00532871511356824 0.00131703719313033 0 0 0.0100779360386993 0.00421052631578947 0.00371356068577087 0
"социальные" 0 0 0.00300729268476054 0.00201787840264746 0.00266435755678412 0 0 0 0 0.0273684210526316 0 0
"союзника" 0 0.0172327959254011 0 0 0 0 0 0 0 0 0.00247570712384725 0.00858885167053165
"сражении" 0.00217779520013938 0.0153180408225788 0.00601458536952109 0 0 0 0.00577567286588888 0 0 0 0.00123785356192362 0
"старая" 0 0 0.00300729268476054 0.00201787840264746 0.00266435755678412 0.003951111579391 0.00144391821647222 0.0081799591002045 0.00335931201289976 0.00421052631578947 0 0.0024539576201519
"старом" 0 0 0.00150364634238027 0.00403575680529491 0.00266435755678412 0.003951111579391 0.00288783643294444 0.00204498977505112 0.013437248051599 0.00421052631578947 0.00123785356192362 0
"столетий" 0.00871118080055752 0 0.00300729268476054 0.0121072704158847 0.00532871511356824 0 0 0.00204498977505112 0 0.00210526315789474 0 0
"стольники" 0 0 0 0 0.00399653633517618 0.0131703719313033 0.0072195910823611 0 0 0 0 0
"судах" 0.0108889760006969 0.00574426530846705 0 0.00201787840264746 0.00133217877839206 0.00263407438626067 0.00288783643294444 0.00204498977505112 0.00335931201289976 0 0.00247570712384725 0
"судил" 0.00217779520013938 0.00191475510282235 0 0 0.00799307267035236 0.00263407438626067 0.00288783643294444 0 0.00671862402579952 0 0.00371356068577087 0.00122697881007595
"судя" 0 0 0 0 0.0119896090055285 0.003951111579391 0.00433175464941666 0 0.00335931201289976 0 0.00247570712384725 0
"суммы" 0 0 0.00902187805428163 0.00201787840264746 0 0 0.00433175464941666 0.00408997955010225 0 0.00631578947368421 0.00371356068577087 0
"сухим" 0.00871118080055752 0.00574426530846705 0 0.00201787840264746 0 0 0.0101074275153055 0 0.00335931201289976 0 0.00247570712384725 0
"твои" 0 0.0114885306169341 0 0 0.00266435755678412 0.00131703719313033 0 0 0 0 0.00123785356192362 0.0098158304806076
"творчества" 0 0 0.0135328170814224 0.00403575680529491 0.00133217877839206 0 0 0 0.00335931201289976 0.0105263157894737 0 0
"телом" 0.00653338560041814 0.00957377551411175 0 0.00201787840264746 0 0 0 0.00408997955010225 0 0 0.0049514142476945 0.00368093643022785
"термина" 0 0 0.0105255243966619 0.0100893920132373 0.0066608938919603 0.00131703719313033 0 0 0 0 0 0
"товарищи" 0.00435559040027876 0.00191475510282235 0 0 0 0.0144874091244337 0.00288783643294444 0.00204498977505112 0 0 0 0.00122697881007595
"торг" 0 0.00191475510282235 0 0 0.00133217877839206 0 0.00577567286588888 0.0102249488752556 0 0 0.00618926780961812 0.0024539576201519
"третья" 0.00217779520013938 0.0038295102056447 0.00150364634238027 0.00605363520794237 0 0 0.00144391821647222 0.00408997955010225 0.00335931201289976 0.00631578947368421 0.00247570712384725 0.0024539576201519
"турками" 0.00653338560041814 0.00191475510282235 0 0.0181609056238271 0 0.00131703719313033 0.00288783643294444 0.00408997955010225 0 0 0 0
"турки" 0.00871118080055752 0 0.00150364634238027 0.0100893920132373 0 0 0.00577567286588888 0.00613496932515337 0.00335931201289976 0 0 0
"указывали" 0 0 0 0.00403575680529491 0.00266435755678412 0.00526814877252134 0.00577567286588888 0.0081799591002045 0 0.00210526315789474 0.00123785356192362 0
"усердие" 0.0108889760006969 0.0153180408225788 0 0 0 0 0 0.00408997955010225 0 0.00210526315789474 0 0.0024539576201519
"утвердил" 0.00653338560041814 0.00957377551411175 0 0 0 0.00526814877252134 0.00144391821647222 0 0 0 0.00371356068577087 0.0024539576201519
"утвердились" 0.0130667712008363 0 0 0.0100893920132373 0.00133217877839206 0 0.00288783643294444 0 0 0 0.00247570712384725 0.0024539576201519
"учреждении" 0 0 0 0 0.00399653633517618 0.007902223158782 0.00288783643294444 0.00613496932515337 0.00671862402579952 0.00421052631578947 0 0
"феодального" 0 0 0.00451093902714082 0.0161430272211797 0 0 0 0 0 0.0147368421052632 0 0
"финны" 0.00653338560041814 0.00191475510282235 0.00150364634238027 0 0 0 0 0 0 0 0.0148542427430835 0.00122697881007595
"французский" 0 0.0038295102056447 0.0195474024509435 0.00403575680529491 0.00133217877839206 0 0 0 0 0 0 0
"фунт" 0 0 0 0 0 0 0.0259905278964999 0 0 0 0 0
"хода" 0 0 0.0105255243966619 0.0141251488185322 0 0 0.00144391821647222 0 0.00335931201289976 0.00210526315789474 0 0.00122697881007595
"хозяин" 0.0130667712008363 0.0114885306169341 0 0 0.00399653633517618 0 0 0 0 0.00210526315789474 0.00247570712384725 0
"холоп" 0 0.0076590204112894 0 0 0.00532871511356824 0.00131703719313033 0.00144391821647222 0.00408997955010225 0 0.00421052631578947 0.0049514142476945 0
"холопство" 0 0 0 0 0.00133217877839206 0.003951111579391 0.00144391821647222 0.0081799591002045 0.00335931201289976 0.0126315789473684 0.00247570712384725 0
"часов" 0 0.0038295102056447 0.00150364634238027 0 0 0.00658518596565167 0.01299526394825 0 0 0.00210526315789474 0 0
"чехи" 0.00871118080055752 0 0 0.00403575680529491 0 0 0 0 0 0 0.0136163891811599 0.00122697881007595
"чиновники" 0.00435559040027876 0.0076590204112894 0.00150364634238027 0.00201787840264746 0.00266435755678412 0 0.00577567286588888 0.0081799591002045 0 0 0 0
"чувствовали" 0 0 0.00150364634238027 0.00403575680529491 0.00266435755678412 0.0105362975450427 0.00433175464941666 0.00204498977505112 0 0.00210526315789474 0 0
"чужие" 0.00871118080055752 0.0038295102056447 0.00300729268476054 0 0.00133217877839206 0.00131703719313033 0.00288783643294444 0.00204498977505112 0 0 0.00618926780961812 0
"шведы" 0 0 0 0.00201787840264746 0 0 0 0.0143149284253579 0.0100779360386993 0 0.00371356068577087 0.0049079152403038
"экономическими" 0 0 0.00300729268476054 0.00605363520794237 0.0066608938919603 0.00131703719313033 0 0 0 0.0147368421052632 0 0
"юр" 0 0 0 0 0.0199826816758809 0.003951111579391 0 0 0 0 0 0
"юрьева" 0 0.00191475510282235 0 0 0 0.00131703719313033 0 0.0204498977505112 0.00335931201289976 0 0 0.00613489405037975
"язычество" 0.00217779520013938 0 0 0 0 0 0 0 0 0.00210526315789474 0.0173299498669307 0.0024539576201519
"ярославовых" 0.00435559040027876 0.0114885306169341 0 0 0 0 0 0 0 0 0.00866497493346537 0.00368093643022785
"varii" 0 0 0 0 0 0 0.0259905278964999 0 0 0 0 0
"автора" 0.00217779520013938 0 0.0105255243966619 0.00201787840264746 0.00266435755678412 0.00263407438626067 0 0 0.00335931201289976 0.00631578947368421 0 0
"адашев" 0 0 0 0 0 0.007902223158782 0 0 0.0369524321418973 0 0 0
"административного" 0 0 0 0 0.0133217877839206 0.007902223158782 0 0 0 0.00210526315789474 0 0
"азиатских" 0.00653338560041814 0.00191475510282235 0 0.0242145408317695 0 0 0.00144391821647222 0 0 0 0 0
"английского" 0 0.00574426530846705 0.00451093902714082 0 0 0.003951111579391 0.0072195910823611 0 0 0.00421052631578947 0.00123785356192362 0
"античном" 0 0 0 0.0343039328450068 0 0 0 0 0 0 0 0
"арабов" 0 0 0 0.0141251488185322 0.00133217877839206 0 0 0 0 0 0.009902828495389 0.00122697881007595
"барбаро" 0 0 0 0 0 0 0.0245466096800277 0 0 0 0 0
"берегом" 0.0108889760006969 0.0076590204112894 0 0 0.00133217877839206 0 0.00144391821647222 0 0.00335931201289976 0 0.00247570712384725 0.00368093643022785
"берендеев" 0 0.0114885306169341 0 0 0 0 0 0 0 0 0 0.0134967669108354
"бились" 0.00217779520013938 0.00191475510282235 0.00150364634238027 0 0 0 0.00288783643294444 0 0 0 0.00247570712384725 0.0122697881007595
"ближняя" 0 0 0 0 0 0.0210725950900853 0 0 0.00335931201289976 0 0 0
"богам" 0.0130667712008363 0 0.00150364634238027 0.00403575680529491 0 0 0.00144391821647222 0 0 0 0.00866497493346537 0
"большего" 0 0 0.00451093902714082 0 0 0.003951111579391 0.00433175464941666 0 0.00335931201289976 0.00421052631578947 0.00618926780961812 0
"будущем" 0.00217779520013938 0.00191475510282235 0.00601458536952109 0.00201787840264746 0 0.00131703719313033 0.00288783643294444 0.00408997955010225 0.00335931201289976 0.00631578947368421 0.00123785356192362 0
"варяжского" 0.0108889760006969 0.0076590204112894 0 0 0.00532871511356824 0 0 0 0 0 0.0049514142476945 0
"ввел" 0.00653338560041814 0.00957377551411175 0.00150364634238027 0 0.00133217877839206 0.00263407438626067 0 0.00408997955010225 0 0 0 0.00368093643022785
"ведали" 0.00653338560041814 0 0 0 0.00799307267035236 0.00526814877252134 0.00288783643294444 0 0.00671862402579952 0 0 0
"велела" 0.0108889760006969 0 0 0 0 0 0 0 0 0 0.0148542427430835 0
"владении" 0.00217779520013938 0.00191475510282235 0 0 0.00932525144874442 0 0 0.00204498977505112 0 0.00210526315789474 0.0049514142476945 0.0024539576201519
"владимировых" 0.00871118080055752 0.0076590204112894 0 0 0 0 0 0 0 0 0.009902828495389 0.00122697881007595
"влиянии" 0 0 0.00300729268476054 0.00807151361058983 0 0 0.00144391821647222 0 0 0.0126315789473684 0.0049514142476945 0
"внутренними" 0.00217779520013938 0.00957377551411175 0.00300729268476054 0 0.00266435755678412 0.00131703719313033 0.00144391821647222 0.00204498977505112 0.00335931201289976 0 0.00371356068577087 0
"воеводою" 0.00217779520013938 0.00574426530846705 0 0 0 0 0 0 0 0 0.00618926780961812 0.0098158304806076
"возьми" 0 0.0076590204112894 0 0 0 0 0 0 0 0 0.00618926780961812 0.0098158304806076
"воинские" 0.0108889760006969 0.0076590204112894 0.00150364634238027 0 0.00133217877839206 0 0 0 0.0100779360386993 0 0.00247570712384725 0.00122697881007595
"воинских" 0.0196001568012544 0.0076590204112894 0 0 0.00133217877839206 0 0.00144391821647222 0 0.00335931201289976 0 0.00123785356192362 0
"волхова" 0.00871118080055752 0.0038295102056447 0 0 0.00532871511356824 0 0 0 0 0 0.00742712137154175 0.00122697881007595
"всеволодова" 0 0.0172327959254011 0 0 0.00133217877839206 0 0 0 0 0 0.00123785356192362 0.0073618728604557
"встречается" 0.00217779520013938 0 0.00601458536952109 0.00201787840264746 0.00266435755678412 0.00263407438626067 0.00288783643294444 0 0 0.00210526315789474 0.0049514142476945 0
"высоко" 0 0 0.00150364634238027 0.00403575680529491 0.00133217877839206 0.00131703719313033 0.0072195910823611 0.0081799591002045 0.00335931201289976 0.00210526315789474 0.00123785356192362 0
"гибели" 0.00653338560041814 0.00191475510282235 0 0.0121072704158847 0.00133217877839206 0.00131703719313033 0 0.00408997955010225 0 0.00210526315789474 0.00247570712384725 0
"глинских" 0 0 0 0 0 0 0 0 0.0571083042192959 0 0 0
"господстве" 0 0 0.00150364634238027 0.00605363520794237 0 0.00131703719313033 0 0 0 0.0147368421052632 0.00371356068577087 0.0024539576201519
"государями" 0.00653338560041814 0.0038295102056447 0 0 0 0.00526814877252134 0 0.0102249488752556 0.0100779360386993 0 0 0
"гражданам" 0.00653338560041814 0.00957377551411175 0 0.00201787840264746 0 0 0 0 0 0.00210526315789474 0.00247570712384725 0.00613489405037975
"границе" 0.00217779520013938 0.0038295102056447 0 0 0.00133217877839206 0 0.0072195910823611 0.00204498977505112 0.00335931201289976 0 0.00371356068577087 0.00368093643022785
"грека" 0.00653338560041814 0.0038295102056447 0 0.0100893920132373 0 0 0 0.00408997955010225 0 0 0.0049514142476945 0.00122697881007595
"греческими" 0.0108889760006969 0 0 0 0 0.00131703719313033 0 0.00408997955010225 0 0 0.0111406820573126 0
"давая" 0 0.00191475510282235 0.00451093902714082 0.00201787840264746 0.00133217877839206 0.003951111579391 0.00433175464941666 0.00204498977505112 0.00671862402579952 0.00421052631578947 0 0
"давыдовичу" 0 0 0 0 0 0 0 0 0 0 0 0.0208586397712912
"дальнейшем" 0 0 0.00902187805428163 0.00201787840264746 0.00399653633517618 0.00131703719313033 0.00144391821647222 0.00613496932515337 0 0.00210526315789474 0 0.00122697881007595
"данный" 0.00217779520013938 0.00191475510282235 0.0120291707390422 0.00201787840264746 0 0 0.00144391821647222 0.00204498977505112 0 0.00842105263157895 0 0
"двине" 0.00217779520013938 0 0 0 0.00266435755678412 0 0.0144391821647222 0.00408997955010225 0 0 0.00247570712384725 0
"деления" 0 0 0.00601458536952109 0.00201787840264746 0.00532871511356824 0.00131703719313033 0.00144391821647222 0 0.00335931201289976 0.0105263157894737 0 0
"деревянные" 0.00435559040027876 0.00574426530846705 0 0 0 0 0.0115513457317778 0 0 0.00421052631578947 0.00247570712384725 0
"динамики" 0 0 0 0 0 0 0 0 0 0.0357894736842105 0 0
"добрыни" 0.00435559040027876 0.00191475510282235 0 0 0 0 0 0 0 0 0.0160920963050071 0.00122697881007595
"добыть" 0 0 0 0.00201787840264746 0 0.00131703719313033 0.00288783643294444 0.00204498977505112 0.00335931201289976 0 0.00123785356192362 0.0122697881007595
"договору" 0.00217779520013938 0.0038295102056447 0 0 0.0066608938919603 0.007902223158782 0 0.00204498977505112 0 0 0.00123785356192362 0.00122697881007595
"дон" 0.00217779520013938 0.00574426530846705 0 0 0 0 0.00433175464941666 0.00204498977505112 0.00335931201289976 0 0.00371356068577087 0.00613489405037975
"допустить" 0 0.00191475510282235 0.00150364634238027 0.00403575680529491 0.00133217877839206 0 0.00144391821647222 0 0.00671862402579952 0.00210526315789474 0.00742712137154175 0.0024539576201519
"дорога" 0 0 0.00150364634238027 0 0.00133217877839206 0 0.0101074275153055 0.00408997955010225 0.00335931201289976 0 0.0049514142476945 0.00122697881007595
"дошли" 0 0.00191475510282235 0.00300729268476054 0.00201787840264746 0 0.00131703719313033 0.00144391821647222 0.00613496932515337 0.00335931201289976 0 0.00371356068577087 0.0049079152403038
"дреговичей" 0 0.00191475510282235 0 0 0.00399653633517618 0 0 0 0 0 0.0123785356192362 0.00368093643022785
"думает" 0 0.0038295102056447 0.00300729268476054 0 0.00532871511356824 0.003951111579391 0.00144391821647222 0.00408997955010225 0 0.00210526315789474 0.00247570712384725 0
"дурно" 0 0 0.00601458536952109 0 0 0 0.00433175464941666 0.00408997955010225 0.00335931201289976 0 0.00247570712384725 0.00613489405037975
"духовное" 0 0.0038295102056447 0.00150364634238027 0.00201787840264746 0.00133217877839206 0.003951111579391 0 0.00204498977505112 0 0.0126315789473684 0.00247570712384725 0
"духовным" 0 0 0.00150364634238027 0.00403575680529491 0.00133217877839206 0.00921926035191234 0 0.00408997955010225 0.00671862402579952 0 0.00247570712384725 0
"естественным" 0 0.00191475510282235 0.00150364634238027 0 0.00133217877839206 0.003951111579391 0 0.00408997955010225 0.00671862402579952 0.0105263157894737 0.00247570712384725 0
"жаловались" 0 0.00191475510282235 0 0 0.00532871511356824 0.003951111579391 0.00577567286588888 0.0081799591002045 0 0 0.00123785356192362 0
"жаловаться" 0.00435559040027876 0.00574426530846705 0.00150364634238027 0 0.00399653633517618 0.00131703719313033 0 0 0.00335931201289976 0 0.00371356068577087 0.00368093643022785
"животных" 0.00653338560041814 0.00191475510282235 0.0105255243966619 0.00403575680529491 0 0 0 0 0.00335931201289976 0.00210526315789474 0.00247570712384725 0
"жизнию" 0.0152445664009757 0.0134032857197564 0 0 0 0 0 0 0 0 0.00247570712384725 0.00122697881007595
"жителям" 0.00653338560041814 0.0114885306169341 0 0 0 0 0.00144391821647222 0 0 0 0.00247570712384725 0.00613489405037975
"завоевателей" 0.0130667712008363 0.00191475510282235 0 0.0161430272211797 0.00133217877839206 0.00131703719313033 0 0 0 0 0 0
"заключив" 0.0108889760006969 0.0191475510282235 0 0 0 0 0 0 0 0 0.00247570712384725 0
"замечанию" 0 0 0 0 0.00133217877839206 0.003951111579391 0.0144391821647222 0 0.00335931201289976 0 0 0.0024539576201519
"замечено" 0 0 0 0 0.00532871511356824 0.00526814877252134 0 0 0 0.00210526315789474 0.00866497493346537 0.00122697881007595
"заставила" 0.00217779520013938 0 0.00300729268476054 0.00403575680529491 0 0.00131703719313033 0.00144391821647222 0.00204498977505112 0 0.00210526315789474 0.0049514142476945 0.0049079152403038
"защите" 0 0.0038295102056447 0 0 0.00133217877839206 0.00263407438626067 0.00144391821647222 0.00204498977505112 0 0 0.009902828495389 0.0024539576201519
"зимы" 0.00217779520013938 0.0114885306169341 0 0 0 0 0.00866350929883331 0 0 0.00421052631578947 0.00123785356192362 0.00122697881007595
"знамена" 0.00871118080055752 0.0153180408225788 0 0 0 0 0 0 0 0 0.00247570712384725 0.00368093643022785
"знаменитой" 0.00435559040027876 0.00957377551411175 0.00601458536952109 0.00605363520794237 0 0.00131703719313033 0.00144391821647222 0.00204498977505112 0 0 0 0
"значительное" 0 0 0 0 0.0066608938919603 0.00131703719313033 0.0101074275153055 0 0.00335931201289976 0.00210526315789474 0.00247570712384725 0
"избавиться" 0.00435559040027876 0.0038295102056447 0.00150364634238027 0 0 0.00131703719313033 0.00866350929883331 0 0 0 0.00247570712384725 0.00368093643022785
"избран" 0 0 0 0 0.00133217877839206 0.003951111579391 0 0.0122699386503067 0.00671862402579952 0 0 0.00613489405037975
"избрание" 0.00217779520013938 0.00191475510282235 0 0 0 0.00526814877252134 0 0.0204498977505112 0 0 0 0.00122697881007595
"известна" 0.00217779520013938 0.0038295102056447 0.00300729268476054 0 0 0 0.00433175464941666 0.00613496932515337 0.00671862402579952 0.00210526315789474 0.00247570712384725 0.00122697881007595
"изгнания" 0.00217779520013938 0 0 0 0 0 0 0 0.00671862402579952 0 0.00247570712384725 0.0147237457209114
"изложении" 0 0 0.00451093902714082 0 0.00133217877839206 0.00526814877252134 0 0.0081799591002045 0.00671862402579952 0.00631578947368421 0 0
"изменения" 0.00217779520013938 0 0.0135328170814224 0.00201787840264746 0 0.003951111579391 0 0 0 0.00210526315789474 0.00123785356192362 0.00122697881007595
"исполняя" 0.00435559040027876 0.0153180408225788 0 0 0.00133217877839206 0.00526814877252134 0 0 0 0 0 0.0024539576201519
"казначея" 0 0 0 0 0.0133217877839206 0.007902223158782 0 0.00204498977505112 0 0 0 0
"картины" 0.00871118080055752 0 0.00902187805428163 0 0 0 0.00288783643294444 0.00204498977505112 0.00335931201289976 0.00421052631578947 0.00123785356192362 0
"киевлянами" 0.00217779520013938 0.00574426530846705 0 0 0.00133217877839206 0 0 0 0 0 0.00123785356192362 0.0134967669108354
"клятвы" 0.00217779520013938 0.0076590204112894 0 0 0 0.00131703719313033 0.00144391821647222 0.00204498977505112 0 0 0 0.0110428092906835
"княжих" 0 0 0 0 0.0186505028974888 0 0 0 0 0 0.00247570712384725 0.00122697881007595
"козарам" 0.00653338560041814 0 0 0 0 0 0 0 0 0 0.0173299498669307 0
"кончилась" 0.00217779520013938 0.0076590204112894 0 0.00403575680529491 0 0.00131703719313033 0 0 0 0 0.0049514142476945 0.00613489405037975
"крестьянам" 0 0 0 0 0.00399653633517618 0 0.00144391821647222 0.0081799591002045 0.0100779360386993 0.0126315789473684 0 0
"крестьянами" 0 0 0 0 0.00532871511356824 0.00658518596565167 0 0.00408997955010225 0 0.0126315789473684 0 0
"культурным" 0 0 0.00451093902714082 0.0282502976370644 0 0 0 0 0 0 0 0
"линий" 0 0 0 0 0.00532871511356824 0 0 0 0.00335931201289976 0.00210526315789474 0.00371356068577087 0.0098158304806076
"литературных" 0 0 0.00751823171190136 0.00201787840264746 0.00133217877839206 0.00263407438626067 0.00144391821647222 0.00408997955010225 0.0100779360386993 0.00421052631578947 0 0
"логики" 0 0 0.0240583414780844 0 0.00133217877839206 0 0 0 0 0 0 0
"любить" 0.00871118080055752 0.0038295102056447 0 0.00201787840264746 0 0.00131703719313033 0 0 0 0 0 0.0110428092906835
"любовию" 0.00871118080055752 0.0153180408225788 0 0 0 0.00131703719313033 0 0 0 0 0 0.0049079152403038
"ляхов" 0.00217779520013938 0.0114885306169341 0 0 0 0 0 0 0 0.00210526315789474 0.00866497493346537 0.0024539576201519
"малым" 0.00217779520013938 0.0076590204112894 0 0 0.00532871511356824 0 0 0 0 0 0.00866497493346537 0.00122697881007595
"мейерберг" 0 0 0 0 0 0 0.0245466096800277 0 0 0 0 0
"месяц" 0.00217779520013938 0 0 0 0 0.00263407438626067 0.0101074275153055 0 0 0 0.00371356068577087 0.0049079152403038
"милость" 0.00217779520013938 0 0 0.00201787840264746 0 0 0.00144391821647222 0.0224948875255624 0.00671862402579952 0.00210526315789474 0 0
"минск" 0 0.00957377551411175 0 0 0 0 0.00144391821647222 0 0 0.00210526315789474 0 0.0122697881007595
"мириться" 0.00217779520013938 0 0.00150364634238027 0 0.00266435755678412 0.00131703719313033 0 0.00408997955010225 0 0 0 0.0122697881007595
"мирных" 0.00653338560041814 0.0114885306169341 0 0.00201787840264746 0 0.00131703719313033 0.00144391821647222 0 0.00671862402579952 0 0.00123785356192362 0.0024539576201519
"младшему" 0 0 0 0 0.00266435755678412 0.00131703719313033 0 0.00613496932515337 0 0 0.00618926780961812 0.0073618728604557
"моменты" 0 0 0.00902187805428163 0.00201787840264746 0.00266435755678412 0.00526814877252134 0 0.00408997955010225 0.00335931201289976 0.00210526315789474 0 0
"мономаховичи" 0 0 0 0 0.00133217877839206 0 0 0 0 0 0 0.0196316609612152
"морской" 0 0 0.00150364634238027 0.022196662429122 0.00133217877839206 0 0.00144391821647222 0 0 0 0.00247570712384725 0.00122697881007595
"названный" 0.00653338560041814 0.00957377551411175 0.00300729268476054 0.00403575680529491 0 0.00131703719313033 0 0.00408997955010225 0 0 0 0.0024539576201519
"назначил" 0 0.00574426530846705 0 0 0.00266435755678412 0.003951111579391 0 0.00204498977505112 0.00335931201289976 0 0.00247570712384725 0.00613489405037975
"называемой" 0.00435559040027876 0 0.00451093902714082 0.00605363520794237 0 0.00131703719313033 0 0.00204498977505112 0.0100779360386993 0.00421052631578947 0.00247570712384725 0
"наказать" 0.00435559040027876 0.0153180408225788 0 0 0 0 0.00288783643294444 0 0 0 0.00123785356192362 0.0049079152403038
"намерении" 0.00653338560041814 0.0153180408225788 0 0 0 0.003951111579391 0 0 0 0 0.00123785356192362 0.0024539576201519
"нападение" 0.00871118080055752 0.0038295102056447 0 0.00605363520794237 0 0.00131703719313033 0.00144391821647222 0 0.00335931201289976 0 0.00123785356192362 0.0049079152403038
"народная" 0.00871118080055752 0.00191475510282235 0 0.00403575680529491 0 0 0.00144391821647222 0.00408997955010225 0.00671862402579952 0.00421052631578947 0.00371356068577087 0
"народный" 0.00653338560041814 0.0076590204112894 0.00300729268476054 0 0.00133217877839206 0.003951111579391 0 0 0.00671862402579952 0 0.00247570712384725 0
