"bekhterev_bessmertie" "bekhterev_licnost" "bekhterev_vnushenie" "pavlov_otvet" "pavlov_reflex" "pavlov_types" "sechenov_reflexy1" "sechenov_reflexy2" "ukhtomsky_dominant1" "ukhtomsky_dominant2"
"и" 4.13665743305632 4.68765133171913 3.8341831666777 3.93929944912171 4.19045676998369 3.65790829469346 3.28253968253968 3.76469219131851 3.30747841358115 3.22809088226616
"в" 4.03508771929825 3.69975786924939 4.18515330110589 2.67123999584243 3.04853181076672 2.51588528250043 3.30793650793651 3.46793902013267 4.1270305868579 4.21953378577752
"что" 1.36657433056325 1.23002421307506 1.51645586385008 1.16412015383016 1.03996737357259 0.910183754078654 1.51746031746032 1.55940882113348 1.33177228157471 1.46946001770434
"на" 1.01569713758079 1.1138014527845 1.26481689954308 1.1953019436649 1.20309951060359 1.23647604327666 1.13650793650794 1.1811939951123 1.11224937801844 1.11537326645028
"не" 1.63434903047091 1.30750605326877 1.43699092775313 1.36160482278349 0.65252854812398 0.858663918942126 1.24444444444444 0.989177237286163 0.995170496121762 1.06226025376217
"с" 0.87719298245614 1.21065375302663 1.01980001324416 1.1953019436649 1.22349102773246 1.21930276489782 0.984126984126984 1.07063889212149 0.892726474462169 1.2215992918265
"как" 1.13573407202216 1.02663438256659 0.847625985034104 0.883484045317535 0.999184339314845 0.978876867594024 0.698412698412698 0.773885720935645 0.702473291380067 0.920625553260549
"к" 0.692520775623269 0.861985472154964 0.595987020727104 0.467726847521048 0.58115823817292 0.446505237849906 0.755555555555556 0.541138135691842 0.812234743158203 0.773089406904692
"то" 0.544783010156971 0.455205811138015 0.536388318654394 0.769150815923501 0.795269168026101 0.618238021638331 0.577777777777778 0.820435237984406 0.490267817942339 0.637356152257303
"или" 0.738688827331487 0.387409200968523 1.06615455930071 0.38457540796175 0.632137030995106 0.807144083805598 0.457142857142857 0.442220411963226 0.490267817942339 0.513425789318383
"же" 0.397045244690674 0.271186440677966 0.470167538573604 0.779544745868413 0.550570962479608 0.661171217585437 0.755555555555556 0.960083789130688 0.380506366164203 0.478017114192977
"при" 0.267774699907664 0.484261501210654 0.430435070525131 0.758756885978588 0.856443719412724 0.996050145972866 0.60952380952381 0.482951239380891 0.468315527586712 0.33048096783712
"по" 0.397045244690674 0.37772397094431 0.569498708694788 0.426151127741399 0.540375203915171 0.352052206766272 0.571428571428571 0.465495170487606 0.621981560076101 0.542933018589554
"это" 0.48938134810711 0.416464891041162 0.390702602476657 0.696393306309115 0.713703099510604 0.489438433797012 0.431746031746032 0.442220411963226 0.439045807112542 0.566538802006492
"от" 0.415512465373961 0.348668280871671 0.390702602476657 0.457332917576136 0.356851549755302 0.369225485145114 0.596825396825397 0.616781100896078 0.607346699839017 0.607848922986132
"а" 0.655586334256694 0.358353510895884 0.264883120323157 0.800332605758237 0.550570962479608 0.455091877039327 0.387301587301587 0.448039101594321 0.490267817942339 0.4131012097964
"но" 0.775623268698061 0.37772397094431 0.463545460565525 0.519696497245609 0.438417618270799 0.540958268933539 0.323809523809524 0.314209240079134 0.548807258890678 0.442608439067572
"из" 0.350877192982456 0.338983050847458 0.43705714853321 0.519696497245609 0.346655791190865 0.291945732440323 0.495238095238095 0.523682066798557 0.541489828772135 0.478017114192977
"его" 0.378578024007387 0.290556900726392 0.516522084630157 0.436545057686311 0.418026101141925 0.498025072986433 0.4 0.581868963109508 0.343919215571491 0.336382413691354
"для" 0.378578024007387 0.426150121065375 0.384080524468578 0.415757197796487 0.285481239804241 0.326292289198008 0.342857142857143 0.320027929710229 0.695155861261525 0.57834169371496
"так" 0.424746075715605 0.300242130750605 0.403946758492815 0.426151127741399 0.519983686786297 0.549544908122961 0.311111111111111 0.256022343768183 0.314649495097322 0.359988197108292
"о" 0.526315789473684 0.387409200968523 0.331103900403947 0.322211828292277 0.224306688417618 0.188906062167268 0.292063492063492 0.459676480856511 0.343919215571491 0.436706993213337
"мы" 0.48938134810711 0.581113801452784 0.483411694589762 0.47812077746596 0.173327895595432 0.394985402713378 0.133333333333333 0.0698242755731409 0.263427484267525 0.601947477131897
"все" 0.461680517082179 0.319612590799031 0.331103900403947 0.571666146970169 0.346655791190865 0.309119010819165 0.4 0.34330268823461 0.270744914386068 0.265565063440543
"я" 0.138504155124654 0.0774818401937046 0.470167538573604 0.270242178567716 0.122349102773246 0.111626309462476 0.26031746031746 0.541138135691842 0.417093516756915 0.531130126881086
"бы" 0.424746075715605 0.222760290556901 0.18541818422621 0.291030038457541 0.275285481239804 0.240425897303795 0.361904761904762 0.302571860816944 0.314649495097322 0.472115668338743
"только" 0.313942751615882 0.222760290556901 0.225150652274684 0.550878287080345 0.407830342577488 0.472265155418169 0.273015873015873 0.285115791923659 0.234157763793356 0.230156388315137
"он" 0.203139427516159 0.0677966101694915 0.390702602476657 0.291030038457541 0.295676998368679 0.214665979735532 0.349206349206349 0.453857791225416 0.263427484267525 0.300973738565949
"если" 0.286241920590951 0.280871670702179 0.152307794185815 0.259848248622804 0.163132137030995 0.214665979735532 0.450793650793651 0.296753171185849 0.292697204741695 0.436706993213337
"более" 0.138504155124654 0.280871670702179 0.238394808290842 0.436545057686311 0.32626427406199 0.300532371629744 0.177777777777778 0.226928895612708 0.387823796282745 0.419002655650634
"может" 0.25854108956602 0.280871670702179 0.297993510363552 0.207878598898243 0.0713703099510604 0.231839258114374 0.33015873015873 0.331665308972419 0.329284355334407 0.389495426379463
"т" 0.12927054478301 0.0774818401937046 0.0728428580888683 0.38457540796175 0.387438825448613 0.446505237849906 0.374603174603175 0.465495170487606 0.234157763793356 0.212452050752434
"когда" 0.184672206832872 0.193704600484261 0.284749354347394 0.270242178567716 0.214110929853181 0.266185814872059 0.355555555555556 0.261841033399278 0.351236645690034 0.271466509294777
"у" 0.0461680517082179 0.193704600484261 0.231772730282763 0.14551501922877 0.25489396411093 0.532371629744118 0.552380952380952 0.296753171185849 0.139031172252305 0.224254942460903
"е" 0.156971375807941 0.0387409200968523 0 0.301423968402453 0.275285481239804 0.369225485145114 0.361904761904762 0.38985220528337 0.351236645690034 0.324579521982886
"быть" 0.277008310249307 0.37772397094431 0.218528574266605 0.187090739008419 0.163132137030995 0.249012536493217 0.387301587301587 0.267659723030374 0.146348602370847 0.283269401003246
"есть" 0.286241920590951 0.145278450363196 0.225150652274684 0.228666458788068 0.346655791190865 0.188906062167268 0.304761904761905 0.395670894914465 0.212205473437729 0.129831808793154
"во" 0.23084025854109 0.164648910411622 0.198662340242368 0.363787548071926 0.234502446982055 0.300532371629744 0.279365079365079 0.256022343768183 0.241475193911898 0.212452050752434
"их" 0.212373037857802 0.25181598062954 0.165551950201973 0.322211828292277 0.295676998368679 0.326292289198008 0.273015873015873 0.267659723030374 0.146348602370847 0.194747713189731
"уже" 0.166204986149584 0.203389830508475 0.231772730282763 0.0935453695042095 0.163132137030995 0.369225485145114 0.228571428571429 0.3549400674968 0.219522903556271 0.24786072587784
"тем" 0.332409972299169 0.300242130750605 0.172174028210052 0.155908949173683 0.214110929853181 0.20607934054611 0.171428571428571 0.250203654137088 0.212205473437729 0.300973738565949
"до" 0.184672206832872 0.184019370460048 0.132441560161579 0.197484668953331 0.316068515497553 0.266185814872059 0.171428571428571 0.209472826719423 0.219522903556271 0.265565063440543
"ее" 0.286241920590951 0.0677966101694915 0.1258194821535 0.353393618127014 0.0917618270799347 0.214665979735532 0.196825396825397 0.203654137088328 0.27806234450461 0.212452050752434
"еще" 0.110803324099723 0.242130750605327 0.238394808290842 0.218272528843156 0.0611745513866232 0.154559505409583 0.196825396825397 0.145467240777377 0.204888043319186 0.312776630274417
"образом" 0.23084025854109 0.154963680387409 0.245016886298921 0.249454318677892 0.214110929853181 0.0944530310836339 0.184126984126984 0.349121377865705 0.0878091614225084 0.0767187961050457
"которые" 0.203139427516159 0.271186440677966 0.251638964307 0.14551501922877 0.0815660685154976 0.180319422977846 0.196825396825397 0.145467240777377 0.12439631201522 0.230156388315137
"того" 0.156971375807941 0.213075060532688 0.198662340242368 0.0831514395592974 0.0815660685154976 0.13738622703074 0.20952380952381 0.128011171884092 0.182935752963559 0.359988197108292
"между" 0.166204986149584 0.232445520581114 0.132441560161579 0.228666458788068 0.224306688417618 0.128799587841319 0.228571428571429 0.267659723030374 0.146348602370847 0.0767187961050457
"время" 0.175438596491228 0.164648910411622 0.238394808290842 0.135121089283858 0.152936378466558 0.154559505409583 0.177777777777778 0.133829861515187 0.234157763793356 0.200649159043966
"этого" 0.0646352723915051 0.116222760290557 0.172174028210052 0.259848248622804 0.244698205546493 0.240425897303795 0.285714285714286 0.215291516350518 0.0512220108297966 0.129831808793154
"человека" 0.397045244690674 0.145278450363196 0.0463545460565525 0.14551501922877 0.101957585644372 0.0772797527047913 0.349206349206349 0.325846619341324 0.00731743011854237 0.118028917084686
"было" 0.110803324099723 0.116222760290557 0.218528574266605 0.0727575096143852 0.244698205546493 0.231839258114374 0.196825396825397 0.238566274874898 0.102444021659593 0.16524048391856
"даже" 0.25854108956602 0.154963680387409 0.297993510363552 0.166302879118595 0.101957585644372 0.249012536493217 0.203174603174603 0.186198068195042 0.0219522903556271 0.0472115668338743
"здесь" 0.0738688827331487 0.271186440677966 0.139063638169658 0.0519696497245609 0.132544861337684 0.111626309462476 0.184126984126984 0.157104620039567 0.131713742133763 0.33048096783712
"очень" 0.00923361034164358 0.0290556900726392 0.0662207800807894 0.062363579669473 0.203915171288744 0.283359093250902 0.177777777777778 0.331665308972419 0.139031172252305 0.2065506048982
"лишь" 0.203139427516159 0.242130750605327 0.139063638169658 0.062363579669473 0.0203915171288744 0.120212948651898 0.222222222222222 0.203654137088328 0.234157763793356 0.106226025376217
"за" 0.3601108033241 0.319612590799031 0.198662340242368 0.0103939299449122 0.0611745513866232 0.0944530310836339 0.107936507936508 0.128011171884092 0.146348602370847 0.153437592210091
"со" 0.184672206832872 0.0968523002421307 0.278127276339315 0.114333229394034 0.132544861337684 0.163146144599004 0.133333333333333 0.139648551146282 0.160983462607932 0.135733254647389
"нервной" 0.00923361034164358 0 0.00662207800807894 0.270242178567716 0.479200652528548 0.455091877039327 0.0444444444444444 0.00581868963109508 0.219522903556271 0.224254942460903
"этих" 0.0738688827331487 0.0871670702179177 0.139063638169658 0.124727159338946 0.275285481239804 0.231839258114374 0.311111111111111 0.157104620039567 0.0512220108297966 0.0885216878135143
"личности" 0.433979686057248 1.37530266343826 0.0463545460565525 0 0 0 0 0 0 0
"том" 0.12927054478301 0.116222760290557 0.132441560161579 0.0415757197796487 0.0407830342577488 0.0686931135153701 0.152380952380952 0.174560688932852 0.263427484267525 0.24786072587784
"без" 0.101569713758079 0.0871670702179177 0.264883120323157 0.187090739008419 0.122349102773246 0.120212948651898 0.184126984126984 0.203654137088328 0.0878091614225084 0.0767187961050457
"всего" 0.203139427516159 0.184019370460048 0.132441560161579 0.114333229394034 0.142740619902121 0.120212948651898 0.101587301587302 0.197835447457233 0.080491731303966 0.182944821481263
"этом" 0.23084025854109 0.145278450363196 0.112575326137342 0.176696809063507 0.101957585644372 0.163146144599004 0.152380952380952 0.186198068195042 0.0878091614225084 0.12393036293892
"можно" 0.120036934441367 0.12590799031477 0.119197404145421 0.166302879118595 0.142740619902121 0.103039670273055 0.152380952380952 0.128011171884092 0.12439631201522 0.241959280023606
"себе" 0.203139427516159 0.0968523002421307 0.112575326137342 0.166302879118595 0.112153344208809 0.0944530310836339 0.0888888888888889 0.122192482252997 0.226840333674813 0.218353496606669
"ли" 0.313942751615882 0.348668280871671 0.132441560161579 0.062363579669473 0.0713703099510604 0.0858663918942126 0.203174603174603 0.0698242755731409 0.080491731303966 0.118028917084686
"возбуждения" 0.00923361034164358 0 0 0.0103939299449122 0.050978792822186 0.00858663918942126 0.0634920634920635 0.0640055859420458 0.548807258890678 0.483918560047212
"чтобы" 0.0923361034164358 0.106537530266344 0.0860870141050262 0.0831514395592974 0.112153344208809 0.0686931135153701 0.126984126984127 0.128011171884092 0.197570613200644 0.324579521982886
"раздражения" 0.00923361034164358 0 0 0.249454318677892 0.265089722675367 0.231839258114374 0.203174603174603 0.0116373792621902 0.314649495097322 0.171141929772794
"стороны" 0.110803324099723 0.106537530266344 0.291371432355473 0.103939299449122 0.101957585644372 0.0858663918942126 0.126984126984127 0.110555102990806 0.131713742133763 0.177043375627029
"других" 0.267774699907664 0.0968523002421307 0.304615588371631 0.0831514395592974 0.152936378466558 0.197492701356689 0.0634920634920635 0.0523682066798557 0.102444021659593 0.112127471230451
"она" 0.286241920590951 0.116222760290557 0.0463545460565525 0.062363579669473 0.0815660685154976 0.145972866220161 0.165079365079365 0.0989177237286163 0.248792624030441 0.147536146355857
"движения" 0.0554016620498615 0.00968523002421308 0.0198662340242368 0.0727575096143852 0.0203915171288744 0.0429331959471063 0.749206349206349 0.186198068195042 0.0146348602370847 0.0354086751254057
"всех" 0.120036934441367 0.0968523002421307 0.172174028210052 0.114333229394034 0.152936378466558 0.223252618924953 0.215873015873016 0.151285930408472 0.0439045807112542 0.0708173502508114
"они" 0.138504155124654 0.184019370460048 0.178796106218131 0.103939299449122 0.0611745513866232 0.0944530310836339 0.184126984126984 0.128011171884092 0.131713742133763 0.129831808793154
"ни" 0.267774699907664 0.193704600484261 0.0860870141050262 0.14551501922877 0.0305872756933116 0.103039670273055 0.222222222222222 0.250203654137088 0.0439045807112542 0.00590144585423429
"чем" 0.110803324099723 0.116222760290557 0.0595987020727104 0.166302879118595 0.112153344208809 0.103039670273055 0.133333333333333 0.162923309670662 0.182935752963559 0.159339038064326
"деятельности" 0.193905817174515 0.106537530266344 0.0463545460565525 0.228666458788068 0.346655791190865 0.163146144599004 0.20952380952381 0.0698242755731409 0.0512220108297966 0.0354086751254057
"жизни" 0.581717451523546 0.329297820823245 0.119197404145421 0.0311817898347365 0 0.0686931135153701 0.0444444444444444 0.0989177237286163 0.080491731303966 0.0472115668338743
"будет" 0.138504155124654 0.0484261501210654 0.0132441560161579 0.0519696497245609 0.0917618270799347 0.0601064743259488 0.107936507936508 0.116373792621902 0.248792624030441 0.318678076128652
"этот" 0.0831024930747922 0.0677966101694915 0.1258194821535 0.135121089283858 0.112153344208809 0.128799587841319 0.158730158730159 0.157104620039567 0.109761451778136 0.12393036293892
"теперь" 0.00923361034164358 0.0193704600484262 0.0198662340242368 0.155908949173683 0.132544861337684 0.20607934054611 0.184126984126984 0.151285930408472 0.219522903556271 0.106226025376217
"под" 0.0738688827331487 0.184019370460048 0.225150652274684 0.103939299449122 0.0611745513866232 0.0601064743259488 0.177777777777778 0.0640055859420458 0.12439631201522 0.118028917084686
"эти" 0.0738688827331487 0.116222760290557 0.0794649360969472 0.103939299449122 0.152936378466558 0.154559505409583 0.184126984126984 0.174560688932852 0.0512220108297966 0.112127471230451
"менее" 0.0461680517082179 0.116222760290557 0.198662340242368 0.0831514395592974 0.112153344208809 0.103039670273055 0.133333333333333 0.145467240777377 0.0731743011854237 0.147536146355857
"совершенно" 0.0461680517082179 0.0774818401937046 0.152307794185815 0.249454318677892 0.0917618270799347 0.197492701356689 0.120634920634921 0.110555102990806 0.0658568710668813 0.118028917084686
"например" 0.0461680517082179 0 0.1258194821535 0.0831514395592974 0.142740619902121 0.13738622703074 0.247619047619048 0.180379378563947 0.102444021659593 0.0708173502508114
"возбуждение" 0 0 0 0.0103939299449122 0.0101957585644372 0.00858663918942126 0.146031746031746 0.0407308274176655 0.431728376994 0.377692534670994
"вообще" 0.313942751615882 0.184019370460048 0.158929872193894 0.114333229394034 0.0407830342577488 0.0772797527047913 0.120634920634921 0.116373792621902 0.0219522903556271 0.04131012097964
"другой" 0.156971375807941 0.106537530266344 0.1258194821535 0.114333229394034 0.112153344208809 0.128799587841319 0.107936507936508 0.110555102990806 0.0512220108297966 0.118028917084686
"раз" 0.00923361034164358 0.00968523002421308 0.0331103900403947 0.124727159338946 0.101957585644372 0.249012536493217 0.0634920634920635 0.238566274874898 0.0658568710668813 0.171141929772794
"конечно" 0.0277008310249307 0.0193704600484262 0.0132441560161579 0.187090739008419 0.0917618270799347 0.111626309462476 0.292063492063492 0.221110205981613 0.0219522903556271 0.0708173502508114
"системы" 0 0.00968523002421308 0.00662207800807894 0.218272528843156 0.346655791190865 0.41215868109222 0 0 0.131713742133763 0.129831808793154
"случае" 0.0369344413665743 0.0581113801452785 0.0927090921131051 0.23906038873298 0.101957585644372 0.154559505409583 0.177777777777778 0.139648551146282 0.0365871505927118 0.0708173502508114
"рефлекса" 0 0 0 0.301423968402453 0.112153344208809 0.20607934054611 0.0888888888888889 0.250203654137088 0.109761451778136 0.0295072292711714
"доминанты" 0 0 0 0 0 0 0 0 0.592711839601932 0.33048096783712
"внушения" 0 0 0.893980531090656 0 0 0 0 0 0 0
"оно" 0.110803324099723 0.116222760290557 0.165551950201973 0.0103939299449122 0.122349102773246 0.103039670273055 0.114285714285714 0.104736413359711 0.080491731303966 0.0708173502508114
"рефлекс" 0 0 0 0.207878598898243 0.275285481239804 0.214665979735532 0.0825396825396825 0.0814616548353311 0.190253183082102 0.0472115668338743
"который" 0.166204986149584 0.116222760290557 0.0794649360969472 0.062363579669473 0.0713703099510604 0.111626309462476 0.107936507936508 0.0523682066798557 0.117078881896678 0.129831808793154
"является" 0.12927054478301 0.25181598062954 0.105953248129263 0.0831514395592974 0.0305872756933116 0.0257599175682638 0.107936507936508 0.0989177237286163 0.139031172252305 0.0472115668338743
"этой" 0.0369344413665743 0.12590799031477 0.0794649360969472 0.0831514395592974 0.142740619902121 0.20607934054611 0.107936507936508 0.104736413359711 0.0512220108297966 0.0708173502508114
"потому" 0.0738688827331487 0.0581113801452785 0.0529766240646315 0.062363579669473 0.0611745513866232 0.0858663918942126 0.215873015873016 0.192016757826138 0.0292697204741695 0.0767187961050457
"дело" 0.0554016620498615 0.0677966101694915 0.0927090921131051 0.114333229394034 0.0917618270799347 0.034346556757685 0.158730158730159 0.075642965204236 0.109761451778136 0.118028917084686
"путем" 0.23084025854109 0.0774818401937046 0.251638964307 0.0207878598898243 0.0305872756933116 0.00858663918942126 0.0761904761904762 0.139648551146282 0.0439045807112542 0.0177043375627029
"своей" 0.175438596491228 0.0871670702179177 0.099331170121184 0.0831514395592974 0.0305872756933116 0.0257599175682638 0.0253968253968254 0.0640055859420458 0.182935752963559 0.147536146355857
"тех" 0.101569713758079 0.135593220338983 0.211906496258526 0.0415757197796487 0.050978792822186 0.0944530310836339 0.0444444444444444 0.0465495170487606 0.0731743011854237 0.118028917084686
"вот" 0.0923361034164358 0.116222760290557 0.0662207800807894 0.0207878598898243 0.0611745513866232 0.034346556757685 0.0761904761904762 0.122192482252997 0.0292697204741695 0.230156388315137
"рефлексов" 0.0369344413665743 0 0 0.103939299449122 0.275285481239804 0.223252618924953 0.0761904761904762 0.0930990340975212 0.0658568710668813 0.0944231336677486
"таким" 0.156971375807941 0.0290556900726392 0.119197404145421 0.14551501922877 0.163132137030995 0.0429331959471063 0.0634920634920635 0.128011171884092 0.0365871505927118 0.0590144585423429
"человек" 0.240073868882733 0.0581113801452785 0.0463545460565525 0.0415757197796487 0 0.0171732783788425 0.146031746031746 0.238566274874898 0.0146348602370847 0.0472115668338743
"реакции" 0 0.0484261501210654 0 0.0519696497245609 0.0101957585644372 0.0772797527047913 0 0 0.329284355334407 0.312776630274417
"зрения" 0.101569713758079 0.0484261501210654 0.0132441560161579 0.0519696497245609 0.0611745513866232 0.0515198351365276 0.152380952380952 0.104736413359711 0.0439045807112542 0.200649159043966
"нас" 0.147737765466297 0.116222760290557 0.0927090921131051 0.062363579669473 0.0713703099510604 0.0772797527047913 0.0444444444444444 0.0174560688932852 0.080491731303966 0.188846267335497
"нет" 0.138504155124654 0.106537530266344 0.0860870141050262 0.0935453695042095 0.0611745513866232 0.034346556757685 0.126984126984127 0.110555102990806 0.0585394409483389 0.0649159043965772
"сказать" 0.0738688827331487 0.0677966101694915 0.0264883120323157 0.187090739008419 0.101957585644372 0.111626309462476 0.0571428571428571 0.0872803444664262 0.0731743011854237 0.129831808793154
"следовательно" 0.147737765466297 0.0193704600484262 0.0529766240646315 0.0727575096143852 0.0611745513866232 0.103039670273055 0.152380952380952 0.238566274874898 0 0
"тогда" 0.0831024930747922 0.0290556900726392 0.0794649360969472 0.0207878598898243 0.050978792822186 0.0686931135153701 0.120634920634921 0.0698242755731409 0.204888043319186 0.106226025376217
"после" 0.0923361034164358 0.0484261501210654 0.0794649360969472 0.114333229394034 0.0815660685154976 0.214665979735532 0.0698412698412698 0.0872803444664262 0.080491731303966 0.04131012097964
"движение" 0.0646352723915051 0 0.0198662340242368 0.0311817898347365 0 0.0171732783788425 0.406349206349206 0.133829861515187 0.00731743011854237 0.0590144585423429
"деятельность" 0.12927054478301 0.0581113801452785 0 0.103939299449122 0.132544861337684 0.0944530310836339 0.203174603174603 0.110555102990806 0.0219522903556271 0.0295072292711714
"нибудь" 0.0277008310249307 0.0290556900726392 0.0662207800807894 0.135121089283858 0.050978792822186 0.0686931135153701 0.158730158730159 0.157104620039567 0.0219522903556271 0.0944231336677486
"времени" 0.0554016620498615 0.0677966101694915 0.0264883120323157 0.0415757197796487 0.0713703099510604 0.120212948651898 0.0507936507936508 0.110555102990806 0.160983462607932 0.12393036293892
"наконец" 0.0738688827331487 0.0387409200968523 0.0331103900403947 0.14551501922877 0.142740619902121 0.171732783788425 0.0888888888888889 0.145467240777377 0.0219522903556271 0.0295072292711714
"него" 0.0831024930747922 0.00968523002421308 0.0662207800807894 0.0727575096143852 0.050978792822186 0.0515198351365276 0.101587301587302 0.151285930408472 0.12439631201522 0.0885216878135143
"вместе" 0.138504155124654 0.135593220338983 0.0595987020727104 0.0935453695042095 0.132544861337684 0.180319422977846 0.0444444444444444 0.075642965204236 0.0512220108297966 0.0177043375627029
"именно" 0.0831024930747922 0.0290556900726392 0.0198662340242368 0.062363579669473 0.0815660685154976 0.103039670273055 0.0507936507936508 0.0640055859420458 0.182935752963559 0.153437592210091
"могут" 0.0554016620498615 0.0677966101694915 0.099331170121184 0.0415757197796487 0.050978792822186 0.034346556757685 0.146031746031746 0.0640055859420458 0.160983462607932 0.08262024195928
"мысли" 0.0738688827331487 0.0484261501210654 0.0794649360969472 0.0207878598898243 0.0203915171288744 0.0515198351365276 0.0634920634920635 0.273478412661469 0.109761451778136 0.0177043375627029
"случаях" 0.0184672206832872 0.0290556900726392 0.278127276339315 0.0519696497245609 0.0917618270799347 0.0772797527047913 0.101587301587302 0.075642965204236 0 0.0590144585423429
"всегда" 0.0738688827331487 0.0677966101694915 0.0595987020727104 0.0207878598898243 0.0305872756933116 0.034346556757685 0.184126984126984 0.145467240777377 0.080491731303966 0.0590144585423429
"которых" 0.0369344413665743 0.106537530266344 0.1258194821535 0.0311817898347365 0.0305872756933116 0.0429331959471063 0.126984126984127 0.0523682066798557 0.109761451778136 0.106226025376217
"них" 0.0646352723915051 0.0581113801452785 0.0463545460565525 0.114333229394034 0.0815660685154976 0.120212948651898 0.101587301587302 0.0872803444664262 0.0878091614225084 0.0649159043965772
"условиях" 0.0831024930747922 0.145278450363196 0.0662207800807894 0.0207878598898243 0.101957585644372 0.0429331959471063 0.0825396825396825 0.0523682066798557 0.0365871505927118 0.171141929772794
"деле" 0.0554016620498615 0.0484261501210654 0.0529766240646315 0 0.0305872756933116 0.0257599175682638 0.215873015873016 0.215291516350518 0.0146348602370847 0.04131012097964
"однако" 0.0646352723915051 0.0484261501210654 0.0662207800807894 0.0311817898347365 0.0815660685154976 0.120212948651898 0.114285714285714 0.186198068195042 0.0365871505927118 0.0177043375627029
"перед" 0.0738688827331487 0 0.0529766240646315 0.103939299449122 0.122349102773246 0.0772797527047913 0.0825396825396825 0.0872803444664262 0.0658568710668813 0.12393036293892
"также" 0.0738688827331487 0.12590799031477 0.192040262234289 0.062363579669473 0.0611745513866232 0.0772797527047913 0.019047619047619 0.0407308274176655 0.080491731303966 0.0708173502508114
"где" 0.0461680517082179 0.145278450363196 0.0331103900403947 0.0727575096143852 0.112153344208809 0.0429331959471063 0.114285714285714 0.0814616548353311 0.0878091614225084 0.0649159043965772
"себя" 0.12927054478301 0.145278450363196 0.0728428580888683 0.0831514395592974 0.0917618270799347 0.0772797527047913 0.0126984126984127 0.0872803444664262 0.0731743011854237 0.0590144585423429
"самом" 0.0738688827331487 0.0387409200968523 0.0397324680484736 0.0311817898347365 0.0407830342577488 0.034346556757685 0.177777777777778 0.174560688932852 0.0292697204741695 0.0590144585423429
"мозга" 0.0277008310249307 0.0290556900726392 0.00662207800807894 0.166302879118595 0.142740619902121 0.00858663918942126 0.279365079365079 0.00581868963109508 0.0951265915410508 0.0236057834169371
"торможение" 0.0184672206832872 0 0 0.0519696497245609 0.25489396411093 0.111626309462476 0 0 0.160983462607932 0.188846267335497
"затем" 0.0646352723915051 0.0484261501210654 0.0794649360969472 0.23906038873298 0.142740619902121 0.13738622703074 0.0126984126984127 0.0116373792621902 0.0292697204741695 0.0767187961050457
"движений" 0 0 0.00662207800807894 0.0415757197796487 0 0 0.387301587301587 0.162923309670662 0.0146348602370847 0
"точки" 0.0646352723915051 0.0484261501210654 0.0132441560161579 0.0311817898347365 0.0611745513866232 0.0257599175682638 0.13968253968254 0.0872803444664262 0.0219522903556271 0.177043375627029
"степени" 0.00923361034164358 0.0484261501210654 0.0662207800807894 0.103939299449122 0.0713703099510604 0.13738622703074 0.0761904761904762 0.0989177237286163 0.0292697204741695 0.0767187961050457
"той" 0.138504155124654 0.12590799031477 0.0927090921131051 0.0519696497245609 0.0203915171288744 0.0858663918942126 0.0253968253968254 0.0523682066798557 0.0512220108297966 0.0944231336677486
"одного" 0.12927054478301 0.0193704600484262 0.152307794185815 0.0519696497245609 0.0305872756933116 0.0601064743259488 0.0698412698412698 0.104736413359711 0.0219522903556271 0.0472115668338743
"ощущения" 0 0 0.0132441560161579 0 0.0305872756933116 0 0.133333333333333 0.384033515652275 0.0146348602370847 0
"процесс" 0.0369344413665743 0 0.0132441560161579 0.0415757197796487 0.183523654159869 0.128799587841319 0.0698412698412698 0.122192482252997 0.0365871505927118 0.08262024195928
"доминанта" 0 0 0 0 0 0 0 0 0.446363237231084 0.188846267335497
"должны" 0.110803324099723 0.145278450363196 0.0595987020727104 0.062363579669473 0.050978792822186 0.0858663918942126 0.0380952380952381 0.0465495170487606 0.0512220108297966 0.08262024195928
"один" 0.0554016620498615 0.0290556900726392 0.0662207800807894 0.0935453695042095 0.142740619902121 0.0772797527047913 0.0380952380952381 0.0872803444664262 0.0585394409483389 0.0649159043965772
"те" 0.0923361034164358 0.116222760290557 0.0529766240646315 0.062363579669473 0.050978792822186 0.0686931135153701 0.0698412698412698 0.0814616548353311 0.0585394409483389 0.0531130126881086
"был" 0.0738688827331487 0.0387409200968523 0.119197404145421 0.0831514395592974 0.050978792822186 0.128799587841319 0.0380952380952381 0.0465495170487606 0.0658568710668813 0.0531130126881086
"вы" 0.0554016620498615 0.0387409200968523 0.0198662340242368 0.0103939299449122 0.0203915171288744 0.0429331959471063 0.126984126984127 0.0174560688932852 0.0512220108297966 0.230156388315137
"нервных" 0 0.00968523002421308 0.00662207800807894 0.062363579669473 0.0713703099510604 0.291945732440323 0.0380952380952381 0.0640055859420458 0.109761451778136 0.0531130126881086
"организма" 0.0277008310249307 0.0968523002421307 0.00662207800807894 0.228666458788068 0.285481239804241 0.0858663918942126 0 0 0.0512220108297966 0.0531130126881086
"тот" 0.0923361034164358 0.0581113801452785 0.0463545460565525 0.062363579669473 0.050978792822186 0.0429331959471063 0.0444444444444444 0.0989177237286163 0.0878091614225084 0.0885216878135143
"процесса" 0.0554016620498615 0 0.0198662340242368 0.0311817898347365 0.244698205546493 0.334878928387429 0.0126984126984127 0.0698242755731409 0 0
"развития" 0.0554016620498615 0.358353510895884 0.0198662340242368 0.0311817898347365 0 0.0171732783788425 0.0507936507936508 0.151285930408472 0 0.0236057834169371
"состоянии" 0.0369344413665743 0.0193704600484262 0.231772730282763 0 0.0713703099510604 0.034346556757685 0.0571428571428571 0.0465495170487606 0.0731743011854237 0.0590144585423429
"над" 0.0738688827331487 0.12590799031477 0.0397324680484736 0.0727575096143852 0.0713703099510604 0.0515198351365276 0.0952380952380952 0.0581868963109508 0.0365871505927118 0.0649159043965772
"раздражителя" 0 0 0 0.197484668953331 0.132544861337684 0.317705650008587 0.0317460317460317 0 0.0658568710668813 0.0236057834169371
"этим" 0.0646352723915051 0.0871670702179177 0.099331170121184 0.0519696497245609 0.0611745513866232 0.0257599175682638 0.0825396825396825 0.0814616548353311 0.0365871505927118 0.0531130126881086
"которое" 0.138504155124654 0.116222760290557 0.145685716177737 0.0519696497245609 0.0101957585644372 0.0257599175682638 0.0380952380952381 0.0290934481554754 0.0585394409483389 0.0472115668338743
"сознания" 0.0369344413665743 0.0387409200968523 0.384080524468578 0 0 0 0.0507936507936508 0.0349121377865705 0.0365871505927118 0
"внушение" 0 0 0.556254552678631 0 0 0 0 0 0 0
"животного" 0 0 0 0.14551501922877 0.25489396411093 0.0944530310836339 0.0698412698412698 0.0232747585243803 0.080491731303966 0.0472115668338743
"одной" 0.110803324099723 0.0677966101694915 0.0397324680484736 0.062363579669473 0.0713703099510604 0.0686931135153701 0.0761904761904762 0.0523682066798557 0.0292697204741695 0.0767187961050457
"торможения" 0 0 0 0.0519696497245609 0.25489396411093 0.103039670273055 0 0 0.131713742133763 0.141634700501623
"часто" 0.0184672206832872 0.00968523002421308 0.0529766240646315 0.0103939299449122 0.142740619902121 0.111626309462476 0.0634920634920635 0.174560688932852 0.0146348602370847 0.0177043375627029
"эта" 0.101569713758079 0.0677966101694915 0.0397324680484736 0.0519696497245609 0.0611745513866232 0.0772797527047913 0.0380952380952381 0.075642965204236 0.0585394409483389 0.0767187961050457
"другие" 0.110803324099723 0.0484261501210654 0.112575326137342 0.0831514395592974 0.132544861337684 0.0858663918942126 0.00634920634920635 0.0116373792621902 0.0731743011854237 0.0236057834169371
"мере" 0.0738688827331487 0.0774818401937046 0.192040262234289 0.0311817898347365 0.0203915171288744 0.034346556757685 0.0444444444444444 0.0290934481554754 0.0878091614225084 0.0236057834169371
"явления" 0.0646352723915051 0.00968523002421308 0.0397324680484736 0.0415757197796487 0.101957585644372 0.0772797527047913 0.133333333333333 0.0523682066798557 0.0292697204741695 0.0649159043965772
"значение" 0.0461680517082179 0.12590799031477 0.0860870141050262 0.0519696497245609 0.0101957585644372 0.0429331959471063 0.00634920634920635 0.0174560688932852 0.146348602370847 0.0885216878135143
"пор" 0.0277008310249307 0.116222760290557 0.0860870141050262 0.0311817898347365 0.101957585644372 0.0686931135153701 0.0317460317460317 0.0290934481554754 0.0585394409483389 0.08262024195928
"собою" 0 0.145278450363196 0.112575326137342 0 0 0.00858663918942126 0.0761904761904762 0.075642965204236 0.109761451778136 0.0472115668338743
"вполне" 0.0369344413665743 0.12590799031477 0.0728428580888683 0.0727575096143852 0.050978792822186 0.0858663918942126 0.0317460317460317 0.0640055859420458 0.0439045807112542 0.0472115668338743
"действия" 0.0277008310249307 0 0.0331103900403947 0.0519696497245609 0.0611745513866232 0.171732783788425 0.0317460317460317 0.0174560688932852 0.0365871505927118 0.16524048391856
"которая" 0.110803324099723 0.174334140435835 0.0794649360969472 0.0207878598898243 0 0.00858663918942126 0.0571428571428571 0.0407308274176655 0.0439045807112542 0.0767187961050457
"мне" 0.0461680517082179 0.0290556900726392 0.0264883120323157 0.114333229394034 0.0611745513866232 0.0686931135153701 0.0571428571428571 0.0930990340975212 0.0512220108297966 0.0649159043965772
"условия" 0.0184672206832872 0.174334140435835 0.0529766240646315 0.0415757197796487 0.0407830342577488 0.0601064743259488 0.0444444444444444 0.0930990340975212 0.0365871505927118 0.0531130126881086
"чрезвычайно" 0 0.00968523002421308 0.00662207800807894 0.0311817898347365 0.0815660685154976 0.0944530310836339 0.0507936507936508 0.104736413359711 0.0585394409483389 0.129831808793154
"животных" 0.0184672206832872 0 0 0.062363579669473 0.25489396411093 0.240425897303795 0.0952380952380952 0 0 0.0177043375627029
"нужно" 0.0554016620498615 0.0774818401937046 0.0463545460565525 0.0103939299449122 0.0407830342577488 0.0686931135153701 0.0952380952380952 0.075642965204236 0.0219522903556271 0.08262024195928
"известно" 0.0831024930747922 0.106537530266344 0.0728428580888683 0.0311817898347365 0.0305872756933116 0.00858663918942126 0.0952380952380952 0.116373792621902 0.00731743011854237 0.0236057834169371
"особенно" 0.0554016620498615 0.0968523002421307 0.0794649360969472 0.0311817898347365 0.0611745513866232 0.145972866220161 0.0380952380952381 0.0116373792621902 0.0292697204741695 0.0708173502508114
"состояние" 0 0.00968523002421308 0.0794649360969472 0.0831514395592974 0.101957585644372 0.034346556757685 0.0507936507936508 0.0290934481554754 0.109761451778136 0.08262024195928
"условный" 0 0 0 0.301423968402453 0.224306688417618 0.214665979735532 0.00634920634920635 0 0 0
"нерва" 0 0 0 0 0 0.00858663918942126 0.215873015873016 0.0698242755731409 0.0658568710668813 0.118028917084686
"остается" 0.110803324099723 0.0484261501210654 0.0331103900403947 0.135121089283858 0.050978792822186 0.0686931135153701 0.0571428571428571 0.0872803444664262 0.0146348602370847 0.0118028917084686
"сферу" 0 0.0193704600484262 0.297993510363552 0 0 0 0.00634920634920635 0.0174560688932852 0.0951265915410508 0.0708173502508114
"условных" 0 0 0 0.124727159338946 0.305872756933116 0.249012536493217 0 0 0.0219522903556271 0.0118028917084686
"раздражение" 0 0 0 0.124727159338946 0.0407830342577488 0.111626309462476 0.0698412698412698 0.0116373792621902 0.182935752963559 0.0472115668338743
"хотя" 0.120036934441367 0.0581113801452785 0.0595987020727104 0.0831514395592974 0.0407830342577488 0.0686931135153701 0.0698412698412698 0.0407308274176655 0.0219522903556271 0.0354086751254057
"центральной" 0 0 0 0.166302879118595 0.152936378466558 0.0944530310836339 0 0 0.117078881896678 0.100324579521983
"ощущение" 0.00923361034164358 0 0 0 0 0 0.107936507936508 0.320027929710229 0.00731743011854237 0
"рефлексы" 0 0 0 0.062363579669473 0.0611745513866232 0.145972866220161 0.133333333333333 0.0698242755731409 0.0292697204741695 0.0472115668338743
"должно" 0.0646352723915051 0.203389830508475 0.0264883120323157 0.0519696497245609 0.0407830342577488 0.0515198351365276 0.0444444444444444 0.0640055859420458 0.0219522903556271 0.0295072292711714
"которой" 0.0554016620498615 0.0871670702179177 0.0662207800807894 0.0311817898347365 0.0203915171288744 0.034346556757685 0.0507936507936508 0.0465495170487606 0.0512220108297966 0.0944231336677486
"лица" 0.0461680517082179 0.0193704600484262 0.364214290444341 0 0 0 0.0507936507936508 0.0116373792621902 0 0.00590144585423429
"мысль" 0.0277008310249307 0.0677966101694915 0.0198662340242368 0 0.0305872756933116 0 0.0507936507936508 0.215291516350518 0.0512220108297966 0.0295072292711714
"об" 0.0646352723915051 0.0677966101694915 0.0529766240646315 0.0727575096143852 0.050978792822186 0.0858663918942126 0.0380952380952381 0.075642965204236 0.0146348602370847 0.0472115668338743
"вопрос" 0.0554016620498615 0.0387409200968523 0.0728428580888683 0.0831514395592974 0.0305872756933116 0.0515198351365276 0.0698412698412698 0.0581868963109508 0.0365871505927118 0.0472115668338743
"ему" 0.0646352723915051 0.00968523002421308 0.0927090921131051 0.0103939299449122 0.0611745513866232 0.0257599175682638 0.0825396825396825 0.0698242755731409 0.0365871505927118 0.0590144585423429
"своего" 0.138504155124654 0.0871670702179177 0.0529766240646315 0 0.0203915171288744 0.034346556757685 0.0698412698412698 0.0581868963109508 0.0365871505927118 0.0472115668338743
"условного" 0 0 0 0.249454318677892 0.132544861337684 0.27477245406148 0 0 0.0219522903556271 0
"личность" 0.166204986149584 0.484261501210654 0.0198662340242368 0 0 0 0 0 0 0
"обыкновенно" 0.00923361034164358 0.00968523002421308 0.0728428580888683 0.0311817898347365 0.0305872756933116 0.0515198351365276 0.133333333333333 0.128011171884092 0.00731743011854237 0.0118028917084686
"процессов" 0.0461680517082179 0.0193704600484262 0 0.0519696497245609 0.142740619902121 0.317705650008587 0.0126984126984127 0 0.0292697204741695 0.0118028917084686
"связи" 0.00923361034164358 0.0387409200968523 0 0.124727159338946 0.183523654159869 0.034346556757685 0.0571428571428571 0.0349121377865705 0.080491731303966 0.0354086751254057
"смысле" 0.110803324099723 0.0677966101694915 0.0463545460565525 0.0103939299449122 0.0305872756933116 0.0257599175682638 0.0761904761904762 0.0407308274176655 0.0292697204741695 0.0885216878135143
"явлений" 0.0277008310249307 0.0193704600484262 0.0397324680484736 0.114333229394034 0.0611745513866232 0.0686931135153701 0.0952380952380952 0.0407308274176655 0.0731743011854237 0.0177043375627029
"надо" 0.0369344413665743 0.00968523002421308 0.0529766240646315 0.0415757197796487 0.152936378466558 0.120212948651898 0 0 0.0878091614225084 0.0708173502508114
"рода" 0.0554016620498615 0.0193704600484262 0.0927090921131051 0 0.0101957585644372 0.0515198351365276 0.13968253968254 0.075642965204236 0.0219522903556271 0.0177043375627029
"тому" 0.101569713758079 0.0677966101694915 0.0397324680484736 0.0415757197796487 0.0407830342577488 0.034346556757685 0.0253968253968254 0.0581868963109508 0.0439045807112542 0.08262024195928
"энергии" 0.452446906740536 0.00968523002421308 0 0.0103939299449122 0.0407830342577488 0 0 0 0.0146348602370847 0.0767187961050457
"явление" 0.00923361034164358 0.0193704600484262 0.0198662340242368 0.0207878598898243 0.142740619902121 0.0686931135153701 0.101587301587302 0.0349121377865705 0.0365871505927118 0.0767187961050457
"идет" 0.0831024930747922 0.0581113801452785 0.0662207800807894 0.0727575096143852 0.0611745513866232 0.0257599175682638 0.0698412698412698 0.0174560688932852 0.0512220108297966 0.04131012097964
"нам" 0.0831024930747922 0.0387409200968523 0.0595987020727104 0.0727575096143852 0.0305872756933116 0.0515198351365276 0.0317460317460317 0.0116373792621902 0.0439045807112542 0.106226025376217
"прежде" 0.0277008310249307 0.0581113801452785 0.0529766240646315 0.0831514395592974 0.0305872756933116 0.0515198351365276 0.0634920634920635 0.0174560688932852 0.0439045807112542 0.0944231336677486
"раздражителей" 0 0 0 0.14551501922877 0.132544861337684 0.291945732440323 0 0 0.0292697204741695 0.0236057834169371
"тела" 0.0369344413665743 0.0387409200968523 0.0264883120323157 0.0207878598898243 0 0.034346556757685 0.171428571428571 0.0698242755731409 0.0439045807112542 0.0354086751254057
"форме" 0.0923361034164358 0.0290556900726392 0.0860870141050262 0.0103939299449122 0.0101957585644372 0.00858663918942126 0.0444444444444444 0.168741999301757 0.00731743011854237 0.0177043375627029
"внешних" 0.0646352723915051 0.0193704600484262 0.0198662340242368 0.062363579669473 0.0713703099510604 0.0686931135153701 0.0825396825396825 0.104736413359711 0 0.0236057834169371
"достаточно" 0.0184672206832872 0.0387409200968523 0.0662207800807894 0.0311817898347365 0.0305872756933116 0.0171732783788425 0.0126984126984127 0.0232747585243803 0.117078881896678 0.129831808793154
"жизнь" 0.295475530932595 0.0968523002421307 0.00662207800807894 0 0.0203915171288744 0.0171732783788425 0.0317460317460317 0.0349121377865705 0.0219522903556271 0.04131012097964
"опять" 0.0277008310249307 0 0.0198662340242368 0.0727575096143852 0.050978792822186 0.0515198351365276 0.0444444444444444 0.0640055859420458 0.0878091614225084 0.08262024195928
"была" 0.0184672206832872 0.0387409200968523 0.0595987020727104 0.0103939299449122 0.0203915171288744 0.163146144599004 0.0507936507936508 0.0290934481554754 0.0878091614225084 0.0295072292711714
"ощущений" 0 0 0.0198662340242368 0 0.0203915171288744 0 0.0761904761904762 0.279297102292564 0.0146348602370847 0
"почти" 0.00923361034164358 0.0290556900726392 0.0728428580888683 0.124727159338946 0.101957585644372 0.13738622703074 0.0380952380952381 0.0116373792621902 0.0292697204741695 0.0118028917084686
"влиянием" 0.0184672206832872 0.0193704600484262 0.0397324680484736 0.0727575096143852 0.0305872756933116 0.034346556757685 0.0888888888888889 0.0465495170487606 0.0658568710668813 0.0649159043965772
"д" 0 0.0193704600484262 0.0595987020727104 0.0935453695042095 0.101957585644372 0.0772797527047913 0.0126984126984127 0.0640055859420458 0.0365871505927118 0.0531130126881086
"имеет" 0.0738688827331487 0.0677966101694915 0.00662207800807894 0.0519696497245609 0.0407830342577488 0.0515198351365276 0.0507936507936508 0.075642965204236 0.0439045807112542 0.0472115668338743
"момент" 0 0.0193704600484262 0 0.0311817898347365 0.0611745513866232 0.0171732783788425 0.0126984126984127 0.0290934481554754 0.131713742133763 0.16524048391856
"нами" 0.0738688827331487 0.0290556900726392 0.0264883120323157 0.0831514395592974 0.0203915171288744 0.0858663918942126 0.0380952380952381 0.00581868963109508 0.0365871505927118 0.112127471230451
"нашей" 0.0646352723915051 0.145278450363196 0.0794649360969472 0.0519696497245609 0.0611745513866232 0.0601064743259488 0.00634920634920635 0.00581868963109508 0.0292697204741695 0.0472115668338743
"нем" 0.0461680517082179 0.0387409200968523 0.00662207800807894 0.0103939299449122 0.0407830342577488 0.0171732783788425 0.0380952380952381 0.0349121377865705 0.117078881896678 0.12393036293892
"несколько" 0 0.00968523002421308 0.0529766240646315 0.0727575096143852 0.0917618270799347 0.128799587841319 0.0507936507936508 0.0581868963109508 0.0146348602370847 0.0354086751254057
"г" 0.101569713758079 0.0387409200968523 0.0529766240646315 0 0.0101957585644372 0 0.0253968253968254 0.00581868963109508 0.139031172252305 0.100324579521983
"друг" 0.0923361034164358 0.0193704600484262 0.0860870141050262 0.0103939299449122 0.0815660685154976 0.034346556757685 0.0317460317460317 0.0581868963109508 0.0585394409483389 0.0236057834169371
"мышц" 0.0184672206832872 0 0 0 0.0305872756933116 0 0.203174603174603 0.145467240777377 0.00731743011854237 0.0118028917084686
"отношении" 0.0831024930747922 0.0774818401937046 0.0662207800807894 0.0311817898347365 0.0611745513866232 0.120212948651898 0.00634920634920635 0.0523682066798557 0.0219522903556271 0.0118028917084686
"сейчас" 0 0 0.00662207800807894 0.124727159338946 0.112153344208809 0.128799587841319 0.00634920634920635 0.00581868963109508 0.0585394409483389 0.0944231336677486
"должен" 0.0646352723915051 0.0193704600484262 0.0264883120323157 0.062363579669473 0.0407830342577488 0.0858663918942126 0.0317460317460317 0.0872803444664262 0.0146348602370847 0.0531130126881086
"внешнего" 0.00923361034164358 0.0290556900726392 0.00662207800807894 0.0415757197796487 0.152936378466558 0.111626309462476 0.0571428571428571 0.0814616548353311 0.00731743011854237 0.0118028917084686
"очевидно" 0.0277008310249307 0.0387409200968523 0.1258194821535 0.0415757197796487 0.101957585644372 0.034346556757685 0.0126984126984127 0.0174560688932852 0.0365871505927118 0.0531130126881086
"раздражитель" 0 0 0 0.0935453695042095 0.0713703099510604 0.300532371629744 0 0 0.0512220108297966 0.0295072292711714
"течение" 0.110803324099723 0.0193704600484262 0.0198662340242368 0.0415757197796487 0.0305872756933116 0.128799587841319 0.00634920634920635 0.0407308274176655 0.0585394409483389 0.0472115668338743
"были" 0.0277008310249307 0.0581113801452785 0.112575326137342 0.062363579669473 0.050978792822186 0.103039670273055 0.019047619047619 0.0174560688932852 0.00731743011854237 0.0354086751254057
"выше" 0.0461680517082179 0.0193704600484262 0.0264883120323157 0.0415757197796487 0.0815660685154976 0.0686931135153701 0.0634920634920635 0.0232747585243803 0.0439045807112542 0.0649159043965772
"им" 0.0831024930747922 0.0581113801452785 0.0728428580888683 0.0311817898347365 0.050978792822186 0.0257599175682638 0.00634920634920635 0.0698242755731409 0.0512220108297966 0.0295072292711714
"постоянно" 0.0184672206832872 0.00968523002421308 0.0198662340242368 0.197484668953331 0.152936378466558 0.0858663918942126 0.0126984126984127 0.0349121377865705 0.00731743011854237 0.0177043375627029
"через" 0.00923361034164358 0 0.0198662340242368 0.0831514395592974 0.0611745513866232 0.034346556757685 0.0444444444444444 0.0930990340975212 0.0585394409483389 0.0531130126881086
"ясно" 0.0831024930747922 0.0387409200968523 0.0331103900403947 0.0519696497245609 0.0203915171288744 0.0429331959471063 0.0698412698412698 0.0814616548353311 0.0365871505927118 0.0118028917084686
"всем" 0.0831024930747922 0.0677966101694915 0.0331103900403947 0.0727575096143852 0.0305872756933116 0.0257599175682638 0.0698412698412698 0.0407308274176655 0.0512220108297966 0.0118028917084686
"легко" 0 0.0484261501210654 0.0860870141050262 0.0207878598898243 0.0713703099510604 0.034346556757685 0.0761904761904762 0.0407308274176655 0.0219522903556271 0.0472115668338743
"н" 0.00923361034164358 0.0193704600484262 0.0331103900403947 0.0103939299449122 0 0 0.00634920634920635 0 0.182935752963559 0.153437592210091
"свою" 0.0923361034164358 0.0387409200968523 0.0595987020727104 0.0103939299449122 0.0305872756933116 0.0171732783788425 0.0126984126984127 0.0698242755731409 0.080491731303966 0.04131012097964
"ведь" 0.0923361034164358 0.0193704600484262 0.0198662340242368 0.0727575096143852 0.0101957585644372 0.00858663918942126 0.0761904761904762 0.0523682066798557 0.00731743011854237 0.08262024195928
"говоря" 0.101569713758079 0.0387409200968523 0.099331170121184 0.0519696497245609 0.050978792822186 0.0515198351365276 0.0126984126984127 0.0232747585243803 0.0219522903556271 0.0295072292711714
"пока" 0.0369344413665743 0.0484261501210654 0.0595987020727104 0.0207878598898243 0.0101957585644372 0.0858663918942126 0.019047619047619 0.0232747585243803 0.0731743011854237 0.0708173502508114
"ряд" 0.0277008310249307 0.0581113801452785 0.0264883120323157 0.0519696497245609 0.050978792822186 0.00858663918942126 0.0698412698412698 0.0814616548353311 0.0146348602370847 0.0531130126881086
"свое" 0.0831024930747922 0.00968523002421308 0.0331103900403947 0.0727575096143852 0.0407830342577488 0.034346556757685 0 0 0.0658568710668813 0.12393036293892
"условий" 0.0184672206832872 0.0871670702179177 0.0463545460565525 0.0519696497245609 0.0305872756933116 0.0515198351365276 0.0380952380952381 0.0465495170487606 0.0146348602370847 0.0708173502508114
"виде" 0.0277008310249307 0.0677966101694915 0.0264883120323157 0.124727159338946 0.0815660685154976 0.0601064743259488 0.019047619047619 0.0116373792621902 0.0292697204741695 0.0531130126881086
"возбуждений" 0 0 0 0 0 0 0.00634920634920635 0.0116373792621902 0.15366603248939 0.2065506048982
"отсюда" 0.0554016620498615 0 0.0397324680484736 0.0311817898347365 0.0305872756933116 0.0515198351365276 0.0444444444444444 0.110555102990806 0.0219522903556271 0.0354086751254057
"психической" 0.0923361034164358 0.0581113801452785 0.165551950201973 0.0207878598898243 0.0203915171288744 0.0171732783788425 0.0317460317460317 0.0290934481554754 0.0146348602370847 0
"сих" 0.0184672206832872 0.0581113801452785 0.0132441560161579 0.0311817898347365 0.0815660685154976 0.0686931135153701 0.0253968253968254 0.0232747585243803 0.0585394409483389 0.08262024195928
"таких" 0.0277008310249307 0.0387409200968523 0.0529766240646315 0.0311817898347365 0.0305872756933116 0.0429331959471063 0.0571428571428571 0.0581868963109508 0.0365871505927118 0.0531130126881086
"иногда" 0 0.00968523002421308 0.0927090921131051 0.0415757197796487 0.0611745513866232 0.0601064743259488 0.0698412698412698 0.0290934481554754 0.0146348602370847 0.0472115668338743
"представляет" 0.0461680517082179 0.0581113801452785 0.0728428580888683 0.0311817898347365 0.050978792822186 0.0429331959471063 0.0317460317460317 0.0407308274176655 0.0439045807112542 0.0295072292711714
"происходит" 0.0184672206832872 0 0.0728428580888683 0.103939299449122 0.101957585644372 0.0257599175682638 0.0444444444444444 0.0465495170487606 0.0146348602370847 0.0295072292711714
"стало" 0.00923361034164358 0 0.0132441560161579 0.0103939299449122 0.0305872756933116 0.0171732783788425 0.146031746031746 0.104736413359711 0.0146348602370847 0.0354086751254057
"центров" 0.0184672206832872 0 0 0.0311817898347365 0 0 0 0 0.234157763793356 0.12393036293892
"человеческой" 0.433979686057248 0.0677966101694915 0.00662207800807894 0 0.0101957585644372 0 0 0.00581868963109508 0 0.00590144585423429
"должна" 0.0738688827331487 0.116222760290557 0 0.0311817898347365 0.0101957585644372 0.0257599175682638 0.0253968253968254 0.0640055859420458 0.0439045807112542 0.0531130126881086
"лиц" 0.0831024930747922 0.0387409200968523 0.284749354347394 0 0.0101957585644372 0 0 0 0 0
"мира" 0.156971375807941 0.00968523002421308 0.0198662340242368 0.0311817898347365 0.183523654159869 0.0686931135153701 0.019047619047619 0.0116373792621902 0.0146348602370847 0
"ребенка" 0.00923361034164358 0 0.00662207800807894 0 0 0 0.158730158730159 0.162923309670662 0.00731743011854237 0.00590144585423429
"читатель" 0 0 0.00662207800807894 0 0 0 0.177777777777778 0.157104620039567 0 0.00590144585423429
"этому" 0.0277008310249307 0.0484261501210654 0.0595987020727104 0.0207878598898243 0.0407830342577488 0.0257599175682638 0.0761904761904762 0.0465495170487606 0.0365871505927118 0.0354086751254057
"благодаря" 0.0738688827331487 0.116222760290557 0.132441560161579 0.0415757197796487 0.050978792822186 0.0257599175682638 0 0 0.00731743011854237 0.0177043375627029
"всякого" 0.0184672206832872 0.0484261501210654 0.0595987020727104 0.062363579669473 0.0203915171288744 0.0171732783788425 0.0825396825396825 0.0872803444664262 0 0.0118028917084686
"людей" 0.0831024930747922 0.0387409200968523 0.0397324680484736 0.0207878598898243 0.0407830342577488 0.0772797527047913 0.0571428571428571 0.0581868963109508 0.00731743011854237 0.0118028917084686
"нашего" 0.0369344413665743 0.0871670702179177 0.0728428580888683 0.103939299449122 0.0203915171288744 0.0257599175682638 0.019047619047619 0.0290934481554754 0.0146348602370847 0.04131012097964
"ней" 0.0831024930747922 0.0581113801452785 0.0132441560161579 0.0519696497245609 0.0407830342577488 0.00858663918942126 0.019047619047619 0.0465495170487606 0.0878091614225084 0.0354086751254057
"новых" 0.0277008310249307 0.0290556900726392 0.00662207800807894 0.0207878598898243 0 0.0686931135153701 0.0126984126984127 0.00581868963109508 0.0585394409483389 0.16524048391856
"полушарий" 0 0 0 0.332605758237189 0.163132137030995 0.00858663918942126 0.019047619047619 0 0.0219522903556271 0.00590144585423429
"пример" 0.00923361034164358 0.0193704600484262 0.0860870141050262 0.0207878598898243 0.0101957585644372 0.0257599175682638 0.0698412698412698 0.0640055859420458 0.0219522903556271 0.0531130126881086
"силы" 0.0461680517082179 0.0871670702179177 0.0132441560161579 0.0311817898347365 0.0305872756933116 0.13738622703074 0.0380952380952381 0.0174560688932852 0.0146348602370847 0.04131012097964
"собой" 0.110803324099723 0 0.0264883120323157 0.0935453695042095 0.101957585644372 0.0686931135153701 0.0126984126984127 0.0116373792621902 0.0365871505927118 0.0236057834169371
"акта" 0 0.0193704600484262 0 0.0311817898347365 0 0 0.0888888888888889 0.151285930408472 0.0292697204741695 0.0354086751254057
"иначе" 0.110803324099723 0.0387409200968523 0.0860870141050262 0.062363579669473 0.0305872756933116 0.0515198351365276 0.0126984126984127 0.00581868963109508 0.00731743011854237 0.04131012097964
"роль" 0.00923361034164358 0.0484261501210654 0.0927090921131051 0.0311817898347365 0 0 0.019047619047619 0.0290934481554754 0.12439631201522 0.04131012097964
"больше" 0 0 0 0.062363579669473 0.050978792822186 0.0601064743259488 0.0253968253968254 0.128011171884092 0.0365871505927118 0.0295072292711714
"высших" 0.0461680517082179 0.0677966101694915 0 0.0311817898347365 0.0611745513866232 0.145972866220161 0.0126984126984127 0.0174560688932852 0.0439045807112542 0.0295072292711714
"значит" 0.0369344413665743 0 0.00662207800807894 0.0311817898347365 0.0407830342577488 0.0429331959471063 0.0380952380952381 0.0290934481554754 0.080491731303966 0.0885216878135143
"какой" 0.0277008310249307 0.0677966101694915 0.0397324680484736 0.0207878598898243 0.0305872756933116 0.034346556757685 0.0571428571428571 0.0698242755731409 0 0.0472115668338743
"которого" 0.0369344413665743 0.0871670702179177 0.0662207800807894 0.0207878598898243 0.050978792822186 0.0171732783788425 0.0571428571428571 0.0232747585243803 0.0292697204741695 0.0295072292711714
"наших" 0.0277008310249307 0.0871670702179177 0.0529766240646315 0.0727575096143852 0.050978792822186 0.111626309462476 0.0126984126984127 0.00581868963109508 0.00731743011854237 0.0295072292711714
"опыта" 0.0369344413665743 0 0 0.0831514395592974 0.0101957585644372 0.171732783788425 0.0253968253968254 0.0116373792621902 0.0658568710668813 0.0354086751254057
"отдельных" 0.0277008310249307 0.0581113801452785 0.0397324680484736 0.14551501922877 0.0305872756933116 0.034346556757685 0.0253968253968254 0.0523682066798557 0.0219522903556271 0.0118028917084686
"первых" 0.00923361034164358 0.0193704600484262 0 0.103939299449122 0.0611745513866232 0.154559505409583 0.0253968253968254 0.0349121377865705 0.0146348602370847 0.0295072292711714
"влияние" 0.0554016620498615 0.0387409200968523 0.105953248129263 0.0103939299449122 0 0 0.0444444444444444 0.0290934481554754 0.0512220108297966 0.04131012097964
"глаза" 0 0 0.0132441560161579 0.0103939299449122 0.0101957585644372 0.0686931135153701 0.0761904761904762 0.162923309670662 0 0.00590144585423429
"дает" 0.101569713758079 0.00968523002421308 0.0198662340242368 0.0207878598898243 0.0407830342577488 0.0515198351365276 0.0317460317460317 0.00581868963109508 0.109761451778136 0.0295072292711714
"действует" 0.0184672206832872 0 0.158929872193894 0.0207878598898243 0.0305872756933116 0.034346556757685 0.0444444444444444 0.0407308274176655 0.0146348602370847 0.0118028917084686
"ничего" 0.0738688827331487 0.00968523002421308 0.0662207800807894 0.0311817898347365 0.0101957585644372 0.00858663918942126 0.019047619047619 0.0349121377865705 0.0439045807112542 0.08262024195928
"почему" 0.0554016620498615 0.0581113801452785 0.0132441560161579 0.0935453695042095 0.0407830342577488 0.0257599175682638 0.019047619047619 0.0407308274176655 0.0146348602370847 0.0649159043965772
"представление" 0 0.00968523002421308 0.0529766240646315 0.0207878598898243 0.0611745513866232 0.00858663918942126 0.0507936507936508 0.122192482252997 0.0146348602370847 0.0236057834169371
"факт" 0.0461680517082179 0.0484261501210654 0.0264883120323157 0.114333229394034 0.0611745513866232 0.0944530310836339 0.0317460317460317 0.00581868963109508 0.0292697204741695 0.00590144585423429
"другого" 0.0184672206832872 0.00968523002421308 0.0463545460565525 0.0311817898347365 0.0305872756933116 0.0944530310836339 0.0507936507936508 0.0290934481554754 0.0146348602370847 0.0590144585423429
"одном" 0.00923361034164358 0.00968523002421308 0.0463545460565525 0 0.0305872756933116 0.0257599175682638 0.0444444444444444 0.0640055859420458 0.0292697204741695 0.0885216878135143
"основе" 0.0646352723915051 0.0193704600484262 0.0132441560161579 0.0103939299449122 0.0305872756933116 0.00858663918942126 0.0380952380952381 0.133829861515187 0.0219522903556271 0.0236057834169371
"психических" 0.00923361034164358 0.106537530266344 0.119197404145421 0.0103939299449122 0.0101957585644372 0 0.0253968253968254 0.0930990340975212 0 0
"силу" 0.0369344413665743 0.0290556900726392 0.112575326137342 0.0207878598898243 0.0407830342577488 0.0686931135153701 0.00634920634920635 0.00581868963109508 0.0219522903556271 0.0531130126881086
"характер" 0 0.00968523002421308 0.00662207800807894 0.0103939299449122 0.050978792822186 0.00858663918942126 0.101587301587302 0.122192482252997 0.00731743011854237 0.0295072292711714
"эту" 0.0277008310249307 0.0193704600484262 0.0331103900403947 0.0415757197796487 0.050978792822186 0.0686931135153701 0.0317460317460317 0.0523682066798557 0.0292697204741695 0.04131012097964
"ибо" 0.277008310249307 0.0193704600484262 0.00662207800807894 0 0 0 0 0 0.0365871505927118 0.0767187961050457
"итак" 0 0.0290556900726392 0.0198662340242368 0.0311817898347365 0.0611745513866232 0.0257599175682638 0.101587301587302 0.0872803444664262 0.00731743011854237 0.00590144585423429
"наиболее" 0.0184672206832872 0.0387409200968523 0.0463545460565525 0.0103939299449122 0.0407830342577488 0.0257599175682638 0.0126984126984127 0.0232747585243803 0.0365871505927118 0.112127471230451
"работы" 0.0738688827331487 0.00968523002421308 0.0132441560161579 0.0727575096143852 0.0611745513866232 0.034346556757685 0 0 0.0585394409483389 0.0885216878135143
"ребенок" 0 0 0 0 0 0 0.101587301587302 0.203654137088328 0 0
"способность" 0 0 0 0.0103939299449122 0.0101957585644372 0.00858663918942126 0.0380952380952381 0.104736413359711 0.102444021659593 0.0590144585423429
"эффект" 0 0 0 0.103939299449122 0.050978792822186 0.111626309462476 0.0253968253968254 0.0116373792621902 0.0439045807112542 0.0649159043965772
"головного" 0 0 0 0.0727575096143852 0.0713703099510604 0 0.184126984126984 0 0.0365871505927118 0.0118028917084686
"меня" 0.0369344413665743 0.00968523002421308 0.0198662340242368 0.0103939299449122 0.0101957585644372 0.00858663918942126 0.00634920634920635 0.0872803444664262 0.0878091614225084 0.0649159043965772
"много" 0.0461680517082179 0.0968523002421307 0.0728428580888683 0.0207878598898243 0.0101957585644372 0.00858663918942126 0.019047619047619 0.0640055859420458 0 0.0354086751254057
"направлении" 0.0277008310249307 0.00968523002421308 0.0264883120323157 0.0103939299449122 0.0101957585644372 0.0171732783788425 0.101587301587302 0.0698242755731409 0.0146348602370847 0.0472115668338743
"пути" 0.0369344413665743 0.00968523002421308 0.0198662340242368 0.0415757197796487 0.0101957585644372 0.0257599175682638 0.0126984126984127 0.0290934481554754 0.0951265915410508 0.08262024195928
"раздражений" 0 0 0 0.187090739008419 0.0611745513866232 0.0601064743259488 0 0 0.0951265915410508 0.0354086751254057
"говорить" 0.0554016620498615 0.0968523002421307 0.0198662340242368 0 0.0101957585644372 0.0171732783788425 0 0.0640055859420458 0.0219522903556271 0.0767187961050457
"данный" 0 0.0193704600484262 0.00662207800807894 0.0207878598898243 0.050978792822186 0.034346556757685 0.0126984126984127 0.0232747585243803 0.080491731303966 0.106226025376217
"действие" 0.0369344413665743 0 0.0595987020727104 0.0831514395592974 0.0917618270799347 0.0772797527047913 0.0317460317460317 0 0 0.0295072292711714
"одним" 0.0277008310249307 0.0387409200968523 0.0794649360969472 0.0727575096143852 0.0203915171288744 0 0.0444444444444444 0.0465495170487606 0.0219522903556271 0.0177043375627029
"п" 0 0.0290556900726392 0.0662207800807894 0.0103939299449122 0.0101957585644372 0 0.0126984126984127 0.0116373792621902 0.12439631201522 0.0767187961050457
"там" 0.0184672206832872 0.106537530266344 0.0264883120323157 0.0103939299449122 0.0203915171288744 0 0.0444444444444444 0.0232747585243803 0.0365871505927118 0.0767187961050457
"акт" 0.00923361034164358 0 0 0.0207878598898243 0 0.00858663918942126 0.0888888888888889 0.0989177237286163 0.0439045807112542 0.04131012097964
"другое" 0.0277008310249307 0 0.1258194821535 0.0103939299449122 0.0101957585644372 0.034346556757685 0.0507936507936508 0.0407308274176655 0.0146348602370847 0.0177043375627029
"каждый" 0.0831024930747922 0.0193704600484262 0.0132441560161579 0.0311817898347365 0.050978792822186 0.0171732783788425 0.00634920634920635 0.0698242755731409 0.0146348602370847 0.0590144585423429
"кожи" 0 0 0 0.0103939299449122 0 0.120212948651898 0.177777777777778 0.0116373792621902 0.0219522903556271 0
"коры" 0 0 0 0.166302879118595 0.0917618270799347 0.034346556757685 0 0 0.102444021659593 0.0295072292711714
"развитие" 0.0184672206832872 0.300242130750605 0.0198662340242368 0.0103939299449122 0.0101957585644372 0 0.019047619047619 0.0174560688932852 0.00731743011854237 0.0177043375627029
"сущности" 0.0369344413665743 0.00968523002421308 0.0264883120323157 0 0.0203915171288744 0 0.0888888888888889 0.0930990340975212 0.0292697204741695 0.0177043375627029
"центра" 0 0 0 0.0103939299449122 0 0 0.0444444444444444 0 0.190253183082102 0.08262024195928
"всякий" 0.0184672206832872 0.00968523002421308 0.0529766240646315 0 0 0.0171732783788425 0.0952380952380952 0.0523682066798557 0.0219522903556271 0.04131012097964
"лежит" 0.0277008310249307 0 0.0132441560161579 0.0103939299449122 0.0101957585644372 0.00858663918942126 0.0761904761904762 0.122192482252997 0.0219522903556271 0.0177043375627029
"люди" 0.0554016620498615 0.0387409200968523 0.0264883120323157 0 0.0101957585644372 0.034346556757685 0.0634920634920635 0.0698242755731409 0.00731743011854237 0.0295072292711714
"основании" 0.00923361034164358 0 0 0.0519696497245609 0.0815660685154976 0.0515198351365276 0.0380952380952381 0.0989177237286163 0 0.0236057834169371
"потом" 0 0 0.0529766240646315 0.0311817898347365 0.050978792822186 0.0515198351365276 0.0317460317460317 0.0640055859420458 0.0219522903556271 0.0354086751254057
"свои" 0.0554016620498615 0.0677966101694915 0.0529766240646315 0 0.0305872756933116 0.00858663918942126 0.00634920634920635 0.0290934481554754 0.0658568710668813 0.04131012097964
"состояния" 0.0184672206832872 0.0193704600484262 0.0264883120323157 0.0519696497245609 0.0713703099510604 0.034346556757685 0.019047619047619 0.0116373792621902 0.0951265915410508 0.0295072292711714
"видеть" 0 0.0193704600484262 0.0595987020727104 0.0103939299449122 0.0203915171288744 0.0429331959471063 0.0317460317460317 0.0581868963109508 0.0585394409483389 0.0236057834169371
"виду" 0.00923361034164358 0.164648910411622 0.0529766240646315 0.0207878598898243 0 0.0429331959471063 0.0571428571428571 0.0174560688932852 0 0.00590144585423429
"внимания" 0.0277008310249307 0.0484261501210654 0.0662207800807894 0.0311817898347365 0 0.00858663918942126 0.0253968253968254 0.0116373792621902 0.0951265915410508 0.0295072292711714
"действительно" 0.0184672206832872 0.0193704600484262 0.0397324680484736 0.0831514395592974 0.0305872756933116 0.034346556757685 0.0507936507936508 0.0581868963109508 0 0.0177043375627029
"какое" 0.0184672206832872 0.0290556900726392 0.0331103900403947 0.0415757197796487 0.0305872756933116 0.0257599175682638 0.0825396825396825 0.0523682066798557 0.0146348602370847 0.0118028917084686
"кроме" 0.0184672206832872 0.0290556900726392 0.0397324680484736 0.062363579669473 0.0713703099510604 0.0171732783788425 0.0634920634920635 0.0174560688932852 0.0219522903556271 0.0236057834169371
"мало" 0.0277008310249307 0.0774818401937046 0.0463545460565525 0.0207878598898243 0.0305872756933116 0.0257599175682638 0.0317460317460317 0.0407308274176655 0.0219522903556271 0.0295072292711714
"нельзя" 0.0369344413665743 0.106537530266344 0.0198662340242368 0.0415757197796487 0.050978792822186 0.0171732783788425 0.0380952380952381 0.0232747585243803 0 0.04131012097964
"предмета" 0 0 0.0264883120323157 0.0207878598898243 0.0305872756933116 0.0772797527047913 0.0444444444444444 0.0872803444664262 0.0292697204741695 0.0118028917084686
"самого" 0.0831024930747922 0.0581113801452785 0.0331103900403947 0.0207878598898243 0.0101957585644372 0.0171732783788425 0.00634920634920635 0.0465495170487606 0.0219522903556271 0.0531130126881086
"самое" 0.0277008310249307 0.0774818401937046 0.0132441560161579 0.0207878598898243 0.0305872756933116 0.00858663918942126 0.0761904761904762 0.0465495170487606 0.0219522903556271 0.0236057834169371
"части" 0.0184672206832872 0 0.00662207800807894 0.124727159338946 0.0713703099510604 0.0171732783788425 0.0571428571428571 0.075642965204236 0 0
"всей" 0.0554016620498615 0.0193704600484262 0.0198662340242368 0.0519696497245609 0.0407830342577488 0.0429331959471063 0.0253968253968254 0.0116373792621902 0.0658568710668813 0.0295072292711714
"да" 0.0831024930747922 0.0968523002421307 0.0132441560161579 0.0207878598898243 0 0.0171732783788425 0.0317460317460317 0.0581868963109508 0.0146348602370847 0.0177043375627029
"другим" 0.0646352723915051 0.0290556900726392 0.0595987020727104 0.0519696497245609 0.050978792822186 0.0429331959471063 0.0126984126984127 0.0232747585243803 0.0146348602370847 0.0177043375627029
"знает" 0 0.0387409200968523 0.0529766240646315 0 0.0203915171288744 0 0.0888888888888889 0.0930990340975212 0.00731743011854237 0
"механизм" 0 0 0 0.0519696497245609 0.0815660685154976 0.0515198351365276 0.0761904761904762 0.0290934481554754 0.0146348602370847 0.04131012097964
"одно" 0.0831024930747922 0.00968523002421308 0.0264883120323157 0.0103939299449122 0.0407830342577488 0.0515198351365276 0.0126984126984127 0.0349121377865705 0.0512220108297966 0.0295072292711714
"относительно" 0.0184672206832872 0 0 0.0831514395592974 0.0305872756933116 0.0601064743259488 0.0888888888888889 0.0232747585243803 0.00731743011854237 0.0354086751254057
"первый" 0.00923361034164358 0.0290556900726392 0.00662207800807894 0.062363579669473 0.0101957585644372 0.0171732783788425 0.0317460317460317 0.0640055859420458 0.0292697204741695 0.0649159043965772
"раздражители" 0 0 0 0.124727159338946 0.101957585644372 0.111626309462476 0 0 0.0365871505927118 0.0295072292711714
"центр" 0 0.00968523002421308 0 0.0311817898347365 0 0 0.00634920634920635 0.00581868963109508 0.117078881896678 0.135733254647389
"влияния" 0.0461680517082179 0.0193704600484262 0.0397324680484736 0 0.0407830342577488 0.0171732783788425 0.0571428571428571 0.0349121377865705 0.0219522903556271 0.04131012097964
"внимание" 0.0369344413665743 0.0484261501210654 0.0331103900403947 0.0311817898347365 0.0305872756933116 0.034346556757685 0.0507936507936508 0.0465495170487606 0.0146348602370847 0.0118028917084686
"вновь" 0.0461680517082179 0 0.0397324680484736 0.0207878598898243 0.0203915171288744 0.0257599175682638 0 0 0.139031172252305 0.04131012097964
"дальше" 0.0184672206832872 0.00968523002421308 0.00662207800807894 0.114333229394034 0.050978792822186 0.0858663918942126 0.00634920634920635 0.0349121377865705 0.00731743011854237 0.0354086751254057
"наоборот" 0.0277008310249307 0.00968523002421308 0.0198662340242368 0.0415757197796487 0.050978792822186 0.0858663918942126 0.0317460317460317 0.0640055859420458 0.00731743011854237 0.00590144585423429
"необходимо" 0.0831024930747922 0.0581113801452785 0.00662207800807894 0.0311817898347365 0.0101957585644372 0.00858663918942126 0.0317460317460317 0.0407308274176655 0.0512220108297966 0.0236057834169371
"связь" 0 0 0 0.0727575096143852 0.214110929853181 0.0257599175682638 0.0126984126984127 0 0.0439045807112542 0.0295072292711714
"способности" 0 0.0193704600484262 0 0 0 0.0257599175682638 0.101587301587302 0.110555102990806 0.0146348602370847 0.0118028917084686
"чувств" 0 0 0.0529766240646315 0.0103939299449122 0.0407830342577488 0.0171732783788425 0.0634920634920635 0.075642965204236 0.0219522903556271 0.0177043375627029
"возбудимости" 0 0 0 0 0 0.0515198351365276 0 0 0.182935752963559 0.0708173502508114
"всеми" 0.0461680517082179 0.0774818401937046 0.0198662340242368 0.0727575096143852 0.0203915171288744 0.034346556757685 0.019047619047619 0.0349121377865705 0.0146348602370847 0.0177043375627029
"высшей" 0.00923361034164358 0.0677966101694915 0 0.062363579669473 0.101957585644372 0.0858663918942126 0.0126984126984127 0.0116373792621902 0.0146348602370847 0.0177043375627029
"имеем" 0.0277008310249307 0.00968523002421308 0.0463545460565525 0.0311817898347365 0.0713703099510604 0.0686931135153701 0.00634920634920635 0 0.0292697204741695 0.0531130126881086
"кто" 0.0831024930747922 0.0484261501210654 0.0463545460565525 0.0311817898347365 0.0713703099510604 0 0.0253968253968254 0.0174560688932852 0.0292697204741695 0.00590144585423429
"образования" 0 0.135593220338983 0 0.062363579669473 0.050978792822186 0.0257599175682638 0 0.0116373792621902 0.0292697204741695 0.0531130126881086
"поэтому" 0.0461680517082179 0.0387409200968523 0.0463545460565525 0.0103939299449122 0.0305872756933116 0.0171732783788425 0.019047619047619 0.0174560688932852 0.0365871505927118 0.0590144585423429
"системе" 0 0.0193704600484262 0 0.0831514395592974 0.0611745513866232 0.0171732783788425 0 0.00581868963109508 0.117078881896678 0.0472115668338743
"такой" 0 0.0484261501210654 0.0198662340242368 0.0207878598898243 0 0.0257599175682638 0.0698412698412698 0.0232747585243803 0.0585394409483389 0.04131012097964
"точно" 0 0 0.0198662340242368 0.0727575096143852 0.0101957585644372 0.145972866220161 0.00634920634920635 0.0407308274176655 0.0146348602370847 0.0295072292711714
"центрах" 0.0277008310249307 0 0 0 0 0 0.00634920634920635 0.00581868963109508 0.15366603248939 0.100324579521983
"больших" 0 0 0.00662207800807894 0.187090739008419 0.183523654159869 0.0171732783788425 0 0 0.00731743011854237 0.0118028917084686
"иметь" 0 0.116222760290557 0.0264883120323157 0.0207878598898243 0.0407830342577488 0.034346556757685 0.0126984126984127 0.0174560688932852 0.0365871505927118 0.0354086751254057
"начинает" 0 0.00968523002421308 0.0463545460565525 0.0103939299449122 0.050978792822186 0.00858663918942126 0.0317460317460317 0.0465495170487606 0.0585394409483389 0.0354086751254057
"ним" 0.0184672206832872 0.00968523002421308 0.0662207800807894 0.0415757197796487 0.0611745513866232 0.00858663918942126 0.0126984126984127 0.0290934481554754 0.0292697204741695 0.04131012097964
"пр" 0.00923361034164358 0.00968523002421308 0.0264883120323157 0 0 0 0.120634920634921 0.0930990340975212 0.00731743011854237 0
"природы" 0.101569713758079 0.0290556900726392 0 0.062363579669473 0.0407830342577488 0.0686931135153701 0.0126984126984127 0.0232747585243803 0.0219522903556271 0.00590144585423429
"своем" 0.0738688827331487 0.0581113801452785 0.00662207800807894 0.0207878598898243 0.0203915171288744 0.0171732783788425 0.0126984126984127 0.0116373792621902 0.0219522903556271 0.08262024195928
"своих" 0.0738688827331487 0.0484261501210654 0.0529766240646315 0.0311817898347365 0.0305872756933116 0 0.0126984126984127 0.0290934481554754 0.00731743011854237 0.04131012097964
"чисто" 0 0.0387409200968523 0.00662207800807894 0.0727575096143852 0.050978792822186 0 0.0317460317460317 0.0814616548353311 0.0365871505927118 0.00590144585423429
"будут" 0.0184672206832872 0.0193704600484262 0 0.0103939299449122 0.0101957585644372 0.0171732783788425 0.0253968253968254 0.00581868963109508 0.0731743011854237 0.106226025376217
"возможность" 0.0461680517082179 0.0193704600484262 0.0463545460565525 0.0727575096143852 0.0101957585644372 0.0515198351365276 0.0126984126984127 0.0232747585243803 0.0146348602370847 0.0295072292711714
"говорит" 0.0923361034164358 0.0193704600484262 0.0198662340242368 0.062363579669473 0 0.0171732783788425 0 0.0640055859420458 0.0219522903556271 0.0236057834169371
"далее" 0.00923361034164358 0.0387409200968523 0.0198662340242368 0.0103939299449122 0.0407830342577488 0 0.0507936507936508 0.075642965204236 0.0219522903556271 0.0236057834169371
"зависимости" 0.0184672206832872 0.0290556900726392 0 0.0103939299449122 0.0101957585644372 0.0429331959471063 0.00634920634920635 0.00581868963109508 0.0951265915410508 0.08262024195928
"кажется" 0.00923361034164358 0.0290556900726392 0.0132441560161579 0.0519696497245609 0.0305872756933116 0.0601064743259488 0.0317460317460317 0.0465495170487606 0.00731743011854237 0.0354086751254057
"каким" 0.0184672206832872 0.00968523002421308 0.00662207800807894 0.0519696497245609 0.0407830342577488 0.00858663918942126 0.0444444444444444 0.0872803444664262 0.0146348602370847 0.0177043375627029
"некоторых" 0.00923361034164358 0 0.0463545460565525 0.103939299449122 0.0611745513866232 0.034346556757685 0.0380952380952381 0.0116373792621902 0.00731743011854237 0.0236057834169371
"одна" 0.0554016620498615 0.0193704600484262 0.0397324680484736 0.0103939299449122 0 0.00858663918942126 0.019047619047619 0.0581868963109508 0.00731743011854237 0.0649159043965772
"особенности" 0.0277008310249307 0.0968523002421307 0.0264883120323157 0 0.0203915171288744 0.034346556757685 0 0.00581868963109508 0.0292697204741695 0.0767187961050457
"слова" 0.0923361034164358 0.0193704600484262 0.0397324680484736 0.0103939299449122 0.0101957585644372 0 0.0761904761904762 0.0349121377865705 0.00731743011854237 0.0118028917084686
"столь" 0.0923361034164358 0.0774818401937046 0.0595987020727104 0 0.0203915171288744 0.00858663918942126 0.0126984126984127 0.00581868963109508 0.0292697204741695 0.0236057834169371
"такого" 0 0.0193704600484262 0.0728428580888683 0 0.0407830342577488 0 0.0444444444444444 0.0640055859420458 0.0365871505927118 0.00590144585423429
"физиологии" 0 0 0 0.0311817898347365 0.173327895595432 0.0515198351365276 0.0126984126984127 0.0116373792621902 0.0146348602370847 0.0531130126881086
"автор" 0.00923361034164358 0 0.0132441560161579 0.374181478016838 0 0 0 0 0 0.00590144585423429
"делается" 0.0184672206832872 0.00968523002421308 0.0198662340242368 0.0415757197796487 0.0611745513866232 0.034346556757685 0.0761904761904762 0.0407308274176655 0 0.00590144585423429
"другими" 0.0646352723915051 0.0387409200968523 0.0132441560161579 0.0103939299449122 0.0305872756933116 0.0601064743259488 0.0253968253968254 0.0581868963109508 0.00731743011854237 0.00590144585423429
"заключается" 0.00923361034164358 0.00968523002421308 0.0331103900403947 0.0103939299449122 0.0101957585644372 0.0171732783788425 0.0571428571428571 0.0698242755731409 0.0146348602370847 0.0354086751254057
"место" 0 0.0387409200968523 0.0132441560161579 0 0.0101957585644372 0.034346556757685 0.0380952380952381 0.0349121377865705 0.0585394409483389 0.0531130126881086
"мозгу" 0.0184672206832872 0 0.00662207800807894 0.0103939299449122 0.0203915171288744 0 0.133333333333333 0.0174560688932852 0.0439045807112542 0.0236057834169371
"области" 0 0 0.0264883120323157 0.062363579669473 0.0713703099510604 0.0601064743259488 0 0.00581868963109508 0.0585394409483389 0.04131012097964
"постепенно" 0 0.00968523002421308 0.0132441560161579 0.0727575096143852 0.0713703099510604 0.0686931135153701 0.0253968253968254 0.0232747585243803 0.0292697204741695 0.0177043375627029
"та" 0.0461680517082179 0.0290556900726392 0.0198662340242368 0.0103939299449122 0.0203915171288744 0.0171732783788425 0.0317460317460317 0.0640055859420458 0.00731743011854237 0.04131012097964
"чего" 0.0369344413665743 0.00968523002421308 0.099331170121184 0.0207878598898243 0.0815660685154976 0.00858663918942126 0.00634920634920635 0.0174560688932852 0 0.0295072292711714
"являются" 0.00923361034164358 0.0968523002421307 0.0331103900403947 0.0519696497245609 0.0305872756933116 0.034346556757685 0.0253968253968254 0.00581868963109508 0.0292697204741695 0.0177043375627029
"естественно" 0.00923361034164358 0.0484261501210654 0.0264883120323157 0.062363579669473 0.0203915171288744 0.034346556757685 0.00634920634920635 0.0290934481554754 0.0146348602370847 0.0531130126881086
"импульсы" 0 0 0 0.062363579669473 0 0 0.019047619047619 0.00581868963109508 0.15366603248939 0.0472115668338743
"вследствие" 0.0277008310249307 0.0677966101694915 0.0728428580888683 0.0103939299449122 0.0203915171288744 0.0171732783788425 0.0317460317460317 0.0174560688932852 0.0219522903556271 0.00590144585423429
"вся" 0.0461680517082179 0 0.0331103900403947 0.0207878598898243 0.0713703099510604 0.0171732783788425 0.0444444444444444 0.0116373792621902 0.0292697204741695 0.0236057834169371
"двух" 0 0.0193704600484262 0.00662207800807894 0.062363579669473 0.0611745513866232 0.034346556757685 0.019047619047619 0.0465495170487606 0.0292697204741695 0.0236057834169371
"другом" 0.0184672206832872 0.00968523002421308 0.0794649360969472 0.0207878598898243 0.0305872756933116 0.0429331959471063 0.0253968253968254 0.00581868963109508 0.0219522903556271 0.0295072292711714
"конце" 0.175438596491228 0.0193704600484262 0.0198662340242368 0.0103939299449122 0.0203915171288744 0.0171732783788425 0.0126984126984127 0.00581868963109508 0.00731743011854237 0.0295072292711714
"нее" 0 0.00968523002421308 0.0264883120323157 0.0207878598898243 0.0305872756933116 0.0772797527047913 0.0126984126984127 0.0290934481554754 0.0365871505927118 0.04131012097964
"однажды" 0.00923361034164358 0 0.0264883120323157 0 0 0 0 0 0.117078881896678 0.100324579521983
"поведения" 0 0 0 0.0311817898347365 0.0101957585644372 0.0772797527047913 0 0 0 0.147536146355857
"последнего" 0.00923361034164358 0.0193704600484262 0.0463545460565525 0 0.0101957585644372 0.0601064743259488 0.0634920634920635 0.0407308274176655 0 0.0177043375627029
"принцип" 0.0184672206832872 0.00968523002421308 0 0.0935453695042095 0 0.0257599175682638 0 0 0.0951265915410508 0.0590144585423429
"раздражителем" 0 0 0 0.0415757197796487 0.0407830342577488 0.214665979735532 0 0 0.0292697204741695 0.00590144585423429
"самым" 0.101569713758079 0.0193704600484262 0.0132441560161579 0.0207878598898243 0.0203915171288744 0.0171732783788425 0.0253968253968254 0.0232747585243803 0.00731743011854237 0.0472115668338743
"сделать" 0.0184672206832872 0 0.0397324680484736 0.0727575096143852 0.0203915171288744 0.034346556757685 0.0253968253968254 0.0349121377865705 0.0365871505927118 0.0118028917084686
"сильно" 0 0.0193704600484262 0.0331103900403947 0.0207878598898243 0 0.0257599175682638 0.0634920634920635 0.0523682066798557 0.00731743011854237 0.0354086751254057
"случай" 0 0 0.0595987020727104 0.0415757197796487 0.0203915171288744 0.0601064743259488 0.0380952380952381 0.0174560688932852 0.0219522903556271 0.0236057834169371
"среды" 0.0369344413665743 0.0193704600484262 0.0132441560161579 0.0311817898347365 0.0815660685154976 0.0171732783788425 0.00634920634920635 0 0.0439045807112542 0.0590144585423429
"тормозного" 0 0 0 0.0311817898347365 0.132544861337684 0.188906062167268 0 0 0 0
"аппарата" 0 0 0 0.0519696497245609 0.0203915171288744 0 0.0634920634920635 0.0523682066798557 0.0146348602370847 0.0531130126881086
"давно" 0.0277008310249307 0.0387409200968523 0.0132441560161579 0.0415757197796487 0.0815660685154976 0.0257599175682638 0 0.0232747585243803 0.0219522903556271 0.0354086751254057
"два" 0.0184672206832872 0.00968523002421308 0.0132441560161579 0.0415757197796487 0.0407830342577488 0.0257599175682638 0.0444444444444444 0.0523682066798557 0.0292697204741695 0.00590144585423429
"действительности" 0.00923361034164358 0.0290556900726392 0.0397324680484736 0.0415757197796487 0.0815660685154976 0.034346556757685 0.00634920634920635 0.0290934481554754 0.0146348602370847 0.0177043375627029
"мир" 0.166204986149584 0.0290556900726392 0 0.0103939299449122 0.0203915171288744 0.0257599175682638 0.019047619047619 0 0.0146348602370847 0.0295072292711714
"мозг" 0.00923361034164358 0.0290556900726392 0.0132441560161579 0 0.0305872756933116 0 0.13968253968254 0.00581868963109508 0.0292697204741695 0.00590144585423429
"несмотря" 0.0184672206832872 0.0484261501210654 0.0264883120323157 0.0311817898347365 0.0305872756933116 0.0429331959471063 0.0317460317460317 0.0581868963109508 0 0
"общего" 0.0646352723915051 0.0484261501210654 0.0794649360969472 0.0207878598898243 0.0101957585644372 0.0257599175682638 0 0.0174560688932852 0.0146348602370847 0.0118028917084686
"предмет" 0 0 0.0331103900403947 0.0311817898347365 0.0101957585644372 0 0.0571428571428571 0.0523682066798557 0.0512220108297966 0.0177043375627029
"представления" 0 0 0.0198662340242368 0.0103939299449122 0.0305872756933116 0 0.0380952380952381 0.116373792621902 0.0292697204741695 0
"раздражительного" 0 0 0 0.0207878598898243 0.163132137030995 0.163146144599004 0 0 0 0
"следует" 0 0.0387409200968523 0.0397324680484736 0 0 0.0257599175682638 0.0253968253968254 0.0930990340975212 0.00731743011854237 0.0177043375627029
"собака" 0 0 0 0.14551501922877 0.0203915171288744 0.171732783788425 0.00634920634920635 0 0 0
"существует" 0.0646352723915051 0.00968523002421308 0.0264883120323157 0.0311817898347365 0.0305872756933116 0.0171732783788425 0.0507936507936508 0.0407308274176655 0.0146348602370847 0
"такое" 0.00923361034164358 0 0.0463545460565525 0.0207878598898243 0.0611745513866232 0.0171732783788425 0.0317460317460317 0.0349121377865705 0.0292697204741695 0.0236057834169371
"явно" 0 0 0 0.0207878598898243 0 0.0257599175682638 0.0507936507936508 0.116373792621902 0.00731743011854237 0.0177043375627029
"d" 0 0.00968523002421308 0.00662207800807894 0 0 0 0.019047619047619 0 0.109761451778136 0.100324579521983
"большей" 0.0277008310249307 0.0484261501210654 0.0397324680484736 0.062363579669473 0.0101957585644372 0.0429331959471063 0.0317460317460317 0.0116373792621902 0.00731743011854237 0.0118028917084686
"вероятно" 0 0.00968523002421308 0.00662207800807894 0.0727575096143852 0.0101957585644372 0.00858663918942126 0.0380952380952381 0.0232747585243803 0.0439045807112542 0.0531130126881086
"вызывает" 0.0277008310249307 0 0.0331103900403947 0.0103939299449122 0.0203915171288744 0.00858663918942126 0.0380952380952381 0.0349121377865705 0.0512220108297966 0.0295072292711714
"данного" 0 0 0.0397324680484736 0.0103939299449122 0.0407830342577488 0.0429331959471063 0.00634920634920635 0.0232747585243803 0.0731743011854237 0.0295072292711714
"думать" 0.0184672206832872 0 0.0331103900403947 0.0311817898347365 0.0203915171288744 0.034346556757685 0.0126984126984127 0.0290934481554754 0.0512220108297966 0.0354086751254057
"её" 0 0.348668280871671 0 0 0 0 0 0 0 0
"животное" 0 0 0 0.0727575096143852 0.0611745513866232 0.0429331959471063 0.0761904761904762 0.0232747585243803 0.00731743011854237 0.00590144585423429
"м" 0.0831024930747922 0.00968523002421308 0.0264883120323157 0 0 0 0.0126984126984127 0 0.109761451778136 0.0295072292711714
"наименьшего" 0 0 0 0 0 0 0 0 0.0292697204741695 0.188846267335497
"разве" 0.166204986149584 0.0581113801452785 0 0.0935453695042095 0 0.00858663918942126 0 0.0116373792621902 0 0
"разных" 0.00923361034164358 0.0193704600484262 0.0132441560161579 0.155908949173683 0.101957585644372 0.0515198351365276 0 0 0 0
"своим" 0.0738688827331487 0.0484261501210654 0.0331103900403947 0.0103939299449122 0.0101957585644372 0.0257599175682638 0.0126984126984127 0.0174560688932852 0.0439045807112542 0.0118028917084686
"сторону" 0.0369344413665743 0.00968523002421308 0.0331103900403947 0 0.0101957585644372 0 0.0253968253968254 0.0465495170487606 0.0146348602370847 0.0649159043965772
"волны" 0 0 0 0.0103939299449122 0 0 0 0 0.0951265915410508 0.12393036293892
"ей" 0.00923361034164358 0.0290556900726392 0.0397324680484736 0.0103939299449122 0.0203915171288744 0.0515198351365276 0.0380952380952381 0.0116373792621902 0.0292697204741695 0.0236057834169371
"личного" 0 0.00968523002421308 0.218528574266605 0 0 0 0 0 0 0.00590144585423429
"представлений" 0 0.00968523002421308 0.0198662340242368 0 0.0203915171288744 0 0.0253968253968254 0.133829861515187 0.00731743011854237 0.00590144585423429
"притом" 0.0369344413665743 0.0193704600484262 0.0132441560161579 0.0207878598898243 0.0203915171288744 0.0257599175682638 0.0444444444444444 0.0581868963109508 0.0219522903556271 0
"причем" 0.0461680517082179 0 0.0662207800807894 0.0519696497245609 0.0203915171288744 0.0944530310836339 0 0 0.00731743011854237 0.00590144585423429
"система" 0.00923361034164358 0.0193704600484262 0 0.0727575096143852 0.0407830342577488 0.0515198351365276 0 0 0.00731743011854237 0.08262024195928
"сознании" 0.00923361034164358 0.0290556900726392 0.0198662340242368 0 0 0 0.0126984126984127 0.151285930408472 0 0
"будучи" 0.0277008310249307 0 0.0529766240646315 0.0207878598898243 0.0203915171288744 0.0429331959471063 0.0380952380952381 0.0349121377865705 0 0.0118028917084686
"быстро" 0 0.00968523002421308 0.0331103900403947 0.0727575096143852 0.0305872756933116 0.120212948651898 0.019047619047619 0.00581868963109508 0 0
"долго" 0 0.00968523002421308 0 0.0207878598898243 0.0101957585644372 0.0257599175682638 0.0444444444444444 0.0989177237286163 0 0.0177043375627029
"знаем" 0.101569713758079 0.0290556900726392 0.0132441560161579 0.0727575096143852 0 0.034346556757685 0.00634920634920635 0.0116373792621902 0.0146348602370847 0.0118028917084686
"зрительных" 0 0 0 0.0415757197796487 0.0203915171288744 0 0.0634920634920635 0.104736413359711 0 0
"исследования" 0.00923361034164358 0.0193704600484262 0.0132441560161579 0.0727575096143852 0.142740619902121 0.034346556757685 0.00634920634920635 0.00581868963109508 0.0146348602370847 0
"невольных" 0 0 0 0 0 0 0.196825396825397 0.0174560688932852 0 0
"непосредственно" 0.0184672206832872 0.00968523002421308 0.0860870141050262 0.0311817898347365 0.0407830342577488 0.0257599175682638 0.0253968253968254 0.00581868963109508 0 0.0177043375627029
"новые" 0.0277008310249307 0.0387409200968523 0 0 0.0101957585644372 0.0257599175682638 0.00634920634920635 0 0.117078881896678 0.0354086751254057
"образ" 0 0.0193704600484262 0.0198662340242368 0 0 0.00858663918942126 0.00634920634920635 0.0814616548353311 0.080491731303966 0.0118028917084686
"окружающей" 0.0369344413665743 0.0387409200968523 0.00662207800807894 0.0727575096143852 0.0917618270799347 0.0515198351365276 0 0.00581868963109508 0 0.0118028917084686
"опыт" 0.0184672206832872 0.00968523002421308 0.0264883120323157 0.0207878598898243 0.0203915171288744 0.0171732783788425 0.0317460317460317 0.0232747585243803 0.0658568710668813 0.0177043375627029
"посредстве" 0.0184672206832872 0 0.112575326137342 0.0207878598898243 0.0407830342577488 0.0257599175682638 0.0380952380952381 0 0 0
"психическую" 0.0277008310249307 0 0.198662340242368 0 0 0 0.00634920634920635 0 0 0
"сам" 0.0554016620498615 0 0.0264883120323157 0.0103939299449122 0.0407830342577488 0.0257599175682638 0.0126984126984127 0.0232747585243803 0.0292697204741695 0.0354086751254057
"будем" 0.0184672206832872 0.0677966101694915 0 0.0103939299449122 0.0203915171288744 0.0171732783788425 0.0444444444444444 0 0.0292697204741695 0.0472115668338743
"возможно" 0.0277008310249307 0.0290556900726392 0.0132441560161579 0.0311817898347365 0.0305872756933116 0.0601064743259488 0.0317460317460317 0.00581868963109508 0.0146348602370847 0.0236057834169371
"высшего" 0.0461680517082179 0.0387409200968523 0.00662207800807894 0.062363579669473 0.132544861337684 0 0.00634920634920635 0 0.00731743011854237 0.0118028917084686
"глаз" 0 0 0 0 0 0.034346556757685 0.0571428571428571 0.110555102990806 0.00731743011854237 0
"далеко" 0.0184672206832872 0.0290556900726392 0.0662207800807894 0.0207878598898243 0.0101957585644372 0.0171732783788425 0.019047619047619 0.0174560688932852 0.00731743011854237 0.0354086751254057
"друга" 0.0461680517082179 0.00968523002421308 0.00662207800807894 0 0.050978792822186 0.0257599175682638 0.00634920634920635 0.0465495170487606 0.0512220108297966 0.0118028917084686
"известной" 0 0.0581113801452785 0.0794649360969472 0.0103939299449122 0.0101957585644372 0 0.0444444444444444 0.0116373792621902 0.00731743011854237 0.0177043375627029
"можем" 0.0184672206832872 0.0677966101694915 0.0794649360969472 0.0415757197796487 0 0 0.0126984126984127 0 0.0219522903556271 0.0177043375627029
"наш" 0.0646352723915051 0.0677966101694915 0.0132441560161579 0.0415757197796487 0.0101957585644372 0.0429331959471063 0.00634920634920635 0.0116373792621902 0.0219522903556271 0.00590144585423429
"общественной" 0 0.222760290556901 0.0529766240646315 0.0103939299449122 0 0 0.00634920634920635 0 0 0
"одних" 0.0277008310249307 0.0193704600484262 0.0728428580888683 0 0.0407830342577488 0.0171732783788425 0 0.0174560688932852 0.0365871505927118 0.0177043375627029
"организм" 0.00923361034164358 0.0484261501210654 0.0132441560161579 0.0311817898347365 0.0611745513866232 0.0429331959471063 0 0 0 0.0649159043965772
"психического" 0.0184672206832872 0.00968523002421308 0.0397324680484736 0 0.0101957585644372 0 0.0444444444444444 0.0930990340975212 0 0
"словом" 0.00923361034164358 0.0290556900726392 0.0397324680484736 0.0103939299449122 0.0203915171288744 0 0.0380952380952381 0.0581868963109508 0.00731743011854237 0.0177043375627029
"сопротивления" 0 0 0.0927090921131051 0 0 0.00858663918942126 0 0 0.0365871505927118 0.0767187961050457
"такие" 0.0277008310249307 0.0193704600484262 0.0331103900403947 0 0.0203915171288744 0.00858663918942126 0.019047619047619 0.0232747585243803 0.0365871505927118 0.0472115668338743
"видимому" 0 0 0.0331103900403947 0.0103939299449122 0.0203915171288744 0 0.0380952380952381 0.075642965204236 0.0365871505927118 0
"концов" 0.175438596491228 0.0193704600484262 0.0264883120323157 0.0103939299449122 0.0203915171288744 0.00858663918942126 0 0.00581868963109508 0.00731743011854237 0.00590144585423429
"котором" 0.0369344413665743 0.0484261501210654 0.0132441560161579 0.0207878598898243 0.0101957585644372 0.0171732783788425 0.0380952380952381 0.0232747585243803 0.0219522903556271 0.0177043375627029
"крайней" 0 0.00968523002421308 0.0794649360969472 0 0.0101957585644372 0.00858663918942126 0.0444444444444444 0.0232747585243803 0.0146348602370847 0.0236057834169371
"либо" 0.0369344413665743 0.0484261501210654 0.0662207800807894 0.0207878598898243 0.0407830342577488 0.034346556757685 0.0126984126984127 0 0.00731743011854237 0
"последнее" 0.00923361034164358 0.0193704600484262 0.0463545460565525 0.0103939299449122 0.0305872756933116 0.0257599175682638 0.0253968253968254 0.0407308274176655 0.0146348602370847 0.0118028917084686
"преимущественно" 0 0.00968523002421308 0.0132441560161579 0.0207878598898243 0.0305872756933116 0.00858663918942126 0.0571428571428571 0.0523682066798557 0.0146348602370847 0.0177043375627029
"работе" 0.00923361034164358 0 0 0.0519696497245609 0.0305872756933116 0.0257599175682638 0 0 0.0731743011854237 0.0590144585423429
"реакция" 0 0.00968523002421308 0 0.0311817898347365 0.0101957585644372 0.103039670273055 0.019047619047619 0 0.00731743011854237 0.0649159043965772
"рядом" 0 0.0193704600484262 0 0.0519696497245609 0.0407830342577488 0.034346556757685 0.00634920634920635 0.0523682066798557 0.0146348602370847 0.0295072292711714
"самой" 0.0738688827331487 0 0.00662207800807894 0.0415757197796487 0.0203915171288744 0.00858663918942126 0.0253968253968254 0.0116373792621902 0.0292697204741695 0.0354086751254057
"самые" 0.0369344413665743 0.0387409200968523 0.0264883120323157 0.0103939299449122 0.0101957585644372 0.0171732783788425 0.0253968253968254 0.0407308274176655 0.0219522903556271 0.0118028917084686
"сознание" 0.0461680517082179 0.00968523002421308 0.1258194821535 0 0 0 0.0126984126984127 0.0232747585243803 0.00731743011854237 0
"становится" 0.0184672206832872 0.0193704600484262 0.0198662340242368 0.0207878598898243 0.0611745513866232 0.0171732783788425 0.019047619047619 0.0581868963109508 0.00731743011854237 0.00590144585423429
"стоит" 0.00923361034164358 0.0193704600484262 0.0331103900403947 0.0103939299449122 0.0101957585644372 0.0171732783788425 0.0571428571428571 0.0290934481554754 0.00731743011854237 0.0295072292711714
"тоже" 0 0.0193704600484262 0.0132441560161579 0.0727575096143852 0.0203915171288744 0.0257599175682638 0.0380952380952381 0.0290934481554754 0 0.0295072292711714
"центре" 0 0 0.00662207800807894 0 0 0 0 0 0.080491731303966 0.118028917084686
"центры" 0.00923361034164358 0 0 0.0103939299449122 0 0 0.0126984126984127 0.0116373792621902 0.117078881896678 0.0590144585423429
"человеческого" 0.138504155124654 0.0290556900726392 0.0132441560161579 0.0103939299449122 0.0407830342577488 0.0257599175682638 0.00634920634920635 0.00581868963109508 0.00731743011854237 0.00590144585423429
"читателю" 0 0 0 0 0 0 0.0952380952380952 0.0989177237286163 0 0
"эффекта" 0 0 0 0.114333229394034 0.0815660685154976 0.0429331959471063 0.0126984126984127 0 0.00731743011854237 0.0295072292711714
"анализа" 0.0184672206832872 0.00968523002421308 0 0.0727575096143852 0.0203915171288744 0 0.019047619047619 0.0872803444664262 0 0.00590144585423429
"говорят" 0.0369344413665743 0.0193704600484262 0.00662207800807894 0 0 0 0.0444444444444444 0.0640055859420458 0.0146348602370847 0.0236057834169371
"имеется" 0.0277008310249307 0.0290556900726392 0.0198662340242368 0.0103939299449122 0.050978792822186 0.0429331959471063 0 0 0.0146348602370847 0.0531130126881086
"имеют" 0.00923361034164358 0.0193704600484262 0.0132441560161579 0.0207878598898243 0.0407830342577488 0 0.0317460317460317 0.0581868963109508 0.0219522903556271 0.0118028917084686
"которую" 0.0646352723915051 0.0193704600484262 0.0198662340242368 0.0207878598898243 0 0 0.019047619047619 0.00581868963109508 0.0146348602370847 0.0649159043965772
"лет" 0.0277008310249307 0.0387409200968523 0.0331103900403947 0.0103939299449122 0.0407830342577488 0.0171732783788425 0.0253968253968254 0.0407308274176655 0 0.00590144585423429
"находится" 0.00923361034164358 0.0387409200968523 0.0198662340242368 0.0311817898347365 0.0611745513866232 0.00858663918942126 0.019047619047619 0.0116373792621902 0.0146348602370847 0.0354086751254057
"начала" 0.0277008310249307 0.0387409200968523 0.00662207800807894 0.0519696497245609 0 0.0429331959471063 0.0317460317460317 0.0174560688932852 0.00731743011854237 0.0236057834169371
"нервного" 0.0277008310249307 0 0 0 0.132544861337684 0.00858663918942126 0.0317460317460317 0.0232747585243803 0.0292697204741695 0.00590144585423429
"ними" 0.0184672206832872 0.0193704600484262 0.0264883120323157 0.0415757197796487 0.0305872756933116 0.0171732783788425 0.0380952380952381 0.0116373792621902 0.0219522903556271 0.0177043375627029
"новый" 0.00923361034164358 0 0 0 0.050978792822186 0.13738622703074 0.019047619047619 0.00581868963109508 0.00731743011854237 0.0236057834169371
"оказывается" 0.00923361034164358 0.00968523002421308 0.0132441560161579 0.0415757197796487 0.0203915171288744 0 0.0253968253968254 0 0.0658568710668813 0.0472115668338743
"опытов" 0 0 0 0.103939299449122 0.050978792822186 0.0772797527047913 0.0317460317460317 0 0.00731743011854237 0.00590144585423429
"признать" 0.110803324099723 0.0387409200968523 0.0198662340242368 0.0207878598898243 0.0101957585644372 0.0257599175682638 0 0 0.00731743011854237 0.0295072292711714
"прямо" 0 0 0.00662207800807894 0.0311817898347365 0.0917618270799347 0.0772797527047913 0.0253968253968254 0.0116373792621902 0 0.0177043375627029
"путь" 0 0 0.00662207800807894 0 0.0407830342577488 0.00858663918942126 0.0126984126984127 0.0290934481554754 0.0365871505927118 0.0767187961050457
"работу" 0.0184672206832872 0 0.00662207800807894 0.0311817898347365 0.0407830342577488 0 0 0 0.0439045807112542 0.0885216878135143
"резко" 0 0 0.0132441560161579 0.0207878598898243 0.0713703099510604 0.0944530310836339 0.019047619047619 0.0174560688932852 0.0146348602370847 0.00590144585423429
"само" 0.0184672206832872 0.0290556900726392 0.0595987020727104 0.0311817898347365 0.0203915171288744 0.00858663918942126 0 0.0232747585243803 0.0365871505927118 0.0118028917084686
"сила" 0.00923361034164358 0.116222760290557 0.0198662340242368 0 0.0101957585644372 0.0257599175682638 0.0126984126984127 0.0232747585243803 0.0219522903556271 0.0118028917084686
"сколько" 0.00923361034164358 0.0290556900726392 0.0397324680484736 0.114333229394034 0.0407830342577488 0.00858663918942126 0.0126984126984127 0 0 0.0177043375627029
"сначала" 0.00923361034164358 0 0.00662207800807894 0.0415757197796487 0.0713703099510604 0.0858663918942126 0.019047619047619 0.0232747585243803 0 0.00590144585423429
"собак" 0 0 0 0 0.050978792822186 0.223252618924953 0 0 0 0
"собаки" 0 0 0.00662207800807894 0.0519696497245609 0.0611745513866232 0.154559505409583 0 0.00581868963109508 0 0
"специально" 0 0 0.00662207800807894 0.062363579669473 0.101957585644372 0.0772797527047913 0 0 0.0292697204741695 0.00590144585423429
"часть" 0.00923361034164358 0.00968523002421308 0.0132441560161579 0.0415757197796487 0.0203915171288744 0.034346556757685 0.0507936507936508 0.0349121377865705 0.0219522903556271 0
"внешним" 0.0184672206832872 0.0193704600484262 0.0132441560161579 0.0103939299449122 0.0305872756933116 0 0.0507936507936508 0.0465495170487606 0.0146348602370847 0.0118028917084686
"значения" 0.0184672206832872 0.0387409200968523 0.0198662340242368 0.0727575096143852 0.0203915171288744 0.0171732783788425 0 0.0116373792621902 0.0512220108297966 0.00590144585423429
"какие" 0.0277008310249307 0.0484261501210654 0.00662207800807894 0.0727575096143852 0.0203915171288744 0.00858663918942126 0.0126984126984127 0.0349121377865705 0 0.0177043375627029
"культуры" 0.193905817174515 0.0677966101694915 0.00662207800807894 0 0 0 0 0 0 0.00590144585423429
"народов" 0.0554016620498615 0.193704600484261 0.00662207800807894 0 0 0 0.00634920634920635 0.0116373792621902 0 0
"начало" 0.0646352723915051 0.00968523002421308 0.00662207800807894 0 0.0101957585644372 0.00858663918942126 0.0380952380952381 0.0640055859420458 0.00731743011854237 0.00590144585423429
"наши" 0.0184672206832872 0.0774818401937046 0 0.0415757197796487 0.0407830342577488 0.034346556757685 0.00634920634920635 0.00581868963109508 0.00731743011854237 0.0295072292711714
"непременно" 0.0461680517082179 0 0 0.062363579669473 0 0.0429331959471063 0.00634920634920635 0.0290934481554754 0.0146348602370847 0.0354086751254057
"отношения" 0.0184672206832872 0.00968523002421308 0 0.0519696497245609 0.0407830342577488 0.034346556757685 0.00634920634920635 0.0174560688932852 0.0585394409483389 0.0118028917084686
"первом" 0.00923361034164358 0 0.0264883120323157 0.0311817898347365 0.0305872756933116 0.0515198351365276 0.0253968253968254 0.0174560688932852 0.0219522903556271 0.0177043375627029
"положение" 0.00923361034164358 0.0871670702179177 0.0132441560161579 0.0415757197796487 0.0305872756933116 0.0171732783788425 0.019047619047619 0.0116373792621902 0.0146348602370847 0.0118028917084686
"работа" 0.0277008310249307 0 0.0132441560161579 0.0415757197796487 0.0713703099510604 0.00858663918942126 0 0 0.0512220108297966 0.0354086751254057
"самых" 0.00923361034164358 0 0.0132441560161579 0.0103939299449122 0.0203915171288744 0.00858663918942126 0.0317460317460317 0.0407308274176655 0.0292697204741695 0.04131012097964
"смерти" 0.203139427516159 0.00968523002421308 0.0198662340242368 0 0.0101957585644372 0 0.0126984126984127 0.00581868963109508 0 0
"состояний" 0 0 0.1258194821535 0.0207878598898243 0.050978792822186 0.00858663918942126 0.00634920634920635 0 0.0146348602370847 0
"факты" 0.0277008310249307 0.00968523002421308 0.00662207800807894 0.0207878598898243 0.050978792822186 0.0171732783788425 0.0317460317460317 0.0349121377865705 0.0146348602370847 0.0177043375627029
"формы" 0.110803324099723 0.0387409200968523 0.0198662340242368 0.0103939299449122 0.0101957585644372 0.0257599175682638 0.0126984126984127 0.0174560688932852 0 0.00590144585423429
"чувства" 0 0.0290556900726392 0.0529766240646315 0 0.0305872756933116 0.00858663918942126 0.0444444444444444 0.0465495170487606 0 0
"видит" 0 0 0.0132441560161579 0.0103939299449122 0.0101957585644372 0 0.0380952380952381 0.104736413359711 0 0.00590144585423429
"дела" 0.0277008310249307 0.0774818401937046 0.00662207800807894 0.0519696497245609 0.050978792822186 0.0257599175682638 0.019047619047619 0.00581868963109508 0 0
"доминанте" 0 0 0 0 0 0 0 0 0.160983462607932 0.04131012097964
"исключительно" 0.00923361034164358 0.0290556900726392 0.00662207800807894 0.0207878598898243 0.0611745513866232 0.0429331959471063 0.00634920634920635 0.0116373792621902 0.0439045807112542 0.0118028917084686
"конец" 0.00923361034164358 0 0.00662207800807894 0 0.0101957585644372 0.00858663918942126 0.0571428571428571 0.0640055859420458 0.0292697204741695 0.00590144585423429
"которым" 0.00923361034164358 0.00968523002421308 0.0529766240646315 0.0103939299449122 0.0203915171288744 0 0.0253968253968254 0 0.0439045807112542 0.0354086751254057
"месте" 0.00923361034164358 0 0.0132441560161579 0 0.0203915171288744 0.0686931135153701 0.0126984126984127 0.0232747585243803 0.0219522903556271 0.04131012097964
"многих" 0.0184672206832872 0.0290556900726392 0.0463545460565525 0.0311817898347365 0.050978792822186 0.0171732783788425 0.00634920634920635 0.0349121377865705 0 0
"мышечное" 0 0 0.00662207800807894 0 0 0 0.0761904761904762 0.0814616548353311 0 0.0118028917084686
"нервно" 0.175438596491228 0.0387409200968523 0.00662207800807894 0 0.0101957585644372 0 0 0 0 0.0236057834169371
"органов" 0.0184672206832872 0.00968523002421308 0.0132441560161579 0.0103939299449122 0.0305872756933116 0.00858663918942126 0.0571428571428571 0.0174560688932852 0.0439045807112542 0.00590144585423429
"ощущениями" 0 0 0 0 0.0203915171288744 0 0.0571428571428571 0.104736413359711 0 0
"повторения" 0 0 0 0 0 0.0257599175682638 0.0253968253968254 0.122192482252997 0 0.00590144585423429
"понятно" 0 0.0193704600484262 0 0 0.0203915171288744 0.0257599175682638 0.0444444444444444 0.0640055859420458 0.00731743011854237 0.0177043375627029
"прочих" 0 0.0193704600484262 0 0 0 0 0.019047619047619 0.0174560688932852 0.0585394409483389 0.0767187961050457
"развитии" 0 0.12590799031477 0.00662207800807894 0 0.0101957585644372 0.00858663918942126 0.0444444444444444 0.0290934481554754 0.00731743011854237 0
"различных" 0.0184672206832872 0.0290556900726392 0.0198662340242368 0.0207878598898243 0.0407830342577488 0.0429331959471063 0 0.0349121377865705 0.0292697204741695 0
"ранее" 0.0461680517082179 0.0581113801452785 0.0264883120323157 0.0311817898347365 0 0.0429331959471063 0 0.00581868963109508 0.0219522903556271 0.0118028917084686
"речь" 0.0461680517082179 0.0193704600484262 0.0198662340242368 0.0103939299449122 0.0101957585644372 0 0.0507936507936508 0.0349121377865705 0.0146348602370847 0.00590144585423429
"самый" 0 0.0387409200968523 0.0264883120323157 0 0.0101957585644372 0.0257599175682638 0.0380952380952381 0.0290934481554754 0.00731743011854237 0.0295072292711714
"свойства" 0.0369344413665743 0 0 0.0311817898347365 0.0101957585644372 0.0686931135153701 0.00634920634920635 0.0465495170487606 0.0219522903556271 0.00590144585423429
"след" 0.0554016620498615 0 0 0.0103939299449122 0 0.00858663918942126 0 0.0930990340975212 0.0365871505927118 0
"случаев" 0 0.0193704600484262 0.0264883120323157 0.0311817898347365 0.0101957585644372 0.0429331959471063 0.0253968253968254 0.0523682066798557 0.00731743011854237 0
"снова" 0.00923361034164358 0.0290556900726392 0.0132441560161579 0.062363579669473 0 0.0257599175682638 0.0444444444444444 0.0232747585243803 0.0219522903556271 0
"среди" 0.0369344413665743 0.0387409200968523 0.0264883120323157 0.0103939299449122 0.0407830342577488 0.0772797527047913 0 0 0 0.0177043375627029
"сфере" 0.00923361034164358 0 0.0794649360969472 0 0 0 0.0761904761904762 0.0232747585243803 0 0
"таки" 0.00923361034164358 0.00968523002421308 0 0.0103939299449122 0 0 0.0253968253968254 0.0407308274176655 0.0365871505927118 0.0590144585423429
"условные" 0 0 0 0.0727575096143852 0.0917618270799347 0.103039670273055 0 0 0.00731743011854237 0
"величины" 0 0 0 0.0103939299449122 0.050978792822186 0.0171732783788425 0 0.0232747585243803 0.0658568710668813 0.04131012097964
"внешние" 0.0646352723915051 0.00968523002421308 0.0132441560161579 0.0103939299449122 0.0407830342577488 0.00858663918942126 0.0317460317460317 0.0232747585243803 0.00731743011854237 0.0118028917084686
"внушению" 0 0 0.18541818422621 0 0 0 0 0 0 0
"вопроса" 0.0369344413665743 0.0193704600484262 0.0264883120323157 0.0415757197796487 0.0203915171288744 0.00858663918942126 0.0380952380952381 0.00581868963109508 0.0146348602370847 0.0118028917084686
"всякое" 0.0277008310249307 0.00968523002421308 0.0397324680484736 0 0 0.0257599175682638 0.0253968253968254 0.0349121377865705 0.0146348602370847 0.0177043375627029
"действуют" 0.00923361034164358 0.00968523002421308 0.0463545460565525 0.0207878598898243 0.0101957585644372 0.0171732783788425 0.0444444444444444 0.0174560688932852 0.0219522903556271 0.00590144585423429
"импульсов" 0 0 0 0.0311817898347365 0 0 0 0 0.139031172252305 0.0354086751254057
"мире" 0.110803324099723 0 0 0 0.0611745513866232 0.0257599175682638 0.0253968253968254 0.0116373792621902 0 0.00590144585423429
"народа" 0.0184672206832872 0.184019370460048 0.0397324680484736 0 0 0 0.00634920634920635 0 0 0
"нечто" 0.0369344413665743 0.00968523002421308 0.0132441560161579 0.0103939299449122 0.0101957585644372 0.00858663918942126 0 0.0174560688932852 0.0292697204741695 0.0649159043965772
"организме" 0 0.00968523002421308 0 0.0415757197796487 0.0407830342577488 0.0171732783788425 0 0 0.0731743011854237 0.04131012097964
"период" 0.0184672206832872 0.0387409200968523 0.0397324680484736 0.062363579669473 0.0203915171288744 0.0429331959471063 0 0 0.0219522903556271 0
"помимо" 0.00923361034164358 0.0290556900726392 0.119197404145421 0.0103939299449122 0.0101957585644372 0.0171732783788425 0 0 0 0.0118028917084686
"последние" 0 0.00968523002421308 0.0198662340242368 0.0103939299449122 0.0101957585644372 0.00858663918942126 0.0507936507936508 0.0407308274176655 0.0219522903556271 0.0177043375627029
"сильнее" 0 0.00968523002421308 0.00662207800807894 0 0 0 0.0317460317460317 0.0989177237286163 0.0292697204741695 0
"сильных" 0.00923361034164358 0 0 0 0.0611745513866232 0.128799587841319 0.00634920634920635 0.0116373792621902 0 0.0177043375627029
"тип" 0 0 0 0 0.0713703099510604 0.0944530310836339 0.0253968253968254 0.0116373792621902 0 0.0236057834169371
"частью" 0.0369344413665743 0.0387409200968523 0.0264883120323157 0.0207878598898243 0.0203915171288744 0.0515198351365276 0.00634920634920635 0.0232747585243803 0 0.00590144585423429
"человечества" 0.193905817174515 0 0 0 0.0101957585644372 0.00858663918942126 0 0 0.00731743011854237 0.0236057834169371
"аппарат" 0 0 0.00662207800807894 0.0207878598898243 0.0101957585644372 0.0171732783788425 0.0126984126984127 0.00581868963109508 0.0439045807112542 0.0708173502508114
"возбудимость" 0 0 0 0 0 0 0 0 0.12439631201522 0.0590144585423429
"деятельностью" 0.0369344413665743 0.00968523002421308 0 0.0207878598898243 0.050978792822186 0.0257599175682638 0.0507936507936508 0.0174560688932852 0.00731743011854237 0
"задача" 0.0184672206832872 0 0 0.0311817898347365 0.0101957585644372 0.0601064743259488 0.0253968253968254 0.0174560688932852 0.0146348602370847 0.0295072292711714
"лучше" 0 0.0290556900726392 0.00662207800807894 0 0.0101957585644372 0.0171732783788425 0.0507936507936508 0.0523682066798557 0.00731743011854237 0.0118028917084686
"невольные" 0 0 0 0 0 0 0.158730158730159 0.0116373792621902 0 0
"нового" 0.0184672206832872 0.00968523002421308 0 0.0103939299449122 0.0203915171288744 0.0858663918942126 0.0126984126984127 0.0174560688932852 0.0219522903556271 0.0177043375627029
"помощи" 0 0 0.0132441560161579 0.0311817898347365 0.0815660685154976 0.0429331959471063 0.0126984126984127 0.0232747585243803 0.0219522903556271 0
"равно" 0.0554016620498615 0.0387409200968523 0.00662207800807894 0 0 0 0.019047619047619 0.0465495170487606 0.0146348602370847 0.0177043375627029
"реакций" 0.00923361034164358 0 0 0.0103939299449122 0 0 0 0 0.0951265915410508 0.0708173502508114
"результат" 0.00923361034164358 0 0.0331103900403947 0.0311817898347365 0.0305872756933116 0.0171732783788425 0 0.0523682066798557 0 0.0236057834169371
"руки" 0 0.00968523002421308 0.0595987020727104 0 0 0.00858663918942126 0 0.075642965204236 0.00731743011854237 0.0118028917084686
"случаи" 0 0 0.0331103900403947 0.0103939299449122 0.0815660685154976 0.00858663918942126 0.0507936507936508 0.0174560688932852 0 0.00590144585423429
"суть" 0.0184672206832872 0.00968523002421308 0.0132441560161579 0.0103939299449122 0 0.0171732783788425 0.0444444444444444 0.0523682066798557 0.0146348602370847 0.00590144585423429
"условие" 0 0.0290556900726392 0.0132441560161579 0.0103939299449122 0.0101957585644372 0 0.0507936507936508 0.0640055859420458 0 0.00590144585423429
"вместо" 0 0.0387409200968523 0.0132441560161579 0.0311817898347365 0.0611745513866232 0.0171732783788425 0.0253968253968254 0 0.0219522903556271 0.0118028917084686
"воздействия" 0.0277008310249307 0 0.145685716177737 0 0.0101957585644372 0 0 0 0 0
"воли" 0 0.0387409200968523 0.0331103900403947 0.0311817898347365 0 0.00858663918942126 0.0634920634920635 0.0174560688932852 0 0
"выражается" 0 0.0193704600484262 0.00662207800807894 0 0.0203915171288744 0.00858663918942126 0.0634920634920635 0.0232747585243803 0.0219522903556271 0.0177043375627029
"гипнозе" 0 0 0.165551950201973 0 0.0101957585644372 0 0 0 0 0
"движением" 0.0369344413665743 0 0 0.0103939299449122 0 0 0.0825396825396825 0.0465495170487606 0 0
"звук" 0.0184672206832872 0 0 0.0207878598898243 0.0101957585644372 0.0257599175682638 0.0571428571428571 0.0523682066798557 0 0
"какого" 0 0.0193704600484262 0.0132441560161579 0.0103939299449122 0.0101957585644372 0.0257599175682638 0.0380952380952381 0.0232747585243803 0.0219522903556271 0.0236057834169371
"касается" 0.00923361034164358 0.0290556900726392 0.0132441560161579 0.0519696497245609 0.0101957585644372 0.034346556757685 0.00634920634920635 0.0290934481554754 0 0.0236057834169371
"меньше" 0.0184672206832872 0.0193704600484262 0 0.0415757197796487 0.0407830342577488 0.034346556757685 0 0.0523682066798557 0 0.00590144585423429
"механизма" 0 0 0 0.0207878598898243 0.0611745513866232 0.0257599175682638 0.0571428571428571 0.0116373792621902 0.0146348602370847 0.0118028917084686
"многие" 0 0.0193704600484262 0.0595987020727104 0.0207878598898243 0.0305872756933116 0.00858663918942126 0 0.0407308274176655 0.00731743011854237 0.00590144585423429
"мышцы" 0 0 0 0 0.0101957585644372 0 0.101587301587302 0.0523682066798557 0 0
"нерв" 0 0 0 0.0207878598898243 0 0.0171732783788425 0.0698412698412698 0.0407308274176655 0.0146348602370847 0.0118028917084686
"нервов" 0.00923361034164358 0 0 0.0207878598898243 0.0203915171288744 0 0.0952380952380952 0.0232747585243803 0 0.0118028917084686
"нескольких" 0 0 0.0331103900403947 0.0311817898347365 0.0305872756933116 0.0429331959471063 0.0317460317460317 0.00581868963109508 0.00731743011854237 0.0177043375627029
"обоих" 0 0 0.00662207800807894 0.0727575096143852 0.050978792822186 0.0429331959471063 0.0253968253968254 0.0174560688932852 0 0.00590144585423429
"отдела" 0 0 0 0.0831514395592974 0.163132137030995 0.00858663918942126 0.00634920634920635 0 0 0
"различные" 0.0277008310249307 0.0387409200968523 0.0397324680484736 0.0103939299449122 0.0101957585644372 0.0257599175682638 0 0.0232747585243803 0.0219522903556271 0.00590144585423429
"рот" 0 0 0 0 0.0917618270799347 0.111626309462476 0.00634920634920635 0.00581868963109508 0.00731743011854237 0.00590144585423429
"станции" 0 0 0 0.0519696497245609 0.0203915171288744 0 0 0 0.131713742133763 0.00590144585423429
"столько" 0.0184672206832872 0.0387409200968523 0.0132441560161579 0 0 0.00858663918942126 0.0444444444444444 0.0465495170487606 0 0.0118028917084686
"тотчас" 0.00923361034164358 0.00968523002421308 0.0728428580888683 0.0103939299449122 0 0.00858663918942126 0.0253968253968254 0.00581868963109508 0.0219522903556271 0.0177043375627029
"физиологической" 0.00923361034164358 0 0 0.0103939299449122 0.0611745513866232 0.0171732783788425 0.019047619047619 0.0174560688932852 0.0292697204741695 0.0354086751254057
"характера" 0.0277008310249307 0.0774818401937046 0.0264883120323157 0 0 0 0.00634920634920635 0.0465495170487606 0 0.0118028917084686
"чувствующего" 0 0 0 0 0 0 0.133333333333333 0.00581868963109508 0.0219522903556271 0.00590144585423429
"элементы" 0.00923361034164358 0 0 0.0415757197796487 0.0203915171288744 0.0171732783788425 0.0380952380952381 0.0174560688932852 0.0146348602370847 0.0354086751254057
"анализ" 0 0.00968523002421308 0 0.0207878598898243 0.112153344208809 0.0257599175682638 0 0.0407308274176655 0.00731743011854237 0
"безусловного" 0 0 0 0.14551501922877 0.0203915171288744 0.0686931135153701 0 0 0.00731743011854237 0
"весьма" 0 0.0193704600484262 0.0397324680484736 0 0 0.00858663918942126 0 0.00581868963109508 0.0365871505927118 0.0590144585423429
"всю" 0.0277008310249307 0.00968523002421308 0.0198662340242368 0.0207878598898243 0.0101957585644372 0.0171732783788425 0.0253968253968254 0.0349121377865705 0.00731743011854237 0.0118028917084686
"вторых" 0.00923361034164358 0 0 0.0727575096143852 0.0407830342577488 0.0772797527047913 0 0 0.0146348602370847 0.0118028917084686
"доминанту" 0 0 0 0 0 0 0 0 0.102444021659593 0.0649159043965772
"известных" 0.0369344413665743 0 0.0860870141050262 0 0 0.0171732783788425 0.0126984126984127 0.0116373792621902 0.00731743011854237 0.00590144585423429
"изучение" 0 0 0 0.062363579669473 0.0917618270799347 0.0429331959471063 0.019047619047619 0 0.0146348602370847 0
"которому" 0.0184672206832872 0.0290556900726392 0.0463545460565525 0 0.0101957585644372 0.00858663918942126 0.0317460317460317 0.0174560688932852 0.00731743011854237 0.0118028917084686
"некоторые" 0.00923361034164358 0.0484261501210654 0.0397324680484736 0 0.0713703099510604 0.034346556757685 0.00634920634920635 0 0 0.00590144585423429
"нервная" 0 0 0 0 0.0815660685154976 0.0171732783788425 0.0126984126984127 0.0116373792621902 0.0146348602370847 0.0531130126881086
"отраженные" 0 0 0 0 0 0 0.146031746031746 0.0116373792621902 0 0
"подобно" 0.0277008310249307 0 0.0662207800807894 0 0.0101957585644372 0 0 0.0640055859420458 0 0
"приводит" 0.0184672206832872 0.0677966101694915 0.0397324680484736 0 0 0 0.00634920634920635 0.0116373792621902 0.0365871505927118 0.0118028917084686
"происхождения" 0 0.00968523002421308 0.00662207800807894 0 0 0.0171732783788425 0.101587301587302 0.0290934481554754 0 0
"проявления" 0.0923361034164358 0.0581113801452785 0.00662207800807894 0.0207878598898243 0 0 0.0317460317460317 0.00581868963109508 0 0
"рефлексами" 0.0184672206832872 0 0 0.0415757197796487 0.112153344208809 0.0429331959471063 0.00634920634920635 0.00581868963109508 0 0.00590144585423429
"сильные" 0.00923361034164358 0 0 0 0.0713703099510604 0.0601064743259488 0.00634920634920635 0 0.0292697204741695 0.0295072292711714
"следующий" 0 0 0.0132441560161579 0.0415757197796487 0.0101957585644372 0.0257599175682638 0.019047619047619 0.0290934481554754 0.00731743011854237 0.0354086751254057
"сторона" 0.0184672206832872 0.0193704600484262 0 0.0103939299449122 0.0101957585644372 0.00858663918942126 0.0126984126984127 0.0872803444664262 0 0.00590144585423429
"ту" 0.00923361034164358 0.0193704600484262 0.00662207800807894 0 0.0305872756933116 0.0171732783788425 0.0444444444444444 0.0116373792621902 0.0219522903556271 0.0236057834169371
"условным" 0 0 0 0.0415757197796487 0.0407830342577488 0.145972866220161 0 0 0 0
"частей" 0 0.00968523002421308 0.00662207800807894 0.0935453695042095 0.050978792822186 0 0.019047619047619 0.0232747585243803 0 0.0118028917084686
"возможности" 0.00923361034164358 0 0.0397324680484736 0.0103939299449122 0 0.00858663918942126 0.0317460317460317 0.0232747585243803 0.0219522903556271 0.0177043375627029
"действовать" 0 0.00968523002421308 0.0198662340242368 0.0207878598898243 0.0203915171288744 0.0171732783788425 0.0444444444444444 0.00581868963109508 0.0292697204741695 0.0118028917084686
"делает" 0.0277008310249307 0.0484261501210654 0.00662207800807894 0.0207878598898243 0.0203915171288744 0 0.019047619047619 0.0290934481554754 0.0146348602370847 0.00590144585423429
"день" 0.00923361034164358 0.00968523002421308 0.0264883120323157 0.0103939299449122 0 0.0515198351365276 0 0.0407308274176655 0.0146348602370847 0.0118028917084686
"духа" 0.12927054478301 0.0774818401937046 0.00662207800807894 0 0.0101957585644372 0 0 0 0 0
"истории" 0.0369344413665743 0.0484261501210654 0.00662207800807894 0 0 0 0.0126984126984127 0.0116373792621902 0.0365871505927118 0.0295072292711714
"ко" 0 0 0.0132441560161579 0.0519696497245609 0.0305872756933116 0.0171732783788425 0.0253968253968254 0.0290934481554754 0.00731743011854237 0.0118028917084686
"личностей" 0.0923361034164358 0.12590799031477 0.00662207800807894 0 0 0 0 0 0 0
"лягушки" 0 0 0 0 0 0 0.0888888888888889 0.0232747585243803 0.0365871505927118 0.00590144585423429
"минуту" 0.0184672206832872 0 0.0132441560161579 0 0 0.0257599175682638 0.0571428571428571 0.0349121377865705 0 0.0118028917084686
"момента" 0 0 0.00662207800807894 0 0 0 0.0126984126984127 0.0174560688932852 0.080491731303966 0.04131012097964
"нередко" 0.00923361034164358 0.0193704600484262 0.1258194821535 0.0103939299449122 0 0.00858663918942126 0 0 0 0
"никогда" 0.0369344413665743 0.0290556900726392 0.00662207800807894 0.0103939299449122 0 0.0429331959471063 0.0126984126984127 0.0232747585243803 0.0219522903556271 0.00590144585423429
"общее" 0.0277008310249307 0.0290556900726392 0.0198662340242368 0.0311817898347365 0.0203915171288744 0.0171732783788425 0.00634920634920635 0.0174560688932852 0.00731743011854237 0.0177043375627029
"оказалось" 0.00923361034164358 0.0290556900726392 0.0463545460565525 0.0311817898347365 0.0407830342577488 0.0171732783788425 0 0 0.0219522903556271 0.00590144585423429
"органа" 0 0 0.00662207800807894 0.0103939299449122 0.0305872756933116 0.00858663918942126 0.0317460317460317 0.00581868963109508 0.0365871505927118 0.04131012097964
"отдельные" 0 0.00968523002421308 0.00662207800807894 0.0727575096143852 0.050978792822186 0.0171732783788425 0 0.0290934481554754 0.00731743011854237 0.0118028917084686
"относится" 0 0.00968523002421308 0.0331103900403947 0.062363579669473 0.0203915171288744 0.00858663918942126 0.0380952380952381 0.0116373792621902 0.00731743011854237 0
"поведение" 0 0 0 0.0207878598898243 0 0.034346556757685 0 0 0.0292697204741695 0.08262024195928
"понятие" 0.0277008310249307 0.0290556900726392 0.00662207800807894 0.0103939299449122 0.0101957585644372 0.0171732783788425 0.0126984126984127 0.0290934481554754 0.00731743011854237 0.0295072292711714
"поскольку" 0 0 0.00662207800807894 0.0103939299449122 0 0 0.0317460317460317 0.0407308274176655 0.0219522903556271 0.04131012097964
"последней" 0.0184672206832872 0.00968523002421308 0.0132441560161579 0.0311817898347365 0.0101957585644372 0.0171732783788425 0.019047619047619 0.0349121377865705 0.0292697204741695 0
"против" 0 0.0193704600484262 0.0397324680484736 0.0519696497245609 0.0407830342577488 0 0.019047619047619 0.0116373792621902 0.00731743011854237 0.00590144585423429
"раздражителями" 0 0 0 0.0831514395592974 0.0203915171288744 0.0858663918942126 0 0 0.0219522903556271 0.00590144585423429
"разница" 0 0 0.00662207800807894 0.0311817898347365 0.0101957585644372 0.034346556757685 0.0317460317460317 0.0407308274176655 0 0.0177043375627029
"раньше" 0.0184672206832872 0.00968523002421308 0 0.0207878598898243 0.0815660685154976 0.0686931135153701 0.00634920634920635 0.00581868963109508 0.00731743011854237 0
"рефлекторной" 0 0 0 0.114333229394034 0 0 0 0 0.0146348602370847 0.0649159043965772
"силе" 0 0.0193704600484262 0.0264883120323157 0 0.0305872756933116 0.0429331959471063 0.00634920634920635 0.0465495170487606 0.00731743011854237 0
"строго" 0.0369344413665743 0.0484261501210654 0.00662207800807894 0.0207878598898243 0.0203915171288744 0.0515198351365276 0.00634920634920635 0.00581868963109508 0.00731743011854237 0.00590144585423429
"существование" 0.0831024930747922 0.0193704600484262 0 0.0311817898347365 0 0.0257599175682638 0.0253968253968254 0.0174560688932852 0 0
"теми" 0.0461680517082179 0.0387409200968523 0.00662207800807894 0.0103939299449122 0.0203915171288744 0.0257599175682638 0 0.0174560688932852 0.00731743011854237 0.0236057834169371
"актов" 0 0 0 0 0.0101957585644372 0 0.0380952380952381 0.075642965204236 0.00731743011854237 0.0118028917084686
"ассоциации" 0 0 0 0.0103939299449122 0.0101957585644372 0 0.0253968253968254 0.0989177237286163 0 0
"бывает" 0 0 0.0132441560161579 0 0 0 0.0571428571428571 0.0640055859420458 0 0.00590144585423429
"всякой" 0.0277008310249307 0.0387409200968523 0.0331103900403947 0.0207878598898243 0.0101957585644372 0.00858663918942126 0.00634920634920635 0.0174560688932852 0.0146348602370847 0.00590144585423429
"глазами" 0 0 0 0.0103939299449122 0.0101957585644372 0 0.0761904761904762 0.0407308274176655 0.00731743011854237 0.00590144585423429
"говорится" 0 0 0 0.0103939299449122 0 0 0.0380952380952381 0.0930990340975212 0 0
"две" 0 0.0193704600484262 0 0.0103939299449122 0.0101957585644372 0.0171732783788425 0.0126984126984127 0.0581868963109508 0.0292697204741695 0.00590144585423429
"зависит" 0.00923361034164358 0.0193704600484262 0.0331103900403947 0 0 0.00858663918942126 0.019047619047619 0.0174560688932852 0.0439045807112542 0.0118028917084686
"звуков" 0 0 0 0.0103939299449122 0.0101957585644372 0 0.0444444444444444 0.0814616548353311 0 0
"зрительного" 0 0 0.00662207800807894 0.0103939299449122 0 0 0.0507936507936508 0.075642965204236 0 0
"изменения" 0 0.00968523002421308 0.00662207800807894 0.0103939299449122 0.0407830342577488 0.00858663918942126 0.0126984126984127 0.0116373792621902 0.0365871505927118 0.0354086751254057
"конкретных" 0 0 0 0 0 0 0.019047619047619 0.0930990340975212 0 0.0236057834169371
"конструкции" 0 0 0 0.207878598898243 0.0203915171288744 0 0 0 0 0.00590144585423429
"мог" 0.0277008310249307 0 0.0132441560161579 0.0207878598898243 0 0.0257599175682638 0.0126984126984127 0.0290934481554754 0.0146348602370847 0.0236057834169371
"нему" 0.00923361034164358 0 0.0264883120323157 0.0207878598898243 0.0305872756933116 0.0171732783788425 0.00634920634920635 0.00581868963109508 0.0365871505927118 0.0236057834169371
"нервные" 0 0 0.0132441560161579 0.0103939299449122 0.0407830342577488 0.0171732783788425 0.0571428571428571 0.0174560688932852 0 0.0118028917084686
"одни" 0.00923361034164358 0.0290556900726392 0.0198662340242368 0.0207878598898243 0.0101957585644372 0.0171732783788425 0.019047619047619 0.0290934481554754 0.0146348602370847 0.00590144585423429
"одновременно" 0.00923361034164358 0 0.0331103900403947 0.0207878598898243 0.0305872756933116 0.00858663918942126 0.00634920634920635 0.00581868963109508 0.0292697204741695 0.0295072292711714
"определенной" 0.00923361034164358 0 0 0.0415757197796487 0.0407830342577488 0.034346556757685 0 0 0.0219522903556271 0.04131012097964
"опыты" 0 0 0 0.0311817898347365 0.050978792822186 0.0515198351365276 0.0380952380952381 0.0116373792621902 0.00731743011854237 0
"первой" 0 0 0 0.0103939299449122 0.0203915171288744 0.0429331959471063 0.0253968253968254 0.0349121377865705 0.0292697204741695 0.00590144585423429
"поводу" 0.0184672206832872 0.0290556900726392 0.00662207800807894 0 0 0 0 0.00581868963109508 0.0585394409483389 0.0472115668338743
"подвижности" 0 0 0 0 0.0203915171288744 0.13738622703074 0 0.00581868963109508 0 0.0236057834169371
"понять" 0 0 0.00662207800807894 0.0311817898347365 0.0203915171288744 0.00858663918942126 0.0126984126984127 0.00581868963109508 0.0365871505927118 0.0472115668338743
"предметов" 0 0.00968523002421308 0.00662207800807894 0 0 0.00858663918942126 0.0317460317460317 0.0814616548353311 0.00731743011854237 0
"процессы" 0.0461680517082179 0.0290556900726392 0 0.0103939299449122 0.050978792822186 0 0.00634920634920635 0.00581868963109508 0.0292697204741695 0.0177043375627029
"психическая" 0.0554016620498615 0.0290556900726392 0.00662207800807894 0 0.0203915171288744 0 0.0253968253968254 0.0407308274176655 0 0
"пункта" 0 0 0 0.0311817898347365 0.0917618270799347 0.034346556757685 0.0126984126984127 0 0.00731743011854237 0.0236057834169371
"пусть" 0.0646352723915051 0 0 0.0415757197796487 0.0305872756933116 0.0257599175682638 0.019047619047619 0.0174560688932852 0 0
"словами" 0.00923361034164358 0.00968523002421308 0 0.0103939299449122 0 0 0.0380952380952381 0.0581868963109508 0.00731743011854237 0.0177043375627029
"совсем" 0 0 0.00662207800807894 0.0415757197796487 0.0611745513866232 0.034346556757685 0 0 0.0219522903556271 0.0295072292711714
"существуют" 0 0.00968523002421308 0.00662207800807894 0.0103939299449122 0 0 0.0380952380952381 0.0349121377865705 0.0439045807112542 0.0118028917084686
"центральных" 0 0.00968523002421308 0 0.0103939299449122 0.0101957585644372 0 0.00634920634920635 0.0116373792621902 0.0292697204741695 0.0767187961050457
"школы" 0 0.154963680387409 0.00662207800807894 0.0103939299449122 0 0 0.0126984126984127 0 0.0146348602370847 0.00590144585423429
"этими" 0.0277008310249307 0.0193704600484262 0.0132441560161579 0.0311817898347365 0.0305872756933116 0.0257599175682638 0.0126984126984127 0.0174560688932852 0.00731743011854237 0.00590144585423429
"бодрственном" 0 0 0.145685716177737 0 0 0 0 0 0 0
"влияний" 0.0277008310249307 0 0 0 0.0101957585644372 0.00858663918942126 0.0317460317460317 0.00581868963109508 0.0512220108297966 0.0236057834169371
"голове" 0 0 0.0198662340242368 0.0207878598898243 0 0 0.0253968253968254 0.0698242755731409 0.00731743011854237 0
"духовной" 0.156971375807941 0.0484261501210654 0 0 0 0 0 0 0 0
"иное" 0.0277008310249307 0.0290556900726392 0.0264883120323157 0 0.0101957585644372 0 0.0317460317460317 0.0349121377865705 0 0
"коре" 0 0 0 0.0831514395592974 0.0713703099510604 0 0 0 0.0365871505927118 0.0118028917084686
"мышечных" 0 0 0 0 0 0 0.0571428571428571 0.0698242755731409 0.00731743011854237 0
"напротив" 0.0184672206832872 0.00968523002421308 0.0264883120323157 0 0 0 0.0253968253968254 0.0349121377865705 0.0219522903556271 0.0118028917084686
"наша" 0.0369344413665743 0.0193704600484262 0 0.0103939299449122 0.0101957585644372 0.034346556757685 0.0126984126984127 0.00581868963109508 0 0.04131012097964
"несравненно" 0.00923361034164358 0 0 0 0 0 0.0380952380952381 0.075642965204236 0 0.0118028917084686
"оба" 0.00923361034164358 0 0 0 0.050978792822186 0.034346556757685 0.0444444444444444 0.0290934481554754 0 0
"образование" 0 0.0677966101694915 0 0.0311817898347365 0.0305872756933116 0.034346556757685 0.00634920634920635 0.0116373792621902 0 0.0118028917084686
"обычно" 0 0.0193704600484262 0.0264883120323157 0.0207878598898243 0.0305872756933116 0.0515198351365276 0 0 0.0146348602370847 0.0177043375627029
"основных" 0 0.0290556900726392 0 0.0207878598898243 0.050978792822186 0.0858663918942126 0 0 0.00731743011854237 0.00590144585423429
"получается" 0 0 0 0.0103939299449122 0.0203915171288744 0.0171732783788425 0 0.00581868963109508 0.0585394409483389 0.0472115668338743
"просто" 0 0.00968523002421308 0.0198662340242368 0.0311817898347365 0.0101957585644372 0.00858663918942126 0 0.0290934481554754 0.0219522903556271 0.0295072292711714
"прочим" 0 0.0581113801452785 0.0728428580888683 0.0103939299449122 0 0 0.0126984126984127 0.00581868963109508 0 0.00590144585423429
"раздражением" 0 0 0 0.0207878598898243 0.0305872756933116 0 0.0634920634920635 0 0.0219522903556271 0.0236057834169371
"реакцию" 0.0184672206832872 0 0 0 0.0407830342577488 0.00858663918942126 0.00634920634920635 0.00581868963109508 0.0439045807112542 0.04131012097964
"свой" 0.0369344413665743 0.0290556900726392 0.0198662340242368 0 0 0.00858663918942126 0 0.0290934481554754 0 0.0354086751254057
"свойств" 0.0184672206832872 0 0 0 0.0203915171288744 0.120212948651898 0 0.00581868963109508 0.00731743011854237 0.0118028917084686
"силой" 0.0277008310249307 0.0290556900726392 0.0264883120323157 0.0103939299449122 0.0203915171288744 0.00858663918942126 0.0317460317460317 0.00581868963109508 0.00731743011854237 0.00590144585423429
"служить" 0 0.0290556900726392 0.0331103900403947 0.0311817898347365 0 0.00858663918942126 0.019047619047619 0.00581868963109508 0.0146348602370847 0.0236057834169371
"сомнения" 0.00923361034164358 0.0387409200968523 0.0132441560161579 0.0103939299449122 0 0 0.0380952380952381 0.0232747585243803 0.00731743011854237 0.0177043375627029
"три" 0.00923361034164358 0.00968523002421308 0.00662207800807894 0.0207878598898243 0.0203915171288744 0.0515198351365276 0.0253968253968254 0.0116373792621902 0.00731743011854237 0.0118028917084686
"трудно" 0 0.00968523002421308 0.00662207800807894 0.0415757197796487 0 0 0.019047619047619 0.0290934481554754 0.0292697204741695 0.0236057834169371
"фактов" 0.0184672206832872 0.00968523002421308 0 0.0415757197796487 0.050978792822186 0.0171732783788425 0.019047619047619 0.0116373792621902 0.00731743011854237 0.0118028917084686
"чаще" 0 0 0.0595987020727104 0.0103939299449122 0.0407830342577488 0.00858663918942126 0 0.0349121377865705 0 0.00590144585423429
"человеку" 0.0461680517082179 0.0193704600484262 0.00662207800807894 0 0 0 0.0380952380952381 0.0407308274176655 0 0.00590144585423429
"большой" 0.00923361034164358 0.00968523002421308 0.0331103900403947 0.0103939299449122 0 0.0858663918942126 0 0 0.00731743011854237 0.0118028917084686
"весь" 0.0184672206832872 0.00968523002421308 0.0132441560161579 0.0311817898347365 0 0.0257599175682638 0.019047619047619 0.0174560688932852 0.0146348602370847 0.0118028917084686
"внешнему" 0 0.00968523002421308 0 0 0.050978792822186 0.034346556757685 0.0571428571428571 0.0116373792621902 0 0
"внушением" 0 0 0.139063638169658 0 0 0 0 0 0 0
"вовсе" 0.00923361034164358 0.00968523002421308 0.00662207800807894 0 0 0.0171732783788425 0.0444444444444444 0.0465495170487606 0.00731743011854237 0
"всяком" 0 0.0387409200968523 0.0198662340242368 0.0415757197796487 0 0 0.0253968253968254 0.0290934481554754 0 0.00590144585423429
"гораздо" 0 0 0.0264883120323157 0.062363579669473 0.0203915171288744 0.0171732783788425 0.00634920634920635 0 0.00731743011854237 0.0295072292711714
"довольно" 0.00923361034164358 0.00968523002421308 0.0132441560161579 0.0207878598898243 0.0203915171288744 0.0257599175682638 0.0126984126984127 0 0.0146348602370847 0.0354086751254057
"другая" 0.0184672206832872 0.00968523002421308 0.0132441560161579 0.0207878598898243 0.0203915171288744 0.0171732783788425 0.0126984126984127 0.0116373792621902 0.0292697204741695 0.0118028917084686
"какая" 0.00923361034164358 0.0193704600484262 0.00662207800807894 0.0103939299449122 0.0203915171288744 0.0171732783788425 0.0126984126984127 0.0290934481554754 0 0.0295072292711714
"которыми" 0.0277008310249307 0.0193704600484262 0.0132441560161579 0 0 0.0429331959471063 0.0253968253968254 0.00581868963109508 0 0.0236057834169371
"массы" 0 0.0387409200968523 0.00662207800807894 0.0727575096143852 0.0203915171288744 0.034346556757685 0 0.0116373792621902 0.00731743011854237 0
"мыслей" 0 0.0581113801452785 0.0331103900403947 0 0.0101957585644372 0 0.0126984126984127 0.0290934481554754 0 0.0118028917084686
"нервный" 0.0369344413665743 0.00968523002421308 0 0 0.0305872756933116 0.0257599175682638 0.019047619047619 0.0116373792621902 0.0146348602370847 0.0177043375627029
"новой" 0.0184672206832872 0.0290556900726392 0.00662207800807894 0 0.050978792822186 0.034346556757685 0 0 0.0292697204741695 0.0118028917084686
"отношение" 0.00923361034164358 0.0290556900726392 0 0 0.0407830342577488 0.0171732783788425 0.0253968253968254 0 0.0292697204741695 0.0177043375627029
"памяти" 0.00923361034164358 0.00968523002421308 0 0 0.0101957585644372 0.0171732783788425 0 0.0581868963109508 0.0365871505927118 0.00590144585423429
"понятия" 0 0.00968523002421308 0 0.0207878598898243 0.0101957585644372 0.00858663918942126 0.019047619047619 0.0349121377865705 0.0292697204741695 0.0177043375627029
"последний" 0.0184672206832872 0 0.0132441560161579 0 0.0203915171288744 0.0257599175682638 0.019047619047619 0.0290934481554754 0.00731743011854237 0.0177043375627029
"примеров" 0.00923361034164358 0.00968523002421308 0.0463545460565525 0 0 0.00858663918942126 0.0253968253968254 0.0290934481554754 0 0.0118028917084686
"пространстве" 0.0277008310249307 0 0.00662207800807894 0.0519696497245609 0.0203915171288744 0 0.019047619047619 0.0174560688932852 0.0146348602370847 0.0118028917084686
"раздражительный" 0 0 0 0.0103939299449122 0.0815660685154976 0.103039670273055 0 0 0 0
"сами" 0.0369344413665743 0 0.0198662340242368 0 0.0101957585644372 0.0171732783788425 0.00634920634920635 0.00581868963109508 0.0365871505927118 0.0236057834169371
"слабых" 0 0.00968523002421308 0.0198662340242368 0.0103939299449122 0.0203915171288744 0.0944530310836339 0 0.00581868963109508 0.0146348602370847 0
"слишком" 0.00923361034164358 0.00968523002421308 0.00662207800807894 0.0103939299449122 0.0101957585644372 0.00858663918942126 0.00634920634920635 0.0232747585243803 0.0219522903556271 0.04131012097964
"см" 0.0554016620498615 0.00968523002421308 0.0264883120323157 0 0 0.00858663918942126 0.00634920634920635 0 0.0365871505927118 0.0177043375627029
"составляет" 0.0369344413665743 0.0290556900726392 0.0264883120323157 0.0207878598898243 0.0203915171288744 0.00858663918942126 0.0126984126984127 0.00581868963109508 0.00731743011854237 0.00590144585423429
"спинного" 0 0 0 0.0311817898347365 0 0 0.0634920634920635 0 0.0439045807112542 0.0118028917084686
"сразу" 0 0.00968523002421308 0.0331103900403947 0.0207878598898243 0.050978792822186 0.034346556757685 0 0 0 0.0236057834169371
"таком" 0 0 0.0397324680484736 0.0207878598898243 0.0203915171288744 0.0171732783788425 0.019047619047619 0.0116373792621902 0.0146348602370847 0.0118028917084686
"тон" 0 0 0.0132441560161579 0.0519696497245609 0.0611745513866232 0.0171732783788425 0 0.0349121377865705 0 0
"тут" 0 0 0.00662207800807894 0.0311817898347365 0 0.00858663918942126 0.00634920634920635 0.0116373792621902 0.0365871505927118 0.0472115668338743
"учение" 0.0646352723915051 0 0 0.0207878598898243 0.0203915171288744 0.0171732783788425 0 0.0290934481554754 0 0.0177043375627029
"элементов" 0 0.00968523002421308 0 0.0415757197796487 0 0 0.0444444444444444 0.0116373792621902 0.0365871505927118 0.0118028917084686
"энергия" 0.138504155124654 0.00968523002421308 0 0.0103939299449122 0 0 0.00634920634920635 0 0.0219522903556271 0
"внешней" 0.0277008310249307 0.00968523002421308 0 0.0103939299449122 0.0815660685154976 0.0171732783788425 0.0253968253968254 0 0.00731743011854237 0
"внешний" 0.0184672206832872 0.0193704600484262 0 0.0207878598898243 0.0407830342577488 0.0429331959471063 0 0.0116373792621902 0.00731743011854237 0.0118028917084686
"группы" 0 0.00968523002421308 0 0 0 0.0515198351365276 0.0444444444444444 0.0174560688932852 0.0146348602370847 0.00590144585423429
"дают" 0.00923361034164358 0.0193704600484262 0.00662207800807894 0.0311817898347365 0.0305872756933116 0.0257599175682638 0.00634920634920635 0.00581868963109508 0.00731743011854237 0.0236057834169371
"дефекации" 0 0 0 0 0 0 0 0 0.0878091614225084 0.0472115668338743
"другую" 0.0277008310249307 0.00968523002421308 0.0132441560161579 0 0.0203915171288744 0.0171732783788425 0.0317460317460317 0.0116373792621902 0 0.0177043375627029
"изучения" 0 0 0.0132441560161579 0.0727575096143852 0.0407830342577488 0 0.019047619047619 0.00581868963109508 0.0146348602370847 0.00590144585423429
"исчезает" 0.0554016620498615 0 0 0.0311817898347365 0.0407830342577488 0.0171732783788425 0 0.0232747585243803 0.00731743011854237 0
"казалось" 0 0.0193704600484262 0.00662207800807894 0.0103939299449122 0.0305872756933116 0.0257599175682638 0 0.0232747585243803 0.00731743011854237 0.0295072292711714
"наше" 0.0184672206832872 0.0193704600484262 0.0264883120323157 0.0103939299449122 0.0101957585644372 0.034346556757685 0.00634920634920635 0 0.0219522903556271 0.0118028917084686
"общества" 0 0.12590799031477 0.0264883120323157 0 0 0.00858663918942126 0.0126984126984127 0 0 0
"около" 0.0277008310249307 0 0.00662207800807894 0.0207878598898243 0.0305872756933116 0.00858663918942126 0 0.0290934481554754 0.00731743011854237 0.0236057834169371
"определенное" 0 0.00968523002421308 0.00662207800807894 0.0311817898347365 0.0203915171288744 0.00858663918942126 0.00634920634920635 0.00581868963109508 0.0292697204741695 0.0354086751254057
"определенном" 0 0 0.0132441560161579 0.0103939299449122 0.0101957585644372 0.0171732783788425 0.0126984126984127 0 0 0.0708173502508114
"определенных" 0.00923361034164358 0 0 0.0415757197796487 0.0407830342577488 0.00858663918942126 0.0253968253968254 0 0.0219522903556271 0.0177043375627029
"орган" 0 0 0.00662207800807894 0 0.0101957585644372 0 0.0317460317460317 0.00581868963109508 0.0219522903556271 0.0531130126881086
"основание" 0.0184672206832872 0 0.00662207800807894 0.0103939299449122 0.0611745513866232 0.0257599175682638 0.0253968253968254 0.00581868963109508 0 0.0118028917084686
"отраженное" 0 0 0 0 0 0 0.120634920634921 0.00581868963109508 0 0
"последнем" 0.00923361034164358 0 0 0.0207878598898243 0.0101957585644372 0.0429331959471063 0.0380952380952381 0.0174560688932852 0.0146348602370847 0
"приходится" 0 0.00968523002421308 0 0.0311817898347365 0.0305872756933116 0.00858663918942126 0 0.00581868963109508 0.0292697204741695 0.04131012097964
"причина" 0.00923361034164358 0 0 0 0 0 0.019047619047619 0.0930990340975212 0 0
"раздражении" 0 0 0 0 0.0101957585644372 0.0257599175682638 0.0317460317460317 0 0.0365871505927118 0.0354086751254057
"разнообразные" 0.0184672206832872 0 0.0132441560161579 0 0.0305872756933116 0.00858663918942126 0.019047619047619 0.0116373792621902 0.0365871505927118 0.0118028917084686
"своему" 0.0184672206832872 0.00968523002421308 0.0264883120323157 0.0103939299449122 0 0.00858663918942126 0.0126984126984127 0.0232747585243803 0.0146348602370847 0.0177043375627029
"скоро" 0 0.00968523002421308 0.0198662340242368 0.0207878598898243 0.050978792822186 0.0601064743259488 0.00634920634920635 0.00581868963109508 0 0
"собственно" 0.0184672206832872 0.0193704600484262 0.0132441560161579 0.0103939299449122 0 0 0.0126984126984127 0.0407308274176655 0.0292697204741695 0
"стал" 0.00923361034164358 0 0.0132441560161579 0.0103939299449122 0.0101957585644372 0 0 0 0.0365871505927118 0.0590144585423429
"существования" 0.0831024930747922 0.00968523002421308 0.00662207800807894 0.0207878598898243 0.0101957585644372 0.0171732783788425 0.019047619047619 0.00581868963109508 0 0
"типов" 0 0.00968523002421308 0 0 0.0407830342577488 0.120212948651898 0 0.00581868963109508 0 0
"трех" 0.00923361034164358 0.00968523002421308 0.00662207800807894 0.0415757197796487 0.0305872756933116 0.0429331959471063 0.0126984126984127 0.00581868963109508 0 0.0118028917084686
"условными" 0 0 0 0.0311817898347365 0.112153344208809 0.0515198351365276 0 0 0 0
"форму" 0 0.0193704600484262 0.0198662340242368 0 0.0101957585644372 0 0.0317460317460317 0.0407308274176655 0 0.0118028917084686
"цели" 0.0369344413665743 0.0290556900726392 0.00662207800807894 0.062363579669473 0 0.0257599175682638 0.019047619047619 0 0 0
"явлениями" 0 0 0.00662207800807894 0.0207878598898243 0.050978792822186 0.0171732783788425 0.0126984126984127 0.0174560688932852 0.0292697204741695 0.00590144585423429
"безусловным" 0 0 0 0.0415757197796487 0.0611745513866232 0.0772797527047913 0 0 0 0
"большим" 0.00923361034164358 0.00968523002421308 0.0198662340242368 0.0415757197796487 0.0101957585644372 0.0171732783788425 0 0.0116373792621902 0.0292697204741695 0.00590144585423429
"будто" 0.0184672206832872 0 0.0132441560161579 0 0 0 0.0126984126984127 0.0116373792621902 0.0439045807112542 0.0295072292711714
"видели" 0.0277008310249307 0.00968523002421308 0.0264883120323157 0.0207878598898243 0.0101957585644372 0.0171732783788425 0.00634920634920635 0 0 0.0295072292711714
"видим" 0.0277008310249307 0.0484261501210654 0.00662207800807894 0.0415757197796487 0.0203915171288744 0.00858663918942126 0.00634920634920635 0 0 0.0118028917084686
"внешними" 0 0.0193704600484262 0 0.0103939299449122 0.0407830342577488 0.00858663918942126 0.0253968253968254 0.0349121377865705 0 0.00590144585423429
"второй" 0.00923361034164358 0 0 0.0311817898347365 0.0203915171288744 0.0171732783788425 0 0.0174560688932852 0.00731743011854237 0.04131012097964
"вызвать" 0 0 0.00662207800807894 0 0 0 0.019047619047619 0 0.0585394409483389 0.04131012097964
"вызывают" 0 0 0.00662207800807894 0 0.0407830342577488 0.00858663918942126 0.019047619047619 0.00581868963109508 0.0365871505927118 0.0236057834169371
"выражение" 0.0461680517082179 0.0193704600484262 0.0198662340242368 0.0103939299449122 0 0 0.0126984126984127 0.00581868963109508 0.0219522903556271 0.0118028917084686
"выступает" 0.00923361034164358 0.0387409200968523 0.00662207800807894 0.0311817898347365 0.050978792822186 0.0257599175682638 0 0 0.00731743011854237 0.00590144585423429
"говорил" 0 0 0.0132441560161579 0 0 0 0 0.00581868963109508 0.0439045807112542 0.0590144585423429
"данной" 0.0184672206832872 0 0.0198662340242368 0.0207878598898243 0.0101957585644372 0.00858663918942126 0 0.00581868963109508 0.0146348602370847 0.04131012097964
"данных" 0.0184672206832872 0 0 0.0207878598898243 0 0.0171732783788425 0.019047619047619 0 0.00731743011854237 0.0531130126881086
"желания" 0 0 0.00662207800807894 0 0 0.00858663918942126 0 0.0989177237286163 0 0
"заметить" 0.00923361034164358 0.00968523002421308 0.0397324680484736 0 0.0101957585644372 0.0171732783788425 0.019047619047619 0.0232747585243803 0.00731743011854237 0
"зрительные" 0 0 0 0.0415757197796487 0 0 0.0380952380952381 0.0523682066798557 0 0
"иных" 0.00923361034164358 0.0871670702179177 0.0264883120323157 0 0 0.0171732783788425 0.00634920634920635 0 0 0.0118028917084686
"каждого" 0.00923361034164358 0.00968523002421308 0.0264883120323157 0 0 0 0.0126984126984127 0.0290934481554754 0.0146348602370847 0.0236057834169371
"каждой" 0.0277008310249307 0.00968523002421308 0.0198662340242368 0.0311817898347365 0.0101957585644372 0 0.0126984126984127 0.0116373792621902 0.0146348602370847 0.0118028917084686
"клетки" 0 0 0 0.062363579669473 0.0305872756933116 0.0515198351365276 0.019047619047619 0 0 0.00590144585423429
"л" 0.0184672206832872 0 0.00662207800807894 0 0 0 0.00634920634920635 0 0.0365871505927118 0.0590144585423429
"лягушке" 0 0 0 0 0 0 0.0634920634920635 0 0.0658568710668813 0
"мною" 0.00923361034164358 0 0.0132441560161579 0 0 0 0.019047619047619 0.0232747585243803 0.0658568710668813 0
"могли" 0 0.00968523002421308 0.0264883120323157 0.0103939299449122 0.0407830342577488 0.0171732783788425 0.019047619047619 0 0 0.0236057834169371
"мой" 0.0184672206832872 0 0.0595987020727104 0.0103939299449122 0 0 0 0.0407308274176655 0 0
"науки" 0.0369344413665743 0.0387409200968523 0 0 0.0101957585644372 0 0 0 0.0365871505927118 0.0295072292711714
"общей" 0.0184672206832872 0.0290556900726392 0 0.0311817898347365 0.0305872756933116 0.00858663918942126 0.0126984126984127 0 0.0219522903556271 0.0118028917084686
"общем" 0.0184672206832872 0.0484261501210654 0.00662207800807894 0 0.0101957585644372 0 0 0 0.0439045807112542 0.0236057834169371
"обществе" 0.00923361034164358 0.0290556900726392 0.0264883120323157 0 0.0101957585644372 0 0.0317460317460317 0.0232747585243803 0 0.00590144585423429
"определенную" 0 0 0.00662207800807894 0.0103939299449122 0.0101957585644372 0 0.019047619047619 0.0116373792621902 0.00731743011854237 0.0590144585423429
"остаются" 0.0184672206832872 0.00968523002421308 0.00662207800807894 0.062363579669473 0.0101957585644372 0.0257599175682638 0.00634920634920635 0.0116373792621902 0 0.0118028917084686
"поддерживать" 0.00923361034164358 0.0193704600484262 0 0.0103939299449122 0 0 0 0 0.0292697204741695 0.0649159043965772
"последних" 0.0184672206832872 0 0 0.0311817898347365 0 0.0257599175682638 0.0253968253968254 0.0174560688932852 0.0219522903556271 0.00590144585423429
"права" 0.0369344413665743 0.0968523002421307 0 0.0103939299449122 0.0203915171288744 0.0171732783788425 0 0 0 0
"правда" 0.0277008310249307 0 0.0331103900403947 0 0.0203915171288744 0.00858663918942126 0.019047619047619 0.00581868963109508 0.00731743011854237 0.0177043375627029
"представляют" 0.0277008310249307 0.0193704600484262 0.0264883120323157 0 0 0.0257599175682638 0.019047619047619 0.0174560688932852 0.00731743011854237 0
"принципа" 0 0 0 0.0415757197796487 0.0101957585644372 0 0.0126984126984127 0 0.0292697204741695 0.0472115668338743
"психологии" 0.0369344413665743 0.00968523002421308 0.0132441560161579 0.0207878598898243 0.0815660685154976 0 0.00634920634920635 0 0.00731743011854237 0
"разом" 0 0 0 0.0311817898347365 0.0101957585644372 0 0.0253968253968254 0.0640055859420458 0 0
"свет" 0.0184672206832872 0.0193704600484262 0 0.0103939299449122 0 0 0.0634920634920635 0.0174560688932852 0.00731743011854237 0
"сводится" 0 0.00968523002421308 0.0264883120323157 0.0207878598898243 0 0.00858663918942126 0.019047619047619 0.0407308274176655 0.00731743011854237 0
"сгибания" 0 0 0 0 0 0 0 0.0407308274176655 0.0878091614225084 0
"сильного" 0 0.00968523002421308 0 0.0207878598898243 0.0203915171288744 0.0429331959471063 0 0.0174560688932852 0.0292697204741695 0.0118028917084686
"сказано" 0.0184672206832872 0.00968523002421308 0 0.0103939299449122 0 0.0429331959471063 0.00634920634920635 0.0465495170487606 0 0.00590144585423429
"скорее" 0.00923361034164358 0 0 0.0207878598898243 0.0101957585644372 0.034346556757685 0.00634920634920635 0.0349121377865705 0.0146348602370847 0.0118028917084686
"следов" 0 0.00968523002421308 0 0 0 0.00858663918942126 0 0.0465495170487606 0.0585394409483389 0.00590144585423429
"способен" 0.00923361034164358 0 0.00662207800807894 0 0 0.00858663918942126 0.0126984126984127 0.0232747585243803 0.0365871505927118 0.0295072292711714
"страх" 0.0277008310249307 0 0.0463545460565525 0 0 0 0.0380952380952381 0.0174560688932852 0 0
"суммировать" 0 0 0 0.0103939299449122 0 0 0 0 0.0585394409483389 0.0590144585423429
"сферы" 0 0 0.0463545460565525 0 0 0 0.019047619047619 0.0290934481554754 0.0219522903556271 0.00590144585423429
"теле" 0.00923361034164358 0.00968523002421308 0 0 0.0101957585644372 0 0.0761904761904762 0 0.00731743011854237 0.0177043375627029
"тормозной" 0 0 0 0.0207878598898243 0.0917618270799347 0.0686931135153701 0 0 0 0
"физиолог" 0 0 0 0.0415757197796487 0.112153344208809 0.00858663918942126 0 0.00581868963109508 0.0146348602370847 0
"целого" 0.00923361034164358 0 0.0132441560161579 0.0207878598898243 0 0 0.0126984126984127 0.0465495170487606 0.0146348602370847 0.0118028917084686
"чему" 0.0461680517082179 0.0193704600484262 0.0331103900403947 0 0 0.00858663918942126 0.0126984126984127 0 0.0146348602370847 0.0118028917084686
"читателя" 0 0 0.00662207800807894 0 0 0 0.0444444444444444 0.0581868963109508 0 0.00590144585423429
"эффекты" 0 0 0 0 0 0.0686931135153701 0.00634920634920635 0 0.0219522903556271 0.04131012097964
"актом" 0 0 0.00662207800807894 0.0207878598898243 0 0.00858663918942126 0.0444444444444444 0.0349121377865705 0 0.00590144585423429
"борьба" 0 0.0774818401937046 0.00662207800807894 0 0.0203915171288744 0.00858663918942126 0 0 0 0.0354086751254057
"борьбы" 0 0.0871670702179177 0.0397324680484736 0 0.0101957585644372 0 0 0 0 0.0118028917084686
"ведет" 0 0 0.00662207800807894 0.0103939299449122 0.0203915171288744 0.0429331959471063 0.019047619047619 0.0290934481554754 0 0.00590144585423429
"величине" 0 0 0 0.0103939299449122 0.0203915171288744 0 0 0.0581868963109508 0.0146348602370847 0.0177043375627029
"впечатление" 0.0184672206832872 0 0.0132441560161579 0.0311817898347365 0 0 0.0126984126984127 0.0232747585243803 0.0292697204741695 0.00590144585423429
"вытекает" 0.0184672206832872 0 0 0 0 0.00858663918942126 0.0317460317460317 0.0581868963109508 0 0
"дать" 0.00923361034164358 0.00968523002421308 0.0132441560161579 0.0103939299449122 0.0101957585644372 0 0.00634920634920635 0.00581868963109508 0.0365871505927118 0.0295072292711714
"доминант" 0 0 0 0 0 0 0 0 0.0731743011854237 0.0472115668338743
"другому" 0.0184672206832872 0 0.0595987020727104 0.0103939299449122 0 0.00858663918942126 0.0253968253968254 0.00581868963109508 0 0
"живой" 0.0646352723915051 0.00968523002421308 0.00662207800807894 0.0103939299449122 0.0203915171288744 0.0257599175682638 0 0 0.00731743011854237 0.0118028917084686
"животные" 0.00923361034164358 0 0 0 0.0815660685154976 0.0686931135153701 0.00634920634920635 0 0 0
"жизнью" 0.0923361034164358 0.00968523002421308 0 0 0 0 0.00634920634920635 0.0116373792621902 0.0146348602370847 0.0118028917084686
"знать" 0.0277008310249307 0 0.00662207800807894 0.0519696497245609 0.0305872756933116 0.034346556757685 0.00634920634920635 0 0 0.00590144585423429
"идеи" 0.00923361034164358 0 0.099331170121184 0.0103939299449122 0 0.00858663918942126 0 0 0 0
"каком" 0.0184672206832872 0.00968523002421308 0 0.0103939299449122 0.0203915171288744 0.0171732783788425 0.019047619047619 0.0232747585243803 0 0.0177043375627029
"клеток" 0 0 0 0.0727575096143852 0.0305872756933116 0.0171732783788425 0.0380952380952381 0 0 0
"легче" 0 0 0.0132441560161579 0.0103939299449122 0.0101957585644372 0 0.00634920634920635 0.0290934481554754 0.00731743011854237 0.04131012097964
"могло" 0 0.0387409200968523 0 0.0207878598898243 0.0203915171288744 0.0429331959471063 0.00634920634920635 0 0.00731743011854237 0.0177043375627029
"навсегда" 0.0461680517082179 0 0 0 0.0203915171288744 0.034346556757685 0 0 0.0365871505927118 0.0118028917084686
"назвать" 0 0 0.0132441560161579 0 0.0305872756933116 0.00858663918942126 0 0.00581868963109508 0.00731743011854237 0.0590144585423429
"науке" 0.00923361034164358 0.0387409200968523 0.0132441560161579 0 0.0101957585644372 0 0.0253968253968254 0 0.0439045807112542 0
"началом" 0.0554016620498615 0 0.00662207800807894 0.0415757197796487 0 0.00858663918942126 0.00634920634920635 0.0174560688932852 0 0.0118028917084686
"недавно" 0.0369344413665743 0.0387409200968523 0.0264883120323157 0.0207878598898243 0.0203915171288744 0 0 0.00581868963109508 0 0.00590144585423429
"независимо" 0 0.00968523002421308 0.0264883120323157 0 0.0101957585644372 0 0.0380952380952381 0.0174560688932852 0.00731743011854237 0.0118028917084686
"несомненно" 0.0461680517082179 0.00968523002421308 0.0331103900403947 0.0311817898347365 0.0101957585644372 0.00858663918942126 0 0 0 0.0118028917084686
"органы" 0.0369344413665743 0 0.0198662340242368 0.0103939299449122 0 0 0 0.0174560688932852 0.0292697204741695 0.0177043375627029
"очередь" 0.0554016620498615 0.00968523002421308 0.00662207800807894 0 0 0.00858663918942126 0.00634920634920635 0.0116373792621902 0.0365871505927118 0.00590144585423429
"постоянное" 0.0184672206832872 0.00968523002421308 0.00662207800807894 0.0311817898347365 0.0305872756933116 0 0 0 0.0146348602370847 0.0354086751254057
"произвольных" 0 0 0.00662207800807894 0 0 0 0.0507936507936508 0.0523682066798557 0 0
"процессе" 0.00923361034164358 0.00968523002421308 0 0.0103939299449122 0.0305872756933116 0.034346556757685 0 0.0290934481554754 0.0219522903556271 0
"развивается" 0.0184672206832872 0.0193704600484262 0.00662207800807894 0 0 0.0171732783788425 0.019047619047619 0.0290934481554754 0.0219522903556271 0
"рефлексом" 0 0 0 0 0.0611745513866232 0.0772797527047913 0 0.0116373792621902 0 0.00590144585423429
"рта" 0 0 0.00662207800807894 0 0.050978792822186 0.0601064743259488 0.0253968253968254 0.00581868963109508 0 0
"рук" 0 0 0.00662207800807894 0.0207878598898243 0 0 0.0698412698412698 0.0232747585243803 0 0
"сама" 0.0461680517082179 0.00968523002421308 0.00662207800807894 0.0207878598898243 0.0101957585644372 0.034346556757685 0.00634920634920635 0 0.00731743011854237 0.0118028917084686
"слабом" 0 0.00968523002421308 0 0 0.0305872756933116 0.0772797527047913 0.0126984126984127 0.0174560688932852 0 0
"служит" 0.0369344413665743 0.0387409200968523 0.0264883120323157 0.0207878598898243 0.0101957585644372 0.00858663918942126 0.00634920634920635 0.00581868963109508 0 0
"сомневаться" 0.0184672206832872 0.0484261501210654 0.0331103900403947 0.0207878598898243 0 0 0.019047619047619 0 0 0.00590144585423429
"спинном" 0 0 0 0.0103939299449122 0 0 0.0507936507936508 0.00581868963109508 0.0365871505927118 0.0177043375627029
"среде" 0 0.0484261501210654 0.00662207800807894 0.0103939299449122 0.0203915171288744 0.0171732783788425 0 0 0.0146348602370847 0.0295072292711714
"точку" 0 0.00968523002421308 0 0.0103939299449122 0 0.0171732783788425 0.0126984126984127 0.0290934481554754 0 0.04131012097964
"условии" 0 0 0.0132441560161579 0.0103939299449122 0.0203915171288744 0.00858663918942126 0.0444444444444444 0.0116373792621902 0.00731743011854237 0.0118028917084686
"форм" 0.0277008310249307 0.0193704600484262 0.00662207800807894 0.0103939299449122 0 0.0515198351365276 0.00634920634920635 0.00581868963109508 0.0146348602370847 0.00590144585423429
"целом" 0.00923361034164358 0.0290556900726392 0 0 0.0101957585644372 0.00858663918942126 0 0.0116373792621902 0.0219522903556271 0.04131012097964
"черты" 0.00923361034164358 0.00968523002421308 0.0198662340242368 0.0311817898347365 0 0.0429331959471063 0 0.00581868963109508 0.0292697204741695 0
"аппаратов" 0 0 0 0 0.0101957585644372 0 0.0380952380952381 0.0465495170487606 0.00731743011854237 0.00590144585423429
"б" 0.00923361034164358 0.00968523002421308 0.099331170121184 0 0 0 0 0 0 0
"вещества" 0.0277008310249307 0 0 0.0103939299449122 0.0305872756933116 0.0257599175682638 0 0 0.0219522903556271 0.0236057834169371
"внешнее" 0.00923361034164358 0 0 0 0.0101957585644372 0 0.0380952380952381 0.0349121377865705 0.00731743011854237 0.0118028917084686
"возбуждении" 0 0 0 0 0.0101957585644372 0 0.0253968253968254 0.0290934481554754 0.0219522903556271 0.0236057834169371
"вопросе" 0.0369344413665743 0.0484261501210654 0.0198662340242368 0.0103939299449122 0 0.00858663918942126 0.00634920634920635 0 0 0.0118028917084686
"впечатлений" 0 0 0.0198662340242368 0 0.0101957585644372 0 0.019047619047619 0.0290934481554754 0.00731743011854237 0.0236057834169371
"впечатления" 0 0 0.0264883120323157 0 0.0101957585644372 0 0.0126984126984127 0.0407308274176655 0.0219522903556271 0
"глазах" 0.00923361034164358 0.0290556900726392 0.0331103900403947 0.0207878598898243 0.0101957585644372 0.0257599175682638 0 0.00581868963109508 0 0.00590144585423429
"данном" 0.00923361034164358 0 0.00662207800807894 0.0311817898347365 0.0305872756933116 0.0171732783788425 0.0126984126984127 0 0 0.0295072292711714
"действии" 0 0.00968523002421308 0.0198662340242368 0.0103939299449122 0.0101957585644372 0.0686931135153701 0.00634920634920635 0 0.00731743011854237 0.00590144585423429
"делать" 0 0.00968523002421308 0.0132441560161579 0.0103939299449122 0.0305872756933116 0.0257599175682638 0.0126984126984127 0.0116373792621902 0.0146348602370847 0.00590144585423429
"задачи" 0.00923361034164358 0.0193704600484262 0 0.0415757197796487 0.0101957585644372 0.0429331959471063 0.00634920634920635 0 0.0219522903556271 0
"законы" 0.0277008310249307 0 0.00662207800807894 0 0.0305872756933116 0.00858663918942126 0.0126984126984127 0.0232747585243803 0.0219522903556271 0
"звуки" 0 0 0.00662207800807894 0.0103939299449122 0.050978792822186 0.0171732783788425 0.0253968253968254 0.0232747585243803 0 0
"значительной" 0 0 0.0331103900403947 0.0207878598898243 0 0.034346556757685 0 0.0116373792621902 0.0292697204741695 0
"зрительно" 0 0 0 0 0 0 0.0317460317460317 0.0640055859420458 0.00731743011854237 0
"зрительное" 0 0 0 0.0103939299449122 0 0.00858663918942126 0.019047619047619 0.0698242755731409 0 0
"испуга" 0 0 0 0 0 0 0.101587301587302 0.00581868963109508 0 0
"исследование" 0 0 0 0.062363579669473 0.050978792822186 0.00858663918942126 0.0126984126984127 0 0.0219522903556271 0
"крайне" 0.00923361034164358 0.00968523002421308 0.0331103900403947 0 0 0.0429331959471063 0.0126984126984127 0 0.00731743011854237 0.0118028917084686
"места" 0 0.00968523002421308 0.00662207800807894 0.0207878598898243 0.0101957585644372 0 0.019047619047619 0.0174560688932852 0.00731743011854237 0.0295072292711714
"механизмов" 0 0.00968523002421308 0 0 0.0101957585644372 0.00858663918942126 0.0507936507936508 0.0349121377865705 0 0
"наступает" 0.0184672206832872 0 0.0198662340242368 0.0311817898347365 0.0101957585644372 0.034346556757685 0 0 0.0146348602370847 0.0118028917084686
"начинается" 0 0.0290556900726392 0 0 0.0203915171288744 0.0171732783788425 0.00634920634920635 0.0174560688932852 0.00731743011854237 0.0295072292711714
"невольного" 0 0 0.0595987020727104 0 0 0 0.0507936507936508 0 0 0
"нормального" 0.0184672206832872 0.0193704600484262 0.00662207800807894 0.0103939299449122 0 0.00858663918942126 0.0253968253968254 0 0.00731743011854237 0.0295072292711714
"определенный" 0.0184672206832872 0 0 0 0.0407830342577488 0 0 0.0174560688932852 0.0365871505927118 0.0177043375627029
"основания" 0.0369344413665743 0.00968523002421308 0.0132441560161579 0.0207878598898243 0.0305872756933116 0.00858663918942126 0.00634920634920635 0 0.0219522903556271 0
"отношений" 0.00923361034164358 0.0193704600484262 0 0.0207878598898243 0.0815660685154976 0 0 0.00581868963109508 0.00731743011854237 0.0118028917084686
"ощущением" 0 0 0 0 0 0 0.0126984126984127 0.0872803444664262 0 0
"первого" 0 0.0193704600484262 0.00662207800807894 0 0.0203915171288744 0.00858663918942126 0.0253968253968254 0.0290934481554754 0.0146348602370847 0
"последствия" 0.00923361034164358 0.00968523002421308 0.0397324680484736 0 0 0 0.00634920634920635 0.0116373792621902 0 0.0354086751254057
"примере" 0 0 0.00662207800807894 0.0103939299449122 0.0101957585644372 0.00858663918942126 0.019047619047619 0.0407308274176655 0.0146348602370847 0.00590144585423429
"примеры" 0.00923361034164358 0.00968523002421308 0.0529766240646315 0 0 0.00858663918942126 0.0126984126984127 0.0116373792621902 0 0.0118028917084686
"природа" 0.0461680517082179 0.0290556900726392 0.0198662340242368 0 0 0 0 0 0.0146348602370847 0.0236057834169371
"прямой" 0.0184672206832872 0 0 0.0103939299449122 0.0101957585644372 0 0.0126984126984127 0.0116373792621902 0.0219522903556271 0.0354086751254057
"развитию" 0.0184672206832872 0.116222760290557 0.0132441560161579 0 0 0 0 0 0 0.00590144585423429
"разумеется" 0.0184672206832872 0.0290556900726392 0.0397324680484736 0.0311817898347365 0 0 0.00634920634920635 0.0116373792621902 0 0
"ред" 0 0 0 0 0 0 0 0 0.0878091614225084 0.0295072292711714
"речи" 0.0369344413665743 0 0.0198662340242368 0 0.0101957585644372 0 0 0.0116373792621902 0.0512220108297966 0
"самих" 0.0369344413665743 0.00968523002421308 0.0198662340242368 0 0.0305872756933116 0.00858663918942126 0 0 0.0146348602370847 0.0177043375627029
"связей" 0 0 0 0.0519696497245609 0.0611745513866232 0 0 0 0.00731743011854237 0.0295072292711714
"сил" 0 0.0484261501210654 0.0132441560161579 0 0 0 0.0126984126984127 0 0 0.0472115668338743
"слово" 0.0277008310249307 0.0290556900726392 0.0132441560161579 0 0.0407830342577488 0 0.0253968253968254 0 0 0.00590144585423429
"смотреть" 0.0184672206832872 0 0 0 0 0.00858663918942126 0.0507936507936508 0.0290934481554754 0 0.00590144585423429
"сожалению" 0 0.0484261501210654 0.00662207800807894 0 0 0.00858663918942126 0.0253968253968254 0.00581868963109508 0.0146348602370847 0.0177043375627029
"состоит" 0.00923361034164358 0.00968523002421308 0.00662207800807894 0.0415757197796487 0.0305872756933116 0.00858663918942126 0.00634920634920635 0.0174560688932852 0 0.0118028917084686
"стали" 0 0.0193704600484262 0.0529766240646315 0 0 0.0257599175682638 0 0 0.00731743011854237 0.0177043375627029
"страсти" 0 0 0 0.0103939299449122 0 0 0.019047619047619 0.075642965204236 0 0
"субъекта" 0 0 0.112575326137342 0 0 0 0 0 0 0
"существенно" 0 0.0387409200968523 0.0132441560161579 0 0.0305872756933116 0 0.00634920634920635 0 0.0512220108297966 0
"типа" 0 0 0 0 0.050978792822186 0.0772797527047913 0 0.00581868963109508 0.00731743011854237 0.00590144585423429
"торможению" 0 0 0 0 0.0101957585644372 0.0171732783788425 0 0 0.0439045807112542 0.0472115668338743
"труда" 0.0369344413665743 0.0774818401937046 0.0132441560161579 0 0.0101957585644372 0 0.00634920634920635 0.00581868963109508 0 0
"убеждения" 0.00923361034164358 0.00968523002421308 0.0794649360969472 0 0 0.00858663918942126 0 0 0.0146348602370847 0
"участия" 0.00923361034164358 0 0.0662207800807894 0.0207878598898243 0 0 0.00634920634920635 0.0116373792621902 0 0.00590144585423429
"фазы" 0 0 0 0.0103939299449122 0.0407830342577488 0.00858663918942126 0.00634920634920635 0.0349121377865705 0.0292697204741695 0
"фактор" 0 0.0193704600484262 0.0331103900403947 0.0103939299449122 0 0 0 0 0.0146348602370847 0.04131012097964
"физиологических" 0 0 0 0.0311817898347365 0.0203915171288744 0.0257599175682638 0.0126984126984127 0.00581868963109508 0.0219522903556271 0.0177043375627029
"s" 0 0 0 0 0 0 0 0 0.0878091614225084 0.0295072292711714
"ассоциация" 0 0 0.00662207800807894 0.0207878598898243 0 0 0 0.075642965204236 0 0
"больных" 0 0 0.0728428580888683 0 0.0305872756933116 0.00858663918942126 0.00634920634920635 0 0 0
"будущем" 0.0923361034164358 0 0 0 0 0 0.00634920634920635 0.00581868963109508 0 0.0236057834169371
"вам" 0.00923361034164358 0 0.0132441560161579 0 0 0 0.0380952380952381 0 0.0146348602370847 0.0295072292711714
"введенский" 0 0 0 0 0 0 0 0 0.0219522903556271 0.0767187961050457
"видите" 0.00923361034164358 0.00968523002421308 0.00662207800807894 0 0 0 0.0253968253968254 0 0.00731743011854237 0.0472115668338743
"внутренних" 0.0184672206832872 0.00968523002421308 0 0.0415757197796487 0.050978792822186 0 0.00634920634920635 0.0174560688932852 0 0
"возникает" 0.0184672206832872 0.00968523002421308 0.0264883120323157 0 0.0305872756933116 0.00858663918942126 0.00634920634920635 0 0.00731743011854237 0.0177043375627029
"вопросы" 0.00923361034164358 0.0193704600484262 0.0132441560161579 0 0.0305872756933116 0.0171732783788425 0 0.0232747585243803 0.00731743011854237 0.00590144585423429
"головной" 0 0 0 0 0 0 0.0825396825396825 0.00581868963109508 0.0146348602370847 0
"голову" 0 0.00968523002421308 0.00662207800807894 0 0 0 0.0444444444444444 0.00581868963109508 0.00731743011854237 0.0295072292711714
"действием" 0.00923361034164358 0 0.0132441560161579 0.0311817898347365 0.0305872756933116 0.0429331959471063 0 0.00581868963109508 0 0.00590144585423429
"действующих" 0.00923361034164358 0.00968523002421308 0 0.0103939299449122 0 0.0257599175682638 0.019047619047619 0.00581868963109508 0.0292697204741695 0.0118028917084686
"едва" 0 0.0193704600484262 0 0.0207878598898243 0.0305872756933116 0.00858663918942126 0.0317460317460317 0.0116373792621902 0.00731743011854237 0
"желание" 0.00923361034164358 0 0.0132441560161579 0 0 0 0 0.075642965204236 0 0
"животном" 0.00923361034164358 0 0 0.0207878598898243 0.0407830342577488 0 0.0126984126984127 0.00581868963109508 0.0146348602370847 0.0236057834169371
"заключение" 0.00923361034164358 0 0 0.0103939299449122 0.050978792822186 0.00858663918942126 0.0126984126984127 0.0290934481554754 0 0.00590144585423429
"закон" 0.0738688827331487 0 0 0 0.050978792822186 0 0 0.0174560688932852 0 0
"значении" 0 0.0193704600484262 0.00662207800807894 0.0207878598898243 0 0.00858663918942126 0 0 0.0365871505927118 0.0295072292711714
"известный" 0.0184672206832872 0 0.0331103900403947 0 0 0.0171732783788425 0 0.0116373792621902 0.0292697204741695 0.00590144585423429
"каждая" 0.0369344413665743 0.0290556900726392 0.00662207800807894 0 0 0.00858663918942126 0.00634920634920635 0.0174560688932852 0 0.0177043375627029
"машины" 0.0184672206832872 0 0 0.0103939299449122 0 0 0.0761904761904762 0 0 0.00590144585423429
"могу" 0 0 0.00662207800807894 0.0311817898347365 0.0101957585644372 0 0.00634920634920635 0.0349121377865705 0.00731743011854237 0.0177043375627029
"мыслью" 0.0184672206832872 0.00968523002421308 0 0 0 0.00858663918942126 0.0380952380952381 0.0349121377865705 0 0
"называется" 0.0184672206832872 0 0.0132441560161579 0 0.0713703099510604 0 0.0253968253968254 0.00581868963109508 0 0
"насколько" 0 0 0.00662207800807894 0 0 0 0.0126984126984127 0.0116373792621902 0.0365871505927118 0.0354086751254057
"настоящее" 0.00923361034164358 0.00968523002421308 0.0331103900403947 0.0311817898347365 0.050978792822186 0 0 0 0 0.00590144585423429
"нервы" 0 0.00968523002421308 0.00662207800807894 0 0.0305872756933116 0 0.0634920634920635 0.00581868963109508 0 0
"ничто" 0.0646352723915051 0.0290556900726392 0.0198662340242368 0.0103939299449122 0 0.00858663918942126 0 0 0 0.00590144585423429
"одну" 0.00923361034164358 0 0.0198662340242368 0 0.0101957585644372 0.00858663918942126 0 0.0349121377865705 0 0.0236057834169371
"определенного" 0.0184672206832872 0 0.00662207800807894 0.0207878598898243 0.0305872756933116 0.0171732783788425 0.00634920634920635 0 0.0219522903556271 0.0118028917084686
"опытах" 0 0 0 0.0415757197796487 0.0713703099510604 0.034346556757685 0 0 0.00731743011854237 0
"отношению" 0.0184672206832872 0.0484261501210654 0.0331103900403947 0 0 0 0.00634920634920635 0 0 0.0177043375627029
"оттого" 0.00923361034164358 0 0.00662207800807894 0.0103939299449122 0 0 0.019047619047619 0.0349121377865705 0.0292697204741695 0
"первое" 0 0 0 0 0.0203915171288744 0.034346556757685 0.0253968253968254 0.0174560688932852 0.0146348602370847 0.00590144585423429
"первые" 0 0.00968523002421308 0 0.0103939299449122 0.0305872756933116 0.0429331959471063 0.0126984126984127 0.0232747585243803 0 0
"полном" 0 0 0.0264883120323157 0 0 0.0171732783788425 0.0126984126984127 0.0116373792621902 0.0292697204741695 0.0118028917084686
"понимать" 0.00923361034164358 0.0193704600484262 0.0198662340242368 0.0311817898347365 0.0101957585644372 0.0171732783788425 0.00634920634920635 0 0.0146348602370847 0.00590144585423429
"правильно" 0 0.0677966101694915 0 0.0207878598898243 0.0101957585644372 0.0257599175682638 0.00634920634920635 0 0.00731743011854237 0.00590144585423429
"пред" 0.00923361034164358 0.0290556900726392 0.0397324680484736 0.0103939299449122 0.0101957585644372 0 0.00634920634920635 0.00581868963109508 0.0146348602370847 0
"привести" 0.0184672206832872 0 0.0198662340242368 0 0.0101957585644372 0.00858663918942126 0.0126984126984127 0.00581868963109508 0.0146348602370847 0.0236057834169371
"примером" 0 0.0387409200968523 0.0397324680484736 0.0207878598898243 0 0 0.00634920634920635 0.0116373792621902 0 0.00590144585423429
"примеч" 0 0 0 0 0 0 0 0 0.0878091614225084 0.0236057834169371
"природе" 0.0277008310249307 0.00968523002421308 0.0132441560161579 0.0103939299449122 0 0.00858663918942126 0 0.0116373792621902 0.00731743011854237 0.0295072292711714
"рефлексах" 0 0 0 0.0311817898347365 0.050978792822186 0.00858663918942126 0.00634920634920635 0.00581868963109508 0.00731743011854237 0.0236057834169371
"руку" 0 0 0.0397324680484736 0 0.0101957585644372 0 0.00634920634920635 0.0290934481554754 0.0146348602370847 0.00590144585423429
"ряда" 0.0461680517082179 0.00968523002421308 0.0132441560161579 0.0103939299449122 0 0 0 0.0116373792621902 0 0.0295072292711714
"сильный" 0 0.00968523002421308 0.00662207800807894 0 0.0101957585644372 0.0686931135153701 0.019047619047619 0.00581868963109508 0 0.00590144585423429
"систему" 0.00923361034164358 0.0193704600484262 0 0.0207878598898243 0.050978792822186 0 0 0.00581868963109508 0 0.0295072292711714
"сказанного" 0.00923361034164358 0.00968523002421308 0 0 0 0.00858663918942126 0.0444444444444444 0.0290934481554754 0 0.00590144585423429
"сложных" 0.00923361034164358 0 0 0.0519696497245609 0.0101957585644372 0.00858663918942126 0.0317460317460317 0 0.0146348602370847 0.00590144585423429
"сна" 0.00923361034164358 0 0.0397324680484736 0.0103939299449122 0 0 0.0444444444444444 0.00581868963109508 0 0
"собаке" 0 0 0 0 0.0305872756933116 0.103039670273055 0 0 0.00731743011854237 0
"соответствует" 0 0.0193704600484262 0 0 0.0101957585644372 0.0429331959471063 0.019047619047619 0.0174560688932852 0.00731743011854237 0.00590144585423429
"способностью" 0 0 0 0 0 0.00858663918942126 0.0126984126984127 0.0640055859420458 0.00731743011854237 0.00590144585423429
"страха" 0.0277008310249307 0 0.0264883120323157 0 0 0 0.0444444444444444 0.0116373792621902 0 0
"сюда" 0 0.00968523002421308 0.00662207800807894 0 0.0101957585644372 0.00858663918942126 0.0317460317460317 0.0174560688932852 0.0146348602370847 0.0118028917084686
"условиям" 0.00923361034164358 0.0387409200968523 0.0132441560161579 0 0 0.0171732783788425 0.019047619047619 0 0.00731743011854237 0.0177043375627029
"условиями" 0.00923361034164358 0.0581113801452785 0.0132441560161579 0.0103939299449122 0.0203915171288744 0.00858663918942126 0 0.00581868963109508 0.00731743011854237 0.00590144585423429
"учения" 0.0369344413665743 0.0290556900726392 0.00662207800807894 0 0.0101957585644372 0.00858663918942126 0 0.00581868963109508 0.0219522903556271 0.0118028917084686
"фактически" 0 0 0 0.062363579669473 0.0101957585644372 0.00858663918942126 0 0 0.0219522903556271 0.0295072292711714
"физиологическое" 0 0 0 0.0311817898347365 0.0713703099510604 0.0257599175682638 0.00634920634920635 0 0.0146348602370847 0
"физиология" 0 0 0 0.0207878598898243 0.050978792822186 0.0257599175682638 0.0126984126984127 0 0.0292697204741695 0
"ход" 0.00923361034164358 0 0 0 0.0203915171288744 0.0171732783788425 0.0126984126984127 0 0 0.0531130126881086
"хорошо" 0 0.00968523002421308 0.0132441560161579 0.0311817898347365 0.0101957585644372 0.0171732783788425 0 0.00581868963109508 0.0219522903556271 0.0177043375627029
"частоты" 0 0 0 0.0103939299449122 0 0 0 0.0465495170487606 0.0146348602370847 0.0295072292711714
"человеке" 0.0369344413665743 0 0.0132441560161579 0 0 0 0.0444444444444444 0.0116373792621902 0 0.00590144585423429
"чувственного" 0 0 0 0 0 0 0.0761904761904762 0.0232747585243803 0 0
"агента" 0 0 0 0.0207878598898243 0.050978792822186 0.0686931135153701 0 0 0 0
"антагонистов" 0 0 0 0 0 0 0.00634920634920635 0.0232747585243803 0.0585394409483389 0.0118028917084686
"борьбе" 0.0184672206832872 0.0968523002421307 0.00662207800807894 0 0.0101957585644372 0 0 0.00581868963109508 0 0
"величина" 0 0 0 0 0.0101957585644372 0.0171732783788425 0.00634920634920635 0.00581868963109508 0.0512220108297966 0.0177043375627029
"возбуждением" 0 0 0 0 0 0.00858663918942126 0.0317460317460317 0.0174560688932852 0.0292697204741695 0.0118028917084686
"вопросов" 0.0184672206832872 0.00968523002421308 0.00662207800807894 0.0207878598898243 0.0203915171288744 0.034346556757685 0 0.00581868963109508 0.00731743011854237 0.00590144585423429
"воспитания" 0.00923361034164358 0.0290556900726392 0 0 0 0.0171732783788425 0.019047619047619 0.0290934481554754 0 0.00590144585423429
"вперед" 0.00923361034164358 0.0193704600484262 0.00662207800807894 0.0207878598898243 0 0.0171732783788425 0 0.00581868963109508 0.0219522903556271 0.0177043375627029
"данные" 0 0 0 0.0311817898347365 0.0203915171288744 0 0 0 0.0439045807112542 0.0236057834169371
"женщины" 0.00923361034164358 0 0.0529766240646315 0 0 0 0.00634920634920635 0.0290934481554754 0 0
"звука" 0 0 0 0 0 0 0.0253968253968254 0.0640055859420458 0 0
"иннервации" 0 0 0 0 0 0 0 0 0.0658568710668813 0.0354086751254057
"исключения" 0 0 0 0.0207878598898243 0 0 0.0380952380952381 0.0116373792621902 0 0.0295072292711714
"каждом" 0.00923361034164358 0.00968523002421308 0 0.0207878598898243 0 0.0257599175682638 0.0253968253968254 0.0116373792621902 0 0.0118028917084686
"конечностей" 0 0 0.0132441560161579 0 0 0 0.0317460317460317 0 0.0219522903556271 0.0295072292711714
"конца" 0.0184672206832872 0 0 0.0103939299449122 0.0101957585644372 0.00858663918942126 0 0.0349121377865705 0.0219522903556271 0.00590144585423429
"лаборатории" 0 0 0 0 0 0.0515198351365276 0.00634920634920635 0 0.00731743011854237 0.04131012097964
"лицами" 0.00923361034164358 0.0193704600484262 0.0728428580888683 0 0 0 0 0 0 0.00590144585423429
"людьми" 0.0554016620498615 0 0.0198662340242368 0 0.0101957585644372 0 0.019047619047619 0.0116373792621902 0 0
"лягушка" 0 0 0 0.0103939299449122 0 0 0.0888888888888889 0 0 0
"материал" 0.00923361034164358 0.00968523002421308 0 0.0519696497245609 0.0305872756933116 0.034346556757685 0.00634920634920635 0 0 0
"материи" 0.138504155124654 0 0 0 0 0 0 0 0 0
"меньшей" 0.00923361034164358 0.00968523002421308 0.0264883120323157 0.0103939299449122 0 0.034346556757685 0 0 0.0292697204741695 0
"минуты" 0 0 0 0.0207878598898243 0.0101957585644372 0.0601064743259488 0 0.0290934481554754 0 0
"моей" 0 0 0 0.0207878598898243 0 0.00858663918942126 0.00634920634920635 0.0116373792621902 0.0292697204741695 0.0295072292711714
"мышления" 0.00923361034164358 0.0290556900726392 0.0132441560161579 0 0.0203915171288744 0.0171732783788425 0 0.0174560688932852 0.00731743011854237 0.00590144585423429
"название" 0 0 0.0132441560161579 0 0.0305872756933116 0.00858663918942126 0.0253968253968254 0.00581868963109508 0.00731743011854237 0.0177043375627029
"нашем" 0.0184672206832872 0 0.0132441560161579 0.0311817898347365 0.0203915171288744 0.00858663918942126 0.00634920634920635 0.0174560688932852 0 0.00590144585423429
"нечего" 0.0184672206832872 0.0193704600484262 0.0132441560161579 0 0 0.00858663918942126 0.0253968253968254 0.0232747585243803 0 0
"никакого" 0.0277008310249307 0.0193704600484262 0.0198662340242368 0.0311817898347365 0 0 0 0.00581868963109508 0.0146348602370847 0.00590144585423429
"общие" 0.0184672206832872 0.00968523002421308 0 0.0103939299449122 0.0305872756933116 0.0171732783788425 0 0.00581868963109508 0.0146348602370847 0.0177043375627029
"общих" 0.00923361034164358 0.0581113801452785 0 0.0103939299449122 0 0.00858663918942126 0 0.0232747585243803 0.00731743011854237 0.00590144585423429
"объясняется" 0 0.00968523002421308 0.0132441560161579 0 0 0 0.0317460317460317 0.0349121377865705 0.00731743011854237 0
"одному" 0.00923361034164358 0.00968523002421308 0.0198662340242368 0.0103939299449122 0.0101957585644372 0.00858663918942126 0.019047619047619 0.00581868963109508 0.0146348602370847 0.00590144585423429
"окружающих" 0.0277008310249307 0 0.0463545460565525 0.0103939299449122 0 0 0.0126984126984127 0.00581868963109508 0.00731743011854237 0
"остальных" 0 0 0.00662207800807894 0.0103939299449122 0.0407830342577488 0.034346556757685 0.00634920634920635 0.0116373792621902 0 0.0118028917084686
"ответ" 0 0.00968523002421308 0 0.0311817898347365 0.0305872756933116 0.0171732783788425 0.00634920634920635 0.0116373792621902 0.00731743011854237 0.0118028917084686
"падает" 0 0 0 0.0103939299449122 0 0.034346556757685 0.0253968253968254 0.0174560688932852 0.00731743011854237 0.0118028917084686
"повторяется" 0 0.00968523002421308 0.00662207800807894 0 0.0101957585644372 0 0.0380952380952381 0.0349121377865705 0 0
"повышенной" 0 0 0 0 0.0101957585644372 0.0257599175682638 0 0 0.0585394409483389 0.0177043375627029
"полного" 0.00923361034164358 0.00968523002421308 0.0132441560161579 0.0415757197796487 0.0203915171288744 0.0257599175682638 0.00634920634920635 0.00581868963109508 0 0
"полное" 0.0554016620498615 0.00968523002421308 0.0198662340242368 0.0207878598898243 0.0203915171288744 0.00858663918942126 0 0 0 0
"положении" 0 0 0.00662207800807894 0.0207878598898243 0.0101957585644372 0.00858663918942126 0.019047619047619 0.0116373792621902 0.0146348602370847 0.0177043375627029
"положения" 0.0184672206832872 0.0581113801452785 0 0.0103939299449122 0 0.00858663918942126 0.00634920634920635 0 0.0146348602370847 0.0118028917084686
"порядке" 0 0 0 0 0.0101957585644372 0.00858663918942126 0 0.00581868963109508 0.0292697204741695 0.0472115668338743
"предметом" 0.00923361034164358 0.00968523002421308 0.0132441560161579 0 0.0101957585644372 0.034346556757685 0.0126984126984127 0.0174560688932852 0.00731743011854237 0
"представляется" 0 0.0387409200968523 0.0397324680484736 0.0311817898347365 0 0 0 0 0.0146348602370847 0
"принадлежит" 0 0.00968523002421308 0.00662207800807894 0.0103939299449122 0.0101957585644372 0.00858663918942126 0.019047619047619 0.0232747585243803 0.0146348602370847 0.00590144585423429
"принципу" 0 0 0 0 0 0.00858663918942126 0 0 0.00731743011854237 0.0767187961050457
"причины" 0.00923361034164358 0.0193704600484262 0.00662207800807894 0.0207878598898243 0.0101957585644372 0.00858663918942126 0.00634920634920635 0.0290934481554754 0 0.00590144585423429
"продолжается" 0.0184672206832872 0 0.00662207800807894 0 0 0.00858663918942126 0.0126984126984127 0.0174560688932852 0.0292697204741695 0.0118028917084686
"производить" 0.00923361034164358 0 0.0264883120323157 0.0103939299449122 0 0 0.019047619047619 0.0116373792621902 0.00731743011854237 0.0177043375627029
"происходят" 0.00923361034164358 0.0193704600484262 0.0132441560161579 0.0103939299449122 0 0.00858663918942126 0.0444444444444444 0 0 0.00590144585423429
"простой" 0 0.0193704600484262 0.00662207800807894 0.0207878598898243 0.0101957585644372 0.0429331959471063 0 0.0116373792621902 0.00731743011854237 0.00590144585423429
"простых" 0 0 0.00662207800807894 0.0207878598898243 0.0305872756933116 0.0171732783788425 0.0126984126984127 0.00581868963109508 0.0146348602370847 0.0118028917084686
"психический" 0 0.00968523002421308 0.00662207800807894 0 0 0 0.0317460317460317 0.0465495170487606 0 0
"психическим" 0 0.0193704600484262 0.0132441560161579 0 0.0101957585644372 0 0.0317460317460317 0.0290934481554754 0 0
"психическое" 0 0.00968523002421308 0.0264883120323157 0 0.0203915171288744 0 0.0253968253968254 0.0174560688932852 0.00731743011854237 0
"пункте" 0 0 0 0.0207878598898243 0.0713703099510604 0.00858663918942126 0 0 0 0.0295072292711714
"самосознания" 0 0.0193704600484262 0 0 0 0 0.019047619047619 0.0581868963109508 0 0
"скажем" 0 0.0387409200968523 0 0 0 0 0 0 0.0219522903556271 0.0472115668338743
"следующее" 0 0 0.00662207800807894 0.0207878598898243 0.0101957585644372 0.034346556757685 0.00634920634920635 0.0232747585243803 0 0.0118028917084686
"слухового" 0 0 0 0.0207878598898243 0 0 0.0444444444444444 0.0349121377865705 0 0
"соответствующих" 0.00923361034164358 0 0.00662207800807894 0.0415757197796487 0.0203915171288744 0.0257599175682638 0.00634920634920635 0.0116373792621902 0.00731743011854237 0
"состоянием" 0 0.0290556900726392 0.0132441560161579 0 0.0407830342577488 0.00858663918942126 0.00634920634920635 0 0.0146348602370847 0.0118028917084686
"сочетание" 0 0 0 0 0 0 0.019047619047619 0.0407308274176655 0 0.0295072292711714
"суммирования" 0 0 0 0 0 0 0 0.00581868963109508 0.0512220108297966 0.04131012097964
"факта" 0.00923361034164358 0.00968523002421308 0.00662207800807894 0.0415757197796487 0.0101957585644372 0.034346556757685 0.0126984126984127 0 0 0.00590144585423429
"чесание" 0 0 0 0 0 0.128799587841319 0 0 0 0
"числе" 0.0277008310249307 0.00968523002421308 0.0397324680484736 0 0.0101957585644372 0.0171732783788425 0 0 0 0.0118028917084686
"число" 0 0 0.00662207800807894 0.0311817898347365 0.0101957585644372 0.0429331959471063 0.0253968253968254 0.00581868963109508 0 0
"яснее" 0 0 0 0 0 0 0 0.0872803444664262 0 0
"абсолютно" 0 0 0 0.0103939299449122 0 0.00858663918942126 0.0444444444444444 0.0232747585243803 0.00731743011854237 0
"автора" 0 0 0.00662207800807894 0.124727159338946 0 0 0 0 0 0.00590144585423429
"бехтерев" 0.0831024930747922 0 0.0264883120323157 0 0 0 0 0 0.00731743011854237 0
"болезней" 0 0.106537530266344 0.00662207800807894 0 0.0101957585644372 0.00858663918942126 0 0 0 0
"больного" 0 0 0.0728428580888683 0 0.0203915171288744 0 0.00634920634920635 0 0 0
"большие" 0.00923361034164358 0 0.0132441560161579 0.0207878598898243 0.0305872756933116 0 0.0126984126984127 0 0.0146348602370847 0.0118028917084686
"введенского" 0 0 0 0 0 0 0 0 0.0731743011854237 0.0236057834169371
"вдруг" 0.00923361034164358 0 0.0331103900403947 0 0 0 0.0126984126984127 0.0290934481554754 0 0.00590144585423429
"веков" 0.0461680517082179 0.0193704600484262 0.0397324680484736 0 0 0 0 0.00581868963109508 0 0
"вещей" 0.0277008310249307 0.0290556900726392 0 0.0207878598898243 0 0 0 0 0.0292697204741695 0.0118028917084686
"власти" 0.00923361034164358 0.0677966101694915 0.0132441560161579 0 0 0.0171732783788425 0 0.00581868963109508 0.00731743011854237 0
"внутреннего" 0 0.00968523002421308 0.0132441560161579 0 0.0611745513866232 0.0171732783788425 0 0 0.0146348602370847 0.00590144585423429
"внушаемого" 0 0 0.0927090921131051 0 0 0 0 0 0 0
"возможных" 0.00923361034164358 0 0.00662207800807894 0 0 0.0429331959471063 0.019047619047619 0.0116373792621902 0.00731743011854237 0.00590144585423429
"впервые" 0 0.0290556900726392 0 0.0103939299449122 0.0101957585644372 0.0257599175682638 0 0.00581868963109508 0.00731743011854237 0.0236057834169371
"впрочем" 0 0 0.0264883120323157 0 0 0 0.00634920634920635 0.0116373792621902 0.0219522903556271 0.0236057834169371
"вслед" 0.0184672206832872 0 0.00662207800807894 0 0 0.00858663918942126 0.0253968253968254 0.0232747585243803 0.00731743011854237 0.00590144585423429
"всюду" 0.0277008310249307 0.0290556900726392 0.0331103900403947 0 0.0203915171288744 0 0.00634920634920635 0 0 0
"входит" 0.00923361034164358 0 0.0728428580888683 0 0.0101957585644372 0 0 0 0.00731743011854237 0
"движениями" 0.00923361034164358 0 0.0132441560161579 0 0.0101957585644372 0 0.0444444444444444 0.0174560688932852 0 0
"дней" 0.00923361034164358 0.0193704600484262 0 0 0.0101957585644372 0.0686931135153701 0 0.00581868963109508 0 0.00590144585423429
"еды" 0 0 0 0.0207878598898243 0.0203915171288744 0.0686931135153701 0 0.0116373792621902 0 0
"живого" 0.0369344413665743 0 0.00662207800807894 0.0103939299449122 0.0203915171288744 0.00858663918942126 0 0 0.0292697204741695 0.00590144585423429
"играет" 0 0 0.0331103900403947 0 0 0 0.019047619047619 0.0232747585243803 0.0146348602370847 0
"известного" 0 0.0193704600484262 0.0132441560161579 0 0 0.0515198351365276 0.0126984126984127 0.00581868963109508 0.00731743011854237 0
"изменение" 0 0 0.0132441560161579 0 0.0101957585644372 0.0171732783788425 0.00634920634920635 0.0232747585243803 0 0.0236057834169371
"иной" 0.0738688827331487 0.0193704600484262 0 0 0 0 0 0 0.0219522903556271 0.00590144585423429
"какую" 0 0.0290556900726392 0.0132441560161579 0 0 0.00858663918942126 0.0253968253968254 0.0232747585243803 0 0
"лицо" 0 0.00968523002421308 0.0463545460565525 0 0 0 0 0 0.0146348602370847 0.0236057834169371
"любовь" 0.0369344413665743 0.0193704600484262 0 0 0 0 0.00634920634920635 0.0407308274176655 0 0
"массе" 0.00923361034164358 0.00968523002421308 0.00662207800807894 0.0519696497245609 0.0203915171288744 0.0257599175682638 0 0 0.00731743011854237 0
"механизмы" 0 0 0 0 0.0203915171288744 0 0.0317460317460317 0.0232747585243803 0 0.0177043375627029
"могла" 0 0.0290556900726392 0 0.0311817898347365 0 0.0601064743259488 0 0 0 0.00590144585423429
"нашему" 0.0184672206832872 0.00968523002421308 0.00662207800807894 0 0.0101957585644372 0.00858663918942126 0.0253968253968254 0.0174560688932852 0 0.00590144585423429
"невольно" 0 0 0.0264883120323157 0.0103939299449122 0 0 0.0317460317460317 0.0232747585243803 0 0
"недостаточно" 0.00923361034164358 0.00968523002421308 0.0198662340242368 0.0207878598898243 0.0101957585644372 0.00858663918942126 0.0126984126984127 0.00581868963109508 0.00731743011854237 0.00590144585423429
"некоторым" 0 0.00968523002421308 0.0198662340242368 0 0.0305872756933116 0.00858663918942126 0.0126984126984127 0.0174560688932852 0 0.00590144585423429
"ниже" 0 0.00968523002421308 0 0.0207878598898243 0 0.0171732783788425 0.0317460317460317 0.0116373792621902 0.0146348602370847 0
"нормальной" 0 0 0 0.0311817898347365 0.0305872756933116 0.0171732783788425 0.00634920634920635 0 0.0146348602370847 0.0177043375627029
"определения" 0 0.0193704600484262 0.00662207800807894 0.0103939299449122 0 0.034346556757685 0.0126984126984127 0 0.00731743011854237 0.0177043375627029
"определенные" 0.00923361034164358 0.00968523002421308 0.00662207800807894 0.0103939299449122 0.0203915171288744 0 0.0126984126984127 0.0116373792621902 0.0146348602370847 0.0118028917084686
"организации" 0 0.0387409200968523 0 0.0103939299449122 0 0 0.00634920634920635 0.0232747585243803 0.0146348602370847 0.0118028917084686
"основные" 0 0.0290556900726392 0 0.0103939299449122 0.0407830342577488 0.0171732783788425 0 0.0116373792621902 0.0146348602370847 0
"остановиться" 0 0.00968523002421308 0.0132441560161579 0.0207878598898243 0.0101957585644372 0.034346556757685 0.00634920634920635 0.00581868963109508 0 0.0118028917084686
"отдельности" 0 0.0193704600484262 0 0.0103939299449122 0.0203915171288744 0.0257599175682638 0.00634920634920635 0.00581868963109508 0.0219522903556271 0.00590144585423429
"ощущать" 0 0 0 0 0 0 0.0317460317460317 0.0523682066798557 0 0
"память" 0.0369344413665743 0.0193704600484262 0 0 0 0 0 0.0465495170487606 0 0
"первым" 0 0.0387409200968523 0 0.0207878598898243 0 0.00858663918942126 0.019047619047619 0.0232747585243803 0 0
"пищевой" 0 0 0 0.0103939299449122 0.050978792822186 0.0601064743259488 0 0 0 0.00590144585423429
"поверхности" 0.00923361034164358 0 0 0 0.0101957585644372 0.034346556757685 0.019047619047619 0.0116373792621902 0.0146348602370847 0.00590144585423429
"подлежит" 0.0184672206832872 0 0.0397324680484736 0.0103939299449122 0.0101957585644372 0 0.0126984126984127 0 0 0.0118028917084686
"показать" 0 0 0 0.0207878598898243 0 0 0.0317460317460317 0.0232747585243803 0.00731743011854237 0.0118028917084686
"показывает" 0.00923361034164358 0 0.0397324680484736 0 0.0101957585644372 0.00858663918942126 0.0253968253968254 0.00581868963109508 0 0
"положительный" 0.00923361034164358 0 0 0 0.0305872756933116 0.0515198351365276 0 0.0174560688932852 0 0.00590144585423429
"полушария" 0 0 0.00662207800807894 0.0207878598898243 0.0407830342577488 0 0.0380952380952381 0 0.00731743011854237 0
"пользу" 0.0277008310249307 0 0.00662207800807894 0 0 0 0.0253968253968254 0.0232747585243803 0.00731743011854237 0.00590144585423429
"представить" 0.0184672206832872 0.00968523002421308 0.00662207800807894 0.0311817898347365 0.0203915171288744 0 0.0126984126984127 0.00581868963109508 0.00731743011854237 0.00590144585423429
"прибора" 0 0 0 0.0103939299449122 0 0.0257599175682638 0 0 0.0365871505927118 0.0295072292711714
"присутствие" 0.00923361034164358 0 0 0 0 0 0.0380952380952381 0.0290934481554754 0.00731743011854237 0.00590144585423429
"пунктов" 0 0 0 0.0207878598898243 0.0815660685154976 0.00858663918942126 0 0 0 0.0177043375627029
"развитием" 0.0184672206832872 0.0581113801452785 0.00662207800807894 0 0 0 0 0.0290934481554754 0 0
"раздражениями" 0 0 0 0.0311817898347365 0.0203915171288744 0.00858663918942126 0 0 0.0365871505927118 0.0177043375627029
"разные" 0.0277008310249307 0 0 0.0415757197796487 0.0203915171288744 0.0171732783788425 0.00634920634920635 0.00581868963109508 0.00731743011854237 0
"расстоянии" 0 0 0.0198662340242368 0.0103939299449122 0 0.00858663918942126 0.00634920634920635 0 0.0512220108297966 0.00590144585423429
"реагировать" 0 0 0 0 0.0101957585644372 0 0 0 0.0512220108297966 0.0354086751254057
"света" 0 0.0193704600484262 0 0.0103939299449122 0.0203915171288744 0 0.0126984126984127 0.0290934481554754 0.0146348602370847 0
"связанных" 0.0184672206832872 0.00968523002421308 0 0.0207878598898243 0.0203915171288744 0 0 0.0174560688932852 0.0292697204741695 0
"связаны" 0.0184672206832872 0 0 0.0103939299449122 0.0305872756933116 0.00858663918942126 0.0126984126984127 0.0116373792621902 0 0.0177043375627029
"сильное" 0 0 0 0.0103939299449122 0.0407830342577488 0.0257599175682638 0.00634920634920635 0.0116373792621902 0.00731743011854237 0.0118028917084686
"слабо" 0 0.0290556900726392 0.00662207800807894 0 0 0.00858663918942126 0.0126984126984127 0.0116373792621902 0.0146348602370847 0.0177043375627029
"слов" 0 0.00968523002421308 0.00662207800807894 0 0.0203915171288744 0.0257599175682638 0.019047619047619 0.0232747585243803 0 0
"слуховых" 0 0 0 0.0207878598898243 0.0203915171288744 0 0.00634920634920635 0.0523682066798557 0 0
"степень" 0.00923361034164358 0.00968523002421308 0.0198662340242368 0 0 0.0171732783788425 0.00634920634920635 0.00581868963109508 0 0.0295072292711714
"страстности" 0 0 0 0 0 0 0.00634920634920635 0.075642965204236 0 0
"убеждение" 0.00923361034164358 0 0.0529766240646315 0.0207878598898243 0 0 0 0.00581868963109508 0.00731743011854237 0.00590144585423429
"усиление" 0.0277008310249307 0 0 0 0.0101957585644372 0.00858663918942126 0.00634920634920635 0 0.0365871505927118 0.0177043375627029
"физиологического" 0 0 0 0.0103939299449122 0.0305872756933116 0 0.0253968253968254 0.00581868963109508 0.00731743011854237 0.0236057834169371
"физических" 0.0277008310249307 0.0774818401937046 0 0 0 0 0 0.0116373792621902 0 0.00590144585423429
"физической" 0.0369344413665743 0.00968523002421308 0.0198662340242368 0 0.050978792822186 0 0 0.00581868963109508 0 0
"хочу" 0 0 0 0 0 0 0.0126984126984127 0.0465495170487606 0.00731743011854237 0.0177043375627029
"целый" 0.00923361034164358 0.00968523002421308 0.0397324680484736 0.0103939299449122 0 0 0.00634920634920635 0 0.00731743011854237 0.0177043375627029
"цель" 0.0461680517082179 0.0193704600484262 0 0.0207878598898243 0 0.00858663918942126 0.019047619047619 0.00581868963109508 0 0
"эффектов" 0 0 0 0.0207878598898243 0.0101957585644372 0.0429331959471063 0.0126984126984127 0.00581868963109508 0.00731743011854237 0.0118028917084686
"ярко" 0.00923361034164358 0.0290556900726392 0.00662207800807894 0.0103939299449122 0 0.00858663918942126 0.0126984126984127 0.0174560688932852 0.00731743011854237 0.00590144585423429
"бесспорно" 0 0 0.0529766240646315 0.0207878598898243 0 0.0171732783788425 0 0.00581868963109508 0 0
"ближе" 0 0 0.0198662340242368 0.0311817898347365 0.0203915171288744 0.00858663918942126 0.0126984126984127 0.00581868963109508 0.00731743011854237 0
"буду" 0 0 0 0.0103939299449122 0 0 0.0253968253968254 0.0116373792621902 0.0146348602370847 0.0236057834169371
"вещи" 0 0 0.00662207800807894 0 0 0 0.00634920634920635 0.0407308274176655 0.0219522903556271 0.00590144585423429
"взгляд" 0 0.00968523002421308 0.0198662340242368 0.0103939299449122 0 0 0.00634920634920635 0.00581868963109508 0.0146348602370847 0.0236057834169371
"влияниями" 0 0.00968523002421308 0.00662207800807894 0.0103939299449122 0.0101957585644372 0.0171732783788425 0 0.0174560688932852 0.0146348602370847 0.0118028917084686
"внезапно" 0.00923361034164358 0 0.0397324680484736 0 0 0 0.0253968253968254 0 0.0146348602370847 0
"волн" 0 0 0 0 0 0 0 0 0.0146348602370847 0.0649159043965772
"волна" 0 0 0 0 0.0203915171288744 0 0 0 0.00731743011854237 0.0590144585423429
"восприятия" 0 0 0.0529766240646315 0 0.0101957585644372 0 0 0.0116373792621902 0.0146348602370847 0
"временно" 0.00923361034164358 0.0193704600484262 0.0132441560161579 0.0415757197796487 0.0101957585644372 0.0257599175682638 0 0 0 0
"всякая" 0.0184672206832872 0.0193704600484262 0 0.0103939299449122 0.0101957585644372 0 0.019047619047619 0.00581868963109508 0 0.0177043375627029
"выходит" 0 0 0.0132441560161579 0.0103939299449122 0 0 0.019047619047619 0.0290934481554754 0 0.0118028917084686
"головы" 0 0.0193704600484262 0.00662207800807894 0 0 0 0.0444444444444444 0.0116373792621902 0 0.00590144585423429
"доказать" 0.0184672206832872 0 0.00662207800807894 0.0207878598898243 0 0.00858663918942126 0.019047619047619 0.0232747585243803 0 0
"допустить" 0 0.0193704600484262 0.00662207800807894 0.0103939299449122 0 0.00858663918942126 0.0253968253968254 0.00581868963109508 0.0146348602370847 0.00590144585423429
"другу" 0.0369344413665743 0 0.0132441560161579 0 0.0101957585644372 0 0.0126984126984127 0.0116373792621902 0 0.0118028917084686
"думаю" 0 0 0 0 0 0 0.0126984126984127 0.0232747585243803 0.00731743011854237 0.0354086751254057
"души" 0.0369344413665743 0.00968523002421308 0.0198662340242368 0 0 0 0.0253968253968254 0.00581868963109508 0 0
"закона" 0.0184672206832872 0.0193704600484262 0 0.0207878598898243 0.0305872756933116 0 0 0.0116373792621902 0.00731743011854237 0.00590144585423429
"заранее" 0 0.00968523002421308 0.0132441560161579 0 0 0 0 0.00581868963109508 0.0146348602370847 0.04131012097964
"значительно" 0 0.00968523002421308 0.0132441560161579 0 0.0203915171288744 0.0171732783788425 0.019047619047619 0.00581868963109508 0.0146348602370847 0
"идти" 0 0.00968523002421308 0 0 0.0101957585644372 0 0.0126984126984127 0.0290934481554754 0.00731743011854237 0.0177043375627029
"известное" 0 0.00968523002421308 0.0397324680484736 0 0.0305872756933116 0.00858663918942126 0.00634920634920635 0 0 0.00590144585423429
"извне" 0 0 0.00662207800807894 0 0.0203915171288744 0 0.0317460317460317 0.0174560688932852 0 0.0118028917084686
"именем" 0.0369344413665743 0 0.00662207800807894 0 0 0 0.00634920634920635 0.0116373792621902 0.0146348602370847 0.0177043375627029
"инстинктов" 0 0 0 0 0.0101957585644372 0 0.00634920634920635 0.00581868963109508 0.00731743011854237 0.0531130126881086
"каждое" 0.0184672206832872 0 0 0 0.0203915171288744 0.00858663918942126 0.0126984126984127 0.0232747585243803 0.00731743011854237 0.00590144585423429
"конкретное" 0 0 0.00662207800807894 0 0 0 0 0.0523682066798557 0.0146348602370847 0.00590144585423429
"малейшего" 0 0 0.00662207800807894 0.0207878598898243 0 0.034346556757685 0.0126984126984127 0.0174560688932852 0 0.00590144585423429
"минут" 0 0 0.0264883120323157 0.0103939299449122 0 0 0.0126984126984127 0.0116373792621902 0.0292697204741695 0
"мои" 0.0277008310249307 0 0.0132441560161579 0 0 0.00858663918942126 0.00634920634920635 0 0.0439045807112542 0
"моя" 0 0 0.0132441560161579 0.0103939299449122 0 0 0.00634920634920635 0.0290934481554754 0.00731743011854237 0.0177043375627029
"мышцах" 0 0 0 0 0 0 0.0317460317460317 0.0232747585243803 0.0146348602370847 0.0118028917084686
"наверное" 0 0 0 0.0311817898347365 0 0 0.019047619047619 0.0116373792621902 0.0146348602370847 0.0177043375627029
"народ" 0 0.0968523002421307 0.0132441560161579 0 0 0 0 0.00581868963109508 0 0
"наслаждения" 0 0 0 0 0 0 0.0444444444444444 0.0349121377865705 0 0
"наука" 0.0369344413665743 0.0387409200968523 0 0 0 0 0.0126984126984127 0 0.00731743011854237 0.0118028917084686
"начале" 0 0.00968523002421308 0.00662207800807894 0.0207878598898243 0.0203915171288744 0.00858663918942126 0.00634920634920635 0.0232747585243803 0.00731743011854237 0
"нежели" 0 0.0484261501210654 0.0529766240646315 0 0 0 0 0 0 0
"незаметно" 0 0 0.0529766240646315 0 0.0101957585644372 0.00858663918942126 0.00634920634920635 0.00581868963109508 0 0.00590144585423429
"никакой" 0 0.00968523002421308 0.00662207800807894 0 0 0 0.0126984126984127 0.0407308274176655 0.00731743011854237 0.00590144585423429
"ног" 0 0 0 0 0 0 0.0571428571428571 0.0174560688932852 0 0.00590144585423429
"ноги" 0 0 0 0 0 0 0.0380952380952381 0.0116373792621902 0.0146348602370847 0.0177043375627029
"область" 0 0 0.00662207800807894 0.0103939299449122 0.0101957585644372 0.0257599175682638 0.00634920634920635 0 0.0146348602370847 0.0236057834169371
"образы" 0.0184672206832872 0 0.00662207800807894 0 0 0.00858663918942126 0.00634920634920635 0.0232747585243803 0.0292697204741695 0
"общая" 0.00923361034164358 0.0193704600484262 0.0198662340242368 0.0103939299449122 0.0203915171288744 0.00858663918942126 0 0.00581868963109508 0 0.0118028917084686
"определение" 0 0 0.0595987020727104 0 0 0.00858663918942126 0 0.00581868963109508 0 0.0118028917084686
"отношениях" 0 0.0290556900726392 0.00662207800807894 0.0103939299449122 0.0203915171288744 0.00858663918942126 0 0.0116373792621902 0.0146348602370847 0.00590144585423429
"отнюдь" 0 0 0 0.0103939299449122 0 0.00858663918942126 0 0 0.0292697204741695 0.04131012097964
"покоя" 0.00923361034164358 0 0.00662207800807894 0 0 0 0.00634920634920635 0.00581868963109508 0.0292697204741695 0.0295072292711714
"положительного" 0.00923361034164358 0 0 0.0207878598898243 0.0407830342577488 0.0429331959471063 0 0 0 0.00590144585423429
"полости" 0 0 0 0 0 0.0429331959471063 0.0317460317460317 0.0116373792621902 0 0.00590144585423429
"полушариях" 0 0 0 0.0207878598898243 0.0917618270799347 0 0.0126984126984127 0 0 0
"посредством" 0.00923361034164358 0 0 0.0103939299449122 0.0305872756933116 0.0429331959471063 0.0126984126984127 0 0.00731743011854237 0
"потирания" 0 0 0 0 0 0 0 0 0.0951265915410508 0
"приборе" 0 0 0 0.0103939299449122 0 0 0 0 0.0292697204741695 0.0472115668338743
"принимая" 0.00923361034164358 0.00968523002421308 0.00662207800807894 0.0311817898347365 0.0101957585644372 0.00858663918942126 0.00634920634920635 0.0232747585243803 0 0
"принять" 0 0.00968523002421308 0.0132441560161579 0.0103939299449122 0 0 0.0317460317460317 0.0116373792621902 0.00731743011854237 0.00590144585423429
"процессами" 0.00923361034164358 0 0 0.0103939299449122 0.0407830342577488 0.034346556757685 0 0 0 0.0177043375627029
"процессом" 0 0.00968523002421308 0 0 0.0305872756933116 0.0601064743259488 0.00634920634920635 0 0 0.00590144585423429
"проч" 0.00923361034164358 0.0484261501210654 0 0 0 0 0.0380952380952381 0.00581868963109508 0 0
"психические" 0.0184672206832872 0.00968523002421308 0.0397324680484736 0 0 0 0 0.0232747585243803 0 0
"путей" 0 0.0193704600484262 0 0.0207878598898243 0 0 0.0126984126984127 0 0.0365871505927118 0.0118028917084686
"рефлекторная" 0 0 0 0.0415757197796487 0.0101957585644372 0 0.00634920634920635 0 0.00731743011854237 0.0354086751254057
"решительно" 0 0 0.0132441560161579 0.0727575096143852 0.0101957585644372 0.00858663918942126 0 0 0 0.0118028917084686
"роковым" 0 0 0 0 0 0 0.0380952380952381 0.0349121377865705 0 0.00590144585423429
"сильном" 0 0 0.00662207800807894 0 0.050978792822186 0.034346556757685 0.0126984126984127 0 0.00731743011854237 0
"слабости" 0 0 0 0 0.0101957585644372 0.0686931135153701 0 0.00581868963109508 0.0146348602370847 0.00590144585423429
"следа" 0.00923361034164358 0 0 0.0311817898347365 0 0.00858663918942126 0.00634920634920635 0.0407308274176655 0 0
"следы" 0 0 0.00662207800807894 0.0207878598898243 0 0.00858663918942126 0 0.0465495170487606 0 0.00590144585423429
"служат" 0.0277008310249307 0.00968523002421308 0.00662207800807894 0.0311817898347365 0.0203915171288744 0 0.0126984126984127 0 0.00731743011854237 0
"слуховой" 0 0 0 0.0103939299449122 0 0 0.0126984126984127 0.0581868963109508 0 0
"слуховые" 0 0 0 0.0207878598898243 0 0 0.00634920634920635 0.0581868963109508 0 0
"слюноотделение" 0 0 0.00662207800807894 0.0207878598898243 0 0.0772797527047913 0 0 0 0.00590144585423429
"смерть" 0.0831024930747922 0.00968523002421308 0.0132441560161579 0 0 0 0 0 0.00731743011854237 0
"смотря" 0 0 0.0264883120323157 0 0.0101957585644372 0.0171732783788425 0.00634920634920635 0.0290934481554754 0 0
"спрашивается" 0.0277008310249307 0 0.0132441560161579 0 0 0 0.0126984126984127 0.0116373792621902 0.0146348602370847 0.0118028917084686
"средой" 0 0 0 0.0415757197796487 0.0305872756933116 0.034346556757685 0 0 0 0.0118028917084686
"страны" 0.0184672206832872 0.0871670702179177 0.0132441560161579 0 0 0 0 0 0 0
"страстность" 0 0 0 0 0 0 0.0126984126984127 0.0640055859420458 0 0
"субъективного" 0.0184672206832872 0 0 0.0207878598898243 0.0407830342577488 0.00858663918942126 0 0.0116373792621902 0.0146348602370847 0
"судьба" 0.0461680517082179 0.00968523002421308 0.00662207800807894 0 0 0 0.00634920634920635 0 0.0365871505927118 0
"сущность" 0.0184672206832872 0.00968523002421308 0.0198662340242368 0.0103939299449122 0 0 0 0.0349121377865705 0 0
"такую" 0 0 0 0 0 0.00858663918942126 0.019047619047619 0.00581868963109508 0.00731743011854237 0.04131012097964
"тело" 0.0277008310249307 0 0.0132441560161579 0 0 0 0.0253968253968254 0.00581868963109508 0.00731743011854237 0.0118028917084686
"термин" 0 0 0.0264883120323157 0 0.0203915171288744 0 0 0 0.0292697204741695 0.0177043375627029
"тоны" 0 0 0 0.0415757197796487 0.050978792822186 0.0257599175682638 0 0.00581868963109508 0 0
"торможением" 0 0 0 0 0.050978792822186 0.00858663918942126 0 0 0.0219522903556271 0.0236057834169371
"тысячи" 0.0184672206832872 0 0 0 0 0 0.0126984126984127 0.0523682066798557 0 0
"ум" 0.00923361034164358 0.0193704600484262 0.0198662340242368 0.0103939299449122 0 0.0171732783788425 0.0126984126984127 0 0 0.0118028917084686
"уха" 0 0 0 0 0.0101957585644372 0.034346556757685 0.00634920634920635 0.0407308274176655 0 0
"формах" 0.0184672206832872 0 0.0132441560161579 0.0103939299449122 0.0305872756933116 0.034346556757685 0 0.00581868963109508 0 0
"функций" 0 0 0 0.0727575096143852 0 0.00858663918942126 0.00634920634920635 0 0.0292697204741695 0
"целое" 0 0.0193704600484262 0 0.0103939299449122 0 0 0 0.0290934481554754 0 0.0295072292711714
"шаг" 0.0461680517082179 0.0387409200968523 0 0.0103939299449122 0.0101957585644372 0 0.00634920634920635 0.00581868963109508 0 0
"школа" 0 0.0774818401937046 0.00662207800807894 0 0 0 0 0 0.00731743011854237 0.0177043375627029
"энергию" 0.101569713758079 0 0 0 0.0101957585644372 0 0 0 0.00731743011854237 0
"a" 0 0 0.0331103900403947 0.0207878598898243 0 0 0.00634920634920635 0 0.0146348602370847 0.0177043375627029
"f" 0 0 0 0 0 0 0 0 0.0512220108297966 0.0354086751254057
"акты" 0 0.0193704600484262 0.00662207800807894 0 0.0101957585644372 0.00858663918942126 0.00634920634920635 0.0349121377865705 0 0
"аппаратах" 0 0 0 0.0103939299449122 0.0203915171288744 0.00858663918942126 0 0.0174560688932852 0.0146348602370847 0.0177043375627029
"везде" 0.0184672206832872 0.0290556900726392 0.0331103900403947 0 0 0 0.00634920634920635 0.00581868963109508 0 0
"внушении" 0 0 0.0794649360969472 0 0 0 0 0 0 0
"воспитание" 0 0.0871670702179177 0 0 0 0 0.00634920634920635 0.0116373792621902 0 0
"воспроизведения" 0 0 0.00662207800807894 0 0 0 0 0.0640055859420458 0 0
"вскоре" 0 0 0.0331103900403947 0.0103939299449122 0 0 0.00634920634920635 0 0.0146348602370847 0.0177043375627029
"втором" 0 0 0 0 0.0203915171288744 0.00858663918942126 0.0126984126984127 0.0174560688932852 0.0146348602370847 0.0118028917084686
"высокой" 0 0 0 0 0 0.0171732783788425 0.0126984126984127 0.0174560688932852 0.00731743011854237 0.0236057834169371
"гипноза" 0 0 0.0728428580888683 0 0.0101957585644372 0 0 0 0 0
"главным" 0 0.0193704600484262 0.0198662340242368 0.0415757197796487 0.0101957585644372 0.00858663918942126 0.00634920634920635 0 0 0
"действий" 0.00923361034164358 0.00968523002421308 0.0198662340242368 0.0207878598898243 0.0101957585644372 0.0171732783788425 0 0.0116373792621902 0 0
"др" 0.00923361034164358 0.0193704600484262 0.0264883120323157 0 0.0407830342577488 0 0 0 0.00731743011854237 0
"живет" 0.0831024930747922 0.00968523002421308 0 0.0103939299449122 0 0 0.00634920634920635 0 0 0
"запаздывающего" 0 0 0 0.0831514395592974 0.0101957585644372 0.0257599175682638 0 0 0 0
"идут" 0 0 0 0.0311817898347365 0.0101957585644372 0.00858663918942126 0.0126984126984127 0.0116373792621902 0 0.0177043375627029
"ими" 0 0.0193704600484262 0.00662207800807894 0.0311817898347365 0.0101957585644372 0.00858663918942126 0 0.0116373792621902 0.00731743011854237 0.00590144585423429
"интерес" 0 0 0.0198662340242368 0.0103939299449122 0.0101957585644372 0.00858663918942126 0 0.00581868963109508 0.0219522903556271 0.0118028917084686
"истины" 0.0184672206832872 0.0387409200968523 0.00662207800807894 0 0 0 0 0.00581868963109508 0.00731743011854237 0.0177043375627029
"каких" 0.00923361034164358 0.00968523002421308 0.0132441560161579 0 0.0203915171288744 0.00858663918942126 0.0126984126984127 0.00581868963109508 0 0.0118028917084686
"количество" 0.00923361034164358 0.00968523002421308 0 0.0311817898347365 0.0101957585644372 0.0257599175682638 0.0126984126984127 0.00581868963109508 0 0
"критики" 0 0.0387409200968523 0.0463545460565525 0 0 0 0 0 0 0.00590144585423429
"линии" 0 0 0 0 0 0.00858663918942126 0.0507936507936508 0.00581868963109508 0 0.0118028917084686
"медленно" 0.00923361034164358 0 0.00662207800807894 0.0103939299449122 0 0.034346556757685 0 0.0116373792621902 0 0.0177043375627029
"механизму" 0 0 0 0 0.0305872756933116 0 0.0571428571428571 0 0 0
"мировой" 0.110803324099723 0 0 0 0 0 0 0 0 0
"множество" 0 0.00968523002421308 0.0264883120323157 0.0103939299449122 0.0101957585644372 0 0 0 0.0219522903556271 0.0118028917084686
"моего" 0.0184672206832872 0 0.00662207800807894 0 0 0.00858663918942126 0 0.0232747585243803 0 0.0236057834169371
"мышечные" 0 0 0.00662207800807894 0 0 0 0.0507936507936508 0.0116373792621902 0.00731743011854237 0
"наблюдается" 0 0 0.0264883120323157 0 0.0101957585644372 0.034346556757685 0 0 0.0146348602370847 0.00590144585423429
"навык" 0 0 0 0.124727159338946 0 0 0 0 0 0
"надобности" 0 0.0774818401937046 0.0264883120323157 0 0 0 0 0 0 0
"названием" 0 0.0484261501210654 0.0397324680484736 0 0.0101957585644372 0 0 0 0 0
"называем" 0.0369344413665743 0 0.0198662340242368 0 0.0101957585644372 0.00858663918942126 0 0 0 0.0177043375627029
"народы" 0.0369344413665743 0.0774818401937046 0 0 0 0 0 0 0 0
"нашим" 0.00923361034164358 0.00968523002421308 0.00662207800807894 0.0519696497245609 0.0203915171288744 0.00858663918942126 0.00634920634920635 0 0 0
"невольное" 0 0 0.0331103900403947 0 0 0 0.0444444444444444 0 0 0
"необходимости" 0 0.0193704600484262 0.0331103900403947 0.0103939299449122 0 0 0 0.00581868963109508 0.00731743011854237 0.0118028917084686
"норме" 0 0 0 0 0.0815660685154976 0.00858663918942126 0 0.00581868963109508 0.00731743011854237 0.00590144585423429
"обладает" 0.0277008310249307 0 0 0.0103939299449122 0.0101957585644372 0 0.00634920634920635 0.0174560688932852 0.00731743011854237 0.0118028917084686
"объяснение" 0 0 0.0132441560161579 0.0207878598898243 0 0.00858663918942126 0.00634920634920635 0.0232747585243803 0.00731743011854237 0.00590144585423429
"ожидать" 0 0.0193704600484262 0 0 0.0101957585644372 0.0171732783788425 0 0 0.0219522903556271 0.0236057834169371
"определенными" 0.00923361034164358 0 0.0132441560161579 0.0207878598898243 0.0407830342577488 0.0171732783788425 0 0.00581868963109508 0 0
"определяется" 0 0 0.00662207800807894 0.0103939299449122 0 0.0171732783788425 0 0.00581868963109508 0.0365871505927118 0.0118028917084686
"остальные" 0.00923361034164358 0 0.0198662340242368 0.0311817898347365 0.0101957585644372 0 0.00634920634920635 0.0116373792621902 0 0.00590144585423429
"отвечает" 0 0 0.0132441560161579 0.0207878598898243 0.0407830342577488 0.00858663918942126 0 0 0.00731743011854237 0.0118028917084686
"отсутствие" 0 0.0387409200968523 0 0.0207878598898243 0 0.00858663918942126 0.0126984126984127 0.0116373792621902 0 0.00590144585423429
"очаг" 0 0 0 0 0.0101957585644372 0 0 0 0.080491731303966 0
"пальца" 0 0 0 0 0 0 0.00634920634920635 0.0581868963109508 0 0.00590144585423429
"первая" 0 0 0.00662207800807894 0.0207878598898243 0.0305872756933116 0.00858663918942126 0.0126984126984127 0.00581868963109508 0.0146348602370847 0
"передачи" 0.00923361034164358 0 0.0662207800807894 0.0103939299449122 0 0 0 0 0 0
"подобные" 0 0 0.0198662340242368 0 0 0 0.0317460317460317 0.0116373792621902 0.0146348602370847 0
"полный" 0.00923361034164358 0.0193704600484262 0.0132441560161579 0.0207878598898243 0.0101957585644372 0.034346556757685 0 0 0 0
"понятий" 0 0.00968523002421308 0 0 0 0.00858663918942126 0 0.0407308274176655 0.0219522903556271 0
"посмотрим" 0.0184672206832872 0 0 0 0 0 0.0507936507936508 0.00581868963109508 0.00731743011854237 0
"посторонних" 0 0 0.00662207800807894 0.0103939299449122 0.0305872756933116 0.00858663918942126 0 0.0116373792621902 0.00731743011854237 0.0177043375627029
"постоянными" 0 0 0.00662207800807894 0.0103939299449122 0.0101957585644372 0.034346556757685 0 0.0116373792621902 0.00731743011854237 0.0118028917084686
"правило" 0 0 0 0 0.0203915171288744 0.00858663918942126 0.00634920634920635 0 0.00731743011854237 0.04131012097964
"правильное" 0 0.106537530266344 0.00662207800807894 0 0 0 0 0 0 0
"предметы" 0 0 0.00662207800807894 0.0103939299449122 0.0101957585644372 0 0.019047619047619 0.0174560688932852 0.0219522903556271 0
"приблизительно" 0.00923361034164358 0 0 0 0.0101957585644372 0 0.0253968253968254 0 0.0292697204741695 0.0118028917084686
"прибор" 0 0 0 0.0207878598898243 0 0 0 0 0.0365871505927118 0.0295072292711714
"принимает" 0 0 0.0198662340242368 0.0311817898347365 0 0 0.019047619047619 0.0116373792621902 0 0.00590144585423429
"приходит" 0 0 0 0.0415757197796487 0 0 0.0126984126984127 0.0232747585243803 0 0.0118028917084686
"происходить" 0 0 0.0132441560161579 0 0.0101957585644372 0.00858663918942126 0.0253968253968254 0 0.00731743011854237 0.0177043375627029
"противоположных" 0 0 0.00662207800807894 0.0103939299449122 0.0101957585644372 0.0515198351365276 0.00634920634920635 0 0 0.0118028917084686
"пункт" 0 0.00968523002421308 0.00662207800807894 0.0311817898347365 0 0.0171732783788425 0 0 0.0146348602370847 0.0177043375627029
"р" 0.0369344413665743 0.0193704600484262 0.00662207800807894 0 0 0 0.0126984126984127 0 0.0219522903556271 0
"результатом" 0.0277008310249307 0.0193704600484262 0.0132441560161579 0 0 0 0.0126984126984127 0 0.00731743011854237 0.0118028917084686
"роковое" 0.00923361034164358 0 0.0132441560161579 0 0 0 0.0317460317460317 0.0174560688932852 0 0.00590144585423429
"ряду" 0 0.0484261501210654 0 0 0 0 0.019047619047619 0.0116373792621902 0 0.0118028917084686
"свобода" 0 0.106537530266344 0 0 0 0.00858663918942126 0 0 0 0
"связывается" 0.0184672206832872 0 0.00662207800807894 0.0103939299449122 0.0101957585644372 0 0.00634920634920635 0.0349121377865705 0 0
"сети" 0 0 0 0.0103939299449122 0 0 0 0 0.0219522903556271 0.0472115668338743
"сильной" 0 0.00968523002421308 0.0132441560161579 0 0.0203915171288744 0 0.019047619047619 0.0232747585243803 0 0
"сказал" 0 0 0.0198662340242368 0 0 0 0 0.00581868963109508 0 0.0472115668338743
"слабые" 0 0 0.00662207800807894 0 0.0101957585644372 0.00858663918942126 0 0 0.0512220108297966 0.0118028917084686
"слух" 0.00923361034164358 0 0.0132441560161579 0 0 0 0.0253968253968254 0.0290934481554754 0 0
"слуха" 0 0 0.00662207800807894 0 0.0101957585644372 0 0.0380952380952381 0.0174560688932852 0.00731743011854237 0
"сокращения" 0.00923361034164358 0 0 0 0 0 0.019047619047619 0.0232747585243803 0.0219522903556271 0.00590144585423429
"соответственно" 0 0 0 0.0311817898347365 0.0203915171288744 0.0171732783788425 0 0.00581868963109508 0.0219522903556271 0.00590144585423429
"состав" 0.0184672206832872 0.0193704600484262 0 0 0.0101957585644372 0 0.019047619047619 0.0174560688932852 0 0.00590144585423429
"тел" 0.0184672206832872 0 0 0.0207878598898243 0.0101957585644372 0 0.00634920634920635 0.0174560688932852 0.0219522903556271 0
"теории" 0 0 0 0.0727575096143852 0 0 0 0 0.0219522903556271 0.0118028917084686
"теория" 0 0 0 0.0935453695042095 0 0 0 0 0.00731743011854237 0.0118028917084686
"типы" 0.00923361034164358 0 0 0 0.0101957585644372 0.0686931135153701 0.00634920634920635 0.00581868963109508 0 0
"ткани" 0.00923361034164358 0 0 0.0207878598898243 0.0101957585644372 0 0 0 0.00731743011854237 0.04131012097964
"тормозным" 0 0 0 0.0103939299449122 0.0407830342577488 0.0601064743259488 0 0 0 0
"требуется" 0 0 0.00662207800807894 0 0.0305872756933116 0.0429331959471063 0 0 0.00731743011854237 0.0118028917084686
"угодно" 0 0 0.0198662340242368 0 0.0203915171288744 0.0171732783788425 0 0.0174560688932852 0 0.0118028917084686
"фаза" 0 0 0.00662207800807894 0 0.0305872756933116 0.0257599175682638 0 0 0.0292697204741695 0.00590144585423429
"функции" 0 0 0 0 0.0203915171288744 0.0171732783788425 0 0 0.0512220108297966 0.00590144585423429
"целью" 0.00923361034164358 0.00968523002421308 0.0198662340242368 0.0207878598898243 0 0 0.019047619047619 0 0.00731743011854237 0.00590144585423429
"человеком" 0.0369344413665743 0 0.0264883120323157 0 0 0 0.019047619047619 0.00581868963109508 0 0
"чувственное" 0 0 0 0 0 0 0.0634920634920635 0.0116373792621902 0 0
"явлениям" 0.00923361034164358 0 0.0132441560161579 0 0.0101957585644372 0.0171732783788425 0.019047619047619 0.00581868963109508 0 0.0118028917084686
"r" 0 0 0 0.0103939299449122 0 0 0 0 0.0439045807112542 0.0295072292711714
"анализировать" 0 0 0 0.0103939299449122 0 0.0171732783788425 0.00634920634920635 0.0407308274176655 0 0
"близко" 0 0.00968523002421308 0.00662207800807894 0.0103939299449122 0 0.0171732783788425 0.0126984126984127 0.0174560688932852 0 0.00590144585423429
"болезни" 0 0.0387409200968523 0.0264883120323157 0 0 0 0.019047619047619 0 0 0
"большинстве" 0 0.00968523002421308 0.0132441560161579 0.0207878598898243 0 0 0.00634920634920635 0.0290934481554754 0 0
"важное" 0 0.0290556900726392 0 0 0.0101957585644372 0.00858663918942126 0.00634920634920635 0.0116373792621902 0.00731743011854237 0.0118028917084686
"вас" 0.0184672206832872 0 0 0 0 0 0.0126984126984127 0 0.0292697204741695 0.0177043375627029
"влиянию" 0 0 0.00662207800807894 0 0.0101957585644372 0 0.0507936507936508 0 0.00731743011854237 0
"вне" 0.00923361034164358 0 0.0198662340242368 0.0103939299449122 0.0101957585644372 0.00858663918942126 0.0126984126984127 0.00581868963109508 0 0.00590144585423429
"возьмем" 0.00923361034164358 0 0.0132441560161579 0 0.0101957585644372 0 0.0126984126984127 0 0 0.0295072292711714
"воля" 0 0 0.00662207800807894 0 0 0 0.0571428571428571 0.00581868963109508 0 0
"впоследствии" 0 0 0.00662207800807894 0 0 0 0.0126984126984127 0.0174560688932852 0.0219522903556271 0.0118028917084686
"временем" 0.00923361034164358 0 0.00662207800807894 0.0103939299449122 0 0.00858663918942126 0.0126984126984127 0.0174560688932852 0.0146348602370847 0
"всевозможных" 0 0 0.00662207800807894 0.0311817898347365 0.0305872756933116 0.00858663918942126 0.00634920634920635 0 0.00731743011854237 0.00590144585423429
"всему" 0.00923361034164358 0 0.0132441560161579 0 0.0101957585644372 0.0257599175682638 0 0.0174560688932852 0.00731743011854237 0
"вступает" 0.00923361034164358 0 0.0132441560161579 0 0.0203915171288744 0 0.00634920634920635 0 0.0146348602370847 0.0177043375627029
"вызывать" 0 0 0.00662207800807894 0 0 0.00858663918942126 0.00634920634920635 0.0116373792621902 0.0292697204741695 0.0118028917084686
"выработки" 0 0 0 0.0103939299449122 0.0101957585644372 0.0515198351365276 0 0 0.0146348602370847 0.00590144585423429
"высшим" 0.0184672206832872 0.0290556900726392 0 0.0207878598898243 0.0203915171288744 0.00858663918942126 0 0 0.00731743011854237 0
"галлюцинации" 0 0 0.0662207800807894 0 0 0 0 0 0.00731743011854237 0
"главнейшим" 0.00923361034164358 0 0.00662207800807894 0.0415757197796487 0.0203915171288744 0.0171732783788425 0.00634920634920635 0 0 0
"говорим" 0 0 0.00662207800807894 0.0103939299449122 0.0101957585644372 0 0 0 0.0365871505927118 0.0177043375627029
"двигательной" 0 0 0 0.0415757197796487 0.0407830342577488 0.0171732783788425 0 0 0 0.00590144585423429
"движении" 0.00923361034164358 0 0 0.0311817898347365 0 0 0.0253968253968254 0.0116373792621902 0 0.00590144585423429
"движениях" 0 0 0 0.0207878598898243 0 0 0.0253968253968254 0.0290934481554754 0 0
"двумя" 0.00923361034164358 0 0.0198662340242368 0 0.0101957585644372 0 0.019047619047619 0.00581868963109508 0.00731743011854237 0.00590144585423429
"доказывается" 0 0.00968523002421308 0 0.0415757197796487 0.0305872756933116 0.0171732783788425 0 0 0.00731743011854237 0
"доказывать" 0 0.0484261501210654 0.00662207800807894 0.0103939299449122 0 0 0.019047619047619 0.00581868963109508 0 0
"достигается" 0 0 0 0 0.0203915171288744 0 0.0126984126984127 0.0116373792621902 0.0146348602370847 0.0177043375627029
"естественной" 0.0461680517082179 0.00968523002421308 0 0.0103939299449122 0.0101957585644372 0.00858663918942126 0 0 0.0146348602370847 0
"земле" 0.0831024930747922 0.00968523002421308 0 0 0 0 0 0.00581868963109508 0 0
"знания" 0.0277008310249307 0.00968523002421308 0 0.0207878598898243 0.0101957585644372 0.00858663918942126 0 0 0.0146348602370847 0.00590144585423429
"зрительной" 0 0 0 0 0 0 0.0317460317460317 0.0349121377865705 0 0
"известная" 0.0184672206832872 0.00968523002421308 0.00662207800807894 0 0.0305872756933116 0 0 0.00581868963109508 0 0.0177043375627029
"изучении" 0 0 0 0.0311817898347365 0.0407830342577488 0.0171732783788425 0 0.00581868963109508 0.00731743011854237 0
"имеются" 0.00923361034164358 0.0193704600484262 0.00662207800807894 0.0103939299449122 0 0.0429331959471063 0 0 0 0.00590144585423429
"инерцией" 0 0 0 0 0 0 0 0 0.0585394409483389 0.0177043375627029
"искать" 0.0369344413665743 0.0290556900726392 0 0 0 0 0.019047619047619 0 0 0.00590144585423429
"история" 0 0.00968523002421308 0.0132441560161579 0 0 0 0.019047619047619 0.0290934481554754 0 0
"каждым" 0 0 0.00662207800807894 0.0103939299449122 0 0.0257599175682638 0.019047619047619 0.0174560688932852 0 0
"картина" 0 0 0.0132441560161579 0 0 0 0 0.0116373792621902 0.0292697204741695 0.0177043375627029
"качестве" 0 0 0 0 0.0203915171288744 0.034346556757685 0 0 0.0292697204741695 0.00590144585423429
"кожу" 0 0 0 0 0 0 0.0380952380952381 0.0232747585243803 0.00731743011854237 0
"конкретного" 0 0 0 0 0 0 0.00634920634920635 0.0465495170487606 0 0.0118028917084686
"концом" 0 0 0 0 0 0.00858663918942126 0.019047619047619 0.0232747585243803 0.0219522903556271 0
"лежат" 0 0 0.00662207800807894 0.0103939299449122 0 0 0.0126984126984127 0.0290934481554754 0 0.0118028917084686
"материала" 0.00923361034164358 0.00968523002421308 0 0.0103939299449122 0.0203915171288744 0.034346556757685 0.00634920634920635 0 0 0.00590144585423429
"машина" 0.00923361034164358 0 0 0.0207878598898243 0 0 0.0507936507936508 0 0 0
"местных" 0 0 0 0 0 0.0171732783788425 0 0 0.0365871505927118 0.0236057834169371
"мной" 0.0184672206832872 0 0.00662207800807894 0.0207878598898243 0.0203915171288744 0.00858663918942126 0.0126984126984127 0.00581868963109508 0 0
"мозговой" 0 0 0 0.0207878598898243 0.0101957585644372 0 0.0444444444444444 0 0 0.00590144585423429
"мышечно" 0 0 0 0 0 0 0.00634920634920635 0.0581868963109508 0 0
"мышечного" 0 0 0.0198662340242368 0 0 0 0.019047619047619 0.0290934481554754 0 0
"назад" 0.00923361034164358 0.0290556900726392 0.0132441560161579 0.0207878598898243 0 0.0171732783788425 0.00634920634920635 0 0 0
"называемой" 0.00923361034164358 0.00968523002421308 0.0132441560161579 0.0103939299449122 0.0203915171288744 0.0171732783788425 0 0.00581868963109508 0 0.00590144585423429
"населения" 0 0.0968523002421307 0.00662207800807894 0 0 0 0 0 0 0
"наслаждение" 0 0 0 0 0 0 0.0380952380952381 0.0232747585243803 0.00731743011854237 0
"настолько" 0.00923361034164358 0.0193704600484262 0.0132441560161579 0 0 0 0.019047619047619 0.00581868963109508 0.00731743011854237 0.00590144585423429
"начал" 0.00923361034164358 0.0193704600484262 0.0331103900403947 0 0 0 0 0 0 0.0177043375627029
"начинают" 0 0 0.00662207800807894 0.0207878598898243 0 0.00858663918942126 0.019047619047619 0.00581868963109508 0.00731743011854237 0.0118028917084686
"неизбежно" 0.0554016620498615 0.00968523002421308 0 0 0.0101957585644372 0.00858663918942126 0.00634920634920635 0 0 0.00590144585423429
"непосредственное" 0 0 0.0331103900403947 0.0103939299449122 0.0203915171288744 0.00858663918942126 0 0 0 0.0118028917084686
"никаких" 0.0184672206832872 0 0.0198662340242368 0 0.0101957585644372 0.0171732783788425 0 0 0.0146348602370847 0.00590144585423429
"нисколько" 0 0 0 0 0 0.00858663918942126 0.019047619047619 0.0349121377865705 0 0.00590144585423429
"новая" 0.00923361034164358 0 0 0 0.0101957585644372 0 0 0 0.0146348602370847 0.04131012097964
"ногами" 0 0 0 0 0.0101957585644372 0 0.019047619047619 0.0290934481554754 0 0.0118028917084686
"носит" 0.00923361034164358 0.00968523002421308 0.00662207800807894 0.0103939299449122 0.0203915171288744 0 0.00634920634920635 0.00581868963109508 0 0.0177043375627029
"образов" 0 0 0 0 0 0 0 0.0581868963109508 0.00731743011854237 0
"образовании" 0 0.00968523002421308 0 0.0415757197796487 0 0.0257599175682638 0 0 0 0.0177043375627029
"обстоятельство" 0 0.0193704600484262 0.0132441560161579 0 0 0 0.00634920634920635 0.0290934481554754 0.00731743011854237 0
"обучения" 0 0.00968523002421308 0 0.062363579669473 0 0.00858663918942126 0.0126984126984127 0 0 0.00590144585423429
"общечеловеческой" 0.101569713758079 0 0 0 0 0 0 0 0 0
"общим" 0.00923361034164358 0.0290556900726392 0.00662207800807894 0 0.0101957585644372 0.00858663918942126 0 0.0116373792621902 0.00731743011854237 0.00590144585423429
"определении" 0 0.00968523002421308 0.0264883120323157 0 0 0.00858663918942126 0.00634920634920635 0.00581868963109508 0.00731743011854237 0.0118028917084686
"опытами" 0.00923361034164358 0 0 0.0415757197796487 0.0203915171288744 0 0.0126984126984127 0.0116373792621902 0 0
"отдел" 0 0 0 0.0311817898347365 0.050978792822186 0.0171732783788425 0.00634920634920635 0 0 0
"отличается" 0.00923361034164358 0.00968523002421308 0 0 0.0101957585644372 0.00858663918942126 0.00634920634920635 0.0290934481554754 0 0.00590144585423429
"отправления" 0 0 0 0 0 0 0 0 0.0512220108297966 0.0236057834169371
"отраженных" 0 0 0 0 0 0 0.0507936507936508 0.0116373792621902 0.00731743011854237 0
"первоначально" 0.0184672206832872 0.00968523002421308 0.0198662340242368 0.0103939299449122 0 0 0 0 0.0146348602370847 0.0118028917084686
"перейти" 0 0 0.0132441560161579 0.0103939299449122 0 0.00858663918942126 0.00634920634920635 0.0116373792621902 0 0.0236057834169371
"поверхность" 0 0 0.00662207800807894 0 0 0.0171732783788425 0.00634920634920635 0.0290934481554754 0.00731743011854237 0.00590144585423429
"подобных" 0.0184672206832872 0.00968523002421308 0.0132441560161579 0 0 0 0 0.0232747585243803 0 0.0118028917084686
"поле" 0.00923361034164358 0 0.00662207800807894 0.0103939299449122 0 0 0 0.00581868963109508 0.0439045807112542 0.00590144585423429
"положим" 0 0 0 0 0.0101957585644372 0.00858663918942126 0.0126984126984127 0.0174560688932852 0 0.0236057834169371
"поля" 0.00923361034164358 0 0 0 0 0 0.0126984126984127 0 0.0585394409483389 0
"понимаем" 0.0184672206832872 0 0.0198662340242368 0.0103939299449122 0 0 0 0 0.0219522903556271 0.0118028917084686
"понятиями" 0 0 0 0.0103939299449122 0.0305872756933116 0.0257599175682638 0 0.0116373792621902 0.0146348602370847 0
"последовательно" 0 0.0290556900726392 0 0.0207878598898243 0.0101957585644372 0 0 0.0116373792621902 0.00731743011854237 0.0118028917084686
"последовательных" 0 0 0 0.0207878598898243 0.0101957585644372 0 0.019047619047619 0 0.0219522903556271 0.0118028917084686
"прав" 0.0277008310249307 0.0677966101694915 0 0 0 0 0 0 0 0.00590144585423429
"право" 0.00923361034164358 0.0387409200968523 0 0 0.0101957585644372 0.0171732783788425 0.0126984126984127 0.00581868963109508 0 0
"представлениями" 0 0 0 0 0.0203915171288744 0.00858663918942126 0.00634920634920635 0.0407308274176655 0 0
"прежней" 0 0 0 0 0 0 0 0 0.0731743011854237 0.00590144585423429
"принимают" 0 0 0.0132441560161579 0.0207878598898243 0.0101957585644372 0 0.019047619047619 0.0174560688932852 0 0
"природу" 0.0184672206832872 0 0.00662207800807894 0 0 0.0171732783788425 0.00634920634920635 0.00581868963109508 0.0219522903556271 0.00590144585423429
"приходящих" 0 0 0 0.0207878598898243 0 0 0 0 0.0219522903556271 0.0354086751254057
"противодействие" 0.00923361034164358 0 0.0132441560161579 0 0 0 0.0507936507936508 0 0 0
"развиваются" 0 0.0193704600484262 0.00662207800807894 0 0 0 0.019047619047619 0.0232747585243803 0 0.00590144585423429
"различие" 0 0 0 0 0 0.0257599175682638 0.0126984126984127 0.0290934481554754 0.00731743011854237 0
"распространения" 0.0184672206832872 0.00968523002421308 0.0331103900403947 0 0 0 0 0 0.0146348602370847 0.00590144585423429
"результате" 0.00923361034164358 0 0 0.0103939299449122 0 0.0171732783788425 0.00634920634920635 0.0116373792621902 0 0.0236057834169371
"рефлексе" 0 0 0 0.0103939299449122 0.0101957585644372 0.0257599175682638 0.0126984126984127 0.0116373792621902 0.00731743011854237 0.00590144585423429
"решение" 0 0 0 0.0103939299449122 0.0101957585644372 0.0257599175682638 0.0253968253968254 0.0116373792621902 0 0
"рука" 0 0 0.0198662340242368 0 0.0101957585644372 0 0.019047619047619 0.0232747585243803 0 0
"самовнушения" 0 0 0.0728428580888683 0 0 0 0 0 0 0
"своими" 0.0277008310249307 0.00968523002421308 0.00662207800807894 0.0103939299449122 0.0101957585644372 0 0.00634920634920635 0.00581868963109508 0 0.0118028917084686
"свойство" 0 0 0 0 0.0101957585644372 0.0257599175682638 0.019047619047619 0.0174560688932852 0.00731743011854237 0
"сильным" 0 0 0.00662207800807894 0 0 0.034346556757685 0.0126984126984127 0.0174560688932852 0.00731743011854237 0
"симптомокомплекс" 0 0 0 0 0 0 0 0 0.00731743011854237 0.0590144585423429
"систематически" 0 0.0387409200968523 0 0.0103939299449122 0.0101957585644372 0.0257599175682638 0 0 0.00731743011854237 0.00590144585423429
"следующим" 0.00923361034164358 0 0 0 0.0101957585644372 0.0171732783788425 0.019047619047619 0.0116373792621902 0.00731743011854237 0.00590144585423429
"случая" 0 0 0 0.0207878598898243 0.0101957585644372 0.0171732783788425 0.019047619047619 0.00581868963109508 0.00731743011854237 0.00590144585423429
"содержания" 0 0.00968523002421308 0.0132441560161579 0 0 0 0 0.0290934481554754 0.0146348602370847 0.00590144585423429
"сознательной" 0.00923361034164358 0 0 0.0103939299449122 0 0 0 0.0523682066798557 0 0
"сомнению" 0 0.00968523002421308 0.0463545460565525 0 0.0203915171288744 0 0.00634920634920635 0 0 0
"сопровождается" 0.0184672206832872 0 0 0.0103939299449122 0.0101957585644372 0.0171732783788425 0 0.0290934481554754 0 0
"социальной" 0.0277008310249307 0.0290556900726392 0.0132441560161579 0 0.0203915171288744 0.00858663918942126 0 0 0 0
"сочетания" 0.00923361034164358 0 0 0 0 0 0.0317460317460317 0.0174560688932852 0.00731743011854237 0.00590144585423429
"спб" 0.0554016620498615 0 0.0331103900403947 0 0 0 0 0 0 0
"специальные" 0 0 0 0.062363579669473 0.0305872756933116 0.0171732783788425 0 0 0 0
"специальных" 0 0 0 0.0727575096143852 0.0101957585644372 0.0171732783788425 0 0 0 0.00590144585423429
"спинной" 0 0 0 0.0103939299449122 0 0 0.0444444444444444 0 0.0146348602370847 0.00590144585423429
"способ" 0.00923361034164358 0 0.0463545460565525 0 0 0.00858663918942126 0 0 0 0.0118028917084686
"страстного" 0 0 0 0 0 0 0 0.0640055859420458 0 0
"существа" 0.0831024930747922 0 0 0.0103939299449122 0 0 0 0 0 0.00590144585423429
"сфер" 0 0 0 0 0 0 0.00634920634920635 0.0581868963109508 0 0
"сфера" 0 0 0.00662207800807894 0 0 0 0.019047619047619 0.0116373792621902 0.0146348602370847 0.0177043375627029
"тока" 0.0369344413665743 0 0 0 0.0611745513866232 0 0 0 0 0.00590144585423429
"толчок" 0.0277008310249307 0 0 0 0.0101957585644372 0 0.0253968253968254 0.0174560688932852 0 0
"тонов" 0 0 0 0.0207878598898243 0.0305872756933116 0.0257599175682638 0 0.0174560688932852 0 0
"точнее" 0.0369344413665743 0.00968523002421308 0.0132441560161579 0 0.0407830342577488 0 0 0 0 0
"трудных" 0 0.00968523002421308 0 0 0.0305872756933116 0.0429331959471063 0.00634920634920635 0 0 0.00590144585423429
"туловища" 0 0 0.00662207800807894 0 0 0 0.0507936507936508 0.00581868963109508 0.00731743011854237 0
"усиливает" 0 0 0 0 0 0 0.0317460317460317 0.0116373792621902 0.0292697204741695 0
"ухо" 0 0 0 0 0 0.0171732783788425 0.0126984126984127 0.0407308274176655 0 0
"характеру" 0 0.0193704600484262 0.0132441560161579 0 0.0101957585644372 0 0.0253968253968254 0.0116373792621902 0 0
"характеры" 0 0.00968523002421308 0 0 0 0 0.0380952380952381 0.0232747585243803 0 0
"ходьбы" 0.00923361034164358 0 0 0 0 0 0.0571428571428571 0.00581868963109508 0 0
"хотение" 0 0 0 0 0 0 0 0.0640055859420458 0 0
"частях" 0 0.00968523002421308 0.00662207800807894 0.0207878598898243 0 0 0.0253968253968254 0.00581868963109508 0.00731743011854237 0.00590144585423429
"чувство" 0.0184672206832872 0.00968523002421308 0.00662207800807894 0.0103939299449122 0 0 0.0253968253968254 0.0116373792621902 0 0
"эволюции" 0.0831024930747922 0 0 0 0 0 0 0 0.0146348602370847 0
"k" 0 0 0 0 0 0 0 0 0.080491731303966 0
"агентов" 0 0 0 0.0415757197796487 0.0305872756933116 0.0171732783788425 0 0 0 0.00590144585423429
"большее" 0 0.00968523002421308 0 0.0103939299449122 0.0101957585644372 0.00858663918942126 0.0253968253968254 0 0.0146348602370847 0
"будущего" 0.0461680517082179 0.0193704600484262 0 0.0103939299449122 0 0 0 0 0 0.0118028917084686
"верно" 0 0.00968523002421308 0.0264883120323157 0.0103939299449122 0 0.00858663918942126 0 0 0 0.0177043375627029
"взять" 0 0 0.0198662340242368 0 0.0101957585644372 0.00858663918942126 0 0.00581868963109508 0.0146348602370847 0.0118028917084686
"видение" 0 0 0.0662207800807894 0 0 0 0 0 0 0
"внезапного" 0 0.00968523002421308 0 0 0 0 0.0571428571428571 0 0 0
"волокна" 0 0 0 0.0311817898347365 0 0 0.0317460317460317 0.0116373792621902 0 0
"вряд" 0 0.0484261501210654 0.0264883120323157 0 0 0 0.00634920634920635 0 0 0
"встречается" 0 0 0.0132441560161579 0 0 0.00858663918942126 0.0126984126984127 0.0232747585243803 0 0.00590144585423429
"всяких" 0 0.0290556900726392 0 0.0207878598898243 0.0101957585644372 0 0.019047619047619 0 0.00731743011854237 0
"вторая" 0 0 0 0.0103939299449122 0 0.0171732783788425 0.0126984126984127 0.0174560688932852 0.0146348602370847 0
"входить" 0 0.0193704600484262 0.0198662340242368 0 0.0203915171288744 0.00858663918942126 0.00634920634920635 0 0 0.00590144585423429
"вызывается" 0 0 0 0 0 0 0.0126984126984127 0 0.0585394409483389 0
"высшие" 0 0 0.00662207800807894 0 0.0101957585644372 0 0 0 0.0146348602370847 0.0354086751254057
"глотания" 0 0 0 0 0 0 0.0126984126984127 0 0.0439045807112542 0.0118028917084686
"говорю" 0 0 0.0132441560161579 0 0 0 0.00634920634920635 0.0116373792621902 0 0.0295072292711714
"года" 0 0.00968523002421308 0.00662207800807894 0 0.0101957585644372 0 0 0.0407308274176655 0 0
"головном" 0 0 0 0 0 0 0.0444444444444444 0.0116373792621902 0 0.00590144585423429
"голос" 0.00923361034164358 0.00968523002421308 0.00662207800807894 0 0 0 0.00634920634920635 0.0349121377865705 0 0
"дается" 0.0184672206832872 0 0.00662207800807894 0.0103939299449122 0 0 0 0.0290934481554754 0 0.00590144585423429
"дальнейшем" 0.00923361034164358 0 0 0.0207878598898243 0.0305872756933116 0.00858663918942126 0 0.00581868963109508 0.00731743011854237 0.00590144585423429
"данным" 0 0 0 0.0103939299449122 0 0.00858663918942126 0.00634920634920635 0 0.0365871505927118 0.0118028917084686
"двигательных" 0 0 0 0.0103939299449122 0.0203915171288744 0 0.019047619047619 0.00581868963109508 0.0146348602370847 0.00590144585423429
"делу" 0.00923361034164358 0.00968523002421308 0 0 0.0101957585644372 0.00858663918942126 0.0253968253968254 0 0 0.0118028917084686
"детей" 0 0.0290556900726392 0.0132441560161579 0 0 0 0 0.0290934481554754 0 0
"дня" 0 0.0193704600484262 0.00662207800807894 0.0103939299449122 0.0101957585644372 0.0171732783788425 0 0.0116373792621902 0 0.00590144585423429
"европы" 0.00923361034164358 0.0581113801452785 0.00662207800807894 0 0 0 0 0.0116373792621902 0 0
"ею" 0 0 0.0132441560161579 0.0103939299449122 0.0101957585644372 0.00858663918942126 0 0 0.00731743011854237 0.0236057834169371
"желез" 0.00923361034164358 0 0 0 0 0.0772797527047913 0 0 0 0
"задней" 0 0 0 0.0103939299449122 0 0 0.0380952380952381 0.00581868963109508 0.0146348602370847 0
"замечено" 0 0 0.0264883120323157 0 0 0.00858663918942126 0.019047619047619 0.0116373792621902 0 0
"идей" 0 0.0193704600484262 0.0529766240646315 0 0 0 0 0 0 0
"идея" 0.00923361034164358 0 0.0264883120323157 0.0311817898347365 0 0 0 0 0.00731743011854237 0.00590144585423429
"известные" 0.00923361034164358 0 0.0198662340242368 0.0103939299449122 0.0101957585644372 0.00858663918942126 0.00634920634920635 0 0.00731743011854237 0.00590144585423429
"имел" 0.00923361034164358 0.00968523002421308 0.0198662340242368 0 0 0 0 0.0116373792621902 0.0146348602370847 0.00590144585423429
"имя" 0 0.0193704600484262 0 0 0 0 0.019047619047619 0.0116373792621902 0.0146348602370847 0.00590144585423429
"истина" 0.00923361034164358 0.00968523002421308 0 0 0 0 0.019047619047619 0.00581868963109508 0.0146348602370847 0.0118028917084686
"казни" 0.0277008310249307 0.0581113801452785 0.00662207800807894 0 0 0 0 0 0 0
"классической" 0 0 0 0 0.0101957585644372 0.00858663918942126 0 0 0.0292697204741695 0.0236057834169371
"лице" 0.0369344413665743 0.00968523002421308 0.00662207800807894 0 0.0203915171288744 0.00858663918942126 0 0 0 0.00590144585423429
"любезный" 0 0 0 0 0 0 0.0571428571428571 0.00581868963109508 0 0
"мак" 0 0 0 0 0 0 0 0 0.0365871505927118 0.0295072292711714
"миру" 0.00923361034164358 0.0193704600484262 0 0 0.050978792822186 0 0.0126984126984127 0 0 0
"многочисленные" 0 0.0193704600484262 0 0.0103939299449122 0.0407830342577488 0.0257599175682638 0 0 0 0
"моему" 0 0 0.00662207800807894 0.0415757197796487 0 0 0 0.00581868963109508 0.0146348602370847 0.0118028917084686
"навыка" 0 0 0 0.103939299449122 0 0 0 0 0 0
"называемого" 0 0 0.0198662340242368 0.0103939299449122 0.0305872756933116 0.00858663918942126 0 0.0116373792621902 0 0
"наличного" 0 0 0 0 0.0203915171288744 0 0 0 0.0292697204741695 0.0236057834169371
"научного" 0.00923361034164358 0.0193704600484262 0.00662207800807894 0.0311817898347365 0.0305872756933116 0 0 0 0 0
"находит" 0 0.0193704600484262 0.0132441560161579 0.0311817898347365 0.0101957585644372 0 0 0 0.00731743011854237 0.00590144585423429
"невольными" 0 0 0.00662207800807894 0 0 0 0.0507936507936508 0.00581868963109508 0 0
"некоторой" 0 0.0193704600484262 0.00662207800807894 0.0207878598898243 0.0305872756933116 0 0 0 0 0.0118028917084686
"нетрудно" 0 0 0.00662207800807894 0.0103939299449122 0.0203915171288744 0 0.0126984126984127 0.0174560688932852 0.00731743011854237 0
"нею" 0.00923361034164358 0 0 0 0 0 0.0126984126984127 0 0.0219522903556271 0.0236057834169371
"низших" 0 0.00968523002421308 0 0.0207878598898243 0.0407830342577488 0.00858663918942126 0 0.00581868963109508 0.00731743011854237 0
"новое" 0 0 0 0.0103939299449122 0.0101957585644372 0.0171732783788425 0 0.0116373792621902 0.0146348602370847 0.0118028917084686
"новым" 0.00923361034164358 0.00968523002421308 0 0 0 0.0171732783788425 0 0.0116373792621902 0.0219522903556271 0.00590144585423429
"нуля" 0 0 0 0.0103939299449122 0 0.0515198351365276 0.00634920634920635 0.0116373792621902 0 0
"обнаруживается" 0 0.0193704600484262 0.0132441560161579 0 0.0203915171288744 0.0257599175682638 0 0 0 0.00590144585423429
"обоими" 0 0 0 0 0.0203915171288744 0.00858663918942126 0.019047619047619 0.0232747585243803 0 0
"образами" 0 0 0 0 0 0 0 0.0407308274176655 0.0219522903556271 0
"обстановке" 0 0 0 0.0207878598898243 0.0203915171288744 0.034346556757685 0 0.00581868963109508 0 0.00590144585423429
"объяснить" 0 0.00968523002421308 0.0132441560161579 0 0 0 0.0253968253968254 0 0.0219522903556271 0
"одинаково" 0 0 0 0 0.0305872756933116 0 0.019047619047619 0.0174560688932852 0.00731743011854237 0
"одними" 0 0.0193704600484262 0.0198662340242368 0.0103939299449122 0.0101957585644372 0 0 0.00581868963109508 0.0146348602370847 0
"определенным" 0 0.0193704600484262 0 0.0103939299449122 0.0305872756933116 0 0.00634920634920635 0.00581868963109508 0 0.0118028917084686
"органом" 0 0.00968523002421308 0 0 0.0101957585644372 0 0 0 0 0.0472115668338743
"оси" 0 0 0 0 0 0 0.0253968253968254 0.0116373792621902 0 0.0236057834169371
"осязательных" 0 0 0 0 0 0 0.0126984126984127 0.0465495170487606 0 0
"отдаленных" 0.00923361034164358 0 0 0.0103939299449122 0.0101957585644372 0.00858663918942126 0 0 0.0219522903556271 0.0177043375627029
"отделе" 0 0.00968523002421308 0 0.0311817898347365 0.0305872756933116 0.00858663918942126 0 0.00581868963109508 0 0.00590144585423429
"отдельно" 0 0 0 0.0311817898347365 0 0.00858663918942126 0 0.0290934481554754 0 0.00590144585423429
"отчетливо" 0 0 0 0.0519696497245609 0.0203915171288744 0.0171732783788425 0.00634920634920635 0 0 0
"павлова" 0 0 0 0 0 0 0 0 0.0365871505927118 0.0295072292711714
"переход" 0.0184672206832872 0 0 0 0.0101957585644372 0.00858663918942126 0 0.0174560688932852 0 0.0177043375627029
"повторений" 0 0 0 0.0311817898347365 0 0.0601064743259488 0 0 0 0
"подкрепления" 0 0 0 0 0.0101957585644372 0.0171732783788425 0 0 0.0219522903556271 0.0236057834169371
"подобное" 0 0 0.00662207800807894 0 0 0.0171732783788425 0.019047619047619 0 0.00731743011854237 0.0177043375627029
"полной" 0.0277008310249307 0.00968523002421308 0 0 0.0101957585644372 0.0257599175682638 0.00634920634920635 0.00581868963109508 0 0
"положительных" 0 0 0.00662207800807894 0.0207878598898243 0.0101957585644372 0.034346556757685 0 0 0.00731743011854237 0.00590144585423429
"получает" 0 0.00968523002421308 0.00662207800807894 0 0 0 0.0126984126984127 0.0232747585243803 0 0.0118028917084686
"понимания" 0 0.00968523002421308 0 0.0415757197796487 0 0 0.00634920634920635 0 0.00731743011854237 0.0177043375627029
"постороннего" 0 0 0.00662207800807894 0 0.0407830342577488 0 0.019047619047619 0.00581868963109508 0.00731743011854237 0
"постоянный" 0 0 0 0.0311817898347365 0 0.00858663918942126 0 0 0.0292697204741695 0.0118028917084686
"поток" 0 0 0.0198662340242368 0.0103939299449122 0 0 0 0 0.0219522903556271 0.0177043375627029
"предшествующих" 0.0369344413665743 0 0 0.0103939299449122 0 0.0171732783788425 0 0.00581868963109508 0.0146348602370847 0
"прежние" 0 0 0 0 0 0 0 0.00581868963109508 0.0512220108297966 0.0118028917084686
"прежних" 0 0 0 0 0.0101957585644372 0.00858663918942126 0 0 0.0292697204741695 0.0236057834169371
"принципиально" 0 0 0 0 0 0 0 0 0.0219522903556271 0.04131012097964
"приобретает" 0.00923361034164358 0 0 0 0 0.00858663918942126 0 0.00581868963109508 0.0365871505927118 0.0118028917084686
"продолжение" 0 0 0 0.0103939299449122 0.0101957585644372 0.00858663918942126 0.019047619047619 0.0232747585243803 0 0
"произвести" 0 0 0.00662207800807894 0.0103939299449122 0 0 0.00634920634920635 0.0232747585243803 0.0146348602370847 0.00590144585423429
"проще" 0 0 0.00662207800807894 0.0103939299449122 0 0.00858663918942126 0.019047619047619 0.0116373792621902 0 0.0118028917084686
"проявлений" 0.0184672206832872 0 0.0132441560161579 0 0 0 0.0380952380952381 0 0 0
"психическом" 0 0.0193704600484262 0.0264883120323157 0 0 0 0.00634920634920635 0.0174560688932852 0 0
"равным" 0 0.0387409200968523 0.0331103900403947 0 0 0 0 0.00581868963109508 0 0
"развивать" 0 0 0.00662207800807894 0 0 0 0.0253968253968254 0.0116373792621902 0.0146348602370847 0.00590144585423429
"раздражителях" 0 0 0 0.0207878598898243 0 0.0601064743259488 0 0 0 0.00590144585423429
"рассматривать" 0.00923361034164358 0 0 0 0 0.0171732783788425 0.0253968253968254 0 0.00731743011854237 0.0118028917084686
"реакцией" 0 0.00968523002421308 0 0.0519696497245609 0 0.0257599175682638 0 0 0.00731743011854237 0
"реальности" 0.00923361034164358 0 0 0 0 0 0 0 0.0292697204741695 0.0295072292711714
"резче" 0 0.00968523002421308 0 0.0103939299449122 0 0 0.0126984126984127 0.0349121377865705 0 0
"рождения" 0.0369344413665743 0 0 0.0103939299449122 0.0101957585644372 0.0171732783788425 0.0126984126984127 0 0 0
"роли" 0.00923361034164358 0.0290556900726392 0.0132441560161579 0 0 0 0.0126984126984127 0.0116373792621902 0 0
"россии" 0 0.0871670702179177 0 0 0 0 0.00634920634920635 0 0 0
"рукой" 0.00923361034164358 0 0.0331103900403947 0 0 0 0.0126984126984127 0.0116373792621902 0 0
"самая" 0 0 0.00662207800807894 0.0207878598898243 0 0 0.0126984126984127 0.0290934481554754 0 0
"сетчатой" 0 0 0 0 0 0 0 0.0581868963109508 0 0
"слабого" 0 0 0 0 0.050978792822186 0.0257599175682638 0 0.00581868963109508 0 0.00590144585423429
"сложной" 0 0.00968523002421308 0 0.0207878598898243 0.050978792822186 0 0 0 0 0.0118028917084686
"случалось" 0 0 0.00662207800807894 0 0.0101957585644372 0 0.0444444444444444 0.00581868963109508 0 0
"современного" 0.0184672206832872 0.0193704600484262 0.00662207800807894 0.0415757197796487 0 0 0 0 0 0.00590144585423429
"сокращение" 0 0 0 0 0 0 0.0444444444444444 0.0116373792621902 0 0.00590144585423429
"соответствующий" 0 0 0 0 0.0101957585644372 0.034346556757685 0 0 0.0292697204741695 0.00590144585423429
"срок" 0.0184672206832872 0.00968523002421308 0 0.0103939299449122 0 0.0429331959471063 0 0.00581868963109508 0 0
"стать" 0 0.00968523002421308 0 0 0 0.00858663918942126 0 0 0.0146348602370847 0.0354086751254057
"стимул" 0.00923361034164358 0 0 0 0 0 0 0 0.0292697204741695 0.0295072292711714
"стоят" 0.00923361034164358 0 0.00662207800807894 0 0 0.00858663918942126 0.00634920634920635 0.0174560688932852 0.0146348602370847 0.00590144585423429
"суммирование" 0 0 0 0 0 0 0 0 0.00731743011854237 0.0531130126881086
"суммированию" 0 0 0 0 0 0 0 0 0.0658568710668813 0.00590144585423429
"теряет" 0 0.00968523002421308 0 0.0207878598898243 0.0101957585644372 0.0171732783788425 0.00634920634920635 0.0174560688932852 0 0
"течением" 0.0184672206832872 0.0193704600484262 0.00662207800807894 0 0.0101957585644372 0.0171732783788425 0 0 0 0.0118028917084686
"торможений" 0 0 0 0 0 0.00858663918942126 0 0 0.0365871505927118 0.0236057834169371
"убеждению" 0 0.00968523002421308 0.0397324680484736 0.0103939299449122 0 0 0 0 0.00731743011854237 0.00590144585423429
"упражнения" 0 0 0 0 0 0 0.019047619047619 0.0232747585243803 0 0.0177043375627029
"уравновешенных" 0 0 0 0 0.0203915171288744 0.0601064743259488 0 0 0 0.00590144585423429
"условием" 0.00923361034164358 0.0387409200968523 0 0 0 0 0.019047619047619 0 0.00731743011854237 0.00590144585423429
"факторов" 0 0.00968523002421308 0 0.0103939299449122 0 0 0 0 0.0146348602370847 0.0354086751254057
"физиолога" 0 0 0 0.0207878598898243 0.0305872756933116 0 0.00634920634920635 0.00581868963109508 0.00731743011854237 0.0118028917084686
"физиологический" 0 0 0 0.0207878598898243 0.0203915171288744 0 0.00634920634920635 0 0.0146348602370847 0.0177043375627029
"хоть" 0.00923361034164358 0 0 0.0207878598898243 0 0 0.0126984126984127 0.0232747585243803 0 0.00590144585423429
"целой" 0.00923361034164358 0 0.0198662340242368 0 0 0.00858663918942126 0 0.00581868963109508 0.0146348602370847 0.0118028917084686
"центральная" 0 0 0 0.0103939299449122 0 0 0.00634920634920635 0 0.0146348602370847 0.0354086751254057
"центру" 0 0 0 0.0207878598898243 0 0 0 0 0.00731743011854237 0.04131012097964
"цепь" 0 0 0 0 0 0 0.019047619047619 0 0.0219522903556271 0.0236057834169371
"человеческих" 0.0461680517082179 0.00968523002421308 0 0.0207878598898243 0.0101957585644372 0.00858663918942126 0 0 0 0
"чертах" 0 0.00968523002421308 0.00662207800807894 0 0.0101957585644372 0.00858663918942126 0 0.0290934481554754 0.00731743011854237 0
"школе" 0 0.0677966101694915 0 0 0 0 0 0 0.0146348602370847 0.00590144585423429
"ясного" 0 0.00968523002421308 0.0132441560161579 0.0103939299449122 0.0101957585644372 0 0 0.0232747585243803 0.00731743011854237 0
"авторы" 0 0.0484261501210654 0.0198662340242368 0.0103939299449122 0 0 0 0 0 0
"анализе" 0.00923361034164358 0 0 0.0311817898347365 0 0 0 0.0174560688932852 0 0.0118028917084686
"ближайшей" 0 0 0 0.0519696497245609 0 0.00858663918942126 0 0 0.0146348602370847 0.00590144585423429
"боль" 0 0.00968523002421308 0.0198662340242368 0 0 0 0.00634920634920635 0.0174560688932852 0 0.00590144585423429
"важный" 0 0.0193704600484262 0 0.0207878598898243 0.0101957585644372 0.00858663918942126 0.00634920634920635 0 0.00731743011854237 0.00590144585423429
"веры" 0 0 0.0529766240646315 0 0 0 0 0.00581868963109508 0 0
"вещь" 0 0 0 0.0103939299449122 0 0.00858663918942126 0.019047619047619 0.0174560688932852 0 0.00590144585423429
"взаимовнушения" 0 0 0.0595987020727104 0 0 0 0 0 0 0
"власть" 0.00923361034164358 0.0193704600484262 0.00662207800807894 0 0.0101957585644372 0.0171732783788425 0 0.0116373792621902 0 0
"влияниям" 0 0 0.00662207800807894 0 0.0101957585644372 0.0171732783788425 0.0253968253968254 0.00581868963109508 0 0
"война" 0.0277008310249307 0.0290556900726392 0 0 0 0 0 0 0.0146348602370847 0.00590144585423429
"вокруг" 0.0184672206832872 0 0.0331103900403947 0 0 0 0 0 0 0.0118028917084686
"воспринимающие" 0.0369344413665743 0 0 0 0 0.0429331959471063 0 0 0 0
"врача" 0 0.00968523002421308 0.0463545460565525 0 0 0.00858663918942126 0 0 0 0
"временной" 0.00923361034164358 0 0 0.0103939299449122 0.050978792822186 0 0 0 0.0146348602370847 0
"временную" 0 0 0 0 0.0815660685154976 0 0 0 0.00731743011854237 0
"высоко" 0 0.00968523002421308 0 0 0 0 0 0 0.0219522903556271 0.0295072292711714
"выучивается" 0 0 0 0 0 0 0.0253968253968254 0.0290934481554754 0 0
"главы" 0 0 0 0 0.0203915171288744 0 0.0126984126984127 0.0174560688932852 0.0146348602370847 0
"группу" 0 0 0 0 0.0101957585644372 0.00858663918942126 0.0317460317460317 0 0.00731743011854237 0.00590144585423429
"даны" 0 0 0 0 0 0 0.00634920634920635 0.0349121377865705 0.00731743011854237 0.00590144585423429
"действительным" 0 0 0.0132441560161579 0 0 0.0257599175682638 0 0.0232747585243803 0 0
"действию" 0 0.00968523002421308 0.0132441560161579 0 0 0 0.0126984126984127 0 0.00731743011854237 0.0177043375627029
"действующего" 0.00923361034164358 0 0.0132441560161579 0 0 0.00858663918942126 0.0126984126984127 0.00581868963109508 0.00731743011854237 0.00590144585423429
"долгое" 0 0 0.00662207800807894 0.0103939299449122 0 0.0171732783788425 0 0.0174560688932852 0 0.0118028917084686
"духовная" 0.0831024930747922 0 0 0 0 0 0 0 0 0
"естествознания" 0 0 0 0.0103939299449122 0.050978792822186 0.0257599175682638 0 0 0 0
"зависимость" 0.0184672206832872 0 0 0 0 0.00858663918942126 0.00634920634920635 0.0116373792621902 0.0219522903556271 0
"задач" 0 0 0 0.0311817898347365 0.0101957585644372 0.0171732783788425 0.00634920634920635 0 0.00731743011854237 0.00590144585423429
"закону" 0.0184672206832872 0 0 0.0103939299449122 0 0.0171732783788425 0 0.00581868963109508 0.0219522903556271 0
"запах" 0 0 0 0 0 0.0515198351365276 0.019047619047619 0 0 0
"звуку" 0 0 0 0 0 0 0.019047619047619 0.0349121377865705 0 0
"играть" 0 0.00968523002421308 0 0 0 0 0 0.00581868963109508 0.0219522903556271 0.0236057834169371
"изменяется" 0 0 0 0 0 0.00858663918942126 0.019047619047619 0.0174560688932852 0.0146348602370847 0
"имея" 0.0184672206832872 0 0 0.0311817898347365 0 0 0.0126984126984127 0.0116373792621902 0 0
"импульса" 0 0 0 0.0103939299449122 0 0 0 0 0.0512220108297966 0.00590144585423429
"индукции" 0 0 0 0.0207878598898243 0.0407830342577488 0.00858663918942126 0 0 0.0146348602370847 0
"инертность" 0 0 0 0 0.0101957585644372 0.0601064743259488 0 0 0.00731743011854237 0
"иного" 0.00923361034164358 0 0.0264883120323157 0 0 0 0.00634920634920635 0.00581868963109508 0.00731743011854237 0.00590144585423429
"иррадиации" 0 0 0 0.0103939299449122 0.0407830342577488 0 0 0 0.0219522903556271 0.00590144585423429
"исследовании" 0 0 0.00662207800807894 0.0103939299449122 0.0305872756933116 0.00858663918942126 0 0.0174560688932852 0 0
"исследованию" 0 0 0 0.0207878598898243 0.0101957585644372 0.0257599175682638 0.00634920634920635 0 0 0.0118028917084686
"истериозис" 0 0 0 0 0 0 0 0 0.0585394409483389 0.00590144585423429
"коже" 0 0 0 0 0 0.00858663918942126 0.0317460317460317 0.0116373792621902 0 0.00590144585423429
"конвульсии" 0 0 0.0529766240646315 0 0 0 0.00634920634920635 0 0 0
"конкретно" 0 0 0 0 0 0 0.00634920634920635 0.0174560688932852 0 0.0295072292711714
"корковой" 0 0 0 0.0727575096143852 0 0.00858663918942126 0 0 0.00731743011854237 0
"культуре" 0.0184672206832872 0.0677966101694915 0 0 0 0 0 0 0 0
"лабильности" 0 0 0 0 0.0101957585644372 0.0171732783788425 0 0 0.0146348602370847 0.0236057834169371
"литературе" 0.0184672206832872 0.00968523002421308 0.0132441560161579 0.0103939299449122 0 0 0.00634920634920635 0 0.00731743011854237 0.00590144585423429
"людях" 0.00923361034164358 0 0.00662207800807894 0 0 0 0.0126984126984127 0.0290934481554754 0 0
"масса" 0 0.00968523002421308 0 0.0103939299449122 0.0305872756933116 0.0257599175682638 0 0.00581868963109508 0 0
"матери" 0 0.0193704600484262 0.0132441560161579 0 0 0 0 0.0290934481554754 0 0
"меньшее" 0 0 0 0.0311817898347365 0.0101957585644372 0.0171732783788425 0.0126984126984127 0 0.00731743011854237 0
"местах" 0 0 0.00662207800807894 0.0103939299449122 0 0.0171732783788425 0.00634920634920635 0 0.00731743011854237 0.0177043375627029
"механических" 0 0 0 0.062363579669473 0.0101957585644372 0 0.00634920634920635 0 0.00731743011854237 0
"мое" 0 0 0 0 0.0101957585644372 0.00858663918942126 0.00634920634920635 0.00581868963109508 0.0219522903556271 0.0118028917084686
"моих" 0.00923361034164358 0 0 0.0311817898347365 0 0.00858663918942126 0 0 0.0292697204741695 0
"моментов" 0 0.0193704600484262 0 0 0.0101957585644372 0.00858663918942126 0.00634920634920635 0.00581868963109508 0.0219522903556271 0
"моменты" 0.0184672206832872 0.00968523002421308 0 0 0 0 0 0.0174560688932852 0.00731743011854237 0.0118028917084686
"мышечным" 0 0 0 0 0 0 0.0317460317460317 0.0232747585243803 0 0
"мышцами" 0 0 0 0 0 0 0.0317460317460317 0.0232747585243803 0 0
"назначения" 0 0 0.00662207800807894 0 0 0 0 0 0.0365871505927118 0.0177043375627029
"называемых" 0 0 0.0198662340242368 0 0 0.0171732783788425 0.0126984126984127 0 0.00731743011854237 0.00590144585423429
"называют" 0 0 0.00662207800807894 0 0.0101957585644372 0.00858663918942126 0.0126984126984127 0.0174560688932852 0 0.00590144585423429
"напряжения" 0.00923361034164358 0 0 0 0.0101957585644372 0.0429331959471063 0 0.00581868963109508 0.00731743011854237 0
"некоторое" 0 0 0 0.0207878598898243 0.0203915171288744 0.00858663918942126 0 0 0.0146348602370847 0.0118028917084686
"немало" 0.00923361034164358 0.00968523002421308 0.00662207800807894 0.0207878598898243 0.0203915171288744 0.0171732783788425 0 0 0 0
"никто" 0 0 0.0132441560161579 0.0103939299449122 0 0 0.0253968253968254 0.0116373792621902 0 0
"ничуть" 0.0277008310249307 0.0193704600484262 0.0264883120323157 0 0 0 0 0 0 0
"ногах" 0 0 0.0132441560161579 0 0 0 0.0317460317460317 0.00581868963109508 0 0.00590144585423429
"обезглавленной" 0 0 0 0 0 0 0.0571428571428571 0 0 0
"общественная" 0 0.0774818401937046 0.00662207800807894 0 0 0 0 0 0 0
"общество" 0.00923361034164358 0.00968523002421308 0.00662207800807894 0 0 0 0.0380952380952381 0 0 0
"общий" 0 0.00968523002421308 0 0 0.0203915171288744 0 0 0.00581868963109508 0.00731743011854237 0.0236057834169371
"объяснения" 0 0 0 0 0 0 0.019047619047619 0.0116373792621902 0.0292697204741695 0
"обязательно" 0 0.00968523002421308 0.00662207800807894 0.0207878598898243 0.0101957585644372 0 0 0 0 0.0236057834169371
"одновременности" 0.00923361034164358 0 0 0.0311817898347365 0.0305872756933116 0 0 0 0.0146348602370847 0
"оказываются" 0.00923361034164358 0.00968523002421308 0 0 0.0101957585644372 0.00858663918942126 0 0 0.0292697204741695 0.00590144585423429
"основной" 0.00923361034164358 0.00968523002421308 0 0.0415757197796487 0.0305872756933116 0 0 0 0 0
"основным" 0 0.0484261501210654 0 0.0103939299449122 0.0203915171288744 0 0 0.00581868963109508 0 0
"основу" 0.0184672206832872 0.00968523002421308 0 0 0 0 0 0.0290934481554754 0.00731743011854237 0
"особый" 0.0184672206832872 0 0.00662207800807894 0.0103939299449122 0.0203915171288744 0.0171732783788425 0 0 0.00731743011854237 0
"осуществление" 0.0184672206832872 0.0290556900726392 0.00662207800807894 0.0103939299449122 0.0101957585644372 0 0 0 0.00731743011854237 0
"открывается" 0 0 0.0132441560161579 0.0103939299449122 0.0101957585644372 0 0 0 0.0146348602370847 0.0177043375627029
"относятся" 0 0.0193704600484262 0.00662207800807894 0 0 0 0.0317460317460317 0.00581868963109508 0 0
"отражательных" 0 0 0 0 0 0 0.0571428571428571 0 0 0
"парабиозе" 0 0 0 0 0 0 0 0 0.00731743011854237 0.0472115668338743
"первую" 0 0.00968523002421308 0 0 0 0 0.00634920634920635 0.00581868963109508 0.0146348602370847 0.0236057834169371
"передача" 0.0277008310249307 0 0.0331103900403947 0 0 0 0 0 0.00731743011854237 0
"перепонки" 0 0 0 0 0 0 0.0380952380952381 0.0174560688932852 0 0
"перестает" 0.00923361034164358 0 0 0 0.0101957585644372 0.0171732783788425 0.019047619047619 0 0.00731743011854237 0.00590144585423429
"переходит" 0.0369344413665743 0 0 0 0 0.00858663918942126 0 0.00581868963109508 0.00731743011854237 0.0118028917084686
"пищи" 0.00923361034164358 0.00968523002421308 0 0.0103939299449122 0.0203915171288744 0.0171732783788425 0 0 0.00731743011854237 0.00590144585423429
"поводов" 0 0 0.00662207800807894 0 0 0 0 0 0.0292697204741695 0.0236057834169371
"повторением" 0 0 0 0 0 0.034346556757685 0.00634920634920635 0.0232747585243803 0 0
"повторяются" 0 0 0.00662207800807894 0 0.0203915171288744 0 0.00634920634920635 0.0290934481554754 0 0
"подвергается" 0 0.0290556900726392 0.0132441560161579 0.0103939299449122 0.0101957585644372 0 0.00634920634920635 0.00581868963109508 0 0
"подробно" 0 0.00968523002421308 0.0132441560161579 0.0103939299449122 0 0 0.019047619047619 0.00581868963109508 0 0.00590144585423429
"показывают" 0 0.0193704600484262 0 0 0 0.00858663918942126 0.0317460317460317 0.00581868963109508 0 0
"поколений" 0.0831024930747922 0 0 0 0 0 0 0 0 0
"половой" 0 0 0 0 0.0407830342577488 0 0 0.00581868963109508 0.0219522903556271 0.00590144585423429
"понимание" 0 0 0 0.0415757197796487 0.0101957585644372 0.0171732783788425 0 0 0.0146348602370847 0
"последним" 0.00923361034164358 0.00968523002421308 0.00662207800807894 0 0 0 0.0126984126984127 0.0174560688932852 0.00731743011854237 0
"последняя" 0.0184672206832872 0 0.00662207800807894 0 0 0 0.019047619047619 0.0174560688932852 0 0
"постоянного" 0.0184672206832872 0 0 0.0103939299449122 0.0203915171288744 0.0257599175682638 0 0 0 0.00590144585423429
"постоянные" 0 0 0.00662207800807894 0 0.0203915171288744 0.00858663918942126 0 0.00581868963109508 0.00731743011854237 0.0177043375627029
"почве" 0.00923361034164358 0.0387409200968523 0.0132441560161579 0 0.0203915171288744 0 0 0 0 0
"почву" 0.0277008310249307 0.00968523002421308 0.0132441560161579 0.0103939299449122 0.0101957585644372 0 0 0 0 0.00590144585423429
"появляется" 0 0 0 0.0207878598898243 0.0203915171288744 0 0 0.00581868963109508 0 0.0236057834169371
"прежний" 0 0 0 0 0 0.0171732783788425 0.00634920634920635 0 0.0292697204741695 0.0118028917084686
"прибавить" 0 0 0 0 0 0.0601064743259488 0 0.00581868963109508 0 0.00590144585423429
"прививание" 0 0 0.0595987020727104 0 0 0 0 0 0 0
"прием" 0 0.00968523002421308 0 0.0103939299449122 0.0101957585644372 0.0515198351365276 0 0 0 0
"признак" 0 0 0 0 0 0.00858663918942126 0 0.0174560688932852 0 0.0295072292711714
"примера" 0 0.00968523002421308 0.00662207800807894 0 0.0101957585644372 0 0.019047619047619 0.0174560688932852 0 0
"принимать" 0 0 0 0.0103939299449122 0.0203915171288744 0.00858663918942126 0.019047619047619 0.00581868963109508 0 0.00590144585423429
"про" 0 0.00968523002421308 0.00662207800807894 0 0 0 0.00634920634920635 0.0174560688932852 0.0146348602370847 0.00590144585423429
"продолжительности" 0 0 0.00662207800807894 0 0.0101957585644372 0.0171732783788425 0.019047619047619 0.0116373792621902 0 0
"продукт" 0.0184672206832872 0 0 0 0.0101957585644372 0 0.0126984126984127 0.00581868963109508 0.0146348602370847 0.00590144585423429
"противодействия" 0.0184672206832872 0 0.0132441560161579 0 0 0.00858663918942126 0.019047619047619 0 0 0.00590144585423429
"психология" 0.00923361034164358 0.00968523002421308 0.0264883120323157 0.0103939299449122 0.0203915171288744 0 0 0 0 0
"равных" 0 0.0193704600484262 0 0 0 0 0 0.0116373792621902 0.00731743011854237 0.0236057834169371
"ради" 0.0184672206832872 0 0.00662207800807894 0.0207878598898243 0 0.00858663918942126 0 0.00581868963109508 0.00731743011854237 0.00590144585423429
"развить" 0 0.0193704600484262 0.00662207800807894 0 0 0 0.00634920634920635 0.0174560688932852 0 0.0118028917084686
"разнообразных" 0.0184672206832872 0 0.00662207800807894 0 0.0203915171288744 0 0.0126984126984127 0.00581868963109508 0.00731743011854237 0
"рецепторов" 0 0 0 0.0519696497245609 0.0101957585644372 0.00858663918942126 0 0 0 0.0118028917084686
"руках" 0 0 0.00662207800807894 0.0311817898347365 0.0101957585644372 0.00858663918942126 0.00634920634920635 0.00581868963109508 0 0.00590144585423429
"руке" 0 0 0.0132441560161579 0 0 0 0.0126984126984127 0.0290934481554754 0 0
"самодеятельности" 0 0.0871670702179177 0 0 0 0 0 0 0 0
"свободно" 0 0.0290556900726392 0.0264883120323157 0 0 0 0.0126984126984127 0 0 0
"сгибание" 0 0 0 0 0 0 0 0.0290934481554754 0.0146348602370847 0.0118028917084686
"сделано" 0 0.00968523002421308 0 0 0.0101957585644372 0.0257599175682638 0 0.00581868963109508 0.0146348602370847 0.00590144585423429
"слабой" 0.00923361034164358 0 0.00662207800807894 0 0.0101957585644372 0.00858663918942126 0 0.00581868963109508 0.0219522903556271 0.00590144585423429
"следующие" 0 0 0 0.0103939299449122 0 0.00858663918942126 0.019047619047619 0.0174560688932852 0.00731743011854237 0
"сложности" 0 0 0 0.0415757197796487 0.0203915171288744 0 0 0.0174560688932852 0 0
"сложный" 0 0 0 0 0.0203915171288744 0.0171732783788425 0.00634920634920635 0.00581868963109508 0 0.0177043375627029
"слуховая" 0 0 0 0 0 0 0.00634920634920635 0.0465495170487606 0 0
"слуховое" 0 0 0.0132441560161579 0 0 0 0.019047619047619 0.0232747585243803 0 0
"слюнных" 0 0 0 0 0 0.0772797527047913 0 0 0 0
"слюны" 0 0 0 0.0103939299449122 0.0305872756933116 0.0257599175682638 0.00634920634920635 0 0 0.00590144585423429
"смертью" 0.0738688827331487 0 0.00662207800807894 0 0 0 0 0 0 0
"смысл" 0.00923361034164358 0.0193704600484262 0 0.0103939299449122 0.0101957585644372 0.00858663918942126 0 0 0.00731743011854237 0.0118028917084686
"события" 0 0.0193704600484262 0.00662207800807894 0 0 0.00858663918942126 0 0 0.0365871505927118 0
"сперва" 0 0 0.00662207800807894 0.0207878598898243 0.0203915171288744 0.034346556757685 0 0 0 0
"сравнению" 0.0184672206832872 0.0193704600484262 0 0.0103939299449122 0.0101957585644372 0.0171732783788425 0 0 0 0.00590144585423429
"сравнительно" 0 0.00968523002421308 0 0.0207878598898243 0 0.0257599175682638 0.0126984126984127 0 0 0.00590144585423429
"средних" 0 0 0.0397324680484736 0 0 0.00858663918942126 0.00634920634920635 0.00581868963109508 0 0
"станет" 0 0.00968523002421308 0.00662207800807894 0 0 0 0.0253968253968254 0 0.00731743011854237 0.0118028917084686
"станция" 0 0 0 0.0103939299449122 0 0 0 0 0.0219522903556271 0.0295072292711714
"страшные" 0.00923361034164358 0 0.0264883120323157 0 0 0 0.0126984126984127 0.0116373792621902 0 0
"стремление" 0.00923361034164358 0.00968523002421308 0 0 0 0 0.0126984126984127 0.0232747585243803 0 0.00590144585423429
"схемы" 0 0 0 0.0103939299449122 0 0 0.0126984126984127 0 0.0219522903556271 0.0177043375627029
"сходство" 0 0 0.0132441560161579 0 0 0 0.0253968253968254 0.0174560688932852 0 0
"текущие" 0 0 0 0 0 0 0 0 0.00731743011854237 0.0472115668338743
"типе" 0 0 0 0 0.0101957585644372 0.0686931135153701 0 0 0 0
"типу" 0 0 0 0 0 0.0171732783788425 0.00634920634920635 0 0.0292697204741695 0.0118028917084686
"тормозит" 0 0 0 0.0103939299449122 0 0.00858663918942126 0 0 0.0365871505927118 0.0118028917084686
"точек" 0.0184672206832872 0 0 0.0103939299449122 0 0.00858663918942126 0.00634920634920635 0.0174560688932852 0 0.00590144585423429
"третий" 0 0 0 0 0.0101957585644372 0.0257599175682638 0.0126984126984127 0.0116373792621902 0 0.00590144585423429
"труд" 0.0277008310249307 0.00968523002421308 0 0 0.0305872756933116 0 0 0 0.00731743011854237 0.00590144585423429
"ума" 0.0369344413665743 0.00968523002421308 0 0 0 0.0171732783788425 0.00634920634920635 0 0 0.00590144585423429
"умственного" 0.00923361034164358 0.0581113801452785 0.00662207800807894 0 0.0101957585644372 0 0 0 0 0
"фактора" 0 0 0.0132441560161579 0 0 0 0 0 0.0365871505927118 0.0118028917084686
"физиологи" 0 0 0 0.0415757197796487 0.0101957585644372 0 0.0126984126984127 0 0 0.0118028917084686
"физиологически" 0 0 0 0.0103939299449122 0.0203915171288744 0.00858663918942126 0.00634920634920635 0.00581868963109508 0 0.0177043375627029
"физиологическим" 0 0 0 0.0103939299449122 0.0203915171288744 0.00858663918942126 0.019047619047619 0 0 0.0118028917084686
"характеризуется" 0.00923361034164358 0 0 0 0 0 0.00634920634920635 0.0116373792621902 0.0219522903556271 0.0118028917084686
"ходьба" 0.00923361034164358 0 0 0 0 0 0.0507936507936508 0 0 0
"целым" 0 0.00968523002421308 0.0132441560161579 0.0103939299449122 0 0 0 0.0232747585243803 0 0.00590144585423429
"часов" 0 0.00968523002421308 0.0198662340242368 0 0 0 0.00634920634920635 0.0116373792621902 0.00731743011854237 0.00590144585423429
"черт" 0.00923361034164358 0.00968523002421308 0.00662207800807894 0.0207878598898243 0.0305872756933116 0 0 0 0 0.00590144585423429
"чувствующий" 0.00923361034164358 0 0 0 0 0 0.0317460317460317 0.0116373792621902 0.00731743011854237 0
"элемент" 0 0 0.0264883120323157 0 0 0 0.0317460317460317 0 0 0
"энергий" 0.0646352723915051 0 0 0 0.0101957585644372 0 0 0 0.00731743011854237 0
"эпидемий" 0 0.00968523002421308 0.0529766240646315 0 0 0 0 0 0 0
"этажей" 0 0 0 0 0 0 0 0 0.0512220108297966 0.0118028917084686
"явлениях" 0 0.00968523002421308 0 0 0 0.0171732783788425 0.0126984126984127 0.00581868963109508 0.0146348602370847 0.00590144585423429
"явным" 0 0 0 0 0.0101957585644372 0 0.0126984126984127 0.0290934481554754 0 0.00590144585423429
"i" 0.00923361034164358 0 0 0 0 0 0 0 0.0365871505927118 0.0177043375627029
"ii" 0.00923361034164358 0 0 0 0 0 0 0 0.0365871505927118 0.0177043375627029
"peronei" 0 0 0 0 0 0 0 0 0.0658568710668813 0
"агент" 0 0 0 0.0207878598898243 0.0203915171288744 0.034346556757685 0 0 0 0
"акте" 0.00923361034164358 0 0.00662207800807894 0 0 0 0 0.0290934481554754 0 0.00590144585423429
"анализу" 0.00923361034164358 0 0 0.0207878598898243 0.0203915171288744 0.00858663918942126 0.00634920634920635 0.00581868963109508 0 0
"аппараты" 0 0 0.00662207800807894 0.0103939299449122 0 0.00858663918942126 0.0126984126984127 0.00581868963109508 0 0.0118028917084686
"бесконечно" 0 0 0 0 0.0203915171288744 0.00858663918942126 0.0126984126984127 0 0.0219522903556271 0
"биологически" 0 0 0 0 0 0.0171732783788425 0 0 0.0365871505927118 0.00590144585423429
"блага" 0.0554016620498615 0.0193704600484262 0 0 0 0 0 0 0 0
"большого" 0.0184672206832872 0 0.0132441560161579 0 0.0101957585644372 0 0 0.00581868963109508 0 0.0118028917084686
"большую" 0.00923361034164358 0 0 0 0 0.00858663918942126 0 0.00581868963109508 0.00731743011854237 0.0236057834169371
"будущее" 0.0277008310249307 0.0193704600484262 0 0 0.0101957585644372 0.00858663918942126 0 0 0 0.00590144585423429
"будущей" 0.00923361034164358 0.0387409200968523 0.00662207800807894 0 0 0 0.00634920634920635 0 0.00731743011854237 0
"вами" 0.00923361034164358 0 0 0 0 0 0.0126984126984127 0 0.00731743011854237 0.0236057834169371
"вариации" 0 0 0 0.0311817898347365 0.0101957585644372 0.0171732783788425 0.00634920634920635 0 0 0.00590144585423429
"величиной" 0.00923361034164358 0 0 0 0 0 0 0 0 0.04131012097964
"вечно" 0.0738688827331487 0 0 0 0 0 0 0 0 0
"веществ" 0.0277008310249307 0 0 0 0.0203915171288744 0.00858663918942126 0.00634920634920635 0 0.00731743011854237 0
"вид" 0.00923361034164358 0 0.0132441560161579 0.0103939299449122 0.0305872756933116 0 0 0.00581868963109508 0 0
"вида" 0 0 0 0 0.0407830342577488 0 0.0126984126984127 0.00581868963109508 0.00731743011854237 0
"видел" 0 0 0.00662207800807894 0.0207878598898243 0 0 0.0126984126984127 0.0116373792621902 0 0.00590144585423429
"видно" 0 0 0 0.0207878598898243 0.0203915171288744 0.0171732783788425 0 0 0.00731743011854237 0.00590144585423429
"внешнем" 0.0184672206832872 0 0 0 0.0101957585644372 0.00858663918942126 0 0.0232747585243803 0 0
"вниз" 0.00923361034164358 0 0 0 0.0203915171288744 0 0.0126984126984127 0.00581868963109508 0 0.0118028917084686
"внушений" 0 0 0.0529766240646315 0 0 0 0 0 0 0
"воз" 0 0.00968523002421308 0 0 0 0 0 0 0.0146348602370847 0.0295072292711714
"возбудимостью" 0 0 0 0 0 0 0 0 0.0365871505927118 0.0177043375627029
"возбуждающих" 0 0 0 0 0.0101957585644372 0 0.00634920634920635 0 0.0365871505927118 0.00590144585423429
"войны" 0.0184672206832872 0.0484261501210654 0.00662207800807894 0 0 0 0 0 0 0
"воле" 0 0 0 0 0 0 0.0380952380952381 0.0116373792621902 0 0
"временная" 0.00923361034164358 0 0 0.0103939299449122 0.050978792822186 0 0 0 0 0.00590144585423429
"всякому" 0.00923361034164358 0 0.00662207800807894 0.0103939299449122 0 0 0.0253968253968254 0.00581868963109508 0 0
"входят" 0 0 0.0331103900403947 0 0 0 0.0126984126984127 0 0 0.00590144585423429
"вывод" 0 0.0193704600484262 0 0.0103939299449122 0 0 0 0 0.0365871505927118 0
"высоте" 0.00923361034164358 0 0 0.0103939299449122 0.0101957585644372 0.00858663918942126 0 0 0 0.0236057834169371
"выяснения" 0.00923361034164358 0 0.0132441560161579 0 0.0101957585644372 0.0171732783788425 0 0.0116373792621902 0 0
"галлюцинаций" 0 0 0.0463545460565525 0 0 0 0 0 0.00731743011854237 0
"гг" 0.00923361034164358 0 0 0 0 0 0 0 0.0146348602370847 0.0295072292711714
"говорили" 0.00923361034164358 0.0193704600484262 0.0132441560161579 0 0 0.00858663918942126 0 0 0 0.0118028917084686
"голода" 0 0.00968523002421308 0 0 0.0101957585644372 0 0.00634920634920635 0.0290934481554754 0 0
"губ" 0 0.00968523002421308 0.00662207800807894 0 0 0 0.0317460317460317 0.00581868963109508 0 0
"дальнейшего" 0 0 0.00662207800807894 0.0207878598898243 0 0.0171732783788425 0 0.00581868963109508 0.00731743011854237 0.00590144585423429
"дамы" 0 0 0.00662207800807894 0 0 0 0.0444444444444444 0 0 0
"дана" 0 0 0 0 0 0.0171732783788425 0.0126984126984127 0.0174560688932852 0 0.00590144585423429
"данное" 0 0.00968523002421308 0 0 0.0101957585644372 0.00858663918942126 0 0.0174560688932852 0 0.0118028917084686
"двигается" 0.00923361034164358 0 0 0.0103939299449122 0.0101957585644372 0 0.019047619047619 0.0116373792621902 0 0
"движению" 0.00923361034164358 0 0 0 0 0 0.0253968253968254 0.0116373792621902 0 0.00590144585423429
"делаются" 0 0 0 0.0311817898347365 0.0101957585644372 0.0171732783788425 0.0126984126984127 0 0 0
"дети" 0.0277008310249307 0 0.0132441560161579 0 0 0 0.0126984126984127 0.00581868963109508 0 0
"дефекация" 0 0 0 0 0 0 0 0 0.0365871505927118 0.0177043375627029
"динамики" 0 0 0 0.0311817898347365 0 0 0 0 0.0219522903556271 0.0118028917084686
"днем" 0 0 0 0 0 0.00858663918942126 0.00634920634920635 0.0349121377865705 0 0
"доказано" 0.0184672206832872 0 0 0 0.0101957585644372 0 0.0126984126984127 0.0116373792621902 0.00731743011854237 0
"достигает" 0.00923361034164358 0.0290556900726392 0.00662207800807894 0.0103939299449122 0 0.00858663918942126 0 0 0.00731743011854237 0
"дуга" 0 0 0 0 0 0 0 0 0 0.0472115668338743
"дуги" 0 0 0 0 0 0 0 0 0.0146348602370847 0.0354086751254057
"животному" 0 0 0 0 0.0203915171288744 0.00858663918942126 0.0126984126984127 0 0 0.0177043375627029
"законов" 0.0184672206832872 0.00968523002421308 0 0.0103939299449122 0.0101957585644372 0 0 0.0116373792621902 0 0.00590144585423429
"заставляет" 0.0184672206832872 0.0193704600484262 0 0 0 0.00858663918942126 0.0126984126984127 0 0.00731743011854237 0
"земли" 0.0277008310249307 0.0290556900726392 0.0132441560161579 0 0 0 0 0 0 0
"идущих" 0 0 0 0 0.0101957585644372 0 0.00634920634920635 0 0.0146348602370847 0.0236057834169371
"известны" 0 0.0193704600484262 0.0331103900403947 0 0 0 0.00634920634920635 0 0 0
"импульс" 0.00923361034164358 0.00968523002421308 0 0 0 0 0.0126984126984127 0 0.0219522903556271 0.00590144585423429
"инстинкт" 0 0 0 0 0 0 0 0 0.00731743011854237 0.04131012097964
"инстинкты" 0 0 0 0 0 0 0.00634920634920635 0 0.00731743011854237 0.0354086751254057
"интервал" 0 0 0 0.0103939299449122 0 0 0 0 0.0512220108297966 0
"иными" 0.0184672206832872 0.00968523002421308 0 0 0 0 0 0.00581868963109508 0.00731743011854237 0.0177043375627029
"иррадиация" 0 0 0 0 0.0815660685154976 0 0 0 0 0
"исчезания" 0 0 0 0.0207878598898243 0.0203915171288744 0.00858663918942126 0.00634920634920635 0.0116373792621902 0 0
"италии" 0 0 0.0463545460565525 0 0 0 0 0 0 0.00590144585423429
"каждую" 0.0184672206832872 0 0.00662207800807894 0 0 0 0.00634920634920635 0.0174560688932852 0 0.00590144585423429
"картину" 0.00923361034164358 0.0193704600484262 0 0 0.0101957585644372 0 0 0.00581868963109508 0.00731743011854237 0.0118028917084686
"категории" 0.00923361034164358 0 0 0.0103939299449122 0 0.00858663918942126 0.0317460317460317 0 0 0
"кого" 0.00923361034164358 0.00968523002421308 0 0.0103939299449122 0 0 0.0126984126984127 0.0116373792621902 0 0.00590144585423429
"колебаний" 0 0 0 0 0.0407830342577488 0.0171732783788425 0 0.0116373792621902 0 0
"колокольчик" 0 0 0 0 0 0 0.019047619047619 0.0290934481554754 0 0
"комплекс" 0 0 0 0.0103939299449122 0 0 0 0 0.0365871505927118 0.0118028917084686
"конечностях" 0 0 0 0 0 0 0 0 0.0365871505927118 0.0177043375627029
"конкретные" 0 0 0 0 0 0 0 0.00581868963109508 0.00731743011854237 0.0354086751254057
"кортикальным" 0 0 0 0 0 0 0 0 0.0512220108297966 0.00590144585423429
"лабильность" 0 0 0 0 0 0.0257599175682638 0 0 0.0146348602370847 0.0177043375627029
"лабиринте" 0 0 0 0.0831514395592974 0 0 0 0 0 0
"любви" 0.00923361034164358 0 0 0 0 0 0.00634920634920635 0.0349121377865705 0 0
"механического" 0 0 0.00662207800807894 0.0207878598898243 0 0.034346556757685 0.00634920634920635 0 0 0
"моем" 0.00923361034164358 0 0 0.0103939299449122 0 0 0 0.00581868963109508 0.0292697204741695 0.00590144585423429
"наблюдатель" 0 0 0 0 0 0 0.00634920634920635 0 0.0365871505927118 0.0118028917084686
"научная" 0.0461680517082179 0 0 0.0103939299449122 0 0 0 0 0 0.0118028917084686
"необходимость" 0.0184672206832872 0.0193704600484262 0 0.0103939299449122 0 0 0.00634920634920635 0.0116373792621902 0 0
"нервное" 0 0 0 0 0.0305872756933116 0.0257599175682638 0 0 0.0146348602370847 0
"нервную" 0 0 0 0.0103939299449122 0.0101957585644372 0.0171732783788425 0.00634920634920635 0 0 0.0177043375627029
"нервным" 0.00923361034164358 0 0 0 0.0101957585644372 0.00858663918942126 0.0126984126984127 0.00581868963109508 0.00731743011854237 0.00590144585423429
"новыми" 0 0 0 0 0.0101957585644372 0.00858663918942126 0 0 0.0219522903556271 0.0177043375627029
"нога" 0 0 0 0 0 0 0.0317460317460317 0.0116373792621902 0 0.00590144585423429
"нормальных" 0 0 0 0.0103939299449122 0.0305872756933116 0.00858663918942126 0.00634920634920635 0 0 0.0118028917084686
"ночь" 0 0 0.0463545460565525 0 0 0 0 0.00581868963109508 0 0
"ныне" 0.0184672206832872 0.0387409200968523 0.0132441560161579 0 0 0 0 0 0 0
"оболочке" 0 0 0 0 0 0 0 0.0407308274176655 0 0.00590144585423429
"образа" 0 0.00968523002421308 0.0132441560161579 0 0 0 0.019047619047619 0.0116373792621902 0 0
"образованию" 0 0.0193704600484262 0 0.0207878598898243 0.0101957585644372 0.0171732783788425 0 0 0.00731743011854237 0
"обратимся" 0.00923361034164358 0.0193704600484262 0.00662207800807894 0.0103939299449122 0 0 0.019047619047619 0 0 0
"обусловливает" 0.00923361034164358 0 0.00662207800807894 0 0.0305872756933116 0.0171732783788425 0.00634920634920635 0 0 0
"общественного" 0 0.0581113801452785 0 0 0.0101957585644372 0 0.00634920634920635 0 0 0
"объективной" 0.0369344413665743 0.0290556900726392 0 0 0.0101957585644372 0 0 0 0 0
"описанных" 0 0.00968523002421308 0 0 0.0101957585644372 0.00858663918942126 0.0126984126984127 0 0.0219522903556271 0
"определенная" 0 0 0 0 0 0.00858663918942126 0 0 0.0219522903556271 0.0236057834169371
"определить" 0 0 0 0.0103939299449122 0.0203915171288744 0 0.019047619047619 0.0116373792621902 0 0
"осей" 0 0 0 0 0 0 0.0380952380952381 0.0116373792621902 0 0
"особенных" 0 0 0 0 0.0101957585644372 0.0171732783788425 0.0126984126984127 0.0116373792621902 0 0.00590144585423429
"останавливается" 0 0.00968523002421308 0.0198662340242368 0 0 0 0.0126984126984127 0.00581868963109508 0 0.00590144585423429
"ответить" 0 0 0 0 0 0 0.019047619047619 0.0290934481554754 0 0
"отделом" 0 0 0 0.0415757197796487 0.0305872756933116 0.00858663918942126 0 0 0 0
"откуда" 0 0 0.0132441560161579 0 0 0.0171732783788425 0.00634920634920635 0 0.0146348602370847 0.00590144585423429
"отличаются" 0 0 0.0132441560161579 0 0 0.0171732783788425 0.00634920634920635 0.0116373792621902 0.00731743011854237 0
"отрицательный" 0.00923361034164358 0 0 0 0.0101957585644372 0.0171732783788425 0 0.00581868963109508 0.0219522903556271 0
"отчасти" 0 0.00968523002421308 0 0 0 0.0257599175682638 0.00634920634920635 0.0174560688932852 0 0
"отчет" 0 0 0 0.0103939299449122 0 0 0.019047619047619 0 0.0146348602370847 0.0118028917084686
"охлаждение" 0 0 0 0 0 0.0686931135153701 0 0 0 0
"парабиоза" 0 0 0 0 0 0 0 0 0.0146348602370847 0.0354086751254057
"первоначального" 0.0184672206832872 0 0.00662207800807894 0.0103939299449122 0 0 0.00634920634920635 0 0 0.0177043375627029
"поведении" 0 0 0 0.0103939299449122 0 0.00858663918942126 0 0 0 0.0354086751254057
"повышенная" 0 0 0 0 0 0 0 0 0.0146348602370847 0.0354086751254057
"подвижность" 0 0 0 0 0.0101957585644372 0.0601064743259488 0 0 0 0
"подвижностью" 0 0 0 0 0.0101957585644372 0.0257599175682638 0.00634920634920635 0.0116373792621902 0 0.00590144585423429
"подробности" 0 0.00968523002421308 0.0132441560161579 0.0311817898347365 0.0101957585644372 0.00858663918942126 0 0 0 0
"полагаю" 0 0.0290556900726392 0.00662207800807894 0 0 0 0 0 0.00731743011854237 0.0177043375627029
"положительно" 0 0 0 0 0 0 0.019047619047619 0.0232747585243803 0 0.00590144585423429
"получить" 0.0184672206832872 0.00968523002421308 0 0 0.0101957585644372 0.0257599175682638 0 0 0.00731743011854237 0
"помощью" 0 0.00968523002421308 0.0331103900403947 0 0.0101957585644372 0 0 0.00581868963109508 0 0
"поставить" 0 0 0 0.0103939299449122 0 0 0.019047619047619 0.0174560688932852 0 0.00590144585423429
"постоянным" 0.00923361034164358 0 0 0.0103939299449122 0.0101957585644372 0.0171732783788425 0.00634920634920635 0 0.0146348602370847 0
"постоянных" 0 0 0.00662207800807894 0.0103939299449122 0.0407830342577488 0.00858663918942126 0 0 0.00731743011854237 0
"правильнее" 0.00923361034164358 0 0.0132441560161579 0 0.0101957585644372 0 0.00634920634920635 0.0174560688932852 0 0
"правильного" 0.00923361034164358 0.0484261501210654 0 0.0207878598898243 0 0 0 0 0 0
"прекращается" 0.0277008310249307 0 0 0 0 0 0 0 0.0365871505927118 0
"приведенных" 0 0 0.00662207800807894 0 0.0203915171288744 0.0171732783788425 0.0126984126984127 0.00581868963109508 0 0
"прививания" 0 0 0.0529766240646315 0 0 0 0 0 0 0
"применении" 0.0184672206832872 0.00968523002421308 0 0.0103939299449122 0.0101957585644372 0.0257599175682638 0 0 0 0
"применения" 0 0.00968523002421308 0 0.0103939299449122 0.0203915171288744 0.034346556757685 0 0 0 0
"принимается" 0 0 0.0132441560161579 0.0103939299449122 0 0 0.00634920634920635 0.0116373792621902 0 0.0118028917084686
"приходят" 0 0 0 0.0207878598898243 0.0101957585644372 0 0 0.0116373792621902 0 0.0177043375627029
"проведения" 0.00923361034164358 0 0 0.0103939299449122 0.0203915171288744 0 0 0 0.0146348602370847 0.0118028917084686
"продолжительность" 0 0 0 0 0.0101957585644372 0.0257599175682638 0.0126984126984127 0.00581868963109508 0 0.00590144585423429
"протяжении" 0 0 0 0.0519696497245609 0.0101957585644372 0.00858663918942126 0.00634920634920635 0 0 0
"прочие" 0 0 0 0 0 0 0.0126984126984127 0 0.0365871505927118 0.00590144585423429
"проявлениях" 0.0369344413665743 0.0193704600484262 0 0 0 0.00858663918942126 0 0.00581868963109508 0 0
"психологов" 0 0 0 0.0415757197796487 0.0203915171288744 0 0 0.00581868963109508 0.00731743011854237 0
"пунктах" 0 0 0 0.0519696497245609 0.0203915171288744 0 0 0 0 0.00590144585423429
"ра" 0 0 0.0331103900403947 0.0207878598898243 0 0 0 0 0 0.00590144585423429
"работ" 0.00923361034164358 0.00968523002421308 0 0.0103939299449122 0.0203915171288744 0 0 0.00581868963109508 0.0146348602370847 0
"равновесие" 0 0 0 0 0.0305872756933116 0.0171732783788425 0 0 0.0219522903556271 0
"равновесия" 0 0 0.00662207800807894 0 0.0203915171288744 0.00858663918942126 0 0 0.0146348602370847 0.0118028917084686
"различать" 0 0 0.00662207800807894 0.0103939299449122 0.0101957585644372 0.00858663918942126 0 0.0116373792621902 0.0146348602370847 0
"различными" 0.00923361034164358 0.0193704600484262 0 0.0207878598898243 0 0 0 0.0116373792621902 0.00731743011854237 0
"рассуждающей" 0 0 0 0 0 0 0.0507936507936508 0 0 0
"реального" 0 0 0.00662207800807894 0 0 0 0 0.0407308274176655 0 0
"ребенке" 0 0.00968523002421308 0 0 0 0 0.0126984126984127 0.0290934481554754 0 0
"рецепторы" 0 0 0 0.0207878598898243 0 0 0 0 0.0219522903556271 0.0177043375627029
"рождении" 0 0 0 0 0 0 0.0380952380952381 0.0116373792621902 0 0
"связана" 0 0 0 0 0 0 0.0253968253968254 0 0 0.0236057834169371
"секунду" 0.00923361034164358 0 0.00662207800807894 0 0.0305872756933116 0 0 0.0116373792621902 0 0.00590144585423429
"семье" 0 0.0581113801452785 0.0132441560161579 0 0 0 0 0 0 0
"сильными" 0 0 0 0 0.0203915171288744 0.0429331959471063 0 0 0.00731743011854237 0
"синтеза" 0.0277008310249307 0 0 0.0415757197796487 0 0 0 0 0.00731743011854237 0
"сказанное" 0 0 0 0.0103939299449122 0.0101957585644372 0 0.0253968253968254 0.0116373792621902 0 0
"скрытом" 0 0 0 0 0 0 0 0.0465495170487606 0 0
"следующем" 0 0 0.00662207800807894 0 0 0.0257599175682638 0.0126984126984127 0.00581868963109508 0 0.00590144585423429
"словам" 0.0277008310249307 0.00968523002421308 0.0198662340242368 0 0 0.00858663918942126 0 0 0 0
"сложнейших" 0.00923361034164358 0 0 0 0.0713703099510604 0 0 0 0 0
"слышать" 0 0 0.0132441560161579 0 0 0 0.0126984126984127 0.00581868963109508 0.00731743011854237 0.0118028917084686
"слюнной" 0 0 0 0.0103939299449122 0.0305872756933116 0.034346556757685 0 0 0 0
"собственного" 0.00923361034164358 0 0.00662207800807894 0.0103939299449122 0.0101957585644372 0 0.00634920634920635 0.0174560688932852 0 0
"событий" 0.00923361034164358 0.0290556900726392 0.00662207800807894 0 0 0 0 0 0.00731743011854237 0.0118028917084686
"совершенствованию" 0.0738688827331487 0 0 0 0 0 0 0 0 0
"современной" 0.00923361034164358 0.0387409200968523 0 0 0.0101957585644372 0.00858663918942126 0.00634920634920635 0 0 0
"соответствующие" 0.00923361034164358 0 0 0.0207878598898243 0.0101957585644372 0.00858663918942126 0 0.00581868963109508 0.00731743011854237 0.00590144585423429
"соотношение" 0.00923361034164358 0.00968523002421308 0.00662207800807894 0.0103939299449122 0.0203915171288744 0.00858663918942126 0 0 0 0.00590144585423429
"составляют" 0 0.0387409200968523 0.00662207800807894 0.0103939299449122 0.0101957585644372 0 0 0 0 0.00590144585423429
"составляющих" 0 0.0387409200968523 0 0.0103939299449122 0 0.00858663918942126 0.00634920634920635 0.00581868963109508 0 0
"сохранение" 0.00923361034164358 0 0 0 0 0 0.0126984126984127 0.0290934481554754 0 0
"сохранения" 0.0277008310249307 0 0 0 0 0 0.019047619047619 0.00581868963109508 0.00731743011854237 0
"спинальной" 0 0 0 0 0 0 0 0 0.0585394409483389 0
"справедливо" 0.00923361034164358 0 0.0264883120323157 0.0103939299449122 0 0 0.00634920634920635 0.00581868963109508 0 0
"средств" 0.00923361034164358 0 0.0132441560161579 0.0103939299449122 0.0203915171288744 0 0 0.0116373792621902 0 0
"средства" 0 0 0.0132441560161579 0.0103939299449122 0 0.00858663918942126 0.00634920634920635 0.0116373792621902 0.00731743011854237 0
"среду" 0.00923361034164358 0 0.00662207800807894 0 0 0.00858663918942126 0.00634920634920635 0 0.0146348602370847 0.0118028917084686
"стала" 0 0.00968523002421308 0 0.0103939299449122 0 0.034346556757685 0.00634920634920635 0.00581868963109508 0 0
"страсть" 0 0 0 0 0.0101957585644372 0 0 0.0407308274176655 0 0
"страшно" 0.00923361034164358 0 0 0 0.0203915171288744 0 0.019047619047619 0.0116373792621902 0 0
"стремится" 0 0.0193704600484262 0.0132441560161579 0.0207878598898243 0 0 0 0 0 0.0118028917084686
"стремлений" 0.00923361034164358 0.0193704600484262 0.00662207800807894 0 0 0 0.019047619047619 0.00581868963109508 0 0
"судороги" 0 0 0.0463545460565525 0 0 0 0 0 0.00731743011854237 0
"существовании" 0.0369344413665743 0.00968523002421308 0 0.0103939299449122 0 0 0.0126984126984127 0 0 0
"существу" 0.0184672206832872 0 0 0.0207878598898243 0.0203915171288744 0.00858663918942126 0 0 0 0.00590144585423429
"счет" 0 0.00968523002421308 0 0 0.0203915171288744 0 0 0.00581868963109508 0.0146348602370847 0.0118028917084686
"считать" 0 0 0.00662207800807894 0 0.0305872756933116 0.00858663918942126 0 0.00581868963109508 0 0.0118028917084686
"тенденция" 0 0.0193704600484262 0 0 0 0 0 0 0.0146348602370847 0.0236057834169371
"точке" 0.00923361034164358 0 0 0.0103939299449122 0 0 0.0126984126984127 0 0.0146348602370847 0.0118028917084686
"требует" 0.00923361034164358 0.00968523002421308 0.00662207800807894 0 0.0101957585644372 0.00858663918942126 0.00634920634920635 0 0.00731743011854237 0.00590144585423429
"тяжелых" 0 0.0484261501210654 0.00662207800807894 0 0.0101957585644372 0 0 0 0 0.00590144585423429
"угасание" 0 0 0 0.0415757197796487 0.0101957585644372 0.0257599175682638 0 0 0 0
"умеет" 0 0 0 0 0 0 0.0317460317460317 0.0116373792621902 0.00731743011854237 0
"установить" 0.00923361034164358 0 0 0 0 0.034346556757685 0.019047619047619 0 0 0
"фазу" 0 0 0 0 0.0101957585644372 0 0 0.00581868963109508 0.0219522903556271 0.0177043375627029
"фактором" 0 0.0290556900726392 0.00662207800807894 0 0 0 0 0 0 0.0236057834169371
"физиологическая" 0.00923361034164358 0 0 0.0103939299449122 0 0.00858663918942126 0 0 0.0219522903556271 0.0118028917084686
"физиономию" 0 0 0 0 0 0 0.0317460317460317 0.0174560688932852 0 0
"функционально" 0 0 0 0.0103939299449122 0.0101957585644372 0 0 0 0.0292697204741695 0.0118028917084686
"ходить" 0 0 0.0198662340242368 0 0 0 0.019047619047619 0.00581868963109508 0 0.00590144585423429
"хроническое" 0 0.0193704600484262 0 0 0.0101957585644372 0.0429331959471063 0 0 0 0
"целиком" 0 0 0 0.0103939299449122 0.0203915171288744 0 0 0.00581868963109508 0.00731743011854237 0.0177043375627029
"целости" 0 0 0 0 0 0 0.0507936507936508 0 0 0
"центрами" 0 0 0 0 0 0 0 0 0.0292697204741695 0.0236057834169371
"частого" 0 0 0 0 0 0 0.019047619047619 0.0290934481554754 0 0
"человеческая" 0.0461680517082179 0.00968523002421308 0 0 0 0 0 0 0 0.0118028917084686
"человеческое" 0.0369344413665743 0 0 0 0 0.00858663918942126 0 0.00581868963109508 0.00731743011854237 0.00590144585423429
"членов" 0.00923361034164358 0.00968523002421308 0.0264883120323157 0 0 0 0.00634920634920635 0.00581868963109508 0 0
"чрезвычайная" 0 0 0 0.0207878598898243 0.0305872756933116 0.0257599175682638 0 0 0 0
"чувствующих" 0 0 0 0 0 0 0.0253968253968254 0.0116373792621902 0.00731743011854237 0.00590144585423429
"чуть" 0 0 0 0 0 0 0.019047619047619 0.0116373792621902 0 0.0177043375627029
"эпидемии" 0 0 0.0529766240646315 0 0 0 0 0 0 0
"ярче" 0 0.00968523002421308 0 0 0 0 0.0126984126984127 0.0290934481554754 0 0
"ясности" 0 0 0 0 0 0 0.0317460317460317 0.0174560688932852 0 0
"авенариус" 0 0 0 0 0 0 0 0 0 0.04131012097964
"анализатора" 0 0 0 0 0.0713703099510604 0 0 0 0 0
"аналогии" 0.00923361034164358 0 0 0.0103939299449122 0.0203915171288744 0 0.00634920634920635 0 0 0.0118028917084686
"ассоциированных" 0 0 0 0 0 0 0 0.0407308274176655 0 0
"безразлично" 0.0277008310249307 0 0 0.0311817898347365 0 0 0 0 0.00731743011854237 0
"бесследно" 0.0554016620498615 0 0 0 0 0 0 0 0 0.00590144585423429
"бессмертии" 0.0646352723915051 0 0 0 0 0 0 0 0 0
"бесстрастное" 0 0 0 0 0 0 0 0.0407308274176655 0 0
"боли" 0 0 0.00662207800807894 0.0103939299449122 0 0 0.019047619047619 0.0116373792621902 0 0
"больной" 0 0 0.0397324680484736 0.0103939299449122 0 0 0 0 0 0
"больные" 0 0 0.0397324680484736 0 0 0 0.00634920634920635 0 0 0
"большею" 0 0.0193704600484262 0.0198662340242368 0 0 0 0.00634920634920635 0.00581868963109508 0 0
"большинство" 0 0 0.0198662340242368 0 0 0 0.00634920634920635 0.0116373792621902 0 0.00590144585423429
"бывают" 0 0 0.00662207800807894 0 0 0 0.019047619047619 0.0116373792621902 0 0.00590144585423429
"важным" 0 0.0387409200968523 0.00662207800807894 0 0 0 0.00634920634920635 0 0 0.00590144585423429
"ваше" 0 0 0 0 0 0.00858663918942126 0.0126984126984127 0.00581868963109508 0 0.0177043375627029
"вашей" 0.00923361034164358 0 0 0 0 0 0.0253968253968254 0 0.00731743011854237 0.00590144585423429
"ввиду" 0.0184672206832872 0 0.0132441560161579 0 0.0101957585644372 0.0171732783788425 0 0 0 0
"век" 0.0277008310249307 0.00968523002421308 0 0 0 0 0 0 0.0219522903556271 0
"вера" 0.0184672206832872 0 0.0264883120323157 0 0 0 0 0.00581868963109508 0 0
"взрослого" 0 0 0 0 0 0 0.0126984126984127 0.0290934481554754 0 0
"видимого" 0.0369344413665743 0 0 0 0 0 0.00634920634920635 0.00581868963109508 0 0.00590144585423429
"влиять" 0 0 0 0 0 0 0.00634920634920635 0.00581868963109508 0.0146348602370847 0.0177043375627029
"вначале" 0 0 0 0 0.0101957585644372 0.00858663918942126 0.00634920634920635 0 0.00731743011854237 0.0177043375627029
"внутренней" 0.00923361034164358 0.00968523002421308 0.00662207800807894 0 0.0101957585644372 0 0 0 0.0219522903556271 0
"внутренние" 0.00923361034164358 0 0.00662207800807894 0.0103939299449122 0.0203915171288744 0 0 0.00581868963109508 0 0.00590144585423429
"возбуждениями" 0 0 0 0 0 0 0 0.00581868963109508 0.00731743011854237 0.0295072292711714
"возможна" 0.00923361034164358 0.00968523002421308 0 0 0 0 0.00634920634920635 0.00581868963109508 0.0219522903556271 0
"возникновения" 0 0 0.00662207800807894 0 0.0101957585644372 0 0 0 0.00731743011854237 0.0236057834169371
"возрасте" 0 0.0387409200968523 0 0 0 0 0.0126984126984127 0.00581868963109508 0 0
"волокон" 0 0 0 0 0 0 0.019047619047619 0.0174560688932852 0.00731743011854237 0
"воображение" 0.00923361034164358 0 0.0132441560161579 0 0 0 0.00634920634920635 0.0116373792621902 0.00731743011854237 0
"вопросу" 0 0.0290556900726392 0.00662207800807894 0 0 0 0.00634920634920635 0.00581868963109508 0 0.00590144585423429
"воспитании" 0.00923361034164358 0.00968523002421308 0.00662207800807894 0 0 0 0.00634920634920635 0.0116373792621902 0 0.00590144585423429
"восстановление" 0.00923361034164358 0 0 0.0103939299449122 0.0101957585644372 0.0171732783788425 0 0 0.0146348602370847 0
"выражением" 0 0 0.00662207800807894 0 0 0.00858663918942126 0.0126984126984127 0 0.0219522903556271 0
"выражения" 0.00923361034164358 0 0 0.0103939299449122 0 0 0 0.0290934481554754 0 0
"выступают" 0.00923361034164358 0.00968523002421308 0 0.0103939299449122 0.0305872756933116 0 0 0.00581868963109508 0 0
"высшая" 0 0.0290556900726392 0 0 0.0203915171288744 0 0.00634920634920635 0 0 0.00590144585423429
"высшем" 0 0 0 0.0415757197796487 0.0203915171288744 0 0.00634920634920635 0 0 0
"высший" 0.00923361034164358 0.00968523002421308 0 0 0.0305872756933116 0 0.0126984126984127 0 0 0
"гений" 0.0277008310249307 0.0193704600484262 0 0 0 0.0171732783788425 0 0 0 0
"гипотеза" 0 0 0 0 0 0 0.00634920634920635 0.0349121377865705 0 0
"главное" 0.00923361034164358 0.0193704600484262 0 0 0 0.0171732783788425 0.00634920634920635 0.00581868963109508 0 0
"глазом" 0 0 0 0.0103939299449122 0.0101957585644372 0 0.019047619047619 0.0116373792621902 0 0
"глотание" 0 0 0 0 0 0 0 0 0.0439045807112542 0.00590144585423429
"голоса" 0 0 0.0132441560161579 0 0 0 0 0.0290934481554754 0 0
"гортани" 0 0 0 0 0 0 0.0380952380952381 0.00581868963109508 0 0
"групп" 0 0 0 0 0 0 0.0317460317460317 0 0 0.0118028917084686
"дальние" 0 0 0.00662207800807894 0 0 0 0 0 0 0.0354086751254057
"дан" 0 0 0 0 0.0101957585644372 0 0.00634920634920635 0.0116373792621902 0.00731743011854237 0.0118028917084686
"движениям" 0 0 0 0 0 0 0.0317460317460317 0.0116373792621902 0 0
"движется" 0.0184672206832872 0 0 0.0207878598898243 0 0 0.00634920634920635 0 0.0146348602370847 0
"действительное" 0 0.00968523002421308 0 0 0.0101957585644372 0 0 0.0232747585243803 0 0.00590144585423429
"дифференцировка" 0 0 0 0 0.0101957585644372 0.0515198351365276 0 0 0 0
"дифференцировки" 0 0 0 0 0.0101957585644372 0.0515198351365276 0 0 0 0
"доминантой" 0 0 0 0 0 0 0 0 0.0219522903556271 0.0236057834169371
"достаточной" 0 0 0.0132441560161579 0.0103939299449122 0 0 0 0 0.00731743011854237 0.0177043375627029
"доходит" 0 0.00968523002421308 0 0 0.0101957585644372 0 0.00634920634920635 0.0174560688932852 0 0.00590144585423429
"дуге" 0 0 0 0 0 0 0 0 0.00731743011854237 0.0354086751254057
"дух" 0.0184672206832872 0.0290556900726392 0.00662207800807894 0 0 0 0 0 0 0.00590144585423429
"духовную" 0.0554016620498615 0.00968523002421308 0 0 0 0 0 0 0 0
"дыхательные" 0 0 0 0.0103939299449122 0 0 0.0317460317460317 0.00581868963109508 0 0
"естественным" 0.00923361034164358 0.0290556900726392 0.00662207800807894 0 0 0 0 0.00581868963109508 0.00731743011854237 0
"животными" 0 0 0 0.0103939299449122 0.0101957585644372 0.0171732783788425 0.0126984126984127 0.00581868963109508 0 0
"заболевания" 0 0 0 0 0.050978792822186 0.0171732783788425 0 0 0 0
"зависят" 0 0.00968523002421308 0 0.0103939299449122 0 0 0 0.00581868963109508 0.0292697204741695 0
"задачу" 0 0.00968523002421308 0 0.0103939299449122 0.0101957585644372 0.0171732783788425 0 0 0.0146348602370847 0
"задерживания" 0 0 0 0 0 0.0257599175682638 0 0.0232747585243803 0 0
"задерживать" 0 0 0 0 0 0.00858663918942126 0 0.0349121377865705 0 0
"займемся" 0 0 0 0 0 0 0.0253968253968254 0.0174560688932852 0 0
"заключает" 0 0 0 0.0207878598898243 0 0.00858663918942126 0.00634920634920635 0.0116373792621902 0 0.00590144585423429
"законам" 0.00923361034164358 0 0 0.0103939299449122 0.0101957585644372 0 0 0.0232747585243803 0 0
"зато" 0.00923361034164358 0 0.00662207800807894 0 0 0 0.0126984126984127 0 0.00731743011854237 0.0118028917084686
"знаю" 0.00923361034164358 0 0 0.0207878598898243 0 0 0 0.0174560688932852 0 0.00590144585423429
"изображения" 0 0 0 0 0.0203915171288744 0 0.00634920634920635 0.0232747585243803 0 0
"изучению" 0.00923361034164358 0.00968523002421308 0.00662207800807894 0 0.0101957585644372 0 0.00634920634920635 0 0.0146348602370847 0
"имели" 0 0 0.00662207800807894 0 0 0.0257599175682638 0 0.00581868963109508 0.0146348602370847 0
"имени" 0.0369344413665743 0 0 0 0.0101957585644372 0 0 0.0116373792621902 0 0
"индифферентного" 0 0 0 0.0103939299449122 0.0101957585644372 0.0257599175682638 0 0 0.0146348602370847 0
"исключая" 0.00923361034164358 0.00968523002421308 0.00662207800807894 0.0207878598898243 0.0101957585644372 0 0 0.00581868963109508 0 0
"испуг" 0 0 0 0 0 0 0.0444444444444444 0 0 0
"историю" 0 0 0 0 0 0.00858663918942126 0.00634920634920635 0.0116373792621902 0.0219522903556271 0
"исцеления" 0 0 0.0463545460565525 0 0 0 0 0 0 0
"какими" 0 0 0 0 0 0.0171732783788425 0.0126984126984127 0.00581868963109508 0.00731743011854237 0.00590144585423429
"картины" 0 0 0 0 0.0203915171288744 0.00858663918942126 0 0.0116373792621902 0.00731743011854237 0.00590144585423429
"кверху" 0.00923361034164358 0 0 0 0 0 0.0253968253968254 0.00581868963109508 0 0.00590144585423429
"кислоту" 0 0 0 0.0103939299449122 0.0101957585644372 0.0257599175682638 0.0126984126984127 0 0 0
"комнате" 0 0 0.00662207800807894 0 0.0101957585644372 0 0.00634920634920635 0.0174560688932852 0.00731743011854237 0
"конечности" 0 0 0 0.0415757197796487 0 0 0 0 0.0219522903556271 0
"кончается" 0.00923361034164358 0 0.00662207800807894 0 0.0101957585644372 0 0.019047619047619 0.00581868963109508 0 0
"кора" 0 0 0 0 0.0101957585644372 0 0 0 0.0365871505927118 0.00590144585423429
"критике" 0 0 0.0397324680484736 0.0103939299449122 0 0 0 0 0 0
"левой" 0 0 0.0132441560161579 0.0207878598898243 0 0 0.00634920634920635 0 0.0146348602370847 0
"лучших" 0.0277008310249307 0.0290556900726392 0 0 0 0 0 0 0 0.00590144585423429
"любить" 0 0 0 0 0 0 0 0.0407308274176655 0 0
"лягушку" 0 0 0 0 0 0 0.0317460317460317 0.00581868963109508 0.00731743011854237 0
"массовые" 0 0.0290556900726392 0.0264883120323157 0 0 0 0 0 0 0
"месту" 0 0 0.00662207800807894 0 0 0 0.019047619047619 0.00581868963109508 0 0.0118028917084686
"мнению" 0.00923361034164358 0.00968523002421308 0 0.0207878598898243 0 0 0.0126984126984127 0.00581868963109508 0 0
"многое" 0 0.00968523002421308 0.0132441560161579 0 0 0 0.00634920634920635 0 0.0146348602370847 0.00590144585423429
"мозговых" 0 0 0 0 0 0 0.0317460317460317 0.0116373792621902 0 0
"моменту" 0 0 0.00662207800807894 0.0103939299449122 0.0101957585644372 0.0171732783788425 0 0 0.00731743011854237 0.00590144585423429
"мускулатуре" 0 0 0 0 0.0101957585644372 0 0 0 0.0146348602370847 0.0236057834169371
"мышечными" 0 0 0 0 0 0 0.0126984126984127 0.0290934481554754 0 0
"наблюдение" 0 0 0 0 0 0.0429331959471063 0 0 0.0146348602370847 0
"наблюдения" 0 0 0 0.0103939299449122 0.0101957585644372 0 0.00634920634920635 0 0.0292697204741695 0
"найти" 0.0184672206832872 0 0.00662207800807894 0.0103939299449122 0.0203915171288744 0 0 0.00581868963109508 0 0
"направлены" 0.00923361034164358 0 0 0 0 0 0.0126984126984127 0.00581868963109508 0 0.0177043375627029
"народного" 0 0.0581113801452785 0.00662207800807894 0 0 0 0 0 0 0
"настоящего" 0.00923361034164358 0.00968523002421308 0.0132441560161579 0 0.0101957585644372 0 0 0.00581868963109508 0 0.00590144585423429
"настоящем" 0.00923361034164358 0.00968523002421308 0.0132441560161579 0 0.0101957585644372 0 0.00634920634920635 0.00581868963109508 0 0
"научное" 0.00923361034164358 0.0193704600484262 0.00662207800807894 0 0.0305872756933116 0 0 0 0 0
"научные" 0.0277008310249307 0.00968523002421308 0 0 0.0101957585644372 0 0 0 0.0146348602370847 0
"началах" 0.00923361034164358 0.0581113801452785 0 0 0 0 0 0 0 0
"начиная" 0 0 0 0.0207878598898243 0 0 0.00634920634920635 0.00581868963109508 0.00731743011854237 0.0118028917084686
"неврозы" 0 0.00968523002421308 0 0 0.050978792822186 0.00858663918942126 0 0 0 0
"некоторыми" 0.00923361034164358 0 0.00662207800807894 0.0103939299449122 0.0101957585644372 0.0257599175682638 0 0 0 0
"неожиданно" 0 0 0.00662207800807894 0 0 0.00858663918942126 0.019047619047619 0 0.00731743011854237 0.00590144585423429
"носят" 0 0 0.0132441560161579 0 0 0 0.0253968253968254 0.00581868963109508 0 0
"обладать" 0 0 0 0 0 0.00858663918942126 0 0.00581868963109508 0.0146348602370847 0.0177043375627029
"областей" 0 0 0.00662207800807894 0.0103939299449122 0 0 0 0 0.00731743011854237 0.0236057834169371
"образовать" 0 0.00968523002421308 0 0.0207878598898243 0.0203915171288744 0.00858663918942126 0 0 0 0.00590144585423429
"образуется" 0.00923361034164358 0 0 0.0103939299449122 0.0203915171288744 0.0171732783788425 0 0 0.00731743011854237 0
"обратно" 0.00923361034164358 0 0.00662207800807894 0.0103939299449122 0 0.0257599175682638 0 0 0 0.00590144585423429
"обстановки" 0 0 0 0.0103939299449122 0.0203915171288744 0.034346556757685 0 0 0 0
"общественных" 0.00923361034164358 0.0581113801452785 0 0 0 0 0 0 0 0
"общую" 0.00923361034164358 0.00968523002421308 0.00662207800807894 0.0103939299449122 0 0 0.00634920634920635 0.00581868963109508 0.00731743011854237 0
"объективно" 0.00923361034164358 0 0 0.0311817898347365 0.0203915171288744 0.00858663918942126 0 0 0 0
"объясняются" 0.00923361034164358 0 0.0132441560161579 0 0 0 0.00634920634920635 0.0174560688932852 0 0
"обыденной" 0.0277008310249307 0 0.0132441560161579 0 0 0 0.0126984126984127 0 0 0
"оказался" 0 0 0.0198662340242368 0 0.0203915171288744 0 0.00634920634920635 0 0.00731743011854237 0
"опыте" 0 0 0 0 0 0.0429331959471063 0 0 0.00731743011854237 0.00590144585423429
"опытом" 0.00923361034164358 0 0.00662207800807894 0.0103939299449122 0 0.00858663918942126 0.00634920634920635 0 0.0146348602370847 0
"организмов" 0.0369344413665743 0 0 0 0.0101957585644372 0 0.0126984126984127 0 0 0
"особых" 0.0277008310249307 0.0193704600484262 0.0132441560161579 0 0 0 0 0 0 0
"оставаясь" 0.00923361034164358 0.00968523002421308 0 0 0 0.00858663918942126 0.0126984126984127 0.00581868963109508 0.00731743011854237 0
"осуществления" 0.00923361034164358 0.00968523002421308 0.0264883120323157 0 0 0 0 0 0 0.00590144585423429
"отделах" 0 0.00968523002421308 0 0.0207878598898243 0.0203915171288744 0.00858663918942126 0 0 0 0.00590144585423429
"относительной" 0 0 0 0 0.0101957585644372 0.0171732783788425 0 0.00581868963109508 0 0.0177043375627029
"отсутствует" 0.00923361034164358 0.0193704600484262 0 0.0207878598898243 0 0 0.0126984126984127 0 0 0
"падают" 0 0 0.00662207800807894 0 0 0.00858663918942126 0.00634920634920635 0.0116373792621902 0.0146348602370847 0
"палец" 0 0 0.00662207800807894 0 0 0 0.00634920634920635 0.0232747585243803 0.00731743011854237 0
"поверхностей" 0 0 0 0 0 0.034346556757685 0 0 0.0219522903556271 0
"поддерживают" 0 0 0 0.0207878598898243 0 0.00858663918942126 0 0.00581868963109508 0.0146348602370847 0.00590144585423429
"подкрепление" 0 0 0 0 0 0 0.00634920634920635 0 0.0292697204741695 0.0118028917084686
"позвольте" 0 0 0 0 0.0305872756933116 0.00858663918942126 0 0 0 0.0177043375627029
"покое" 0 0 0 0 0 0 0.00634920634920635 0.0174560688932852 0 0.0177043375627029
"покой" 0.00923361034164358 0 0 0 0.0203915171288744 0 0 0.0116373792621902 0 0.0118028917084686
"половине" 0 0 0 0 0 0 0.0317460317460317 0.00581868963109508 0 0.00590144585423429
"положительное" 0.00923361034164358 0 0 0.0103939299449122 0.0305872756933116 0 0.00634920634920635 0 0.00731743011854237 0
"получаем" 0 0 0.00662207800807894 0.0207878598898243 0 0.00858663918942126 0 0 0.0146348602370847 0.00590144585423429
"пользоваться" 0 0.00968523002421308 0.00662207800807894 0.0311817898347365 0 0 0 0 0 0.0118028917084686
"понятиям" 0 0 0.0132441560161579 0 0.0305872756933116 0 0.0126984126984127 0 0 0
"порядка" 0 0.0290556900726392 0 0 0 0 0.00634920634920635 0 0.00731743011854237 0.0118028917084686
"последствие" 0.00923361034164358 0 0 0 0 0 0.0126984126984127 0.0174560688932852 0 0.00590144585423429
"последствий" 0.0184672206832872 0 0 0 0 0.0171732783788425 0 0.00581868963109508 0 0.0118028917084686
"постараюсь" 0 0 0 0 0 0 0.0253968253968254 0.0174560688932852 0 0
"постоянном" 0 0.00968523002421308 0.00662207800807894 0.0103939299449122 0.0203915171288744 0.00858663918942126 0 0 0 0.00590144585423429
"поступка" 0 0 0 0 0 0 0 0.0407308274176655 0 0
"поступках" 0.0369344413665743 0 0.00662207800807894 0 0 0 0 0 0 0.0118028917084686
"поступок" 0.00923361034164358 0 0.00662207800807894 0 0 0 0 0.0290934481554754 0 0
"появление" 0 0 0.0132441560161579 0 0.0101957585644372 0.0171732783788425 0.00634920634920635 0.00581868963109508 0 0
"правой" 0 0 0.0132441560161579 0.0207878598898243 0 0 0.019047619047619 0 0 0
"предварительно" 0 0 0 0.0311817898347365 0.0101957585644372 0 0 0.0116373792621902 0 0.00590144585423429
"пределы" 0.00923361034164358 0 0 0 0 0.00858663918942126 0 0.0232747585243803 0.00731743011854237 0
"предмете" 0.00923361034164358 0 0.0198662340242368 0 0 0 0.0126984126984127 0.00581868963109508 0 0
"предмету" 0.0184672206832872 0 0.0132441560161579 0.0103939299449122 0 0 0.0126984126984127 0 0 0
"предположение" 0 0 0.00662207800807894 0 0 0 0 0 0.0365871505927118 0.00590144585423429
"представлять" 0.00923361034164358 0 0 0 0 0.00858663918942126 0.019047619047619 0 0.0146348602370847 0
"предыдущего" 0.0184672206832872 0 0 0 0 0 0 0.0174560688932852 0 0.0118028917084686
"признается" 0.0184672206832872 0.0193704600484262 0 0 0.0101957585644372 0 0 0 0 0.0118028917084686
"признаки" 0 0 0 0 0 0 0 0 0.0146348602370847 0.0295072292711714
"приказание" 0 0 0.0463545460565525 0 0 0 0 0 0 0
"прикосновения" 0 0 0 0.0207878598898243 0 0 0.0317460317460317 0 0 0
"примерах" 0 0 0.0132441560161579 0 0 0 0.019047619047619 0.00581868963109508 0 0.00590144585423429
"природой" 0 0.00968523002421308 0 0 0.0203915171288744 0.0171732783788425 0 0 0 0.0118028917084686
"приходящие" 0 0 0 0 0.0101957585644372 0 0 0 0.0219522903556271 0.0177043375627029
"продолжать" 0 0.00968523002421308 0 0 0.0101957585644372 0.00858663918942126 0.00634920634920635 0 0.0146348602370847 0.00590144585423429
"продукты" 0.00923361034164358 0 0.0132441560161579 0 0 0 0.00634920634920635 0.0174560688932852 0 0
"произведения" 0.0277008310249307 0 0 0 0 0 0.0253968253968254 0 0 0
"производит" 0 0 0.0132441560161579 0 0 0 0.0126984126984127 0.00581868963109508 0.00731743011854237 0.00590144585423429
"произвольно" 0 0 0 0.0207878598898243 0 0 0.0317460317460317 0 0 0
"произошел" 0.00923361034164358 0 0.00662207800807894 0 0.0101957585644372 0.00858663918942126 0.00634920634920635 0 0.00731743011854237 0.00590144585423429
"проникает" 0 0 0.0463545460565525 0 0 0 0 0 0 0
"простое" 0 0.00968523002421308 0.00662207800807894 0 0 0 0.0126984126984127 0 0.0146348602370847 0.00590144585423429
"простым" 0 0 0 0.0103939299449122 0 0.0171732783788425 0.019047619047619 0.00581868963109508 0 0
"проходит" 0.00923361034164358 0 0 0.0103939299449122 0 0 0.019047619047619 0.00581868963109508 0 0.00590144585423429
"прошу" 0 0 0 0 0 0.00858663918942126 0.019047619047619 0.0174560688932852 0 0
"психологической" 0 0.00968523002421308 0 0.0103939299449122 0.0305872756933116 0 0 0.0116373792621902 0 0
"работоспособности" 0 0.0193704600484262 0 0 0 0.0429331959471063 0 0 0 0
"рабства" 0 0.0677966101694915 0 0 0 0 0 0 0 0
"разберем" 0 0 0 0.0103939299449122 0 0 0.0253968253968254 0.0116373792621902 0 0
"развитой" 0 0.00968523002421308 0.00662207800807894 0.0103939299449122 0 0 0.0126984126984127 0.0116373792621902 0 0
"раздражается" 0 0 0 0 0 0 0.0253968253968254 0.00581868963109508 0.0146348602370847 0
"раздражению" 0 0 0 0 0 0.0171732783788425 0.019047619047619 0 0.00731743011854237 0.00590144585423429
"раздражительным" 0 0 0 0 0.0101957585644372 0.0515198351365276 0 0 0 0
"раздражителю" 0 0 0 0.0207878598898243 0.0101957585644372 0.0171732783788425 0.00634920634920635 0 0 0.00590144585423429
"разнообразие" 0 0 0 0.0103939299449122 0 0.0171732783788425 0.0126984126984127 0 0.00731743011854237 0.00590144585423429
"рано" 0 0 0 0.0103939299449122 0 0.0171732783788425 0 0.0116373792621902 0 0.0118028917084686
"раствор" 0 0 0 0 0.0305872756933116 0 0 0 0 0.0236057834169371
"растет" 0 0 0 0.0207878598898243 0.0101957585644372 0.0257599175682638 0 0 0.00731743011854237 0
"рвоты" 0 0 0 0 0 0 0.0126984126984127 0 0 0.0295072292711714
"реакциями" 0 0 0 0 0.0407830342577488 0.00858663918942126 0 0 0 0.0118028917084686
"реальность" 0 0 0 0 0 0 0 0 0.0146348602370847 0.0295072292711714
"резкие" 0 0 0.00662207800807894 0 0 0.00858663918942126 0.00634920634920635 0.0232747585243803 0 0
"резкое" 0 0 0.00662207800807894 0.0103939299449122 0.0101957585644372 0.0171732783788425 0 0.0116373792621902 0 0
"рефлекторных" 0 0 0 0 0 0 0.00634920634920635 0 0.0146348602370847 0.0236057834169371
"руками" 0 0 0.00662207800807894 0 0 0 0.00634920634920635 0.0232747585243803 0 0.00590144585423429
"самим" 0.0184672206832872 0 0.0198662340242368 0 0 0 0 0 0.0146348602370847 0
"самоуправления" 0 0.0677966101694915 0 0 0 0 0 0 0 0
"св" 0 0 0.0463545460565525 0 0 0 0 0 0 0
"сведения" 0 0 0.00662207800807894 0 0 0 0.019047619047619 0.0116373792621902 0.00731743011854237 0
"световой" 0 0 0 0 0 0 0 0.0407308274176655 0 0
"свойствами" 0 0 0 0 0 0.0171732783788425 0 0.0232747585243803 0.00731743011854237 0
"связано" 0.00923361034164358 0 0 0.0103939299449122 0 0 0 0.00581868963109508 0.00731743011854237 0.0177043375627029
"сделался" 0 0.00968523002421308 0.00662207800807894 0.0103939299449122 0.0101957585644372 0.0257599175682638 0 0 0 0
"сердце" 0.00923361034164358 0.0193704600484262 0 0 0 0 0.0126984126984127 0.00581868963109508 0.00731743011854237 0
"силою" 0 0.0193704600484262 0 0 0 0 0.0317460317460317 0 0 0
"скажет" 0 0 0 0 0 0 0.0253968253968254 0.00581868963109508 0.0146348602370847 0
"скажу" 0.0277008310249307 0 0.00662207800807894 0 0 0 0.00634920634920635 0.00581868963109508 0 0.00590144585423429
"сказывается" 0.00923361034164358 0 0.0132441560161579 0 0 0 0 0 0.0146348602370847 0.0118028917084686
"слабее" 0 0 0 0.0207878598898243 0 0.0257599175682638 0 0.0116373792621902 0 0
"слабость" 0 0 0 0 0.0101957585644372 0.0515198351365276 0 0 0 0
"слагается" 0 0 0 0 0 0 0.00634920634920635 0 0.0146348602370847 0.0236057834169371
"сложнее" 0 0 0 0.0311817898347365 0.0101957585644372 0.00858663918942126 0.0126984126984127 0 0 0
"сложном" 0 0 0 0.0311817898347365 0 0.0171732783788425 0.00634920634920635 0.00581868963109508 0 0
"сложные" 0 0 0 0.0415757197796487 0 0 0.0126984126984127 0 0.00731743011854237 0
"случается" 0 0 0.00662207800807894 0 0 0 0.00634920634920635 0.0290934481554754 0 0
"случайно" 0 0 0.0198662340242368 0 0 0.00858663918942126 0 0 0.00731743011854237 0.0118028917084686
"собаку" 0 0 0 0.0103939299449122 0.0203915171288744 0.034346556757685 0 0 0 0
"совершается" 0.00923361034164358 0 0 0 0.0203915171288744 0.00858663918942126 0 0.0116373792621902 0 0.00590144585423429
"совершенствование" 0.0461680517082179 0.0193704600484262 0 0 0 0 0 0 0 0
"совокупность" 0.0277008310249307 0.00968523002421308 0 0 0 0 0 0 0.0146348602370847 0.00590144585423429
"совпадение" 0 0 0 0 0.0101957585644372 0.034346556757685 0 0.00581868963109508 0.00731743011854237 0
"содействуют" 0 0.00968523002421308 0 0 0 0 0 0 0.0365871505927118 0.00590144585423429
"содержание" 0.00923361034164358 0 0.00662207800807894 0 0 0 0 0.00581868963109508 0.0219522903556271 0.00590144585423429
"соединения" 0.00923361034164358 0 0.00662207800807894 0.0103939299449122 0.0407830342577488 0 0 0 0 0
"создает" 0.00923361034164358 0 0 0 0.0101957585644372 0 0.00634920634920635 0 0.0219522903556271 0.00590144585423429
"создается" 0.0184672206832872 0.0193704600484262 0 0 0 0 0 0 0.0146348602370847 0.00590144585423429
"созданию" 0.0554016620498615 0.00968523002421308 0 0 0 0 0 0 0 0
"соответствующими" 0 0 0.00662207800807894 0.0103939299449122 0.0407830342577488 0.00858663918942126 0 0 0 0
"сопротивление" 0 0 0.0397324680484736 0 0 0 0 0 0 0.00590144585423429
"состоянию" 0 0 0 0 0.0101957585644372 0.00858663918942126 0.00634920634920635 0.00581868963109508 0.0219522903556271 0
"социального" 0.0369344413665743 0.0290556900726392 0 0 0 0 0 0 0 0
"способа" 0 0 0.0198662340242368 0 0 0 0.019047619047619 0.00581868963109508 0 0
"способно" 0 0 0 0 0 0.00858663918942126 0 0.0116373792621902 0.0219522903556271 0.00590144585423429
"способны" 0.00923361034164358 0.00968523002421308 0.00662207800807894 0 0 0 0 0 0.00731743011854237 0.0177043375627029
"спросит" 0 0 0 0 0 0 0 0.0407308274176655 0 0
"среда" 0 0 0.00662207800807894 0 0.0101957585644372 0.00858663918942126 0 0 0.0146348602370847 0.0118028917084686
"становятся" 0 0.00968523002421308 0.0132441560161579 0 0.0101957585644372 0 0 0.0116373792621902 0 0.00590144585423429
"старается" 0 0 0 0.0103939299449122 0.0101957585644372 0 0.019047619047619 0 0.00731743011854237 0.00590144585423429
"старый" 0 0 0 0 0.0203915171288744 0.0257599175682638 0 0 0.0146348602370847 0
"степеней" 0 0 0 0.0207878598898243 0.0305872756933116 0 0.00634920634920635 0.00581868963109508 0 0
"стойко" 0 0 0 0 0 0 0 0 0.0146348602370847 0.0295072292711714
"столетия" 0 0 0.00662207800807894 0.0207878598898243 0.0203915171288744 0 0 0.0116373792621902 0 0
"стране" 0 0.0677966101694915 0 0 0 0 0 0 0 0
"страстных" 0 0 0 0 0 0 0.00634920634920635 0.0349121377865705 0 0
"существо" 0.0277008310249307 0 0 0 0 0.00858663918942126 0.00634920634920635 0 0.00731743011854237 0.00590144585423429
"считается" 0 0.00968523002421308 0.00662207800807894 0.0103939299449122 0 0 0.00634920634920635 0.0174560688932852 0 0
"таково" 0 0 0.00662207800807894 0 0 0 0.0126984126984127 0 0.0219522903556271 0.00590144585423429
"температура" 0 0 0 0 0 0.0515198351365276 0.00634920634920635 0 0 0
"теорию" 0 0 0 0.0207878598898243 0 0 0 0 0.00731743011854237 0.0236057834169371
"толчком" 0 0 0.00662207800807894 0.0103939299449122 0 0 0.00634920634920635 0.0232747585243803 0 0
"тормозное" 0 0 0 0.0311817898347365 0.0305872756933116 0.00858663918942126 0 0 0 0
"трудности" 0 0 0 0.0207878598898243 0.0203915171288744 0.0257599175682638 0 0 0 0
"убедиться" 0 0 0.00662207800807894 0 0 0.00858663918942126 0.0253968253968254 0.00581868963109508 0 0
"убеждений" 0 0.0290556900726392 0.0264883120323157 0 0 0 0 0 0 0
"удерживать" 0 0 0 0 0 0 0 0.0116373792621902 0.0146348602370847 0.0177043375627029
"указать" 0 0.0290556900726392 0 0.0103939299449122 0 0.00858663918942126 0 0.0116373792621902 0 0
"умов" 0.0184672206832872 0.00968523002421308 0.0132441560161579 0.0103939299449122 0 0 0.00634920634920635 0 0 0
"умственной" 0.00923361034164358 0.0387409200968523 0.00662207800807894 0 0.0101957585644372 0 0 0 0 0
"упомянуть" 0 0.00968523002421308 0.00662207800807894 0 0.0203915171288744 0.0171732783788425 0 0.00581868963109508 0 0
"уравновешивания" 0 0 0 0.0103939299449122 0.050978792822186 0.00858663918942126 0 0 0 0
"усиленным" 0 0 0 0 0 0 0.0126984126984127 0.0232747585243803 0.00731743011854237 0
"усиливается" 0 0 0 0 0 0 0.019047619047619 0 0.0146348602370847 0.0118028917084686
"усилия" 0.00923361034164358 0 0.00662207800807894 0.0103939299449122 0 0 0.019047619047619 0.00581868963109508 0 0
"участвует" 0 0.00968523002421308 0.00662207800807894 0 0.0101957585644372 0 0.0126984126984127 0.00581868963109508 0.00731743011854237 0
"участие" 0 0.0193704600484262 0.00662207800807894 0.0103939299449122 0 0 0.00634920634920635 0.00581868963109508 0 0.00590144585423429
"участка" 0 0 0 0 0 0.0257599175682638 0 0 0.00731743011854237 0.0177043375627029
"фигуры" 0 0 0 0.0311817898347365 0.0101957585644372 0 0.0126984126984127 0 0.00731743011854237 0
"физиологическую" 0 0 0 0.0207878598898243 0.0407830342577488 0.00858663918942126 0 0 0 0
"физиологов" 0 0 0 0.0103939299449122 0.0101957585644372 0 0.0253968253968254 0 0 0.00590144585423429
"характером" 0 0.00968523002421308 0.00662207800807894 0 0 0 0 0.0232747585243803 0 0.00590144585423429
"хода" 0.00923361034164358 0 0.00662207800807894 0 0 0.0171732783788425 0 0 0 0.0177043375627029
"ходу" 0 0 0 0 0 0 0 0 0 0.04131012097964
"хочется" 0 0 0 0 0.0101957585644372 0 0.00634920634920635 0.0174560688932852 0 0.0118028917084686
"центрального" 0 0 0 0 0 0 0.0126984126984127 0 0.0146348602370847 0.0177043375627029
"центральную" 0 0 0 0.0103939299449122 0.0203915171288744 0 0 0 0 0.0236057834169371
"центрам" 0 0 0 0 0 0 0.00634920634920635 0 0.00731743011854237 0.0295072292711714
"центростремительные" 0 0 0 0.062363579669473 0 0.00858663918942126 0 0 0 0
"частота" 0 0 0 0 0 0.00858663918942126 0 0.0290934481554754 0.00731743011854237 0
"частями" 0 0 0 0.0103939299449122 0 0 0.0126984126984127 0.0232747585243803 0 0
"человеческом" 0.0277008310249307 0 0 0 0 0 0.0253968253968254 0 0 0
"черта" 0 0 0.00662207800807894 0 0.0203915171288744 0.0171732783788425 0 0 0.0146348602370847 0
"чертами" 0 0.0290556900726392 0 0.0103939299449122 0 0.0171732783788425 0 0 0.00731743011854237 0
"четырех" 0 0 0 0 0.0101957585644372 0.0257599175682638 0 0.0116373792621902 0 0.00590144585423429
"читаем" 0 0.0581113801452785 0 0.0103939299449122 0 0 0 0 0 0
"чрез" 0 0.00968523002421308 0.0198662340242368 0 0 0 0.00634920634920635 0.00581868963109508 0.00731743011854237 0
"шеррингтона" 0 0 0 0.0103939299449122 0 0 0 0 0.0219522903556271 0.0177043375627029
"широко" 0 0.0193704600484262 0 0 0 0.00858663918942126 0 0 0.0146348602370847 0.0118028917084686
"экспериментальной" 0 0 0.00662207800807894 0.0103939299449122 0.0305872756933116 0.0171732783788425 0 0 0 0
"экспериментатора" 0 0 0 0 0.0101957585644372 0.0171732783788425 0 0 0 0.0236057834169371
"элемента" 0 0 0 0 0 0 0.0253968253968254 0.0174560688932852 0 0
"элементарные" 0 0 0 0.0207878598898243 0.0203915171288744 0 0.019047619047619 0 0 0
"элементарных" 0 0 0 0.0207878598898243 0.0101957585644372 0 0.019047619047619 0.00581868963109508 0 0
"явлению" 0 0 0 0.0103939299449122 0 0 0.019047619047619 0.00581868963109508 0.0146348602370847 0
"языка" 0 0 0.00662207800807894 0 0 0 0.0126984126984127 0.0232747585243803 0 0
"языком" 0.0184672206832872 0 0 0 0 0 0.019047619047619 0.0116373792621902 0 0
"абстракции" 0 0 0 0 0 0 0 0 0 0.0354086751254057
"активного" 0 0 0.0397324680484736 0 0 0 0 0 0 0
"аппарате" 0 0 0 0.0103939299449122 0.0101957585644372 0 0 0 0.00731743011854237 0.0177043375627029
"ассоциируется" 0 0 0 0 0 0 0 0.0349121377865705 0 0
"афферентных" 0 0 0 0.0103939299449122 0.0407830342577488 0 0 0 0 0.00590144585423429
"беря" 0 0 0 0 0 0.0171732783788425 0 0.0116373792621902 0.0146348602370847 0
"бессмертия" 0.0554016620498615 0 0 0 0 0 0 0 0 0
"бесчисленные" 0 0 0 0.0103939299449122 0.0203915171288744 0.00858663918942126 0.0126984126984127 0 0 0
"ближайшего" 0 0 0 0.0103939299449122 0 0.00858663918942126 0 0 0.0146348602370847 0.0118028917084686
"близкое" 0 0 0.00662207800807894 0.0103939299449122 0 0 0 0 0.00731743011854237 0.0177043375627029
"болезненных" 0 0.00968523002421308 0.0132441560161579 0 0 0.00858663918942126 0.0126984126984127 0 0 0
"большего" 0 0.00968523002421308 0 0.0103939299449122 0 0.00858663918942126 0.00634920634920635 0.0116373792621902 0 0
"бред" 0 0 0.0198662340242368 0 0 0 0.0126984126984127 0 0 0.00590144585423429
"важно" 0.0184672206832872 0 0 0 0 0 0.00634920634920635 0.00581868963109508 0 0.0118028917084686
"величину" 0 0 0 0 0.0101957585644372 0 0.00634920634920635 0.00581868963109508 0.0146348602370847 0.00590144585423429
"вернуться" 0.0184672206832872 0 0 0 0 0 0 0 0.00731743011854237 0.0177043375627029
"вечное" 0.0554016620498615 0 0 0 0 0 0 0 0 0
"вечной" 0.0554016620498615 0 0 0 0 0 0 0 0 0
"взглядов" 0.00923361034164358 0 0.0264883120323157 0 0 0 0.00634920634920635 0 0 0
"взгляды" 0.00923361034164358 0.0290556900726392 0.00662207800807894 0 0 0 0.00634920634920635 0 0 0
"взрослый" 0 0 0 0 0 0 0 0.0349121377865705 0 0
"внешнюю" 0 0 0 0 0 0.0171732783788425 0.019047619047619 0.00581868963109508 0 0
"внешняя" 0.00923361034164358 0.00968523002421308 0 0 0.0101957585644372 0.00858663918942126 0 0.00581868963109508 0.00731743011854237 0
"вовлечения" 0 0 0 0 0 0 0 0 0.0219522903556271 0.0177043375627029
"возбуждению" 0.00923361034164358 0 0 0 0 0 0.00634920634920635 0.00581868963109508 0.0219522903556271 0
"возбужденный" 0 0 0 0 0 0 0.00634920634920635 0 0.0219522903556271 0.0118028917084686
"возможным" 0.00923361034164358 0.00968523002421308 0.0198662340242368 0 0 0 0.00634920634920635 0 0 0
"возникающие" 0 0 0.00662207800807894 0 0 0 0 0 0.0292697204741695 0.00590144585423429
"волей" 0 0.0193704600484262 0 0 0 0 0.0126984126984127 0.0116373792621902 0 0
"вопросом" 0.00923361034164358 0.00968523002421308 0 0.0103939299449122 0 0.00858663918942126 0.00634920634920635 0.00581868963109508 0 0
"вредных" 0 0 0 0 0 0 0.0317460317460317 0 0.00731743011854237 0
"времена" 0 0.0387409200968523 0.00662207800807894 0 0 0 0.00634920634920635 0 0 0
"вроде" 0 0 0 0.0103939299449122 0 0.00858663918942126 0.0126984126984127 0 0.0146348602370847 0
"встречаются" 0 0 0.00662207800807894 0 0.0101957585644372 0.0171732783788425 0 0 0 0.0118028917084686
"встрече" 0 0 0.00662207800807894 0 0 0 0.00634920634920635 0.0232747585243803 0 0
"второго" 0 0 0 0 0.0101957585644372 0.00858663918942126 0.0126984126984127 0.00581868963109508 0 0.00590144585423429
"второе" 0 0 0.00662207800807894 0 0.0101957585644372 0.00858663918942126 0.0126984126984127 0.00581868963109508 0 0
"вызывая" 0.0184672206832872 0 0 0 0.0101957585644372 0.00858663918942126 0.00634920634920635 0 0.00731743011854237 0
"выработать" 0 0.00968523002421308 0 0 0 0.0257599175682638 0 0 0 0.0118028917084686
"выражаясь" 0.00923361034164358 0 0 0.0103939299449122 0.0101957585644372 0 0.00634920634920635 0 0.00731743011854237 0.00590144585423429
"высшее" 0.00923361034164358 0.00968523002421308 0 0.0103939299449122 0.0101957585644372 0.0171732783788425 0 0 0 0
"вытекающие" 0 0 0 0 0 0 0.019047619047619 0.0174560688932852 0 0
"выяснить" 0 0.00968523002421308 0.0132441560161579 0 0 0.0257599175682638 0 0 0 0
"глазу" 0 0 0 0 0.0101957585644372 0 0.00634920634920635 0.0232747585243803 0 0
"глубокое" 0 0.0193704600484262 0 0 0 0.00858663918942126 0 0 0.00731743011854237 0.0118028917084686
"государства" 0 0.0581113801452785 0 0 0 0 0 0 0 0
"грубой" 0 0 0.00662207800807894 0.0103939299449122 0.0101957585644372 0.0171732783788425 0 0 0.00731743011854237 0
"груди" 0 0.00968523002421308 0 0 0 0 0.019047619047619 0.0116373792621902 0 0
"группа" 0 0 0 0 0 0 0.0126984126984127 0 0.00731743011854237 0.0177043375627029
"давать" 0 0 0.00662207800807894 0.0103939299449122 0 0.00858663918942126 0 0 0.0146348602370847 0.00590144585423429
"дал" 0.00923361034164358 0 0 0 0 0 0 0 0.0292697204741695 0.00590144585423429
"дальней" 0 0 0 0 0 0 0 0 0.0146348602370847 0.0236057834169371
"дальнейшие" 0 0 0.00662207800807894 0 0.0101957585644372 0.00858663918942126 0 0.00581868963109508 0.0146348602370847 0
"дальних" 0 0 0 0 0 0 0 0 0 0.0354086751254057
"двигательный" 0 0 0.00662207800807894 0.0207878598898243 0.0101957585644372 0.0171732783788425 0 0 0 0
"двигательным" 0 0 0 0.0207878598898243 0 0 0.0253968253968254 0 0 0
"действительного" 0 0 0 0.0207878598898243 0 0 0 0.0232747585243803 0 0
"действительной" 0 0.00968523002421308 0 0 0.0203915171288744 0 0 0.0174560688932852 0 0
"действительность" 0 0 0.00662207800807894 0 0.0101957585644372 0.00858663918942126 0 0.0116373792621902 0 0.00590144585423429
"действующие" 0.0277008310249307 0 0 0 0.0101957585644372 0 0.00634920634920635 0.00581868963109508 0 0
"делалось" 0.00923361034164358 0 0 0 0 0.034346556757685 0 0.00581868963109508 0 0
"делают" 0 0 0.00662207800807894 0.0103939299449122 0 0.00858663918942126 0 0.0174560688932852 0 0
"делом" 0 0.0290556900726392 0 0 0.0203915171288744 0 0.00634920634920635 0 0 0
"динамике" 0 0 0 0.0103939299449122 0 0 0 0 0.0146348602370847 0.0177043375627029
"динь" 0 0 0 0 0 0 0.0253968253968254 0.0116373792621902 0 0
"длится" 0 0 0.00662207800807894 0 0 0 0 0.0116373792621902 0.00731743011854237 0.0118028917084686
"доминантный" 0 0 0 0 0 0 0 0 0.00731743011854237 0.0295072292711714
"достоянием" 0 0.0193704600484262 0.0132441560161579 0 0.0101957585644372 0 0 0 0.00731743011854237 0
"древней" 0.00923361034164358 0.0193704600484262 0.00662207800807894 0 0 0.00858663918942126 0 0 0.00731743011854237 0
"дробления" 0.00923361034164358 0 0 0 0.0101957585644372 0 0.00634920634920635 0.0174560688932852 0 0
"думает" 0 0 0 0.0207878598898243 0 0 0.00634920634920635 0.0174560688932852 0 0
"духовное" 0.0461680517082179 0 0.00662207800807894 0 0 0 0 0 0 0
"душе" 0.00923361034164358 0.00968523002421308 0.00662207800807894 0 0 0 0.00634920634920635 0 0.0146348602370847 0
"душевной" 0 0 0.00662207800807894 0 0 0.0171732783788425 0 0 0.0219522903556271 0
"душевных" 0 0.0290556900726392 0.0132441560161579 0 0 0.00858663918942126 0 0 0 0
"дыхание" 0.00923361034164358 0.0193704600484262 0 0 0 0 0.00634920634920635 0 0.0146348602370847 0
"естественнее" 0 0 0 0 0.0407830342577488 0.00858663918942126 0 0 0 0.00590144585423429
"естествознание" 0 0 0 0 0.0407830342577488 0.0171732783788425 0 0 0 0
"железа" 0 0 0 0 0.0203915171288744 0 0.0126984126984127 0 0 0.0118028917084686
"животный" 0 0 0.00662207800807894 0 0.0407830342577488 0.00858663918942126 0 0 0 0
"жизненной" 0 0.0193704600484262 0 0.0103939299449122 0.0101957585644372 0.0171732783788425 0 0 0 0
"жизненных" 0.00923361034164358 0 0 0 0 0.034346556757685 0 0 0.00731743011854237 0
"забывать" 0.0184672206832872 0.00968523002421308 0 0 0 0 0.0126984126984127 0.00581868963109508 0 0
"задерживающих" 0 0 0 0 0 0 0.0253968253968254 0.0116373792621902 0 0
"закономерно" 0 0 0 0 0 0 0 0 0.0146348602370847 0.0236057834169371
"закрыть" 0 0 0.00662207800807894 0 0 0 0.00634920634920635 0.0232747585243803 0 0
"замечается" 0 0 0.00662207800807894 0 0 0 0.019047619047619 0.0116373792621902 0 0
"замыкания" 0 0 0 0 0.0407830342577488 0 0 0 0.00731743011854237 0.00590144585423429
"запаздывания" 0 0 0 0.0311817898347365 0.0101957585644372 0.0171732783788425 0 0 0 0
"звуковых" 0 0 0 0.0207878598898243 0 0.00858663918942126 0 0.0116373792621902 0.00731743011854237 0
"здоровье" 0 0.0581113801452785 0 0 0 0 0 0 0 0
"знание" 0.00923361034164358 0.00968523002421308 0 0.0207878598898243 0 0 0 0.00581868963109508 0.00731743011854237 0
"знаний" 0 0.0193704600484262 0.0132441560161579 0 0 0 0.00634920634920635 0.00581868963109508 0 0
"значило" 0.00923361034164358 0 0 0 0.0203915171288744 0.00858663918942126 0 0 0.00731743011854237 0.00590144585423429
"значительное" 0 0.0193704600484262 0 0.0207878598898243 0 0.00858663918942126 0 0.00581868963109508 0 0
"зрительным" 0 0 0 0 0.0101957585644372 0 0 0.0232747585243803 0.00731743011854237 0
"зрительными" 0 0 0 0.0103939299449122 0 0 0 0.0290934481554754 0 0
"идеал" 0 0 0 0 0 0 0 0.0290934481554754 0 0.00590144585423429
"идеалы" 0.0369344413665743 0 0 0 0 0 0 0.0116373792621902 0 0
"идее" 0.0277008310249307 0 0.0132441560161579 0.0103939299449122 0 0 0 0 0 0
"идеями" 0.00923361034164358 0 0.0331103900403947 0 0 0 0 0 0 0
"известен" 0 0 0.0264883120323157 0 0 0 0.00634920634920635 0.00581868963109508 0 0
"известном" 0 0 0.0132441560161579 0 0 0.00858663918942126 0 0.00581868963109508 0 0.0118028917084686
"известную" 0.0277008310249307 0 0 0 0 0 0.00634920634920635 0 0 0.0118028917084686
"известным" 0.0184672206832872 0 0.0264883120323157 0 0 0 0 0 0 0
"изучать" 0 0.0193704600484262 0 0.0207878598898243 0.0203915171288744 0 0 0 0 0
"иллюзии" 0 0 0.0397324680484736 0 0 0 0 0 0 0
"имена" 0.0461680517082179 0 0 0 0 0 0 0.00581868963109508 0 0
"импульсами" 0.0184672206832872 0 0 0 0 0 0 0 0.0146348602370847 0.0118028917084686
"индифферентный" 0 0 0 0 0.0101957585644372 0.0171732783788425 0 0 0.0219522903556271 0
"индифферентных" 0 0 0.00662207800807894 0 0.0101957585644372 0.00858663918942126 0 0 0.0146348602370847 0.00590144585423429
"инертности" 0 0 0 0 0.0305872756933116 0.0171732783788425 0 0 0.00731743011854237 0
"инстинктивных" 0 0 0 0 0 0 0.0253968253968254 0 0.00731743011854237 0.00590144585423429
"интенсивности" 0 0 0 0.0207878598898243 0.0407830342577488 0 0 0 0 0
"исключительное" 0 0 0 0 0 0 0 0 0.0219522903556271 0.0177043375627029
"источник" 0 0.0193704600484262 0.0132441560161579 0 0 0 0 0.0116373792621902 0 0
"исчерпывается" 0 0 0 0 0.0101957585644372 0.00858663918942126 0.0126984126984127 0.0116373792621902 0 0
"й" 0 0.00968523002421308 0 0 0 0 0.019047619047619 0.0116373792621902 0 0
"казаться" 0 0 0 0 0.0101957585644372 0.00858663918942126 0.0126984126984127 0.00581868963109508 0.00731743011854237 0
"клетке" 0 0 0 0.0415757197796487 0 0.00858663918942126 0 0 0.00731743011854237 0
"книги" 0 0 0.0132441560161579 0.0103939299449122 0 0 0 0 0.00731743011854237 0.0118028917084686
"колебания" 0 0 0 0.0207878598898243 0 0.0257599175682638 0 0.00581868963109508 0 0
"количества" 0 0 0.00662207800807894 0.0103939299449122 0 0.0171732783788425 0 0.00581868963109508 0 0.00590144585423429
"компонентам" 0 0 0 0 0 0 0 0 0.0439045807112542 0
"кому" 0.00923361034164358 0 0.0132441560161579 0 0 0.00858663918942126 0.00634920634920635 0.00581868963109508 0 0
"корковые" 0 0 0 0.0207878598898243 0 0 0 0 0.0219522903556271 0.00590144585423429
"кормушки" 0 0 0 0 0 0.0515198351365276 0 0 0 0
"кризис" 0 0.0193704600484262 0.0198662340242368 0 0 0 0 0 0 0.00590144585423429
"кровь" 0.00923361034164358 0.00968523002421308 0.0198662340242368 0 0 0 0.00634920634920635 0 0 0
"культура" 0.0461680517082179 0.00968523002421308 0 0 0 0 0 0 0 0
"культуру" 0.0461680517082179 0.00968523002421308 0 0 0 0 0 0 0 0
"лежащие" 0 0 0 0 0 0 0.00634920634920635 0.0232747585243803 0.00731743011854237 0
"лежащих" 0 0 0.00662207800807894 0 0 0 0.0253968253968254 0.00581868963109508 0 0
"лешли" 0 0 0 0.062363579669473 0 0 0 0 0 0
"личностью" 0 0.0581113801452785 0 0 0 0 0 0 0 0
"логически" 0.00923361034164358 0 0 0 0 0 0 0.0174560688932852 0.0146348602370847 0
"лунатика" 0 0 0 0 0 0 0.0380952380952381 0 0 0
"любое" 0 0 0.0132441560161579 0 0 0.00858663918942126 0 0.0174560688932852 0 0
"малой" 0.0184672206832872 0 0 0 0 0 0 0 0.00731743011854237 0.0177043375627029
"массой" 0 0 0.0198662340242368 0.0207878598898243 0.0101957585644372 0 0 0 0 0
"массу" 0 0 0.0132441560161579 0.0103939299449122 0.0101957585644372 0 0.0126984126984127 0 0 0
"мать" 0 0 0.00662207800807894 0 0 0 0 0.0232747585243803 0.00731743011854237 0
"машиной" 0.00923361034164358 0 0 0.0103939299449122 0 0 0.0253968253968254 0 0 0
"меры" 0 0.0290556900726392 0 0.0103939299449122 0 0.00858663918942126 0 0 0 0.00590144585423429
"месяцев" 0 0 0.0132441560161579 0 0.0101957585644372 0.0171732783788425 0 0.00581868963109508 0 0
"механизме" 0 0 0 0.0103939299449122 0.0101957585644372 0.00858663918942126 0 0 0 0.0177043375627029
"механика" 0 0 0 0 0 0 0 0 0.0365871505927118 0.00590144585423429
"мешает" 0 0 0.0132441560161579 0 0.0101957585644372 0.00858663918942126 0.00634920634920635 0 0 0.00590144585423429
"миром" 0.0184672206832872 0 0.00662207800807894 0.0103939299449122 0.0101957585644372 0.00858663918942126 0 0 0 0
"моим" 0 0 0 0 0 0 0 0.0116373792621902 0.0219522903556271 0.00590144585423429
"мою" 0 0 0 0.0103939299449122 0 0.0171732783788425 0 0.0174560688932852 0 0
"наблюдать" 0 0 0 0.0103939299449122 0.0101957585644372 0 0.0126984126984127 0 0 0.0118028917084686
"назвал" 0 0 0 0 0 0 0 0.00581868963109508 0 0.0295072292711714
"называемое" 0 0.00968523002421308 0.00662207800807894 0.0103939299449122 0.0101957585644372 0.00858663918942126 0.00634920634920635 0 0 0
"называемые" 0 0.00968523002421308 0.00662207800807894 0 0.0101957585644372 0 0.00634920634920635 0.00581868963109508 0 0.00590144585423429
"называемый" 0.0277008310249307 0 0 0 0 0 0.00634920634920635 0.0116373792621902 0 0
"называет" 0 0 0.00662207800807894 0 0.0407830342577488 0 0 0 0 0.00590144585423429
"называть" 0 0 0.0132441560161579 0 0 0 0.00634920634920635 0.0116373792621902 0 0.00590144585423429
"направление" 0.00923361034164358 0.00968523002421308 0 0.0207878598898243 0 0 0.00634920634920635 0 0 0.00590144585423429
"направлению" 0 0 0.0132441560161579 0 0.0101957585644372 0 0.00634920634920635 0 0.00731743011854237 0.00590144585423429
"направлениях" 0 0.00968523002421308 0 0.0103939299449122 0 0 0.019047619047619 0 0 0.00590144585423429
"народных" 0.00923361034164358 0.0290556900726392 0.0132441560161579 0 0 0 0 0 0 0
"нарушается" 0 0 0 0 0.0203915171288744 0.00858663918942126 0.0126984126984127 0 0 0.00590144585423429
"нарушение" 0 0 0 0.0103939299449122 0.0305872756933116 0.00858663918942126 0 0 0.00731743011854237 0
"находятся" 0 0 0 0.0103939299449122 0.0101957585644372 0.00858663918942126 0.0126984126984127 0 0 0.00590144585423429
"начавшееся" 0 0 0 0 0 0 0 0 0.0292697204741695 0.0118028917084686
"нашими" 0 0 0.00662207800807894 0.0103939299449122 0.0101957585644372 0 0.00634920634920635 0.00581868963109508 0 0.00590144585423429
"невольным" 0 0 0.00662207800807894 0 0 0 0.0317460317460317 0 0 0
"некогда" 0.00923361034164358 0 0.0132441560161579 0 0 0.00858663918942126 0 0 0.0146348602370847 0
"непосредственного" 0.00923361034164358 0 0.0331103900403947 0 0 0 0 0 0 0
"нерве" 0 0 0 0 0 0 0 0.0116373792621902 0.00731743011854237 0.0177043375627029
"новую" 0.00923361034164358 0 0 0 0.0101957585644372 0 0.00634920634920635 0.0116373792621902 0.00731743011854237 0
"ноге" 0 0 0 0.0103939299449122 0 0 0.00634920634920635 0.00581868963109508 0.0146348602370847 0.00590144585423429
"ногу" 0 0 0.00662207800807894 0 0 0 0.0253968253968254 0.00581868963109508 0 0
"нормальное" 0 0.0290556900726392 0 0 0 0 0.00634920634920635 0 0.00731743011854237 0.00590144585423429
"обезпечивает" 0 0.0581113801452785 0 0 0 0 0 0 0 0
"оболочки" 0 0 0 0 0.0203915171288744 0 0.00634920634920635 0.0174560688932852 0 0
"образуются" 0 0 0 0.0103939299449122 0 0.0429331959471063 0 0 0 0
"обусловливается" 0.00923361034164358 0 0.00662207800807894 0 0 0.00858663918942126 0.0126984126984127 0.00581868963109508 0 0
"общими" 0 0.0193704600484262 0.00662207800807894 0 0.0203915171288744 0.00858663918942126 0 0 0 0
"обыкновенных" 0.00923361034164358 0 0 0.0103939299449122 0 0.0171732783788425 0.00634920634920635 0.00581868963109508 0 0
"обычные" 0 0 0.0198662340242368 0 0 0 0 0 0.0219522903556271 0
"ограничивается" 0.00923361034164358 0.00968523002421308 0.00662207800807894 0.0103939299449122 0.0101957585644372 0.00858663918942126 0 0 0 0
"огромный" 0 0.00968523002421308 0 0.0103939299449122 0.0101957585644372 0.0257599175682638 0 0 0 0
"однозначно" 0 0 0 0 0 0 0 0 0.0219522903556271 0.0177043375627029
"оказались" 0 0 0 0.0103939299449122 0 0.0171732783788425 0 0 0.0146348602370847 0.00590144585423429
"окончательно" 0.0184672206832872 0 0.00662207800807894 0.0103939299449122 0 0 0.00634920634920635 0.00581868963109508 0 0
"окончательном" 0.00923361034164358 0.00968523002421308 0 0.0103939299449122 0 0.0171732783788425 0.00634920634920635 0 0 0
"окружающего" 0 0 0.0132441560161579 0 0.0101957585644372 0 0.00634920634920635 0.00581868963109508 0 0.00590144585423429
"опирается" 0.00923361034164358 0.00968523002421308 0 0.0207878598898243 0 0 0 0 0.0146348602370847 0
"описание" 0 0 0.0331103900403947 0 0 0 0 0.00581868963109508 0 0
"опытам" 0 0 0 0.0415757197796487 0 0 0.00634920634920635 0 0.00731743011854237 0
"ориентировочный" 0 0 0 0.0519696497245609 0.0101957585644372 0 0 0 0 0
"освобождение" 0.00923361034164358 0.0484261501210654 0 0 0 0 0 0 0 0
"ослаблением" 0.0184672206832872 0.00968523002421308 0 0 0.0101957585644372 0 0 0.00581868963109508 0.00731743011854237 0
"основная" 0.00923361034164358 0 0.00662207800807894 0.0103939299449122 0 0.00858663918942126 0 0 0 0.0118028917084686
"основное" 0 0.00968523002421308 0 0.0207878598898243 0.0101957585644372 0 0 0 0.00731743011854237 0.00590144585423429
"основными" 0 0 0.00662207800807894 0.0207878598898243 0.0305872756933116 0 0 0 0 0
"основы" 0 0.0484261501210654 0 0 0 0 0 0 0 0.00590144585423429
"остались" 0.00923361034164358 0.0193704600484262 0 0.0103939299449122 0 0 0.0126984126984127 0 0 0
"останавливаться" 0 0.0193704600484262 0.00662207800807894 0.0103939299449122 0 0 0.00634920634920635 0 0 0.00590144585423429
"осуществляется" 0 0 0.0132441560161579 0.0311817898347365 0.0101957585644372 0 0 0 0 0
"осязательного" 0 0 0.0132441560161579 0 0 0 0 0.0232747585243803 0 0
"осязательными" 0 0 0 0 0 0 0.0317460317460317 0.00581868963109508 0 0
"отвечать" 0 0 0 0 0.0101957585644372 0.00858663918942126 0.00634920634920635 0.00581868963109508 0.00731743011854237 0.00590144585423429
"отдельной" 0.0277008310249307 0.00968523002421308 0 0 0 0 0 0 0 0.0118028917084686
"отдельными" 0 0.00968523002421308 0.0198662340242368 0.0103939299449122 0 0 0 0.00581868963109508 0 0
"относящихся" 0 0.00968523002421308 0.00662207800807894 0.0103939299449122 0.0101957585644372 0 0 0.00581868963109508 0 0.00590144585423429
"отравления" 0.00923361034164358 0.0193704600484262 0.00662207800807894 0 0 0 0 0 0.0146348602370847 0
"отражаются" 0.00923361034164358 0.00968523002421308 0.0132441560161579 0 0.0101957585644372 0 0.00634920634920635 0 0 0
"отрицательных" 0 0 0.00662207800807894 0.0103939299449122 0.0101957585644372 0.0171732783788425 0 0.00581868963109508 0 0
"отсутствии" 0 0 0.0198662340242368 0.0103939299449122 0 0 0.00634920634920635 0 0.00731743011854237 0
"охлаждения" 0.00923361034164358 0 0 0 0 0.00858663918942126 0.0253968253968254 0 0 0
"ощущает" 0 0 0 0 0 0 0 0.0349121377865705 0 0
"пассивно" 0 0 0.0264883120323157 0 0 0 0.0126984126984127 0 0 0
"пассивности" 0 0.0290556900726392 0.0198662340242368 0 0 0 0 0 0 0
"патологическое" 0 0 0 0 0.0407830342577488 0 0.00634920634920635 0 0.00731743011854237 0
"патологической" 0 0 0 0 0.0611745513866232 0 0 0 0 0
"перевес" 0.00923361034164358 0 0 0.0103939299449122 0.0101957585644372 0 0 0.0174560688932852 0 0
"передней" 0 0 0 0.0103939299449122 0 0 0.0253968253968254 0 0.00731743011854237 0
"переживания" 0 0 0 0 0.0101957585644372 0 0 0 0.0292697204741695 0.00590144585423429
"периоды" 0 0.0193704600484262 0 0.0103939299449122 0.0101957585644372 0.00858663918942126 0 0.00581868963109508 0 0
"петербурге" 0 0.00968523002421308 0.0198662340242368 0 0 0 0 0.00581868963109508 0.00731743011854237 0
"писал" 0 0 0 0 0 0 0 0 0.0146348602370847 0.0236057834169371
"пищевого" 0 0 0 0.0415757197796487 0.0203915171288744 0 0 0 0 0
"пищевых" 0 0 0 0 0.0305872756933116 0.0257599175682638 0 0 0 0
"повторении" 0 0 0 0 0 0.0171732783788425 0 0.0232747585243803 0 0
"поддерживается" 0 0 0 0.0103939299449122 0 0 0.00634920634920635 0.0174560688932852 0 0.00590144585423429
"подкреплением" 0 0 0 0 0.0203915171288744 0.0171732783788425 0 0 0.0146348602370847 0
"подкреплялся" 0 0 0 0 0 0.0515198351365276 0 0 0 0
"подобного" 0 0 0.0198662340242368 0 0 0 0 0.0116373792621902 0 0.00590144585423429
"подчеркнуть" 0.00923361034164358 0.00968523002421308 0 0.0103939299449122 0.0101957585644372 0 0 0 0 0.0118028917084686
"поздно" 0 0 0 0.0103939299449122 0 0.00858663918942126 0 0 0 0.0236057834169371
"поистине" 0 0.00968523002421308 0.00662207800807894 0.0103939299449122 0.0203915171288744 0.00858663918942126 0 0 0 0
"поколения" 0.0461680517082179 0.00968523002421308 0 0 0 0 0 0 0 0
"полная" 0 0.00968523002421308 0.00662207800807894 0 0 0.0257599175682638 0.00634920634920635 0 0 0
"полового" 0 0 0 0 0.0305872756933116 0 0 0 0.0219522903556271 0
"получил" 0 0 0.0198662340242368 0.0103939299449122 0.0101957585644372 0 0 0 0.00731743011854237 0
"пользуется" 0 0 0 0.0415757197796487 0.0101957585644372 0 0 0 0.00731743011854237 0
"помалу" 0 0 0.00662207800807894 0.0103939299449122 0 0.00858663918942126 0.00634920634920635 0.0116373792621902 0 0
"понижение" 0 0.0290556900726392 0 0 0.0101957585644372 0.00858663918942126 0 0 0.00731743011854237 0
"понятием" 0.00923361034164358 0.00968523002421308 0 0.0103939299449122 0 0 0 0.0116373792621902 0 0.00590144585423429
"последствием" 0 0.0290556900726392 0 0 0 0 0.00634920634920635 0.0116373792621902 0 0
"последующее" 0 0 0 0 0 0.00858663918942126 0 0 0.0146348602370847 0.0177043375627029
"посреди" 0 0 0 0 0 0 0 0 0.0219522903556271 0.0177043375627029
"постели" 0 0 0 0 0 0 0.00634920634920635 0.0290934481554754 0 0
"постоянную" 0 0 0 0.0103939299449122 0.0305872756933116 0 0 0 0.00731743011854237 0.00590144585423429
"появления" 0 0 0.00662207800807894 0.0103939299449122 0 0 0.0126984126984127 0.00581868963109508 0 0.00590144585423429
"появляются" 0 0 0.00662207800807894 0 0.0101957585644372 0 0.0126984126984127 0.00581868963109508 0.00731743011854237 0
"правил" 0 0 0 0.0207878598898243 0.0101957585644372 0.0171732783788425 0 0 0 0.00590144585423429
"правила" 0 0 0 0.0103939299449122 0.0203915171288744 0.00858663918942126 0 0 0 0.0118028917084686
"правилам" 0.0369344413665743 0 0 0 0.0101957585644372 0.00858663918942126 0 0 0 0
"правильной" 0.00923361034164358 0.0290556900726392 0 0.0103939299449122 0 0.00858663918942126 0 0 0 0
"превращается" 0.0277008310249307 0 0 0 0.0203915171288744 0 0 0 0 0.00590144585423429
"предварительным" 0 0 0 0 0 0.0171732783788425 0 0 0.00731743011854237 0.0177043375627029
"предел" 0 0 0 0 0.0101957585644372 0.034346556757685 0.00634920634920635 0 0 0
"пределах" 0 0 0 0 0.0101957585644372 0 0 0 0.0219522903556271 0.0118028917084686
"представители" 0 0.0193704600484262 0 0.0311817898347365 0 0.00858663918942126 0 0 0 0
"предстоит" 0 0 0 0.0103939299449122 0 0.00858663918942126 0 0 0.00731743011854237 0.0177043375627029
"преемственно" 0.0461680517082179 0.00968523002421308 0 0 0 0 0 0 0 0
"преимуществу" 0 0 0 0 0.0305872756933116 0.00858663918942126 0 0 0.00731743011854237 0.00590144585423429
"прекратилось" 0 0 0.00662207800807894 0 0 0 0.00634920634920635 0.0116373792621902 0 0.0118028917084686
"преступление" 0.0184672206832872 0 0.0264883120323157 0 0 0 0 0 0 0
"приведу" 0 0 0.00662207800807894 0 0.0101957585644372 0 0 0.0116373792621902 0.00731743011854237 0.00590144585423429
"привычка" 0 0 0 0 0 0 0.0317460317460317 0.00581868963109508 0 0
"придет" 0 0 0 0 0.0101957585644372 0 0.0253968253968254 0.00581868963109508 0 0
"придется" 0 0 0.00662207800807894 0.0103939299449122 0 0 0.00634920634920635 0 0.0146348602370847 0.00590144585423429
"признание" 0.00923361034164358 0.0290556900726392 0 0 0.0101957585644372 0.00858663918942126 0 0 0 0
"прикосновение" 0 0 0 0.0103939299449122 0.0101957585644372 0.00858663918942126 0 0.0116373792621902 0.00731743011854237 0
"приобретения" 0.0369344413665743 0.00968523002421308 0 0.0103939299449122 0 0 0 0 0 0
"присоединения" 0 0 0 0.0103939299449122 0 0.0429331959471063 0 0 0 0
"присоединяется" 0 0 0 0 0.0101957585644372 0.00858663918942126 0.0126984126984127 0.0116373792621902 0 0
"приходилось" 0 0 0 0 0 0.0257599175682638 0.00634920634920635 0 0 0.0118028917084686
"причин" 0 0.0290556900726392 0.00662207800807894 0 0.0101957585644372 0 0 0.00581868963109508 0 0
"пришел" 0 0 0.0132441560161579 0 0 0 0 0.00581868963109508 0.0146348602370847 0.00590144585423429
"пришлось" 0 0 0.00662207800807894 0.0103939299449122 0 0 0.0126984126984127 0 0 0.0118028917084686
"пробы" 0 0 0 0 0.0101957585644372 0.00858663918942126 0 0 0.0219522903556271 0.00590144585423429
"прогресса" 0.0277008310249307 0.00968523002421308 0 0.0103939299449122 0 0.00858663918942126 0 0 0 0
"продолжают" 0 0 0 0 0.0203915171288744 0.00858663918942126 0 0 0.0146348602370847 0.00590144585423429
"продолжая" 0.00923361034164358 0 0 0 0 0.0257599175682638 0 0 0.0146348602370847 0
"производимого" 0 0 0.0397324680484736 0 0 0 0 0 0 0
"произвольного" 0 0 0 0 0 0 0.0253968253968254 0.0116373792621902 0 0
"произойти" 0 0 0 0 0.0101957585644372 0.034346556757685 0 0 0 0.00590144585423429
"происходящие" 0.00923361034164358 0 0 0.0103939299449122 0.0203915171288744 0 0.00634920634920635 0.00581868963109508 0 0
"происходящих" 0 0 0 0.0311817898347365 0.0203915171288744 0 0.00634920634920635 0 0 0
"происхождению" 0 0 0 0 0 0 0.0317460317460317 0.00581868963109508 0 0
"промежуток" 0 0 0 0 0 0.0257599175682638 0 0.0174560688932852 0 0
"простого" 0 0 0 0.0103939299449122 0 0.0257599175682638 0.0126984126984127 0 0 0
"пространства" 0.00923361034164358 0 0 0 0 0 0.00634920634920635 0.00581868963109508 0.0146348602370847 0.00590144585423429
"пространство" 0.00923361034164358 0 0.00662207800807894 0.0103939299449122 0 0 0 0.00581868963109508 0.0146348602370847 0
"простые" 0.00923361034164358 0 0.00662207800807894 0.0103939299449122 0.0101957585644372 0 0.0126984126984127 0 0 0
"противник" 0 0 0 0 0 0 0 0.0349121377865705 0 0
"противоположное" 0 0 0 0.0103939299449122 0.0305872756933116 0 0 0 0 0.0118028917084686
"противоречит" 0.0277008310249307 0 0.00662207800807894 0.0103939299449122 0 0 0 0 0.00731743011854237 0
"проф" 0 0.0193704600484262 0.00662207800807894 0.0103939299449122 0 0 0 0 0 0.0118028917084686
"процедуры" 0 0 0 0.0415757197796487 0.0101957585644372 0.00858663918942126 0 0 0 0
"проявление" 0.0277008310249307 0 0 0.0103939299449122 0 0 0.0126984126984127 0 0 0
"проявляется" 0 0 0.00662207800807894 0.0103939299449122 0.0305872756933116 0.00858663918942126 0 0 0 0
"прямого" 0 0.00968523002421308 0.0132441560161579 0 0.0101957585644372 0 0.00634920634920635 0 0.00731743011854237 0
"психологических" 0 0.00968523002421308 0.0198662340242368 0.0207878598898243 0 0 0 0 0 0
"пуазейля" 0 0 0 0 0 0 0 0 0.0365871505927118 0.00590144585423429
"путях" 0 0 0 0 0 0 0 0.00581868963109508 0.0146348602370847 0.0177043375627029
"пьяного" 0 0 0 0 0 0 0.0380952380952381 0 0 0
"работой" 0.0184672206832872 0 0.00662207800807894 0 0 0.00858663918942126 0 0 0.00731743011854237 0.00590144585423429
"рабочий" 0 0 0 0 0 0 0 0 0.0146348602370847 0.0236057834169371
"разбирать" 0 0 0 0 0 0 0.019047619047619 0.0174560688932852 0 0
"развиваться" 0.0184672206832872 0.00968523002421308 0 0 0 0 0.00634920634920635 0.00581868963109508 0 0.00590144585423429
"разговора" 0 0 0 0 0 0 0.00634920634920635 0.0290934481554754 0 0
"раздражителе" 0 0 0 0 0.0101957585644372 0.0429331959471063 0 0 0 0
"различения" 0 0 0 0.0103939299449122 0 0.0171732783788425 0 0.0174560688932852 0 0
"различны" 0 0 0 0 0.0101957585644372 0 0 0.00581868963109508 0 0.0236057834169371
"разложение" 0.00923361034164358 0.0193704600484262 0 0.0103939299449122 0 0 0.00634920634920635 0.00581868963109508 0 0
"размере" 0 0 0 0 0.0101957585644372 0.0429331959471063 0 0 0 0
"разнообразными" 0 0 0.00662207800807894 0 0.0203915171288744 0 0 0 0.0219522903556271 0
"разрешения" 0.00923361034164358 0.00968523002421308 0 0.0103939299449122 0 0 0.00634920634920635 0 0 0.0118028917084686
"разрушения" 0 0 0 0.0207878598898243 0.0407830342577488 0 0 0 0 0
"расы" 0 0.0581113801452785 0 0 0 0 0 0 0 0
"рвота" 0 0 0 0 0 0 0.0126984126984127 0 0 0.0236057834169371
"результатов" 0 0.00968523002421308 0 0 0 0.00858663918942126 0.0126984126984127 0.00581868963109508 0 0.00590144585423429
"результаты" 0.00923361034164358 0 0 0 0.0203915171288744 0 0.00634920634920635 0.0116373792621902 0 0
"рефлексам" 0 0 0 0 0 0 0.0253968253968254 0.00581868963109508 0.00731743011854237 0
"решения" 0 0 0 0.0207878598898243 0.0101957585644372 0.0171732783788425 0 0.00581868963109508 0 0
"решить" 0 0 0 0 0.0101957585644372 0.00858663918942126 0.0126984126984127 0.00581868963109508 0 0.00590144585423429
"род" 0.0277008310249307 0 0.0132441560161579 0 0 0 0.00634920634920635 0 0 0
"родится" 0 0 0 0 0 0 0.0380952380952381 0 0 0
"русского" 0 0.0387409200968523 0 0 0.0101957585644372 0 0.00634920634920635 0 0 0
"рыцаря" 0.00923361034164358 0 0.00662207800807894 0 0 0 0 0.0232747585243803 0 0
"ряде" 0.0184672206832872 0.0193704600484262 0 0 0 0.00858663918942126 0 0 0 0.00590144585423429
"ряды" 0 0.00968523002421308 0 0 0.0101957585644372 0 0.00634920634920635 0.0174560688932852 0 0
"самую" 0 0.0290556900726392 0 0 0 0 0.0126984126984127 0 0 0.00590144585423429
"сверх" 0 0 0 0.0103939299449122 0 0 0.019047619047619 0.0116373792621902 0 0
"свести" 0 0 0 0.0103939299449122 0.0101957585644372 0.0257599175682638 0 0 0.00731743011854237 0
"свету" 0.00923361034164358 0 0 0 0 0 0.019047619047619 0.0116373792621902 0 0
"свободное" 0 0.0387409200968523 0 0.0103939299449122 0 0.00858663918942126 0 0 0 0
"своею" 0 0.0290556900726392 0 0 0.0101957585644372 0 0 0 0.0146348602370847 0
"связан" 0.00923361034164358 0 0 0.0103939299449122 0 0 0 0 0 0.0236057834169371
"связью" 0 0 0 0 0.0203915171288744 0 0.0253968253968254 0 0 0
"сделан" 0.00923361034164358 0.0193704600484262 0 0 0.0203915171288744 0.00858663918942126 0 0 0 0
"сек" 0 0 0 0.0103939299449122 0 0.0429331959471063 0 0 0 0
"секунд" 0 0 0 0.0207878598898243 0 0.00858663918942126 0.00634920634920635 0.0116373792621902 0 0
"секунды" 0 0 0.00662207800807894 0.0103939299449122 0.0101957585644372 0 0.0126984126984127 0.00581868963109508 0 0
"сен" 0 0 0.0397324680484736 0 0 0 0 0 0 0
"сидеть" 0 0 0 0 0 0.0171732783788425 0.00634920634920635 0.0174560688932852 0 0
"сидис" 0 0 0.0397324680484736 0 0 0 0 0 0 0
"сильны" 0 0 0 0 0.0101957585644372 0.0171732783788425 0.00634920634920635 0 0.00731743011854237 0.00590144585423429
"синтез" 0 0.0290556900726392 0 0 0.0305872756933116 0 0 0 0 0
"системой" 0 0.00968523002421308 0 0 0.0305872756933116 0.00858663918942126 0 0 0 0.00590144585423429
"склонен" 0 0 0 0 0.0203915171288744 0 0 0 0.00731743011854237 0.0177043375627029
"слабый" 0 0.00968523002421308 0 0 0.0101957585644372 0.034346556757685 0 0 0 0
"слабыми" 0 0 0 0 0.0203915171288744 0.0171732783788425 0 0 0.00731743011854237 0.00590144585423429
"слюнная" 0 0 0 0 0.0203915171288744 0.0257599175682638 0 0 0 0.00590144585423429
"слюнного" 0 0 0 0 0.0101957585644372 0.0171732783788425 0.00634920634920635 0 0.0146348602370847 0
"слюну" 0 0 0 0 0.0101957585644372 0.034346556757685 0 0 0 0.00590144585423429
"смертной" 0.00923361034164358 0.0484261501210654 0 0 0 0 0 0 0 0
"смыслу" 0.00923361034164358 0 0 0 0 0 0.00634920634920635 0 0.0146348602370847 0.0118028917084686
"сне" 0 0 0.0264883120323157 0 0 0 0.00634920634920635 0.00581868963109508 0 0
"согласно" 0.00923361034164358 0.00968523002421308 0.0132441560161579 0 0.0101957585644372 0 0 0 0.00731743011854237 0
"содержанием" 0 0.00968523002421308 0 0 0 0 0 0.0174560688932852 0.0146348602370847 0
"создании" 0.0277008310249307 0.00968523002421308 0 0 0 0 0 0 0 0.0118028917084686
"сокращением" 0 0 0 0 0 0 0.019047619047619 0.0116373792621902 0.00731743011854237 0
"сон" 0.00923361034164358 0.0193704600484262 0.0132441560161579 0 0.0101957585644372 0 0 0 0 0
"специальной" 0 0 0 0.0519696497245609 0.0101957585644372 0 0 0 0 0
"специальный" 0 0 0 0.0207878598898243 0.0203915171288744 0.0171732783788425 0 0 0 0
"спокойно" 0 0.00968523002421308 0.00662207800807894 0 0 0.00858663918942126 0.0126984126984127 0.00581868963109508 0 0
"способом" 0.00923361034164358 0 0.0198662340242368 0 0 0 0 0 0.00731743011854237 0.00590144585423429
"стараясь" 0 0 0.00662207800807894 0.0103939299449122 0 0 0.019047619047619 0 0.00731743011854237 0
"старого" 0 0.00968523002421308 0 0 0.0101957585644372 0 0 0.00581868963109508 0.0219522903556271 0
"старой" 0 0.00968523002421308 0 0.0103939299449122 0.0101957585644372 0 0 0.00581868963109508 0.00731743011854237 0.00590144585423429
"старые" 0 0.00968523002421308 0.00662207800807894 0.0103939299449122 0 0.0257599175682638 0 0 0 0
"стол" 0 0 0.00662207800807894 0 0 0 0.019047619047619 0.0116373792621902 0 0
"столкновение" 0 0.00968523002421308 0 0 0.0101957585644372 0 0.00634920634920635 0 0.00731743011854237 0.0118028917084686
"сторон" 0 0 0.00662207800807894 0.0103939299449122 0.0203915171288744 0 0 0.0116373792621902 0 0
"стороне" 0 0 0.00662207800807894 0 0 0.00858663918942126 0 0.0116373792621902 0.0146348602370847 0
"стоял" 0 0.00968523002421308 0 0 0 0 0.00634920634920635 0.0116373792621902 0.00731743011854237 0.00590144585423429
"стр" 0 0.00968523002421308 0.0132441560161579 0.0103939299449122 0 0 0.00634920634920635 0 0.00731743011854237 0
"страстный" 0 0 0 0 0 0 0 0.0349121377865705 0 0
"строгом" 0 0 0.00662207800807894 0 0 0 0.019047619047619 0.00581868963109508 0 0.00590144585423429
"стук" 0 0 0.00662207800807894 0 0 0 0.0317460317460317 0 0 0
"субстрата" 0 0 0 0 0 0 0 0.0116373792621902 0 0.0236057834169371
"субъективными" 0.00923361034164358 0.00968523002421308 0 0 0 0 0 0.0174560688932852 0.00731743011854237 0
"сумма" 0 0 0 0.0103939299449122 0 0 0.0126984126984127 0.0116373792621902 0.00731743011854237 0
"счастью" 0 0 0.00662207800807894 0 0.0101957585644372 0 0 0.00581868963109508 0.00731743011854237 0.0118028917084686
"считает" 0 0 0.00662207800807894 0.0103939299449122 0 0 0 0.00581868963109508 0.0146348602370847 0.00590144585423429
"считаться" 0.0277008310249307 0 0.00662207800807894 0 0.0203915171288744 0 0 0 0 0
"текущей" 0 0 0 0 0 0 0 0 0.00731743011854237 0.0295072292711714
"текущих" 0 0 0 0 0 0 0 0 0.0292697204741695 0.0118028917084686
"телом" 0.00923361034164358 0.00968523002421308 0.00662207800807894 0 0 0 0.0126984126984127 0.00581868963109508 0 0
"темноте" 0 0.00968523002421308 0.00662207800807894 0 0 0 0.0126984126984127 0.0116373792621902 0 0
"термином" 0 0 0.0132441560161579 0 0.0203915171288744 0 0 0 0.0146348602370847 0
"тетанизации" 0 0 0 0 0 0 0 0 0.0439045807112542 0
"тона" 0 0 0.00662207800807894 0.0103939299449122 0.0101957585644372 0.00858663918942126 0 0.0116373792621902 0 0
"тормозных" 0 0 0 0 0.050978792822186 0.00858663918942126 0 0 0 0
"точное" 0 0 0 0.0207878598898243 0.0101957585644372 0.0257599175682638 0 0 0 0
"тридцати" 0 0 0.00662207800807894 0.0207878598898243 0.0101957585644372 0.0171732783788425 0 0 0 0
"тянется" 0 0 0 0 0.0101957585644372 0 0 0.0290934481554754 0 0
"убежден" 0.00923361034164358 0 0 0.0103939299449122 0.0203915171288744 0 0 0.00581868963109508 0 0.00590144585423429
"увидим" 0 0 0 0 0 0 0.019047619047619 0.0174560688932852 0 0
"угасания" 0 0 0 0.0415757197796487 0 0.0171732783788425 0 0 0 0
"указывает" 0 0 0 0.0207878598898243 0 0.00858663918942126 0.00634920634920635 0.0116373792621902 0 0
"уметь" 0 0 0 0 0 0 0 0 0 0.0354086751254057
"усиливающих" 0 0 0 0 0 0 0.0317460317460317 0 0 0.00590144585423429
"усилий" 0 0 0 0 0.0101957585644372 0 0.0317460317460317 0 0 0
"условно" 0 0 0 0.0103939299449122 0.0101957585644372 0.0171732783788425 0 0 0.0146348602370847 0
"условной" 0 0 0 0.0311817898347365 0.0101957585644372 0.00858663918942126 0 0 0 0.00590144585423429
"условнорефлекторной" 0 0 0 0.0103939299449122 0 0.0429331959471063 0 0 0 0
"успех" 0 0.0193704600484262 0.0132441560161579 0 0 0.0171732783788425 0 0 0 0
"фактом" 0 0.00968523002421308 0 0.0311817898347365 0.0101957585644372 0 0.00634920634920635 0 0 0
"факторы" 0 0 0 0 0 0 0 0 0.0146348602370847 0.0236057834169371
"физиологические" 0 0 0 0.0103939299449122 0.0101957585644372 0 0.0126984126984127 0.0116373792621902 0 0
"физиологическом" 0 0 0 0 0 0 0.00634920634920635 0 0 0.0295072292711714
"физического" 0.00923361034164358 0.0193704600484262 0 0 0.0101957585644372 0 0.00634920634920635 0 0.00731743011854237 0
"фоне" 0 0 0 0.0311817898347365 0.0203915171288744 0.00858663918942126 0 0 0 0
"форма" 0.0184672206832872 0 0.00662207800807894 0 0.0101957585644372 0.00858663918942126 0.00634920634920635 0 0 0
"функция" 0 0.00968523002421308 0 0.0207878598898243 0 0.00858663918942126 0.00634920634920635 0 0.00731743011854237 0
"холода" 0.00923361034164358 0 0 0 0 0 0.0126984126984127 0.0174560688932852 0 0
"хронотопе" 0 0 0 0 0 0 0 0 0.0292697204741695 0.0118028917084686
"цвета" 0 0 0 0 0 0 0 0.0349121377865705 0 0
"целые" 0 0 0.0198662340242368 0 0 0.00858663918942126 0.00634920634920635 0.00581868963109508 0 0
"центральный" 0 0.00968523002421308 0 0 0 0 0 0 0.0146348602370847 0.0177043375627029
"частности" 0.00923361034164358 0.0193704600484262 0 0.0103939299449122 0 0 0 0 0.0146348602370847 0
"частный" 0 0 0 0 0 0 0 0 0.0219522903556271 0.0177043375627029
"частые" 0 0 0 0 0 0 0 0 0.0146348602370847 0.0236057834169371
"частым" 0 0 0 0 0 0 0 0.0349121377865705 0 0
"человечество" 0.0184672206832872 0.0290556900726392 0 0 0 0 0.00634920634920635 0 0 0
"чтоб" 0.0369344413665743 0 0.0132441560161579 0 0 0 0 0 0 0
"чувственных" 0 0 0 0 0 0 0.0126984126984127 0.0232747585243803 0 0
"школ" 0 0.0484261501210654 0 0 0 0 0.00634920634920635 0 0 0
"шли" 0 0.00968523002421308 0.00662207800807894 0.0103939299449122 0 0.00858663918942126 0 0 0.00731743011854237 0.00590144585423429
"штату" 0 0 0 0 0 0 0 0 0 0.0354086751254057
"шум" 0 0 0.0132441560161579 0.0207878598898243 0.0203915171288744 0 0 0 0 0
"явлении" 0 0 0 0 0.0101957585644372 0 0 0.00581868963109508 0.0292697204741695 0
"язык" 0.00923361034164358 0 0.00662207800807894 0 0.0101957585644372 0 0.0126984126984127 0.00581868963109508 0 0
"агенты" 0 0 0 0.0415757197796487 0.0101957585644372 0 0 0 0 0
"актами" 0 0 0 0 0 0 0.00634920634920635 0.0232747585243803 0 0
"актах" 0 0 0.00662207800807894 0 0 0 0.00634920634920635 0.0116373792621902 0.00731743011854237 0
"акту" 0 0 0 0 0 0 0.00634920634920635 0.0174560688932852 0 0.00590144585423429
"анализатор" 0 0 0 0 0.0407830342577488 0 0 0.00581868963109508 0 0
"анализаторов" 0 0 0 0.0103939299449122 0.0407830342577488 0 0 0 0 0
"анатомически" 0 0 0 0 0 0 0 0.00581868963109508 0.0146348602370847 0.0118028917084686
"ассоциацией" 0 0 0.00662207800807894 0 0.0407830342577488 0 0 0 0 0
"ассоциаций" 0 0 0.00662207800807894 0 0 0 0.00634920634920635 0.0174560688932852 0 0
"ассоциацию" 0 0 0 0 0.0101957585644372 0 0.00634920634920635 0.0174560688932852 0 0
"ассоциируются" 0 0 0 0 0 0 0.00634920634920635 0.0232747585243803 0 0
"безусловный" 0 0 0 0.0103939299449122 0.0203915171288744 0.0171732783788425 0 0 0 0
"беспрерывно" 0 0 0 0.0207878598898243 0.0101957585644372 0.00858663918942126 0 0.00581868963109508 0 0
"бессознательно" 0 0.00968523002421308 0 0 0.0101957585644372 0 0.0126984126984127 0.00581868963109508 0 0
"благоприятных" 0.00923361034164358 0 0.00662207800807894 0 0 0.00858663918942126 0 0 0 0.0118028917084686
"блатовой" 0 0 0 0 0 0 0 0 0.0365871505927118 0
"близких" 0.0184672206832872 0.00968523002421308 0 0 0 0.00858663918942126 0 0.00581868963109508 0 0
"больными" 0 0.00968523002421308 0.0132441560161579 0 0.0101957585644372 0.00858663918942126 0 0 0 0
"большая" 0 0.00968523002421308 0.00662207800807894 0 0 0.00858663918942126 0.0126984126984127 0 0 0
"большем" 0 0 0 0.0311817898347365 0.0101957585644372 0 0.00634920634920635 0 0 0
"больший" 0.0184672206832872 0 0 0 0.0101957585644372 0.0171732783788425 0 0 0 0
"большими" 0.00923361034164358 0.00968523002421308 0 0 0 0.0171732783788425 0.00634920634920635 0 0 0
"борьбу" 0.00923361034164358 0.00968523002421308 0.00662207800807894 0 0 0 0 0 0.00731743011854237 0.00590144585423429
"бром" 0 0 0 0 0.0407830342577488 0.00858663918942126 0 0 0 0
"бывшей" 0.00923361034164358 0.0290556900726392 0.00662207800807894 0 0 0 0 0 0 0
"важности" 0 0 0 0.0103939299449122 0.0101957585644372 0.0171732783788425 0 0.00581868963109508 0 0
"вблизи" 0 0 0.0198662340242368 0 0 0 0 0.00581868963109508 0 0.00590144585423429
"введенским" 0 0 0 0 0 0 0 0 0.0219522903556271 0.0118028917084686
"века" 0.0184672206832872 0.00968523002421308 0.00662207800807894 0 0 0.00858663918942126 0 0 0 0
"великим" 0.00923361034164358 0.00968523002421308 0.00662207800807894 0 0 0 0 0 0.0146348602370847 0
"вещество" 0.00923361034164358 0 0 0 0.0101957585644372 0.00858663918942126 0.00634920634920635 0 0.00731743011854237 0
"взаимно" 0.00923361034164358 0 0.00662207800807894 0 0.0203915171288744 0 0 0 0.00731743011854237 0
"взаимовнушение" 0 0 0.0331103900403947 0 0 0 0 0 0 0
"взор" 0.0184672206832872 0.00968523002421308 0.0132441560161579 0 0 0 0 0 0 0
"видения" 0 0 0.0198662340242368 0.0103939299449122 0 0 0 0.00581868963109508 0 0
"видна" 0 0 0 0 0.0101957585644372 0.00858663918942126 0 0.00581868963109508 0.0146348602370847 0
"вижу" 0 0.00968523002421308 0.00662207800807894 0 0 0 0 0.0174560688932852 0 0
"владеет" 0 0 0.00662207800807894 0 0 0 0 0.00581868963109508 0.00731743011854237 0.0118028917084686
"вносит" 0 0.0387409200968523 0 0 0 0 0.00634920634920635 0 0 0
"внутри" 0 0 0.0132441560161579 0 0.0101957585644372 0 0 0 0 0.0118028917084686
"внушаемости" 0.00923361034164358 0 0.0264883120323157 0 0 0 0 0 0 0
"внушить" 0 0 0.0331103900403947 0 0 0 0 0 0 0
"воду" 0 0 0 0 0 0 0.0317460317460317 0 0 0
"возбудим" 0 0 0 0 0 0 0 0 0.00731743011854237 0.0236057834169371
"возбуждается" 0 0 0 0 0.0101957585644372 0 0.00634920634920635 0 0.0146348602370847 0.00590144585423429
"возбужденное" 0 0 0 0 0 0 0 0.0174560688932852 0 0.0118028917084686
"воздействие" 0 0 0.0264883120323157 0 0 0 0 0 0 0.00590144585423429
"воздуха" 0 0.0193704600484262 0 0 0.0101957585644372 0 0.00634920634920635 0.00581868963109508 0 0
"воззрения" 0.00923361034164358 0 0.0132441560161579 0 0 0 0 0.0116373792621902 0 0
"воззрениях" 0.00923361034164358 0.00968523002421308 0 0 0 0 0.00634920634920635 0.00581868963109508 0 0.00590144585423429
"возможными" 0 0.0193704600484262 0 0 0 0 0 0.0174560688932852 0 0
"вопреки" 0 0.00968523002421308 0.0132441560161579 0.0103939299449122 0 0 0 0 0.00731743011854237 0
"воскресение" 0.0461680517082179 0 0 0 0 0 0 0 0 0
"воспоминание" 0 0 0 0 0 0 0.00634920634920635 0.0116373792621902 0.0146348602370847 0
"воспринимающих" 0 0 0 0 0 0.0429331959471063 0 0 0 0
"врачей" 0 0.0193704600484262 0.0132441560161579 0 0 0 0 0 0 0.00590144585423429
"времен" 0.00923361034164358 0.00968523002421308 0 0 0.0101957585644372 0 0.00634920634920635 0 0.00731743011854237 0
"временного" 0 0 0 0 0.0407830342577488 0 0 0 0.00731743011854237 0
"временное" 0.00923361034164358 0 0 0 0.0305872756933116 0 0 0 0 0.00590144585423429
"временным" 0 0 0 0 0.0101957585644372 0.0171732783788425 0 0 0 0.0118028917084686
"временных" 0 0 0 0 0.0203915171288744 0 0 0 0.00731743011854237 0.0118028917084686
"вселенной" 0.0461680517082179 0 0 0 0 0 0 0 0 0
"всяким" 0 0 0 0 0.0101957585644372 0.00858663918942126 0 0.0116373792621902 0 0.00590144585423429
"вторую" 0 0 0 0 0.0101957585644372 0.00858663918942126 0 0 0.0146348602370847 0.00590144585423429
"входя" 0 0.00968523002421308 0.0198662340242368 0.0103939299449122 0 0 0 0 0 0
"выводит" 0 0 0 0.0103939299449122 0 0 0.00634920634920635 0.00581868963109508 0.00731743011854237 0.00590144585423429
"вызванная" 0 0 0 0 0 0 0 0 0.0365871505927118 0
"выносить" 0 0 0 0 0 0.0257599175682638 0.00634920634920635 0.00581868963109508 0 0
"выполняется" 0 0 0.0264883120323157 0.0103939299449122 0 0 0 0 0 0
"выразить" 0 0.0193704600484262 0 0 0 0 0.00634920634920635 0.00581868963109508 0.00731743011854237 0
"высокого" 0.00923361034164358 0 0 0 0 0 0.0126984126984127 0.00581868963109508 0 0.00590144585423429
"высоты" 0 0.00968523002421308 0 0 0 0 0.00634920634920635 0.00581868963109508 0.0146348602370847 0
"выучится" 0 0 0 0 0 0 0.0317460317460317 0 0 0
"выясняется" 0 0.00968523002421308 0 0 0 0 0 0.0232747585243803 0 0
"гибели" 0.0184672206832872 0.00968523002421308 0.0132441560161579 0 0 0 0 0 0 0
"гигиены" 0.0369344413665743 0.00968523002421308 0 0 0 0 0 0 0 0
"гипноз" 0 0 0.0331103900403947 0 0 0 0 0 0 0
"гипотезу" 0 0 0 0 0 0 0 0.0174560688932852 0.0146348602370847 0
"главные" 0 0 0 0.0103939299449122 0 0.00858663918942126 0.00634920634920635 0.00581868963109508 0.00731743011854237 0
"главных" 0 0 0 0.0207878598898243 0 0.0171732783788425 0.00634920634920635 0 0 0
"глубоко" 0.00923361034164358 0 0.00662207800807894 0 0 0 0 0 0.0146348602370847 0.00590144585423429
"глубокого" 0 0.00968523002421308 0.00662207800807894 0 0 0 0.0126984126984127 0 0 0.00590144585423429
"головные" 0 0 0 0 0 0 0.00634920634920635 0 0.0146348602370847 0.0118028917084686
"голосу" 0.00923361034164358 0.00968523002421308 0.00662207800807894 0 0 0 0.00634920634920635 0.00581868963109508 0 0
"государств" 0 0.0484261501210654 0 0 0 0 0 0 0 0
"готовность" 0 0 0 0 0 0 0 0 0.0219522903556271 0.0118028917084686
"дало" 0 0 0 0 0.0203915171288744 0.0171732783788425 0.00634920634920635 0 0 0
"дальнейший" 0.00923361034164358 0 0 0.0103939299449122 0 0.0171732783788425 0.00634920634920635 0 0 0
"дама" 0 0 0 0 0 0 0.0317460317460317 0 0 0
"даст" 0.0184672206832872 0 0 0 0 0.00858663918942126 0 0 0.00731743011854237 0.00590144585423429
"двадцати" 0 0 0 0.0103939299449122 0 0.034346556757685 0 0 0 0
"двигательного" 0 0 0 0.0415757197796487 0 0 0 0.00581868963109508 0 0
"двигательные" 0 0 0 0.0207878598898243 0.0101957585644372 0.00858663918942126 0.00634920634920635 0 0 0
"действительностью" 0.00923361034164358 0.00968523002421308 0.00662207800807894 0.0103939299449122 0 0 0 0 0 0.00590144585423429
"действительных" 0 0 0 0 0 0.0171732783788425 0 0.0174560688932852 0 0
"действиях" 0.0277008310249307 0 0 0 0 0 0.00634920634920635 0.00581868963109508 0 0
"действовали" 0 0 0 0 0.0101957585644372 0.0171732783788425 0 0.00581868963109508 0.00731743011854237 0
"декарта" 0 0 0 0.0415757197796487 0 0 0 0 0 0.00590144585423429
"держится" 0 0 0 0 0.0101957585644372 0.0171732783788425 0 0 0.0146348602370847 0
"деятельностями" 0 0 0 0.0311817898347365 0.0101957585644372 0.00858663918942126 0 0 0 0
"динамических" 0 0 0 0.0519696497245609 0 0 0 0 0 0
"динамического" 0 0 0.00662207800807894 0.0207878598898243 0 0 0 0 0 0.0118028917084686
"дисциплина" 0.0184672206832872 0 0 0 0 0 0 0 0.0219522903556271 0
"добра" 0.0369344413665743 0 0 0 0 0 0 0 0 0.00590144585423429
"доказательство" 0 0 0 0.0103939299449122 0 0 0.0126984126984127 0.0116373792621902 0 0
"доказывает" 0.00923361034164358 0.00968523002421308 0.00662207800807894 0 0 0 0 0.0116373792621902 0 0
"долгий" 0.00923361034164358 0.00968523002421308 0 0 0 0.00858663918942126 0 0.0116373792621902 0 0
"долее" 0 0.00968523002421308 0.00662207800807894 0 0 0 0 0.0174560688932852 0 0
"доли" 0 0.00968523002421308 0 0.0415757197796487 0 0 0 0 0 0
"доминантное" 0 0 0 0 0 0 0 0 0.0146348602370847 0.0177043375627029
"доминантных" 0 0 0 0 0 0 0 0 0.0219522903556271 0.0118028917084686
"доминантою" 0 0 0 0 0 0 0 0 0.0292697204741695 0.00590144585423429
"доминирующее" 0 0 0 0 0 0 0 0 0.0219522903556271 0.0118028917084686
"дорога" 0 0 0 0 0.0101957585644372 0 0.0126984126984127 0 0.00731743011854237 0.00590144585423429
"достигнуто" 0 0.00968523002421308 0 0.0103939299449122 0 0.00858663918942126 0.00634920634920635 0 0.00731743011854237 0
"достижение" 0 0.00968523002421308 0 0 0 0.00858663918942126 0 0 0 0.0177043375627029
"дугалл" 0 0 0 0 0 0 0 0 0.00731743011854237 0.0236057834169371
"думаем" 0.00923361034164358 0.00968523002421308 0 0.0103939299449122 0 0 0 0.00581868963109508 0 0.00590144585423429
"духовного" 0.0461680517082179 0 0 0 0 0 0 0 0 0
"европе" 0 0.0193704600484262 0.0132441560161579 0 0 0 0 0.00581868963109508 0 0
"едой" 0 0 0 0.0311817898347365 0 0.0171732783788425 0 0 0 0
"ежедневно" 0 0 0.0198662340242368 0 0 0 0 0.0116373792621902 0 0
"естественнонаучной" 0 0 0 0 0.0407830342577488 0.00858663918942126 0 0 0 0
"желанию" 0 0 0.00662207800807894 0 0 0 0 0.0232747585243803 0 0
"железы" 0 0 0 0.0103939299449122 0.0101957585644372 0.0171732783788425 0 0 0 0.00590144585423429
"женщине" 0 0 0.00662207800807894 0 0 0 0 0.0232747585243803 0 0
"животным" 0 0 0 0.0103939299449122 0.0203915171288744 0 0.0126984126984127 0 0 0
"жить" 0.0277008310249307 0 0 0 0 0 0 0 0.0146348602370847 0
"завтра" 0.00923361034164358 0 0 0 0 0 0 0.0232747585243803 0 0
"задачей" 0 0 0 0.0103939299449122 0 0.0171732783788425 0 0.00581868963109508 0 0.00590144585423429
"задержки" 0.0277008310249307 0 0.0132441560161579 0 0 0 0 0 0 0
"законно" 0 0 0 0.0103939299449122 0.0101957585644372 0.0257599175682638 0 0 0 0
"законом" 0.0184672206832872 0 0.0132441560161579 0 0.0101957585644372 0 0 0 0 0
"замечательно" 0 0 0 0 0 0 0.019047619047619 0.00581868963109508 0.00731743011854237 0
"замечая" 0 0 0.0198662340242368 0 0 0 0 0.0116373792621902 0 0
"занят" 0 0 0.0132441560161579 0 0 0 0.00634920634920635 0 0 0.0118028917084686
"запредельное" 0 0 0 0 0.0407830342577488 0.00858663918942126 0 0 0 0
"заслуживает" 0 0.0290556900726392 0 0.0103939299449122 0 0 0 0 0 0.00590144585423429
"здорового" 0 0.0387409200968523 0 0 0 0 0.00634920634920635 0 0 0
"землю" 0 0 0.0264883120323157 0 0 0 0.00634920634920635 0 0 0
"зло" 0.00923361034164358 0.0193704600484262 0.0132441560161579 0 0 0 0 0 0 0
"знал" 0 0 0.0264883120323157 0 0 0 0.00634920634920635 0 0 0
"знанию" 0.00923361034164358 0.0193704600484262 0 0.0103939299449122 0 0 0.00634920634920635 0 0 0
"значением" 0 0 0 0.0103939299449122 0 0.0171732783788425 0 0 0 0.0118028917084686
"значительный" 0 0 0 0 0.0305872756933116 0.0171732783788425 0 0 0 0
"знают" 0 0 0 0.0207878598898243 0 0 0.00634920634920635 0.0116373792621902 0 0
"зная" 0 0.00968523002421308 0 0 0 0.00858663918942126 0.00634920634920635 0.0116373792621902 0 0
"зрение" 0 0.00968523002421308 0.0132441560161579 0.0103939299449122 0 0 0 0.00581868963109508 0 0
"зрительный" 0 0 0 0.0207878598898243 0 0 0.00634920634920635 0.0116373792621902 0 0
"играют" 0 0.00968523002421308 0.0132441560161579 0 0 0 0 0.00581868963109508 0 0.00590144585423429
"идеалов" 0.0369344413665743 0 0 0 0 0 0 0 0.00731743011854237 0
"идущий" 0 0 0 0 0 0 0 0.00581868963109508 0 0.0236057834169371
"издании" 0 0 0.0264883120323157 0 0 0 0 0 0.00731743011854237 0
"изложении" 0.00923361034164358 0 0.00662207800807894 0 0.0203915171288744 0.00858663918942126 0 0 0 0
"изнутри" 0 0 0 0.0103939299449122 0 0.00858663918942126 0.0126984126984127 0 0.00731743011854237 0
"изучением" 0 0 0.00662207800807894 0.0103939299449122 0 0.00858663918942126 0.00634920634920635 0.00581868963109508 0 0
"имею" 0 0 0 0 0.0101957585644372 0.00858663918942126 0 0.0174560688932852 0 0
"имеющих" 0.00923361034164358 0.0193704600484262 0 0 0 0 0.00634920634920635 0 0 0.00590144585423429
"индивидуальной" 0.0369344413665743 0.00968523002421308 0 0 0 0 0 0 0 0
"индукция" 0 0 0 0.0103939299449122 0.0305872756933116 0.00858663918942126 0 0 0 0
"инициативы" 0 0.0387409200968523 0 0 0.0101957585644372 0 0 0 0 0
"инстинктивное" 0 0 0 0 0 0 0.0126984126984127 0.0174560688932852 0 0
"интересно" 0 0 0 0 0 0.0257599175682638 0 0 0 0.0118028917084686
"интересные" 0 0 0 0 0.0101957585644372 0 0 0.00581868963109508 0.0146348602370847 0.00590144585423429
"интересов" 0.00923361034164358 0.0387409200968523 0 0 0 0 0 0 0 0
"исключает" 0.0184672206832872 0 0.00662207800807894 0 0 0 0.0126984126984127 0 0 0
"исследовать" 0 0 0 0 0 0.0171732783788425 0 0 0.0219522903556271 0
"истиной" 0 0.0387409200968523 0 0 0 0 0.00634920634920635 0 0 0
"кислотой" 0 0 0 0 0 0.00858663918942126 0.0253968253968254 0 0 0
"клиники" 0 0 0.0198662340242368 0 0.0101957585644372 0.00858663918942126 0 0 0 0
"количеством" 0 0.00968523002421308 0.00662207800807894 0 0 0 0.00634920634920635 0.0116373792621902 0 0
"комбинациях" 0 0 0 0.0415757197796487 0 0.00858663918942126 0 0 0 0
"компоненты" 0 0 0 0.0103939299449122 0 0.00858663918942126 0 0 0.0146348602370847 0.00590144585423429
"конкретной" 0 0 0 0 0 0 0 0.00581868963109508 0.0146348602370847 0.0118028917084686
"концентрируется" 0 0 0 0 0.0305872756933116 0.0171732783788425 0 0 0 0
"копить" 0 0 0 0 0 0 0 0 0.0219522903556271 0.0118028917084686
"корабль" 0.00923361034164358 0 0.0264883120323157 0 0 0 0 0 0 0
"корабля" 0.0184672206832872 0 0.0198662340242368 0 0 0 0 0 0 0
"корне" 0 0.0387409200968523 0 0 0.0101957585644372 0 0 0 0 0
"короткий" 0.00923361034164358 0.00968523002421308 0 0.0207878598898243 0 0 0 0 0 0.00590144585423429
"короче" 0 0.00968523002421308 0 0 0.0407830342577488 0 0 0 0 0
"корроборации" 0 0 0 0 0 0 0 0 0.0219522903556271 0.0118028917084686
"крайности" 0.00923361034164358 0.00968523002421308 0 0 0.0101957585644372 0 0 0 0 0.0118028917084686
"крепко" 0 0 0.00662207800807894 0 0 0 0.00634920634920635 0.0116373792621902 0.00731743011854237 0
"кричит" 0 0 0 0 0 0 0.0126984126984127 0.0174560688932852 0 0
"круга" 0 0 0.00662207800807894 0 0 0 0 0.0174560688932852 0 0.00590144585423429
"куда" 0 0 0.00662207800807894 0 0 0.00858663918942126 0 0 0 0.0177043375627029
"кушанья" 0 0 0 0 0 0 0.0317460317460317 0 0 0
"лабилен" 0 0 0 0 0 0 0 0 0 0.0295072292711714
"лабораторий" 0 0 0 0 0.0407830342577488 0 0 0 0 0.00590144585423429
"лапки" 0 0 0 0.0103939299449122 0 0 0.00634920634920635 0.00581868963109508 0.0146348602370847 0
"ле" 0 0 0 0 0 0 0 0 0 0.0295072292711714
"лежащая" 0.0184672206832872 0 0 0 0 0 0 0.0116373792621902 0 0.00590144585423429
"лекции" 0 0.00968523002421308 0.0264883120323157 0 0 0 0 0 0 0
"любит" 0 0 0 0 0 0 0 0.0290934481554754 0 0
"любой" 0 0 0 0 0 0 0.0253968253968254 0.00581868963109508 0 0
"малые" 0.00923361034164358 0 0 0 0 0 0 0.00581868963109508 0.0219522903556271 0
"масс" 0 0.0387409200968523 0.00662207800807894 0 0 0 0 0 0 0
"материальной" 0.00923361034164358 0 0 0 0 0 0.0126984126984127 0.0116373792621902 0 0
"материю" 0.0461680517082179 0 0 0 0 0 0 0 0 0
"материя" 0.0461680517082179 0 0 0 0 0 0 0 0 0
"мгновенно" 0.0184672206832872 0 0 0 0 0 0.0126984126984127 0.00581868963109508 0 0
"меньший" 0.00923361034164358 0 0 0 0.0305872756933116 0.00858663918942126 0 0 0 0
"меньшим" 0 0 0.0132441560161579 0 0.0101957585644372 0 0 0 0.0146348602370847 0
"мест" 0 0 0.00662207800807894 0.0103939299449122 0 0.00858663918942126 0 0 0.0146348602370847 0
"местного" 0 0 0 0 0 0 0 0 0.0365871505927118 0
"местные" 0 0 0 0 0 0 0 0 0.0146348602370847 0.0177043375627029
"местом" 0 0.00968523002421308 0 0.0207878598898243 0.0101957585644372 0 0.00634920634920635 0 0 0
"метод" 0.00923361034164358 0 0 0.0207878598898243 0.0203915171288744 0 0 0 0 0
"метода" 0 0 0 0.0103939299449122 0.0203915171288744 0 0 0 0.0146348602370847 0
"метронома" 0 0 0 0.0103939299449122 0.0101957585644372 0.0257599175682638 0 0 0 0
"механизмом" 0 0 0 0 0 0.00858663918942126 0.0126984126984127 0 0 0.0118028917084686
"миг" 0.00923361034164358 0 0 0 0 0 0 0.0232747585243803 0 0
"мин" 0 0 0 0.0103939299449122 0 0.034346556757685 0 0 0 0
"мирового" 0.0461680517082179 0 0 0 0 0 0 0 0 0
"мнения" 0 0.00968523002421308 0 0.0103939299449122 0 0 0.0126984126984127 0.00581868963109508 0 0
"многими" 0.00923361034164358 0 0.00662207800807894 0 0.0101957585644372 0 0 0.00581868963109508 0 0.00590144585423429
"мозгового" 0.00923361034164358 0 0 0 0.0101957585644372 0 0.00634920634920635 0 0.00731743011854237 0.00590144585423429
"мозгом" 0 0 0 0.0103939299449122 0.0203915171288744 0 0.00634920634920635 0 0.00731743011854237 0
"моими" 0.00923361034164358 0 0 0.0207878598898243 0 0 0 0.00581868963109508 0.00731743011854237 0
"молодой" 0.00923361034164358 0 0 0 0 0.0171732783788425 0.00634920634920635 0 0.00731743011854237 0
"моментом" 0 0 0 0 0 0 0.0126984126984127 0.0174560688932852 0 0
"музыкальный" 0 0 0 0 0 0 0.00634920634920635 0.0232747585243803 0 0
"мыслить" 0.0184672206832872 0.00968523002421308 0 0 0 0 0 0.0116373792621902 0 0
"мясо" 0 0 0 0.0519696497245609 0 0 0 0 0 0
"наблюдаются" 0 0 0 0 0 0.034346556757685 0 0 0.00731743011854237 0
"надеюсь" 0 0 0 0 0 0 0.0126984126984127 0 0.0219522903556271 0
"надолго" 0 0 0 0 0 0.00858663918942126 0 0.00581868963109508 0.0146348602370847 0.00590144585423429
"называемая" 0.0184672206832872 0 0.00662207800807894 0 0 0.00858663918942126 0 0.00581868963109508 0 0
"наперекор" 0 0 0 0 0 0 0.0126984126984127 0.0174560688932852 0 0
"напомню" 0.00923361034164358 0 0.00662207800807894 0 0 0.00858663918942126 0.00634920634920635 0.00581868963109508 0 0
"напр" 0 0.0484261501210654 0 0 0 0 0 0 0 0
"направить" 0.00923361034164358 0 0 0 0 0 0.0126984126984127 0 0.0146348602370847 0
"направления" 0 0.00968523002421308 0 0.0311817898347365 0 0 0 0 0.00731743011854237 0
"народе" 0 0.0387409200968523 0.00662207800807894 0 0 0 0 0 0 0
"нарушения" 0 0 0 0.0103939299449122 0.0101957585644372 0.00858663918942126 0 0 0.00731743011854237 0.00590144585423429
"насильственно" 0 0 0.0132441560161579 0 0 0.0257599175682638 0 0 0 0
"наслаждений" 0.00923361034164358 0 0 0 0 0 0.00634920634920635 0.0174560688932852 0 0
"научной" 0.00923361034164358 0.00968523002421308 0 0 0 0 0.0126984126984127 0 0 0.00590144585423429
"невозможно" 0 0 0.00662207800807894 0 0 0 0.0126984126984127 0.00581868963109508 0.00731743011854237 0
"невроза" 0 0.00968523002421308 0.00662207800807894 0 0.0203915171288744 0.00858663918942126 0 0 0 0
"недостаток" 0 0.0193704600484262 0 0 0 0.0257599175682638 0 0 0 0
"некотором" 0 0 0.00662207800807894 0 0 0 0.00634920634920635 0 0.00731743011854237 0.0118028917084686
"немного" 0 0.00968523002421308 0.0198662340242368 0 0 0 0.00634920634920635 0 0 0
"необходима" 0 0.00968523002421308 0 0 0 0 0.0253968253968254 0 0 0
"неправильно" 0.00923361034164358 0 0 0.0103939299449122 0 0.00858663918942126 0 0 0.0146348602370847 0
"непрерывной" 0.00923361034164358 0 0 0 0 0 0 0 0.00731743011854237 0.0177043375627029
"нервном" 0 0 0 0 0.0101957585644372 0 0 0.00581868963109508 0.00731743011854237 0.0118028917084686
"несколькими" 0 0 0.0132441560161579 0 0.0101957585644372 0 0 0.00581868963109508 0 0.00590144585423429
"неужели" 0.00923361034164358 0 0 0.0207878598898243 0.0101957585644372 0 0.00634920634920635 0 0 0
"неуравновешенные" 0 0 0 0 0.0101957585644372 0.034346556757685 0 0 0 0
"низшей" 0 0.0484261501210654 0 0 0 0 0 0 0 0
"никак" 0 0 0 0.0207878598898243 0 0 0 0.00581868963109508 0 0.0118028917084686
"никакие" 0.00923361034164358 0.00968523002421308 0 0 0 0.0171732783788425 0 0 0 0.00590144585423429
"новом" 0.00923361034164358 0.00968523002421308 0 0.0103939299449122 0 0.00858663918942126 0 0 0.00731743011854237 0
"нормальная" 0 0 0 0 0.0101957585644372 0 0.0126984126984127 0 0.0146348602370847 0
"нормально" 0.00923361034164358 0 0 0 0 0.00858663918942126 0 0 0.0146348602370847 0.00590144585423429
"носа" 0 0 0 0 0 0.0171732783788425 0.0126984126984127 0.00581868963109508 0 0
"нравственного" 0.00923361034164358 0.0193704600484262 0 0 0 0 0.0126984126984127 0 0 0
"нравственной" 0.00923361034164358 0.0193704600484262 0.00662207800807894 0 0 0 0.00634920634920635 0 0 0
"ну" 0 0 0 0 0 0 0.00634920634920635 0.00581868963109508 0 0.0177043375627029
"нужна" 0 0.00968523002421308 0.0132441560161579 0 0 0 0.00634920634920635 0 0 0.00590144585423429
"областях" 0 0 0 0 0 0.0171732783788425 0 0 0 0.0177043375627029
"образований" 0 0 0 0 0 0 0.00634920634920635 0.0232747585243803 0 0
"образу" 0.0184672206832872 0 0.00662207800807894 0 0 0 0 0.00581868963109508 0.00731743011854237 0
"обширное" 0 0 0.00662207800807894 0 0 0 0.0253968253968254 0 0 0
"обширном" 0.00923361034164358 0 0 0 0 0 0.019047619047619 0.00581868963109508 0 0
"общении" 0.0277008310249307 0.00968523002421308 0.00662207800807894 0 0 0 0 0 0 0
"общения" 0.00923361034164358 0 0.0264883120323157 0 0 0 0 0 0 0
"общечеловеческую" 0.0461680517082179 0 0 0 0 0 0 0 0 0
"объектом" 0 0 0.00662207800807894 0 0.0203915171288744 0.0171732783788425 0 0 0 0
"обыкновенного" 0 0 0.00662207800807894 0 0 0 0.0126984126984127 0.0116373792621902 0 0
"обычной" 0 0 0 0.0415757197796487 0 0.00858663918942126 0 0 0 0
"обычным" 0 0.00968523002421308 0.00662207800807894 0 0 0 0 0 0.0219522903556271 0
"обычных" 0 0 0 0 0 0.00858663918942126 0 0 0.0219522903556271 0.00590144585423429
"овладения" 0 0 0 0 0.050978792822186 0 0 0 0 0
"огромная" 0 0.00968523002421308 0 0.0103939299449122 0.0101957585644372 0.00858663918942126 0.00634920634920635 0 0 0
"окажется" 0.00923361034164358 0 0 0.0103939299449122 0 0 0 0 0 0.0177043375627029
"окончательного" 0 0.00968523002421308 0 0.0103939299449122 0.0101957585644372 0 0.00634920634920635 0 0.00731743011854237 0
"окружающему" 0 0.0193704600484262 0.00662207800807894 0.0207878598898243 0 0 0 0 0 0
"описанные" 0 0 0 0 0.0305872756933116 0.00858663918942126 0 0 0.00731743011854237 0
"определителей" 0 0 0 0.0103939299449122 0 0 0 0 0 0.0236057834169371
"органами" 0 0.00968523002421308 0.00662207800807894 0 0 0 0 0.0116373792621902 0 0.00590144585423429
"организмом" 0 0 0 0.0207878598898243 0.0305872756933116 0 0 0 0 0
"освещения" 0 0 0 0.0415757197796487 0.0101957585644372 0 0 0 0 0
"основой" 0.0277008310249307 0.00968523002421308 0 0 0 0 0 0 0.00731743011854237 0
"особо" 0 0.00968523002421308 0.00662207800807894 0 0 0.0257599175682638 0 0 0 0
"особого" 0 0 0.0198662340242368 0 0 0 0 0 0.0146348602370847 0
"особой" 0 0 0.0198662340242368 0 0.0101957585644372 0.00858663918942126 0 0 0 0
"оставались" 0 0 0.0132441560161579 0 0 0.0171732783788425 0 0.00581868963109508 0 0
"оставаться" 0 0.00968523002421308 0.0132441560161579 0 0.0101957585644372 0 0 0.00581868963109508 0 0
"оставляет" 0.00923361034164358 0.00968523002421308 0 0 0 0 0 0.00581868963109508 0.0146348602370847 0
"останется" 0.00923361034164358 0 0 0 0.0101957585644372 0 0.00634920634920635 0.00581868963109508 0.00731743011854237 0
"остановимся" 0 0 0 0 0.0305872756933116 0.00858663918942126 0 0 0 0.00590144585423429
"остаться" 0 0 0 0 0.0101957585644372 0 0 0.0232747585243803 0 0
"осязательно" 0 0 0 0 0 0 0.00634920634920635 0.0116373792621902 0.0146348602370847 0
"осязательное" 0 0 0 0 0 0 0.0126984126984127 0.0174560688932852 0 0
"осязательные" 0 0 0 0 0 0 0.00634920634920635 0.0232747585243803 0 0
"ответа" 0.00923361034164358 0 0 0.0207878598898243 0.0101957585644372 0 0 0 0.00731743011854237 0
"отделение" 0 0 0 0.0103939299449122 0 0.0171732783788425 0.00634920634920635 0.00581868963109508 0 0
"отделения" 0 0 0 0 0 0.0257599175682638 0.00634920634920635 0.00581868963109508 0 0
"отделов" 0 0 0 0 0.0305872756933116 0.0171732783788425 0 0 0 0
"отделу" 0 0 0 0 0 0 0.0126984126984127 0.0174560688932852 0 0
"отдельного" 0 0 0 0 0.0101957585644372 0.00858663918942126 0.00634920634920635 0.00581868963109508 0 0.00590144585423429
"отличать" 0 0 0 0 0 0 0 0.0290934481554754 0 0
"отличие" 0 0 0.0198662340242368 0 0.0101957585644372 0 0 0 0 0.00590144585423429
"отнести" 0 0 0 0 0.0203915171288744 0.0171732783788425 0.00634920634920635 0 0 0
"отражаться" 0.0184672206832872 0.0193704600484262 0.00662207800807894 0 0 0 0 0 0 0
"отрицательные" 0.00923361034164358 0.00968523002421308 0 0.0103939299449122 0.0101957585644372 0 0 0 0 0.00590144585423429
"оттуда" 0 0 0 0 0.0101957585644372 0 0.0126984126984127 0 0.00731743011854237 0.00590144585423429
"отчего" 0 0 0.00662207800807894 0.0103939299449122 0 0 0 0.0174560688932852 0 0
"очевидным" 0.00923361034164358 0.0193704600484262 0 0 0 0.00858663918942126 0 0.00581868963109508 0 0
"очереди" 0 0 0 0 0.0101957585644372 0 0 0 0.0219522903556271 0.00590144585423429
"ощущающая" 0 0 0 0 0 0 0.0317460317460317 0 0 0
"ощущению" 0 0 0 0.0103939299449122 0 0 0.00634920634920635 0.0174560688932852 0 0
"падающие" 0 0 0 0.0103939299449122 0.0101957585644372 0.00858663918942126 0 0.00581868963109508 0.00731743011854237 0
"пальцев" 0 0 0 0 0 0 0 0.0290934481554754 0 0
"пальцы" 0 0 0 0 0 0 0.019047619047619 0.0116373792621902 0 0
"паралича" 0 0 0.0198662340242368 0.0103939299449122 0 0 0.00634920634920635 0 0 0
"параличом" 0 0 0.0132441560161579 0.0103939299449122 0 0 0.0126984126984127 0 0 0
"пассажиров" 0 0 0.0331103900403947 0 0 0 0 0 0 0
"патологических" 0 0 0.0132441560161579 0 0.0305872756933116 0 0 0 0 0
"переживается" 0 0 0 0 0 0 0 0 0.0365871505927118 0
"перехода" 0 0 0 0.0103939299449122 0.0203915171288744 0.00858663918942126 0 0.00581868963109508 0 0
"переходом" 0 0 0 0.0103939299449122 0.0101957585644372 0.00858663918942126 0 0 0.00731743011854237 0.00590144585423429
"периода" 0 0.00968523002421308 0 0 0 0.0257599175682638 0 0 0 0.00590144585423429
"периферической" 0 0 0 0.0207878598898243 0 0 0 0 0 0.0177043375627029
"печати" 0 0.0193704600484262 0 0 0.0101957585644372 0 0 0 0.0146348602370847 0
"питание" 0 0.0387409200968523 0 0 0 0 0 0.00581868963109508 0 0
"поведением" 0 0 0 0 0 0.00858663918942126 0 0 0.00731743011854237 0.0177043375627029
"повторить" 0 0 0.00662207800807894 0 0.0101957585644372 0.00858663918942126 0.00634920634920635 0.00581868963109508 0 0
"повторяю" 0.00923361034164358 0 0 0 0 0 0.00634920634920635 0.0116373792621902 0 0.00590144585423429
"подвижной" 0 0 0 0 0.0101957585644372 0 0.00634920634920635 0 0.00731743011854237 0.0118028917084686
"подвижных" 0 0 0 0 0.0101957585644372 0.00858663918942126 0 0.0116373792621902 0 0.00590144585423429
"подкреплять" 0 0 0 0 0 0 0 0 0.0219522903556271 0.0118028917084686
"подкрепляя" 0 0 0 0 0.0101957585644372 0.0257599175682638 0 0 0.00731743011854237 0
"подробнее" 0 0.00968523002421308 0.00662207800807894 0 0.0101957585644372 0.0171732783788425 0 0 0 0
"позе" 0 0 0 0 0 0.00858663918942126 0.0126984126984127 0 0.00731743011854237 0.00590144585423429
"позы" 0 0 0.0132441560161579 0 0 0 0.00634920634920635 0 0.0146348602370847 0
"пойдет" 0 0 0 0 0 0 0 0 0.0219522903556271 0.0118028917084686
"покойно" 0 0 0 0 0 0 0 0.0290934481554754 0 0
"полагает" 0.00923361034164358 0 0.00662207800807894 0.0207878598898243 0 0 0 0 0 0.00590144585423429
"полагать" 0 0 0 0 0.0101957585644372 0.00858663918942126 0 0 0.00731743011854237 0.0118028917084686
"полному" 0 0.0193704600484262 0 0 0 0.0171732783788425 0.00634920634920635 0 0 0
"полностью" 0 0 0.00662207800807894 0.0311817898347365 0 0.00858663918942126 0 0 0 0
"половые" 0 0 0 0 0 0 0.00634920634920635 0.0232747585243803 0 0
"положительном" 0 0 0 0 0.0203915171288744 0.0257599175682638 0 0 0 0
"положительную" 0.0184672206832872 0 0 0 0.0101957585644372 0.00858663918942126 0 0.00581868963109508 0 0
"получают" 0 0 0.00662207800807894 0.0103939299449122 0 0.00858663918942126 0.00634920634920635 0 0.00731743011854237 0
"получаются" 0 0 0 0 0 0 0.00634920634920635 0 0.00731743011854237 0.0177043375627029
"пользуясь" 0 0.00968523002421308 0.00662207800807894 0.0207878598898243 0.0101957585644372 0 0 0 0 0
"помнит" 0 0 0.00662207800807894 0 0 0 0.00634920634920635 0.0174560688932852 0 0
"понимается" 0 0 0.0132441560161579 0 0 0 0.00634920634920635 0 0.0146348602370847 0
"пониманию" 0 0 0 0 0.0203915171288744 0 0 0 0.0146348602370847 0.00590144585423429
"понятии" 0.00923361034164358 0 0.0132441560161579 0.0103939299449122 0 0 0 0 0 0.00590144585423429
"попытки" 0 0 0.00662207800807894 0 0.0101957585644372 0 0 0 0.0146348602370847 0.00590144585423429
"поразительной" 0 0.0290556900726392 0 0 0 0 0.00634920634920635 0.00581868963109508 0 0
"порядок" 0 0.00968523002421308 0 0.0103939299449122 0 0.00858663918942126 0 0 0 0.0118028917084686
"поскорее" 0 0 0 0 0 0 0.00634920634920635 0 0.0219522903556271 0.00590144585423429
"последствиями" 0 0 0 0 0 0 0.00634920634920635 0.0116373792621902 0.00731743011854237 0.00590144585423429
"посмотрите" 0 0 0 0 0 0 0.0317460317460317 0 0 0
"постановке" 0 0.0290556900726392 0 0 0 0.0171732783788425 0 0 0 0
"постепенного" 0 0 0 0.0207878598898243 0.0203915171288744 0.00858663918942126 0 0 0 0
"постольку" 0 0 0 0 0 0 0.00634920634920635 0.0116373792621902 0.00731743011854237 0.00590144585423429
"посторонние" 0 0 0.00662207800807894 0.0103939299449122 0 0.00858663918942126 0 0.00581868963109508 0.00731743011854237 0
"посторонними" 0 0 0.00662207800807894 0.0207878598898243 0 0 0 0 0.00731743011854237 0.00590144585423429
"постоянная" 0.00923361034164358 0 0 0 0.0203915171288744 0.0171732783788425 0 0 0 0
"постоянной" 0.00923361034164358 0 0 0.0103939299449122 0.0203915171288744 0.00858663918942126 0 0 0 0
"постоянства" 0.0184672206832872 0 0.00662207800807894 0 0 0 0 0 0.00731743011854237 0.00590144585423429
"потенциал" 0 0 0 0 0 0 0 0 0 0.0295072292711714
"потомства" 0.0184672206832872 0.0290556900726392 0 0 0 0 0 0 0 0
"потомстве" 0.0461680517082179 0 0 0 0 0 0 0 0 0
"практике" 0 0 0 0 0 0 0 0 0.0365871505927118 0
"пределов" 0.00923361034164358 0.00968523002421308 0 0 0 0 0.00634920634920635 0.0116373792621902 0 0
"предков" 0.0461680517082179 0 0 0 0 0 0 0 0 0
"предлагает" 0 0 0.00662207800807894 0.0311817898347365 0 0 0 0 0 0.00590144585423429
"предполагает" 0.00923361034164358 0.00968523002421308 0 0 0.0101957585644372 0 0 0.00581868963109508 0 0.00590144585423429
"предполагать" 0 0 0 0 0 0 0 0 0.0219522903556271 0.0118028917084686
"представлением" 0 0 0 0.0103939299449122 0 0 0 0.0174560688932852 0.00731743011854237 0
"представлениях" 0 0 0 0 0.0101957585644372 0 0.00634920634920635 0.0116373792621902 0 0.00590144585423429
"прежнему" 0 0 0.00662207800807894 0 0 0 0 0 0.0146348602370847 0.0118028917084686
"прежняя" 0 0 0 0 0 0 0 0 0.0365871505927118 0
"преимущество" 0.00923361034164358 0 0 0 0 0.00858663918942126 0 0.0174560688932852 0 0
"приведенные" 0.00923361034164358 0.00968523002421308 0.00662207800807894 0 0 0.00858663918942126 0 0.00581868963109508 0 0
"привычке" 0 0 0 0.0103939299449122 0 0 0.00634920634920635 0.0174560688932852 0 0
"привычных" 0 0 0 0 0 0 0.0126984126984127 0 0.00731743011854237 0.0118028917084686
"придают" 0 0 0.0132441560161579 0 0 0 0.00634920634920635 0.0116373792621902 0 0
"признаем" 0.0277008310249307 0.00968523002421308 0 0 0.0101957585644372 0 0 0 0 0
"признает" 0.0184672206832872 0.00968523002421308 0.00662207800807894 0.0103939299449122 0 0 0 0 0 0
"признакам" 0 0 0 0 0.0101957585644372 0 0.0126984126984127 0 0.00731743011854237 0.00590144585423429
"признаками" 0 0.00968523002421308 0.00662207800807894 0 0 0 0.00634920634920635 0 0.00731743011854237 0.00590144585423429
"прийти" 0 0 0 0 0 0 0.0126984126984127 0.0174560688932852 0 0
"приложении" 0 0 0 0 0 0 0 0.0116373792621902 0.00731743011854237 0.0118028917084686
"приложения" 0 0 0 0.0103939299449122 0.0101957585644372 0 0.00634920634920635 0.00581868963109508 0 0.00590144585423429
"принципе" 0 0 0.00662207800807894 0.0103939299449122 0 0 0 0 0.0219522903556271 0
"принципом" 0 0.00968523002421308 0 0.0207878598898243 0 0 0 0 0.00731743011854237 0.00590144585423429
"принципы" 0.0184672206832872 0 0 0.0103939299449122 0 0 0 0.00581868963109508 0 0.00590144585423429
"прислушивания" 0 0 0 0.0311817898347365 0 0 0.0126984126984127 0 0 0
"приспособление" 0 0 0.00662207800807894 0.0103939299449122 0.0101957585644372 0.00858663918942126 0 0.00581868963109508 0 0
"причиной" 0 0 0.00662207800807894 0 0 0.00858663918942126 0.00634920634920635 0.0116373792621902 0 0
"продолговатого" 0 0 0 0 0 0 0.019047619047619 0 0.0146348602370847 0
"продолжает" 0.0184672206832872 0 0 0.0103939299449122 0.0101957585644372 0 0 0 0 0.00590144585423429
"производимых" 0 0 0.0331103900403947 0 0 0 0 0 0 0
"произвольности" 0 0 0 0.0103939299449122 0 0 0.019047619047619 0.00581868963109508 0 0
"произвольные" 0 0 0 0 0 0 0.0317460317460317 0 0 0
"происходило" 0 0 0 0.0103939299449122 0.0305872756933116 0.00858663918942126 0 0 0 0
"простейших" 0.00923361034164358 0 0 0.0103939299449122 0.0101957585644372 0 0.0126984126984127 0 0 0
"противоположной" 0 0 0 0 0 0 0.0126984126984127 0 0.0146348602370847 0.00590144585423429
"противоположные" 0 0 0 0.0103939299449122 0.0203915171288744 0 0 0 0 0.0118028917084686
"противоположный" 0 0 0 0.0103939299449122 0.0101957585644372 0 0 0.00581868963109508 0 0.0118028917084686
"противостоять" 0 0 0 0 0 0 0.0253968253968254 0.00581868963109508 0 0
"прочно" 0 0.00968523002421308 0 0 0.0203915171288744 0.0171732783788425 0 0 0 0
"прошлого" 0.00923361034164358 0 0 0.0103939299449122 0.0203915171288744 0 0 0 0.00731743011854237 0
"проявляет" 0.00923361034164358 0.0193704600484262 0.0132441560161579 0 0 0 0 0 0 0
"прямое" 0.00923361034164358 0.00968523002421308 0 0 0 0 0 0 0.0146348602370847 0.00590144585423429
"прямом" 0.00923361034164358 0.00968523002421308 0.0132441560161579 0 0 0 0 0 0 0.00590144585423429
"психолог" 0 0 0 0.0415757197796487 0.0101957585644372 0 0 0 0 0
"психологи" 0 0 0.00662207800807894 0.0207878598898243 0.0101957585644372 0 0 0.00581868963109508 0 0
"работать" 0 0 0 0 0.0101957585644372 0.00858663918942126 0.00634920634920635 0 0 0.0118028917084686
"рабочих" 0.00923361034164358 0.0290556900726392 0 0 0 0 0 0 0 0.00590144585423429
"раза" 0 0 0 0.0103939299449122 0.0101957585644372 0.0257599175682638 0 0 0 0
"развивает" 0 0 0 0 0 0 0 0 0.00731743011854237 0.0236057834169371
"раздражающих" 0 0 0 0.0103939299449122 0.0101957585644372 0.0171732783788425 0.00634920634920635 0 0 0
"раздражениям" 0 0 0 0 0 0 0 0.0116373792621902 0.0219522903556271 0
"различно" 0 0.00968523002421308 0.00662207800807894 0 0.0101957585644372 0 0 0.0116373792621902 0 0
"разложения" 0.0184672206832872 0.0193704600484262 0 0.0103939299449122 0 0 0 0 0 0
"разнородных" 0 0 0.00662207800807894 0 0 0.0257599175682638 0 0.00581868963109508 0 0
"разобранных" 0 0 0 0 0 0 0.0126984126984127 0.0116373792621902 0 0.00590144585423429
"распространение" 0 0.00968523002421308 0.0198662340242368 0 0.0101957585644372 0 0 0 0 0
"распространении" 0 0 0.0264883120323157 0 0.0101957585644372 0 0 0 0 0
"распространяться" 0 0.0193704600484262 0 0 0 0 0.00634920634920635 0 0.0146348602370847 0
"рассеянности" 0.00923361034164358 0 0.0264883120323157 0 0 0 0 0 0 0
"расстояние" 0 0 0 0 0.0203915171288744 0 0 0.00581868963109508 0.0146348602370847 0
"реагирует" 0 0 0 0 0 0.00858663918942126 0 0 0.0146348602370847 0.0118028917084686
"реальностью" 0 0 0 0 0 0 0 0 0.00731743011854237 0.0236057834169371
"ребенком" 0 0 0 0 0 0 0.0126984126984127 0.0174560688932852 0 0
"редкие" 0 0 0 0 0 0 0 0 0.0146348602370847 0.0177043375627029
"режима" 0 0.0484261501210654 0 0 0 0 0 0 0 0
"резкий" 0 0 0 0.0103939299449122 0.0101957585644372 0.0171732783788425 0 0.00581868963109508 0 0
"результата" 0 0 0.00662207800807894 0 0.0101957585644372 0 0 0 0.00731743011854237 0.0118028917084686
"религии" 0.0184672206832872 0.0290556900726392 0 0 0 0 0 0 0 0
"религиозного" 0 0.00968523002421308 0.0264883120323157 0 0 0 0 0 0 0
"ретины" 0 0 0 0.0519696497245609 0 0 0 0 0 0
"рефлекторного" 0 0 0 0 0.0101957585644372 0 0.00634920634920635 0 0 0.0177043375627029
"рецепторами" 0 0 0 0.0103939299449122 0.0203915171288744 0 0 0 0 0.0118028917084686
"рецепции" 0 0 0 0 0 0 0 0 0.0365871505927118 0
"решается" 0 0 0 0 0 0 0 0 0.0292697204741695 0.00590144585423429
"русских" 0.00923361034164358 0.0193704600484262 0.0132441560161579 0 0 0 0 0 0 0
"самому" 0 0.00968523002421308 0 0 0 0.00858663918942126 0.00634920634920635 0.00581868963109508 0 0.00590144585423429
"самоубийства" 0 0.00968523002421308 0.0264883120323157 0 0 0 0 0 0 0
"свете" 0 0.0193704600484262 0.00662207800807894 0 0 0 0.00634920634920635 0.00581868963109508 0 0
"светового" 0 0 0 0 0 0 0.00634920634920635 0.0174560688932852 0.00731743011854237 0
"световое" 0 0 0 0 0 0.00858663918942126 0.0126984126984127 0.0116373792621902 0 0
"световые" 0 0 0 0 0 0 0.0126984126984127 0.0174560688932852 0 0
"световых" 0 0 0 0.0103939299449122 0 0 0 0.0232747585243803 0 0
"свободу" 0.00923361034164358 0.0193704600484262 0 0.0103939299449122 0 0 0 0.00581868963109508 0 0
"сводятся" 0 0.00968523002421308 0 0 0 0 0.0126984126984127 0.00581868963109508 0.00731743011854237 0
"свойствах" 0 0 0 0.0103939299449122 0 0.00858663918942126 0.00634920634920635 0.0116373792621902 0 0
"свойством" 0.0184672206832872 0 0 0 0 0.0171732783788425 0 0 0.00731743011854237 0
"связываются" 0 0 0 0 0.0203915171288744 0 0.0126984126984127 0.00581868963109508 0 0
"сгибательного" 0 0 0 0 0 0 0 0 0.0292697204741695 0.00590144585423429
"сделалась" 0 0.00968523002421308 0.0132441560161579 0 0.0101957585644372 0 0 0 0.00731743011854237 0
"сделаться" 0 0.00968523002421308 0 0 0 0.0257599175682638 0 0 0 0.00590144585423429
"сенсорной" 0 0 0 0 0 0 0 0 0.00731743011854237 0.0236057834169371
"сетчатке" 0 0 0 0 0.0203915171288744 0 0 0.0174560688932852 0 0
"сигналом" 0 0 0.00662207800807894 0 0.0203915171288744 0.0171732783788425 0 0 0 0
"сидит" 0 0 0 0 0 0 0.0317460317460317 0 0 0
"силах" 0 0 0 0.0103939299449122 0 0 0.00634920634920635 0.0116373792621902 0 0.00590144585423429
"систем" 0 0 0 0.0207878598898243 0.0101957585644372 0 0.00634920634920635 0.00581868963109508 0 0
"скорости" 0 0 0 0 0.0101957585644372 0.00858663918942126 0 0 0.0219522903556271 0
"слабое" 0 0 0 0 0 0 0 0 0.00731743011854237 0.0236057834169371
"слабы" 0 0 0 0 0 0.0171732783788425 0 0.00581868963109508 0.00731743011854237 0.00590144585423429
"слабым" 0 0 0 0 0 0.0257599175682638 0.00634920634920635 0 0.00731743011854237 0
"следующей" 0 0.00968523002421308 0 0.0103939299449122 0 0.0257599175682638 0 0 0 0
"словах" 0.00923361034164358 0 0.00662207800807894 0 0 0 0.0126984126984127 0.00581868963109508 0 0
"сложнейшей" 0 0 0 0 0.050978792822186 0 0 0 0 0
"сложное" 0 0 0 0 0 0 0.0317460317460317 0 0 0
"сложность" 0 0 0 0.0103939299449122 0 0.0171732783788425 0.00634920634920635 0.00581868963109508 0 0
"сложным" 0.00923361034164358 0 0 0.0103939299449122 0.0101957585644372 0 0.00634920634920635 0 0.00731743011854237 0
"случайного" 0 0 0 0 0.0101957585644372 0 0 0 0.0219522903556271 0.00590144585423429
"слышит" 0 0 0 0 0 0 0.00634920634920635 0.0232747585243803 0 0
"слюна" 0 0 0 0 0.0203915171288744 0.0257599175682638 0 0 0 0
"слюнные" 0 0 0 0.0103939299449122 0 0.0257599175682638 0 0 0 0.00590144585423429
"слюноотделения" 0 0 0 0 0 0.0257599175682638 0 0 0.0146348602370847 0
"собственной" 0.00923361034164358 0 0.00662207800807894 0.0103939299449122 0 0 0 0.0116373792621902 0 0
"совершенной" 0.0184672206832872 0 0 0 0.0101957585644372 0 0 0.0116373792621902 0 0
"содействует" 0 0 0 0 0 0 0 0 0.0292697204741695 0.00590144585423429
"соответственной" 0 0 0.0132441560161579 0.0207878598898243 0.0101957585644372 0 0 0 0 0
"соответствии" 0.0184672206832872 0 0.0132441560161579 0 0 0.00858663918942126 0 0 0 0
"соответствуют" 0 0 0 0 0 0 0.0253968253968254 0 0.00731743011854237 0
"соответствующей" 0 0 0.00662207800807894 0.0103939299449122 0 0.0171732783788425 0 0 0.00731743011854237 0
"соотношения" 0.0184672206832872 0 0 0.0103939299449122 0.0101957585644372 0 0 0 0 0.00590144585423429
"сопряженное" 0 0 0 0 0 0 0 0 0.0146348602370847 0.0177043375627029
"соседние" 0 0 0 0.0207878598898243 0 0.00858663918942126 0 0.00581868963109508 0.00731743011854237 0
"соседних" 0 0 0.00662207800807894 0 0 0 0.00634920634920635 0.0116373792621902 0 0.00590144585423429
"состояниях" 0 0.00968523002421308 0.00662207800807894 0 0.0203915171288744 0 0 0 0.00731743011854237 0
"сохранять" 0 0 0 0 0 0.00858663918942126 0 0.0174560688932852 0 0.00590144585423429
"социальный" 0.0277008310249307 0.0193704600484262 0 0 0 0 0 0 0 0
"сочетаний" 0 0 0 0 0 0.034346556757685 0.00634920634920635 0 0 0
"сочетанных" 0 0 0 0 0 0 0 0.0290934481554754 0 0
"специального" 0 0.00968523002421308 0 0.0207878598898243 0 0.00858663918942126 0 0 0.00731743011854237 0
"специальное" 0 0.00968523002421308 0 0 0.0305872756933116 0 0 0 0 0.00590144585423429
"спинно" 0 0 0 0 0 0 0.0317460317460317 0 0 0
"способных" 0.00923361034164358 0.0193704600484262 0 0 0 0 0.00634920634920635 0 0 0.00590144585423429
"средней" 0 0.0387409200968523 0 0 0 0 0 0.00581868963109508 0 0
"ставит" 0 0 0 0.0103939299449122 0 0.00858663918942126 0 0 0.00731743011854237 0.0118028917084686
"старости" 0.0277008310249307 0 0 0 0.0101957585644372 0.00858663918942126 0 0 0 0
"стереотип" 0 0 0 0 0.0305872756933116 0.0171732783788425 0 0 0 0
"стойкость" 0 0.00968523002421308 0 0 0 0 0 0 0.0219522903556271 0.00590144585423429
"стоять" 0 0 0.00662207800807894 0.0415757197796487 0 0 0 0 0 0
"страстным" 0 0 0 0 0 0 0 0.0290934481554754 0 0
"стремиться" 0.0184672206832872 0.00968523002421308 0 0 0 0 0.00634920634920635 0 0 0.00590144585423429
"стука" 0 0 0 0 0 0 0.0253968253968254 0 0.00731743011854237 0
"сумму" 0 0 0 0 0 0 0 0.00581868963109508 0.00731743011854237 0.0177043375627029
"существ" 0.0461680517082179 0 0 0 0 0 0 0 0 0
"существенное" 0 0.0193704600484262 0.0132441560161579 0 0 0.00858663918942126 0 0 0 0
"существующих" 0 0 0 0.0207878598898243 0 0 0 0.00581868963109508 0.00731743011854237 0.00590144585423429
"схеме" 0 0 0 0.0103939299449122 0 0 0.00634920634920635 0 0 0.0177043375627029
"счастье" 0.00923361034164358 0 0 0 0.0101957585644372 0 0 0 0 0.0177043375627029
"такою" 0 0.00968523002421308 0.00662207800807894 0 0 0 0.00634920634920635 0 0.0146348602370847 0
"твердо" 0 0 0.0132441560161579 0.0103939299449122 0 0 0.00634920634920635 0.00581868963109508 0 0
"творения" 0.0461680517082179 0 0 0 0 0 0 0 0 0
"телу" 0 0 0.00662207800807894 0 0 0 0.00634920634920635 0 0.00731743011854237 0.0118028917084686
"темной" 0 0 0.00662207800807894 0.0103939299449122 0 0 0 0.0116373792621902 0 0.00590144585423429
"теорией" 0 0 0 0.0415757197796487 0 0 0 0 0 0.00590144585423429
"теорий" 0 0 0 0 0 0 0 0 0.00731743011854237 0.0236057834169371
"терминологии" 0 0 0 0.0207878598898243 0.0203915171288744 0.00858663918942126 0 0 0 0
"тождественны" 0 0 0 0 0 0 0.0126984126984127 0.0174560688932852 0 0
"ток" 0.0369344413665743 0 0 0 0 0 0.00634920634920635 0 0 0
"тонус" 0 0 0 0.0103939299449122 0.0203915171288744 0 0 0 0 0.0118028917084686
"тоньше" 0 0 0 0.0103939299449122 0.0101957585644372 0 0 0.0174560688932852 0 0
"торможении" 0 0 0 0.0103939299449122 0.0101957585644372 0.00858663918942126 0 0 0.00731743011854237 0.00590144585423429
"торможениями" 0 0 0 0 0 0 0 0 0.00731743011854237 0.0236057834169371
"тормозящих" 0 0 0 0.0103939299449122 0 0 0 0 0.0292697204741695 0
"точным" 0.00923361034164358 0 0 0.0103939299449122 0.0101957585644372 0.00858663918942126 0 0.00581868963109508 0 0
"требование" 0.00923361034164358 0 0 0.0103939299449122 0 0.00858663918942126 0.00634920634920635 0 0.00731743011854237 0
"требованию" 0 0 0 0 0.0101957585644372 0.034346556757685 0 0 0 0
"требуют" 0 0.0193704600484262 0.00662207800807894 0 0 0 0 0.0116373792621902 0 0
"трубки" 0 0 0 0.0519696497245609 0 0 0 0 0 0
"трудом" 0.00923361034164358 0 0 0 0 0.0257599175682638 0 0 0 0.00590144585423429
"удается" 0 0 0.0198662340242368 0 0 0 0.00634920634920635 0 0 0.00590144585423429
"удержать" 0 0 0.00662207800807894 0 0 0 0.0126984126984127 0.00581868963109508 0.00731743011854237 0
"удовольствием" 0 0 0 0 0 0 0 0.0174560688932852 0.00731743011854237 0.00590144585423429
"уж" 0.00923361034164358 0 0 0 0 0 0 0.00581868963109508 0.00731743011854237 0.0118028917084686
"уничтожение" 0.0184672206832872 0 0 0 0 0 0.00634920634920635 0.0116373792621902 0 0
"управлять" 0 0 0 0 0.0101957585644372 0 0.0126984126984127 0.0116373792621902 0 0
"ура" 0 0 0.0331103900403947 0 0 0 0 0 0 0
"уровня" 0 0.0193704600484262 0 0 0 0 0 0 0.0146348602370847 0.00590144585423429
"усилением" 0 0 0 0 0 0 0.0126984126984127 0.00581868963109508 0.0146348602370847 0
"усиленное" 0.00923361034164358 0 0 0 0.0101957585644372 0 0.0126984126984127 0 0.00731743011854237 0
"усиленные" 0 0 0.00662207800807894 0 0 0 0 0 0.0219522903556271 0.00590144585423429
"усиливают" 0.00923361034164358 0 0 0 0 0 0.00634920634920635 0.00581868963109508 0.00731743011854237 0.00590144585423429
"усиливающего" 0 0 0 0 0 0 0.0253968253968254 0.00581868963109508 0 0
"условное" 0 0 0 0 0.0203915171288744 0.0257599175682638 0 0 0 0
"условном" 0 0 0 0 0.0101957585644372 0.034346556757685 0 0 0 0
"успехом" 0 0 0 0.0103939299449122 0.0305872756933116 0 0 0 0.00731743011854237 0
"устал" 0 0 0 0 0 0 0 0.0290934481554754 0 0
"усталости" 0 0 0 0 0 0 0 0.0290934481554754 0 0
"устанавливается" 0 0 0 0.0103939299449122 0.0203915171288744 0 0 0 0.0146348602370847 0
"устранить" 0 0 0 0 0 0 0.0126984126984127 0 0.0146348602370847 0.00590144585423429
"устраняет" 0.0184672206832872 0 0.00662207800807894 0 0.0203915171288744 0 0 0 0 0
"утомления" 0 0 0.00662207800807894 0 0 0 0 0 0.0292697204741695 0
"уходит" 0 0 0.00662207800807894 0 0 0 0 0 0.0219522903556271 0.00590144585423429
"участвующих" 0 0 0 0 0.0101957585644372 0 0.0126984126984127 0.00581868963109508 0.00731743011854237 0
"учением" 0 0 0.00662207800807894 0.0103939299449122 0 0 0 0.0116373792621902 0 0.00590144585423429
"учении" 0.00923361034164358 0 0 0 0.0203915171288744 0 0 0 0 0.0118028917084686
"ученых" 0 0.0290556900726392 0 0 0 0 0 0 0.00731743011854237 0.00590144585423429
"учитывать" 0 0 0 0 0 0.00858663918942126 0 0 0.00731743011854237 0.0177043375627029
"физиологией" 0 0 0 0.0207878598898243 0.0101957585644372 0 0 0.00581868963109508 0 0.00590144585423429
"физически" 0.00923361034164358 0 0 0 0.0101957585644372 0.0171732783788425 0 0.00581868963109508 0 0
"физическим" 0.00923361034164358 0.0290556900726392 0.00662207800807894 0 0 0 0 0 0 0
"физическое" 0 0.0387409200968523 0.00662207800807894 0 0 0 0 0 0 0
"физическому" 0.0184672206832872 0.0193704600484262 0 0 0 0 0 0.00581868963109508 0 0
"формой" 0.00923361034164358 0.0193704600484262 0.00662207800807894 0 0 0 0 0.00581868963109508 0 0
"функциональной" 0 0 0 0 0 0 0 0 0.00731743011854237 0.0236057834169371
"характеризовать" 0 0 0 0 0 0.00858663918942126 0.00634920634920635 0.00581868963109508 0 0.0118028917084686
"ходе" 0.0277008310249307 0.00968523002421308 0 0 0 0.00858663918942126 0 0 0 0
"ходьбе" 0.00923361034164358 0 0 0 0 0 0.0253968253968254 0 0 0
"хотелось" 0 0 0.0132441560161579 0 0.0101957585644372 0 0 0 0.00731743011854237 0.00590144585423429
"хотения" 0 0 0 0 0 0 0 0.0290934481554754 0 0
"целесообразны" 0 0 0 0 0 0 0.0317460317460317 0 0 0
"целых" 0 0 0.00662207800807894 0 0 0.0171732783788425 0.0126984126984127 0 0 0
"центральные" 0 0 0 0.0103939299449122 0.0203915171288744 0 0 0 0.0146348602370847 0
"церебральных" 0 0 0 0.0415757197796487 0 0 0 0 0 0.00590144585423429
"час" 0 0.00968523002421308 0 0 0 0.00858663918942126 0 0 0.0219522903556271 0
"частица" 0.0461680517082179 0 0 0 0 0 0 0 0 0
"человечеством" 0.0184672206832872 0.0193704600484262 0 0 0 0 0.00634920634920635 0 0 0
"человечеству" 0.0461680517082179 0 0 0 0 0 0 0 0 0
"честь" 0.0369344413665743 0 0 0 0.0101957585644372 0 0 0 0 0
"четыре" 0 0 0 0 0 0.0257599175682638 0 0.0116373792621902 0 0
"чистые" 0 0 0.00662207800807894 0 0 0 0.0126984126984127 0.0116373792621902 0 0
"члены" 0 0 0.00662207800807894 0 0 0 0 0.0232747585243803 0 0
"чрезвычайной" 0 0 0 0 0.0101957585644372 0.00858663918942126 0 0.0116373792621902 0 0.00590144585423429
"чрезвычайный" 0 0 0.00662207800807894 0 0.0101957585644372 0.0171732783788425 0 0 0 0.00590144585423429
"чувственным" 0 0 0 0 0 0 0.0253968253968254 0.00581868963109508 0 0
"чувствуете" 0 0 0 0 0 0 0.00634920634920635 0 0 0.0236057834169371
"чувствующие" 0 0 0 0 0 0 0.019047619047619 0 0.00731743011854237 0.00590144585423429
"шла" 0 0 0 0.0103939299449122 0.0101957585644372 0.0171732783788425 0 0 0.00731743011854237 0
"экспериментатор" 0 0 0 0 0 0.0171732783788425 0 0 0.00731743011854237 0.0118028917084686
"экспериментирования" 0 0 0 0.0519696497245609 0 0 0 0 0 0
"элементами" 0.00923361034164358 0 0 0 0.0101957585644372 0 0 0 0.00731743011854237 0.0118028917084686
"элементом" 0 0 0 0 0.0101957585644372 0 0.0126984126984127 0.00581868963109508 0 0.00590144585423429
"эпохи" 0.0277008310249307 0 0.00662207800807894 0.0103939299449122 0 0 0 0 0 0
"эффектом" 0 0 0 0.0103939299449122 0 0 0.019047619047619 0 0 0.00590144585423429
"явилась" 0 0 0.0132441560161579 0 0.0101957585644372 0 0 0.0116373792621902 0 0
"явлением" 0 0 0.00662207800807894 0 0.0203915171288744 0 0 0.00581868963109508 0 0.00590144585423429
"языке" 0 0 0 0 0 0 0.00634920634920635 0.0174560688932852 0 0.00590144585423429
"яркость" 0 0 0 0 0 0 0 0.0290934481554754 0 0
"ясное" 0 0 0 0 0 0 0.0253968253968254 0 0 0.00590144585423429
"ясностью" 0.00923361034164358 0.00968523002421308 0 0 0 0 0.0126984126984127 0.00581868963109508 0 0
"ясны" 0 0 0.00662207800807894 0 0 0.00858663918942126 0.00634920634920635 0.0116373792621902 0 0
"as" 0 0 0 0.0103939299449122 0 0 0 0 0.0292697204741695 0
"la" 0.0184672206832872 0 0.0132441560161579 0 0 0 0 0 0 0.00590144585423429
"lowenfeld" 0 0 0.0331103900403947 0 0 0 0 0 0 0
"om" 0 0 0.0331103900403947 0 0 0 0 0 0 0
"the" 0 0 0 0 0 0 0 0 0.0365871505927118 0
"tibialis" 0 0 0 0 0 0 0 0 0.0365871505927118 0
"v" 0 0 0 0 0 0 0 0.00581868963109508 0.0292697204741695 0
"y" 0 0 0.0331103900403947 0 0 0 0 0 0 0
"абсолютной" 0 0 0 0.0103939299449122 0 0.00858663918942126 0.00634920634920635 0 0.00731743011854237 0
"абсолютную" 0 0 0 0.0311817898347365 0 0.00858663918942126 0 0 0 0
"авенариуса" 0 0 0 0 0 0 0 0 0.00731743011854237 0.0177043375627029
"авторов" 0.00923361034164358 0 0.0132441560161579 0 0 0 0 0 0 0.00590144585423429
"автором" 0 0 0 0.0415757197796487 0 0 0 0 0 0
"адекватными" 0 0 0 0 0 0 0 0 0.0292697204741695 0
"аккорд" 0.00923361034164358 0 0 0.0103939299449122 0 0.00858663918942126 0.00634920634920635 0 0 0
"аккорда" 0 0 0 0.0103939299449122 0 0.00858663918942126 0 0.0116373792621902 0 0
"америке" 0 0 0.00662207800807894 0.0103939299449122 0 0 0 0 0 0.0118028917084686
"аномалия" 0 0 0 0 0 0 0 0 0 0.0236057834169371
"антагонистических" 0 0 0 0 0 0 0 0 0.0146348602370847 0.0118028917084686
"аппаратом" 0 0 0 0 0.0101957585644372 0 0.00634920634920635 0.00581868963109508 0 0.00590144585423429
"аппарату" 0 0 0 0 0 0 0 0.0116373792621902 0 0.0118028917084686
"бежать" 0 0 0.0132441560161579 0 0 0 0.00634920634920635 0.00581868963109508 0 0
"безудержный" 0 0 0 0 0.0101957585644372 0.0257599175682638 0 0 0 0
"безусловными" 0 0 0 0.0415757197796487 0 0 0 0 0 0
"безусловных" 0 0 0 0.0103939299449122 0.0305872756933116 0 0 0 0 0
"берет" 0 0 0 0.0207878598898243 0.0203915171288744 0 0 0 0 0
"бесконечного" 0.0369344413665743 0 0 0 0 0 0 0 0 0
"бесконечным" 0.0184672206832872 0 0 0 0.0101957585644372 0.00858663918942126 0 0 0 0
"бехтерева" 0 0.00968523002421308 0 0 0 0 0 0 0.0146348602370847 0.00590144585423429
"биться" 0.00923361034164358 0 0 0 0 0 0.019047619047619 0 0 0
"благоприятные" 0 0.00968523002421308 0.0132441560161579 0 0 0 0.00634920634920635 0 0 0
"ближайшая" 0 0 0.00662207800807894 0.0103939299449122 0 0.00858663918942126 0 0 0 0.00590144585423429
"блуждающего" 0 0 0 0 0 0 0.00634920634920635 0 0.00731743011854237 0.0118028917084686
"бога" 0.0277008310249307 0 0.00662207800807894 0 0 0 0 0 0 0
"божества" 0.0277008310249307 0.00968523002421308 0 0 0 0 0 0 0 0
"болезненные" 0 0.00968523002421308 0.0132441560161579 0 0 0 0.00634920634920635 0 0 0
"большое" 0 0 0.00662207800807894 0 0.0101957585644372 0 0.00634920634920635 0 0 0.00590144585423429
"борется" 0 0 0.0198662340242368 0 0 0 0 0 0.00731743011854237 0
"брать" 0 0 0.00662207800807894 0.0103939299449122 0 0.00858663918942126 0 0 0 0.00590144585423429
"бреда" 0 0 0.0132441560161579 0 0.0203915171288744 0 0 0 0 0
"бреду" 0 0 0.00662207800807894 0 0 0 0.019047619047619 0 0 0
"быстрое" 0 0 0 0 0 0.0257599175682638 0.00634920634920635 0 0 0
"важная" 0 0 0 0 0.0101957585644372 0 0 0 0.00731743011854237 0.0118028917084686
"важных" 0 0 0.00662207800807894 0.0103939299449122 0 0.0171732783788425 0 0 0 0
"введение" 0 0 0 0 0 0.0171732783788425 0 0 0.00731743011854237 0.00590144585423429
"вводится" 0 0.00968523002421308 0.0198662340242368 0 0 0 0 0 0 0
"вдали" 0 0 0.00662207800807894 0.0103939299449122 0 0 0 0 0.0146348602370847 0
"вдыхание" 0 0 0 0 0 0 0 0.00581868963109508 0 0.0177043375627029
"великие" 0.0184672206832872 0 0 0 0 0 0.00634920634920635 0 0.00731743011854237 0
"великого" 0 0.0193704600484262 0 0 0 0.0171732783788425 0 0 0 0
"великой" 0.0184672206832872 0.0193704600484262 0 0 0 0 0 0 0 0
"величиною" 0 0 0 0 0 0 0.00634920634920635 0 0.0219522903556271 0
"верить" 0.0184672206832872 0 0.00662207800807894 0 0 0 0 0.00581868963109508 0 0
"верхних" 0 0.00968523002421308 0 0.0103939299449122 0 0 0.0126984126984127 0 0 0
"вечным" 0.0277008310249307 0.00968523002421308 0 0 0 0 0 0 0 0
"взаимное" 0.00923361034164358 0 0.00662207800807894 0.0103939299449122 0 0 0 0 0.00731743011854237 0
"взаимной" 0 0 0 0 0.0407830342577488 0 0 0 0 0
"взаимных" 0.00923361034164358 0.0193704600484262 0 0.0103939299449122 0 0 0 0 0 0
"взглядом" 0.0184672206832872 0.00968523002421308 0.00662207800807894 0 0 0 0 0 0 0
"вздрагивает" 0 0 0 0 0 0 0.0253968253968254 0 0 0
"видах" 0 0.00968523002421308 0 0 0 0.0257599175682638 0 0 0 0
"видении" 0 0 0.0264883120323157 0 0 0 0 0 0 0
"видимо" 0 0 0 0 0 0 0.00634920634920635 0 0.0146348602370847 0.00590144585423429
"видимое" 0 0 0 0.0103939299449122 0.0101957585644372 0 0.0126984126984127 0 0 0
"виды" 0 0 0 0 0.0305872756933116 0.00858663918942126 0 0 0 0
"видят" 0.00923361034164358 0 0 0.0207878598898243 0 0 0.00634920634920635 0 0 0
"виноградов" 0 0 0 0 0 0 0 0 0.0219522903556271 0.00590144585423429
"включая" 0.00923361034164358 0 0 0 0.0203915171288744 0.00858663918942126 0 0 0 0
"включительно" 0 0 0 0.0415757197796487 0 0 0 0 0 0
"влечет" 0.00923361034164358 0 0 0 0 0 0 0.00581868963109508 0.00731743011854237 0.00590144585423429
"влиянии" 0 0 0.0264883120323157 0 0 0 0 0 0 0
"вмешательство" 0 0 0.00662207800807894 0 0 0 0.0126984126984127 0 0 0.00590144585423429
"вмешивается" 0 0 0 0 0 0 0.0253968253968254 0 0 0
"вниманием" 0 0 0.0132441560161579 0 0 0 0.00634920634920635 0 0 0.00590144585423429
"внутреннем" 0.00923361034164358 0 0 0 0.0203915171288744 0 0 0 0 0.00590144585423429
"внутренними" 0 0 0.00662207800807894 0.0103939299449122 0.0101957585644372 0 0 0 0 0.00590144585423429
"внушать" 0 0 0.0264883120323157 0 0 0 0 0 0 0
"вовлечение" 0 0 0 0 0 0 0 0 0.0146348602370847 0.0118028917084686
"возбудимого" 0 0 0 0 0.0101957585644372 0.00858663918942126 0 0 0.0146348602370847 0
"возбудимый" 0 0 0 0 0.0101957585644372 0.00858663918942126 0 0 0.00731743011854237 0.00590144585423429
"возвращается" 0 0 0 0.0103939299449122 0 0.00858663918942126 0 0 0.0146348602370847 0
"возвращаясь" 0 0.00968523002421308 0 0 0 0 0 0 0 0.0177043375627029
"воздействий" 0 0.0193704600484262 0.0132441560161579 0 0 0 0 0 0 0
"воззрение" 0.0277008310249307 0 0 0 0 0 0 0 0.00731743011854237 0
"возможной" 0 0 0.0132441560161579 0.0207878598898243 0 0 0 0 0 0
"возможностей" 0 0 0 0 0 0.00858663918942126 0.00634920634920635 0.00581868963109508 0.00731743011854237 0
"возможны" 0 0.00968523002421308 0.0132441560161579 0 0 0.00858663918942126 0 0 0 0
"возникают" 0.00923361034164358 0.00968523002421308 0.00662207800807894 0 0 0 0 0 0.00731743011854237 0
"возникающий" 0 0 0 0 0.0101957585644372 0.0171732783788425 0 0 0.00731743011854237 0
"возрастает" 0 0 0 0 0 0 0.00634920634920635 0 0.0146348602370847 0.00590144585423429
"войдет" 0 0 0 0 0 0 0.019047619047619 0.00581868963109508 0 0
"вообразите" 0 0 0 0 0 0 0.00634920634920635 0.0174560688932852 0 0
"восемь" 0 0 0 0 0 0.034346556757685 0 0 0 0
"воспитанием" 0 0.0193704600484262 0 0 0 0.00858663918942126 0 0.00581868963109508 0 0
"восприятие" 0 0 0.0132441560161579 0 0 0 0 0 0.0146348602370847 0
"воспроизведение" 0 0 0 0 0 0 0 0.0232747585243803 0 0
"воспроизводится" 0 0 0 0 0 0.00858663918942126 0 0.0174560688932852 0 0
"восстановить" 0 0 0 0 0 0.00858663918942126 0 0 0.0146348602370847 0.00590144585423429
"восторга" 0 0 0 0 0 0 0 0.0232747585243803 0 0
"впечатлениями" 0.00923361034164358 0 0 0 0 0 0 0.00581868963109508 0 0.0118028917084686
"врага" 0.00923361034164358 0 0.00662207800807894 0 0 0 0 0 0.00731743011854237 0.00590144585423429
"всею" 0 0 0.0132441560161579 0 0 0 0 0.0116373792621902 0 0
"вспоминать" 0.00923361034164358 0.00968523002421308 0 0 0 0 0 0.00581868963109508 0 0.00590144585423429
"вспоминаю" 0 0 0 0 0 0 0 0.0116373792621902 0 0.0118028917084686
"вспомните" 0.0184672206832872 0 0 0 0 0 0.0126984126984127 0 0 0
"вспомнить" 0 0.00968523002421308 0.00662207800807894 0 0 0 0.00634920634920635 0.00581868963109508 0 0
"встретились" 0 0.00968523002421308 0 0 0 0.00858663918942126 0 0.00581868963109508 0 0.00590144585423429
"встречает" 0 0 0.0132441560161579 0.0103939299449122 0 0 0 0 0.00731743011854237 0
"встречая" 0 0 0.00662207800807894 0 0 0 0 0 0.0146348602370847 0.00590144585423429
"встречи" 0.00923361034164358 0 0.00662207800807894 0 0 0 0 0.00581868963109508 0.00731743011854237 0
"всякие" 0 0.00968523002421308 0 0 0 0.00858663918942126 0 0 0.00731743011854237 0.00590144585423429
"всяческих" 0 0 0 0.0103939299449122 0.0203915171288744 0.00858663918942126 0 0 0 0
"второму" 0 0 0 0.0103939299449122 0.0101957585644372 0 0 0.0116373792621902 0 0
"входящих" 0 0.0193704600484262 0.00662207800807894 0 0 0 0 0.00581868963109508 0 0
"выбор" 0 0 0 0 0.0203915171288744 0 0 0.0116373792621902 0 0
"выдвигается" 0 0.0290556900726392 0.00662207800807894 0 0 0 0 0 0 0
"выделить" 0 0 0 0 0 0.0171732783788425 0 0.0116373792621902 0 0
"вызванное" 0 0 0.00662207800807894 0 0 0 0 0.00581868963109508 0.00731743011854237 0.00590144585423429
"вызовет" 0 0 0 0 0.0101957585644372 0 0.0126984126984127 0 0 0.00590144585423429
"вызывающие" 0 0 0 0 0.0203915171288744 0 0 0 0.00731743011854237 0.00590144585423429
"выражена" 0 0 0 0 0 0 0.019047619047619 0 0 0.00590144585423429
"выразиться" 0.00923361034164358 0 0.00662207800807894 0 0 0 0 0.00581868963109508 0.00731743011854237 0
"вырождения" 0 0.0387409200968523 0 0 0 0 0 0 0 0
"высокий" 0 0 0 0.0207878598898243 0 0 0.00634920634920635 0.00581868963109508 0 0
"высокими" 0 0 0 0 0.0101957585644372 0 0.00634920634920635 0.0116373792621902 0 0
"высочайшей" 0 0 0 0.0207878598898243 0.0203915171288744 0 0 0 0 0
"выяснено" 0 0 0.0132441560161579 0 0 0 0 0.00581868963109508 0.00731743011854237 0
"галлюцинация" 0 0 0.0264883120323157 0 0 0 0 0 0 0
"гарантирует" 0.00923361034164358 0.0290556900726392 0 0 0 0 0 0 0 0
"геринга" 0 0 0 0 0 0 0 0 0 0.0236057834169371
"гипнотических" 0 0 0.0198662340242368 0 0.0101957585644372 0 0 0 0 0
"гипотез" 0 0 0 0 0 0 0 0.00581868963109508 0.0146348602370847 0.00590144585423429
"главе" 0 0 0 0 0 0 0 0.0232747585243803 0 0
"го" 0 0 0 0 0 0 0 0.00581868963109508 0 0.0177043375627029
"говорилось" 0.0184672206832872 0 0.00662207800807894 0 0 0 0.00634920634920635 0 0 0
"год" 0.00923361034164358 0.00968523002421308 0 0 0 0 0 0.0116373792621902 0 0
"годов" 0 0.00968523002421308 0 0.0207878598898243 0.0101957585644372 0 0 0 0 0
"годы" 0 0 0 0 0.0101957585644372 0 0 0.0174560688932852 0 0
"головным" 0 0 0 0.0103939299449122 0 0 0.00634920634920635 0 0.0146348602370847 0
"головных" 0 0 0 0 0 0 0.00634920634920635 0 0.0219522903556271 0
"голосовых" 0 0 0 0 0 0 0.00634920634920635 0.0174560688932852 0 0
"государственного" 0 0.0290556900726392 0 0 0 0 0 0 0.00731743011854237 0
"государство" 0 0.0387409200968523 0 0 0 0 0 0 0 0
"границ" 0.00923361034164358 0 0.00662207800807894 0 0 0 0 0 0.00731743011854237 0.00590144585423429
"дабы" 0.00923361034164358 0.00968523002421308 0 0 0 0 0 0 0.00731743011854237 0.00590144585423429
"давал" 0 0 0 0.0103939299449122 0 0.0257599175682638 0 0 0 0
"давая" 0 0 0.0132441560161579 0.0103939299449122 0 0.00858663918942126 0 0 0 0
"дальнейшее" 0 0 0 0 0 0 0.00634920634920635 0.00581868963109508 0.00731743011854237 0.00590144585423429
"дальнейшей" 0 0.00968523002421308 0.00662207800807894 0.0103939299449122 0 0.00858663918942126 0 0 0 0
"дальнейшему" 0 0 0 0.0207878598898243 0 0 0 0 0.00731743011854237 0.00590144585423429
"дальнейшим" 0.00923361034164358 0 0.00662207800807894 0.0103939299449122 0 0 0 0 0 0.00590144585423429
"дальнейшими" 0 0 0 0.0207878598898243 0 0 0.00634920634920635 0.00581868963109508 0 0
"дальнозоркие" 0 0 0 0 0 0 0 0 0 0.0236057834169371
"дальняя" 0 0 0 0 0 0 0 0 0 0.0236057834169371
"данному" 0.00923361034164358 0 0 0.0207878598898243 0 0 0 0 0 0.00590144585423429
"данную" 0 0 0 0.0103939299449122 0 0 0 0.00581868963109508 0 0.0118028917084686
"данными" 0 0 0 0.0207878598898243 0 0.00858663918942126 0 0 0.00731743011854237 0
"дано" 0 0 0 0 0 0 0.0126984126984127 0.0116373792621902 0 0
"данте" 0.00923361034164358 0 0 0 0 0 0 0 0 0.0177043375627029
"двигательная" 0 0 0 0 0 0.034346556757685 0 0 0 0
"действуя" 0 0 0.0132441560161579 0 0.0101957585644372 0.00858663918942126 0 0 0 0
"держать" 0 0 0 0.0103939299449122 0 0 0.0126984126984127 0.00581868963109508 0 0
"десяток" 0 0.00968523002421308 0 0 0 0 0.019047619047619 0 0 0
"десять" 0 0 0 0 0 0.0171732783788425 0 0.0116373792621902 0 0
"детали" 0 0 0 0.0207878598898243 0 0 0 0 0 0.0118028917084686
"детально" 0 0 0 0.0311817898347365 0 0 0 0 0 0.00590144585423429
"дизассоциации" 0 0 0 0 0 0 0 0.0232747585243803 0 0
"динамику" 0 0 0 0.0103939299449122 0 0 0 0 0.00731743011854237 0.0118028917084686
"длинный" 0 0 0 0 0.0203915171288744 0.00858663918942126 0 0.00581868963109508 0 0
"дни" 0 0 0.00662207800807894 0 0 0.00858663918942126 0 0.0116373792621902 0 0
"доказательства" 0.00923361034164358 0 0.0132441560161579 0 0 0 0 0.00581868963109508 0 0
"дольше" 0 0 0 0 0 0.00858663918942126 0 0.0116373792621902 0.00731743011854237 0
"доминантами" 0 0 0 0 0 0 0 0 0.0146348602370847 0.0118028917084686
"доминантном" 0 0 0 0 0 0 0 0 0 0.0236057834169371
"доминантные" 0 0 0 0 0 0 0 0 0 0.0236057834169371
"допускает" 0 0.00968523002421308 0.00662207800807894 0 0 0 0.00634920634920635 0 0 0.00590144585423429
"дороге" 0 0 0.00662207800807894 0 0.0101957585644372 0.00858663918942126 0.00634920634920635 0 0 0
"достигнет" 0 0 0.0132441560161579 0.0103939299449122 0 0 0 0 0 0.00590144585423429
"достигнута" 0 0 0 0 0 0.00858663918942126 0.00634920634920635 0.00581868963109508 0 0.00590144585423429
"достигнуть" 0 0.00968523002421308 0 0.0103939299449122 0 0.0171732783788425 0 0 0 0
"достоинства" 0 0.00968523002421308 0 0 0.0305872756933116 0 0 0 0 0
"древности" 0.0184672206832872 0.00968523002421308 0.00662207800807894 0 0 0 0 0 0 0
"дробные" 0 0 0 0 0 0 0 0.0232747585243803 0 0
"дробных" 0 0 0 0 0.0101957585644372 0 0 0.0174560688932852 0 0
"думал" 0 0 0 0 0 0 0 0.0116373792621902 0.0146348602370847 0
"думали" 0 0 0 0 0.0101957585644372 0 0.00634920634920635 0 0.00731743011854237 0.00590144585423429
"духовный" 0.0369344413665743 0 0 0 0 0 0 0 0 0
"духом" 0.00923361034164358 0 0.00662207800807894 0 0 0 0.0126984126984127 0 0 0
"душа" 0.0184672206832872 0 0.00662207800807894 0 0 0 0.00634920634920635 0 0 0
"дьявола" 0 0 0.0264883120323157 0 0 0 0 0 0 0
"еда" 0 0 0 0.0103939299449122 0.0203915171288744 0.00858663918942126 0 0 0 0
"единицу" 0.00923361034164358 0.0193704600484262 0 0 0 0 0 0 0 0.00590144585423429
"единицы" 0 0.00968523002421308 0 0.0103939299449122 0 0.00858663918942126 0 0 0 0.00590144585423429
"единой" 0.0277008310249307 0 0 0 0 0 0 0 0.00731743011854237 0
"единственно" 0 0 0 0 0 0.0171732783788425 0.0126984126984127 0 0 0
"еду" 0 0 0 0 0.0101957585644372 0.0257599175682638 0 0 0 0
"естественного" 0.0184672206832872 0 0.0132441560161579 0 0 0 0 0 0 0
"естественное" 0 0 0 0 0.0101957585644372 0.00858663918942126 0 0 0.00731743011854237 0.00590144585423429
"ж" 0.00923361034164358 0 0 0 0 0 0 0 0 0.0177043375627029
"желудка" 0 0 0 0 0 0 0 0.0116373792621902 0 0.0118028917084686
"желудок" 0 0 0.00662207800807894 0 0 0 0.00634920634920635 0 0 0.0118028917084686
"женщина" 0 0 0.00662207800807894 0 0 0 0.00634920634920635 0.0116373792621902 0 0
"женщину" 0 0 0 0 0 0 0 0.0232747585243803 0 0
"жертвы" 0 0.00968523002421308 0.0198662340242368 0 0 0 0 0 0 0
"жест" 0.0277008310249307 0 0.00662207800807894 0 0 0 0 0 0 0
"живом" 0 0 0 0.0103939299449122 0 0 0 0 0.00731743011854237 0.0118028917084686
"живут" 0.00923361034164358 0 0 0 0 0 0.0126984126984127 0 0.00731743011854237 0
"живых" 0.0369344413665743 0 0 0 0 0 0 0 0 0
"жидкость" 0.00923361034164358 0 0 0 0.0101957585644372 0 0 0 0 0.0118028917084686
"жизненного" 0.0184672206832872 0 0 0 0 0.0171732783788425 0 0 0 0
"заботиться" 0.00923361034164358 0.0290556900726392 0 0 0 0 0 0 0 0
"завершается" 0 0.0193704600484262 0 0.0103939299449122 0.0101957585644372 0 0 0 0 0
"задавливается" 0 0.0387409200968523 0 0 0 0 0 0 0 0
"задерживание" 0 0 0 0 0 0.00858663918942126 0.00634920634920635 0.0116373792621902 0 0
"задерживают" 0.0184672206832872 0 0 0 0 0.00858663918942126 0.00634920634920635 0 0 0
"задерживающего" 0 0 0 0 0.0101957585644372 0.00858663918942126 0 0.0116373792621902 0 0
"задерживающие" 0 0 0 0 0 0 0 0.0232747585243803 0 0
"заключаются" 0 0 0.00662207800807894 0 0 0 0.00634920634920635 0.0116373792621902 0 0
"заключить" 0 0 0 0 0.0203915171288744 0 0 0.00581868963109508 0 0.00590144585423429
"законность" 0 0.0290556900726392 0 0.0103939299449122 0 0 0 0 0 0
"закономерности" 0 0 0 0 0 0 0 0 0.00731743011854237 0.0177043375627029
"заметил" 0.0184672206832872 0 0.00662207800807894 0 0 0 0.00634920634920635 0 0 0
"заметно" 0 0 0 0 0.0203915171288744 0.00858663918942126 0.00634920634920635 0 0 0
"замечает" 0.00923361034164358 0 0.00662207800807894 0 0 0 0 0.00581868963109508 0.00731743011854237 0
"занимает" 0 0 0 0 0 0 0 0.0116373792621902 0.0146348602370847 0
"заразе" 0 0 0.0264883120323157 0 0 0 0 0 0 0
"заразы" 0 0 0.0264883120323157 0 0 0 0 0 0 0
"заряд" 0 0 0.00662207800807894 0 0 0 0 0 0 0.0177043375627029
"заставляют" 0 0.00968523002421308 0 0 0 0.00858663918942126 0 0.00581868963109508 0.00731743011854237 0
"заучивания" 0 0 0.00662207800807894 0 0 0 0 0.0174560688932852 0 0
"заявляет" 0.0277008310249307 0 0 0 0 0 0 0 0 0.00590144585423429
"звуком" 0 0 0 0 0.0101957585644372 0 0.00634920634920635 0.0116373792621902 0 0
"здоровые" 0 0.00968523002421308 0.0132441560161579 0 0 0.00858663918942126 0 0 0 0
"знаки" 0 0 0 0.0415757197796487 0 0 0 0 0 0
"знакомых" 0.00923361034164358 0 0.00662207800807894 0 0 0 0.0126984126984127 0 0 0
"значительном" 0 0 0.00662207800807894 0 0.0101957585644372 0.0171732783788425 0 0 0 0
"зрительному" 0 0 0 0 0 0 0.00634920634920635 0.0174560688932852 0 0
"игру" 0 0 0.00662207800807894 0.0103939299449122 0 0 0.00634920634920635 0.00581868963109508 0 0
"идеалу" 0.0369344413665743 0 0 0 0 0 0 0 0 0
"идеально" 0 0 0 0.0103939299449122 0 0 0.0126984126984127 0.00581868963109508 0 0
"идею" 0.00923361034164358 0 0.00662207800807894 0 0 0 0 0 0.0146348602370847 0
"избирательно" 0 0 0 0 0 0 0 0 0.0292697204741695 0
"известному" 0 0.00968523002421308 0.0132441560161579 0 0 0 0.00634920634920635 0 0 0
"изд" 0.0277008310249307 0 0 0 0 0 0 0 0 0.00590144585423429
"издавна" 0 0 0.00662207800807894 0 0 0.00858663918942126 0 0 0.00731743011854237 0.00590144585423429
"изложение" 0 0 0 0 0 0 0 0.00581868963109508 0.0146348602370847 0.00590144585423429
"изменением" 0 0 0 0 0 0.0171732783788425 0.00634920634920635 0 0 0.00590144585423429
"изменений" 0 0 0 0.0103939299449122 0.0101957585644372 0 0.00634920634920635 0 0 0.00590144585423429
"изменениями" 0 0 0 0 0.0101957585644372 0.00858663918942126 0 0 0.00731743011854237 0.00590144585423429
"изменяет" 0.00923361034164358 0 0 0 0 0 0.00634920634920635 0 0.0146348602370847 0
"изменять" 0 0 0 0 0.0101957585644372 0 0 0 0 0.0177043375627029
"изменяться" 0 0 0 0.0103939299449122 0 0 0 0 0.0146348602370847 0.00590144585423429
"измерения" 0 0 0 0 0.0101957585644372 0 0.0126984126984127 0 0.00731743011854237 0
"изолированного" 0 0 0 0 0.0203915171288744 0.0171732783788425 0 0 0 0
"изредка" 0 0 0.00662207800807894 0.0103939299449122 0 0.00858663918942126 0 0 0.00731743011854237 0
"имеете" 0.0184672206832872 0 0 0.0103939299449122 0 0.00858663918942126 0 0 0 0
"имеющееся" 0 0 0 0 0 0 0 0 0.00731743011854237 0.0177043375627029
"имеющие" 0 0.00968523002421308 0 0 0 0 0 0.0116373792621902 0.00731743011854237 0
"индивидуального" 0.00923361034164358 0 0 0 0 0.0171732783788425 0 0 0.00731743011854237 0
"индивидуума" 0 0 0.0132441560161579 0 0 0 0 0.00581868963109508 0.00731743011854237 0
"индифферентные" 0 0 0 0 0 0 0 0 0.0146348602370847 0.0118028917084686
"инерция" 0 0 0 0 0 0 0 0 0.0219522903556271 0.00590144585423429
"иннервационный" 0 0 0 0.0103939299449122 0 0 0 0 0 0.0177043375627029
"ином" 0 0 0 0 0 0 0 0 0.00731743011854237 0.0177043375627029
"интенсивностей" 0 0 0 0.0415757197796487 0 0 0 0 0 0
"интереса" 0 0 0.00662207800807894 0 0.0203915171288744 0.00858663918942126 0 0 0 0
"интересами" 0.00923361034164358 0.0290556900726392 0 0 0 0 0 0 0 0
"исключительных" 0 0 0 0 0.0101957585644372 0.00858663918942126 0 0 0.00731743011854237 0.00590144585423429
"искусства" 0.0184672206832872 0 0 0 0 0 0.0126984126984127 0 0 0
"искусственно" 0 0.00968523002421308 0 0 0 0 0 0 0.00731743011854237 0.0118028917084686
"исследований" 0 0.00968523002421308 0.00662207800807894 0.0103939299449122 0.0101957585644372 0 0 0 0 0
"исследованиях" 0 0 0.00662207800807894 0.0207878598898243 0 0 0 0 0.00731743011854237 0
"истерии" 0 0 0.0198662340242368 0 0.0101957585644372 0 0 0 0 0
"истинное" 0.00923361034164358 0 0 0 0.0101957585644372 0.0171732783788425 0 0 0 0
"источником" 0.00923361034164358 0 0.0132441560161579 0 0 0 0 0 0.00731743011854237 0
"исчезают" 0.0277008310249307 0 0 0 0 0 0.00634920634920635 0 0 0
"каждому" 0 0 0 0 0 0 0.00634920634920635 0.00581868963109508 0.00731743011854237 0.00590144585423429
"кажущаяся" 0 0 0 0 0 0 0.0126984126984127 0.0116373792621902 0 0
"какова" 0 0 0 0 0 0 0 0 0.0146348602370847 0.0118028917084686
"камень" 0 0.00968523002421308 0 0 0 0 0.00634920634920635 0.00581868963109508 0.00731743011854237 0
"качества" 0.00923361034164358 0.00968523002421308 0 0 0 0.00858663918942126 0.00634920634920635 0 0 0
"кашле" 0 0 0 0 0 0 0.0253968253968254 0 0 0
"кинэстезическое" 0 0 0 0.0415757197796487 0 0 0 0 0 0
"кислоты" 0 0 0 0 0.0101957585644372 0.0257599175682638 0 0 0 0
"кладбище" 0 0 0.0264883120323157 0 0 0 0 0 0 0
"клетка" 0 0 0 0.0103939299449122 0 0.00858663918942126 0.00634920634920635 0.00581868963109508 0 0
"клетках" 0.00923361034164358 0 0 0.0103939299449122 0.0101957585644372 0 0 0 0.00731743011854237 0
"книге" 0.00923361034164358 0 0.00662207800807894 0 0 0 0 0 0.00731743011854237 0.00590144585423429
"книгу" 0 0 0.00662207800807894 0 0 0 0 0 0.00731743011854237 0.0118028917084686
"кое" 0 0 0 0 0.0101957585644372 0 0.00634920634920635 0 0 0.0118028917084686
"кожа" 0 0 0 0 0 0 0.019047619047619 0 0 0.00590144585423429
"колебание" 0 0 0 0 0 0 0.00634920634920635 0.0174560688932852 0 0
"количественно" 0 0 0 0.0103939299449122 0 0 0 0 0 0.0177043375627029
"количественной" 0 0 0 0.0103939299449122 0 0 0.00634920634920635 0 0.00731743011854237 0.00590144585423429
"кольца" 0 0 0 0 0 0 0 0.0232747585243803 0 0
"команда" 0 0 0.0264883120323157 0 0 0 0 0 0 0
"комбинации" 0 0 0 0.0103939299449122 0.0203915171288744 0.00858663918942126 0 0 0 0
"комбинаций" 0 0 0 0.0311817898347365 0 0.00858663918942126 0 0 0 0
"комплекса" 0 0 0 0.0103939299449122 0 0 0 0 0.0219522903556271 0
"конечном" 0.00923361034164358 0 0 0 0 0 0 0 0.0219522903556271 0
"констелляции" 0 0 0 0 0 0 0 0 0.0292697204741695 0
"конфликт" 0 0 0 0 0 0 0 0 0 0.0236057834169371
"концентрации" 0 0 0 0 0.0203915171288744 0 0 0 0.0146348602370847 0
"концентрироваться" 0 0 0 0 0.0203915171288744 0.00858663918942126 0 0 0.00731743011854237 0
"концу" 0 0 0.00662207800807894 0.0103939299449122 0 0.00858663918942126 0 0.00581868963109508 0 0
"координации" 0 0.0193704600484262 0 0 0 0 0 0 0.00731743011854237 0.00590144585423429
"коркового" 0 0 0 0 0 0 0 0 0.0292697204741695 0
"корковых" 0 0 0 0.0207878598898243 0 0 0 0 0.0146348602370847 0
"корроборация" 0 0 0 0 0 0 0 0 0.0219522903556271 0.00590144585423429
"кортикальных" 0 0 0 0 0 0 0 0 0.0219522903556271 0.00590144585423429
"которою" 0 0 0 0 0 0 0 0.00581868963109508 0.00731743011854237 0.0118028917084686
"кпереди" 0 0 0 0 0 0 0.0253968253968254 0 0 0
"крайних" 0 0.00968523002421308 0 0.0103939299449122 0 0.00858663918942126 0 0.00581868963109508 0 0
"кречмера" 0 0 0 0 0.0203915171288744 0.0171732783788425 0 0 0 0
"круг" 0 0 0.00662207800807894 0 0 0.00858663918942126 0 0.00581868963109508 0 0.00590144585423429
"крупных" 0.00923361034164358 0 0 0.0103939299449122 0 0.00858663918942126 0 0 0.00731743011854237 0
"крыса" 0 0 0 0.0415757197796487 0 0 0 0 0 0
"кульминации" 0 0 0 0 0 0 0 0 0.00731743011854237 0.0177043375627029
"лагерях" 0 0 0.0198662340242368 0 0.0101957585644372 0 0 0 0 0
"лапы" 0 0 0 0.0311817898347365 0 0 0.00634920634920635 0 0 0
"лат" 0 0 0 0 0 0 0 0 0.0292697204741695 0
"легкое" 0 0 0 0 0.0101957585644372 0 0.00634920634920635 0 0 0.0118028917084686
"лежать" 0 0 0 0 0 0 0 0.0232747585243803 0 0
"лечь" 0 0 0 0 0 0 0 0.0232747585243803 0 0
"лицу" 0 0 0.0264883120323157 0 0 0 0 0 0 0
"личное" 0 0 0.0264883120323157 0 0 0 0 0 0 0
"логикой" 0 0 0.0264883120323157 0 0 0 0 0 0 0
"локомоции" 0 0 0 0.0207878598898243 0 0 0 0 0.00731743011854237 0.00590144585423429
"лучшей" 0 0.0290556900726392 0 0 0 0 0 0.00581868963109508 0 0
"лучшие" 0.0184672206832872 0.0193704600484262 0 0 0 0 0 0 0 0
"любовью" 0 0 0 0 0 0 0.00634920634920635 0.0174560688932852 0 0
"люда" 0 0.0387409200968523 0 0 0 0 0 0 0 0
"ма" 0 0 0 0 0 0 0.00634920634920635 0 0.00731743011854237 0.0118028917084686
"магическое" 0 0 0.0264883120323157 0 0 0 0 0 0 0
"маленькую" 0 0.00968523002421308 0 0.0103939299449122 0 0 0 0.00581868963109508 0 0.00590144585423429
"малу" 0 0.0387409200968523 0 0 0 0 0 0 0 0
"массовых" 0 0.00968523002421308 0.0198662340242368 0 0 0 0 0 0 0
"материалом" 0.00923361034164358 0 0 0.0207878598898243 0 0 0.00634920634920635 0 0 0
"машину" 0 0 0 0 0 0 0.019047619047619 0 0.00731743011854237 0
"медленнее" 0.0184672206832872 0 0 0 0.0101957585644372 0.00858663918942126 0 0 0 0
"межцентральных" 0 0 0 0 0 0 0 0 0.00731743011854237 0.0177043375627029
"мелкие" 0 0 0 0 0.0101957585644372 0.0257599175682638 0 0 0 0
"меньшего" 0 0.00968523002421308 0 0.0103939299449122 0 0 0.00634920634920635 0.00581868963109508 0 0
"меняя" 0 0 0 0 0 0.0257599175682638 0 0 0.00731743011854237 0
"мертвым" 0.00923361034164358 0 0.00662207800807894 0 0 0 0 0.0116373792621902 0 0
"меру" 0 0 0.00662207800807894 0 0.0101957585644372 0 0 0 0 0.0118028917084686
"местности" 0 0.00968523002421308 0.0132441560161579 0 0 0 0.00634920634920635 0 0 0
"механизмами" 0 0 0 0 0.0101957585644372 0 0.019047619047619 0 0 0
"механическим" 0 0 0 0.0207878598898243 0 0 0.00634920634920635 0 0.00731743011854237 0
"механическое" 0 0 0 0 0.0101957585644372 0.0257599175682638 0 0 0 0
"механическую" 0.00923361034164358 0 0 0 0 0 0.019047619047619 0 0 0
"мимике" 0.0277008310249307 0 0.00662207800807894 0 0 0 0 0 0 0
"многочисленных" 0 0.00968523002421308 0.00662207800807894 0 0.0203915171288744 0 0 0 0 0
"могучих" 0 0 0 0.0103939299449122 0.0101957585644372 0.00858663918942126 0 0.00581868963109508 0 0
"моллюска" 0 0 0 0 0 0 0 0 0.0292697204741695 0
"молодые" 0 0.0193704600484262 0.00662207800807894 0 0.0101957585644372 0 0 0 0 0
"моральная" 0.0277008310249307 0 0 0 0 0 0 0.00581868963109508 0 0
"москве" 0 0 0.0132441560161579 0 0.0101957585644372 0 0 0 0 0.00590144585423429
"мотива" 0 0 0.00662207800807894 0 0 0 0.0126984126984127 0.00581868963109508 0 0
"мотивами" 0 0 0 0 0 0 0.00634920634920635 0.0174560688932852 0 0
"мощь" 0 0.0290556900726392 0 0 0.0101957585644372 0 0 0 0 0
"мускулатуры" 0 0 0 0.0103939299449122 0 0 0 0 0.00731743011854237 0.0118028917084686
"мускулов" 0 0 0 0.0311817898347365 0 0 0 0 0 0.00590144585423429
"мыслимых" 0 0 0 0 0 0.0171732783788425 0.00634920634920635 0.00581868963109508 0 0
"мышечному" 0 0 0 0 0 0 0.00634920634920635 0.0174560688932852 0 0
"мышца" 0 0 0 0 0 0 0.00634920634920635 0.0116373792621902 0 0.00590144585423429
"мышце" 0 0 0 0 0 0 0.019047619047619 0 0 0.00590144585423429
"наблюдаем" 0 0 0.0132441560161579 0 0 0 0 0 0 0.0118028917084686
"наблюдателем" 0 0 0 0.0103939299449122 0 0.00858663918942126 0 0 0.0146348602370847 0
"нагревание" 0 0 0 0 0 0.034346556757685 0 0 0 0
"назвали" 0 0 0 0 0 0.00858663918942126 0 0.00581868963109508 0 0.0118028917084686
"назван" 0 0 0.00662207800807894 0 0 0 0 0 0.0146348602370847 0.00590144585423429
"называемым" 0 0.00968523002421308 0 0 0 0 0.0126984126984127 0.00581868963109508 0 0
"налицо" 0 0 0 0 0 0.00858663918942126 0 0 0 0.0177043375627029
"намеренно" 0 0.00968523002421308 0.0132441560161579 0 0 0 0 0 0.00731743011854237 0
"наперед" 0 0 0 0 0 0 0 0.0232747585243803 0 0
"напитков" 0 0.0387409200968523 0 0 0 0 0 0 0 0
"напряжении" 0 0.00968523002421308 0 0 0.0305872756933116 0 0 0 0 0
"наружу" 0 0 0.00662207800807894 0 0.0203915171288744 0 0.00634920634920635 0 0 0
"настоящую" 0 0 0.0198662340242368 0 0 0 0.00634920634920635 0 0 0
"наступит" 0.00923361034164358 0 0.00662207800807894 0 0 0 0 0 0 0.0118028917084686
"наташа" 0 0 0 0 0 0 0 0 0.0292697204741695 0
"научном" 0.0184672206832872 0.00968523002421308 0 0 0.0101957585644372 0 0 0 0 0
"научных" 0.00923361034164358 0.00968523002421308 0.00662207800807894 0 0 0 0 0 0.00731743011854237 0
"находились" 0 0 0.0198662340242368 0 0.0101957585644372 0 0 0 0 0
"находился" 0 0 0.0132441560161579 0 0.0101957585644372 0 0.00634920634920635 0 0 0
"находящимися" 0.00923361034164358 0 0 0 0.0101957585644372 0 0 0.0116373792621902 0 0
"начинать" 0 0 0 0 0.0407830342577488 0 0 0 0 0
"начнем" 0 0 0.00662207800807894 0 0 0 0.00634920634920635 0.00581868963109508 0 0.00590144585423429
"нашу" 0 0.00968523002421308 0.0132441560161579 0 0.0101957585644372 0 0 0 0 0
"неверно" 0.0184672206832872 0 0 0.0103939299449122 0.0101957585644372 0 0 0 0 0
"невозможность" 0.00923361034164358 0 0 0.0103939299449122 0 0.00858663918942126 0 0 0 0.00590144585423429
"невроз" 0 0 0 0 0.0203915171288744 0.0171732783788425 0 0 0 0
"неврозов" 0 0.0193704600484262 0 0 0.0203915171288744 0 0 0 0 0
"недавнее" 0 0 0 0 0 0 0 0.00581868963109508 0.0146348602370847 0.00590144585423429
"некоторый" 0 0 0 0.0103939299449122 0 0.00858663918942126 0 0 0 0.0118028917084686
"немножко" 0.00923361034164358 0 0 0 0 0 0 0 0 0.0177043375627029
"непрерывный" 0.0184672206832872 0 0 0 0 0 0.00634920634920635 0.00581868963109508 0 0
"неравенство" 0 0 0 0 0 0.0171732783788425 0 0.0116373792621902 0 0
"нерву" 0 0 0 0 0 0 0 0.0174560688932852 0.00731743011854237 0
"нигде" 0 0.0193704600484262 0 0 0 0 0 0.00581868963109508 0.00731743011854237 0
"нижних" 0 0 0.0132441560161579 0 0 0 0.0126984126984127 0 0 0
"низшего" 0 0.00968523002421308 0 0 0.0203915171288744 0.00858663918942126 0 0 0 0
"ничем" 0.00923361034164358 0.00968523002421308 0 0 0 0 0 0 0 0.0118028917084686
"ния" 0 0 0 0 0 0 0 0 0.0292697204741695 0
"норма" 0 0 0 0 0.0101957585644372 0 0 0 0 0.0177043375627029
"нормальный" 0 0 0 0 0.0101957585644372 0 0 0 0.00731743011854237 0.0118028917084686
"нос" 0 0 0 0 0 0.00858663918942126 0.00634920634920635 0.0116373792621902 0 0
"ночи" 0 0.00968523002421308 0.00662207800807894 0 0 0 0 0.00581868963109508 0 0.00590144585423429
"нравственные" 0.00923361034164358 0.0290556900726392 0 0 0 0 0 0 0 0
"нравственным" 0 0.00968523002421308 0.0132441560161579 0 0 0 0.00634920634920635 0 0 0
"нравственными" 0 0.0193704600484262 0 0 0 0 0 0.0116373792621902 0 0
"нравственных" 0 0.0193704600484262 0 0 0 0 0.00634920634920635 0.00581868963109508 0 0
"нужны" 0 0 0 0 0.0101957585644372 0.00858663918942126 0 0 0.00731743011854237 0.00590144585423429
"обе" 0 0 0 0 0.0101957585644372 0.00858663918942126 0.00634920634920635 0.00581868963109508 0 0
"обещание" 0.0184672206832872 0 0.00662207800807894 0 0 0 0 0.00581868963109508 0 0
"обладающих" 0 0.00968523002421308 0.0198662340242368 0 0 0 0 0 0 0
"обнаружение" 0 0 0 0.0103939299449122 0 0.0257599175682638 0 0 0 0
"обо" 0 0.00968523002421308 0 0.0103939299449122 0 0 0 0.00581868963109508 0 0.00590144585423429
"обоняния" 0 0 0 0 0 0 0.019047619047619 0 0.00731743011854237 0
"обонятельные" 0 0 0 0 0 0 0 0.0174560688932852 0.00731743011854237 0
"образе" 0.0277008310249307 0 0 0 0 0 0 0.00581868963109508 0 0
"образовался" 0 0 0 0.0103939299449122 0 0.0257599175682638 0 0 0 0
"обратную" 0 0 0 0 0 0 0 0 0.00731743011854237 0.0177043375627029
"обратный" 0 0 0 0 0.0101957585644372 0.00858663918942126 0 0.00581868963109508 0 0.00590144585423429
"обстановку" 0 0.00968523002421308 0.00662207800807894 0.0103939299449122 0 0 0 0 0 0.00590144585423429
"обстоятельства" 0 0 0.00662207800807894 0 0 0 0.00634920634920635 0.00581868963109508 0 0.00590144585423429
"обучение" 0 0.0290556900726392 0 0.0103939299449122 0 0 0 0 0 0
"объяснений" 0 0.00968523002421308 0 0.0311817898347365 0 0 0 0 0 0
"объясняет" 0 0 0.00662207800807894 0.0207878598898243 0 0 0 0.00581868963109508 0 0
"обычного" 0 0 0 0 0.0305872756933116 0.00858663918942126 0 0 0 0
"обязанность" 0.00923361034164358 0 0 0.0103939299449122 0 0.00858663918942126 0.00634920634920635 0 0 0
"овладеть" 0 0 0 0 0 0 0 0 0.0219522903556271 0.00590144585423429
"огромное" 0 0 0.00662207800807894 0 0.0101957585644372 0.00858663918942126 0 0.00581868963109508 0 0
"огромной" 0 0 0 0.0103939299449122 0.0101957585644372 0.0171732783788425 0 0 0 0
"одинаковым" 0.00923361034164358 0 0 0 0 0 0.00634920634920635 0.00581868963109508 0 0.00590144585423429
"одною" 0 0 0 0 0 0 0 0.0116373792621902 0.0146348602370847 0
"ожидал" 0 0 0 0 0 0 0.0126984126984127 0 0.0146348602370847 0
"окончание" 0 0 0 0 0 0.00858663918942126 0.00634920634920635 0.0116373792621902 0 0
"окончательное" 0 0.00968523002421308 0 0 0 0.00858663918942126 0 0.00581868963109508 0.00731743011854237 0
"окружающем" 0.00923361034164358 0 0.00662207800807894 0.0103939299449122 0 0.00858663918942126 0 0 0 0
"окружающим" 0 0.0193704600484262 0 0 0 0.00858663918942126 0.00634920634920635 0 0 0
"окружности" 0 0 0 0 0.0203915171288744 0 0 0.00581868963109508 0 0.00590144585423429
"опека" 0 0.0387409200968523 0 0 0 0 0 0 0 0
"опираться" 0.0184672206832872 0.0193704600484262 0 0 0 0 0 0 0 0
"опираясь" 0 0 0 0 0.0101957585644372 0.00858663918942126 0.00634920634920635 0 0.00731743011854237 0
"описанию" 0 0 0.0132441560161579 0 0 0 0.00634920634920635 0 0.00731743011854237 0
"оппонент" 0 0 0 0 0 0 0 0 0.0292697204741695 0
"оправдания" 0.00923361034164358 0.00968523002421308 0 0 0 0 0.0126984126984127 0 0 0
"оправдать" 0.0184672206832872 0 0 0 0 0 0 0 0 0.0118028917084686
"определению" 0 0 0.0198662340242368 0 0 0 0 0.00581868963109508 0 0
"определенно" 0 0 0 0 0 0 0 0 0.0219522903556271 0.00590144585423429
"определенному" 0 0 0 0.0103939299449122 0 0 0 0 0.0146348602370847 0.00590144585423429
"определяет" 0 0 0.0132441560161579 0.0103939299449122 0 0 0 0.00581868963109508 0 0
"определяют" 0 0.00968523002421308 0 0 0 0.00858663918942126 0 0 0 0.0118028917084686
"органах" 0 0 0 0.0103939299449122 0.0203915171288744 0 0 0.00581868963109508 0 0
"ортобиоз" 0.0369344413665743 0 0 0 0 0 0 0 0 0
"оружия" 0 0.0290556900726392 0.00662207800807894 0 0 0 0 0 0 0
"освобождением" 0 0.0193704600484262 0 0 0 0 0 0 0.0146348602370847 0
"ослабление" 0 0.00968523002421308 0 0 0.0101957585644372 0 0 0 0.0146348602370847 0
"основанием" 0.00923361034164358 0 0 0.0103939299449122 0 0.0171732783788425 0 0 0 0
"оснований" 0.00923361034164358 0 0 0.0103939299449122 0 0 0 0 0.00731743011854237 0.00590144585423429
"основанное" 0.00923361034164358 0.0193704600484262 0 0 0 0.00858663918942126 0 0 0 0
"особенностей" 0 0.0193704600484262 0 0.0103939299449122 0.0101957585644372 0 0 0 0 0
"особенностями" 0.00923361034164358 0.0290556900726392 0 0 0 0 0 0 0 0
"особенные" 0 0.00968523002421308 0 0 0 0 0.0126984126984127 0.00581868963109508 0 0
"особым" 0 0 0.0132441560161579 0 0 0.00858663918942126 0 0 0.00731743011854237 0
"оставалась" 0 0 0 0 0 0.0257599175682638 0 0.00581868963109508 0 0
"оставалось" 0.0184672206832872 0 0 0.0103939299449122 0.0101957585644372 0 0 0 0 0
"оставляют" 0.0277008310249307 0 0.00662207800807894 0 0 0 0 0 0 0
"остановить" 0 0 0 0 0 0 0.0126984126984127 0 0 0.0118028917084686
"останутся" 0.0184672206832872 0 0 0.0103939299449122 0.0101957585644372 0 0 0 0 0
"отбор" 0.0369344413665743 0 0 0 0 0 0 0 0 0
"ответственности" 0.0184672206832872 0.00968523002421308 0.00662207800807894 0 0 0 0 0 0 0
"ответственность" 0.0184672206832872 0 0.00662207800807894 0 0 0 0 0 0 0.00590144585423429
"отдаленные" 0 0 0 0 0.0203915171288744 0 0 0 0 0.0118028917084686
"отделы" 0 0 0 0.0207878598898243 0.0101957585644372 0.00858663918942126 0 0 0 0
"отдельном" 0 0 0 0 0 0.00858663918942126 0.00634920634920635 0 0 0.0118028917084686
"отдельный" 0 0 0 0.0207878598898243 0.0101957585644372 0 0 0 0 0.00590144585423429
"открывать" 0 0.00968523002421308 0 0.0103939299449122 0 0 0.00634920634920635 0.00581868963109508 0 0
"открытие" 0.0184672206832872 0.00968523002421308 0 0 0 0 0 0 0.00731743011854237 0
"отметить" 0 0.00968523002421308 0 0 0 0 0 0 0.00731743011854237 0.0118028917084686
"относительность" 0 0 0 0 0 0 0 0 0.0219522903556271 0.00590144585423429
"отправляться" 0 0 0 0 0 0 0 0 0 0.0236057834169371
"отражается" 0 0.0290556900726392 0 0 0 0 0.00634920634920635 0 0 0
"отраженным" 0 0 0 0 0 0 0.0253968253968254 0 0 0
"отрицательного" 0.00923361034164358 0 0 0.0103939299449122 0.0203915171288744 0 0 0 0 0
"отрицательной" 0 0 0 0.0207878598898243 0.0101957585644372 0 0 0.00581868963109508 0 0
"отрицать" 0 0.00968523002421308 0 0.0103939299449122 0.0101957585644372 0 0 0 0 0.00590144585423429
"отсутствия" 0 0.00968523002421308 0 0.0103939299449122 0 0 0.00634920634920635 0.00581868963109508 0 0
"охватывает" 0 0 0.00662207800807894 0 0 0 0.00634920634920635 0.00581868963109508 0.00731743011854237 0
"очага" 0 0 0 0 0.0101957585644372 0 0 0 0.0219522903556271 0
"очаге" 0 0.00968523002421308 0 0 0 0 0 0 0.0146348602370847 0.00590144585423429
"ощущающей" 0 0 0 0 0 0 0.0253968253968254 0 0 0
"ощущениях" 0 0 0 0 0.0101957585644372 0 0.00634920634920635 0.0116373792621902 0 0
"пагубно" 0 0.0387409200968523 0 0 0 0 0 0 0 0
"памятью" 0 0.0193704600484262 0 0 0 0 0 0.0116373792621902 0 0
"пары" 0 0 0 0 0 0.0171732783788425 0.0126984126984127 0 0 0
"пассивного" 0 0 0.0198662340242368 0 0 0 0 0 0 0.00590144585423429
"патологические" 0 0 0 0.0103939299449122 0.0305872756933116 0 0 0 0 0
"первичного" 0 0 0 0.0103939299449122 0 0 0.0126984126984127 0 0.00731743011854237 0
"первоначальной" 0 0 0 0 0 0 0 0.00581868963109508 0 0.0177043375627029
"передаются" 0.00923361034164358 0 0.0198662340242368 0 0 0 0 0 0 0
"пережитой" 0 0 0 0 0 0 0 0 0.0219522903556271 0.00590144585423429
"пережитых" 0 0 0.00662207800807894 0 0 0 0 0 0.0219522903556271 0
"переменные" 0 0 0 0 0 0 0 0 0.0292697204741695 0
"переработке" 0 0.00968523002421308 0.0198662340242368 0 0 0 0 0 0 0
"переселении" 0.0277008310249307 0 0.00662207800807894 0 0 0 0 0 0 0
"переходить" 0 0 0 0 0 0.00858663918942126 0 0.00581868963109508 0.00731743011854237 0.00590144585423429
"питается" 0 0.00968523002421308 0 0 0 0 0 0 0.0219522903556271 0
"питания" 0 0.0193704600484262 0 0 0 0.0171732783788425 0 0 0 0
"пищу" 0 0.00968523002421308 0 0 0.0203915171288744 0.00858663918942126 0 0 0 0
"планете" 0.0184672206832872 0 0 0.0103939299449122 0.0101957585644372 0 0 0 0 0
"планеты" 0.0369344413665743 0 0 0 0 0 0 0 0 0
"победить" 0 0 0 0 0 0 0.0126984126984127 0.0116373792621902 0 0
"поводы" 0 0 0 0 0 0 0 0 0.0292697204741695 0
"поворотов" 0 0 0 0.0415757197796487 0 0 0 0 0 0
"повсюду" 0 0.00968523002421308 0 0 0 0 0 0 0 0.0177043375627029
"повторение" 0 0 0 0 0 0.0171732783788425 0 0.0116373792621902 0 0
"повторяющихся" 0 0 0 0.0103939299449122 0 0 0.00634920634920635 0.0116373792621902 0 0
"повышение" 0 0 0 0 0 0.0171732783788425 0 0 0.0146348602370847 0
"подавить" 0 0.00968523002421308 0.00662207800807894 0 0 0 0.0126984126984127 0 0 0
"подаче" 0 0 0 0 0 0.034346556757685 0 0 0 0
"подготовлен" 0 0 0 0 0 0 0.00634920634920635 0 0 0.0177043375627029
"подготовлена" 0 0 0 0 0 0 0 0.00581868963109508 0 0.0177043375627029
"поддается" 0 0 0.0132441560161579 0 0.0203915171288744 0 0 0 0 0
"подкорки" 0 0 0 0.0415757197796487 0 0 0 0 0 0
"подкрепляют" 0 0 0 0 0.0101957585644372 0 0 0 0 0.0177043375627029
"поднимается" 0.00923361034164358 0 0 0 0.0101957585644372 0 0 0 0 0.0118028917084686
"подойти" 0 0 0 0 0 0 0 0.00581868963109508 0.00731743011854237 0.0118028917084686
"подтверждения" 0 0 0 0.0415757197796487 0 0 0 0 0 0
"подчеркивает" 0 0 0 0 0 0.00858663918942126 0 0 0 0.0177043375627029
"пожалуй" 0 0 0 0 0 0 0.0126984126984127 0 0.00731743011854237 0.00590144585423429
"поза" 0 0 0 0 0 0 0.00634920634920635 0.00581868963109508 0.0146348602370847 0
"поймете" 0 0 0 0 0 0 0.00634920634920635 0.0116373792621902 0 0.00590144585423429
"покажет" 0 0 0 0 0 0 0.019047619047619 0.00581868963109508 0 0
"показателем" 0 0 0 0.0103939299449122 0 0.0257599175682638 0 0 0 0
"показаться" 0.00923361034164358 0 0 0 0 0 0.00634920634920635 0 0 0.0118028917084686
"поколение" 0.0369344413665743 0 0 0 0 0 0 0 0 0
"покою" 0 0 0 0 0.0101957585644372 0 0 0 0 0.0177043375627029
"полагается" 0 0 0.00662207800807894 0 0 0 0 0 0 0.0177043375627029
"полагали" 0.00923361034164358 0.0193704600484262 0 0 0 0 0 0 0 0.00590144585423429
"политики" 0 0.0290556900726392 0.00662207800807894 0 0 0 0 0 0 0
"полным" 0.00923361034164358 0 0.00662207800807894 0 0.0101957585644372 0.00858663918942126 0 0 0 0
"половину" 0 0 0 0 0 0.00858663918942126 0.0126984126984127 0.00581868963109508 0 0
"половых" 0 0 0 0 0 0 0 0.0232747585243803 0 0
"положительные" 0 0 0 0.0207878598898243 0.0101957585644372 0.00858663918942126 0 0 0 0
"получалось" 0 0 0 0 0.0101957585644372 0.0171732783788425 0 0 0.00731743011854237 0
"получили" 0 0 0.00662207800807894 0 0 0.00858663918942126 0.00634920634920635 0 0 0.00590144585423429
"полушариям" 0 0 0 0.0311817898347365 0 0 0.00634920634920635 0 0 0
"пользовался" 0 0 0.00662207800807894 0 0.0101957585644372 0.00858663918942126 0 0 0 0.00590144585423429
"помощь" 0 0 0.0198662340242368 0 0 0 0.00634920634920635 0 0 0
"понимает" 0 0 0.0132441560161579 0 0.0101957585644372 0 0.00634920634920635 0 0 0
"понятным" 0 0.0193704600484262 0 0 0.0101957585644372 0 0 0.00581868963109508 0 0
"порцию" 0 0 0 0.0103939299449122 0 0.0257599175682638 0 0 0 0
"порядку" 0 0 0.0132441560161579 0 0 0 0.00634920634920635 0.00581868963109508 0 0
"последния" 0 0.0387409200968523 0 0 0 0 0 0 0 0
"последовательное" 0 0 0 0.0103939299449122 0 0.0171732783788425 0 0 0 0.00590144585423429
"последствиям" 0 0.00968523002421308 0 0 0 0 0 0.00581868963109508 0.00731743011854237 0.00590144585423429
"последующей" 0.0184672206832872 0.00968523002421308 0 0 0 0 0 0 0.00731743011854237 0
"поставленной" 0 0.0193704600484262 0 0.0103939299449122 0.0101957585644372 0 0 0 0 0
"постель" 0 0 0 0 0 0 0 0.0232747585243803 0 0
"постепенном" 0 0 0 0.0207878598898243 0 0 0 0 0 0.0118028917084686
"постоянство" 0 0 0 0 0 0.00858663918942126 0 0 0.00731743011854237 0.0118028917084686
"постулат" 0 0 0 0 0 0 0 0 0.0292697204741695 0
"поступки" 0.00923361034164358 0.0193704600484262 0 0 0 0 0 0 0 0.00590144585423429
"потерял" 0 0 0.00662207800807894 0.0103939299449122 0 0 0.00634920634920635 0 0.00731743011854237 0
"правильном" 0 0 0 0 0 0.0171732783788425 0.00634920634920635 0.00581868963109508 0 0
"предела" 0.00923361034164358 0 0 0 0 0.0171732783788425 0 0.00581868963109508 0 0
"предметами" 0 0 0 0 0 0.00858663918942126 0.0126984126984127 0.00581868963109508 0 0
"представим" 0.0184672206832872 0 0 0 0 0 0 0 0 0.0118028917084686
"представительства" 0 0.0290556900726392 0 0 0 0 0 0 0.00731743011854237 0
"представляются" 0.0184672206832872 0 0.00662207800807894 0 0 0 0 0.00581868963109508 0 0
"представьте" 0.00923361034164358 0 0.0132441560161579 0 0.0101957585644372 0 0 0 0 0
"предыдущее" 0 0 0 0 0 0 0 0.0116373792621902 0.00731743011854237 0.00590144585423429
"преемственности" 0.0277008310249307 0.00968523002421308 0 0 0 0 0 0 0 0
"прежним" 0.00923361034164358 0 0 0 0.0101957585644372 0.0171732783788425 0 0 0 0
"прекращением" 0.0184672206832872 0 0 0 0 0.00858663918942126 0 0.00581868963109508 0 0
"приборов" 0 0 0 0.0103939299449122 0 0.00858663918942126 0 0 0.00731743011854237 0.00590144585423429
"приведем" 0.0184672206832872 0 0.00662207800807894 0 0.0101957585644372 0 0 0 0 0
"приводится" 0 0 0 0.0103939299449122 0 0 0.019047619047619 0 0 0
"приводов" 0 0 0 0 0.0203915171288744 0 0.0126984126984127 0 0 0
"приводя" 0.00923361034164358 0.00968523002421308 0.0132441560161579 0 0 0 0 0 0 0
"привычки" 0 0 0 0 0 0 0.0253968253968254 0 0 0
"приемы" 0 0.00968523002421308 0 0.0103939299449122 0.0101957585644372 0.00858663918942126 0 0 0 0
"признавали" 0.0184672206832872 0.00968523002421308 0 0 0 0.00858663918942126 0 0 0 0
"признаков" 0 0 0 0 0 0 0.00634920634920635 0 0.00731743011854237 0.0118028917084686
"признана" 0.0184672206832872 0 0 0 0 0.00858663918942126 0 0 0 0.00590144585423429
"применение" 0.00923361034164358 0.0290556900726392 0 0 0 0 0 0 0 0
"применить" 0.00923361034164358 0 0 0 0.0101957585644372 0.00858663918942126 0 0 0 0.00590144585423429
"принимали" 0 0.00968523002421308 0 0 0 0 0.00634920634920635 0.00581868963109508 0 0.00590144585423429
"приняв" 0.0184672206832872 0 0 0.0103939299449122 0 0 0 0.00581868963109508 0 0
"приобретается" 0 0.0193704600484262 0 0 0 0 0.00634920634920635 0.00581868963109508 0 0
"приобретают" 0 0 0 0 0 0 0 0 0.0146348602370847 0.0118028917084686
"припадки" 0 0 0.0264883120323157 0 0 0 0 0 0 0
"приступов" 0 0 0.0132441560161579 0 0 0 0.0126984126984127 0 0 0
"притуплена" 0 0 0 0 0 0 0.0253968253968254 0 0 0
"притупление" 0 0 0 0 0 0 0.0253968253968254 0 0 0
"причинной" 0 0 0 0 0 0 0.0126984126984127 0.0116373792621902 0 0
"пришли" 0 0 0 0 0 0 0 0 0.0219522903556271 0.00590144585423429
"программы" 0 0.00968523002421308 0 0.0311817898347365 0 0 0 0 0 0
"прогресс" 0.0277008310249307 0.00968523002421308 0 0 0 0 0 0 0 0
"прогрессивно" 0 0 0 0 0 0.00858663918942126 0 0 0.0146348602370847 0.00590144585423429
"продолговатом" 0 0 0 0 0 0 0.0126984126984127 0 0.0146348602370847 0
"продолжающегося" 0 0 0 0 0.0101957585644372 0.0257599175682638 0 0 0 0
"произведено" 0 0 0.00662207800807894 0 0.0101957585644372 0.00858663918942126 0.00634920634920635 0 0 0
"производили" 0 0 0 0.0103939299449122 0 0.00858663918942126 0 0 0 0.0118028917084686
"производимой" 0.0277008310249307 0.00968523002421308 0 0 0 0 0 0 0 0
"производится" 0 0 0.00662207800807894 0 0.0101957585644372 0.00858663918942126 0.00634920634920635 0 0 0
"производящие" 0 0 0 0 0 0.00858663918942126 0.019047619047619 0 0 0
"произошло" 0 0 0 0.0311817898347365 0 0 0.00634920634920635 0 0 0
"происхождении" 0 0 0 0 0 0 0.0126984126984127 0.0116373792621902 0 0
"промежутках" 0 0 0 0 0 0.034346556757685 0 0 0 0
"проповедь" 0.0184672206832872 0 0.0132441560161579 0 0 0 0 0 0 0
"простом" 0 0 0.00662207800807894 0 0 0 0 0 0 0.0177043375627029
"простоты" 0 0 0 0 0 0 0.00634920634920635 0.00581868963109508 0.00731743011854237 0.00590144585423429
"противника" 0 0 0 0 0 0 0 0.0174560688932852 0.00731743011854237 0
"противное" 0 0 0.00662207800807894 0 0 0 0 0.0174560688932852 0 0
"противоположного" 0.00923361034164358 0 0 0.0103939299449122 0 0 0 0.00581868963109508 0 0.00590144585423429
"противоположную" 0 0 0 0 0 0 0.00634920634920635 0.0116373792621902 0 0.00590144585423429
"противоположными" 0 0 0 0 0.0203915171288744 0.0171732783788425 0 0 0 0
"проходить" 0 0.00968523002421308 0 0 0 0 0 0.00581868963109508 0.00731743011854237 0.00590144585423429
"процессах" 0 0 0 0.0103939299449122 0.0101957585644372 0 0 0.00581868963109508 0 0.00590144585423429
"процессу" 0 0 0 0 0.0101957585644372 0.0171732783788425 0 0 0.00731743011854237 0
"прочими" 0 0 0 0 0 0 0.0126984126984127 0.00581868963109508 0 0.00590144585423429
"прочного" 0 0.0290556900726392 0 0.0103939299449122 0 0 0 0 0 0
"прямыми" 0 0 0 0 0 0 0.0126984126984127 0.0116373792621902 0 0
"психическими" 0 0 0 0 0 0.00858663918942126 0.0126984126984127 0 0.00731743011854237 0
"психологическими" 0 0.00968523002421308 0 0.0103939299449122 0 0.0171732783788425 0 0 0 0
"психопатических" 0 0 0.0264883120323157 0 0 0 0 0 0 0
"пунктами" 0 0 0 0.0207878598898243 0.0203915171288744 0 0 0 0 0
"пунктом" 0 0 0 0.0103939299449122 0 0 0 0 0.0146348602370847 0.00590144585423429
"пункту" 0 0 0.00662207800807894 0 0.0203915171288744 0.00858663918942126 0 0 0 0
"пункты" 0 0 0 0.0207878598898243 0.0101957585644372 0 0 0 0.00731743011854237 0
"пушек" 0 0 0.00662207800807894 0 0 0 0.00634920634920635 0.0116373792621902 0 0
"пяти" 0 0 0.0132441560161579 0 0 0.00858663918942126 0 0.00581868963109508 0 0
"работает" 0 0 0.00662207800807894 0 0 0 0 0 0 0.0177043375627029
"работах" 0.00923361034164358 0 0 0 0 0 0 0 0.00731743011854237 0.0118028917084686
"равновесию" 0 0 0 0 0 0 0 0 0 0.0236057834169371
"радость" 0 0 0 0 0 0 0.00634920634920635 0.0116373792621902 0.00731743011854237 0
"разбираемых" 0 0 0 0 0 0 0.019047619047619 0.00581868963109508 0 0
"раздражать" 0 0 0 0 0 0 0.0126984126984127 0 0 0.0118028917084686
"раздражающее" 0 0 0 0 0.0203915171288744 0.0171732783788425 0 0 0 0
"раздражениях" 0 0 0 0.0103939299449122 0 0.00858663918942126 0 0 0 0.0118028917084686
"раздражительной" 0 0 0 0 0.0101957585644372 0 0 0 0.0146348602370847 0.00590144585423429
"раздражителям" 0 0 0 0.0103939299449122 0 0.00858663918942126 0 0 0.00731743011854237 0.00590144585423429
"различия" 0 0 0.00662207800807894 0.0103939299449122 0 0.00858663918942126 0 0 0.00731743011854237 0
"размышления" 0.00923361034164358 0.00968523002421308 0.00662207800807894 0 0 0 0 0.00581868963109508 0 0
"разницу" 0 0 0 0.0103939299449122 0 0.0171732783788425 0 0.00581868963109508 0 0
"разнообразнее" 0 0 0 0.0103939299449122 0.0101957585644372 0 0.00634920634920635 0 0.00731743011854237 0
"разобраться" 0 0 0 0.0103939299449122 0 0 0 0 0 0.0177043375627029
"разрушить" 0 0 0.0132441560161579 0.0103939299449122 0.0101957585644372 0 0 0 0 0
"разряду" 0 0 0 0 0 0 0.0126984126984127 0.00581868963109508 0.00731743011854237 0
"распространению" 0.00923361034164358 0.00968523002421308 0.0132441560161579 0 0 0 0 0 0 0
"распространяются" 0 0.00968523002421308 0 0.0103939299449122 0 0 0 0.00581868963109508 0.00731743011854237 0
"рассказы" 0 0 0.00662207800807894 0 0 0 0.0126984126984127 0.00581868963109508 0 0
"расчет" 0.00923361034164358 0 0 0.0103939299449122 0 0.00858663918942126 0 0 0 0.00590144585423429
"расчетом" 0 0 0 0 0 0.00858663918942126 0 0 0 0.0177043375627029
"ребенку" 0 0 0 0 0 0 0.00634920634920635 0.0174560688932852 0 0
"редкими" 0 0 0 0 0 0 0 0 0.0219522903556271 0.00590144585423429
"реже" 0 0 0 0 0.0203915171288744 0.0171732783788425 0 0 0 0
"резким" 0 0.00968523002421308 0 0 0 0 0 0.0174560688932852 0 0
"религиозные" 0.00923361034164358 0 0.0198662340242368 0 0 0 0 0 0 0
"религиозных" 0 0.0193704600484262 0.0132441560161579 0 0 0 0 0 0 0
"рефлексологии" 0.0184672206832872 0 0 0 0 0 0 0 0.00731743011854237 0.00590144585423429
"рефлекторную" 0 0 0 0.0207878598898243 0 0 0 0 0 0.0118028917084686
"рефлекторные" 0 0 0 0 0 0.00858663918942126 0 0 0.00731743011854237 0.0118028917084686
"рефлекторный" 0 0 0 0 0 0.00858663918942126 0 0 0.00731743011854237 0.0118028917084686
"рефлекторным" 0 0 0 0 0 0 0.00634920634920635 0 0.0146348602370847 0.00590144585423429
"рисуются" 0 0 0 0 0 0 0.00634920634920635 0.0116373792621902 0 0.00590144585423429
"родных" 0.00923361034164358 0.00968523002421308 0 0 0 0 0 0.00581868963109508 0 0.00590144585423429
"рукою" 0 0 0 0 0 0 0.019047619047619 0.00581868963109508 0 0
"самовнушение" 0 0 0.0264883120323157 0 0 0 0 0 0 0
"самовнушению" 0 0 0.0264883120323157 0 0 0 0 0 0 0
"самосохранения" 0 0 0 0 0 0 0.019047619047619 0.00581868963109508 0 0
"самостоятельного" 0 0.0290556900726392 0 0.0103939299449122 0 0 0 0 0 0
"самостоятельности" 0 0.0387409200968523 0 0 0 0 0 0 0 0
"самоубийство" 0.0184672206832872 0.0193704600484262 0 0 0 0 0 0 0 0
"свечки" 0 0 0 0 0 0 0 0.0232747585243803 0 0
"свободе" 0 0.00968523002421308 0 0.0311817898347365 0 0 0 0 0 0
"свободного" 0 0.0387409200968523 0 0 0 0 0 0 0 0
"своевременно" 0 0.00968523002421308 0.00662207800807894 0 0 0.00858663918942126 0 0 0.00731743011854237 0
"своеобразное" 0 0 0 0 0 0.00858663918942126 0 0 0.0146348602370847 0.00590144585423429
"связанного" 0.00923361034164358 0 0 0 0.0101957585644372 0.0171732783788425 0 0 0 0
"связанные" 0.0184672206832872 0 0 0.0103939299449122 0 0 0 0 0 0.00590144585423429
"сделаем" 0 0 0.00662207800807894 0 0.0203915171288744 0 0 0 0 0.00590144585423429
"сделает" 0 0 0 0 0 0 0.019047619047619 0.00581868963109508 0 0
"сделал" 0 0.00968523002421308 0 0 0 0.00858663918942126 0 0 0.00731743011854237 0.00590144585423429
"сектантов" 0 0.0290556900726392 0.00662207800807894 0 0 0 0 0 0 0
"сердца" 0.00923361034164358 0 0 0 0 0 0.0126984126984127 0.00581868963109508 0 0
"сигналами" 0 0 0 0.0103939299449122 0.0101957585644372 0.00858663918942126 0 0 0.00731743011854237 0
"сильному" 0 0 0 0 0 0 0.019047619047619 0 0 0.00590144585423429
"склонность" 0.00923361034164358 0 0.00662207800807894 0 0 0 0 0 0.00731743011854237 0.00590144585423429
"скрытых" 0 0 0 0 0 0 0 0.0174560688932852 0.00731743011854237 0
"слаб" 0 0 0 0 0 0 0.0126984126984127 0.00581868963109508 0 0.00590144585423429
"слабому" 0 0 0 0 0.0101957585644372 0.00858663918942126 0 0.0116373792621902 0 0
"слагаться" 0 0 0 0 0 0 0 0 0 0.0236057834169371
"следить" 0 0.0193704600484262 0 0 0 0 0 0.00581868963109508 0 0.00590144585423429
"следовало" 0.00923361034164358 0 0 0 0 0 0.00634920634920635 0.0116373792621902 0 0
"следующих" 0.00923361034164358 0 0 0.0103939299449122 0 0 0.00634920634920635 0 0 0.00590144585423429
"сливаются" 0 0.00968523002421308 0 0 0.0101957585644372 0 0 0.0116373792621902 0 0
"слизистой" 0 0 0 0 0.0203915171288744 0 0.00634920634920635 0 0 0.00590144585423429
"слове" 0 0.0193704600484262 0.0132441560161579 0 0 0 0 0 0 0
"служа" 0.0184672206832872 0 0 0.0103939299449122 0 0.00858663918942126 0 0 0 0
"слуховыми" 0 0 0 0 0 0 0.00634920634920635 0.0174560688932852 0 0
"случится" 0.0184672206832872 0 0 0 0.0101957585644372 0 0 0.00581868963109508 0 0
"слушателей" 0 0 0.0132441560161579 0 0 0 0.0126984126984127 0 0 0
"слушать" 0 0 0 0 0 0 0.0126984126984127 0.0116373792621902 0 0
"собаках" 0 0 0 0 0.0203915171288744 0.00858663918942126 0 0.00581868963109508 0 0
"собственном" 0.00923361034164358 0 0 0 0 0 0 0.00581868963109508 0 0.0118028917084686
"собственных" 0 0 0 0 0 0 0.0126984126984127 0.0116373792621902 0 0
"совершенство" 0.00923361034164358 0 0 0 0.0203915171288744 0.00858663918942126 0 0 0 0
"совести" 0 0.0387409200968523 0 0 0 0 0 0 0 0
"совместно" 0.00923361034164358 0 0.0198662340242368 0 0 0 0 0 0 0
"совокупности" 0.0184672206832872 0 0.00662207800807894 0 0 0 0 0 0.00731743011854237 0
"современная" 0.00923361034164358 0.00968523002421308 0.00662207800807894 0 0 0 0.00634920634920635 0 0 0
"современных" 0 0.0193704600484262 0 0 0 0 0.0126984126984127 0 0 0
"согласиться" 0 0 0.00662207800807894 0.0103939299449122 0 0 0.00634920634920635 0 0 0.00590144585423429
"содержанию" 0 0 0.00662207800807894 0 0 0 0 0.0116373792621902 0 0.00590144585423429
"создать" 0 0.00968523002421308 0 0 0.0101957585644372 0 0 0 0.0146348602370847 0
"сознает" 0.00923361034164358 0 0.00662207800807894 0 0 0 0 0.0116373792621902 0 0
"сознанием" 0.00923361034164358 0 0.0198662340242368 0 0 0 0 0 0 0
"солнца" 0.0277008310249307 0 0 0 0 0 0 0 0.00731743011854237 0
"сонное" 0 0 0 0.0311817898347365 0.0101957585644372 0 0 0 0 0
"соответствие" 0 0 0 0.0207878598898243 0 0 0.0126984126984127 0 0 0
"соответствующее" 0 0 0.00662207800807894 0 0 0 0 0.00581868963109508 0.00731743011854237 0.00590144585423429
"соотношений" 0.00923361034164358 0 0 0.0207878598898243 0 0.00858663918942126 0 0 0 0
"сопровождающие" 0 0 0 0.0103939299449122 0 0.00858663918942126 0 0.0116373792621902 0 0
"сосать" 0 0 0 0 0 0 0.0253968253968254 0 0 0
"сочетании" 0 0 0.0132441560161579 0 0 0 0.00634920634920635 0.00581868963109508 0 0
"сочетаться" 0 0 0 0 0 0 0.019047619047619 0.00581868963109508 0 0
"сочетаются" 0 0 0 0 0 0 0.0126984126984127 0.0116373792621902 0 0
"спиртных" 0 0.0387409200968523 0 0 0 0 0 0 0 0
"сплошь" 0 0 0 0.0103939299449122 0.0203915171288744 0.00858663918942126 0 0 0 0
"способна" 0.00923361034164358 0 0 0 0 0 0.00634920634920635 0 0.0146348602370847 0
"способной" 0 0.00968523002421308 0 0.0103939299449122 0 0 0 0 0 0.0118028917084686
"способов" 0 0 0.0198662340242368 0 0 0.00858663918942126 0 0 0 0
"способствует" 0 0.00968523002421308 0 0.0311817898347365 0 0 0 0 0 0
"спросил" 0.00923361034164358 0 0.0198662340242368 0 0 0 0 0 0 0
"сравнении" 0 0.00968523002421308 0 0 0 0 0.00634920634920635 0.0116373792621902 0 0
"среднем" 0 0 0 0 0.0203915171288744 0 0 0 0.00731743011854237 0.00590144585423429
"средством" 0.00923361034164358 0 0.0132441560161579 0 0 0 0 0.00581868963109508 0 0
"становиться" 0 0 0 0 0 0 0 0 0.0292697204741695 0
"стану" 0 0 0.00662207800807894 0 0 0 0.00634920634920635 0.0116373792621902 0 0
"станций" 0 0 0 0.0103939299449122 0 0 0 0 0.0146348602370847 0.00590144585423429
"статье" 0 0.0193704600484262 0.00662207800807894 0.0103939299449122 0 0 0 0 0 0
"статья" 0 0 0 0.0311817898347365 0 0 0 0 0.00731743011854237 0
"степенях" 0 0 0.00662207800807894 0 0.0101957585644372 0 0 0.0116373792621902 0 0
"стимулы" 0 0 0 0 0 0 0 0 0 0.0236057834169371
"стойкое" 0 0 0 0 0 0 0 0 0.0219522903556271 0.00590144585423429
"стола" 0 0 0.0198662340242368 0 0 0 0 0 0.00731743011854237 0
"столе" 0 0 0.00662207800807894 0.0103939299449122 0 0.00858663918942126 0 0.00581868963109508 0 0
"стороной" 0.00923361034164358 0.00968523002421308 0 0.0103939299449122 0 0 0 0 0 0.00590144585423429
"страстей" 0 0 0 0 0 0 0 0.0232747585243803 0 0
"страстное" 0 0 0 0 0 0 0 0.0232747585243803 0 0
"страшной" 0.00923361034164358 0.00968523002421308 0.00662207800807894 0 0 0 0.00634920634920635 0 0 0
"стремлениями" 0.0184672206832872 0.00968523002421308 0 0.0103939299449122 0 0 0 0 0 0
"строить" 0 0 0 0 0.0101957585644372 0 0.00634920634920635 0 0 0.0118028917084686
"стуком" 0 0 0 0 0 0.0171732783788425 0.0126984126984127 0 0 0
"субстрате" 0 0 0 0 0 0 0 0 0 0.0236057834169371
"субъект" 0 0 0.0198662340242368 0 0 0 0 0 0 0.00590144585423429
"судорожных" 0 0 0.0264883120323157 0 0 0 0 0 0 0
"судьбу" 0 0.00968523002421308 0.00662207800807894 0 0 0 0 0 0.00731743011854237 0.00590144585423429
"суммации" 0 0 0 0.0103939299449122 0.0101957585644372 0.0171732783788425 0 0 0 0
"сущего" 0.0369344413665743 0 0 0 0 0 0 0 0 0
"существенную" 0 0.00968523002421308 0 0.0103939299449122 0 0 0 0 0.00731743011854237 0.00590144585423429
"сферах" 0 0 0 0 0 0 0.0126984126984127 0.0116373792621902 0 0
"схема" 0 0 0 0.0103939299449122 0 0 0.0126984126984127 0.00581868963109508 0 0
"схему" 0 0 0 0 0 0 0.0126984126984127 0 0.00731743011854237 0.00590144585423429
"сцены" 0 0 0.0264883120323157 0 0 0 0 0 0 0
"такая" 0 0 0.00662207800807894 0 0 0 0.00634920634920635 0.0116373792621902 0 0
"такими" 0 0 0.00662207800807894 0 0 0.00858663918942126 0 0.00581868963109508 0 0.00590144585423429
"твердую" 0 0 0 0.0103939299449122 0.0203915171288744 0 0.00634920634920635 0 0 0
"творческой" 0.0369344413665743 0 0 0 0 0 0 0 0 0
"творчества" 0.0277008310249307 0 0 0 0 0 0 0 0 0.00590144585423429
"текущего" 0 0 0 0 0 0 0 0 0 0.0236057834169371
"темы" 0 0 0.00662207800807894 0.0207878598898243 0.0101957585644372 0 0 0 0 0
"теоретически" 0 0 0 0 0 0 0 0.0116373792621902 0.0146348602370847 0
"терновских" 0 0 0.0264883120323157 0 0 0 0 0 0 0
"терять" 0 0 0.00662207800807894 0 0.0101957585644372 0.00858663918942126 0 0 0.00731743011854237 0
"тесно" 0.00923361034164358 0 0 0.0103939299449122 0.0101957585644372 0 0 0 0 0.00590144585423429
"течении" 0.00923361034164358 0 0 0 0 0.00858663918942126 0 0 0.0146348602370847 0
"течки" 0 0 0 0 0 0 0 0 0.0292697204741695 0
"тканей" 0 0 0 0.0103939299449122 0 0 0 0.00581868963109508 0 0.0118028917084686
"толкование" 0 0 0 0.0207878598898243 0 0.00858663918942126 0.00634920634920635 0 0 0
"толковать" 0 0 0 0 0.0101957585644372 0.00858663918942126 0 0.00581868963109508 0 0.00590144585423429
"толпы" 0 0 0.0198662340242368 0 0 0 0 0 0 0.00590144585423429
"толчка" 0 0.00968523002421308 0 0.0103939299449122 0 0 0 0.00581868963109508 0.00731743011854237 0
"тонических" 0 0 0 0 0 0 0 0 0.0219522903556271 0.00590144585423429
"тормозном" 0 0 0 0 0.0101957585644372 0.0257599175682638 0 0 0 0
"точка" 0.0184672206832872 0 0 0 0 0 0.00634920634920635 0 0 0.00590144585423429
"точного" 0 0 0 0.0207878598898243 0 0.00858663918942126 0 0 0.00731743011854237 0
"третьих" 0 0 0 0.0103939299449122 0 0.0257599175682638 0 0 0 0
"труднее" 0 0 0 0.0103939299449122 0 0.00858663918942126 0 0.00581868963109508 0.00731743011854237 0
"трудность" 0 0 0 0.0103939299449122 0 0.00858663918942126 0.00634920634920635 0 0.00731743011854237 0
"ты" 0.00923361034164358 0 0 0 0 0 0 0 0.00731743011854237 0.0118028917084686
"тяжести" 0 0 0 0.0103939299449122 0 0 0.0126984126984127 0 0.00731743011854237 0
"убедится" 0 0 0 0 0 0 0.019047619047619 0.00581868963109508 0 0
"увеличивается" 0 0 0 0 0.0101957585644372 0 0 0.0116373792621902 0.00731743011854237 0
"угнетением" 0 0 0 0 0 0 0 0 0.00731743011854237 0.0177043375627029
"угнетения" 0 0 0 0 0 0.0171732783788425 0.00634920634920635 0 0 0.00590144585423429
"удаление" 0 0 0 0.0103939299449122 0 0.00858663918942126 0.00634920634920635 0 0 0.00590144585423429
"удалением" 0 0 0 0 0 0 0 0.0232747585243803 0 0
"удалить" 0 0 0 0 0 0 0.0126984126984127 0 0.00731743011854237 0.00590144585423429
"удалось" 0.00923361034164358 0 0 0 0 0 0.00634920634920635 0 0.00731743011854237 0.00590144585423429
"удовлетворения" 0 0 0 0 0 0 0 0.0174560688932852 0 0.00590144585423429
"узнавать" 0 0 0 0 0 0 0.0126984126984127 0.0116373792621902 0 0
"указал" 0.0184672206832872 0 0 0 0 0 0 0.00581868963109508 0 0.00590144585423429
"указание" 0 0 0 0.0207878598898243 0 0 0 0 0.00731743011854237 0.00590144585423429
"указания" 0 0 0 0 0 0 0 0 0.0219522903556271 0.00590144585423429
"указанные" 0 0 0.00662207800807894 0.0103939299449122 0.0101957585644372 0.00858663918942126 0 0 0 0
"указано" 0 0 0 0 0.0305872756933116 0 0 0 0 0.00590144585423429
"указывал" 0 0 0 0 0 0.00858663918942126 0 0 0.0146348602370847 0.00590144585423429
"умирает" 0.0369344413665743 0 0 0 0 0 0 0 0 0
"умственная" 0.0184672206832872 0.0193704600484262 0 0 0 0 0 0 0 0
"умственных" 0 0.0387409200968523 0 0 0 0 0 0 0 0
"умы" 0.00923361034164358 0.0290556900726392 0 0 0 0 0 0 0 0
"унаследование" 0 0 0 0 0 0 0 0 0.0292697204741695 0
"упадка" 0 0.0290556900726392 0 0 0 0 0 0 0.00731743011854237 0
"упомянуто" 0 0.00968523002421308 0 0 0 0 0.00634920634920635 0.0116373792621902 0 0
"управляющие" 0.0184672206832872 0 0 0 0 0 0.00634920634920635 0.00581868963109508 0 0
"управляющих" 0 0 0 0 0 0 0.0126984126984127 0.0116373792621902 0 0
"уравнения" 0 0 0 0 0 0 0 0 0.0292697204741695 0
"уравновешенные" 0 0 0 0 0.0305872756933116 0.00858663918942126 0 0 0 0
"усиленных" 0 0 0 0 0 0 0.00634920634920635 0.00581868963109508 0.00731743011854237 0.00590144585423429
"условная" 0 0 0 0.0103939299449122 0.0203915171288744 0.00858663918942126 0 0 0 0
"успешно" 0 0.00968523002421308 0.00662207800807894 0 0 0 0 0 0.0146348602370847 0
"установка" 0 0 0 0 0.0203915171288744 0 0 0 0 0.0118028917084686
"устранение" 0 0.0387409200968523 0 0 0 0 0 0 0 0
"устройством" 0 0.00968523002421308 0 0 0 0 0.00634920634920635 0.0116373792621902 0 0
"утверждать" 0 0 0.00662207800807894 0 0.0101957585644372 0 0.00634920634920635 0 0 0.00590144585423429
"утверждение" 0 0 0.00662207800807894 0.0311817898347365 0 0 0 0 0 0
"участках" 0 0 0 0 0 0 0 0 0.0219522903556271 0.00590144585423429
"учеников" 0.00923361034164358 0.0193704600484262 0 0 0 0 0 0 0.00731743011854237 0
"ученый" 0.00923361034164358 0 0 0 0 0 0 0 0 0.0177043375627029
"факторами" 0 0.00968523002421308 0 0 0 0 0 0 0 0.0177043375627029
"физиологическими" 0 0 0 0.0103939299449122 0 0.00858663918942126 0 0 0.00731743011854237 0.00590144585423429
"физиологию" 0 0 0 0 0 0.034346556757685 0 0 0 0
"физиологу" 0 0 0 0.0207878598898243 0 0.00858663918942126 0 0 0.00731743011854237 0
"физическую" 0.0369344413665743 0 0 0 0 0 0 0 0 0
"функцией" 0 0.00968523002421308 0 0.0103939299449122 0 0 0 0 0 0.0118028917084686
"функционального" 0 0 0 0 0 0 0 0 0.0146348602370847 0.0118028917084686
"функциональные" 0 0 0 0.0103939299449122 0 0 0 0 0.0219522903556271 0
"характере" 0.00923361034164358 0 0 0 0 0 0.019047619047619 0 0 0
"хотел" 0 0 0 0 0.0101957585644372 0 0.00634920634920635 0 0.0146348602370847 0
"хотят" 0 0 0 0 0 0 0.00634920634920635 0.0116373792621902 0 0.00590144585423429
"хуже" 0 0.00968523002421308 0 0 0 0 0 0.00581868963109508 0.0146348602370847 0
"цвет" 0 0 0 0 0 0 0.00634920634920635 0.0174560688932852 0 0
"цветов" 0 0 0 0 0 0 0.00634920634920635 0.0174560688932852 0 0
"целесообразности" 0 0 0 0 0 0 0.019047619047619 0 0 0.00590144585423429
"целесообразность" 0 0 0 0 0 0 0.0126984126984127 0 0 0.0118028917084686
"целительное" 0 0 0.0264883120323157 0 0 0 0 0 0 0
"целость" 0 0 0 0 0 0 0.0253968253968254 0 0 0
"цельсия" 0 0 0 0 0 0.034346556757685 0 0 0 0
"целях" 0 0.0290556900726392 0 0.0103939299449122 0 0 0 0 0 0
"центральном" 0 0 0 0.0103939299449122 0 0 0 0 0.00731743011854237 0.0118028917084686
"центральным" 0 0 0 0 0.0101957585644372 0 0.00634920634920635 0 0 0.0118028917084686
"цепи" 0.00923361034164358 0 0 0 0 0 0.00634920634920635 0 0.00731743011854237 0.00590144585423429
"частных" 0 0 0.00662207800807894 0.0103939299449122 0 0 0.00634920634920635 0 0.00731743011854237 0
"частоте" 0 0 0 0 0 0.00858663918942126 0 0.0116373792621902 0 0.00590144585423429
"частям" 0 0 0 0 0 0 0.00634920634920635 0.00581868963109508 0 0.0118028917084686
"часы" 0 0 0 0 0 0 0.00634920634920635 0.0116373792621902 0.00731743011854237 0
"человеческий" 0.00923361034164358 0 0 0.0103939299449122 0 0.00858663918942126 0 0 0.00731743011854237 0
"числа" 0.00923361034164358 0.0193704600484262 0 0 0 0.00858663918942126 0 0 0 0
"числом" 0 0.00968523002421308 0 0 0.0101957585644372 0.00858663918942126 0 0.00581868963109508 0 0
"чистого" 0 0.00968523002421308 0 0 0 0 0 0.0116373792621902 0 0.00590144585423429
"член" 0 0 0 0 0 0 0.00634920634920635 0.0174560688932852 0 0
"чрезмерно" 0 0.00968523002421308 0 0 0.0101957585644372 0 0.00634920634920635 0 0.00731743011854237 0
"чувственные" 0 0 0 0 0 0 0.0253968253968254 0 0 0
"чувствовать" 0 0 0 0 0 0 0.0126984126984127 0.00581868963109508 0 0.00590144585423429
"чувством" 0 0.00968523002421308 0 0 0.0305872756933116 0 0 0 0 0
"шагом" 0 0 0 0 0.0101957585644372 0 0.0126984126984127 0.00581868963109508 0 0
"шателье" 0 0 0 0 0 0 0 0 0 0.0236057834169371
"шекспира" 0.0369344413665743 0 0 0 0 0 0 0 0 0
"шеррингтоном" 0 0 0 0 0 0 0 0 0.0292697204741695 0
"широком" 0 0 0.00662207800807894 0 0.0101957585644372 0.00858663918942126 0 0.00581868963109508 0 0
"шло" 0 0 0 0 0.0101957585644372 0 0.00634920634920635 0 0.00731743011854237 0.00590144585423429
"шлятера" 0 0 0.0264883120323157 0 0 0 0 0 0 0
"щипните" 0 0 0 0 0 0 0.0253968253968254 0 0 0
"эквилибристика" 0 0 0 0 0 0 0.0253968253968254 0 0 0
"экономии" 0.00923361034164358 0 0 0 0 0 0 0 0.00731743011854237 0.0118028917084686
"экономического" 0 0.0290556900726392 0 0 0 0 0 0 0.00731743011854237 0
"эксперимент" 0 0 0 0 0.0203915171288744 0.00858663918942126 0 0 0 0.00590144585423429
"экспериментального" 0 0 0 0.0207878598898243 0.0101957585644372 0.00858663918942126 0 0 0 0
"экспериментальных" 0 0 0 0 0.0203915171288744 0.00858663918942126 0 0 0 0.00590144585423429
"элементарной" 0 0 0 0.0103939299449122 0 0.00858663918942126 0.00634920634920635 0 0.00731743011854237 0
"эмоции" 0 0 0.0264883120323157 0 0 0 0 0 0 0
"энергией" 0.0184672206832872 0 0 0 0 0 0 0 0 0.0118028917084686
"эпидемия" 0 0 0.0264883120323157 0 0 0 0 0 0 0
"этажах" 0 0 0 0 0 0 0 0 0.0292697204741695 0
"эффектами" 0 0 0 0 0 0.0171732783788425 0.00634920634920635 0 0 0.00590144585423429
"являлись" 0 0.00968523002421308 0.00662207800807894 0.0207878598898243 0 0 0 0 0 0
"являющегося" 0.0277008310249307 0 0 0 0 0 0 0.00581868963109508 0 0
"являющийся" 0.0184672206832872 0 0 0 0 0 0 0 0 0.0118028917084686
"яркий" 0 0.00968523002421308 0 0 0.0101957585644372 0 0 0.00581868963109508 0.00731743011854237 0
"яркости" 0 0 0 0 0 0 0 0.0232747585243803 0 0
"яркостью" 0 0 0.0132441560161579 0 0 0 0 0.0116373792621902 0 0
"ясен" 0 0.00968523002421308 0 0.0103939299449122 0 0.00858663918942126 0 0.00581868963109508 0 0
"ясный" 0 0 0 0.0103939299449122 0.0101957585644372 0 0.0126984126984127 0 0 0
"ящике" 0 0 0 0.0415757197796487 0 0 0 0 0 0
"archimede" 0 0 0.0264883120323157 0 0 0 0 0 0 0
"b" 0 0.0193704600484262 0 0 0 0 0.00634920634920635 0 0.00731743011854237 0
"berceau" 0 0 0.0264883120323157 0 0 0 0 0 0 0
"e" 0 0 0 0 0 0 0 0 0.0292697204741695 0
"iii" 0.00923361034164358 0 0 0 0 0 0 0 0.0219522903556271 0
"james" 0 0.0387409200968523 0 0 0 0 0 0 0 0
"n" 0 0 0.00662207800807894 0 0 0 0.019047619047619 0 0 0
"post" 0 0 0 0 0 0 0 0.00581868963109508 0.0146348602370847 0.00590144585423429
"triceps" 0 0 0 0 0 0 0 0 0.0292697204741695 0
"абсолютная" 0 0 0 0 0 0.00858663918942126 0.00634920634920635 0.00581868963109508 0 0
"абсолютном" 0 0 0 0 0.0101957585644372 0 0 0 0.0146348602370847 0
"автоматичности" 0 0 0 0 0 0 0.019047619047619 0 0 0
"автору" 0 0 0 0.0311817898347365 0 0 0 0 0 0
"агентами" 0.00923361034164358 0 0 0 0.0203915171288744 0 0 0 0 0
"активная" 0.00923361034164358 0 0 0 0 0 0 0 0 0.0118028917084686
"активно" 0 0 0 0 0 0 0 0 0 0.0177043375627029
"активной" 0.00923361034164358 0.00968523002421308 0 0 0 0 0 0 0 0.00590144585423429
"алкоголя" 0 0.0290556900726392 0 0 0 0 0 0 0 0
"америку" 0.00923361034164358 0.00968523002421308 0.00662207800807894 0 0 0 0 0 0 0
"аналитическая" 0 0 0 0 0 0 0 0.0116373792621902 0.00731743011854237 0
"анатомических" 0 0 0 0 0 0 0 0 0.0219522903556271 0
"англ" 0 0 0 0 0 0 0 0 0.0219522903556271 0
"андре" 0 0 0.0198662340242368 0 0 0 0 0 0 0
"андрея" 0 0 0 0 0 0 0 0 0.0219522903556271 0
"аномалии" 0 0 0 0 0 0 0 0 0 0.0177043375627029
"антропологических" 0 0.0290556900726392 0 0 0 0 0 0 0 0
"ассоциирует" 0 0 0 0 0 0 0 0.0174560688932852 0 0
"бактериями" 0.00923361034164358 0 0.0132441560161579 0 0 0 0 0 0 0
"бегают" 0 0.00968523002421308 0 0 0 0 0.0126984126984127 0 0 0
"бедствия" 0 0.00968523002421308 0.0132441560161579 0 0 0 0 0 0 0
"безусловному" 0 0 0 0.0207878598898243 0 0.00858663918942126 0 0 0 0
"белого" 0 0 0 0.0103939299449122 0 0 0 0.00581868963109508 0.00731743011854237 0
"белой" 0 0.0193704600484262 0 0.0103939299449122 0 0 0 0 0 0
"берега" 0 0 0.0198662340242368 0 0 0 0 0 0 0
"беременности" 0 0.0193704600484262 0 0 0.0101957585644372 0 0 0 0 0
"берутся" 0 0 0 0.0103939299449122 0 0 0 0 0.0146348602370847 0
"бесконечное" 0 0 0 0 0 0 0.019047619047619 0 0 0
"бесоодержимости" 0 0 0.0198662340242368 0 0 0 0 0 0 0
"бесплодно" 0.00923361034164358 0 0 0 0 0.00858663918942126 0 0 0.00731743011854237 0
"бессильным" 0 0 0.0132441560161579 0 0 0 0.00634920634920635 0 0 0
"бессмертие" 0.0277008310249307 0 0 0 0 0 0 0 0 0
"бесчисленное" 0 0 0 0.0103939299449122 0 0 0.0126984126984127 0 0 0
"бесчисленных" 0 0.00968523002421308 0 0 0 0.0171732783788425 0 0 0 0
"биологии" 0.00923361034164358 0 0 0 0 0 0 0 0.00731743011854237 0.00590144585423429
"биологического" 0.0184672206832872 0.00968523002421308 0 0 0 0 0 0 0 0
"благо" 0.0277008310249307 0 0 0 0 0 0 0 0 0
"благоприятное" 0 0 0.0132441560161579 0 0.0101957585644372 0 0 0 0 0
"благоприятной" 0 0 0.0132441560161579 0 0 0 0 0.00581868963109508 0 0
"благосостояния" 0 0.0193704600484262 0 0 0.0101957585644372 0 0 0 0 0
"бледнее" 0 0 0 0 0 0 0 0.0174560688932852 0 0
"блеске" 0 0 0 0 0 0 0 0.0174560688932852 0 0
"ближайший" 0 0.00968523002421308 0 0.0103939299449122 0 0.00858663918942126 0 0 0 0
"близким" 0 0 0.00662207800807894 0 0.0101957585644372 0 0 0 0 0.00590144585423429
"близкого" 0.00923361034164358 0.00968523002421308 0 0 0 0 0 0.00581868963109508 0 0
"богатства" 0.0184672206832872 0.00968523002421308 0 0 0 0 0 0 0 0
"богомольцев" 0 0 0.0198662340242368 0 0 0 0 0 0 0
"бодр" 0 0 0.0132441560161579 0 0 0 0 0 0 0.00590144585423429
"боевой" 0 0.00968523002421308 0 0 0 0.00858663918942126 0 0 0.00731743011854237 0
"болезненного" 0 0 0 0 0.0203915171288744 0 0 0.00581868963109508 0 0
"больным" 0 0 0.00662207800807894 0.0103939299449122 0.0101957585644372 0 0 0 0 0
"болью" 0 0.0193704600484262 0 0 0 0 0 0.00581868963109508 0 0
"боязнь" 0.00923361034164358 0 0.0132441560161579 0 0 0 0 0 0 0
"брейера" 0 0 0 0 0 0 0 0 0 0.0177043375627029
"брома" 0 0 0 0 0.0101957585644372 0.0171732783788425 0 0 0 0
"бросается" 0.00923361034164358 0 0 0 0 0.00858663918942126 0 0.00581868963109508 0 0
"будущему" 0.0184672206832872 0 0 0 0 0 0 0.00581868963109508 0 0
"будущих" 0 0.00968523002421308 0 0 0 0 0.0126984126984127 0 0 0
"будь" 0 0 0 0 0 0 0 0.00581868963109508 0 0.0118028917084686
"буквальном" 0 0.00968523002421308 0.00662207800807894 0 0 0 0 0 0 0.00590144585423429
"бывших" 0.00923361034164358 0 0.00662207800807894 0 0 0 0 0.00581868963109508 0 0
"быстротой" 0 0 0.0132441560161579 0 0 0.00858663918942126 0 0 0 0
"важность" 0 0 0.0132441560161579 0 0 0.00858663918942126 0 0 0 0
"важную" 0 0 0 0 0 0 0.0126984126984127 0 0 0.00590144585423429
"важные" 0 0.00968523002421308 0.0132441560161579 0 0 0 0 0 0 0
"вариаций" 0 0 0 0.0103939299449122 0.0101957585644372 0.00858663918942126 0 0 0 0
"ваш" 0 0 0 0 0 0 0.00634920634920635 0 0 0.0118028917084686
"вашего" 0 0 0 0 0 0 0.00634920634920635 0.0116373792621902 0 0
"ваши" 0 0 0 0 0 0 0 0.00581868963109508 0.0146348602370847 0
"вблизь" 0 0 0 0 0 0 0 0.0174560688932852 0 0
"введением" 0 0 0 0 0.0203915171288744 0 0 0.00581868963109508 0 0
"введении" 0 0 0 0 0.0101957585644372 0.0171732783788425 0 0 0 0
"введенскому" 0 0 0 0 0 0 0 0 0 0.0177043375627029
"ввести" 0 0 0 0 0.0101957585644372 0 0 0 0 0.0118028917084686
"вводит" 0 0 0.00662207800807894 0 0 0.00858663918942126 0 0.00581868963109508 0 0
"вводят" 0 0.00968523002421308 0 0 0 0.00858663918942126 0 0.00581868963109508 0 0
"вглубь" 0.00923361034164358 0 0 0 0 0 0.00634920634920635 0 0.00731743011854237 0
"вдаль" 0 0 0 0 0 0 0 0.0174560688932852 0 0
"ведут" 0 0 0 0.0103939299449122 0 0 0.00634920634920635 0.00581868963109508 0 0
"вектор" 0 0 0 0 0 0 0 0 0 0.0177043375627029
"велика" 0 0.00968523002421308 0 0 0 0.00858663918942126 0 0 0 0.00590144585423429
"великий" 0.00923361034164358 0 0.00662207800807894 0 0 0 0 0 0.00731743011854237 0
"великих" 0.00923361034164358 0 0 0 0 0.0171732783788425 0 0 0 0
"величин" 0 0 0 0 0 0 0 0 0.0146348602370847 0.00590144585423429
"величинами" 0 0 0 0 0 0 0 0 0.00731743011854237 0.0118028917084686
"вернее" 0.00923361034164358 0.00968523002421308 0.00662207800807894 0 0 0 0 0 0 0
"вернуть" 0 0 0 0 0 0.00858663918942126 0 0 0.0146348602370847 0
"вероятность" 0 0 0 0.0103939299449122 0.0101957585644372 0.00858663918942126 0 0 0 0
"вероятным" 0 0 0 0.0103939299449122 0 0.00858663918942126 0 0.00581868963109508 0 0
"вертикально" 0 0 0 0 0 0 0.0126984126984127 0.00581868963109508 0 0
"веру" 0.0184672206832872 0 0.00662207800807894 0 0 0 0 0 0 0
"вести" 0 0 0 0 0 0.00858663918942126 0.00634920634920635 0 0 0.00590144585423429
"вечного" 0.0277008310249307 0 0 0 0 0 0 0 0 0
"взаимная" 0.00923361034164358 0 0 0.0103939299449122 0.0101957585644372 0 0 0 0 0
"взаимоотношений" 0.0184672206832872 0.00968523002421308 0 0 0 0 0 0 0 0
"взгляда" 0.00923361034164358 0 0.00662207800807894 0 0 0 0.00634920634920635 0 0 0
"вздох" 0.0277008310249307 0 0 0 0 0 0 0 0 0
"взрослых" 0 0 0 0 0 0 0.0126984126984127 0.00581868963109508 0 0
"взял" 0 0 0 0 0.0203915171288744 0 0 0 0.00731743011854237 0
"видал" 0 0 0 0 0 0 0.0126984126984127 0.00581868963109508 0 0
"видали" 0 0 0.00662207800807894 0 0 0.00858663918942126 0.00634920634920635 0 0 0
"видениями" 0 0 0.0132441560161579 0 0 0 0.00634920634920635 0 0 0
"видимой" 0 0 0.00662207800807894 0.0103939299449122 0 0 0.00634920634920635 0 0 0
"видимых" 0.00923361034164358 0 0 0.0103939299449122 0.0101957585644372 0 0 0 0 0
"видную" 0 0.00968523002421308 0.0132441560161579 0 0 0 0 0 0 0
"видя" 0.00923361034164358 0 0 0.0103939299449122 0 0 0.00634920634920635 0 0 0
"висит" 0 0 0 0 0 0 0.019047619047619 0 0 0
"вихревое" 0 0 0 0 0 0 0 0 0 0.0177043375627029
"вкусовые" 0 0 0 0 0 0 0 0.0174560688932852 0 0
"влево" 0 0 0 0.0311817898347365 0 0 0 0 0 0
"вмешательства" 0 0 0.00662207800807894 0.0103939299449122 0.0101957585644372 0 0 0 0 0
"внезапное" 0 0 0.0132441560161579 0 0 0 0 0 0.00731743011854237 0
"вниманию" 0 0 0 0 0.0101957585644372 0 0 0.0116373792621902 0 0
"внимательно" 0.00923361034164358 0 0 0 0 0 0.00634920634920635 0.00581868963109508 0 0
"внушениям" 0 0 0.0198662340242368 0 0 0 0 0 0 0
"внушениями" 0 0 0.0198662340242368 0 0 0 0 0 0 0
"внушенной" 0 0 0.0198662340242368 0 0 0 0 0 0 0
"вовлекает" 0 0 0 0 0 0 0 0 0 0.0177043375627029
"воды" 0 0 0.00662207800807894 0 0 0 0 0.00581868963109508 0.00731743011854237 0
"возбудимому" 0 0 0 0 0.0101957585644372 0 0 0 0 0.0118028917084686
"возбудители" 0 0 0 0.0207878598898243 0 0 0 0 0.00731743011854237 0
"возбудителями" 0 0 0 0.0103939299449122 0 0 0 0.00581868963109508 0.00731743011854237 0
"возбуждает" 0 0 0 0 0 0.00858663918942126 0 0 0.00731743011854237 0.00590144585423429
"возбуждать" 0 0.00968523002421308 0 0 0 0 0 0 0.0146348602370847 0
"возбуждаться" 0 0 0 0 0 0 0.00634920634920635 0 0.00731743011854237 0.00590144585423429
"возбуждаются" 0 0 0 0 0.0101957585644372 0 0 0.0116373792621902 0 0
"возбуждающие" 0 0 0 0 0.0101957585644372 0 0 0 0.00731743011854237 0.00590144585423429
"возбужден" 0 0 0 0 0 0 0.0126984126984127 0 0.00731743011854237 0
"возбужденного" 0 0 0 0 0 0.0171732783788425 0.00634920634920635 0 0 0
"возврат" 0 0 0 0 0.0305872756933116 0 0 0 0 0
"воздухе" 0 0 0 0 0 0 0.019047619047619 0 0 0
"воззрений" 0.00923361034164358 0 0.00662207800807894 0 0 0 0 0.00581868963109508 0 0
"возможного" 0 0 0 0.0103939299449122 0 0.0171732783788425 0 0 0 0
"возможные" 0 0.0193704600484262 0.00662207800807894 0 0 0 0 0 0 0
"возникать" 0 0 0 0 0 0 0 0 0.0146348602370847 0.00590144585423429
"возникновение" 0 0 0 0 0 0 0 0 0.0219522903556271 0
"возражение" 0 0 0 0 0 0 0.00634920634920635 0 0.0146348602370847 0
"возражения" 0 0 0 0.0103939299449122 0 0 0.0126984126984127 0 0 0
"возраста" 0 0.0193704600484262 0 0 0 0.00858663918942126 0 0 0 0
"возрождения" 0 0.0193704600484262 0.00662207800807894 0 0 0 0 0 0 0
"волнами" 0 0 0 0 0 0 0 0 0.0146348602370847 0.00590144585423429
"волнения" 0 0 0.00662207800807894 0 0 0 0 0.00581868963109508 0.00731743011854237 0
"воспроизводиться" 0 0.00968523002421308 0 0 0 0 0.00634920634920635 0.00581868963109508 0 0
"восстает" 0.00923361034164358 0 0.00662207800807894 0 0 0.00858663918942126 0 0 0 0
"восстановления" 0 0 0 0 0 0.0171732783788425 0 0 0 0.00590144585423429
"восстановляться" 0 0 0 0 0 0 0 0 0.0219522903556271 0
"востока" 0.0184672206832872 0.00968523002421308 0 0 0 0 0 0 0 0
"восторг" 0 0 0.00662207800807894 0 0 0 0 0.0116373792621902 0 0
"впадает" 0 0 0 0 0.0101957585644372 0 0 0 0 0.0118028917084686
"впадать" 0 0 0 0 0 0 0 0 0 0.0177043375627029
"впадают" 0 0 0.0132441560161579 0 0 0.00858663918942126 0 0 0 0
"вплоть" 0 0 0 0 0 0 0 0 0.0146348602370847 0.00590144585423429
"вправе" 0 0.0193704600484262 0 0.0103939299449122 0 0 0 0 0 0
"вправо" 0 0 0 0.0311817898347365 0 0 0 0 0 0
"встречаемся" 0 0.00968523002421308 0.00662207800807894 0 0 0.00858663918942126 0 0 0 0
"встречаете" 0 0 0 0 0 0 0 0 0.0146348602370847 0.00590144585423429
"вторжение" 0 0 0.0198662340242368 0 0 0 0 0 0 0
"выводить" 0 0 0 0 0 0 0 0.0116373792621902 0.00731743011854237 0
"выводов" 0 0 0 0.0207878598898243 0 0.00858663918942126 0 0 0 0
"выдвигает" 0.00923361034164358 0.0193704600484262 0 0 0 0 0 0 0 0
"выделения" 0 0 0 0 0 0 0 0.0116373792621902 0.00731743011854237 0
"выделяется" 0 0 0 0 0 0.00858663918942126 0 0.0116373792621902 0 0
"выдыхание" 0 0 0 0 0 0 0 0 0 0.0177043375627029
"выдыхания" 0 0 0 0 0 0 0.00634920634920635 0.00581868963109508 0 0.00590144585423429
"вызван" 0 0 0 0 0.0101957585644372 0 0 0.00581868963109508 0.00731743011854237 0
"вызовут" 0.00923361034164358 0 0 0 0 0 0 0 0.00731743011854237 0.00590144585423429
"вызывали" 0 0 0 0.0207878598898243 0 0 0 0 0.00731743011854237 0
"вызываться" 0 0 0 0 0 0 0 0 0.0219522903556271 0
"вып" 0.0277008310249307 0 0 0 0 0 0 0 0 0
"выполнение" 0.00923361034164358 0 0.00662207800807894 0 0 0 0 0 0.00731743011854237 0
"выполняет" 0.00923361034164358 0 0.0132441560161579 0 0 0 0 0 0 0
"выработан" 0 0 0 0.0103939299449122 0.0101957585644372 0 0 0 0 0.00590144585423429
"выработанного" 0 0 0 0.0103939299449122 0.0101957585644372 0 0 0 0.00731743011854237 0
"выработка" 0 0 0 0 0 0.0171732783788425 0 0 0 0.00590144585423429
"выработке" 0 0 0.0132441560161579 0 0 0.00858663918942126 0 0 0 0
"выражающееся" 0 0 0.00662207800807894 0 0.0101957585644372 0 0.00634920634920635 0 0 0
"выражении" 0 0 0 0 0 0 0.00634920634920635 0.00581868963109508 0 0.00590144585423429
"выраженный" 0 0 0 0 0 0 0 0.00581868963109508 0 0.0118028917084686
"выражены" 0.00923361034164358 0 0 0 0 0 0.00634920634920635 0 0 0.00590144585423429
"выразительный" 0 0 0 0 0 0 0 0 0.0146348602370847 0.00590144585423429
"высказал" 0 0 0 0 0 0 0.00634920634920635 0 0 0.0118028917084686
"высоких" 0 0 0 0 0 0.00858663918942126 0 0.00581868963109508 0.00731743011854237 0
"высокое" 0.0184672206832872 0 0 0 0 0.00858663918942126 0 0 0 0
"выступать" 0 0 0 0 0 0.00858663918942126 0 0.0116373792621902 0 0
"высшую" 0.00923361034164358 0 0 0 0 0 0 0 0 0.0118028917084686
"вытекающим" 0 0 0 0 0 0 0.0126984126984127 0.00581868963109508 0 0
"выучиться" 0 0 0 0 0 0 0.00634920634920635 0.0116373792621902 0 0
"вышесказанного" 0 0.00968523002421308 0 0 0.0101957585644372 0 0 0 0.00731743011854237 0
"выявление" 0 0 0 0 0 0.00858663918942126 0 0 0 0.0118028917084686
"выяснение" 0 0 0 0 0 0.00858663918942126 0 0.0116373792621902 0 0
"выяснились" 0 0 0 0 0 0 0 0.0174560688932852 0 0
"выясниться" 0 0 0 0 0 0 0 0.0174560688932852 0 0
"выясняются" 0 0 0 0 0 0 0 0.0174560688932852 0 0
"ганглиев" 0 0 0 0 0 0 0 0 0.0219522903556271 0
"ганглиях" 0 0 0 0 0 0 0 0 0.0219522903556271 0
"гебефреник" 0 0 0 0 0 0 0 0 0 0.0177043375627029
"гельмгольца" 0.00923361034164358 0 0 0 0 0 0 0.0116373792621902 0 0
"гения" 0.00923361034164358 0.00968523002421308 0 0 0 0 0 0 0 0.00590144585423429
"героев" 0.0184672206832872 0 0 0 0 0 0 0.00581868963109508 0 0
"герой" 0.00923361034164358 0 0.00662207800807894 0 0 0 0.00634920634920635 0 0 0
"гибнут" 0.0184672206832872 0.00968523002421308 0 0 0 0 0 0 0 0
"гипнозом" 0 0 0.0132441560161579 0 0.0101957585644372 0 0 0 0 0
"гипотезы" 0 0 0 0 0 0 0.00634920634920635 0.00581868963109508 0 0.00590144585423429
"гиппократа" 0 0 0 0 0 0.0257599175682638 0 0 0 0
"гиппократу" 0 0 0 0 0.0305872756933116 0 0 0 0 0
"главнейшего" 0 0 0 0.0207878598898243 0 0.00858663918942126 0 0 0 0
"главнейший" 0 0 0 0.0103939299449122 0 0 0 0.0116373792621902 0 0
"главного" 0 0 0.0132441560161579 0 0 0 0 0.00581868963109508 0 0
"главный" 0 0 0 0 0 0.00858663918942126 0.0126984126984127 0 0 0
"главу" 0 0 0 0 0.0101957585644372 0 0 0 0.0146348602370847 0
"глазного" 0 0 0 0 0.0203915171288744 0 0 0.00581868963109508 0 0
"глотании" 0 0 0 0 0 0 0 0 0.00731743011854237 0.0118028917084686
"глубина" 0 0 0 0 0.0101957585644372 0 0 0.00581868963109508 0 0.00590144585423429
"глубиною" 0 0 0.0198662340242368 0 0 0 0 0 0 0
"глубоком" 0 0 0.0132441560161579 0 0 0.00858663918942126 0 0 0 0
"гнет" 0 0.0290556900726392 0 0 0 0 0 0 0 0
"году" 0 0 0.0198662340242368 0 0 0 0 0 0 0
"голод" 0 0.00968523002421308 0 0 0 0 0 0.0116373792621902 0 0
"горизонте" 0 0.00968523002421308 0.00662207800807894 0.0103939299449122 0 0 0 0 0 0
"горячечном" 0 0 0 0 0 0 0.019047619047619 0 0 0
"господа" 0 0 0 0 0 0.00858663918942126 0.0126984126984127 0 0 0
"господствует" 0.00923361034164358 0 0.00662207800807894 0 0.0101957585644372 0 0 0 0 0
"господствующего" 0 0 0 0 0 0 0 0 0.0146348602370847 0.00590144585423429
"господствующее" 0 0 0 0 0 0 0 0 0.0146348602370847 0.00590144585423429
"господствующие" 0 0 0.0198662340242368 0 0 0 0 0 0 0
"готовы" 0 0 0.00662207800807894 0 0 0 0.00634920634920635 0 0 0.00590144585423429
"готовый" 0 0.00968523002421308 0 0 0 0 0 0 0.00731743011854237 0.00590144585423429
"готовых" 0 0.0193704600484262 0 0 0 0.00858663918942126 0 0 0 0
"границы" 0 0.00968523002421308 0 0 0 0.00858663918942126 0 0 0.00731743011854237 0
"греции" 0.00923361034164358 0.00968523002421308 0.00662207800807894 0 0 0 0 0 0 0
"громадное" 0 0 0 0 0 0 0 0 0 0.0177043375627029
"грубо" 0 0 0 0.0207878598898243 0 0.00858663918942126 0 0 0 0
"грубых" 0 0.00968523002421308 0.00662207800807894 0.0103939299449122 0 0 0 0 0 0
"группах" 0 0.00968523002421308 0 0 0.0101957585644372 0 0.00634920634920635 0 0 0
"группе" 0 0 0.00662207800807894 0 0.0101957585644372 0 0 0 0.00731743011854237 0
"грядущих" 0.0184672206832872 0.00968523002421308 0 0 0 0 0 0 0 0
"давали" 0 0 0.00662207800807894 0 0.0101957585644372 0.00858663918942126 0 0 0 0
"давление" 0 0 0 0 0 0.0257599175682638 0 0 0 0
"давным" 0 0.00968523002421308 0 0 0 0 0 0.0116373792621902 0 0
"дальнейших" 0 0 0 0.0103939299449122 0 0 0.00634920634920635 0.00581868963109508 0 0
"дар" 0.00923361034164358 0.00968523002421308 0.00662207800807894 0 0 0 0 0 0 0
"даром" 0 0.00968523002421308 0 0.0103939299449122 0 0 0 0 0 0.00590144585423429
"даются" 0 0 0 0 0 0 0 0.0116373792621902 0 0.00590144585423429
"двери" 0 0 0.00662207800807894 0.0103939299449122 0 0 0 0.00581868963109508 0 0
"дверь" 0 0 0.00662207800807894 0.0207878598898243 0 0 0 0 0 0
"двигательное" 0 0 0 0.0103939299449122 0 0 0.00634920634920635 0 0.00731743011854237 0
"двигательном" 0 0 0 0 0.0101957585644372 0 0 0 0 0.0118028917084686
"двигать" 0 0 0 0.0103939299449122 0 0 0 0.0116373792621902 0 0
"двигаются" 0 0 0.00662207800807894 0.0103939299449122 0 0 0.00634920634920635 0 0 0
"действительными" 0.00923361034164358 0 0.00662207800807894 0 0 0.00858663918942126 0 0 0 0
"действовавших" 0 0 0 0 0 0 0 0.0116373792621902 0.00731743011854237 0
"действующим" 0 0 0 0 0 0 0.00634920634920635 0.0116373792621902 0 0
"делаем" 0 0 0 0 0.0101957585644372 0 0.00634920634920635 0 0.00731743011854237 0
"делал" 0 0 0 0.0103939299449122 0 0 0 0.0116373792621902 0 0
"делали" 0 0 0.00662207800807894 0.0103939299449122 0 0.00858663918942126 0 0 0 0
"делались" 0 0 0.00662207800807894 0 0 0.0171732783788425 0 0 0 0
"делаться" 0 0 0 0 0 0 0.0126984126984127 0.00581868963109508 0 0
"делаю" 0 0 0 0 0 0 0 0.0116373792621902 0 0.00590144585423429
"десятки" 0 0 0 0 0 0.00858663918942126 0.00634920634920635 0.00581868963109508 0 0
"деталей" 0 0 0 0 0 0 0 0 0 0.0177043375627029
"детальной" 0 0 0 0.0311817898347365 0 0 0 0 0 0
"детерминизации" 0 0 0 0.0311817898347365 0 0 0 0 0 0
"детском" 0 0.00968523002421308 0 0 0 0 0.00634920634920635 0.00581868963109508 0 0
"детства" 0 0 0.00662207800807894 0 0 0 0 0.0116373792621902 0 0
"детстве" 0 0 0 0 0 0 0.0126984126984127 0.00581868963109508 0 0
"деятелей" 0 0.0193704600484262 0 0 0.0101957585644372 0 0 0 0 0
"деятель" 0.0184672206832872 0 0 0 0 0 0 0 0 0.00590144585423429
"деятельное" 0 0 0 0 0 0 0.0126984126984127 0 0 0.00590144585423429
"деятельной" 0 0 0 0 0.0101957585644372 0 0 0.00581868963109508 0.00731743011854237 0
"деятельностей" 0 0 0 0.0103939299449122 0.0101957585644372 0 0 0.00581868963109508 0 0
"динамикой" 0 0 0 0.0311817898347365 0 0 0 0 0 0
"дисциплины" 0 0.00968523002421308 0 0 0 0 0 0 0.00731743011854237 0.00590144585423429
"дифференциальные" 0 0 0 0 0 0 0 0 0.0219522903556271 0
"диффузно" 0 0 0 0 0 0 0 0 0.00731743011854237 0.0118028917084686
"дне" 0 0 0.00662207800807894 0 0 0.00858663918942126 0.00634920634920635 0 0 0
"добавочного" 0 0 0 0.0103939299449122 0 0 0 0 0 0.0118028917084686
"доказательств" 0 0 0.00662207800807894 0 0 0 0.00634920634920635 0 0 0.00590144585423429
"докладе" 0 0 0 0 0 0 0 0 0.0146348602370847 0.00590144585423429
"долга" 0.0277008310249307 0 0 0 0 0 0 0 0 0
"долгого" 0 0.0193704600484262 0 0 0 0 0 0.00581868963109508 0 0
"доминантным" 0 0 0 0 0 0 0 0 0.00731743011854237 0.0118028917084686
"доминирующего" 0 0 0 0 0 0 0 0 0 0.0177043375627029
"доминирующий" 0 0 0 0 0 0 0 0 0.00731743011854237 0.0118028917084686
"дон" 0.0184672206832872 0 0 0 0 0 0 0.00581868963109508 0 0
"дополнительных" 0 0 0 0 0 0 0 0 0.0146348602370847 0.00590144585423429
"допускают" 0 0.00968523002421308 0.00662207800807894 0 0 0 0 0 0.00731743011854237 0
"допустили" 0 0 0 0 0.0101957585644372 0 0.00634920634920635 0 0 0.00590144585423429
"достаточный" 0 0 0 0 0 0.0171732783788425 0 0 0.00731743011854237 0
"достигла" 0 0.0290556900726392 0 0 0 0 0 0 0 0
"достижения" 0 0 0 0 0 0 0 0 0 0.0177043375627029
"доступны" 0 0.00968523002421308 0 0.0103939299449122 0 0 0 0 0.00731743011854237 0
"дошло" 0 0 0 0 0 0.00858663918942126 0 0.00581868963109508 0 0.00590144585423429
"древние" 0.00923361034164358 0.00968523002421308 0 0 0 0 0 0 0.00731743011854237 0
"древних" 0 0.00968523002421308 0 0 0 0 0 0 0 0.0118028917084686
"дремотное" 0 0 0 0.0311817898347365 0 0 0 0 0 0
"дробит" 0 0 0 0.0103939299449122 0 0.00858663918942126 0 0 0 0.00590144585423429
"дробление" 0 0 0 0 0.0101957585644372 0 0 0.0116373792621902 0 0
"другою" 0 0 0 0 0 0 0.00634920634920635 0.00581868963109508 0.00731743011854237 0
"думают" 0 0 0 0 0 0 0.00634920634920635 0.0116373792621902 0 0
"духовном" 0.0184672206832872 0 0 0 0 0.00858663918942126 0 0 0 0
"душ" 0.0277008310249307 0 0 0 0 0 0 0 0 0
"душевная" 0 0 0 0 0 0.00858663918942126 0 0 0.0146348602370847 0
"душевную" 0 0 0.00662207800807894 0 0 0.0171732783788425 0 0 0 0
"дыхательном" 0 0 0 0 0 0 0 0 0 0.0177043375627029
"европейских" 0 0.0193704600484262 0.00662207800807894 0 0 0 0 0 0 0
"единиц" 0.00923361034164358 0.00968523002421308 0 0.0103939299449122 0 0 0 0 0 0
"единства" 0 0.0193704600484262 0.00662207800807894 0 0 0 0 0 0 0
"единственное" 0 0 0 0 0 0.00858663918942126 0.00634920634920635 0 0.00731743011854237 0
"ела" 0 0 0 0.0103939299449122 0 0.0171732783788425 0 0 0 0
"естественнонаучными" 0 0 0 0 0.0203915171288744 0.00858663918942126 0 0 0 0
"естественные" 0 0.0290556900726392 0 0 0 0 0 0 0 0
"жадно" 0 0 0 0 0 0.00858663918942126 0 0.00581868963109508 0.00731743011854237 0
"жажда" 0 0.00968523002421308 0 0 0 0 0 0.0116373792621902 0 0
"жажды" 0 0 0 0 0 0 0 0.0174560688932852 0 0
"ждать" 0 0.00968523002421308 0 0 0.0101957585644372 0 0 0 0 0.00590144585423429
"ждет" 0 0 0 0 0 0 0 0 0.00731743011854237 0.0118028917084686
"женщин" 0 0 0.0132441560161579 0 0 0 0 0.00581868963109508 0 0
"жертвой" 0.0184672206832872 0 0.00662207800807894 0 0 0 0 0 0 0
"жестах" 0.0277008310249307 0 0 0 0 0 0 0 0 0
"жестов" 0.00923361034164358 0 0.0132441560161579 0 0 0 0 0 0 0
"живущими" 0 0 0.0132441560161579 0 0 0 0 0.00581868963109508 0 0
"живые" 0.00923361034164358 0 0 0 0 0 0 0 0.00731743011854237 0.00590144585423429
"жизнедеятельности" 0.00923361034164358 0 0 0 0 0 0 0 0.00731743011854237 0.00590144585423429
"заболевание" 0 0 0 0 0.0203915171288744 0.00858663918942126 0 0 0 0
"забывает" 0.00923361034164358 0 0 0 0 0 0 0.0116373792621902 0 0
"зависимостей" 0 0 0 0 0 0 0 0 0 0.0177043375627029
"задаче" 0 0 0 0.0207878598898243 0 0.00858663918942126 0 0 0 0
"задержание" 0 0 0 0 0 0 0 0.0174560688932852 0 0
"задержания" 0 0 0 0 0 0 0 0.0174560688932852 0 0
"задерживается" 0 0 0 0 0 0 0 0.0174560688932852 0 0
"задние" 0 0 0 0 0 0 0.019047619047619 0 0 0
"задних" 0 0 0 0 0 0 0.019047619047619 0 0 0
"заднюю" 0 0 0 0 0 0 0.0126984126984127 0 0.00731743011854237 0
"заключаться" 0.00923361034164358 0 0 0 0 0 0.00634920634920635 0.00581868963109508 0 0
"заключению" 0 0 0.00662207800807894 0.0207878598898243 0 0 0 0 0 0
"заметим" 0.00923361034164358 0.00968523002421308 0.00662207800807894 0 0 0 0 0 0 0
"замкнутое" 0.00923361034164358 0 0 0 0 0 0 0 0 0.0118028917084686
"занимают" 0 0 0 0 0 0.00858663918942126 0.00634920634920635 0 0.00731743011854237 0
"занято" 0 0 0.0132441560161579 0 0 0 0 0 0 0.00590144585423429
"запаздывающий" 0 0 0 0.0103939299449122 0.0101957585644372 0.00858663918942126 0 0 0 0
"запахи" 0 0 0 0 0.0203915171288744 0 0 0.00581868963109508 0 0
"запахов" 0 0 0 0 0 0.00858663918942126 0.0126984126984127 0 0 0
"записке" 0 0.0290556900726392 0 0 0 0 0 0 0 0
"зареагирует" 0 0 0 0 0 0 0 0 0 0.0177043375627029
"зародыш" 0 0.0290556900726392 0 0 0 0 0 0 0 0
"зарядов" 0.00923361034164358 0 0 0 0 0 0 0 0 0.0118028917084686
"заставить" 0 0 0 0 0 0 0.019047619047619 0 0 0
"заторможенными" 0 0 0 0.0103939299449122 0 0 0 0 0.0146348602370847 0
"заторможены" 0 0 0 0 0.0101957585644372 0.00858663918942126 0 0 0 0.00590144585423429
"затылочной" 0 0 0 0.0311817898347365 0 0 0 0 0 0
"заученного" 0 0 0 0 0 0 0.00634920634920635 0.0116373792621902 0 0
"зафиксированный" 0 0 0 0 0 0 0 0 0.0146348602370847 0.00590144585423429
"захочет" 0 0 0 0 0 0 0 0.0174560688932852 0 0
"зачатия" 0 0.0290556900726392 0 0 0 0 0 0 0 0
"заявить" 0 0 0 0.0103939299449122 0 0 0 0 0.00731743011854237 0.00590144585423429
"заявлений" 0 0 0.0132441560161579 0.0103939299449122 0 0 0 0 0 0
"звеньев" 0.00923361034164358 0 0 0 0 0 0 0 0.00731743011854237 0.00590144585423429
"звонок" 0 0 0 0.0207878598898243 0.0101957585644372 0 0 0 0 0
"звуками" 0 0 0 0 0 0.00858663918942126 0 0.0116373792621902 0 0
"звуковые" 0 0 0 0 0 0.0171732783788425 0 0.00581868963109508 0 0
"здоровых" 0 0.00968523002421308 0.00662207800807894 0 0 0.00858663918942126 0 0 0 0
"здоровья" 0 0.0290556900726392 0 0 0 0 0 0 0 0
"здравой" 0 0.00968523002421308 0.0132441560161579 0 0 0 0 0 0 0
"зеленого" 0 0 0 0 0 0 0 0.0174560688932852 0 0
"зеленый" 0 0 0 0 0 0 0 0.0174560688932852 0 0
"земной" 0.0184672206832872 0 0 0.0103939299449122 0 0 0 0 0 0
"значительного" 0 0 0.00662207800807894 0.0103939299449122 0.0101957585644372 0 0 0 0 0
"значительные" 0 0 0.00662207800807894 0 0 0.0171732783788425 0 0 0 0
"зрении" 0 0 0 0.0103939299449122 0 0 0.00634920634920635 0.00581868963109508 0 0
"зрительная" 0 0 0 0 0 0 0.00634920634920635 0.0116373792621902 0 0
"зрительном" 0 0 0 0 0 0 0 0.0174560688932852 0 0
"игрушки" 0 0 0 0 0 0 0.00634920634920635 0.0116373792621902 0 0
"идеей" 0.00923361034164358 0 0 0 0 0.00858663918942126 0 0 0 0.00590144585423429
"избежать" 0 0 0 0 0.0101957585644372 0 0.0126984126984127 0 0 0
"известна" 0 0 0.0132441560161579 0 0 0 0.00634920634920635 0 0 0
"издалека" 0 0 0.00662207800807894 0 0 0 0 0.0116373792621902 0 0
"изложения" 0 0 0.00662207800807894 0 0.0101957585644372 0.00858663918942126 0 0 0 0
"изложенного" 0 0 0 0 0.0101957585644372 0 0 0 0.00731743011854237 0.00590144585423429
"изложенное" 0 0 0 0 0.0101957585644372 0 0 0 0.00731743011854237 0.00590144585423429
"изложенные" 0.0184672206832872 0 0 0 0 0 0 0 0 0.00590144585423429
"изменяются" 0 0 0 0 0 0 0 0 0.0146348602370847 0.00590144585423429
"изменяя" 0 0 0 0 0.0101957585644372 0.00858663918942126 0 0 0 0.00590144585423429
"изо" 0 0.00968523002421308 0.00662207800807894 0.0103939299449122 0 0 0 0 0 0
"изображение" 0 0 0 0 0 0 0.00634920634920635 0.0116373792621902 0 0
"изолированном" 0 0 0 0 0 0.00858663918942126 0 0 0 0.0118028917084686
"изумление" 0 0 0.00662207800807894 0 0.0101957585644372 0.00858663918942126 0 0 0 0
"изучаем" 0 0 0 0.0207878598898243 0 0 0 0 0 0.00590144585423429
"изучает" 0 0.00968523002421308 0 0 0.0203915171288744 0 0 0 0 0
"изучить" 0 0 0.00662207800807894 0.0103939299449122 0 0 0 0 0.00731743011854237 0
"икскюлля" 0 0 0 0 0 0 0 0 0 0.0177043375627029
"иллюзия" 0 0 0.0132441560161579 0.0103939299449122 0 0 0 0 0 0
"имелось" 0 0 0.0132441560161579 0 0 0.00858663918942126 0 0 0 0
"именами" 0 0 0 0 0 0 0.00634920634920635 0.00581868963109508 0.00731743011854237 0
"индивид" 0.00923361034164358 0.0193704600484262 0 0 0 0 0 0 0 0
"индивидуальности" 0.0184672206832872 0 0 0 0 0 0 0.00581868963109508 0 0
"индивидуальным" 0.0184672206832872 0.00968523002421308 0 0 0 0 0 0 0 0
"индифферентное" 0 0 0 0 0.0101957585644372 0.00858663918942126 0 0 0.00731743011854237 0
"инстинктами" 0 0 0 0 0.0101957585644372 0 0.00634920634920635 0 0 0.00590144585423429
"инстинктах" 0 0 0 0 0.0101957585644372 0 0 0 0 0.0118028917084686
"интегральный" 0 0 0 0 0 0 0 0 0.0219522903556271 0
"интенсивность" 0 0 0 0.0207878598898243 0.0101957585644372 0 0 0 0 0
"интервала" 0 0 0 0.0207878598898243 0 0 0 0 0.00731743011854237 0
"интересен" 0 0 0 0.0103939299449122 0 0.00858663918942126 0 0 0 0.00590144585423429
"интересный" 0 0 0 0.0103939299449122 0 0 0 0.00581868963109508 0 0.00590144585423429
"интересных" 0 0 0.00662207800807894 0 0 0.00858663918942126 0 0 0 0.00590144585423429
"иным" 0.00923361034164358 0 0 0 0 0 0 0 0.00731743011854237 0.00590144585423429
"искание" 0 0 0 0 0 0 0 0 0.0219522903556271 0
"исключением" 0 0 0.00662207800807894 0 0 0 0.0126984126984127 0 0 0
"искусственные" 0 0.00968523002421308 0.00662207800807894 0 0 0.00858663918942126 0 0 0 0
"искусству" 0 0 0 0 0 0 0.019047619047619 0 0 0
"испуге" 0 0 0 0 0 0 0.019047619047619 0 0 0
"испытания" 0 0 0.00662207800807894 0 0 0.0171732783788425 0 0 0 0
"испытывает" 0.00923361034164358 0 0 0 0 0 0 0.00581868963109508 0.00731743011854237 0
"исследованиям" 0 0 0 0 0.0101957585644372 0 0.00634920634920635 0 0.00731743011854237 0
"исследователь" 0 0 0 0 0.0305872756933116 0 0 0 0 0
"исследователями" 0 0 0.00662207800807894 0.0103939299449122 0.0101957585644372 0 0 0 0 0
"истериозису" 0 0 0 0 0 0 0 0 0.0219522903556271 0
"истерического" 0 0 0.0198662340242368 0 0 0 0 0 0 0
"истину" 0.0184672206832872 0 0 0 0 0 0.00634920634920635 0 0 0
"историк" 0 0 0.00662207800807894 0 0 0 0 0 0.0146348602370847 0
"исторической" 0.00923361034164358 0.0193704600484262 0 0 0 0 0 0 0 0
"источников" 0 0 0 0 0 0.00858663918942126 0 0 0.0146348602370847 0
"исходной" 0 0 0 0 0 0 0.00634920634920635 0 0.00731743011854237 0.00590144585423429
"исчез" 0 0 0.00662207800807894 0.0103939299449122 0 0.00858663918942126 0 0 0 0
"исчезла" 0 0 0.00662207800807894 0 0 0.00858663918942126 0 0.00581868963109508 0 0
"исчезли" 0 0 0.0132441560161579 0 0 0 0 0 0.00731743011854237 0
"казалась" 0 0 0.00662207800807894 0 0 0.00858663918942126 0.00634920634920635 0 0 0
"каково" 0 0 0.00662207800807894 0 0 0.00858663918942126 0 0 0.00731743011854237 0
"каковы" 0 0 0 0 0 0 0 0 0 0.0177043375627029
"какому" 0 0 0 0 0 0.00858663918942126 0.00634920634920635 0 0 0.00590144585423429
"камеру" 0 0 0 0 0 0.0257599175682638 0 0 0 0
"кант" 0.00923361034164358 0 0 0 0 0 0 0 0.0146348602370847 0
"канта" 0 0 0 0 0 0 0 0 0.00731743011854237 0.0118028917084686
"карла" 0 0.00968523002421308 0 0 0 0 0 0 0 0.0118028917084686
"картинах" 0 0 0 0 0.0101957585644372 0 0.0126984126984127 0 0 0
"карточку" 0 0 0.0198662340242368 0 0 0 0 0 0 0
"кастрации" 0 0 0 0 0 0 0 0 0.0219522903556271 0
"категорию" 0 0 0 0 0 0.00858663918942126 0.0126984126984127 0 0 0
"качеств" 0 0.0193704600484262 0 0 0.0101957585644372 0 0 0 0 0
"качествами" 0 0.0193704600484262 0 0 0 0 0 0 0.00731743011854237 0
"качество" 0 0 0 0 0 0.00858663918942126 0 0 0.0146348602370847 0
"кашля" 0 0 0 0 0 0 0.019047619047619 0 0 0
"кем" 0 0 0.00662207800807894 0.0103939299449122 0 0 0 0 0.00731743011854237 0
"кисть" 0 0 0 0 0 0 0.0126984126984127 0.00581868963109508 0 0
"кишки" 0 0 0 0 0 0 0.0126984126984127 0 0 0.00590144585423429
"кишку" 0 0 0 0 0 0 0 0 0 0.0177043375627029
"клавиши" 0 0 0 0 0 0 0 0.0174560688932852 0 0
"кладется" 0 0 0 0.0103939299449122 0 0 0.00634920634920635 0.00581868963109508 0 0
"класса" 0 0 0.00662207800807894 0 0 0 0 0.0116373792621902 0 0
"клетками" 0 0 0 0.0103939299449122 0.0101957585644372 0 0.00634920634920635 0 0 0
"клетку" 0 0 0 0.0103939299449122 0 0.00858663918942126 0.00634920634920635 0 0 0
"климат" 0 0.0290556900726392 0 0 0 0 0 0 0 0
"ключ" 0 0 0 0 0.0101957585644372 0 0.00634920634920635 0 0 0.00590144585423429
"князя" 0 0 0 0 0 0 0 0 0.0219522903556271 0
"кожное" 0 0 0 0.0207878598898243 0 0 0.00634920634920635 0 0 0
"кожные" 0 0 0 0 0 0 0.0126984126984127 0 0.00731743011854237 0
"колдовства" 0 0 0.0198662340242368 0 0 0 0 0 0 0
"колдуньи" 0 0 0.0198662340242368 0 0 0 0 0 0 0
"колебался" 0 0 0 0 0 0.0257599175682638 0 0 0 0
"колебаниях" 0 0 0 0 0.0101957585644372 0 0.00634920634920635 0 0 0.00590144585423429
"колеблется" 0 0 0 0.0103939299449122 0 0.00858663918942126 0 0 0.00731743011854237 0
"комплексов" 0 0 0 0 0 0.0171732783788425 0 0 0.00731743011854237 0
"конструкцией" 0 0 0 0.0311817898347365 0 0 0 0 0 0
"конструкцию" 0 0 0 0.0311817898347365 0 0 0 0 0 0
"контактно" 0 0 0 0 0 0 0 0 0.0219522903556271 0
"контактным" 0 0 0 0 0 0 0 0 0.0219522903556271 0
"контрактуры" 0 0 0.0198662340242368 0 0 0 0 0 0 0
"концами" 0 0 0 0 0 0 0.00634920634920635 0.0116373792621902 0 0
"координирующих" 0 0 0 0 0 0 0 0 0.0219522903556271 0
"корвета" 0 0 0.0198662340242368 0 0 0 0 0 0 0
"корковое" 0 0 0 0 0.0101957585644372 0.0171732783788425 0 0 0 0
"король" 0.0184672206832872 0 0.00662207800807894 0 0 0 0 0 0 0
"короткое" 0 0 0 0.0103939299449122 0 0.00858663918942126 0 0.00581868963109508 0 0
"кортикальная" 0 0 0 0 0 0 0 0 0.0146348602370847 0.00590144585423429
"кортикальной" 0 0 0 0 0 0 0 0 0.00731743011854237 0.0118028917084686
"кортикальные" 0 0 0 0 0 0 0 0 0.0146348602370847 0.00590144585423429
"кото" 0 0 0 0 0 0 0.00634920634920635 0 0 0.0118028917084686
"кофеина" 0 0 0 0 0.0101957585644372 0.0171732783788425 0 0 0 0
"краевых" 0 0 0 0 0 0 0 0 0 0.0177043375627029
"крайнего" 0 0.00968523002421308 0 0 0 0.00858663918942126 0.00634920634920635 0 0 0
"крайние" 0 0 0 0 0.0101957585644372 0.00858663918942126 0 0.00581868963109508 0 0
"красного" 0 0 0 0 0 0 0 0.0174560688932852 0 0
"краткости" 0 0 0 0 0 0 0.00634920634920635 0.00581868963109508 0.00731743011854237 0
"крейсера" 0 0 0.0198662340242368 0 0 0 0 0 0 0
"крики" 0 0 0.0132441560161579 0 0 0 0 0.00581868963109508 0 0
"критика" 0 0.00968523002421308 0 0 0 0 0.00634920634920635 0 0 0.00590144585423429
"критику" 0 0 0.00662207800807894 0 0 0 0.00634920634920635 0 0.00731743011854237 0
"крови" 0.0184672206832872 0 0.00662207800807894 0 0 0 0 0 0 0
"кроется" 0 0 0 0 0 0 0 0 0.00731743011854237 0.0118028917084686
"крысы" 0 0 0 0.0311817898347365 0 0 0 0 0 0
"кулак" 0 0 0.0132441560161579 0 0 0 0 0.00581868963109508 0 0
"кусок" 0 0 0 0.0103939299449122 0 0 0.0126984126984127 0 0 0
"лабильностью" 0 0 0 0 0 0 0 0 0 0.0177043375627029
"лабиринтной" 0 0 0 0.0311817898347365 0 0 0 0 0 0
"лагерь" 0 0 0.0198662340242368 0 0 0 0 0 0 0
"лапой" 0 0 0 0 0 0 0.00634920634920635 0.00581868963109508 0.00731743011854237 0
"лапу" 0 0 0 0.0311817898347365 0 0 0 0 0 0
"легкая" 0 0 0 0.0103939299449122 0.0101957585644372 0 0 0 0 0.00590144585423429
"лежа" 0.00923361034164358 0 0 0 0 0 0 0.0116373792621902 0 0
"лежащей" 0 0 0 0 0 0 0.019047619047619 0 0 0
"лежащий" 0 0 0 0 0 0 0.019047619047619 0 0 0
"лечение" 0 0 0.0198662340242368 0 0 0 0 0 0 0
"лик" 0 0 0.0198662340242368 0 0 0 0 0 0 0
"литературу" 0 0 0 0.0207878598898243 0 0 0.00634920634920635 0 0 0
"литературы" 0 0 0 0 0 0 0 0 0.00731743011854237 0.0118028917084686
"лицом" 0 0 0.00662207800807894 0 0 0 0.0126984126984127 0 0 0
"личным" 0 0.00968523002421308 0.0132441560161579 0 0 0 0 0 0 0
"личных" 0.00923361034164358 0.00968523002421308 0 0 0 0 0.00634920634920635 0 0 0
"лишено" 0 0.00968523002421308 0 0 0.0101957585644372 0.00858663918942126 0 0 0 0
"логике" 0 0 0.0198662340242368 0 0 0 0 0 0 0
"логики" 0 0 0.0132441560161579 0 0 0 0 0 0.00731743011854237 0
"логический" 0 0 0.00662207800807894 0 0 0 0 0 0 0.0118028917084686
"логического" 0 0 0.0198662340242368 0 0 0 0 0 0 0
"локомоторного" 0 0 0 0 0 0 0 0 0 0.0177043375627029
"локомоцию" 0 0 0 0 0 0 0 0 0.0219522903556271 0
"лучшего" 0.0277008310249307 0 0 0 0 0 0 0 0 0
"лучшее" 0.00923361034164358 0.00968523002421308 0 0 0 0 0 0.00581868963109508 0 0
"лучшим" 0 0.0193704600484262 0.00662207800807894 0 0 0 0 0 0 0
"людской" 0.00923361034164358 0 0 0 0 0.0171732783788425 0 0 0 0
"магическую" 0 0 0.0198662340242368 0 0 0 0 0 0 0
"магнуса" 0 0 0 0.0103939299449122 0 0 0 0 0.00731743011854237 0.00590144585423429
"малейшее" 0.00923361034164358 0 0 0 0 0 0 0 0 0.0118028917084686
"малейшем" 0 0 0.00662207800807894 0 0 0 0 0.0116373792621902 0 0
"малейший" 0 0 0.00662207800807894 0 0 0 0 0.00581868963109508 0 0.00590144585423429
"маленькие" 0 0 0 0 0 0.00858663918942126 0.00634920634920635 0.00581868963109508 0 0
"мальчик" 0 0 0.0132441560161579 0 0 0 0 0.00581868963109508 0 0
"маньяков" 0 0 0 0 0 0 0.019047619047619 0 0 0
"маскирует" 0 0 0 0 0 0.00858663918942126 0.0126984126984127 0 0 0
"массовая" 0 0 0.0198662340242368 0 0 0 0 0 0 0
"массовой" 0 0 0.0198662340242368 0 0 0 0 0 0 0
"материального" 0.0277008310249307 0 0 0 0 0 0 0 0 0
"материальные" 0.0277008310249307 0 0 0 0 0 0 0 0 0
"машинообразно" 0 0 0 0 0 0 0.0126984126984127 0.00581868963109508 0 0
"машинообразность" 0 0 0 0 0 0 0.019047619047619 0 0 0
"медарское" 0 0 0.0198662340242368 0 0 0 0 0 0 0
"меди" 0 0 0 0 0 0 0 0 0 0.0177043375627029
"межцентральные" 0 0 0 0 0 0 0 0 0 0.0177043375627029
"мельчайшей" 0 0 0 0.0103939299449122 0.0203915171288744 0 0 0 0 0
"меньшем" 0 0 0 0 0 0.00858663918942126 0.00634920634920635 0 0 0.00590144585423429
"меняется" 0 0 0 0.0103939299449122 0.0101957585644372 0 0 0.00581868963109508 0 0
"мер" 0 0.00968523002421308 0.00662207800807894 0 0 0 0 0 0.00731743011854237 0
"мерами" 0 0.0193704600484262 0 0 0.0101957585644372 0 0 0 0 0
"местное" 0 0 0 0 0 0 0 0 0.0146348602370847 0.00590144585423429
"местной" 0 0 0 0 0 0 0 0 0.0146348602370847 0.00590144585423429
"местный" 0 0 0 0 0 0 0 0 0.0146348602370847 0.00590144585423429
"местным" 0 0 0 0 0 0 0 0 0.0146348602370847 0.00590144585423429
"методику" 0 0 0 0.0311817898347365 0 0 0 0 0 0
"методом" 0 0 0 0.0207878598898243 0 0.00858663918942126 0 0 0 0
"методу" 0 0 0 0 0 0.0171732783788425 0 0 0.00731743011854237 0
"механизмам" 0.00923361034164358 0 0 0 0.0101957585644372 0 0.00634920634920635 0 0 0
"механизмах" 0 0 0 0 0.0101957585644372 0 0.00634920634920635 0 0 0.00590144585423429
"механической" 0.0184672206832872 0 0 0.0103939299449122 0 0 0 0 0 0
"мечников" 0.0277008310249307 0 0 0 0 0 0 0 0 0
"мечта" 0 0 0 0 0 0 0 0 0 0.0177043375627029
"мечтать" 0 0 0 0 0 0 0 0.0116373792621902 0 0.00590144585423429
"мешают" 0 0 0 0.0103939299449122 0 0.00858663918942126 0 0 0 0.00590144585423429
"микробов" 0 0 0.0198662340242368 0 0 0 0 0 0 0
"миллионы" 0 0 0 0 0 0 0 0.0174560688932852 0 0
"мимики" 0.00923361034164358 0 0.0132441560161579 0 0 0 0 0 0 0
"мимическое" 0.0277008310249307 0 0 0 0 0 0 0 0 0
"мимоходом" 0 0 0 0 0 0 0 0 0 0.0177043375627029
"минимум" 0 0 0 0 0 0 0 0 0 0.0177043375627029
"минута" 0 0 0 0 0 0 0.00634920634920635 0.0116373792621902 0 0
"мировая" 0.0277008310249307 0 0 0 0 0 0 0 0 0
"мировоззрение" 0.00923361034164358 0 0.00662207800807894 0 0 0 0 0 0.00731743011854237 0
"мировые" 0.0184672206832872 0 0 0 0 0 0.00634920634920635 0 0 0
"мнений" 0 0.0193704600484262 0 0 0.0101957585644372 0 0 0 0 0
"многим" 0.00923361034164358 0 0 0 0 0 0.00634920634920635 0 0 0.00590144585423429
"множества" 0 0 0 0 0 0 0 0 0.0146348602370847 0.00590144585423429
"могиле" 0 0 0.0198662340242368 0 0 0 0 0 0 0
"могущество" 0 0 0.00662207800807894 0 0.0101957585644372 0.00858663918942126 0 0 0 0
"морали" 0.0277008310249307 0 0 0 0 0 0 0 0 0
"моральной" 0.0277008310249307 0 0 0 0 0 0 0 0 0
"моральных" 0.0277008310249307 0 0 0 0 0 0 0 0 0
"море" 0 0 0.0198662340242368 0 0 0 0 0 0 0
"морфологических" 0 0 0 0 0 0 0 0 0 0.0177043375627029
"мотив" 0 0 0.0132441560161579 0 0 0 0.00634920634920635 0 0 0
"мотивам" 0.00923361034164358 0 0 0 0.0101957585644372 0 0 0 0 0.00590144585423429
"мотивы" 0 0.0193704600484262 0.00662207800807894 0 0 0 0 0 0 0
"моторной" 0 0 0 0 0 0 0 0 0.00731743011854237 0.0118028917084686
"моторную" 0 0 0 0 0 0 0 0 0.0146348602370847 0.00590144585423429
"музыкальных" 0 0 0 0 0 0 0 0.0174560688932852 0 0
"мысленно" 0 0 0.00662207800807894 0 0 0 0 0.00581868963109508 0 0.00590144585423429
"мышечная" 0 0 0 0 0 0 0 0.0116373792621902 0 0.00590144585423429
"мышечной" 0 0 0 0 0 0 0.0126984126984127 0.00581868963109508 0 0
"мышцам" 0 0 0 0 0 0 0.0126984126984127 0 0.00731743011854237 0
"наблюдаемой" 0 0 0 0 0 0 0 0 0 0.0177043375627029
"наблюдались" 0 0 0.0132441560161579 0 0.0101957585644372 0 0 0 0 0
"наблюдалось" 0 0 0 0 0 0.0257599175682638 0 0 0 0
"наблюдателя" 0 0 0 0 0 0.00858663918942126 0 0 0.00731743011854237 0.00590144585423429
"наблюдением" 0 0 0 0 0 0.00858663918942126 0 0 0.00731743011854237 0.00590144585423429
"навыков" 0 0 0 0.0207878598898243 0 0 0 0 0 0.00590144585423429
"надежду" 0.00923361034164358 0 0 0 0.0203915171288744 0 0 0 0 0
"надежды" 0 0.00968523002421308 0.00662207800807894 0 0.0101957585644372 0 0 0 0 0
"названы" 0 0 0 0.0103939299449122 0 0 0.00634920634920635 0 0.00731743011854237 0
"назовем" 0.00923361034164358 0 0 0 0 0 0 0 0 0.0118028917084686
"называемую" 0 0 0 0 0 0.0171732783788425 0 0.00581868963109508 0 0
"называемыми" 0.00923361034164358 0 0 0 0 0 0.00634920634920635 0.00581868963109508 0 0
"наизворот" 0 0 0 0 0 0 0.00634920634920635 0.0116373792621902 0 0
"наилучшим" 0 0.00968523002421308 0.00662207800807894 0 0 0 0 0 0 0.00590144585423429
"наименьшее" 0 0 0 0 0 0 0 0 0 0.0177043375627029
"наименьшему" 0 0 0 0 0 0 0 0 0 0.0177043375627029
"наименьших" 0.00923361034164358 0 0 0 0.0101957585644372 0 0 0 0 0.00590144585423429
"найдете" 0 0 0 0 0 0 0.00634920634920635 0 0.00731743011854237 0.00590144585423429
