"slav_aksakov" "slav_kavelin" "slav_khomyakov" "slav_kireevsky" "slav_samarin" "west_annenkov" "west_belinsky" "west_granovsky1" "west_granovsky2" "west_herzen1"
"и" 4.65673100415343 4.50095645324631 5.65679246912514 3.72572902486208 4.15993008520865 4.21961160393191 4.43573344336703 3.06062665510534 2.92099176081513 4.15360501567398
"в" 3.36672367456633 3.13379093057275 3.08316780378271 3.26717776026367 3.25540747214333 2.82306401342604 3.61048070971735 3.46839774085444 3.68182600217927 3.18377742946708
"не" 2.41876374297581 2.08731855519298 1.76181017359012 1.69807265171598 2.40769062704828 1.17777511388156 2.27976067670724 1.50453469569497 1.48152396245532 2.2923197492163
"на" 0.94795993159052 1.13086530887814 1.07090422316262 0.838289030593967 1.09678828927245 1.35159434188444 1.00061893955024 1.19987813737667 1.33815067576609 1.11677115987461
"что" 1.03102858538969 0.765162597051874 0.664996977286467 0.845453894103317 1.59056150316801 1.12383121553584 1.6195584897875 0.752267347847484 0.800978761637132 1.38126959247649
"с" 0.90398240899096 0.917069877348937 0.794541842991623 0.737980941463065 0.838977496176535 1.1088467993287 0.866515370332164 1.06161093013991 1.09728355412819 0.920846394984326
"но" 0.781822623992182 0.731405423652526 1.03635892564125 0.823959303575267 0.712256936858204 0.449532486214337 0.742727460284712 1.07098497808816 1.08007875972549 0.813087774294671
"он" 0.278524309797215 0.540114774389558 0.328180326453062 0.315253994411406 0.546209307406598 0.350635339247183 0.381679389312977 1.13894682571301 1.53122670184091 0.401645768025078
"его" 0.454434400195456 0.787667379318105 0.639088004145436 0.902772802178119 1.07057024251693 0.518460800767202 0.484835981019187 0.768671931756931 1.04949245856512 0.528996865203762
"к" 0.723185927192768 0.540114774389558 0.768632869850592 0.652002579350863 0.589906051999126 0.638336130424359 0.649886527749123 0.604626092662464 0.724513008736212 0.568181818181818
"как" 0.767163449792328 0.607629121188253 0.414543570256499 0.623343125313463 0.686038890102687 0.764205226564373 0.484835981019187 0.360900846007827 0.305863011603678 0.783699059561129
"из" 0.4300024431957 0.39945988522561 0.388634597115468 0.730816077953715 0.519991260651081 0.479501318628626 0.546729936042913 0.508542101192848 0.573493146756896 0.323275862068966
"было" 0.263865135597361 0.585124338922021 0.518179462820624 0.329583721430107 0.367052654577234 0.188803644210022 0.278522797606767 0.670244428300251 0.649958899657816 0.421238244514107
"это" 0.498411922795016 0.326319342860358 0.164090163226531 0.150462133696353 0.511251911732576 0.52445456725006 0.495151640189808 0.53432073305055 0.454971229760471 0.391849529780564
"от" 0.55704861959443 0.382581298525937 0.587270057863373 0.523035036182561 0.419488748088267 0.371613521937185 0.226944501753662 0.501511565231656 0.355565750989276 0.636755485893417
"по" 0.669435621793306 0.500731405423653 0.535452111581311 0.293759403883356 0.384531352414245 0.479501318628626 0.443573344336703 0.330435190175998 0.324979449828908 0.235109717868339
"был" 0.0586366967994136 0.303814560594126 0.37136194835478 0.207781041771154 0.0873934891850557 0.131862862622872 0.134103569218073 0.614000140610719 0.867886295425436 0.205721003134796
"то" 0.498411922795016 0.410712276358726 0.328180326453062 0.422726947051659 0.633602796591654 0.371613521937185 0.422942025995461 0.288251974408849 0.307774655426201 0.705329153605016
"они" 0.361592963596384 0.725779228085968 0.241817082649624 0.322418857920757 0.406379724710509 0.206784943658595 0.484835981019187 0.372618405943146 0.393798627439735 0.832680250783699
"о" 0.361592963596384 0.343197929560032 0.30227135331203 0.372572902486208 0.524360935110334 0.44054183649005 0.649886527749123 0.381992453891402 0.281011641910879 0.431034482758621
"их" 0.332274615196677 0.692022054686621 0.276362380170999 0.458551264598409 0.402010050251256 0.287700791177176 0.546729936042913 0.344496262098381 0.31350958689377 0.460423197492163
"для" 0.488639139995114 0.253178800495105 0.483634165299249 0.451386401089059 0.353943631199476 0.356629105730041 0.340416752630493 0.318717630240679 0.344095888054138 0.568181818181818
"только" 0.47397996579526 0.253178800495105 0.284998704551343 0.551694490219961 0.340834607821717 0.371613521937185 0.433257685166082 0.367931381969019 0.344095888054138 0.225313479623824
"все" 0.293183483997068 0.466974232024305 0.30227135331203 0.365408038976857 0.42385842254752 0.458523135938624 0.350732411801114 0.30700007030536 0.284834929555925 0.450626959247649
"мы" 0.38602492059614 0.528862383256442 0.172726487606875 0.193451314752454 0.646711819969412 0.035962598897147 0.443573344336703 0.468702397412763 0.311597943071247 0.16653605015674
"были" 0.0879550451991205 0.478226623157421 0.449088867777874 0.243605359317905 0.131090233777584 0.101894030208583 0.175366205900557 0.50385507721872 0.491292462388408 0.21551724137931
"же" 0.615685316393843 0.303814560594126 0.293635028931687 0.601848534785412 0.45444614376229 0.30268520738432 0.433257685166082 0.236694710693445 0.183517806962207 0.146943573667712
"а" 0.620571707793794 0.354450320693147 0.354089299594093 0.107472952640252 0.485033864977059 0.47051066890434 0.464204662677945 0.114832087366127 0.112786985528856 0.568181818181818
"ее" 0.102614219398974 0.371328907392821 0 0.336748584939457 0.45444614376229 0.308678973867178 0.330101093459872 0.229664174732254 0.29439314866854 0.509404388714734
"так" 0.307842658196922 0.303814560594126 0.293635028931687 0.429891810561009 0.301507537688442 0.425557420282906 0.41262636682484 0.182793934990977 0.133815067576609 0.352664576802508
"еще" 0.161250916198387 0.371328907392821 0 0.394067493014258 0.201005025125628 0.353632222488612 0.20631318341242 0.269503878512339 0.300128080136109 0.107758620689655
"во" 0.205228438797948 0.146281084730505 0.155453838846187 0.193451314752454 0.209744374044134 0.227763126348597 0.216628842583041 0.278877926460594 0.418649997132534 0.225313479623824
"за" 0.278524309797215 0.202543040396084 0.250453407029968 0.121802679658953 0.275289490932925 0.350635339247183 0.381679389312977 0.215603102809871 0.212192464300052 0.38205329153605
"или" 0.498411922795016 0.348824125126589 0.379998272735124 0.343913448448807 0.506882237273323 0.203788060417166 0.278522797606767 0.12889315928851 0.0955821911261494 0.254702194357367
"бы" 0.561935010994381 0.208169235962642 0.120908541324812 0.322418857920757 0.432597771466026 0.2487413090386 0.391995048483598 0.133580183262637 0.158666437269408 0.235109717868339
"она" 0.0928414365990716 0.337571733993474 0.267726055790656 0.193451314752454 0.305877212147695 0.245744425797171 0.072209614194347 0.25778631857702 0.246602053105465 0.480015673981191
"г" 0.131932567798681 0.0393833689659053 0 0.00716486350935015 0.231592746340398 0.512467034284344 0.587992572725397 0.203885542874552 0.290569861023494 0
"была" 0.0537503053994625 0.191290649262968 0.414543570256499 0.257935086336605 0.126720559318331 0.0629345480700072 0.082525273364968 0.344496262098381 0.334537668941523 0.21551724137931
"до" 0.185682873198143 0.202543040396084 0.284998704551343 0.279429676864656 0.257810793095914 0.269719491728602 0.299154115948009 0.185137446978041 0.18542945078473 0.21551724137931
"между" 0.073295870999267 0.343197929560032 0.215908109508593 0.236440495808555 0.126720559318331 0.16482857827859 0.072209614194347 0.260129830564083 0.305863011603678 0.176332288401254
"ни" 0.410456877595895 0.208169235962642 0.293635028931687 0.293759403883356 0.297137863229189 0.152841045312875 0.402310707654219 0.131236671275574 0.0994054787711953 0.489811912225705
"уже" 0.239433178597606 0.174412062563295 0.276362380170999 0.272264813355306 0.113611535940572 0.233756892831455 0.226944501753662 0.171076375055658 0.271453422798264 0.0391849529780564
"у" 0.112387002198876 0.365702711826263 0.0863632438034373 0.0644837715841513 0.23596242079965 0.212778710141453 0.257891479265525 0.229664174732254 0.172047944027069 0.293887147335423
"когда" 0.0684094795993159 0.286935973894453 0.336816650833405 0.265099949845955 0.170417303910859 0.179812994485735 0.185681865071178 0.168732863068595 0.200722601364914 0.156739811912226
"здесь" 0.0781822623992182 0.0393833689659053 0 0.179121587733754 0.0480664190517806 0.146847278830017 0.030946977511863 0.379648941904338 0.311597943071247 0.0391849529780564
"ему" 0.0928414365990716 0.196916844829526 0.094999568183781 0.0931432256215519 0.148568931614595 0.116878446415728 0.092840932535589 0.213259590822807 0.338360956586569 0.107758620689655
"при" 0.141705350598583 0.118150106897716 0.181362811987218 0.193451314752454 0.0655451168887918 0.155837928554304 0.051578295853105 0.217946614796935 0.300128080136109 0.107758620689655
"быть" 0.351820180796482 0.174412062563295 0.155453838846187 0.272264813355306 0.275289490932925 0.194797410692879 0.216628842583041 0.126549647301446 0.0802890405459655 0.0979623824451411
"время" 0.12704617639873 0.18566445369641 0.267726055790656 0.121802679658953 0.10924186148132 0.152841045312875 0.20631318341242 0.189824470952169 0.194987669897345 0.264498432601881
"более" 0.0879550451991205 0.196916844829526 0.146817514465843 0.164791860715053 0.117981210399825 0.122872212898585 0.092840932535589 0.199198518900424 0.210280820477529 0.195924764890282
"тем" 0.146591741998534 0.0900191290649263 0.094999568183781 0.308089130902056 0.104872187022067 0.200791177175737 0.165050546729936 0.161702327107403 0.175871231672115 0.117554858934169
"этого" 0.190569264598094 0.101271520198042 0.0863632438034373 0.128967543168303 0.148568931614595 0.146847278830017 0.195997524241799 0.206229054861616 0.154843149624362 0.117554858934169
"которые" 0.131932567798681 0.168785866996737 0.103635892564125 0.164791860715053 0.152938606073847 0.13785662910573 0.175366205900557 0.164045839094467 0.164401368736977 0.0979623824451411
"жизни" 0.0684094795993159 0.180038258129853 0.189999136367562 0.47288099161711 0.179156652829364 0.11088467993287 0.288838456777388 0.119519111340255 0.0802890405459655 0.21551724137931
"если" 0.327388223796726 0.0956453246314842 0.094999568183781 0.157626997205703 0.253441118636662 0.134859745864301 0.185681865071178 0.103114527430808 0.105140410238764 0.156739811912226
"под" 0.136818959198632 0.208169235962642 0.155453838846187 0.0931432256215519 0.222853397421892 0.119875329657157 0.10315659170621 0.138267207236765 0.151019861979316 0.137147335423197
"себя" 0.136818959198632 0.168785866996737 0.1381811900855 0.114637816149602 0.297137863229189 0.146847278830017 0.144419228388694 0.124206135314382 0.0955821911261494 0.176332288401254
"того" 0.12704617639873 0.1068977157646 0.0604542706624061 0.272264813355306 0.218483722962639 0.101894030208583 0.195997524241799 0.133580183262637 0.139549999044178 0.186128526645768
"даже" 0.312729049596873 0.140654889163947 0.103635892564125 0.179121587733754 0.139829582696089 0.182809877727164 0.165050546729936 0.0843664315342973 0.120433560818948 0.0489811912225705
"им" 0.161250916198387 0.225047822662316 0.103635892564125 0.136132406677653 0.126720559318331 0.131862862622872 0.144419228388694 0.103114527430808 0.14719657433427 0.205721003134796
"может" 0.219887612997801 0.0843929334983684 0.0604542706624061 0.272264813355306 0.218483722962639 0.209781826900024 0.123787910047452 0.0820229195472335 0.0649958899657816 0.0979623824451411
"них" 0.117273393598827 0.196916844829526 0.0863632438034373 0.150462133696353 0.18789600174787 0.104890913450012 0.154734887559315 0.0984275034566802 0.120433560818948 0.244905956112853
"есть" 0.17102369899829 0.0675143467986947 0.0259089731410312 0.114637816149602 0.34520428228097 0.188803644210022 0.195997524241799 0.100771015443744 0.0344095888054138 0.195924764890282
"себе" 0.210114830197899 0.135028693597389 0.094999568183781 0.193451314752454 0.205374699584881 0.0809158475185807 0.061893955023726 0.133580183262637 0.0936705473036264 0.156739811912226
"без" 0.156364524798436 0.123776302464274 0.146817514465843 0.0931432256215519 0.1573082805331 0.104890913450012 0.20631318341242 0.112488575379063 0.112786985528856 0.195924764890282
"него" 0.0684094795993159 0.1068977157646 0.0431816219017186 0.0788134986028516 0.1573082805331 0.0779189642771518 0.10315659170621 0.189824470952169 0.158666437269408 0.156739811912226
"своих" 0.0977278279990227 0.163159671430179 0.233180758269281 0.193451314752454 0.0393270701332751 0.0959002637257252 0.041262636682484 0.133580183262637 0.164401368736977 0.0685736677115987
"чтобы" 0.141705350598583 0.0956453246314842 0.0604542706624061 0.186286451243104 0.170417303910859 0.0509470151042915 0.020631318341242 0.182793934990977 0.14719657433427 0.0293887147335423
"россии" 0.322501832396775 0.393833689659053 0.587270057863373 0.286594540374006 0.1573082805331 0.00899064972428674 0.082525273364968 0 0 0
"теперь" 0.122159784998778 0.2137954315292 0.0518179462820624 0.0429891810561009 0.0917631636443085 0.173819228002877 0.247575820094904 0.0843664315342973 0.120433560818948 0.0293887147335423
"эти" 0.141705350598583 0.101271520198042 0.0690905950427498 0.121802679658953 0.0524360935110334 0.0988971469671542 0.051578295853105 0.19685500691336 0.110875341706333 0.137147335423197
"можно" 0.112387002198876 0.0675143467986947 0.0259089731410312 0.121802679658953 0.0917631636443085 0.143850395588588 0.113472250876831 0.159358815120339 0.122345204641471 0.0979623824451411
"всех" 0.0781822623992182 0.146281084730505 0.198635460747906 0.114637816149602 0.100502512562814 0.143850395588588 0.144419228388694 0.12889315928851 0.0936705473036264 0.0587774294670846
"потому" 0.131932567798681 0.151907280297063 0.120908541324812 0.343913448448807 0.222853397421892 0.0599376648285783 0.175366205900557 0.0539007757024677 0.0420561640955057 0.244905956112853
"своей" 0.0879550451991205 0.0787667379318105 0.146817514465843 0.222110768789855 0.152938606073847 0.0899064972428674 0.072209614194347 0.0984275034566802 0.129991779931563 0.117554858934169
"истории" 0.0537503053994625 0.2137954315292 0.103635892564125 0.0358243175467507 0.117981210399825 0.0569407815871494 0.134103569218073 0.262473342551147 0.0573493146756896 0.0195924764890282
"против" 0.0830686537991693 0.0675143467986947 0.120908541324812 0.0429891810561009 0.0524360935110334 0.0299688324142891 0.010315659170621 0.192167982939233 0.210280820477529 0.0293887147335423
"этом" 0.112387002198876 0.0675143467986947 0.0259089731410312 0.0644837715841513 0.183526327288617 0.0869096140014385 0.216628842583041 0.124206135314382 0.116610273173902 0.117554858934169
"я" 0.0244319569997557 0 0.146817514465843 0.157626997205703 0.0131090233777584 0.461520019180053 0.113472250876831 0.0562442876895315 0.0191164382252299 0.117554858934169
"тогда" 0.0244319569997557 0.140654889163947 0.0777269194230935 0.136132406677653 0.0830238147258029 0.035962598897147 0.082525273364968 0.126549647301446 0.181606163139684 0.0783699059561129
"оно" 0.112387002198876 0.236300213795432 0.103635892564125 0.157626997205703 0.244701769718156 0.0929033804842963 0.072209614194347 0.0539007757024677 0.0420561640955057 0.117554858934169
"где" 0.146591741998534 0.0393833689659053 0.0604542706624061 0.207781041771154 0.0742844658072974 0.134859745864301 0.041262636682484 0.107801551404935 0.103228766416241 0.088166144200627
"своего" 0.185682873198143 0.050635760099021 0.094999568183781 0.186286451243104 0.0961328381035613 0.0629345480700072 0.113472250876831 0.112488575379063 0.0955821911261494 0.0979623824451411
"со" 0.141705350598583 0.0618881512321368 0.0431816219017186 0.0716486350935015 0.0218483722962639 0.140853512347159 0.061893955023726 0.107801551404935 0.152931505801839 0.0489811912225705
"который" 0.0977278279990227 0.0675143467986947 0.112272216944468 0.0859783621122018 0.0568057679702862 0.200791177175737 0.113472250876831 0.0913969674954887 0.0860239720135344 0.0783699059561129
"чем" 0.112387002198876 0.112523911331158 0.120908541324812 0.200616178261804 0.144199257155342 0.0988971469671542 0.072209614194347 0.0773358955731059 0.0764657529009195 0.0587774294670846
"стороны" 0.0928414365990716 0.0225047822662316 0.0345452975213749 0.0358243175467507 0.0873934891850557 0.0629345480700072 0.030946977511863 0.105458039417872 0.206457532832483 0.0489811912225705
"много" 0.0195455655998045 0.135028693597389 0.103635892564125 0.00716486350935015 0.104872187022067 0.0569407815871494 0.144419228388694 0.124206135314382 0.139549999044178 0.0783699059561129
"франции" 0.00977278279990227 0.0112523911331158 0 0.00716486350935015 0.0393270701332751 0.113881563174299 0.020631318341242 0.187480958965105 0.177782875494638 0.0293887147335423
"сказать" 0.0684094795993159 0.0281309778327895 0.0604542706624061 0.179121587733754 0.0917631636443085 0.113881563174299 0.082525273364968 0.0960839914696164 0.112786985528856 0.0391849529780564
"один" 0.0684094795993159 0.0843929334983684 0.0431816219017186 0.0716486350935015 0.0524360935110334 0.0809158475185807 0.072209614194347 0.131236671275574 0.118521916996425 0.0979623824451411
"этот" 0.0977278279990227 0.050635760099021 0.0863632438034373 0.114637816149602 0.0917631636443085 0.116878446415728 0.041262636682484 0.0890534555084249 0.101317122593718 0.0587774294670846
"об" 0.180796481798192 0.0281309778327895 0.0259089731410312 0.0716486350935015 0.0830238147258029 0.0869096140014385 0.113472250876831 0.100771015443744 0.0955821911261494 0.0685736677115987
"ли" 0.254092352797459 0.0168785866996737 0.1381811900855 0.0573189080748012 0.249071444177409 0.131862862622872 0.092840932535589 0.0328091678188934 0.00955821911261494 0.0391849529780564
"этой" 0.0390911311996091 0.050635760099021 0.00863632438034373 0.0859783621122018 0.0393270701332751 0.0988971469671542 0.123787910047452 0.149984767172084 0.103228766416241 0.0979623824451411
"которых" 0.0684094795993159 0.1068977157646 0.0863632438034373 0.121802679658953 0.0873934891850557 0.0839127307600096 0.041262636682484 0.126549647301446 0.0688191776108276 0.0783699059561129
"том" 0.136818959198632 0.0450095645324632 0.0345452975213749 0.0931432256215519 0.170417303910859 0.0929033804842963 0.165050546729936 0.0679618476248506 0.0649958899657816 0.0685736677115987
"свои" 0.0439775225995602 0.157533475863621 0.094999568183781 0.0644837715841513 0.0742844658072974 0.0569407815871494 0.041262636682484 0.105458039417872 0.10896369788381 0.088166144200627
"эта" 0.0635230881993648 0.0731405423652526 0.0172726487606875 0.121802679658953 0.0786541402665501 0.0959002637257252 0.123787910047452 0.0890534555084249 0.0802890405459655 0.127351097178683
"этих" 0.0244319569997557 0.0618881512321368 0.0259089731410312 0.050154044565451 0.0524360935110334 0.0629345480700072 0.092840932535589 0.171076375055658 0.0994054787711953 0.0685736677115987
"после" 0.034204739799658 0.1068977157646 0.1381811900855 0.0788134986028516 0.0436967445925279 0.0988971469671542 0.051578295853105 0.0937404794825526 0.0936705473036264 0.088166144200627
"образом" 0.0928414365990716 0.0450095645324632 0.0431816219017186 0.0788134986028516 0.0917631636443085 0.0839127307600096 0.041262636682484 0.119519111340255 0.0917589034811034 0.0293887147335423
"наконец" 0.0684094795993159 0.1068977157646 0.0863632438034373 0.0716486350935015 0.161677954992353 0.068928314552865 0.020631318341242 0.0773358955731059 0.0841123281910115 0.0489811912225705
"несколько" 0.0390911311996091 0.0337571733993474 0.112272216944468 0.050154044565451 0.0305877212147695 0.11088467993287 0.113472250876831 0.0867099435213611 0.129991779931563 0.0195924764890282
"нем" 0.0635230881993648 0.168785866996737 0.00863632438034373 0.107472952640252 0.122350884859078 0.0509470151042915 0.113472250876831 0.037496191793021 0.0974938349486724 0.127351097178683
"всего" 0.166137307598339 0.0618881512321368 0.0345452975213749 0.128967543168303 0.0830238147258029 0.068928314552865 0.113472250876831 0.0492137517283401 0.0764657529009195 0.107758620689655
"ней" 0.034204739799658 0.0956453246314842 0.0690905950427498 0.114637816149602 0.166047629451606 0.0749220810357228 0.123787910047452 0.0562442876895315 0.0497027393855977 0.176332288401254
"свою" 0.117273393598827 0.0731405423652526 0.0690905950427498 0.193451314752454 0.0393270701332751 0.0569407815871494 0.061893955023726 0.0984275034566802 0.0649958899657816 0.088166144200627
"над" 0.0830686537991693 0.163159671430179 0.0863632438034373 0.179121587733754 0.0961328381035613 0.0269719491728602 0.020631318341242 0.0913969674954887 0.0573493146756896 0.0391849529780564
"другой" 0.0830686537991693 0.0450095645324632 0.00863632438034373 0.0644837715841513 0.0524360935110334 0.068928314552865 0.020631318341242 0.0960839914696164 0.118521916996425 0.0979623824451411
"дело" 0.0879550451991205 0.0393833689659053 0.0259089731410312 0.0286594540374006 0.0830238147258029 0.0988971469671542 0.030946977511863 0.0609313116636592 0.116610273173902 0.088166144200627
"нас" 0.0781822623992182 0.29256216946101 0.103635892564125 0.0716486350935015 0.179156652829364 0.0269719491728602 0.123787910047452 0.0281221438447658 0.0152931505801839 0.0979623824451411
"короля" 0 0 0.0172726487606875 0.00716486350935015 0 0.0179812994485735 0.010315659170621 0.133580183262637 0.202634245187437 0
"человек" 0.0244319569997557 0.0675143467986947 0.0345452975213749 0.143297270187003 0.0873934891850557 0.0569407815871494 0.072209614194347 0.0913969674954887 0.0783773967234425 0.0587774294670846
"нет" 0.0879550451991205 0.0731405423652526 0.0345452975213749 0.00716486350935015 0.161677954992353 0.0719251977942939 0.10315659170621 0.0492137517283401 0.0229397258702758 0.284090909090909
"почти" 0.0537503053994625 0.0843929334983684 0.164090163226531 0.236440495808555 0.0480664190517806 0.0869096140014385 0.051578295853105 0.0562442876895315 0.0344095888054138 0.0195924764890282
"людей" 0.0439775225995602 0.0450095645324632 0.164090163226531 0.0859783621122018 0.0699147913480446 0.0599376648285783 0.092840932535589 0.0656183356377868 0.0592609584982126 0.137147335423197
"потом" 0.00977278279990227 0.157533475863621 0.0518179462820624 0.0644837715841513 0.0393270701332751 0.0569407815871494 0.041262636682484 0.0867099435213611 0.0974938349486724 0.00979623824451411
"таким" 0.0977278279990227 0.0618881512321368 0.0345452975213749 0.0716486350935015 0.0262180467555167 0.0659314313114361 0.041262636682484 0.119519111340255 0.0688191776108276 0.0195924764890282
"одно" 0.0488639139995114 0.0843929334983684 0.0518179462820624 0.114637816149602 0.10924186148132 0.0869096140014385 0.10315659170621 0.063274823650723 0.0363212326279368 0.0783699059561129
"жизнь" 0.0195455655998045 0.118150106897716 0.129544865705156 0.128967543168303 0.0655451168887918 0.068928314552865 0.10315659170621 0.0656183356377868 0.0324979449828908 0.127351097178683
"ибо" 0.0439775225995602 0.0843929334983684 0.0431816219017186 0.265099949845955 0.0480664190517806 0.00299688324142891 0 0.0890534555084249 0.0860239720135344 0.0293887147335423
"которое" 0.0928414365990716 0.112523911331158 0.0431816219017186 0.0859783621122018 0.117981210399825 0.0629345480700072 0.072209614194347 0.0421832157671486 0.0497027393855977 0.088166144200627
"человека" 0.073295870999267 0.0618881512321368 0.0518179462820624 0.214945905280504 0.0917631636443085 0.0809158475185807 0.030946977511863 0.0234351198706381 0.0497027393855977 0.146943573667712
"которая" 0.0928414365990716 0.0337571733993474 0.0518179462820624 0.143297270187003 0.061175442429539 0.131862862622872 0.113472250876831 0.0328091678188934 0.0458794517405517 0.0391849529780564
"которой" 0.102614219398974 0.0675143467986947 0.0345452975213749 0.0358243175467507 0.0655451168887918 0.0419563653800048 0.072209614194347 0.0726488715989782 0.0822006843684885 0.088166144200627
"нельзя" 0.0928414365990716 0.0450095645324632 0.0345452975213749 0.00716486350935015 0.135459908236836 0.0479501318628626 0.113472250876831 0.0867099435213611 0.0516143832081207 0.0685736677115987
"мог" 0.0244319569997557 0.0787667379318105 0.1381811900855 0.128967543168303 0.0393270701332751 0.0119875329657157 0.020631318341242 0.0726488715989782 0.105140410238764 0.0587774294670846
"хотя" 0.0830686537991693 0.0225047822662316 0.0431816219017186 0.150462133696353 0.061175442429539 0.0389594821385759 0.051578295853105 0.0726488715989782 0.0764657529009195 0.0979623824451411
"других" 0.0390911311996091 0.0956453246314842 0.0604542706624061 0.121802679658953 0.0699147913480446 0.0719251977942939 0.020631318341242 0.0773358955731059 0.0573493146756896 0.0489811912225705
"сам" 0.0293183483997068 0.0393833689659053 0 0.0716486350935015 0.0349573956740223 0.0749220810357228 0.051578295853105 0.0867099435213611 0.105140410238764 0.0391849529780564
"также" 0.0537503053994625 0.00562619556655789 0.0863632438034373 0.050154044565451 0.0786541402665501 0.0659314313114361 0.020631318341242 0.0843664315342973 0.0955821911261494 0
"характер" 0.00977278279990227 0.0843929334983684 0.0431816219017186 0.171956724224404 0.0349573956740223 0.0239750659314313 0.041262636682484 0.0937404794825526 0.0841123281910115 0.0685736677115987
"могли" 0.00977278279990227 0.157533475863621 0.094999568183781 0.157626997205703 0.0436967445925279 0.0269719491728602 0.030946977511863 0.0773358955731059 0.0649958899657816 0.0195924764890282
"совершенно" 0.073295870999267 0.225047822662316 0.0431816219017186 0.0931432256215519 0.0655451168887918 0.0839127307600096 0.030946977511863 0.0445267277542125 0.0248513696927988 0.0195924764890282
"этим" 0.0781822623992182 0.0393833689659053 0.00863632438034373 0.0429891810561009 0.0655451168887918 0.0389594821385759 0.041262636682484 0.110145063391999 0.0802890405459655 0.00979623824451411
"конечно" 0.146591741998534 0.0337571733993474 0.0259089731410312 0.0716486350935015 0.0742844658072974 0.0449532486214337 0.041262636682484 0.0562442876895315 0.0745541090783965 0.0195924764890282
"должно" 0.0293183483997068 0.118150106897716 0.0172726487606875 0.114637816149602 0.139829582696089 0.035962598897147 0.092840932535589 0.0539007757024677 0.0382328764504598 0.0783699059561129
"свое" 0.0586366967994136 0.050635760099021 0 0.100308089130902 0.100502512562814 0.0479501318628626 0.061893955023726 0.0492137517283401 0.0764657529009195 0.0783699059561129
"столетия" 0 0 0.0172726487606875 0 0.00436967445925279 0.0329657156557181 0 0.222633638771062 0.0764657529009195 0
"народа" 0.0928414365990716 0.0450095645324632 0.155453838846187 0.0931432256215519 0.100502512562814 0.0509470151042915 0.041262636682484 0.0210916078835743 0.0707308214333505 0
"какой" 0.0879550451991205 0.0562619556655789 0.0345452975213749 0.0716486350935015 0.061175442429539 0.0779189642771518 0.020631318341242 0.063274823650723 0.0630842461432586 0.0293887147335423
"часть" 0.0293183483997068 0.0281309778327895 0.094999568183781 0.050154044565451 0.0480664190517806 0.0449532486214337 0.041262636682484 0.114832087366127 0.0745541090783965 0
"вместе" 0.0537503053994625 0.129402498030832 0.0259089731410312 0.0716486350935015 0.0961328381035613 0.0719251977942939 0.051578295853105 0.0609313116636592 0.0344095888054138 0.0391849529780564
"всегда" 0.0293183483997068 0.0787667379318105 0.103635892564125 0.150462133696353 0.0742844658072974 0.0959002637257252 0.092840932535589 0.0515572637154039 0.0191164382252299 0.0195924764890282
"году" 0.0146591741998534 0 0.0690905950427498 0.0143297270187003 0.0131090233777584 0.0299688324142891 0.299154115948009 0.025778631857702 0.151019861979316 0
"нам" 0.0390911311996091 0.0900191290649263 0.189999136367562 0.0644837715841513 0.192265676207123 0.0119875329657157 0.051578295853105 0.025778631857702 0.0286746573378448 0.107758620689655
"одной" 0.0586366967994136 0.0562619556655789 0.0431816219017186 0.0358243175467507 0.0786541402665501 0.0419563653800048 0.020631318341242 0.0820229195472335 0.0764657529009195 0.0391849529780564
"государства" 0.034204739799658 0.146281084730505 0.189999136367562 0.0573189080748012 0.0480664190517806 0.0179812994485735 0 0.0890534555084249 0.0497027393855977 0
"времени" 0.034204739799658 0.0393833689659053 0.0690905950427498 0.0286594540374006 0.0393270701332751 0.0299688324142891 0.092840932535589 0.103114527430808 0.0764657529009195 0.0489811912225705
"прежде" 0.0488639139995114 0.135028693597389 0.0777269194230935 0.136132406677653 0.0262180467555167 0.0239750659314313 0.041262636682484 0.0468702397412763 0.0764657529009195 0.0195924764890282
"начала" 0.0390911311996091 0.157533475863621 0.0863632438034373 0.128967543168303 0.152938606073847 0.0149844162071446 0.020631318341242 0.0328091678188934 0.0286746573378448 0.0587774294670846
"особенно" 0.0390911311996091 0.0281309778327895 0.0345452975213749 0.0859783621122018 0.0524360935110334 0.0869096140014385 0.123787910047452 0.0515572637154039 0.0669075337883046 0.0195924764890282
"должен" 0.0586366967994136 0.050635760099021 0.0259089731410312 0.050154044565451 0.0305877212147695 0.035962598897147 0.061893955023726 0.0820229195472335 0.0879356158360574 0.00979623824451411
"лет" 0.0293183483997068 0.0168785866996737 0.0863632438034373 0.0573189080748012 0.00873934891850557 0.0239750659314313 0.041262636682484 0.0703053596119144 0.110875341706333 0.0783699059561129
"очень" 0.0488639139995114 0.0281309778327895 0 0.00716486350935015 0.0480664190517806 0.11088467993287 0.144419228388694 0.0656183356377868 0.0535260270306437 0.0293887147335423
"права" 0.0586366967994136 0.0393833689659053 0.0863632438034373 0.0429891810561009 0.0131090233777584 0.0179812994485735 0 0.114832087366127 0.0707308214333505 0.0685736677115987
"раз" 0.0879550451991205 0.0168785866996737 0.0431816219017186 0.0143297270187003 0.0436967445925279 0.0959002637257252 0.041262636682484 0.0468702397412763 0.0745541090783965 0.0391849529780564
"вы" 0.0244319569997557 0 0 0.0143297270187003 0.174786978370111 0.233756892831455 0.010315659170621 0.0140610719223829 0.00573493146756896 0
"европы" 0 0.0112523911331158 0.0345452975213749 0.143297270187003 0.0349573956740223 0.0149844162071446 0.010315659170621 0.126549647301446 0.0707308214333505 0.00979623824451411
"именно" 0.131932567798681 0.00562619556655789 0.00863632438034373 0.0429891810561009 0.0699147913480446 0.0779189642771518 0.030946977511863 0.0445267277542125 0.0401445202729827 0.117554858934169
"общества" 0.136818959198632 0.0225047822662316 0.0345452975213749 0.0644837715841513 0.061175442429539 0.0869096140014385 0.144419228388694 0.0515572637154039 0.0152931505801839 0
"германии" 0.034204739799658 0 0.0172726487606875 0.00716486350935015 0.00436967445925279 0.00599376648285783 0.020631318341242 0.0913969674954887 0.133815067576609 0.0685736677115987
"другие" 0.0146591741998534 0.050635760099021 0.0259089731410312 0.0644837715841513 0.0480664190517806 0.0299688324142891 0.020631318341242 0.100771015443744 0.0611726023207356 0.088166144200627
"король" 0 0 0.00863632438034373 0 0 0 0 0.0867099435213611 0.175871231672115 0
"одного" 0.0684094795993159 0.0675143467986947 0.00863632438034373 0.0644837715841513 0.0568057679702862 0.0539438983457204 0.051578295853105 0.0796794075601697 0.0382328764504598 0.0391849529780564
"вообще" 0.122159784998778 0.0168785866996737 0.0172726487606875 0.0214945905280504 0.0742844658072974 0.0269719491728602 0.092840932535589 0.0656183356377868 0.0573493146756896 0.0293887147335423
"всем" 0.0439775225995602 0.0450095645324632 0.0690905950427498 0.0716486350935015 0.0524360935110334 0.0959002637257252 0.072209614194347 0.0398397037800848 0.0344095888054138 0.0783699059561129
"карл" 0 0 0 0 0 0 0 0.135923695249701 0.135726711399132 0
"начало" 0.00977278279990227 0.236300213795432 0.0345452975213749 0.0143297270187003 0.214114048503387 0.00299688324142891 0.030946977511863 0.0304656558318296 0.0210280820477529 0.0195924764890282
"которого" 0.0830686537991693 0.0731405423652526 0.094999568183781 0.0573189080748012 0.0742844658072974 0.0539438983457204 0.051578295853105 0.0562442876895315 0.0229397258702758 0.0293887147335423
"личности" 0.00977278279990227 0.140654889163947 0.0172726487606875 0.00716486350935015 0.318986235525453 0.0119875329657157 0 0.0210916078835743 0.00955821911261494 0.0685736677115987
"мысль" 0.0244319569997557 0.0956453246314842 0.0259089731410312 0.0429891810561009 0.126720559318331 0.0869096140014385 0.030946977511863 0.0281221438447658 0.0229397258702758 0.107758620689655
"евреев" 0.60102614219399 0 0 0 0 0 0 0.00703053596119144 0 0
"нибудь" 0.0390911311996091 0.0562619556655789 0.0345452975213749 0.150462133696353 0.0524360935110334 0.116878446415728 0.072209614194347 0.025778631857702 0.00955821911261494 0.088166144200627
"ничего" 0.073295870999267 0.0843929334983684 0.0518179462820624 0.0214945905280504 0.0568057679702862 0.0449532486214337 0.195997524241799 0.0539007757024677 0.0229397258702758 0.0489811912225705
"своим" 0.0244319569997557 0.0337571733993474 0.0518179462820624 0.050154044565451 0.0349573956740223 0.0539438983457204 0.082525273364968 0.0585877996765953 0.0783773967234425 0.0195924764890282
"церкви" 0.00488639139995114 0 0.129544865705156 0.300924267392706 0.00873934891850557 0.00599376648285783 0.010315659170621 0.0562442876895315 0.0688191776108276 0.0195924764890282
"т" 0.244319569997557 0.0337571733993474 0.0172726487606875 0.0214945905280504 0.0655451168887918 0.0239750659314313 0.020631318341242 0.0539007757024677 0.0210280820477529 0.0391849529780564
"там" 0.0488639139995114 0.050635760099021 0.0259089731410312 0.250770222827255 0.0349573956740223 0.0299688324142891 0.041262636682484 0.0468702397412763 0.0420561640955057 0.0293887147335423
"часто" 0.0244319569997557 0.0393833689659053 0.00863632438034373 0.0214945905280504 0.0305877212147695 0.0329657156557181 0 0.0937404794825526 0.0898472596585804 0.0293887147335423
"власти" 0.0879550451991205 0.0731405423652526 0.103635892564125 0 0.0436967445925279 0.00599376648285783 0.010315659170621 0.0773358955731059 0.0630842461432586 0.00979623824451411
"менее" 0.0781822623992182 0.050635760099021 0.0259089731410312 0.0859783621122018 0.0786541402665501 0.0419563653800048 0.061893955023726 0.037496191793021 0.0477910955630747 0.0293887147335423
"мир" 0.0390911311996091 0.0731405423652526 0.0777269194230935 0.0573189080748012 0.0742844658072974 0.0179812994485735 0 0.0492137517283401 0.0420561640955057 0.176332288401254
"отношения" 0.0293183483997068 0.140654889163947 0.0172726487606875 0.100308089130902 0.0655451168887918 0 0.030946977511863 0.0539007757024677 0.0611726023207356 0.0195924764890282
"рода" 0.0293183483997068 0.151907280297063 0.0345452975213749 0.0143297270187003 0.0480664190517806 0.0539438983457204 0.030946977511863 0.0468702397412763 0.0477910955630747 0.0489811912225705
"земли" 0.0390911311996091 0.050635760099021 0.0863632438034373 0.050154044565451 0.0305877212147695 0.00599376648285783 0.010315659170621 0.107801551404935 0.0497027393855977 0.0391849529780564
"тех" 0.107500610798925 0.0225047822662316 0.0345452975213749 0.100308089130902 0.0568057679702862 0.0269719491728602 0.113472250876831 0.0421832157671486 0.0439678079180287 0.0195924764890282
"города" 0 0.0225047822662316 0.094999568183781 0 0.00873934891850557 0.0179812994485735 0 0.149984767172084 0.0573493146756896 0.0195924764890282
"право" 0.073295870999267 0.0562619556655789 0.0259089731410312 0.0573189080748012 0.0174786978370111 0.0419563653800048 0.020631318341242 0.0867099435213611 0.0439678079180287 0.0293887147335423
"италии" 0 0 0 0.0143297270187003 0 0.0149844162071446 0 0.189824470952169 0.0554376708531666 0.00979623824451411
"развития" 0.0439775225995602 0.1068977157646 0.00863632438034373 0.236440495808555 0.104872187022067 0.0209781826900024 0.010315659170621 0.0304656558318296 0.00573493146756896 0.0783699059561129
"всей" 0.0977278279990227 0.0281309778327895 0.0604542706624061 0.150462133696353 0.0655451168887918 0.0209781826900024 0.020631318341242 0.0468702397412763 0.0248513696927988 0.0587774294670846
"ей" 0.00977278279990227 0.0618881512321368 0.0604542706624061 0.0573189080748012 0.0524360935110334 0.0329657156557181 0.020631318341242 0.0445267277542125 0.0630842461432586 0.107758620689655
"народ" 0.0781822623992182 0.050635760099021 0.112272216944468 0.0429891810561009 0.0699147913480446 0.0239750659314313 0 0.0445267277542125 0.0535260270306437 0.00979623824451411
"впрочем" 0.0488639139995114 0.0281309778327895 0.0259089731410312 0.050154044565451 0.0524360935110334 0.0869096140014385 0.061893955023726 0.0304656558318296 0.0516143832081207 0.0293887147335423
"года" 0.00977278279990227 0 0.0518179462820624 0.0143297270187003 0.0262180467555167 0.035962598897147 0.278522797606767 0.0351526798059572 0.0822006843684885 0.00979623824451411
"значение" 0.0537503053994625 0.0731405423652526 0.0431816219017186 0.0429891810561009 0.0349573956740223 0.0299688324142891 0.041262636682484 0.0726488715989782 0.0477910955630747 0.00979623824451411
"мира" 0.0684094795993159 0.0450095645324632 0.0518179462820624 0.150462133696353 0.0436967445925279 0.0269719491728602 0 0.0398397037800848 0.0344095888054138 0.107758620689655
"ним" 0.034204739799658 0.0675143467986947 0.0172726487606875 0.0358243175467507 0.0480664190517806 0.0389594821385759 0.041262636682484 0.0468702397412763 0.0726424652558735 0.0195924764890282
"самом" 0.0781822623992182 0.0675143467986947 0.0345452975213749 0.0788134986028516 0.0568057679702862 0.0239750659314313 0.020631318341242 0.0281221438447658 0.0535260270306437 0.0783699059561129
"собою" 0.00977278279990227 0.174412062563295 0.0863632438034373 0.0573189080748012 0.126720559318331 0.0299688324142891 0.072209614194347 0.0140610719223829 0.00955821911261494 0.0587774294670846
"каждый" 0.034204739799658 0.0281309778327895 0.0259089731410312 0.100308089130902 0.00873934891850557 0.0569407815871494 0.010315659170621 0.100771015443744 0.0248513696927988 0.0587774294670846
"люди" 0.0146591741998534 0.0168785866996737 0.0777269194230935 0.0214945905280504 0.0349573956740223 0.0479501318628626 0.092840932535589 0.0468702397412763 0.0420561640955057 0.195924764890282
"мало" 0.0146591741998534 0.151907280297063 0.0777269194230935 0.050154044565451 0.061175442429539 0.0389594821385759 0.020631318341242 0.037496191793021 0.0363212326279368 0.0293887147335423
"одним" 0.0635230881993648 0.0562619556655789 0.0259089731410312 0.0429891810561009 0.061175442429539 0.0119875329657157 0.010315659170621 0.0703053596119144 0.0592609584982126 0.00979623824451411
"нашей" 0.0928414365990716 0.1068977157646 0.0172726487606875 0.0573189080748012 0.152938606073847 0.0179812994485735 0.154734887559315 0.0117175599353191 0.00191164382252299 0.0195924764890282
"русской" 0.107500610798925 0.151907280297063 0.155453838846187 0.0716486350935015 0.0655451168887918 0.00599376648285783 0.175366205900557 0.00234351198706381 0 0
"de" 0 0 0.00863632438034373 0 0.0786541402665501 0.116878446415728 0.041262636682484 0.0445267277542125 0.0535260270306437 0.0293887147335423
"ними" 0.0390911311996091 0.129402498030832 0.00863632438034373 0.0429891810561009 0.0480664190517806 0.0299688324142891 0.041262636682484 0.0468702397412763 0.0420561640955057 0.0587774294670846
"должны" 0.0439775225995602 0.0731405423652526 0.0604542706624061 0.0644837715841513 0.0655451168887918 0.0299688324142891 0.020631318341242 0.0585877996765953 0.0324979449828908 0.0293887147335423
"история" 0.034204739799658 0.0731405423652526 0.0259089731410312 0.0143297270187003 0.0349573956740223 0.035962598897147 0.061893955023726 0.114832087366127 0.0133815067576609 0.00979623824451411
"нее" 0.0195455655998045 0.0337571733993474 0 0.100308089130902 0.0830238147258029 0.035962598897147 0.030946977511863 0.0351526798059572 0.0401445202729827 0.127351097178683
"никогда" 0.0488639139995114 0.0562619556655789 0.0345452975213749 0.0859783621122018 0.0699147913480446 0.0389594821385759 0.041262636682484 0.0421832157671486 0.0267630135153218 0.0587774294670846
"той" 0.112387002198876 0.0225047822662316 0.00863632438034373 0.114637816149602 0.0436967445925279 0.00299688324142891 0.020631318341242 0.0468702397412763 0.0477910955630747 0.0489811912225705
"будет" 0.0635230881993648 0 0.0345452975213749 0.0358243175467507 0.0742844658072974 0.107887796691441 0.051578295853105 0.0140610719223829 0.0286746573378448 0.0489811912225705
"самого" 0.0537503053994625 0.0675143467986947 0.0518179462820624 0.0716486350935015 0.0349573956740223 0.068928314552865 0.010315659170621 0.0281221438447658 0.0420561640955057 0.00979623824451411
"те" 0.0390911311996091 0.050635760099021 0.0172726487606875 0.0644837715841513 0.0524360935110334 0.0479501318628626 0.020631318341242 0.0445267277542125 0.0458794517405517 0.0489811912225705
"вот" 0.0635230881993648 0.0337571733993474 0.0259089731410312 0.0143297270187003 0.100502512562814 0.101894030208583 0.123787910047452 0.0164045839094467 0.00764657529009195 0.00979623824451411
"два" 0.034204739799658 0.0225047822662316 0.0345452975213749 0 0.0393270701332751 0.068928314552865 0.061893955023726 0.0515572637154039 0.0497027393855977 0.0391849529780564
"власть" 0.0293183483997068 0.112523911331158 0.094999568183781 0.0358243175467507 0.0218483722962639 0 0.010315659170621 0.0679618476248506 0.0477910955630747 0.0195924764890282
"мысли" 0.0439775225995602 0.0450095645324632 0.0259089731410312 0.0859783621122018 0.0568057679702862 0.0599376648285783 0.082525273364968 0.0351526798059572 0.0191164382252299 0.0587774294670846
"партии" 0.0390911311996091 0 0 0.0644837715841513 0.0131090233777584 0.0299688324142891 0 0.0187480958965105 0.126168492286517 0
"карла" 0 0 0 0 0 0.00599376648285783 0 0.0890534555084249 0.120433560818948 0
"перед" 0.0146591741998534 0.0731405423652526 0.0518179462820624 0.0429891810561009 0.061175442429539 0.0959002637257252 0.051578295853105 0.0140610719223829 0.0267630135153218 0.0391849529780564
"случае" 0.0977278279990227 0.0225047822662316 0 0.0358243175467507 0.0961328381035613 0.0239750659314313 0.010315659170621 0.0234351198706381 0.0554376708531666 0.0391849529780564
"ii" 0 0.0112523911331158 0 0 0 0.00899064972428674 0.020631318341242 0.0492137517283401 0.141461642866701 0.00979623824451411
"главе" 0.0390911311996091 0.0168785866996737 0.00863632438034373 0.0143297270187003 0 0.00599376648285783 0 0.037496191793021 0.131903423754086 0.00979623824451411
"кто" 0.0390911311996091 0.0675143467986947 0.0172726487606875 0.0358243175467507 0.0524360935110334 0.0569407815871494 0.113472250876831 0.0351526798059572 0.0172047944027069 0.088166144200627
"место" 0.0390911311996091 0.0787667379318105 0.0172726487606875 0.0214945905280504 0.0568057679702862 0.0179812994485735 0.020631318341242 0.0421832157671486 0.0669075337883046 0.00979623824451411
"имеет" 0.0537503053994625 0.0337571733993474 0.00863632438034373 0.0214945905280504 0.061175442429539 0.0869096140014385 0.051578295853105 0.0304656558318296 0.0133815067576609 0.117554858934169
"видели" 0.00977278279990227 0.050635760099021 0.0172726487606875 0.00716486350935015 0.0218483722962639 0.00299688324142891 0.010315659170621 0.0656183356377868 0.0974938349486724 0
"несмотря" 0.0195455655998045 0.0281309778327895 0.0172726487606875 0.0358243175467507 0.0218483722962639 0.0389594821385759 0.051578295853105 0.0398397037800848 0.0764657529009195 0.0391849529780564
"некоторые" 0.0293183483997068 0.050635760099021 0.0259089731410312 0.0859783621122018 0.0218483722962639 0.035962598897147 0.072209614194347 0.0328091678188934 0.0592609584982126 0
"силы" 0.0293183483997068 0.0450095645324632 0.120908541324812 0.0644837715841513 0.0480664190517806 0.035962598897147 0.010315659170621 0.0421832157671486 0.0344095888054138 0.0195924764890282
"быт" 0.00977278279990227 0.275683582761337 0.0172726487606875 0.0358243175467507 0.1573082805331 0.00599376648285783 0 0.00234351198706381 0.00191164382252299 0
"многие" 0.0244319569997557 0.0731405423652526 0.0518179462820624 0.0358243175467507 0.0218483722962639 0.0569407815871494 0.010315659170621 0.037496191793021 0.0516143832081207 0.00979623824451411
"будто" 0.0586366967994136 0.0731405423652526 0.0518179462820624 0 0.0655451168887918 0.0809158475185807 0.082525273364968 0.0140610719223829 0.0152931505801839 0.0195924764890282
"деле" 0.0635230881993648 0.0393833689659053 0.0259089731410312 0.0214945905280504 0.061175442429539 0.0299688324142891 0 0.0281221438447658 0.0516143832081207 0.0783699059561129
"которым" 0.0635230881993648 0.0450095645324632 0.0604542706624061 0.0358243175467507 0.0349573956740223 0.0449532486214337 0.020631318341242 0.0234351198706381 0.0535260270306437 0.00979623824451411
"могла" 0 0.050635760099021 0.0518179462820624 0.114637816149602 0.0262180467555167 0.0239750659314313 0.020631318341242 0.0656183356377868 0.0324979449828908 0.0391849529780564
"такой" 0.0879550451991205 0.050635760099021 0 0.0143297270187003 0.0393270701332751 0.0479501318628626 0.010315659170621 0.0492137517283401 0.0344095888054138 0.0195924764890282
"тот" 0.034204739799658 0.050635760099021 0.0259089731410312 0.0931432256215519 0.0262180467555167 0.0239750659314313 0.051578295853105 0.0421832157671486 0.0439678079180287 0.0391849529780564
"чтоб" 0.034204739799658 0 0 0 0.00873934891850557 0.0988971469671542 0.092840932535589 0.00703053596119144 0.0191164382252299 0.313479623824451
"совсем" 0.0537503053994625 0.0731405423652526 0 0.0358243175467507 0.0174786978370111 0.068928314552865 0.010315659170621 0.0398397037800848 0.0363212326279368 0.0195924764890282
"такое" 0.0977278279990227 0.0337571733993474 0.0259089731410312 0.0286594540374006 0.0480664190517806 0.0239750659314313 0.030946977511863 0.037496191793021 0.0363212326279368 0.0489811912225705
"степени" 0.0439775225995602 0.0337571733993474 0.00863632438034373 0.0214945905280504 0.0262180467555167 0.0269719491728602 0 0.0703053596119144 0.0554376708531666 0.00979623824451411
"весьма" 0.0244319569997557 0.0225047822662316 0.0345452975213749 0.0143297270187003 0.0131090233777584 0.116878446415728 0.072209614194347 0.0281221438447658 0.0324979449828908 0
"генрих" 0 0 0 0 0 0.00299688324142891 0 0.0328091678188934 0.14719657433427 0.00979623824451411
"да" 0.0977278279990227 0.0225047822662316 0.00863632438034373 0 0.0393270701332751 0.128865979381443 0.041262636682484 0.0117175599353191 0.00382328764504597 0.0489811912225705
"кроме" 0.0586366967994136 0.0168785866996737 0.00863632438034373 0.0788134986028516 0.0262180467555167 0.0269719491728602 0.030946977511863 0.0539007757024677 0.0439678079180287 0.0195924764890282
"науки" 0.0146591741998534 0.00562619556655789 0.0259089731410312 0.0716486350935015 0.00436967445925279 0.0149844162071446 0.020631318341242 0.0679618476248506 0.0133815067576609 0.313479623824451
"начале" 0.00977278279990227 0.0562619556655789 0.0259089731410312 0 0.0655451168887918 0.00599376648285783 0 0.0609313116636592 0.0649958899657816 0.00979623824451411
"века" 0.034204739799658 0.0168785866996737 0.0259089731410312 0.100308089130902 0.0436967445925279 0.0149844162071446 0.020631318341242 0.0585877996765953 0.0229397258702758 0.107758620689655
"влияние" 0.00977278279990227 0.0168785866996737 0.0172726487606875 0.0214945905280504 0.0218483722962639 0.0179812994485735 0.030946977511863 0.0539007757024677 0.0822006843684885 0.0195924764890282
"князей" 0 0.225047822662316 0.0604542706624061 0.00716486350935015 0.061175442429539 0 0 0.0164045839094467 0.0439678079180287 0
"одна" 0.00488639139995114 0.0337571733993474 0.00863632438034373 0.0573189080748012 0.0218483722962639 0.0569407815871494 0.051578295853105 0.0515572637154039 0.0344095888054138 0.0685736677115987
"двух" 0.00977278279990227 0.0393833689659053 0.0431816219017186 0.0429891810561009 0.0568057679702862 0.0629345480700072 0.061893955023726 0.0117175599353191 0.0401445202729827 0.0489811912225705
"например" 0.034204739799658 0 0.0172726487606875 0 0.0436967445925279 0.104890913450012 0.051578295853105 0.025778631857702 0.0267630135153218 0.0685736677115987
"городов" 0.00488639139995114 0.0281309778327895 0.0604542706624061 0.00716486350935015 0 0.00299688324142891 0.020631318341242 0.126549647301446 0.0344095888054138 0.00979623824451411
"европе" 0.0244319569997557 0.0618881512321368 0.00863632438034373 0.0644837715841513 0.0131090233777584 0.035962598897147 0.020631318341242 0.063274823650723 0.0324979449828908 0.0195924764890282
"эту" 0.00488639139995114 0.0225047822662316 0.00863632438034373 0.0358243175467507 0.0131090233777584 0.0569407815871494 0.041262636682484 0.0398397037800848 0.0611726023207356 0.0293887147335423
"котором" 0.0195455655998045 0.0168785866996737 0.0690905950427498 0.0214945905280504 0.0393270701332751 0.0749220810357228 0.030946977511863 0.0164045839094467 0.0420561640955057 0.0391849529780564
"свой" 0.034204739799658 0.0225047822662316 0.0259089731410312 0.0286594540374006 0.0436967445925279 0.035962598897147 0.010315659170621 0.0328091678188934 0.0420561640955057 0.107758620689655
"смерти" 0.00488639139995114 0.0281309778327895 0.0259089731410312 0.00716486350935015 0.00873934891850557 0.0239750659314313 0.010315659170621 0.0515572637154039 0.0802890405459655 0.0195924764890282
"цели" 0.00977278279990227 0.0562619556655789 0.0259089731410312 0.0358243175467507 0.0305877212147695 0.0149844162071446 0.010315659170621 0.0773358955731059 0.0382328764504598 0.00979623824451411
"автор" 0 0 0 0 0.249071444177409 0.0479501318628626 0.051578295853105 0.00468702397412763 0.0114698629351379 0
"быта" 0.034204739799658 0.135028693597389 0.0518179462820624 0.107472952640252 0.126720559318331 0.0119875329657157 0 0 0.00191164382252299 0
"говорит" 0.0244319569997557 0.0112523911331158 0.00863632438034373 0 0.104872187022067 0.035962598897147 0.020631318341242 0.0468702397412763 0.0133815067576609 0.127351097178683
"надо" 0.0195455655998045 0 0 0 0.00873934891850557 0.0299688324142891 0.072209614194347 0.0890534555084249 0.0458794517405517 0.00979623824451411
"своими" 0.0244319569997557 0.0450095645324632 0.0345452975213749 0.0214945905280504 0.0262180467555167 0.0269719491728602 0.030946977511863 0.0562442876895315 0.0458794517405517 0
"тут" 0.073295870999267 0.0112523911331158 0.0172726487606875 0 0.0218483722962639 0.13785662910573 0.051578295853105 0.00234351198706381 0.00573493146756896 0.0685736677115987
"государство" 0.0244319569997557 0.0900191290649263 0.0690905950427498 0.0286594540374006 0.0305877212147695 0.00599376648285783 0 0.063274823650723 0.0305863011603678 0
"новой" 0.0293183483997068 0.0562619556655789 0.0259089731410312 0 0.0393270701332751 0.0419563653800048 0.020631318341242 0.0703053596119144 0.0152931505801839 0.0293887147335423
"видим" 0 0.0168785866996737 0.00863632438034373 0.0573189080748012 0.0218483722962639 0.00599376648285783 0 0.0984275034566802 0.0420561640955057 0.00979623824451411
"всю" 0.0488639139995114 0.0450095645324632 0.103635892564125 0.0429891810561009 0.0218483722962639 0.0299688324142891 0.020631318341242 0.0281221438447658 0.0267630135153218 0.0391849529780564
"кажется" 0.0293183483997068 0.0393833689659053 0.0172726487606875 0.0573189080748012 0.0786541402665501 0.0779189642771518 0.041262636682484 0.00468702397412763 0.00764657529009195 0.0587774294670846
"этому" 0.034204739799658 0.0168785866996737 0.0172726487606875 0.00716486350935015 0.0305877212147695 0.0449532486214337 0.041262636682484 0.0562442876895315 0.0363212326279368 0.00979623824451411
"должна" 0.034204739799658 0.0450095645324632 0.0259089731410312 0.0573189080748012 0.0830238147258029 0.0209781826900024 0.010315659170621 0.0304656558318296 0.0248513696927988 0.0293887147335423
"евреи" 0.381138529196189 0 0 0 0 0 0 0.00937404794825526 0 0
"самой" 0.0537503053994625 0.0168785866996737 0.0431816219017186 0.0644837715841513 0.0524360935110334 0.035962598897147 0.030946977511863 0.0328091678188934 0.0210280820477529 0.0195924764890282
"самые" 0.0146591741998534 0.0112523911331158 0.0345452975213749 0.0716486350935015 0.0262180467555167 0.0179812994485735 0.020631318341242 0.0445267277542125 0.0497027393855977 0.0391849529780564
"франц" 0 0 0 0 0 0.00299688324142891 0 0.025778631857702 0.131903423754086 0.00979623824451411
"русского" 0.156364524798436 0.0337571733993474 0.0604542706624061 0.121802679658953 0.0393270701332751 0 0.092840932535589 0 0 0.00979623824451411
"личность" 0.0146591741998534 0.1068977157646 0.0259089731410312 0.0429891810561009 0.10924186148132 0.00299688324142891 0.010315659170621 0.0164045839094467 0.0133815067576609 0.0783699059561129
"такого" 0.073295870999267 0.0112523911331158 0.0259089731410312 0.00716486350935015 0.0393270701332751 0.00899064972428674 0.010315659170621 0.0445267277542125 0.0458794517405517 0.0293887147335423
"нового" 0.0195455655998045 0.0450095645324632 0.0172726487606875 0.0143297270187003 0.0131090233777584 0.0299688324142891 0.041262636682484 0.0445267277542125 0.0420561640955057 0.0489811912225705
"первых" 0 0.0393833689659053 0.0172726487606875 0.0286594540374006 0.0393270701332751 0.0299688324142891 0.041262636682484 0.0328091678188934 0.0497027393855977 0.0293887147335423
"самое" 0.0537503053994625 0.0112523911331158 0.0431816219017186 0.0358243175467507 0.0262180467555167 0.0449532486214337 0.010315659170621 0.0328091678188934 0.0324979449828908 0.0293887147335423
"умер" 0 0.0168785866996737 0.00863632438034373 0 0 0 0 0.063274823650723 0.0841123281910115 0.0391849529780564
"через" 0.0244319569997557 0.0562619556655789 0.094999568183781 0.0931432256215519 0.0262180467555167 0.0329657156557181 0.010315659170621 0.0187480958965105 0.0248513696927988 0.00979623824451411
"веков" 0.0195455655998045 0.0225047822662316 0.0345452975213749 0.0286594540374006 0.00436967445925279 0.0119875329657157 0.020631318341242 0.0960839914696164 0.00764657529009195 0.0979623824451411
"вся" 0.0635230881993648 0.0562619556655789 0.0345452975213749 0.0286594540374006 0.0262180467555167 0.0269719491728602 0.041262636682484 0.0304656558318296 0.0229397258702758 0.0293887147335423
"друг" 0.034204739799658 0.0675143467986947 0.0690905950427498 0.0286594540374006 0.0218483722962639 0.0539438983457204 0.010315659170621 0.0210916078835743 0.0152931505801839 0.0587774294670846
"духа" 0.0390911311996091 0.0112523911331158 0.0345452975213749 0.193451314752454 0.0436967445925279 0.0179812994485735 0.010315659170621 0.00937404794825526 0.00764657529009195 0.117554858934169
"имел" 0.00488639139995114 0.0168785866996737 0.00863632438034373 0 0.0131090233777584 0.0209781826900024 0.010315659170621 0.0562442876895315 0.0649958899657816 0.0391849529780564
"каким" 0.0586366967994136 0.0168785866996737 0.00863632438034373 0.0143297270187003 0.0742844658072974 0.0329657156557181 0.041262636682484 0.0304656558318296 0.0210280820477529 0.0391849529780564
"дела" 0.0293183483997068 0.0281309778327895 0.00863632438034373 0 0.0262180467555167 0.0239750659314313 0 0.0304656558318296 0.0688191776108276 0.0195924764890282
"нашего" 0.073295870999267 0.0450095645324632 0.0431816219017186 0.0143297270187003 0.0830238147258029 0.0119875329657157 0.113472250876831 0.00468702397412763 0.0114698629351379 0.0489811912225705
"развитие" 0.0244319569997557 0.0787667379318105 0.00863632438034373 0.157626997205703 0.0655451168887918 0.0149844162071446 0.010315659170621 0.0187480958965105 0.00191164382252299 0.0489811912225705
"своем" 0.0195455655998045 0.00562619556655789 0 0.0859783621122018 0.0218483722962639 0.0299688324142891 0.041262636682484 0.0304656558318296 0.0363212326279368 0.088166144200627
"другое" 0.0390911311996091 0.0337571733993474 0.0259089731410312 0.0286594540374006 0.0436967445925279 0.0149844162071446 0 0.0445267277542125 0.0210280820477529 0.0979623824451411
"известно" 0.0195455655998045 0.00562619556655789 0.00863632438034373 0.0143297270187003 0.0305877212147695 0.0809158475185807 0.020631318341242 0.0328091678188934 0.0344095888054138 0
"направление" 0.0146591741998534 0 0.0172726487606875 0.100308089130902 0.061175442429539 0.0209781826900024 0.051578295853105 0.025778631857702 0.0286746573378448 0.0489811912225705
"другого" 0.0293183483997068 0.050635760099021 0 0.0716486350935015 0.061175442429539 0.0269719491728602 0.020631318341242 0.0328091678188934 0.0133815067576609 0.0391849529780564
"имели" 0.00488639139995114 0.0675143467986947 0.00863632438034373 0.0429891810561009 0.0262180467555167 0.0179812994485735 0 0.0539007757024677 0.0363212326279368 0.00979623824451411
"словом" 0.073295870999267 0.0393833689659053 0.00863632438034373 0.0286594540374006 0.0174786978370111 0.00599376648285783 0.010315659170621 0.0445267277542125 0.0382328764504598 0.0195924764890282
"войны" 0 0.0337571733993474 0.0777269194230935 0.0143297270187003 0.0131090233777584 0 0.010315659170621 0.063274823650723 0.0477910955630747 0.00979623824451411
"историю" 0 0.0618881512321368 0.00863632438034373 0.0143297270187003 0.0480664190517806 0.0179812994485735 0 0.0867099435213611 0.0114698629351379 0
"которую" 0.034204739799658 0.0168785866996737 0.0259089731410312 0.0429891810561009 0.0393270701332751 0.0419563653800048 0.030946977511863 0.025778631857702 0.0286746573378448 0.0293887147335423
"начал" 0.034204739799658 0.0225047822662316 0.0345452975213749 0.0573189080748012 0.0262180467555167 0.00899064972428674 0 0.0421832157671486 0.0344095888054138 0.0587774294670846
"всеми" 0.0146591741998534 0.0337571733993474 0.0259089731410312 0.0143297270187003 0.0131090233777584 0.0569407815871494 0.030946977511863 0.0328091678188934 0.0344095888054138 0.0195924764890282
"движение" 0.034204739799658 0.00562619556655789 0.00863632438034373 0.0429891810561009 0 0.0179812994485735 0 0.037496191793021 0.0611726023207356 0.0391849529780564
"другим" 0.00488639139995114 0.0618881512321368 0 0.0358243175467507 0.0830238147258029 0.0149844162071446 0 0.0328091678188934 0.0305863011603678 0.0195924764890282
"какое" 0.0195455655998045 0.0562619556655789 0.0172726487606875 0.050154044565451 0.0349573956740223 0.0539438983457204 0.020631318341242 0.0234351198706381 0.0191164382252299 0.0195924764890282
"лица" 0.00488639139995114 0.0225047822662316 0.00863632438034373 0.0143297270187003 0.0436967445925279 0.0569407815871494 0.030946977511863 0.0210916078835743 0.0439678079180287 0.00979623824451411
"однако" 0.0635230881993648 0.0337571733993474 0.00863632438034373 0.121802679658953 0.0131090233777584 0.00899064972428674 0 0.0281221438447658 0.0305863011603678 0.0195924764890282
"снова" 0.0146591741998534 0 0.094999568183781 0.0358243175467507 0.0131090233777584 0.0179812994485735 0.010315659170621 0.0304656558318296 0.0497027393855977 0.0489811912225705
"сторону" 0.034204739799658 0.0112523911331158 0.0259089731410312 0.0286594540374006 0.0305877212147695 0.0389594821385759 0.010315659170621 0.0304656558318296 0.0420561640955057 0.00979623824451411
"англии" 0.0537503053994625 0 0.0172726487606875 0.00716486350935015 0 0 0.020631318341242 0.0304656558318296 0.0822006843684885 0
"мнение" 0.0293183483997068 0.0112523911331158 0.00863632438034373 0.0716486350935015 0.0524360935110334 0.00899064972428674 0.030946977511863 0.0562442876895315 0.0210280820477529 0
"первый" 0.00488639139995114 0.0337571733993474 0.0431816219017186 0.0214945905280504 0.0480664190517806 0.035962598897147 0.072209614194347 0.0328091678188934 0.0210280820477529 0.0195924764890282
"части" 0.0195455655998045 0.050635760099021 0.00863632438034373 0.0358243175467507 0.0174786978370111 0.0239750659314313 0.165050546729936 0.0304656558318296 0.0191164382252299 0.0195924764890282
"вопрос" 0.122159784998778 0.0225047822662316 0.0172726487606875 0.0143297270187003 0.0218483722962639 0.0179812994485735 0 0.0210916078835743 0.0248513696927988 0.0489811912225705
"е" 0.180796481798192 0 0.0172726487606875 0.0286594540374006 0.0218483722962639 0.00599376648285783 0 0.0328091678188934 0.00573493146756896 0.0391849529780564
"лучше" 0.0244319569997557 0.0281309778327895 0.0518179462820624 0.0358243175467507 0.0655451168887918 0.035962598897147 0.092840932535589 0.0140610719223829 0.00955821911261494 0.0293887147335423
"папа" 0 0 0.00863632438034373 0 0 0 0 0.0445267277542125 0.0955821911261494 0.00979623824451411
"почему" 0.0488639139995114 0.0225047822662316 0 0.050154044565451 0.0961328381035613 0.0419563653800048 0.010315659170621 0.0140610719223829 0.00573493146756896 0.0391849529780564
"следовательно" 0.0537503053994625 0.0393833689659053 0.0172726487606875 0.0286594540374006 0.104872187022067 0 0 0.025778631857702 0.0229397258702758 0
"вследствие" 0.00488639139995114 0.0337571733993474 0 0.050154044565451 0.0131090233777584 0.00299688324142891 0.020631318341242 0.0351526798059572 0.0669075337883046 0
"исключительно" 0.0195455655998045 0.118150106897716 0 0.0143297270187003 0.0786541402665501 0.00299688324142891 0.041262636682484 0.0234351198706381 0.00955821911261494 0.0489811912225705
"сами" 0.0977278279990227 0.050635760099021 0 0.0143297270187003 0.0218483722962639 0.0329657156557181 0.030946977511863 0.0281221438447658 0.0152931505801839 0
"три" 0.0195455655998045 0.00562619556655789 0 0.0358243175467507 0.0218483722962639 0.0839127307600096 0.030946977511863 0.0328091678188934 0.0191164382252299 0
"учение" 0.0439775225995602 0.00562619556655789 0.00863632438034373 0.0859783621122018 0.0262180467555167 0 0 0.0117175599353191 0.0688191776108276 0
"вполне" 0.0830686537991693 0.0393833689659053 0.0259089731410312 0.0429891810561009 0.0393270701332751 0.0209781826900024 0.030946977511863 0.0140610719223829 0.0191164382252299 0.00979623824451411
"впоследствии" 0.00977278279990227 0.0225047822662316 0.0518179462820624 0.0358243175467507 0 0.00299688324142891 0 0.0468702397412763 0.0573493146756896 0.00979623824451411
"действительно" 0.0537503053994625 0.0168785866996737 0.00863632438034373 0.0358243175467507 0.0262180467555167 0.0449532486214337 0 0.0140610719223829 0.0401445202729827 0.00979623824451411
"иногда" 0.0195455655998045 0.0168785866996737 0.0172726487606875 0.0429891810561009 0.0218483722962639 0.0599376648285783 0.041262636682484 0.0421832157671486 0.0114698629351379 0.00979623824451411
"меня" 0 0 0.00863632438034373 0.0214945905280504 0 0.155837928554304 0.041262636682484 0.00468702397412763 0.00573493146756896 0.0391849529780564
"мере" 0.0439775225995602 0.0450095645324632 0.0518179462820624 0.0214945905280504 0.0305877212147695 0.0329657156557181 0.051578295853105 0.0140610719223829 0.0229397258702758 0.0195924764890282
"пользу" 0.034204739799658 0.0393833689659053 0.0172726487606875 0.0143297270187003 0.0480664190517806 0.0239750659314313 0 0.0281221438447658 0.0324979449828908 0.0293887147335423
"пор" 0.0488639139995114 0.0281309778327895 0.0431816219017186 0.0716486350935015 0.0218483722962639 0.0479501318628626 0.072209614194347 0.0140610719223829 0.00955821911261494 0
"тому" 0.0684094795993159 0.0168785866996737 0.0172726487606875 0.0573189080748012 0.0393270701332751 0.0179812994485735 0.010315659170621 0.0351526798059572 0.0152931505801839 0.0293887147335423
"la" 0.00488639139995114 0 0.0259089731410312 0 0.0655451168887918 0.0959002637257252 0.010315659170621 0.0117175599353191 0.0210280820477529 0.00979623824451411
"вам" 0.034204739799658 0 0 0.00716486350935015 0.0174786978370111 0.16482857827859 0.010315659170621 0 0 0
"всякого" 0.0390911311996091 0.0450095645324632 0.0431816219017186 0.0429891810561009 0.0349573956740223 0.0299688324142891 0.030946977511863 0.025778631857702 0.00573493146756896 0.0587774294670846
"деятельности" 0.0195455655998045 0.0337571733993474 0.00863632438034373 0.0859783621122018 0.0218483722962639 0.0119875329657157 0.051578295853105 0.0351526798059572 0.0267630135153218 0.0195924764890282
"древней" 0 0.151907280297063 0.0172726487606875 0.0644837715841513 0.0524360935110334 0 0.010315659170621 0.037496191793021 0.00191164382252299 0
"новые" 0.00977278279990227 0.0225047822662316 0.0431816219017186 0.0214945905280504 0.0131090233777584 0.0329657156557181 0.041262636682484 0.0445267277542125 0.0305863011603678 0.00979623824451411
"отношении" 0.0390911311996091 0.0112523911331158 0.0345452975213749 0.0214945905280504 0.0349573956740223 0.0209781826900024 0.061893955023726 0.0164045839094467 0.0382328764504598 0.0293887147335423
"разумеется" 0.0537503053994625 0.00562619556655789 0 0.0143297270187003 0.0699147913480446 0.0389594821385759 0.010315659170621 0.0210916078835743 0.0210280820477529 0.0391849529780564
"скоро" 0.0390911311996091 0.0112523911331158 0.0431816219017186 0.0286594540374006 0.0131090233777584 0.0299688324142891 0.030946977511863 0.0234351198706381 0.0401445202729827 0.0195924764890282
"учения" 0.0439775225995602 0 0.0259089731410312 0.0859783621122018 0.0218483722962639 0.00299688324142891 0 0.0117175599353191 0.0630842461432586 0
"хотел" 0 0.0168785866996737 0.00863632438034373 0.00716486350935015 0.0174786978370111 0.00899064972428674 0.010315659170621 0.0304656558318296 0.0764657529009195 0.0195924764890282
"войска" 0.00488639139995114 0.00562619556655789 0.0259089731410312 0 0.00436967445925279 0.00599376648285783 0 0.0539007757024677 0.0688191776108276 0
"другими" 0.034204739799658 0.0675143467986947 0.00863632438034373 0.050154044565451 0.0524360935110334 0.0269719491728602 0.010315659170621 0.0281221438447658 0.0114698629351379 0
"могут" 0.112387002198876 0.00562619556655789 0.00863632438034373 0.0644837715841513 0.0174786978370111 0.0299688324142891 0.051578295853105 0.00703053596119144 0.00573493146756896 0.0783699059561129
"новый" 0.0195455655998045 0.0731405423652526 0.0604542706624061 0 0.0218483722962639 0.0239750659314313 0.061893955023726 0.025778631857702 0.0172047944027069 0.0391849529780564
"новых" 0.0244319569997557 0.0112523911331158 0.0172726487606875 0.0143297270187003 0.00873934891850557 0.0389594821385759 0.030946977511863 0.0515572637154039 0.0305863011603678 0
"таких" 0.0293183483997068 0.0225047822662316 0.00863632438034373 0.0214945905280504 0.00436967445925279 0.0239750659314313 0.041262636682484 0.0468702397412763 0.0324979449828908 0.0293887147335423
"iii" 0 0.0337571733993474 0.0172726487606875 0 0.0262180467555167 0.00299688324142891 0 0.0328091678188934 0.0726424652558735 0
"представляет" 0.0293183483997068 0.0450095645324632 0.0345452975213749 0.0716486350935015 0.00873934891850557 0.0569407815871494 0.030946977511863 0.0210916078835743 0.00382328764504597 0.0293887147335423
"церковь" 0.00488639139995114 0.0225047822662316 0.0604542706624061 0.107472952640252 0.00873934891850557 0.00299688324142891 0 0.0421832157671486 0.0305863011603678 0.0195924764890282
"весь" 0.0439775225995602 0.0225047822662316 0.0259089731410312 0.0716486350935015 0.0218483722962639 0.0449532486214337 0.020631318341242 0.0117175599353191 0.0172047944027069 0.0293887147335423
"генриха" 0 0 0 0 0 0.00299688324142891 0 0.0210916078835743 0.105140410238764 0
"едва" 0.0488639139995114 0.0281309778327895 0.0518179462820624 0.0358243175467507 0.0305877212147695 0.0419563653800048 0.051578295853105 0.0117175599353191 0.0133815067576609 0.00979623824451411
"положение" 0.0586366967994136 0.0225047822662316 0 0.00716486350935015 0.0262180467555167 0.00299688324142891 0.010315659170621 0.0304656558318296 0.0458794517405517 0.0293887147335423
"сначала" 0.00488639139995114 0.123776302464274 0 0 0.00873934891850557 0.00299688324142891 0 0.0398397037800848 0.0420561640955057 0
"хорошо" 0.00488639139995114 0.0225047822662316 0.00863632438034373 0 0.0262180467555167 0.0659314313114361 0.082525273364968 0.0164045839094467 0.0248513696927988 0.0293887147335423
"внимание" 0.0195455655998045 0.0281309778327895 0.00863632438034373 0.0286594540374006 0.0174786978370111 0.0299688324142891 0.030946977511863 0.0304656558318296 0.0344095888054138 0.0195924764890282
"либо" 0.0488639139995114 0.0112523911331158 0.00863632438034373 0.0143297270187003 0.0218483722962639 0.00299688324142891 0 0.0539007757024677 0.0382328764504598 0
"лютер" 0 0 0 0 0 0 0 0.00234351198706381 0.118521916996425 0.00979623824451411
"макиавелли" 0 0 0 0 0 0 0 0.124206135314382 0.0210280820477529 0
"новое" 0.0195455655998045 0.0843929334983684 0.0345452975213749 0.0286594540374006 0.0131090233777584 0.00899064972428674 0.041262636682484 0.0210916078835743 0.0229397258702758 0.0587774294670846
"протестантов" 0 0 0 0 0 0 0 0 0.122345204641471 0
"слова" 0.0488639139995114 0.0337571733993474 0.0259089731410312 0.00716486350935015 0.0699147913480446 0.035962598897147 0.030946977511863 0.0164045839094467 0.00955821911261494 0.00979623824451411
"столетии" 0 0 0 0 0 0.0119875329657157 0 0.0913969674954887 0.0401445202729827 0
"частью" 0.0146591741998534 0.0393833689659053 0 0 0.0131090233777584 0.0209781826900024 0 0.0398397037800848 0.0516143832081207 0
"xv" 0 0 0 0.0286594540374006 0 0.00899064972428674 0 0.0843664315342973 0.0401445202729827 0
"вероятно" 0.0293183483997068 0.0112523911331158 0 0.0214945905280504 0.0218483722962639 0.116878446415728 0.010315659170621 0.00703053596119144 0.00764657529009195 0
"ими" 0.0390911311996091 0.0562619556655789 0.00863632438034373 0.0358243175467507 0.0436967445925279 0.0299688324142891 0.010315659170621 0.00937404794825526 0.0114698629351379 0.0783699059561129
"иоанн" 0 0.118150106897716 0.0259089731410312 0.00716486350935015 0.0655451168887918 0 0 0.0140610719223829 0.0324979449828908 0
"литературы" 0.0195455655998045 0 0 0.00716486350935015 0.0873934891850557 0.0119875329657157 0.268207138436146 0.0164045839094467 0 0.00979623824451411
"людвиг" 0 0 0 0 0 0 0 0.140610719223829 0.00573493146756896 0
"наше" 0.0537503053994625 0.0281309778327895 0.0259089731410312 0.0143297270187003 0.0305877212147695 0.0119875329657157 0.092840932535589 0.0351526798059572 0.0133815067576609 0
"отношений" 0.0293183483997068 0.0337571733993474 0 0.186286451243104 0.0436967445925279 0 0 0.0187480958965105 0.0133815067576609 0
"своему" 0.0390911311996091 0.0225047822662316 0.00863632438034373 0.0358243175467507 0.0349573956740223 0.0209781826900024 0.010315659170621 0.0281221438447658 0.0305863011603678 0.00979623824451411
"сколько" 0.034204739799658 0.0168785866996737 0.00863632438034373 0.0143297270187003 0.0218483722962639 0.0569407815871494 0.041262636682484 0.0140610719223829 0.0133815067576609 0.088166144200627
"стало" 0.0684094795993159 0.0731405423652526 0.0172726487606875 0 0.0218483722962639 0.00899064972428674 0.020631318341242 0.00937404794825526 0.0191164382252299 0.0979623824451411
"иметь" 0.0293183483997068 0.0225047822662316 0.0172726487606875 0.0214945905280504 0.0305877212147695 0.0419563653800048 0.020631318341242 0.0117175599353191 0.0286746573378448 0.0391849529780564
"могло" 0.0244319569997557 0.0337571733993474 0.0345452975213749 0.0644837715841513 0.0349573956740223 0.00599376648285783 0.010315659170621 0.025778631857702 0.0248513696927988 0.0293887147335423
"первые" 0.00488639139995114 0.0618881512321368 0.0172726487606875 0.0358243175467507 0.0349573956740223 0.0149844162071446 0.010315659170621 0.0351526798059572 0.0248513696927988 0.00979623824451411
"стороне" 0.00977278279990227 0.00562619556655789 0.0172726487606875 0.0143297270187003 0.0131090233777584 0.0149844162071446 0 0.0234351198706381 0.0688191776108276 0.00979623824451411
"движения" 0.0146591741998534 0.00562619556655789 0 0.0143297270187003 0.00436967445925279 0.00899064972428674 0.020631318341242 0.0492137517283401 0.0497027393855977 0.0195924764890282
"мне" 0.00977278279990227 0 0.0259089731410312 0.0143297270187003 0 0.122872212898585 0.041262636682484 0.0140610719223829 0.00573493146756896 0
"наука" 0.00488639139995114 0.00562619556655789 0 0.0286594540374006 0 0.00299688324142891 0.010315659170621 0.0421832157671486 0.00573493146756896 0.313479623824451
"некоторых" 0.0195455655998045 0.00562619556655789 0 0.0573189080748012 0.0131090233777584 0.0329657156557181 0.030946977511863 0.0281221438447658 0.0344095888054138 0.00979623824451411
"области" 0.0488639139995114 0.0675143467986947 0.103635892564125 0 0.0131090233777584 0 0.020631318341242 0.0140610719223829 0.0305863011603678 0
"испании" 0 0 0 0 0 0.00599376648285783 0 0.0351526798059572 0.0822006843684885 0
"какие" 0.0390911311996091 0.0450095645324632 0.00863632438034373 0.0429891810561009 0.00436967445925279 0.0299688324142891 0.010315659170621 0.0328091678188934 0.0172047944027069 0.0195924764890282
"католицизма" 0 0.00562619556655789 0.00863632438034373 0 0.00436967445925279 0.00299688324142891 0 0.0140610719223829 0.0879356158360574 0.0391849529780564
"одни" 0.00488639139995114 0.0618881512321368 0.0172726487606875 0.0286594540374006 0.0393270701332751 0.00299688324142891 0.030946977511863 0.0281221438447658 0.0248513696927988 0.0391849529780564
"самых" 0.0146591741998534 0.0112523911331158 0.0259089731410312 0.0644837715841513 0.0174786978370111 0.0299688324142891 0.020631318341242 0.0281221438447658 0.0286746573378448 0
"везде" 0.0146591741998534 0.0337571733993474 0.0431816219017186 0.0143297270187003 0.0305877212147695 0.0179812994485735 0.010315659170621 0.0328091678188934 0.0172047944027069 0.0587774294670846
"далее" 0.00488639139995114 0.0168785866996737 0.00863632438034373 0.0286594540374006 0.0568057679702862 0.0149844162071446 0 0.0281221438447658 0.0305863011603678 0.0391849529780564
"христианство" 0.0830686537991693 0.0337571733993474 0.0518179462820624 0.0358243175467507 0.0480664190517806 0 0 0.0234351198706381 0.00382328764504597 0.0195924764890282
"явление" 0.034204739799658 0.050635760099021 0.00863632438034373 0 0.0349573956740223 0.0299688324142891 0.030946977511863 0.0328091678188934 0.00955821911261494 0.0195924764890282
"дать" 0.0244319569997557 0.0618881512321368 0 0.0214945905280504 0.0262180467555167 0.0209781826900024 0.020631318341242 0.0187480958965105 0.0267630135153218 0.0195924764890282
"князя" 0.00488639139995114 0.112523911331158 0.0604542706624061 0.0143297270187003 0.0524360935110334 0.00299688324142891 0.020631318341242 0.00937404794825526 0.0172047944027069 0
"направления" 0.00488639139995114 0.00562619556655789 0.00863632438034373 0.0573189080748012 0.0262180467555167 0.0209781826900024 0.041262636682484 0.0492137517283401 0.00955821911261494 0.0391849529780564
"народов" 0.00977278279990227 0.0450095645324632 0.0345452975213749 0.0931432256215519 0.0262180467555167 0.00299688324142891 0 0.0398397037800848 0.00955821911261494 0.0195924764890282
"престол" 0 0.0225047822662316 0.0604542706624061 0 0 0 0 0.025778631857702 0.0688191776108276 0
"слишком" 0.034204739799658 0.0450095645324632 0.0259089731410312 0.00716486350935015 0.0436967445925279 0.0119875329657157 0.051578295853105 0.0117175599353191 0.0267630135153218 0.00979623824451411
"стоит" 0.0390911311996091 0 0.00863632438034373 0.0214945905280504 0.0262180467555167 0.0389594821385759 0.041262636682484 0.0328091678188934 0.0114698629351379 0.0293887147335423
"её" 0.00488639139995114 0 0.466361516538561 0 0.00436967445925279 0 0 0.00234351198706381 0 0
"западной" 0.0146591741998534 0.0112523911331158 0.0431816219017186 0.0644837715841513 0.0305877212147695 0 0 0.0492137517283401 0.0191164382252299 0
"идеи" 0.0439775225995602 0.0112523911331158 0.00863632438034373 0 0.0436967445925279 0.0299688324142891 0 0.0304656558318296 0.0172047944027069 0.0293887147335423
"любви" 0.0146591741998534 0 0.129544865705156 0.00716486350935015 0.0480664190517806 0.0239750659314313 0.041262636682484 0.0117175599353191 0.00955821911261494 0.0489811912225705
"отсюда" 0.00488639139995114 0.0281309778327895 0 0.050154044565451 0.0174786978370111 0.00599376648285783 0 0.0445267277542125 0.0363212326279368 0
"русских" 0.12704617639873 0.0618881512321368 0.0863632438034373 0.0143297270187003 0.00436967445925279 0 0.072209614194347 0 0 0
"смысл" 0.0195455655998045 0.050635760099021 0.0172726487606875 0.0716486350935015 0.0262180467555167 0.035962598897147 0.010315659170621 0.0117175599353191 0.00955821911261494 0.0293887147335423
"чисто" 0.034204739799658 0.0562619556655789 0 0.0214945905280504 0.0218483722962639 0.0149844162071446 0 0.0328091678188934 0.0152931505801839 0.0489811912225705
"возможность" 0.0439775225995602 0.0281309778327895 0.0259089731410312 0.0214945905280504 0.0218483722962639 0.0149844162071446 0 0.025778631857702 0.0229397258702758 0.0293887147335423
"выше" 0.0146591741998534 0.0281309778327895 0.00863632438034373 0.0214945905280504 0.0305877212147695 0.00899064972428674 0.061893955023726 0.0234351198706381 0.0248513696927988 0.0489811912225705
"единства" 0.0195455655998045 0.101271520198042 0.0345452975213749 0.0573189080748012 0.0436967445925279 0 0 0.0164045839094467 0.00573493146756896 0.0195924764890282
"князья" 0 0.123776302464274 0.0604542706624061 0.00716486350935015 0.0174786978370111 0 0 0.0140610719223829 0.0305863011603678 0
"легко" 0.0195455655998045 0 0.0259089731410312 0.0716486350935015 0.0393270701332751 0.0269719491728602 0.072209614194347 0.0140610719223829 0.00764657529009195 0.0391849529780564
"напротив" 0.034204739799658 0.0225047822662316 0.00863632438034373 0.150462133696353 0.0393270701332751 0.0149844162071446 0.020631318341242 0.0117175599353191 0.00191164382252299 0.00979623824451411
"одну" 0.00488639139995114 0.0281309778327895 0.0345452975213749 0.050154044565451 0.0305877212147695 0.0179812994485735 0.010315659170621 0.025778631857702 0.0191164382252299 0.0391849529780564
"папы" 0 0 0 0.0143297270187003 0 0 0 0.0445267277542125 0.0630842461432586 0.0195924764890282
"племени" 0.117273393598827 0.0337571733993474 0.0518179462820624 0.0214945905280504 0.061175442429539 0 0 0.00703053596119144 0 0
"силу" 0.0488639139995114 0.0225047822662316 0.0518179462820624 0.00716486350935015 0.0349573956740223 0.0149844162071446 0.030946977511863 0.0187480958965105 0.0152931505801839 0.0293887147335423
"сознания" 0.0635230881993648 0.0112523911331158 0.00863632438034373 0.0788134986028516 0.100502512562814 0.0119875329657157 0 0.00234351198706381 0 0.00979623824451411
"средних" 0.00488639139995114 0 0 0.00716486350935015 0.00873934891850557 0.00299688324142891 0.020631318341242 0.0867099435213611 0.00573493146756896 0.088166144200627
"трудно" 0.0195455655998045 0.0168785866996737 0.00863632438034373 0 0.0480664190517806 0.0119875329657157 0 0.0351526798059572 0.0324979449828908 0.00979623824451411
"целью" 0.00977278279990227 0.0225047822662316 0 0.0286594540374006 0.0218483722962639 0.0239750659314313 0 0.0398397037800848 0.0267630135153218 0.0195924764890282
"чрезвычайно" 0 0 0 0 0 0.0449532486214337 0.020631318341242 0.0398397037800848 0.0363212326279368 0.0293887147335423
"является" 0.0439775225995602 0.0168785866996737 0.0345452975213749 0.0214945905280504 0.00873934891850557 0.0239750659314313 0.010315659170621 0.0445267277542125 0.0114698629351379 0.00979623824451411
"вещей" 0.00977278279990227 0.0618881512321368 0 0.0214945905280504 0.0262180467555167 0.0149844162071446 0.020631318341242 0.0398397037800848 0.0133815067576609 0.0195924764890282
"влияния" 0.00977278279990227 0.0168785866996737 0.0172726487606875 0.0358243175467507 0.0262180467555167 0.00899064972428674 0.010315659170621 0.0304656558318296 0.0363212326279368 0.00979623824451411
"война" 0 0.0112523911331158 0.0690905950427498 0 0.00436967445925279 0 0 0.0281221438447658 0.0592609584982126 0.00979623824451411
"глубоко" 0.00488639139995114 0.0337571733993474 0.00863632438034373 0.0143297270187003 0.0393270701332751 0.0119875329657157 0.041262636682484 0.025778631857702 0.0229397258702758 0.0489811912225705
"д" 0.0537503053994625 0.0168785866996737 0 0 0.0305877212147695 0.0329657156557181 0.041262636682484 0.0281221438447658 0.0133815067576609 0
"долго" 0.00488639139995114 0.0675143467986947 0.0863632438034373 0.0214945905280504 0.00436967445925279 0.0209781826900024 0.010315659170621 0.0140610719223829 0.0229397258702758 0.0195924764890282
"иначе" 0.0439775225995602 0.0450095645324632 0.00863632438034373 0.0286594540374006 0.0349573956740223 0.00599376648285783 0.020631318341242 0.0234351198706381 0.0114698629351379 0.0489811912225705
"крайней" 0.0244319569997557 0.0337571733993474 0.0172726487606875 0.0214945905280504 0.0305877212147695 0.0239750659314313 0.041262636682484 0.0140610719223829 0.0248513696927988 0.00979623824451411
"лицо" 0.00488639139995114 0.0450095645324632 0.00863632438034373 0.0214945905280504 0.0218483722962639 0.0509470151042915 0.041262636682484 0.0304656558318296 0.00573493146756896 0
"нему" 0.0146591741998534 0.0168785866996737 0 0.00716486350935015 0.0436967445925279 0.0179812994485735 0.010315659170621 0.0164045839094467 0.0420561640955057 0.0195924764890282
"обыкновенно" 0.00977278279990227 0.00562619556655789 0 0.0429891810561009 0.0349573956740223 0.0119875329657157 0 0.0468702397412763 0.0248513696927988 0.00979623824451411
"понятия" 0.00977278279990227 0.0393833689659053 0.0259089731410312 0.0644837715841513 0.0262180467555167 0.00599376648285783 0 0.0234351198706381 0.0229397258702758 0.0391849529780564
"самый" 0.00977278279990227 0.0168785866996737 0.0172726487606875 0.100308089130902 0.00436967445925279 0.0269719491728602 0.010315659170621 0.0140610719223829 0.0286746573378448 0.0195924764890282
"собой" 0.0488639139995114 0.0393833689659053 0 0 0.00436967445925279 0.0149844162071446 0 0.0351526798059572 0.0305863011603678 0.00979623824451411
"тотчас" 0.0293183483997068 0.00562619556655789 0 0 0.00436967445925279 0.0389594821385759 0 0.0304656558318296 0.0401445202729827 0
"чего" 0.034204739799658 0.0337571733993474 0 0.00716486350935015 0.0655451168887918 0.0209781826900024 0.051578295853105 0.0164045839094467 0.00382328764504597 0.0489811912225705
"гораздо" 0.00977278279990227 0.0225047822662316 0 0 0.0349573956740223 0.035962598897147 0.041262636682484 0.0117175599353191 0.0305863011603678 0.0293887147335423
"жить" 0.0195455655998045 0.0675143467986947 0.00863632438034373 0.0143297270187003 0.0436967445925279 0.00599376648285783 0.113472250876831 0.0164045839094467 0.00573493146756896 0.0195924764890282
"искусства" 0.00488639139995114 0 0.00863632438034373 0.0214945905280504 0.0393270701332751 0.0659314313114361 0 0.00468702397412763 0.0133815067576609 0.088166144200627
"конце" 0 0 0.00863632438034373 0 0.00436967445925279 0.00899064972428674 0 0.0820229195472335 0.0267630135153218 0
"лютера" 0 0 0 0.0143297270187003 0 0.00299688324142891 0 0 0.0974938349486724 0
"прав" 0.0586366967994136 0.0225047822662316 0.0172726487606875 0.0214945905280504 0.0218483722962639 0 0 0.0281221438447658 0.0305863011603678 0
"сословия" 0 0.0168785866996737 0 0.0214945905280504 0.00873934891850557 0 0.010315659170621 0.063274823650723 0.0344095888054138 0
"цель" 0.00977278279990227 0.0450095645324632 0.0172726487606875 0.0214945905280504 0.0480664190517806 0.0149844162071446 0.010315659170621 0.0421832157671486 0.00764657529009195 0
"город" 0 0.00562619556655789 0.0518179462820624 0 0.00436967445925279 0.0119875329657157 0.010315659170621 0.0539007757024677 0.0305863011603678 0.00979623824451411
"дома" 0.00488639139995114 0 0.0172726487606875 0 0.0131090233777584 0.0119875329657157 0.030946977511863 0.0468702397412763 0.0324979449828908 0.0293887147335423
"зрения" 0.0586366967994136 0.0393833689659053 0 0.0143297270187003 0.0524360935110334 0.0119875329657157 0.010315659170621 0.0210916078835743 0.00955821911261494 0.00979623824451411
"имела" 0 0.0281309778327895 0.0172726487606875 0.0214945905280504 0.0131090233777584 0.0239750659314313 0.010315659170621 0.025778631857702 0.0344095888054138 0.0195924764890282
"никакого" 0.0537503053994625 0.0450095645324632 0.0345452975213749 0.00716486350935015 0.00873934891850557 0.0239750659314313 0.030946977511863 0.0187480958965105 0.0114698629351379 0.0195924764890282
"около" 0.0195455655998045 0.0225047822662316 0.00863632438034373 0 0.0131090233777584 0.0239750659314313 0 0.0468702397412763 0.0191164382252299 0.0293887147335423
"ордена" 0 0 0.0345452975213749 0 0 0.00599376648285783 0 0.0234351198706381 0.0707308214333505 0
"последнего" 0.0195455655998045 0.0562619556655789 0 0 0.00436967445925279 0.0299688324142891 0.010315659170621 0.0140610719223829 0.0401445202729827 0
"собственно" 0.0244319569997557 0.0112523911331158 0.0172726487606875 0 0.00873934891850557 0.0179812994485735 0 0.0562442876895315 0.0210280820477529 0.00979623824451411
"стали" 0.0195455655998045 0.118150106897716 0.0604542706624061 0 0.0305877212147695 0.00899064972428674 0.010315659170621 0.0117175599353191 0.00955821911261494 0
"столько" 0.00488639139995114 0.0393833689659053 0.0172726487606875 0.0358243175467507 0.0218483722962639 0.035962598897147 0.041262636682484 0.0210916078835743 0.0152931505801839 0
"сын" 0 0.0393833689659053 0.0172726487606875 0 0.00873934891850557 0.00899064972428674 0 0.0328091678188934 0.0477910955630747 0
"филипп" 0 0 0 0 0.00436967445925279 0 0 0.00937404794825526 0.0917589034811034 0
"вовсе" 0.034204739799658 0.0168785866996737 0 0.0214945905280504 0.0742844658072974 0.00299688324142891 0.020631318341242 0.0164045839094467 0.0152931505801839 0.0391849529780564
"закон" 0.0928414365990716 0.0168785866996737 0.0690905950427498 0.0429891810561009 0.0262180467555167 0.00899064972428674 0 0.0140610719223829 0.00191164382252299 0
"лиц" 0.0146591741998534 0 0.00863632438034373 0.0286594540374006 0.0131090233777584 0.0539438983457204 0.082525273364968 0.0117175599353191 0.0191164382252299 0
"оттого" 0 0.0843929334983684 0.00863632438034373 0.0931432256215519 0.0218483722962639 0 0.030946977511863 0.00703053596119144 0.00382328764504597 0.0979623824451411
"порядок" 0.0390911311996091 0.0675143467986947 0.0431816219017186 0.00716486350935015 0.0218483722962639 0.00599376648285783 0 0.0304656558318296 0.0114698629351379 0
"такие" 0.0244319569997557 0.0168785866996737 0 0.0143297270187003 0.0218483722962639 0.0209781826900024 0.020631318341242 0.0187480958965105 0.0286746573378448 0.0489811912225705
"чувство" 0.0195455655998045 0.0112523911331158 0.0172726487606875 0.0644837715841513 0.0436967445925279 0.0269719491728602 0.051578295853105 0.00937404794825526 0.00573493146756896 0.0391849529780564
"i" 0 0.00562619556655789 0 0 0.0174786978370111 0.0149844162071446 0 0.0187480958965105 0.0649958899657816 0
"великого" 0.0146591741998534 0.0843929334983684 0.0604542706624061 0.0214945905280504 0.0262180467555167 0.00599376648285783 0.020631318341242 0.0117175599353191 0.0114698629351379 0.0195924764890282
"внутреннего" 0.0146591741998534 0.0450095645324632 0.0259089731410312 0.100308089130902 0.0349573956740223 0.00899064972428674 0 0.00468702397412763 0.0114698629351379 0.0391849529780564
"довольно" 0.00977278279990227 0.00562619556655789 0.0172726487606875 0.0143297270187003 0.0218483722962639 0.0389594821385759 0.113472250876831 0.0187480958965105 0.0133815067576609 0
"которому" 0.0146591741998534 0.0112523911331158 0.0259089731410312 0.0143297270187003 0.0305877212147695 0.0449532486214337 0 0.0234351198706381 0.0152931505801839 0.00979623824451411
"множество" 0 0.0393833689659053 0.0172726487606875 0.0214945905280504 0.0131090233777584 0.035962598897147 0.020631318341242 0.0328091678188934 0.0133815067576609 0.00979623824451411
"образованности" 0.00977278279990227 0 0 0.257935086336605 0.00873934891850557 0 0.010315659170621 0.0117175599353191 0.00955821911261494 0
"россию" 0.0293183483997068 0.0843929334983684 0.146817514465843 0.050154044565451 0.0131090233777584 0 0 0.00234351198706381 0.00382328764504597 0
"сих" 0.0439775225995602 0.0281309778327895 0.00863632438034373 0.0573189080748012 0.0218483722962639 0.0389594821385759 0.030946977511863 0.00937404794825526 0.00573493146756896 0
"увидим" 0 0.00562619556655789 0 0 0.00873934891850557 0 0.010315659170621 0.0468702397412763 0.0477910955630747 0.0195924764890282
"великие" 0.00977278279990227 0.0393833689659053 0.00863632438034373 0 0.0131090233777584 0.00599376648285783 0.020631318341242 0.0398397037800848 0.0267630135153218 0.0195924764890282
"герцог" 0 0 0 0 0 0.00899064972428674 0 0.0492137517283401 0.0497027393855977 0
"говорил" 0 0.00562619556655789 0.00863632438034373 0.00716486350935015 0.00436967445925279 0.0179812994485735 0 0.0328091678188934 0.0420561640955057 0.0391849529780564
"имя" 0.0293183483997068 0.0281309778327895 0.0345452975213749 0 0.00436967445925279 0.0149844162071446 0.020631318341242 0.0328091678188934 0.0210280820477529 0.0195924764890282
"которыми" 0.034204739799658 0.0337571733993474 0 0.0358243175467507 0.0131090233777584 0.0239750659314313 0.020631318341242 0.00937404794825526 0.0248513696927988 0.0195924764890282
"лекция" 0 0 0 0 0 0.00299688324142891 0 0.0562442876895315 0.0477910955630747 0
"общины" 0.0244319569997557 0.0618881512321368 0.0172726487606875 0.00716486350935015 0.0480664190517806 0.00299688324142891 0 0.0445267277542125 0 0
"постоянно" 0.0195455655998045 0.00562619556655789 0 0.0573189080748012 0.00873934891850557 0.00899064972428674 0.010315659170621 0.0234351198706381 0.0401445202729827 0
"реформации" 0 0 0 0.00716486350935015 0 0 0 0.0117175599353191 0.0783773967234425 0.0293887147335423
"iv" 0 0.0450095645324632 0 0 0.0174786978370111 0.00599376648285783 0 0.0234351198706381 0.0477910955630747 0.00979623824451411
"v" 0 0 0 0 0 0.00899064972428674 0 0.0187480958965105 0.0745541090783965 0
"viii" 0 0 0 0 0 0.00599376648285783 0 0.037496191793021 0.0611726023207356 0
"xvi" 0 0.0112523911331158 0 0.0286594540374006 0 0.00899064972428674 0 0.0304656558318296 0.0535260270306437 0
"автора" 0 0 0 0 0.0699147913480446 0.0329657156557181 0.082525273364968 0.0140610719223829 0.00382328764504597 0.0587774294670846
"деятельность" 0.00977278279990227 0.0675143467986947 0.0345452975213749 0.0214945905280504 0.0305877212147695 0 0 0.0187480958965105 0.0248513696927988 0
"ею" 0.00488639139995114 0.0337571733993474 0.0172726487606875 0.0358243175467507 0.0131090233777584 0.0389594821385759 0.020631318341242 0.00703053596119144 0.0152931505801839 0.0587774294670846
"император" 0 0 0.00863632438034373 0.00716486350935015 0 0 0.010315659170621 0.025778631857702 0.0649958899657816 0.00979623824451411
"одном" 0.0146591741998534 0.0281309778327895 0 0.0358243175467507 0.0262180467555167 0.0269719491728602 0.010315659170621 0.0234351198706381 0.0172047944027069 0.00979623824451411
"правда" 0.034204739799658 0.0337571733993474 0.0431816219017186 0.0358243175467507 0.0174786978370111 0.0299688324142891 0.010315659170621 0.00468702397412763 0.0152931505801839 0.00979623824451411
"руках" 0.0244319569997557 0.0112523911331158 0.0259089731410312 0 0.00873934891850557 0.0209781826900024 0 0.0304656558318296 0.0324979449828908 0
"смысле" 0.0488639139995114 0.0393833689659053 0.00863632438034373 0.00716486350935015 0.0568057679702862 0.00599376648285783 0.020631318341242 0.0117175599353191 0.0114698629351379 0.0195924764890282
"состоянии" 0.0244319569997557 0.00562619556655789 0.00863632438034373 0.0429891810561009 0.00873934891850557 0.0209781826900024 0.030946977511863 0.0187480958965105 0.0267630135153218 0.0195924764890282
"статьи" 0.0195455655998045 0 0 0.00716486350935015 0.0830238147258029 0.0119875329657157 0.134103569218073 0.00468702397412763 0.0114698629351379 0
"тоже" 0.00488639139995114 0.0393833689659053 0.0518179462820624 0.0358243175467507 0.0262180467555167 0.0449532486214337 0.010315659170621 0.0140610719223829 0.00191164382252299 0.00979623824451411
"точки" 0.0390911311996091 0.0393833689659053 0 0.0143297270187003 0.0524360935110334 0.0149844162071446 0.010315659170621 0.0187480958965105 0.00955821911261494 0.00979623824451411
"l" 0 0 0 0 0.0568057679702862 0.0719251977942939 0.010315659170621 0.0187480958965105 0.00573493146756896 0
"видно" 0 0.0112523911331158 0 0 0.0218483722962639 0.0299688324142891 0.030946977511863 0.0445267277542125 0.0172047944027069 0
"год" 0.00488639139995114 0 0.00863632438034373 0.00716486350935015 0 0.0239750659314313 0.20631318341242 0.0210916078835743 0.0152931505801839 0
"достоинства" 0.00488639139995114 0.0675143467986947 0 0.0214945905280504 0.0568057679702862 0.0269719491728602 0.020631318341242 0.00703053596119144 0.00764657529009195 0.00979623824451411
"друга" 0.0146591741998534 0.0675143467986947 0.0431816219017186 0.0143297270187003 0.0218483722962639 0.0179812994485735 0.020631318341242 0.00703053596119144 0.00764657529009195 0.0587774294670846
"еврейского" 0.224774004397752 0 0 0 0 0.00299688324142891 0 0.00234351198706381 0 0
"надобно" 0.0146591741998534 0.00562619556655789 0.0604542706624061 0.0358243175467507 0.0174786978370111 0.0149844162071446 0 0.0210916078835743 0.00764657529009195 0.0979623824451411
"основании" 0.0439775225995602 0.0393833689659053 0.0172726487606875 0.0214945905280504 0.0174786978370111 0.0119875329657157 0.010315659170621 0.0140610719223829 0.0229397258702758 0
"последнее" 0.0293183483997068 0.0281309778327895 0 0.0214945905280504 0.0218483722962639 0.0509470151042915 0.010315659170621 0.00468702397412763 0.0114698629351379 0.0293887147335423
"принадлежит" 0.0146591741998534 0.0168785866996737 0 0.0214945905280504 0.00873934891850557 0.0569407815871494 0.051578295853105 0.0164045839094467 0.00573493146756896 0.0293887147335423
"прямо" 0.0293183483997068 0.0112523911331158 0 0.0429891810561009 0.0305877212147695 0.0119875329657157 0 0.0281221438447658 0.0191164382252299 0.00979623824451411
"роль" 0.00488639139995114 0.0225047822662316 0 0 0.00436967445925279 0.00899064972428674 0.020631318341242 0.0304656558318296 0.0458794517405517 0
"сил" 0.00488639139995114 0.0112523911331158 0.0518179462820624 0.107472952640252 0.0218483722962639 0.0119875329657157 0 0.00937404794825526 0.0172047944027069 0.0195924764890282
"сильно" 0 0.0168785866996737 0.00863632438034373 0 0.0131090233777584 0.0569407815871494 0.010315659170621 0.00703053596119144 0.0344095888054138 0
"ума" 0.00488639139995114 0.00562619556655789 0.00863632438034373 0.171956724224404 0.0174786978370111 0.00899064972428674 0.061893955023726 0.00703053596119144 0.00573493146756896 0.0195924764890282
"этими" 0.00977278279990227 0.0337571733993474 0.00863632438034373 0.00716486350935015 0.0174786978370111 0.0149844162071446 0.030946977511863 0.0234351198706381 0.0305863011603678 0
"xi" 0 0 0.00863632438034373 0 0.00436967445925279 0 0 0.103114527430808 0.00382328764504597 0
"беспрестанно" 0 0.0168785866996737 0.0431816219017186 0.0214945905280504 0.0174786978370111 0.035962598897147 0.010315659170621 0.0117175599353191 0.0152931505801839 0.0587774294670846
"великий" 0 0.0787667379318105 0.0604542706624061 0.00716486350935015 0.0262180467555167 0.00299688324142891 0.020631318341242 0.0117175599353191 0.0133815067576609 0.0391849529780564
"влиянием" 0.00977278279990227 0.0281309778327895 0 0.0214945905280504 0.0349573956740223 0.0149844162071446 0.010315659170621 0.0164045839094467 0.0305863011603678 0
"вместо" 0.0293183483997068 0.0112523911331158 0.00863632438034373 0.0286594540374006 0.0218483722962639 0.0479501318628626 0.030946977511863 0.0117175599353191 0.00764657529009195 0.00979623824451411
"вне" 0.0635230881993648 0.0112523911331158 0.00863632438034373 0.0429891810561009 0.0131090233777584 0.00599376648285783 0 0.0304656558318296 0.00191164382252299 0.0587774294670846
"две" 0.0146591741998534 0.0112523911331158 0 0.00716486350935015 0.00436967445925279 0.0389594821385759 0.030946977511863 0.0210916078835743 0.0248513696927988 0.0195924764890282
"действия" 0.0195455655998045 0.0225047822662316 0.0345452975213749 0.0358243175467507 0.00873934891850557 0.00899064972428674 0.020631318341242 0.0117175599353191 0.0305863011603678 0.0195924764890282
"законов" 0.0781822623992182 0 0.0690905950427498 0.0286594540374006 0.00436967445925279 0.0119875329657157 0.010315659170621 0.0140610719223829 0.0133815067576609 0
"идет" 0.00977278279990227 0 0 0.00716486350935015 0.0174786978370111 0.0449532486214337 0 0.0234351198706381 0.0133815067576609 0.0783699059561129
"князь" 0.00488639139995114 0.112523911331158 0.0431816219017186 0 0.0480664190517806 0.00599376648285783 0.010315659170621 0.00468702397412763 0.00955821911261494 0
"наших" 0.0830686537991693 0.0337571733993474 0.00863632438034373 0.0214945905280504 0.0524360935110334 0.0179812994485735 0.010315659170621 0 0 0.00979623824451411
"никто" 0.0195455655998045 0.0225047822662316 0.0259089731410312 0 0.0393270701332751 0.0149844162071446 0.051578295853105 0.00703053596119144 0.0114698629351379 0.0783699059561129
"общество" 0.0390911311996091 0.0112523911331158 0.0431816219017186 0.0286594540374006 0.0436967445925279 0.0149844162071446 0.010315659170621 0.0210916078835743 0.00573493146756896 0
"просвещения" 0.034204739799658 0 0.0345452975213749 0.193451314752454 0.00873934891850557 0.00299688324142891 0.020631318341242 0.00234351198706381 0.00573493146756896 0
"союз" 0.0146591741998534 0.0225047822662316 0.0259089731410312 0.00716486350935015 0.0131090233777584 0.00299688324142891 0 0.0281221438447658 0.0363212326279368 0.00979623824451411
"филиппа" 0 0 0 0 0 0 0 0.0234351198706381 0.0707308214333505 0
"формы" 0.00488639139995114 0.0337571733993474 0.0172726487606875 0.0358243175467507 0.0218483722962639 0.0269719491728602 0.010315659170621 0.0234351198706381 0.00764657529009195 0.0391849529780564
"видимому" 0.0390911311996091 0.00562619556655789 0 0.00716486350935015 0.0131090233777584 0 0 0.0492137517283401 0.0191164382252299 0.0195924764890282
"внутренней" 0.034204739799658 0.0337571733993474 0.0345452975213749 0.114637816149602 0.0131090233777584 0.00599376648285783 0.010315659170621 0.00703053596119144 0.00764657529009195 0
"городах" 0.00977278279990227 0.0112523911331158 0.00863632438034373 0.00716486350935015 0.0131090233777584 0.00299688324142891 0 0.0679618476248506 0.0133815067576609 0
"иоанна" 0 0.0843929334983684 0.0431816219017186 0 0.0480664190517806 0 0 0.0117175599353191 0.0191164382252299 0
"мыслей" 0 0.0168785866996737 0.00863632438034373 0.0429891810561009 0.0917631636443085 0.00899064972428674 0.030946977511863 0.00703053596119144 0.00573493146756896 0.0293887147335423
"общего" 0.0244319569997557 0.0393833689659053 0.00863632438034373 0.0716486350935015 0.0305877212147695 0.0149844162071446 0 0.0164045839094467 0.00573493146756896 0.00979623824451411
"продолжение" 0 0.0112523911331158 0.0518179462820624 0.0143297270187003 0 0.0239750659314313 0.061893955023726 0.0164045839094467 0.0286746573378448 0
"просто" 0.034204739799658 0.00562619556655789 0.0172726487606875 0 0.00436967445925279 0.0539438983457204 0.061893955023726 0.00703053596119144 0.00764657529009195 0.0391849529780564
"равно" 0.00488639139995114 0.050635760099021 0.00863632438034373 0.050154044565451 0.0349573956740223 0.0179812994485735 0.030946977511863 0.00703053596119144 0.0133815067576609 0.00979623824451411
"россия" 0 0.0731405423652526 0.181362811987218 0.0358243175467507 0.0262180467555167 0 0.010315659170621 0 0 0
"та" 0.0244319569997557 0.0225047822662316 0 0.0573189080748012 0.0262180467555167 0.0179812994485735 0.041262636682484 0.00937404794825526 0.0152931505801839 0.00979623824451411
"ту" 0.0244319569997557 0.00562619556655789 0.00863632438034373 0.0358243175467507 0.0174786978370111 0.0239750659314313 0 0.0140610719223829 0.0267630135153218 0.0195924764890282
"число" 0.0195455655998045 0.0112523911331158 0.00863632438034373 0 0 0.00599376648285783 0.010315659170621 0.0398397037800848 0.0363212326279368 0
"эпоху" 0.00488639139995114 0.0112523911331158 0 0.00716486350935015 0.0436967445925279 0.00599376648285783 0 0.0281221438447658 0.0210280820477529 0.0685736677115987
"единство" 0.00488639139995114 0.0956453246314842 0.0259089731410312 0.0286594540374006 0.0393270701332751 0 0.010315659170621 0.0117175599353191 0.00764657529009195 0.00979623824451411
"значит" 0.0635230881993648 0.0112523911331158 0 0 0.0742844658072974 0.00299688324142891 0.051578295853105 0.00703053596119144 0.00191164382252299 0.0293887147335423
"нравственного" 0.0635230881993648 0.0337571733993474 0 0.0429891810561009 0.0349573956740223 0.00599376648285783 0.010315659170621 0.0140610719223829 0.00573493146756896 0
"общественного" 0.0488639139995114 0.0281309778327895 0.0172726487606875 0.0859783621122018 0.0262180467555167 0.00899064972428674 0 0.00703053596119144 0.00764657529009195 0
"понять" 0.00488639139995114 0.0168785866996737 0.0172726487606875 0.0214945905280504 0.0480664190517806 0.00599376648285783 0.030946977511863 0.0281221438447658 0.00191164382252299 0.0685736677115987
"последний" 0.0195455655998045 0.0225047822662316 0.0259089731410312 0.0143297270187003 0.0131090233777584 0.0209781826900024 0 0.0164045839094467 0.0286746573378448 0
"сделать" 0.00488639139995114 0.0112523911331158 0.00863632438034373 0.00716486350935015 0.0349573956740223 0.0149844162071446 0.041262636682484 0.025778631857702 0.0210280820477529 0.00979623824451411
"христианства" 0.0586366967994136 0.0168785866996737 0.0345452975213749 0.0214945905280504 0.061175442429539 0 0 0.0187480958965105 0.00191164382252299 0
"явился" 0.00488639139995114 0 0.00863632438034373 0 0.00436967445925279 0.0179812994485735 0 0.0210916078835743 0.0516143832081207 0
"явления" 0.0293183483997068 0.0225047822662316 0.00863632438034373 0 0.0305877212147695 0.0299688324142891 0.020631318341242 0.0304656558318296 0.00382328764504597 0
"дух" 0.034204739799658 0.0281309778327895 0.0172726487606875 0.0286594540374006 0.0131090233777584 0.00599376648285783 0.010315659170621 0.00937404794825526 0.00382328764504597 0.137147335423197
"зато" 0 0.00562619556655789 0 0.0286594540374006 0.0305877212147695 0.00899064972428674 0.030946977511863 0.0234351198706381 0.0286746573378448 0.00979623824451411
"касается" 0.0293183483997068 0 0 0.0143297270187003 0.0262180467555167 0.0329657156557181 0.051578295853105 0.00937404794825526 0.0172047944027069 0.00979623824451411
"минуту" 0 0.00562619556655789 0 0.0214945905280504 0.0131090233777584 0.0569407815871494 0.020631318341242 0.00468702397412763 0.0248513696927988 0.00979623824451411
"многих" 0.0146591741998534 0 0.0259089731410312 0 0.0262180467555167 0.0329657156557181 0.010315659170621 0.0140610719223829 0.0267630135153218 0
"можем" 0.0293183483997068 0.0225047822662316 0.0345452975213749 0.00716486350935015 0.0218483722962639 0.00299688324142891 0.041262636682484 0.025778631857702 0.0133815067576609 0.00979623824451411
"опасность" 0.0146591741998534 0.00562619556655789 0.00863632438034373 0.0286594540374006 0.00436967445925279 0.00599376648285783 0 0.0304656558318296 0.0363212326279368 0
"петра" 0.00488639139995114 0.0731405423652526 0.0259089731410312 0.00716486350935015 0.0655451168887918 0 0.010315659170621 0.0117175599353191 0 0.0489811912225705
"получили" 0.00488639139995114 0.0393833689659053 0.0172726487606875 0.0143297270187003 0.0174786978370111 0.00599376648285783 0 0.0187480958965105 0.0344095888054138 0
"духовенства" 0.00488639139995114 0 0.0345452975213749 0 0.00436967445925279 0 0 0.0234351198706381 0.0516143832081207 0
"земле" 0.0244319569997557 0.0337571733993474 0.0777269194230935 0.0143297270187003 0.0218483722962639 0.0119875329657157 0.010315659170621 0.0187480958965105 0.00382328764504597 0.00979623824451411
"императора" 0 0 0 0 0.00436967445925279 0.00299688324142891 0 0.0304656558318296 0.0516143832081207 0.00979623824451411
"искусство" 0.00488639139995114 0 0.00863632438034373 0.0143297270187003 0.0305877212147695 0.0749220810357228 0 0.0117175599353191 0.00191164382252299 0.00979623824451411
"истины" 0.0244319569997557 0 0.0345452975213749 0.0644837715841513 0.00436967445925279 0.0179812994485735 0 0.00703053596119144 0.00191164382252299 0.137147335423197
"книги" 0.00488639139995114 0.00562619556655789 0 0.00716486350935015 0.0131090233777584 0.0269719491728602 0.061893955023726 0.0281221438447658 0.0172047944027069 0.00979623824451411
"литературе" 0.00488639139995114 0.00562619556655789 0 0 0.061175442429539 0.00299688324142891 0.175366205900557 0.00937404794825526 0.00955821911261494 0
"отношениях" 0.0146591741998534 0.0337571733993474 0.00863632438034373 0.0358243175467507 0.0305877212147695 0.00299688324142891 0.041262636682484 0.0164045839094467 0.0172047944027069 0
"сверх" 0.00977278279990227 0.0225047822662316 0 0 0 0 0.051578295853105 0.0351526798059572 0.0324979449828908 0
"стремление" 0.00977278279990227 0.00562619556655789 0.0172726487606875 0.0931432256215519 0.0436967445925279 0.00899064972428674 0.030946977511863 0.00703053596119144 0.00382328764504597 0.0391849529780564
"точно" 0.00977278279990227 0.0337571733993474 0 0 0.0349573956740223 0.0419563653800048 0 0.0140610719223829 0.0133815067576609 0
"убеждения" 0.00488639139995114 0 0 0.121802679658953 0.00873934891850557 0.00599376648285783 0 0.00937404794825526 0.0229397258702758 0.0489811912225705
"эпохи" 0.00488639139995114 0.050635760099021 0 0 0.00873934891850557 0.0149844162071446 0 0.025778631857702 0.0172047944027069 0.0587774294670846
"всякий" 0.0195455655998045 0.00562619556655789 0.00863632438034373 0.00716486350935015 0.0305877212147695 0.0389594821385759 0.030946977511863 0.0140610719223829 0.00382328764504597 0.0391849529780564
"выражение" 0.034204739799658 0 0 0.0214945905280504 0.0349573956740223 0.0389594821385759 0.020631318341242 0.0117175599353191 0.00573493146756896 0.00979623824451411
"литература" 0 0 0 0.00716486350935015 0.0742844658072974 0.0149844162071446 0.10315659170621 0.0117175599353191 0.00573493146756896 0.00979623824451411
"науке" 0 0 0 0 0.00436967445925279 0.00299688324142891 0.041262636682484 0.025778631857702 0.00382328764504597 0.225313479623824
"русские" 0.0635230881993648 0.0168785866996737 0.146817514465843 0.0143297270187003 0.00873934891850557 0.00599376648285783 0.020631318341242 0 0.00191164382252299 0
"условия" 0.00488639139995114 0.0393833689659053 0.00863632438034373 0.0143297270187003 0.0393270701332751 0.00599376648285783 0 0.0210916078835743 0.0172047944027069 0.0195924764890282
"франция" 0 0.0112523911331158 0.00863632438034373 0 0 0.0179812994485735 0 0.0351526798059572 0.0248513696927988 0.0489811912225705
"большая" 0.00977278279990227 0.0225047822662316 0.0172726487606875 0.0143297270187003 0.00873934891850557 0.00599376648285783 0.030946977511863 0.0304656558318296 0.0210280820477529 0
"войско" 0 0.0112523911331158 0.103635892564125 0 0.00873934891850557 0.00299688324142891 0 0.0234351198706381 0.0267630135153218 0
"говорили" 0.00488639139995114 0 0.0172726487606875 0.0214945905280504 0.0218483722962639 0.00599376648285783 0 0.0328091678188934 0.0248513696927988 0.00979623824451411
"давно" 0.0146591741998534 0.0225047822662316 0.0345452975213749 0.0143297270187003 0.00873934891850557 0.0209781826900024 0.051578295853105 0.0164045839094467 0.00764657529009195 0.0293887147335423
"другому" 0.00488639139995114 0.0281309778327895 0.0172726487606875 0.00716486350935015 0.00873934891850557 0.0209781826900024 0.020631318341242 0.0281221438447658 0.0152931505801839 0.00979623824451411
"еврейской" 0.195455655998045 0 0 0 0 0.00299688324142891 0 0 0 0
"европейских" 0.0244319569997557 0.00562619556655789 0 0.0573189080748012 0 0.00599376648285783 0 0.0234351198706381 0.0286746573378448 0
"какая" 0.0244319569997557 0.00562619556655789 0 0.0214945905280504 0.0349573956740223 0.0329657156557181 0.030946977511863 0.00703053596119144 0.00573493146756896 0.0391849529780564
"нежели" 0 0.0393833689659053 0 0 0.00873934891850557 0 0.082525273364968 0.0140610719223829 0.0152931505801839 0.0979623824451411
"относительно" 0.0488639139995114 0.00562619556655789 0 0.0286594540374006 0.00436967445925279 0.00299688324142891 0.010315659170621 0.0210916078835743 0.0248513696927988 0.00979623824451411
"отца" 0 0.00562619556655789 0.0259089731410312 0.00716486350935015 0.00873934891850557 0.0149844162071446 0 0.0328091678188934 0.0248513696927988 0.0195924764890282
"причины" 0.0195455655998045 0.0281309778327895 0.0259089731410312 0.0358243175467507 0.0131090233777584 0.0119875329657157 0 0.0234351198706381 0.0114698629351379 0.00979623824451411
"сама" 0.0146591741998534 0.0562619556655789 0.0172726487606875 0.0286594540374006 0.0174786978370111 0.0179812994485735 0 0.00468702397412763 0.0172047944027069 0.00979623824451411
"связи" 0.00977278279990227 0.0225047822662316 0 0.0788134986028516 0 0.00299688324142891 0 0.0328091678188934 0.0114698629351379 0.0293887147335423
"христианского" 0.102614219398974 0.00562619556655789 0.0431816219017186 0.0573189080748012 0.00436967445925279 0.00299688324142891 0 0.00703053596119144 0.00191164382252299 0
"цивилизации" 0.117273393598827 0.0112523911331158 0 0 0.00436967445925279 0.0179812994485735 0 0.0164045839094467 0 0.00979623824451411
"борьба" 0.00488639139995114 0.0281309778327895 0.0172726487606875 0.0214945905280504 0.0131090233777584 0.0149844162071446 0 0.0164045839094467 0.0210280820477529 0.0293887147335423
"всякой" 0.0488639139995114 0.0281309778327895 0.0345452975213749 0.00716486350935015 0.0218483722962639 0.0239750659314313 0 0.00703053596119144 0.00573493146756896 0.00979623824451411
"говорить" 0.00977278279990227 0.00562619556655789 0.0172726487606875 0.00716486350935015 0.0174786978370111 0.0539438983457204 0.051578295853105 0.0117175599353191 0.00191164382252299 0.00979623824451411
"говоря" 0.0244319569997557 0.0168785866996737 0.00863632438034373 0.0358243175467507 0.0262180467555167 0.00899064972428674 0 0.0140610719223829 0.0191164382252299 0.00979623824451411
"другом" 0.0293183483997068 0.0225047822662316 0.00863632438034373 0.0214945905280504 0.0305877212147695 0.0209781826900024 0.010315659170621 0.0187480958965105 0.00573493146756896 0
"думал" 0.00488639139995114 0 0.00863632438034373 0.00716486350935015 0.0305877212147695 0 0.010315659170621 0.0281221438447658 0.0305863011603678 0.00979623824451411
"именем" 0.00977278279990227 0.00562619556655789 0.0604542706624061 0.0143297270187003 0.0174786978370111 0.00899064972428674 0.010315659170621 0.0140610719223829 0.0248513696927988 0.00979623824451411
"любовь" 0.00977278279990227 0.00562619556655789 0.0431816219017186 0.00716486350935015 0.0393270701332751 0.00899064972428674 0.092840932535589 0.00703053596119144 0.00764657529009195 0.0293887147335423
"места" 0.00488639139995114 0.0225047822662316 0.00863632438034373 0.00716486350935015 0.0262180467555167 0.0119875329657157 0.030946977511863 0.0140610719223829 0.0191164382252299 0.0391849529780564
"наши" 0.0830686537991693 0.0168785866996737 0.00863632438034373 0.00716486350935015 0.0393270701332751 0 0.041262636682484 0.00234351198706381 0.00191164382252299 0.0293887147335423
"образ" 0.0146591741998534 0.00562619556655789 0.00863632438034373 0.0214945905280504 0.0524360935110334 0.0209781826900024 0 0.00937404794825526 0.0114698629351379 0.0293887147335423
"общин" 0.0146591741998534 0.0843929334983684 0.0172726487606875 0.00716486350935015 0.00873934891850557 0 0 0.037496191793021 0.00191164382252299 0
"порядка" 0.0244319569997557 0.0337571733993474 0 0 0.00436967445925279 0.00299688324142891 0 0.0492137517283401 0.00955821911261494 0.00979623824451411
"произведения" 0.00488639139995114 0 0 0 0.0262180467555167 0.0419563653800048 0.092840932535589 0.0140610719223829 0.00573493146756896 0.00979623824451411
"проч" 0.00488639139995114 0 0 0 0.00873934891850557 0.104890913450012 0 0 0 0.0195924764890282
"результаты" 0.00977278279990227 0.0112523911331158 0 0.00716486350935015 0.00436967445925279 0.00599376648285783 0.010315659170621 0.0234351198706381 0.0344095888054138 0.0293887147335423
"реформы" 0.00488639139995114 0.0731405423652526 0 0 0.0218483722962639 0.0179812994485735 0.010315659170621 0.00703053596119144 0.0191164382252299 0.00979623824451411
"собор" 0 0 0.0431816219017186 0 0 0 0 0.025778631857702 0.0458794517405517 0
"сознание" 0.00977278279990227 0.0225047822662316 0.0345452975213749 0.0286594540374006 0.061175442429539 0.00599376648285783 0 0.0117175599353191 0.00382328764504597 0.0293887147335423
"сущности" 0.0293183483997068 0.0225047822662316 0.00863632438034373 0 0.0131090233777584 0.00899064972428674 0.010315659170621 0.0234351198706381 0.0210280820477529 0.00979623824451411
"сфере" 0.00488639139995114 0.0675143467986947 0 0 0.0305877212147695 0.00299688324142891 0.010315659170621 0.025778631857702 0.00764657529009195 0.0293887147335423
"францию" 0.00977278279990227 0.00562619556655789 0 0 0 0.00299688324142891 0 0.0328091678188934 0.0420561640955057 0
"христиан" 0.0684094795993159 0 0.00863632438034373 0 0 0 0 0.00468702397412763 0.0439678079180287 0
"le" 0 0 0 0 0.0524360935110334 0.0599376648285783 0.010315659170621 0.00937404794825526 0.00573493146756896 0
"xviii" 0.00488639139995114 0.0731405423652526 0 0.00716486350935015 0.0218483722962639 0.0209781826900024 0.010315659170621 0.0210916078835743 0.00573493146756896 0
"борьбы" 0.00488639139995114 0.0112523911331158 0.0259089731410312 0.0358243175467507 0.0174786978370111 0.0179812994485735 0 0.025778631857702 0.00955821911261494 0.0195924764890282
"великих" 0 0.0168785866996737 0.0259089731410312 0 0.00436967445925279 0.0179812994485735 0 0.0281221438447658 0.0248513696927988 0.00979623824451411
"видел" 0.00488639139995114 0 0 0.0143297270187003 0.0131090233777584 0.0629345480700072 0 0.00937404794825526 0.0114698629351379 0.0195924764890282
"владения" 0 0.0281309778327895 0 0 0.00436967445925279 0 0 0.0304656558318296 0.0363212326279368 0.00979623824451411
"говорят" 0.0244319569997557 0.00562619556655789 0.00863632438034373 0 0.0174786978370111 0.0419563653800048 0.020631318341242 0.0140610719223829 0 0.0587774294670846
"королем" 0 0 0 0 0 0.00299688324142891 0 0.0234351198706381 0.0535260270306437 0
"королю" 0 0 0 0.00716486350935015 0 0.00299688324142891 0 0.0304656558318296 0.0458794517405517 0
"марии" 0 0 0 0 0 0.00299688324142891 0.010315659170621 0.00234351198706381 0.0688191776108276 0
"получил" 0 0.0168785866996737 0.00863632438034373 0 0.00436967445925279 0.00299688324142891 0 0.025778631857702 0.0420561640955057 0
"руси" 0.0293183483997068 0.1068977157646 0.0345452975213749 0.00716486350935015 0.0393270701332751 0 0 0 0 0
"содержания" 0.00977278279990227 0.0112523911331158 0.00863632438034373 0 0.0218483722962639 0.0329657156557181 0.10315659170621 0.00468702397412763 0.00573493146756896 0.0293887147335423
"стоял" 0 0 0 0 0 0 0 0.0210916078835743 0.0573493146756896 0
"философии" 0.00488639139995114 0 0.00863632438034373 0.0573189080748012 0.00436967445925279 0.00599376648285783 0 0.0234351198706381 0.00191164382252299 0.146943573667712
"человечества" 0.0537503053994625 0 0.0172726487606875 0.00716486350935015 0.0131090233777584 0.00899064972428674 0 0.0210916078835743 0.00382328764504597 0.0783699059561129
"школы" 0.0195455655998045 0 0 0.00716486350935015 0.0218483722962639 0.0389594821385759 0.030946977511863 0.0117175599353191 0.00955821911261494 0.0293887147335423
"ясно" 0.00488639139995114 0 0.00863632438034373 0.00716486350935015 0.0174786978370111 0.0209781826900024 0.010315659170621 0.0117175599353191 0.0305863011603678 0.0293887147335423
"больше" 0.0195455655998045 0.050635760099021 0 0.0143297270187003 0.0131090233777584 0.00299688324142891 0.113472250876831 0 0.00573493146756896 0.0489811912225705
"большей" 0.0146591741998534 0.00562619556655789 0 0.0214945905280504 0 0.00299688324142891 0 0.025778631857702 0.0344095888054138 0.00979623824451411
"дон" 0 0 0 0 0 0.00599376648285783 0.010315659170621 0 0.0630842461432586 0.0195924764890282
"древних" 0 0 0 0.0286594540374006 0 0.00599376648285783 0.051578295853105 0.0609313116636592 0.00191164382252299 0
"значения" 0.0146591741998534 0.0281309778327895 0 0 0.0218483722962639 0.0149844162071446 0.020631318341242 0.0210916078835743 0.0172047944027069 0
"каждого" 0.0244319569997557 0 0.0172726487606875 0.0143297270187003 0.0218483722962639 0.0209781826900024 0.010315659170621 0.0234351198706381 0.00764657529009195 0.0195924764890282
"каком" 0.0195455655998045 0.0112523911331158 0 0.0716486350935015 0.0262180467555167 0.00599376648285783 0.020631318341242 0.00937404794825526 0.0114698629351379 0.0195924764890282
"людвига" 0 0 0 0 0 0 0 0.0703053596119144 0.0152931505801839 0
"мире" 0.0293183483997068 0.0112523911331158 0.0172726487606875 0.0286594540374006 0.0131090233777584 0.00299688324142891 0.020631318341242 0.0117175599353191 0.00573493146756896 0.0979623824451411
"народе" 0.00977278279990227 0.0168785866996737 0.00863632438034373 0.0286594540374006 0.0262180467555167 0.0119875329657157 0 0.00468702397412763 0.0267630135153218 0.0195924764890282
"начали" 0 0.0562619556655789 0 0.00716486350935015 0 0.00299688324142891 0.020631318341242 0.0281221438447658 0.0229397258702758 0
"оба" 0.0244319569997557 0.0112523911331158 0.00863632438034373 0 0.0218483722962639 0.0269719491728602 0.020631318341242 0.00703053596119144 0.0191164382252299 0.00979623824451411
"обществе" 0.0293183483997068 0.0112523911331158 0.0172726487606875 0.0286594540374006 0.00873934891850557 0.0299688324142891 0.051578295853105 0.00937404794825526 0.00573493146756896 0
"опять" 0.00977278279990227 0.0393833689659053 0 0.0429891810561009 0.0262180467555167 0.0119875329657157 0 0.0164045839094467 0.00955821911261494 0.00979623824451411
"первое" 0.00977278279990227 0.0168785866996737 0 0.0573189080748012 0.0131090233777584 0.00899064972428674 0.030946977511863 0.0117175599353191 0.0172047944027069 0.0195924764890282
"правительства" 0.0537503053994625 0 0.0172726487606875 0.00716486350935015 0 0.0119875329657157 0.041262636682484 0.00703053596119144 0.0248513696927988 0
"преимущественно" 0.0146591741998534 0 0 0.0286594540374006 0.0218483722962639 0.0119875329657157 0.041262636682484 0.0210916078835743 0.0172047944027069 0
"произведений" 0.00488639139995114 0 0 0.00716486350935015 0.0480664190517806 0.0329657156557181 0.10315659170621 0.00234351198706381 0.00382328764504597 0.00979623824451411
"прочим" 0.0195455655998045 0.0337571733993474 0 0.00716486350935015 0.0131090233777584 0.00599376648285783 0.010315659170621 0.00468702397412763 0.0344095888054138 0.00979623824451411
"служить" 0.00977278279990227 0.0281309778327895 0.0172726487606875 0.0214945905280504 0.00873934891850557 0.0119875329657157 0.030946977511863 0.00703053596119144 0.0248513696927988 0.00979623824451411
"средства" 0.00977278279990227 0.0112523911331158 0.00863632438034373 0.00716486350935015 0.00873934891850557 0.00599376648285783 0 0.0351526798059572 0.0248513696927988 0
"таки" 0.0146591741998534 0.00562619556655789 0 0 0.0218483722962639 0.0119875329657157 0.020631318341242 0.0164045839094467 0.0305863011603678 0
"требования" 0.0146591741998534 0.00562619556655789 0.00863632438034373 0.00716486350935015 0.0305877212147695 0.00599376648285783 0 0.0210916078835743 0.0191164382252299 0.0391849529780564
"ведь" 0.0586366967994136 0 0 0 0.0262180467555167 0.0509470151042915 0.020631318341242 0 0 0
"великим" 0 0.0337571733993474 0.0259089731410312 0.00716486350935015 0.0131090233777584 0.00899064972428674 0.041262636682484 0.0187480958965105 0.0152931505801839 0.00979623824451411
"виде" 0.0195455655998045 0.0168785866996737 0.0345452975213749 0.0286594540374006 0.00436967445925279 0.0179812994485735 0.010315659170621 0.0187480958965105 0.00764657529009195 0.0195924764890282
"далеко" 0.00977278279990227 0.0112523911331158 0.0431816219017186 0.0214945905280504 0.00436967445925279 0.0119875329657157 0 0.025778631857702 0.0114698629351379 0.0293887147335423
"духовенство" 0 0 0.0345452975213749 0.0143297270187003 0 0 0 0.0187480958965105 0.0439678079180287 0
"нужно" 0.0146591741998534 0.0281309778327895 0 0.0143297270187003 0.0305877212147695 0.0149844162071446 0.041262636682484 0.00937404794825526 0.0114698629351379 0.00979623824451411
"первого" 0 0.0450095645324632 0.00863632438034373 0.00716486350935015 0.0131090233777584 0.0269719491728602 0.020631318341242 0.0117175599353191 0.0152931505801839 0
"политической" 0.00977278279990227 0.0618881512321368 0.00863632438034373 0.0143297270187003 0.0131090233777584 0.0119875329657157 0 0.0187480958965105 0.0114698629351379 0
"последние" 0 0.0281309778327895 0.00863632438034373 0.0214945905280504 0.0131090233777584 0.0149844162071446 0.020631318341242 0.0234351198706381 0.0133815067576609 0.00979623824451411
"руки" 0.00488639139995114 0.0168785866996737 0.0345452975213749 0 0 0.0269719491728602 0.020631318341242 0.0140610719223829 0.0210280820477529 0.00979623824451411
"семьи" 0 0.112523911331158 0.0172726487606875 0.050154044565451 0.0305877212147695 0 0 0 0 0.00979623824451411
"стал" 0 0.0337571733993474 0 0.00716486350935015 0.0131090233777584 0.00899064972428674 0 0.00937404794825526 0.0344095888054138 0.0195924764890282
"сторон" 0.00977278279990227 0.0225047822662316 0 0.00716486350935015 0.0218483722962639 0.0239750659314313 0 0.0164045839094467 0.0114698629351379 0.0391849529780564
"числе" 0.00977278279990227 0 0.00863632438034373 0 0.0218483722962639 0.00599376648285783 0 0.0164045839094467 0.0363212326279368 0.00979623824451411
"des" 0 0 0 0 0.00873934891850557 0.068928314552865 0 0.0164045839094467 0.00955821911261494 0
"взгляд" 0 0.0787667379318105 0.0172726487606875 0.00716486350935015 0.0262180467555167 0.0149844162071446 0 0.00703053596119144 0.00764657529009195 0.00979623824451411
"времена" 0.00488639139995114 0.0562619556655789 0 0.0429891810561009 0.0393270701332751 0.00899064972428674 0 0.00937404794825526 0.00382328764504597 0.00979623824451411
"действовать" 0.0195455655998045 0.0675143467986947 0 0.00716486350935015 0.0218483722962639 0.00299688324142891 0 0.0117175599353191 0.0152931505801839 0
"дотоле" 0 0 0 0 0 0 0 0.0328091678188934 0.0401445202729827 0.00979623824451411
"души" 0.0146591741998534 0.00562619556655789 0.0518179462820624 0.0143297270187003 0.00436967445925279 0.0179812994485735 0.092840932535589 0 0.00573493146756896 0.0489811912225705
"европа" 0.00488639139995114 0.0450095645324632 0.0172726487606875 0.0286594540374006 0.0218483722962639 0.00599376648285783 0.010315659170621 0.0210916078835743 0.00382328764504597 0.0195924764890282
"какого" 0.00977278279990227 0.0112523911331158 0.0172726487606875 0.0214945905280504 0.0131090233777584 0.0179812994485735 0.030946977511863 0.0210916078835743 0.00573493146756896 0.0293887147335423
"книг" 0.00488639139995114 0 0 0 0.00873934891850557 0.0209781826900024 0.10315659170621 0.00703053596119144 0.0248513696927988 0
"книга" 0.00488639139995114 0 0 0.0143297270187003 0 0.0149844162071446 0.061893955023726 0.0351526798059572 0.0133815067576609 0
"ко" 0.00488639139995114 0.0112523911331158 0 0.00716486350935015 0.0262180467555167 0.0179812994485735 0.010315659170621 0.0140610719223829 0.0229397258702758 0.00979623824451411
"найти" 0 0 0 0.00716486350935015 0.0174786978370111 0.00899064972428674 0.020631318341242 0.0210916078835743 0.0267630135153218 0.0293887147335423
"необходимо" 0.0488639139995114 0.050635760099021 0.00863632438034373 0.00716486350935015 0.0349573956740223 0.00599376648285783 0.010315659170621 0.00468702397412763 0 0.0195924764890282
"областей" 0 0.0337571733993474 0.0431816219017186 0 0.00436967445925279 0 0.010315659170621 0.00703053596119144 0.0382328764504598 0
"особенности" 0.0146591741998534 0.0168785866996737 0 0.0644837715841513 0.00873934891850557 0 0.010315659170621 0.0234351198706381 0.0152931505801839 0
"само" 0.0244319569997557 0.0281309778327895 0.00863632438034373 0.00716486350935015 0.0393270701332751 0.0239750659314313 0.020631318341242 0.00937404794825526 0.00191164382252299 0
"следует" 0.0488639139995114 0.0112523911331158 0.00863632438034373 0 0.0218483722962639 0.0299688324142891 0.010315659170621 0.0140610719223829 0 0.00979623824451411
"сочинения" 0 0 0 0.0143297270187003 0 0.00899064972428674 0.020631318341242 0.0281221438447658 0.0324979449828908 0
"учреждения" 0.0146591741998534 0.0112523911331158 0.0259089731410312 0 0.0305877212147695 0 0 0.0281221438447658 0.0172047944027069 0
"хотели" 0.00488639139995114 0.0281309778327895 0.0172726487606875 0 0.0131090233777584 0.00599376648285783 0 0.00937404794825526 0.0248513696927988 0.0587774294670846
"vii" 0 0 0.00863632438034373 0 0.00436967445925279 0.00299688324142891 0 0.0468702397412763 0.0229397258702758 0.00979623824451411
"внутреннее" 0.00488639139995114 0.0281309778327895 0 0.0358243175467507 0.0218483722962639 0.00299688324142891 0.010315659170621 0.00703053596119144 0.00764657529009195 0.0979623824451411
"высшей" 0.0293183483997068 0.0168785866996737 0 0.0214945905280504 0.00873934891850557 0 0 0.0210916078835743 0.0229397258702758 0
"де" 0.0195455655998045 0 0 0 0 0.0509470151042915 0.020631318341242 0.0140610719223829 0.00955821911261494 0.00979623824451411
"мнению" 0.034204739799658 0 0.00863632438034373 0.00716486350935015 0.0349573956740223 0.0179812994485735 0 0.0210916078835743 0.00382328764504597 0.00979623824451411
"мнения" 0.0146591741998534 0.00562619556655789 0.00863632438034373 0.0286594540374006 0.0218483722962639 0.00899064972428674 0 0.0164045839094467 0.0210280820477529 0
"народы" 0.0146591741998534 0.0112523911331158 0.0604542706624061 0 0 0.00899064972428674 0 0.037496191793021 0.00382328764504597 0.0195924764890282
"началом" 0.0195455655998045 0.0618881512321368 0 0.00716486350935015 0.0699147913480446 0 0 0.00234351198706381 0.00191164382252299 0.00979623824451411
"партия" 0.00488639139995114 0 0 0.0143297270187003 0.00436967445925279 0.0119875329657157 0 0.00234351198706381 0.0497027393855977 0
"принять" 0.0195455655998045 0 0.0172726487606875 0.0143297270187003 0.0218483722962639 0.00599376648285783 0 0.00703053596119144 0.0305863011603678 0.00979623824451411
"публики" 0.00977278279990227 0 0 0.00716486350935015 0.00436967445925279 0.0719251977942939 0.041262636682484 0.00468702397412763 0.00191164382252299 0
"пути" 0 0.0225047822662316 0.0172726487606875 0.0429891810561009 0.00873934891850557 0.00599376648285783 0.020631318341242 0.0140610719223829 0.0172047944027069 0.0195924764890282
"разума" 0.00488639139995114 0 0 0.179121587733754 0.00436967445925279 0 0.010315659170621 0.00468702397412763 0.00191164382252299 0.0391849529780564
"рано" 0 0.0787667379318105 0.00863632438034373 0 0.0218483722962639 0.00299688324142891 0 0.0140610719223829 0.0152931505801839 0
"слов" 0.00488639139995114 0.0168785866996737 0.00863632438034373 0.00716486350935015 0.0218483722962639 0.0299688324142891 0.051578295853105 0.00468702397412763 0.0114698629351379 0.00979623824451411
"слово" 0.0195455655998045 0.0112523911331158 0.00863632438034373 0 0.0568057679702862 0.0239750659314313 0.010315659170621 0.00703053596119144 0.00382328764504597 0.00979623824451411
"стала" 0 0.0281309778327895 0.00863632438034373 0.0214945905280504 0.0131090233777584 0.00899064972428674 0.010315659170621 0.0164045839094467 0.0133815067576609 0.0489811912225705
"страсти" 0.00977278279990227 0.00562619556655789 0.0431816219017186 0.0143297270187003 0.0305877212147695 0.0179812994485735 0.020631318341242 0.00234351198706381 0.0133815067576609 0.0195924764890282
"человеческого" 0.0146591741998534 0.0112523911331158 0.0172726487606875 0.0644837715841513 0.0393270701332751 0.00899064972428674 0.010315659170621 0.00937404794825526 0 0.0195924764890282
"d" 0.00488639139995114 0 0.00863632438034373 0 0.0131090233777584 0.035962598897147 0.010315659170621 0.0117175599353191 0.0210280820477529 0.00979623824451411
"vi" 0 0 0.00863632438034373 0 0.00436967445925279 0.0119875329657157 0 0.037496191793021 0.0248513696927988 0
"второй" 0 0.0112523911331158 0.0259089731410312 0.0214945905280504 0.0131090233777584 0.0269719491728602 0.010315659170621 0.0117175599353191 0.0114698629351379 0.0195924764890282
"государстве" 0.0293183483997068 0.0281309778327895 0.00863632438034373 0.00716486350935015 0.00436967445925279 0.00599376648285783 0 0.0164045839094467 0.0210280820477529 0
"дел" 0.0390911311996091 0.00562619556655789 0.00863632438034373 0.0143297270187003 0 0.0209781826900024 0.010315659170621 0.00234351198706381 0.0210280820477529 0.0195924764890282
"какую" 0.00488639139995114 0.0112523911331158 0.00863632438034373 0.0143297270187003 0.00873934891850557 0.0239750659314313 0 0.00703053596119144 0.0172047944027069 0.0587774294670846
"назад" 0.0146591741998534 0.00562619556655789 0 0.00716486350935015 0.0131090233777584 0.0269719491728602 0 0.0281221438447658 0.00573493146756896 0.0195924764890282
"название" 0.00977278279990227 0.0337571733993474 0.00863632438034373 0 0.0131090233777584 0.0149844162071446 0 0.0140610719223829 0.0191164382252299 0.00979623824451411
"нами" 0.0390911311996091 0.0112523911331158 0.0172726487606875 0.0214945905280504 0.0480664190517806 0.00899064972428674 0 0 0.00764657529009195 0.00979623824451411
"необходимость" 0.0244319569997557 0.0225047822662316 0.0172726487606875 0 0.0305877212147695 0.0119875329657157 0 0.00937404794825526 0.0114698629351379 0.0195924764890282
"непременно" 0.0195455655998045 0.0450095645324632 0 0 0.0262180467555167 0.0299688324142891 0.010315659170621 0.00234351198706381 0.00382328764504597 0.0195924764890282
"одному" 0.00977278279990227 0.0393833689659053 0 0.00716486350935015 0.0262180467555167 0.0119875329657157 0 0.0210916078835743 0.00764657529009195 0.00979623824451411
"остается" 0.00977278279990227 0.0112523911331158 0 0 0.0305877212147695 0.0209781826900024 0.020631318341242 0.0117175599353191 0.0133815067576609 0.0195924764890282
"пока" 0.0390911311996091 0.0393833689659053 0 0 0.00873934891850557 0.00299688324142891 0.041262636682484 0.00234351198706381 0.0152931505801839 0.0293887147335423
"прим" 0 0 0 0 0 0 0 0.0187480958965105 0.0382328764504598 0.0587774294670846
"принял" 0.00488639139995114 0 0 0.00716486350935015 0.0131090233777584 0.00299688324142891 0 0.0210916078835743 0.0363212326279368 0
"приняли" 0 0.00562619556655789 0.0172726487606875 0.00716486350935015 0.0174786978370111 0.00599376648285783 0.010315659170621 0.00937404794825526 0.0305863011603678 0.0293887147335423
"разве" 0.034204739799658 0 0 0.00716486350935015 0.0131090233777584 0.0179812994485735 0.092840932535589 0.00468702397412763 0 0.0587774294670846
"римской" 0 0.00562619556655789 0.00863632438034373 0.0573189080748012 0.00873934891850557 0.0149844162071446 0 0.0304656558318296 0.00573493146756896 0.00979623824451411
"самым" 0.0146591741998534 0 0.00863632438034373 0.0286594540374006 0.0218483722962639 0.0119875329657157 0 0.0117175599353191 0.0210280820477529 0.00979623824451411
"словами" 0.0293183483997068 0.0225047822662316 0 0.00716486350935015 0.0436967445925279 0.00899064972428674 0 0.0164045839094467 0.00191164382252299 0.0195924764890282
"собора" 0 0 0.00863632438034373 0 0 0.00299688324142891 0 0.0140610719223829 0.0497027393855977 0
"сомнения" 0.0244319569997557 0.0112523911331158 0.0172726487606875 0.0286594540374006 0.0131090233777584 0.00899064972428674 0.020631318341242 0.0117175599353191 0.0114698629351379 0.0195924764890282
"французской" 0 0 0 0 0.0174786978370111 0.0389594821385759 0 0.0210916078835743 0.0133815067576609 0.00979623824451411
"большую" 0.00977278279990227 0.0225047822662316 0.0345452975213749 0 0.00436967445925279 0.00899064972428674 0.020631318341242 0.0164045839094467 0.0191164382252299 0
"веры" 0.0488639139995114 0.00562619556655789 0.0518179462820624 0.0573189080748012 0.00436967445925279 0 0.020631318341242 0.00234351198706381 0.00382328764504597 0.0195924764890282
"войну" 0 0 0.0172726487606875 0.00716486350935015 0 0.00299688324142891 0 0.037496191793021 0.0229397258702758 0.00979623824451411
"вопросы" 0.00977278279990227 0.0168785866996737 0 0.00716486350935015 0.0218483722962639 0.00899064972428674 0.010315659170621 0.0117175599353191 0.0172047944027069 0.0391849529780564
"герцога" 0 0 0 0 0 0.00599376648285783 0 0.037496191793021 0.0286746573378448 0
"государств" 0.0195455655998045 0.00562619556655789 0.0259089731410312 0.00716486350935015 0 0 0 0.037496191793021 0.0152931505801839 0
"древнего" 0.00488639139995114 0.0168785866996737 0.00863632438034373 0.0286594540374006 0.0174786978370111 0.00599376648285783 0 0.0304656558318296 0.00191164382252299 0.0391849529780564
"другую" 0.00488639139995114 0.0225047822662316 0 0.0214945905280504 0.0174786978370111 0.0209781826900024 0 0.0187480958965105 0.00955821911261494 0.00979623824451411
"думали" 0.00488639139995114 0.0225047822662316 0.0345452975213749 0 0.0262180467555167 0.00899064972428674 0 0.0187480958965105 0.0114698629351379 0.00979623824451411
"евреям" 0.161250916198387 0 0 0 0 0 0 0 0 0
"закона" 0.0830686537991693 0.0112523911331158 0.0259089731410312 0.0143297270187003 0.0174786978370111 0.00299688324142891 0 0 0.00573493146756896 0.00979623824451411
"запада" 0.0244319569997557 0 0.0518179462820624 0.107472952640252 0.0174786978370111 0 0 0.00468702397412763 0 0.00979623824451411
"знал" 0 0.0281309778327895 0 0.0143297270187003 0 0.00599376648285783 0.010315659170621 0.0187480958965105 0.0286746573378448 0
"идей" 0.00488639139995114 0.00562619556655789 0 0 0 0.00299688324142891 0.020631318341242 0.0492137517283401 0.00955821911261494 0.0195924764890282
"имело" 0.00488639139995114 0.0168785866996737 0 0.0214945905280504 0.0174786978370111 0.0119875329657157 0.030946977511863 0.0187480958965105 0.0133815067576609 0
"имеют" 0.0293183483997068 0.0168785866996737 0.00863632438034373 0.00716486350935015 0.0131090233777584 0.0269719491728602 0.010315659170621 0.0117175599353191 0.00573493146756896 0.00979623824451411
"историей" 0.0146591741998534 0.0337571733993474 0.00863632438034373 0.00716486350935015 0 0.0209781826900024 0 0.0351526798059572 0 0
"начинает" 0.0146591741998534 0.0562619556655789 0 0.0143297270187003 0.0174786978370111 0.0299688324142891 0 0 0.00573493146756896 0.00979623824451411
"недавно" 0.0390911311996091 0.0112523911331158 0.0604542706624061 0.00716486350935015 0.0174786978370111 0.0149844162071446 0.010315659170621 0.00468702397412763 0.00191164382252299 0.0195924764890282
"общее" 0 0.0112523911331158 0.00863632438034373 0.0573189080748012 0.0131090233777584 0 0.020631318341242 0.0187480958965105 0.0152931505801839 0.00979623824451411
"париж" 0 0 0 0 0 0.035962598897147 0 0.0164045839094467 0.0267630135153218 0
"пред" 0.0439775225995602 0 0.00863632438034373 0.00716486350935015 0.00873934891850557 0 0 0.0117175599353191 0.0286746573378448 0
"притом" 0.0146591741998534 0.00562619556655789 0 0.0358243175467507 0 0.0209781826900024 0.041262636682484 0.00937404794825526 0.0114698629351379 0.0293887147335423
"род" 0 0.0618881512321368 0 0 0.0131090233777584 0.0239750659314313 0.020631318341242 0.0140610719223829 0.00573493146756896 0
"русский" 0.0586366967994136 0.00562619556655789 0.0259089731410312 0.0859783621122018 0.0174786978370111 0 0 0.00234351198706381 0 0
"своею" 0 0.00562619556655789 0.0345452975213749 0.050154044565451 0.00873934891850557 0.0119875329657157 0.020631318341242 0.0117175599353191 0.0133815067576609 0.00979623824451411
"смерть" 0.00488639139995114 0.0112523911331158 0 0.00716486350935015 0.00436967445925279 0.0119875329657157 0 0.0187480958965105 0.0286746573378448 0.00979623824451411
"содержание" 0.00977278279990227 0.0112523911331158 0 0 0.0262180467555167 0.035962598897147 0.010315659170621 0.00937404794825526 0.00955821911261494 0.00979623824451411
"сословие" 0 0.00562619556655789 0 0 0.0131090233777584 0.00299688324142891 0.010315659170621 0.037496191793021 0.0210280820477529 0
"таком" 0.0439775225995602 0 0 0.0286594540374006 0.00873934891850557 0.00899064972428674 0 0.00703053596119144 0.0172047944027069 0.0293887147335423
"тогдашней" 0 0.0337571733993474 0 0.00716486350935015 0.00436967445925279 0 0 0.0281221438447658 0.0229397258702758 0.00979623824451411
"царя" 0.00977278279990227 0.0112523911331158 0.215908109508593 0 0.00436967445925279 0 0 0 0.00573493146756896 0
"элементы" 0.00977278279990227 0.0393833689659053 0 0.0143297270187003 0.0305877212147695 0 0 0.0117175599353191 0.00573493146756896 0.0685736677115987
"вдруг" 0 0.0337571733993474 0.0345452975213749 0.0143297270187003 0 0.0209781826900024 0.020631318341242 0.00937404794825526 0.0114698629351379 0.00979623824451411
"внимания" 0.0146591741998534 0.00562619556655789 0.00863632438034373 0.0214945905280504 0.00873934891850557 0.0239750659314313 0.010315659170621 0.0140610719223829 0.00955821911261494 0.0195924764890282
"всяком" 0.0244319569997557 0.0112523911331158 0.00863632438034373 0.00716486350935015 0.0305877212147695 0.0119875329657157 0.010315659170621 0.00703053596119144 0.0152931505801839 0
"дал" 0 0 0.00863632438034373 0.00716486350935015 0 0.00599376648285783 0.010315659170621 0.0234351198706381 0.0324979449828908 0
"доселе" 0 0 0 0 0.0218483722962639 0.00899064972428674 0.010315659170621 0.0187480958965105 0.0267630135153218 0.00979623824451411
"знаем" 0.0244319569997557 0.050635760099021 0 0 0.0174786978370111 0 0 0.0164045839094467 0.0133815067576609 0
"знает" 0 0.0281309778327895 0 0.00716486350935015 0.0218483722962639 0.0179812994485735 0.030946977511863 0.0117175599353191 0.00382328764504597 0.0489811912225705
"империи" 0.0488639139995114 0 0.00863632438034373 0.0214945905280504 0 0.00299688324142891 0 0.0351526798059572 0.00382328764504597 0
"искать" 0.00977278279990227 0.0281309778327895 0.0172726487606875 0.0286594540374006 0.0174786978370111 0.0149844162071446 0.010315659170621 0.00937404794825526 0.00764657529009195 0.00979623824451411
"королевской" 0 0 0 0 0 0.00599376648285783 0 0.0328091678188934 0.0305863011603678 0
"личных" 0 0.00562619556655789 0.00863632438034373 0.0644837715841513 0.0262180467555167 0.00599376648285783 0 0.0117175599353191 0.00955821911261494 0.0293887147335423
"меры" 0.0146591741998534 0.0112523911331158 0 0 0 0.0149844162071446 0 0.0140610719223829 0.0305863011603678 0
"народонаселения" 0.00488639139995114 0 0.00863632438034373 0 0 0 0 0.0421832157671486 0.0229397258702758 0
"опасности" 0.00977278279990227 0.0112523911331158 0.0172726487606875 0.00716486350935015 0.00436967445925279 0.00299688324142891 0.010315659170621 0.0281221438447658 0.0191164382252299 0
"остались" 0.00488639139995114 0.0225047822662316 0.0259089731410312 0.00716486350935015 0 0.00299688324142891 0.010315659170621 0.0117175599353191 0.0229397258702758 0.0391849529780564
"очевидно" 0.034204739799658 0.0168785866996737 0 0.0358243175467507 0.0305877212147695 0.00299688324142891 0 0.0164045839094467 0.00382328764504597 0
"первая" 0 0.0225047822662316 0.0172726487606875 0.0214945905280504 0.00873934891850557 0.00899064972428674 0.061893955023726 0.0117175599353191 0.00764657529009195 0.0293887147335423
"посредством" 0.0146591741998534 0.0225047822662316 0.00863632438034373 0.0286594540374006 0.00436967445925279 0.0419563653800048 0 0.00468702397412763 0.00573493146756896 0
"протестанты" 0 0 0 0 0 0 0 0 0.0611726023207356 0
"романтизм" 0 0 0 0 0.0218483722962639 0 0.030946977511863 0 0 0.235109717868339
"сказал" 0.0195455655998045 0 0.0345452975213749 0 0.0262180467555167 0.00599376648285783 0.010315659170621 0.0140610719223829 0.00955821911261494 0.0391849529780564
"смотрели" 0 0.0393833689659053 0 0.00716486350935015 0.0131090233777584 0.00299688324142891 0.010315659170621 0.0164045839094467 0.0191164382252299 0.0195924764890282
"события" 0.00977278279990227 0.0112523911331158 0 0 0.00436967445925279 0.0299688324142891 0 0.0187480958965105 0.0172047944027069 0
"сына" 0.00977278279990227 0.0168785866996737 0.0172726487606875 0 0 0.0149844162071446 0 0.0164045839094467 0.0248513696927988 0
"устройство" 0.00977278279990227 0.0618881512321368 0.00863632438034373 0.0644837715841513 0.0262180467555167 0 0 0.00234351198706381 0.00382328764504597 0
"характера" 0 0 0.0172726487606875 0.0429891810561009 0.0131090233777584 0.0119875329657157 0.020631318341242 0.00703053596119144 0.0191164382252299 0.0195924764890282
"человечество" 0.034204739799658 0.00562619556655789 0.0259089731410312 0 0.00873934891850557 0.0149844162071446 0 0.0164045839094467 0.00191164382252299 0.0587774294670846
"члены" 0.00488639139995114 0.0225047822662316 0.00863632438034373 0.00716486350935015 0.00873934891850557 0.00599376648285783 0 0.0281221438447658 0.0172047944027069 0
"чрез" 0.00977278279990227 0 0 0 0.00873934891850557 0 0 0.025778631857702 0.0286746573378448 0.0195924764890282
"x" 0 0 0.00863632438034373 0.00716486350935015 0 0.00599376648285783 0 0.0398397037800848 0.0191164382252299 0.00979623824451411
"большею" 0.00488639139995114 0.0225047822662316 0 0.0143297270187003 0.0131090233777584 0.0179812994485735 0.020631318341242 0.00937404794825526 0.0152931505801839 0.00979623824451411
"великое" 0.00488639139995114 0.00562619556655789 0.00863632438034373 0 0.00873934891850557 0.00599376648285783 0 0.025778631857702 0.0229397258702758 0.00979623824451411
"виду" 0.034204739799658 0.00562619556655789 0.00863632438034373 0.0143297270187003 0.0218483722962639 0.00899064972428674 0 0.0140610719223829 0.00955821911261494 0.00979623824451411
"возможности" 0.0195455655998045 0.0168785866996737 0 0 0.0218483722962639 0.0149844162071446 0 0.00937404794825526 0.0152931505801839 0.0195924764890282
"вступил" 0 0 0.0431816219017186 0 0 0 0 0.0187480958965105 0.0344095888054138 0
"высших" 0.0146591741998534 0.0112523911331158 0.0259089731410312 0.0788134986028516 0.00436967445925279 0.00299688324142891 0.010315659170621 0.00703053596119144 0.0114698629351379 0
"день" 0.0146591741998534 0 0.0259089731410312 0.0143297270187003 0 0.00899064972428674 0 0.0164045839094467 0.0210280820477529 0.0195924764890282
"евреями" 0.151478133398485 0 0 0 0 0 0 0 0 0
"жителей" 0.0195455655998045 0.0168785866996737 0.0172726487606875 0 0.00436967445925279 0.00299688324142891 0 0.0234351198706381 0.0191164382252299 0
"исторических" 0.0146591741998534 0.0225047822662316 0 0.0214945905280504 0.0349573956740223 0.0179812994485735 0.010315659170621 0.00937404794825526 0.00382328764504597 0
"италию" 0 0 0 0.00716486350935015 0 0 0 0.0445267277542125 0.0210280820477529 0
"каждая" 0 0.0168785866996737 0 0.0716486350935015 0 0.0269719491728602 0 0.0140610719223829 0.00573493146756896 0
"населения" 0.136818959198632 0.00562619556655789 0 0.00716486350935015 0 0 0 0.00234351198706381 0 0
"немецких" 0.00488639139995114 0 0 0.00716486350935015 0 0 0 0.025778631857702 0.0344095888054138 0
"орден" 0 0.00562619556655789 0.0172726487606875 0 0 0 0 0.00234351198706381 0.0516143832081207 0
"остался" 0 0.0168785866996737 0 0.0143297270187003 0 0.00299688324142891 0 0.0164045839094467 0.0324979449828908 0.00979623824451411
"отказаться" 0.0146591741998534 0 0 0 0.0131090233777584 0 0.010315659170621 0.0187480958965105 0.0286746573378448 0.00979623824451411
"политических" 0.0146591741998534 0 0 0 0.00436967445925279 0.0119875329657157 0 0.0328091678188934 0.0172047944027069 0
"положения" 0.0244319569997557 0.0168785866996737 0 0 0.00873934891850557 0.0179812994485735 0.010315659170621 0.00703053596119144 0.0172047944027069 0.0195924764890282
"помалу" 0 0.112523911331158 0.0259089731410312 0.00716486350935015 0.00873934891850557 0.00599376648285783 0 0.00468702397412763 0.00191164382252299 0
"понятие" 0.00488639139995114 0.00562619556655789 0.00863632438034373 0.0143297270187003 0.0262180467555167 0.0149844162071446 0.010315659170621 0.0210916078835743 0.00764657529009195 0.00979623824451411
"последних" 0.0195455655998045 0.0112523911331158 0 0.0143297270187003 0.0174786978370111 0.0149844162071446 0.030946977511863 0.0117175599353191 0.00955821911261494 0.00979623824451411
"разных" 0.0244319569997557 0.0112523911331158 0.0172726487606875 0 0.00436967445925279 0.0239750659314313 0.051578295853105 0.00703053596119144 0.00573493146756896 0.0195924764890282
"религии" 0.0586366967994136 0.0112523911331158 0 0 0.0131090233777584 0.00599376648285783 0 0.0140610719223829 0.00955821911261494 0.00979623824451411
"сказали" 0.0146591741998534 0.00562619556655789 0 0 0.0218483722962639 0 0.020631318341242 0.0281221438447658 0.0133815067576609 0.00979623824451411
"сословий" 0 0.0337571733993474 0.0345452975213749 0.0358243175467507 0.0131090233777584 0.00299688324142891 0.010315659170621 0.0117175599353191 0.00955821911261494 0.00979623824451411
"состояние" 0 0.0112523911331158 0.0172726487606875 0.0143297270187003 0.00436967445925279 0.0179812994485735 0.010315659170621 0.0304656558318296 0.00764657529009195 0
"суда" 0.00488639139995114 0.0112523911331158 0.0259089731410312 0 0.00873934891850557 0.0149844162071446 0 0.025778631857702 0.0133815067576609 0
"сюда" 0 0.00562619556655789 0 0.0143297270187003 0 0 0.010315659170621 0.0164045839094467 0.0324979449828908 0.0293887147335423
"течение" 0.0293183483997068 0 0.0172726487606875 0 0.00436967445925279 0.00299688324142891 0 0.0328091678188934 0.0133815067576609 0
"фамилии" 0.00488639139995114 0.0112523911331158 0 0 0 0.00599376648285783 0 0.0234351198706381 0.0305863011603678 0
"франца" 0 0 0 0 0 0 0 0.00937404794825526 0.0516143832081207 0
"числу" 0.00977278279990227 0 0.00863632438034373 0.00716486350935015 0.00436967445925279 0.0149844162071446 0.051578295853105 0.0140610719223829 0.0191164382252299 0
"чувства" 0.0195455655998045 0.00562619556655789 0.0172726487606875 0.00716486350935015 0.0131090233777584 0.0119875329657157 0.020631318341242 0.0210916078835743 0.00573493146756896 0.0195924764890282
"et" 0 0 0.00863632438034373 0 0.0742844658072974 0.0209781826900024 0.010315659170621 0.00468702397412763 0.00382328764504597 0.00979623824451411
"владений" 0.00488639139995114 0.0112523911331158 0 0 0.00436967445925279 0.00299688324142891 0 0.025778631857702 0.0248513696927988 0.00979623824451411
"вперед" 0 0.0393833689659053 0 0 0.00436967445925279 0.00899064972428674 0.020631318341242 0.00468702397412763 0.00764657529009195 0.107758620689655
"детей" 0 0.00562619556655789 0.0172726487606875 0.00716486350935015 0 0.0269719491728602 0.051578295853105 0.0164045839094467 0.00573493146756896 0.0195924764890282
"достоинство" 0 0.0393833689659053 0.00863632438034373 0.0358243175467507 0.0262180467555167 0.00899064972428674 0.010315659170621 0.00468702397412763 0.00573493146756896 0.0195924764890282
"духовного" 0.0293183483997068 0.0168785866996737 0.0518179462820624 0.0286594540374006 0.0174786978370111 0.00899064972428674 0.020631318341242 0 0.00382328764504597 0
"еврей" 0.141705350598583 0 0 0 0 0 0 0.00234351198706381 0 0
"итак" 0.00977278279990227 0.0393833689659053 0 0 0.0742844658072974 0.00599376648285783 0 0.00468702397412763 0 0
"нечто" 0.00488639139995114 0.0112523911331158 0 0.0214945905280504 0.00873934891850557 0.0269719491728602 0.010315659170621 0.0140610719223829 0.00955821911261494 0.00979623824451411
"ничем" 0.00488639139995114 0.0562619556655789 0 0 0.0174786978370111 0.0119875329657157 0.030946977511863 0.00468702397412763 0.00955821911261494 0.00979623824451411
"отчасти" 0.0244319569997557 0.0168785866996737 0.00863632438034373 0 0.0174786978370111 0.00299688324142891 0.010315659170621 0.0164045839094467 0.0152931505801839 0
"парламент" 0 0 0 0 0 0 0 0.0351526798059572 0.0286746573378448 0
"писателей" 0 0 0 0.050154044565451 0.0218483722962639 0.00599376648285783 0.010315659170621 0.0281221438447658 0.00573493146756896 0
"понятий" 0.00977278279990227 0.00562619556655789 0 0.114637816149602 0.0131090233777584 0.0149844162071446 0 0.00234351198706381 0.00191164382252299 0.00979623824451411
"процесс" 0 0 0 0.00716486350935015 0.0174786978370111 0.0389594821385759 0 0.00703053596119144 0.0114698629351379 0.0293887147335423
"ст" 0.00488639139995114 0 0 0 0 0.00599376648285783 0 0.063274823650723 0 0
"теории" 0.00488639139995114 0.0225047822662316 0 0 0.0262180467555167 0.0209781826900024 0.020631318341242 0.0140610719223829 0.00382328764504597 0.0195924764890282
"французского" 0 0 0 0 0 0.0329657156557181 0.010315659170621 0.0234351198706381 0.0152931505801839 0
"фридрих" 0 0 0 0 0 0 0 0.0187480958965105 0.0420561640955057 0
"явились" 0 0 0.00863632438034373 0 0.00873934891850557 0.00299688324142891 0.010315659170621 0.0234351198706381 0.0286746573378448 0
"язык" 0.0146591741998534 0 0.0172726487606875 0.0143297270187003 0.00873934891850557 0.00899064972428674 0 0.0140610719223829 0.0191164382252299 0.0195924764890282
"видеть" 0.0195455655998045 0.0112523911331158 0 0.0214945905280504 0.0174786978370111 0.0209781826900024 0.010315659170621 0.0117175599353191 0.00573493146756896 0
"властью" 0.0195455655998045 0.0112523911331158 0.00863632438034373 0 0.00436967445925279 0 0 0.0281221438447658 0.0172047944027069 0
"внешних" 0.0146591741998534 0.0112523911331158 0.0259089731410312 0.0644837715841513 0.00436967445925279 0.00299688324142891 0 0.0140610719223829 0.00764657529009195 0
"войне" 0 0.00562619556655789 0.0259089731410312 0 0 0 0 0.0328091678188934 0.0191164382252299 0.00979623824451411
"вопроса" 0.0684094795993159 0.00562619556655789 0 0.00716486350935015 0 0.0119875329657157 0 0.00937404794825526 0.00955821911261494 0
"голову" 0.00488639139995114 0.0168785866996737 0 0.0143297270187003 0.00873934891850557 0.0209781826900024 0.020631318341242 0.00234351198706381 0.0152931505801839 0.0293887147335423
"дает" 0.0146591741998534 0.0168785866996737 0 0 0.0131090233777584 0.0119875329657157 0.010315659170621 0.0140610719223829 0.00573493146756896 0.0587774294670846
"другая" 0.0146591741998534 0.0112523911331158 0.0172726487606875 0.0214945905280504 0.00436967445925279 0.00599376648285783 0 0.0187480958965105 0.0114698629351379 0.0195924764890282
"естественно" 0.00977278279990227 0.0168785866996737 0.00863632438034373 0.0644837715841513 0.0218483722962639 0.00299688324142891 0 0.0140610719223829 0.00382328764504597 0
"ещё" 0 0 0.250453407029968 0 0 0 0 0 0 0
"заключается" 0.034204739799658 0 0.0172726487606875 0.00716486350935015 0.0305877212147695 0.00599376648285783 0.041262636682484 0.0140610719223829 0 0
"заметить" 0.00488639139995114 0 0 0.00716486350935015 0.0174786978370111 0.0269719491728602 0.020631318341242 0.0140610719223829 0.00955821911261494 0.00979623824451411
"католиков" 0.00488639139995114 0 0 0.00716486350935015 0 0 0 0 0.0516143832081207 0
"мария" 0 0 0 0 0 0.00299688324142891 0 0.00468702397412763 0.0497027393855977 0
"народу" 0.034204739799658 0.0168785866996737 0.0172726487606875 0 0.0174786978370111 0.00299688324142891 0 0.00468702397412763 0.0191164382252299 0
"нею" 0.00488639139995114 0.0112523911331158 0.0259089731410312 0.00716486350935015 0 0.0149844162071446 0.030946977511863 0.0117175599353191 0.00955821911261494 0.0391849529780564
"особенность" 0.0195455655998045 0.0168785866996737 0 0.157626997205703 0 0 0 0 0 0
"оттуда" 0 0 0 0.0358243175467507 0.0131090233777584 0.00299688324142891 0 0.0140610719223829 0.0267630135153218 0
"политического" 0.0244319569997557 0.0450095645324632 0 0 0.00873934891850557 0.00599376648285783 0 0.0140610719223829 0.0114698629351379 0
"постепенно" 0.00977278279990227 0.0393833689659053 0 0 0.0262180467555167 0.00899064972428674 0 0.0140610719223829 0.00955821911261494 0
"прежних" 0 0.0225047822662316 0.00863632438034373 0.00716486350935015 0.00436967445925279 0 0.010315659170621 0.0234351198706381 0.0210280820477529 0
"роде" 0.00488639139995114 0.0225047822662316 0 0 0.0131090233777584 0.0239750659314313 0.092840932535589 0.00468702397412763 0.00382328764504597 0
"самая" 0.00977278279990227 0.00562619556655789 0.00863632438034373 0.0286594540374006 0 0.00599376648285783 0.020631318341242 0.0210916078835743 0.0133815067576609 0.00979623824451411
"самую" 0.0244319569997557 0.00562619556655789 0.00863632438034373 0.0143297270187003 0.0305877212147695 0.0179812994485735 0 0 0.0133815067576609 0
"сделался" 0.00488639139995114 0.0112523911331158 0.0172726487606875 0.0143297270187003 0.0174786978370111 0.00299688324142891 0.041262636682484 0.0117175599353191 0.0152931505801839 0
"составляет" 0.00977278279990227 0 0 0.00716486350935015 0.0218483722962639 0.0479501318628626 0.010315659170621 0.00234351198706381 0.00191164382252299 0.0195924764890282
"составляют" 0.0244319569997557 0.00562619556655789 0 0.0286594540374006 0.00436967445925279 0.0179812994485735 0.010315659170621 0.00937404794825526 0.00764657529009195 0.0293887147335423
"сочинение" 0 0 0 0 0 0.00899064972428674 0.030946977511863 0.0328091678188934 0.0172047944027069 0
"ученые" 0.00488639139995114 0.0112523911331158 0 0.0214945905280504 0.00873934891850557 0.00899064972428674 0.010315659170621 0.0351526798059572 0.00382328764504597 0
"хоть" 0.0390911311996091 0 0 0 0.0349573956740223 0.0209781826900024 0.030946977511863 0.00234351198706381 0.00191164382252299 0.00979623824451411
"человеку" 0.00977278279990227 0.0168785866996737 0.0172726487606875 0.0143297270187003 0.0131090233777584 0.00899064972428674 0 0.0234351198706381 0.00573493146756896 0.00979623824451411
"будут" 0.0146591741998534 0 0 0.00716486350935015 0.00873934891850557 0.0209781826900024 0.010315659170621 0.00703053596119144 0.0191164382252299 0.00979623824451411
"вскоре" 0.00977278279990227 0.0168785866996737 0.0518179462820624 0 0.00436967445925279 0.00899064972428674 0.010315659170621 0.00703053596119144 0.0133815067576609 0.0195924764890282
"думать" 0.0146591741998534 0.0225047822662316 0.00863632438034373 0.00716486350935015 0.00873934891850557 0.00599376648285783 0.010315659170621 0.00703053596119144 0.0210280820477529 0
"живет" 0.0195455655998045 0.00562619556655789 0 0.0358243175467507 0.0218483722962639 0.00599376648285783 0.030946977511863 0.00937404794825526 0.00382328764504597 0.0195924764890282
"законы" 0.0146591741998534 0.0168785866996737 0.0431816219017186 0.0573189080748012 0 0.00899064972428674 0 0.0117175599353191 0.00191164382252299 0
"исторической" 0.0244319569997557 0.0168785866996737 0 0.0214945905280504 0.00873934891850557 0.0239750659314313 0.030946977511863 0.00703053596119144 0.00191164382252299 0
"католической" 0 0 0 0 0 0 0 0.00234351198706381 0.0516143832081207 0
"миром" 0.0244319569997557 0.0225047822662316 0.00863632438034373 0.00716486350935015 0.0218483722962639 0.00299688324142891 0 0.00703053596119144 0.0133815067576609 0.00979623824451411
"надежды" 0.00977278279990227 0.0112523911331158 0.0172726487606875 0.0143297270187003 0.00436967445925279 0.00599376648285783 0.041262636682484 0.0117175599353191 0.0152931505801839 0
"новым" 0.00977278279990227 0.0168785866996737 0 0 0.00873934891850557 0.00899064972428674 0.010315659170621 0.0164045839094467 0.0152931505801839 0.0195924764890282
"однакож" 0 0 0 0 0 0.0749220810357228 0.030946977511863 0 0 0
"одних" 0 0.0450095645324632 0 0.0214945905280504 0.0305877212147695 0.00299688324142891 0.010315659170621 0.00703053596119144 0.00764657529009195 0.00979623824451411
"односторонность" 0 0.00562619556655789 0 0.0931432256215519 0.0524360935110334 0.00299688324142891 0 0 0 0.00979623824451411
"первом" 0 0.0168785866996737 0 0.00716486350935015 0.0349573956740223 0.0149844162071446 0 0.0164045839094467 0.00382328764504597 0.0195924764890282
"письма" 0.00488639139995114 0 0 0.00716486350935015 0 0.0329657156557181 0.020631318341242 0.0210916078835743 0.00764657529009195 0
"редко" 0 0 0.0172726487606875 0 0.0174786978370111 0.0149844162071446 0.010315659170621 0.0164045839094467 0.0114698629351379 0.0293887147335423
"сделал" 0 0 0 0 0 0.0269719491728602 0.010315659170621 0.0234351198706381 0.0133815067576609 0.00979623824451411
"случай" 0.00488639139995114 0.0112523911331158 0 0 0.0174786978370111 0.0179812994485735 0 0.0140610719223829 0.0133815067576609 0.0195924764890282
"современной" 0.00977278279990227 0.00562619556655789 0 0 0.0218483722962639 0.0209781826900024 0.041262636682484 0.00937404794825526 0 0.0489811912225705
"современных" 0.00977278279990227 0 0.0172726487606875 0 0.00873934891850557 0.0239750659314313 0.010315659170621 0.0210916078835743 0.00573493146756896 0.00979623824451411
"состоит" 0.0293183483997068 0.00562619556655789 0.00863632438034373 0.00716486350935015 0.0131090233777584 0.0239750659314313 0.041262636682484 0.00468702397412763 0 0.0195924764890282
"сыну" 0.00488639139995114 0.0337571733993474 0.0172726487606875 0 0 0 0 0.0187480958965105 0.0210280820477529 0
"указать" 0 0.0168785866996737 0 0 0.00873934891850557 0.00299688324142891 0.061893955023726 0.025778631857702 0.00955821911261494 0
"ум" 0 0.00562619556655789 0.0259089731410312 0.0286594540374006 0.00873934891850557 0.0149844162071446 0.041262636682484 0.00703053596119144 0.00191164382252299 0.0489811912225705
"участие" 0.00488639139995114 0.0168785866996737 0 0 0.00873934891850557 0 0 0.0187480958965105 0.0267630135153218 0
"частных" 0.0244319569997557 0.0168785866996737 0.0172726487606875 0.0573189080748012 0.00436967445925279 0 0.030946977511863 0.00468702397412763 0.00764657529009195 0
"человеческой" 0.00977278279990227 0.00562619556655789 0.0172726487606875 0 0.0262180467555167 0.0119875329657157 0.020631318341242 0.00468702397412763 0.00382328764504597 0.0685736677115987
"эпоха" 0 0.0618881512321368 0.0172726487606875 0 0.00436967445925279 0.0149844162071446 0 0.00468702397412763 0.00764657529009195 0.0293887147335423
"xiv" 0 0 0 0.0214945905280504 0 0.0209781826900024 0.010315659170621 0.025778631857702 0.00955821911261494 0.00979623824451411
"внешней" 0.0146591741998534 0.00562619556655789 0.00863632438034373 0.0931432256215519 0.00873934891850557 0.00299688324142891 0 0.00468702397412763 0.00764657529009195 0
"воззрение" 0.00488639139995114 0.0112523911331158 0 0.00716486350935015 0 0.0269719491728602 0 0.0210916078835743 0 0.0489811912225705
"всё" 0 0 0.189999136367562 0 0.00873934891850557 0.00299688324142891 0 0.00468702397412763 0 0
"всякое" 0.0195455655998045 0.0112523911331158 0.00863632438034373 0 0.00873934891850557 0.0119875329657157 0 0.0187480958965105 0.00955821911261494 0.00979623824451411
"государственных" 0.0195455655998045 0.00562619556655789 0.0431816219017186 0.00716486350935015 0 0 0 0.00937404794825526 0.0229397258702758 0
"действительности" 0 0.00562619556655789 0 0 0.0436967445925279 0.00299688324142891 0.082525273364968 0.00468702397412763 0.00382328764504597 0.0293887147335423
"денег" 0.00977278279990227 0.0168785866996737 0 0 0 0.00599376648285783 0.020631318341242 0.0164045839094467 0.0210280820477529 0
"дня" 0.0293183483997068 0 0 0.00716486350935015 0 0.0299688324142891 0 0.00468702397412763 0.0114698629351379 0.0195924764890282
"дружины" 0 0.0562619556655789 0.0345452975213749 0.0286594540374006 0.0174786978370111 0 0 0.00703053596119144 0.00382328764504597 0
"идея" 0.0244319569997557 0.0225047822662316 0.00863632438034373 0 0.0218483722962639 0.00599376648285783 0.041262636682484 0.00937404794825526 0.00191164382252299 0.00979623824451411
"книге" 0.00488639139995114 0 0 0 0.00436967445925279 0.0149844162071446 0.041262636682484 0.0210916078835743 0.0114698629351379 0.00979623824451411
"конец" 0 0.0112523911331158 0.00863632438034373 0 0.0131090233777584 0.00599376648285783 0.010315659170621 0.0164045839094467 0.0191164382252299 0.00979623824451411
"крестьян" 0.0195455655998045 0.0225047822662316 0.0259089731410312 0 0.0218483722962639 0.00299688324142891 0 0.00703053596119144 0.0133815067576609 0
"назвать" 0.0146591741998534 0 0.00863632438034373 0.00716486350935015 0.0131090233777584 0.00599376648285783 0.030946977511863 0.0234351198706381 0.00573493146756896 0.00979623824451411
"написал" 0 0 0 0 0.00436967445925279 0.0209781826900024 0.030946977511863 0.0187480958965105 0.0133815067576609 0.00979623824451411
"нашел" 0.0146591741998534 0.00562619556655789 0 0 0.0218483722962639 0 0.020631318341242 0.0117175599353191 0.0210280820477529 0
"невозможно" 0.0195455655998045 0.050635760099021 0.00863632438034373 0.00716486350935015 0.00436967445925279 0.00599376648285783 0 0.00703053596119144 0.00764657529009195 0.0195924764890282
"нескольких" 0 0 0.0431816219017186 0 0 0.0149844162071446 0.030946977511863 0.0117175599353191 0.0133815067576609 0.0195924764890282
"нидерланды" 0 0 0 0 0 0 0 0 0.0516143832081207 0
"объявил" 0.00488639139995114 0 0.00863632438034373 0 0 0.00899064972428674 0 0.00937404794825526 0.0344095888054138 0
"отсутствие" 0.00488639139995114 0.0337571733993474 0 0.00716486350935015 0.0436967445925279 0.0119875329657157 0 0.00703053596119144 0.00382328764504597 0
"п" 0.00977278279990227 0 0 0.00716486350935015 0.0174786978370111 0.0149844162071446 0.041262636682484 0.00937404794825526 0.0133815067576609 0
"париже" 0.00977278279990227 0 0 0 0.00436967445925279 0.0269719491728602 0 0.00703053596119144 0.0229397258702758 0
"племя" 0.0537503053994625 0.00562619556655789 0.0172726487606875 0.00716486350935015 0.0393270701332751 0 0 0.00703053596119144 0 0
"попытки" 0.00488639139995114 0 0.00863632438034373 0 0 0.0149844162071446 0.010315659170621 0.0281221438447658 0.0133815067576609 0
"правительство" 0.0537503053994625 0 0.00863632438034373 0 0 0.00599376648285783 0 0.00703053596119144 0.0191164382252299 0
"принадлежат" 0.00977278279990227 0.00562619556655789 0.0172726487606875 0 0.00873934891850557 0.0179812994485735 0.020631318341242 0.00468702397412763 0.0114698629351379 0.0391849529780564
"природы" 0.00488639139995114 0.0281309778327895 0 0.00716486350935015 0.0131090233777584 0.0239750659314313 0.020631318341242 0 0.00573493146756896 0.0391849529780564
"решительно" 0.00977278279990227 0.00562619556655789 0 0.00716486350935015 0.0131090233777584 0.0119875329657157 0.041262636682484 0 0.0210280820477529 0.00979623824451411
"самим" 0.0146591741998534 0.0112523911331158 0 0 0.0305877212147695 0.0269719491728602 0 0.00703053596119144 0.00573493146756896 0
"смысла" 0.00977278279990227 0.0168785866996737 0.0259089731410312 0.0358243175467507 0.0131090233777584 0.00899064972428674 0.010315659170621 0 0.0114698629351379 0.00979623824451411
"событий" 0.0146591741998534 0 0 0.00716486350935015 0.00436967445925279 0.0179812994485735 0 0.0140610719223829 0.0172047944027069 0.00979623824451411
"совет" 0.00488639139995114 0 0.0259089731410312 0 0.0218483722962639 0.00599376648285783 0 0.00937404794825526 0.0229397258702758 0
"средств" 0.00488639139995114 0.00562619556655789 0 0.0214945905280504 0.00436967445925279 0.00599376648285783 0 0.025778631857702 0.0133815067576609 0.00979623824451411
"существования" 0.0244319569997557 0.0450095645324632 0.00863632438034373 0 0.00873934891850557 0.00599376648285783 0.010315659170621 0.00703053596119144 0 0.0489811912225705
"успех" 0 0 0.00863632438034373 0 0.00436967445925279 0.0419563653800048 0.030946977511863 0.00937404794825526 0.00764657529009195 0
"формами" 0 0.0787667379318105 0 0.0143297270187003 0.0174786978370111 0 0 0.00703053596119144 0.00764657529009195 0
"целое" 0.00488639139995114 0.0281309778327895 0.0172726487606875 0 0.0131090233777584 0.0149844162071446 0.020631318341242 0.0117175599353191 0.00573493146756896 0.00979623824451411
"шло" 0 0 0.0172726487606875 0.00716486350935015 0 0.00599376648285783 0 0.0117175599353191 0.0286746573378448 0.0195924764890282
"южной" 0 0 0.0172726487606875 0 0 0 0 0.0304656558318296 0.0229397258702758 0
"быту" 0.0146591741998534 0.0562619556655789 0.00863632438034373 0.00716486350935015 0.0393270701332751 0.00299688324142891 0 0.00234351198706381 0 0
"век" 0.0146591741998534 0.00562619556655789 0 0.00716486350935015 0.00873934891850557 0.00899064972428674 0 0.0187480958965105 0.00764657529009195 0.0391849529780564
"веру" 0.034204739799658 0.0112523911331158 0.0259089731410312 0.0286594540374006 0.0131090233777584 0 0 0.00703053596119144 0.00382328764504597 0.0195924764890282
"владельца" 0 0.0112523911331158 0 0 0 0.00299688324142891 0 0.0539007757024677 0 0
"войн" 0 0.0112523911331158 0 0 0.00873934891850557 0 0 0.0234351198706381 0.0210280820477529 0.00979623824451411
"воли" 0.00488639139995114 0.0225047822662316 0.00863632438034373 0.0143297270187003 0 0 0.010315659170621 0.00703053596119144 0.0267630135153218 0
"делать" 0.00488639139995114 0.0112523911331158 0.0431816219017186 0.00716486350935015 0.0174786978370111 0.00899064972428674 0.041262636682484 0.00468702397412763 0.00573493146756896 0.00979623824451411
"жил" 0 0.0281309778327895 0.0172726487606875 0 0.00873934891850557 0 0 0.0210916078835743 0.0133815067576609 0.00979623824451411
"законом" 0.0537503053994625 0 0.0431816219017186 0.00716486350935015 0.00873934891850557 0 0 0.00937404794825526 0.00573493146756896 0
"защищать" 0 0.00562619556655789 0 0 0.00436967445925279 0.00299688324142891 0 0.0328091678188934 0.0172047944027069 0
"значительные" 0 0 0 0 0 0.00299688324142891 0 0.0351526798059572 0.0191164382252299 0
"иван" 0 0.00562619556655789 0.181362811987218 0 0.00436967445925279 0 0.030946977511863 0 0 0
"имеем" 0.00977278279990227 0 0.0345452975213749 0 0 0 0.010315659170621 0.0234351198706381 0.0133815067576609 0.0195924764890282
"имени" 0 0.00562619556655789 0.0518179462820624 0 0.0131090233777584 0.0179812994485735 0.010315659170621 0.00234351198706381 0.00955821911261494 0.0293887147335423
"интересов" 0.0244319569997557 0.0337571733993474 0 0.0358243175467507 0.0174786978370111 0 0 0.00468702397412763 0.00573493146756896 0.00979623824451411
"католики" 0.0244319569997557 0 0 0 0 0 0 0 0.0401445202729827 0
"королева" 0 0 0 0 0 0.00299688324142891 0.010315659170621 0 0.0458794517405517 0
"народного" 0.0439775225995602 0 0.0518179462820624 0.00716486350935015 0.0131090233777584 0.00899064972428674 0 0.00234351198706381 0.00382328764504597 0.00979623824451411
"находился" 0 0 0 0.00716486350935015 0 0 0 0.0210916078835743 0.0305863011603678 0
"национальности" 0.0488639139995114 0.0112523911331158 0 0 0.0131090233777584 0 0 0.0234351198706381 0.00191164382252299 0
"начинается" 0 0 0.00863632438034373 0.00716486350935015 0 0.0119875329657157 0.010315659170621 0.0281221438447658 0.00573493146756896 0.0391849529780564
"наша" 0.0293183483997068 0.0225047822662316 0.0259089731410312 0.0143297270187003 0.0174786978370111 0 0.051578295853105 0.00234351198706381 0 0.00979623824451411
"некогда" 0.00977278279990227 0.0112523911331158 0.0345452975213749 0 0.00436967445925279 0.00299688324142891 0 0.00937404794825526 0.0210280820477529 0.00979623824451411
"ненависть" 0.00488639139995114 0.0112523911331158 0.0172726487606875 0.00716486350935015 0.00436967445925279 0 0 0.0187480958965105 0.0191164382252299 0.00979623824451411
"необходимости" 0.0195455655998045 0.0168785866996737 0.0172726487606875 0.0214945905280504 0.0174786978370111 0.0149844162071446 0.010315659170621 0.00234351198706381 0.00573493146756896 0
"никакой" 0.0146591741998534 0.0281309778327895 0.00863632438034373 0.00716486350935015 0.00873934891850557 0.00899064972428674 0.010315659170621 0.0140610719223829 0.00382328764504597 0.0195924764890282
"новая" 0.00488639139995114 0.0168785866996737 0.0345452975213749 0 0.00436967445925279 0.0209781826900024 0.010315659170621 0.0117175599353191 0.00764657529009195 0
"отдельных" 0.0244319569997557 0.0168785866996737 0 0.0143297270187003 0.00436967445925279 0.00899064972428674 0 0.0164045839094467 0.00955821911261494 0
"партий" 0 0.00562619556655789 0 0.0214945905280504 0.0131090233777584 0.0209781826900024 0 0 0.0210280820477529 0.00979623824451411
"политики" 0.0195455655998045 0 0.00863632438034373 0 0.00873934891850557 0 0 0.0281221438447658 0.0133815067576609 0
"политическое" 0.00488639139995114 0.050635760099021 0 0 0.0131090233777584 0 0 0.0117175599353191 0.0152931505801839 0
"поприще" 0 0.0225047822662316 0.0345452975213749 0 0.0174786978370111 0 0.010315659170621 0.0117175599353191 0.0152931505801839 0
"престола" 0 0.00562619556655789 0.00863632438034373 0 0 0.00299688324142891 0 0.0140610719223829 0.0324979449828908 0
"пример" 0.00488639139995114 0 0.00863632438034373 0.0143297270187003 0.0262180467555167 0.0179812994485735 0 0.00937404794825526 0.0114698629351379 0
"русскими" 0.0537503053994625 0.0393833689659053 0.0431816219017186 0 0.00436967445925279 0.00599376648285783 0 0 0 0
"самих" 0.034204739799658 0.0168785866996737 0 0 0.0218483722962639 0.00899064972428674 0 0.00937404794825526 0.00764657529009195 0
"сделались" 0.00977278279990227 0.0337571733993474 0.00863632438034373 0.0286594540374006 0.00873934891850557 0.00599376648285783 0.020631318341242 0.00468702397412763 0.00955821911261494 0
"союза" 0.0146591741998534 0.0225047822662316 0 0 0.00436967445925279 0.00299688324142891 0 0.0117175599353191 0.0229397258702758 0
"становится" 0.0146591741998534 0.0337571733993474 0 0.0143297270187003 0.0131090233777584 0 0.010315659170621 0.0140610719223829 0.00382328764504597 0.0293887147335423
"статье" 0.00488639139995114 0 0 0.0143297270187003 0.0699147913480446 0.0119875329657157 0.010315659170621 0.00234351198706381 0 0.00979623824451411
"требование" 0.0293183483997068 0.0225047822662316 0 0.00716486350935015 0.0262180467555167 0.00599376648285783 0 0.00468702397412763 0.00955821911261494 0
"устройства" 0.0146591741998534 0.0337571733993474 0.0172726487606875 0.0573189080748012 0.0174786978370111 0 0 0.00468702397412763 0.00191164382252299 0
"форма" 0 0.00562619556655789 0.0172726487606875 0.0214945905280504 0.0131090233777584 0 0.010315659170621 0.0234351198706381 0.00573493146756896 0.0293887147335423
"хотят" 0.0195455655998045 0.00562619556655789 0 0 0.0131090233777584 0.00599376648285783 0.041262636682484 0.00234351198706381 0.00382328764504597 0.088166144200627
"царь" 0 0.0225047822662316 0.172726487606875 0 0.00436967445925279 0 0 0 0 0.00979623824451411
"членов" 0.00977278279990227 0.00562619556655789 0 0 0.00436967445925279 0.00599376648285783 0 0.00703053596119144 0.0324979449828908 0
"шла" 0.00488639139995114 0.0168785866996737 0.00863632438034373 0 0.00873934891850557 0.00299688324142891 0 0.0140610719223829 0.0229397258702758 0
"xii" 0 0.00562619556655789 0.0172726487606875 0.00716486350935015 0.00436967445925279 0 0 0.0281221438447658 0.0172047944027069 0
"брак" 0.00488639139995114 0 0.00863632438034373 0 0 0.00299688324142891 0 0.00703053596119144 0.0363212326279368 0
"вас" 0 0 0 0 0.00436967445925279 0.0629345480700072 0.010315659170621 0.00234351198706381 0.00191164382252299 0
"вещи" 0.00488639139995114 0.00562619556655789 0 0 0.0262180467555167 0.0449532486214337 0.010315659170621 0 0.00191164382252299 0
"внутренний" 0.0146591741998534 0.0450095645324632 0 0.0286594540374006 0.0174786978370111 0.00599376648285783 0.010315659170621 0.00234351198706381 0.00191164382252299 0.00979623824451411
"внутри" 0.00977278279990227 0.0281309778327895 0 0.0429891810561009 0 0.00599376648285783 0 0.00468702397412763 0.00573493146756896 0.0489811912225705
"голос" 0.0146591741998534 0 0.0172726487606875 0 0.0131090233777584 0.0179812994485735 0 0.0117175599353191 0.00382328764504597 0.0391849529780564
"государственного" 0.00977278279990227 0.0450095645324632 0.0345452975213749 0 0.0131090233777584 0.00599376648285783 0.010315659170621 0.00234351198706381 0.00764657529009195 0
"дворян" 0 0.0112523911331158 0.0431816219017186 0 0 0 0 0.00703053596119144 0.0286746573378448 0
"дворянства" 0 0 0 0 0 0.00299688324142891 0 0.00937404794825526 0.0382328764504598 0
"делается" 0.00977278279990227 0.0112523911331158 0.00863632438034373 0.0143297270187003 0 0.0449532486214337 0.010315659170621 0.00234351198706381 0 0.00979623824451411
"достаточно" 0.0195455655998045 0.00562619556655789 0.0172726487606875 0.00716486350935015 0.00873934891850557 0.00899064972428674 0.010315659170621 0.00468702397412763 0.0114698629351379 0.0293887147335423
"западе" 0.0293183483997068 0 0.0345452975213749 0.0931432256215519 0 0 0 0.00234351198706381 0 0.00979623824451411
"истина" 0.00488639139995114 0 0.00863632438034373 0.00716486350935015 0.00873934891850557 0.00599376648285783 0.010315659170621 0.00468702397412763 0 0.146943573667712
"карлу" 0 0 0 0 0 0 0 0.0210916078835743 0.0305863011603678 0
"критик" 0.00488639139995114 0.00562619556655789 0 0 0.0961328381035613 0 0.010315659170621 0 0 0
"лице" 0.00977278279990227 0.0337571733993474 0.0172726487606875 0 0.0305877212147695 0.00599376648285783 0.010315659170621 0.00234351198706381 0.00573493146756896 0.00979623824451411
"м" 0.00488639139995114 0 0.00863632438034373 0.0214945905280504 0.00436967445925279 0.00299688324142891 0.010315659170621 0.0304656558318296 0.00573493146756896 0.00979623824451411
"миру" 0.0195455655998045 0 0.0172726487606875 0.00716486350935015 0.0131090233777584 0.00299688324142891 0.010315659170621 0.0164045839094467 0.00382328764504597 0.0391849529780564
"народной" 0.0195455655998045 0.0112523911331158 0.0518179462820624 0.00716486350935015 0.00873934891850557 0.00899064972428674 0.010315659170621 0.00703053596119144 0.00382328764504597 0.00979623824451411
"народности" 0.0684094795993159 0.0225047822662316 0 0.0143297270187003 0.0218483722962639 0 0 0 0 0
"находится" 0.00977278279990227 0 0.0259089731410312 0.00716486350935015 0.00436967445925279 0.0329657156557181 0 0.0117175599353191 0.00191164382252299 0.00979623824451411
"никаких" 0.00977278279990227 0.0281309778327895 0.00863632438034373 0.00716486350935015 0.0131090233777584 0.00299688324142891 0 0.00234351198706381 0.0191164382252299 0.00979623824451411
"нисколько" 0.0390911311996091 0.0168785866996737 0.00863632438034373 0 0 0.0239750659314313 0.010315659170621 0.00468702397412763 0.00191164382252299 0.00979623824451411
"новгород" 0 0.0675143467986947 0.0345452975213749 0 0.0393270701332751 0 0 0 0 0
"отец" 0 0.0168785866996737 0.0172726487606875 0 0.00436967445925279 0.00899064972428674 0 0.0187480958965105 0.0133815067576609 0.00979623824451411
"отказался" 0 0 0 0 0 0.00899064972428674 0 0.0117175599353191 0.0324979449828908 0
"откуда" 0.00488639139995114 0.0168785866996737 0 0 0.0174786978370111 0.00899064972428674 0 0.0117175599353191 0.0133815067576609 0.0195924764890282
"первой" 0.00488639139995114 0.00562619556655789 0 0.00716486350935015 0.00873934891850557 0.0299688324142891 0.010315659170621 0.0140610719223829 0.00382328764504597 0.00979623824451411
"племен" 0.0146591741998534 0.0393833689659053 0 0.0286594540374006 0.0393270701332751 0 0 0.00234351198706381 0.00191164382252299 0
"племена" 0 0.0675143467986947 0.0518179462820624 0.0143297270187003 0.0174786978370111 0 0 0 0.00191164382252299 0
"поэзии" 0 0 0.00863632438034373 0 0.0174786978370111 0.0119875329657157 0.061893955023726 0.0117175599353191 0.00191164382252299 0.0391849529780564
"правами" 0.0146591741998534 0 0.00863632438034373 0.00716486350935015 0.00436967445925279 0.00599376648285783 0 0.0164045839094467 0.0191164382252299 0
"различие" 0.00488639139995114 0.0225047822662316 0 0.0286594540374006 0.0131090233777584 0 0.010315659170621 0.0281221438447658 0 0
"сердце" 0.00977278279990227 0.00562619556655789 0 0.0214945905280504 0.00873934891850557 0.00899064972428674 0.030946977511863 0.00468702397412763 0.00764657529009195 0.0489811912225705
"сильное" 0 0.00562619556655789 0.00863632438034373 0 0.00873934891850557 0.0269719491728602 0.010315659170621 0.00703053596119144 0.0114698629351379 0.0195924764890282
"согласия" 0 0.0112523911331158 0 0.0286594540374006 0.0174786978370111 0.00299688324142891 0 0.00468702397412763 0.0229397258702758 0
"сперва" 0 0.0281309778327895 0.0172726487606875 0.0143297270187003 0.0131090233777584 0.0269719491728602 0.020631318341242 0 0.00191164382252299 0.00979623824451411
"средневековой" 0 0 0 0.00716486350935015 0 0 0 0.0515572637154039 0.00382328764504597 0
"строго" 0.0146591741998534 0 0.00863632438034373 0.00716486350935015 0.0174786978370111 0.0119875329657157 0 0.00703053596119144 0.0172047944027069 0
"существовало" 0.00977278279990227 0.00562619556655789 0.0259089731410312 0.00716486350935015 0.0305877212147695 0.00299688324142891 0 0.0187480958965105 0.00191164382252299 0.00979623824451411
"существование" 0.00977278279990227 0.0337571733993474 0.00863632438034373 0 0.0262180467555167 0.00299688324142891 0.010315659170621 0.00703053596119144 0.00382328764504597 0.0293887147335423
"существует" 0.0146591741998534 0.0112523911331158 0.0172726487606875 0.0358243175467507 0.00873934891850557 0.00599376648285783 0 0.00703053596119144 0.00573493146756896 0.0293887147335423
"такая" 0.0439775225995602 0.0225047822662316 0 0.00716486350935015 0 0.0119875329657157 0.010315659170621 0.00468702397412763 0.00764657529009195 0
"управления" 0.0195455655998045 0.0450095645324632 0 0 0 0.00299688324142891 0.010315659170621 0.00234351198706381 0.0191164382252299 0
"характером" 0 0.00562619556655789 0 0.0286594540374006 0.0174786978370111 0 0 0.0164045839094467 0.0152931505801839 0.00979623824451411
"царствование" 0 0.0112523911331158 0.0345452975213749 0 0 0 0.020631318341242 0.0140610719223829 0.0210280820477529 0
"цвингли" 0 0 0 0 0 0 0 0 0.0477910955630747 0
"частные" 0.00488639139995114 0.0281309778327895 0.00863632438034373 0.0644837715841513 0.00436967445925279 0 0 0.0117175599353191 0.00573493146756896 0
"борьбе" 0.00488639139995114 0.0168785866996737 0.00863632438034373 0.00716486350935015 0.00436967445925279 0.00599376648285783 0 0.00468702397412763 0.0172047944027069 0.0391849529780564
"вышли" 0 0.0112523911331158 0 0 0.0131090233777584 0.00599376648285783 0.030946977511863 0.0164045839094467 0.0133815067576609 0
"дворянство" 0 0.00562619556655789 0.0259089731410312 0 0.00436967445925279 0 0 0.00937404794825526 0.0286746573378448 0
"двумя" 0.00488639139995114 0.00562619556655789 0 0.00716486350935015 0.0131090233777584 0.0209781826900024 0.030946977511863 0.00468702397412763 0.0114698629351379 0
"делом" 0.00488639139995114 0.0112523911331158 0.00863632438034373 0.0214945905280504 0.00436967445925279 0 0 0.0164045839094467 0.0172047944027069 0
"деньги" 0.0244319569997557 0.00562619556655789 0 0 0.00436967445925279 0.00299688324142891 0.010315659170621 0.0187480958965105 0.0133815067576609 0
"духовной" 0.0195455655998045 0.0112523911331158 0 0.0429891810561009 0.00436967445925279 0.00899064972428674 0.020631318341242 0.00937404794825526 0.00382328764504597 0
"духовные" 0.00977278279990227 0.00562619556655789 0.0172726487606875 0.0286594540374006 0.00436967445925279 0.00299688324142891 0 0.00937404794825526 0.0172047944027069 0
"европейской" 0.0244319569997557 0.0112523911331158 0 0.050154044565451 0 0.00299688324142891 0.020631318341242 0.0164045839094467 0 0
"единственно" 0.0195455655998045 0 0.00863632438034373 0.0788134986028516 0.00436967445925279 0.0209781826900024 0 0 0 0
"жизнью" 0.00488639139995114 0.0281309778327895 0.0345452975213749 0 0.0131090233777584 0.00599376648285783 0 0.00703053596119144 0.00955821911261494 0.00979623824451411
"идти" 0.0146591741998534 0.0225047822662316 0 0.0143297270187003 0.0174786978370111 0.00299688324142891 0 0.00937404794825526 0.00764657529009195 0.0195924764890282
"издал" 0 0.0112523911331158 0 0 0 0.00599376648285783 0 0.0210916078835743 0.0210280820477529 0
"интересы" 0 0.050635760099021 0 0 0.0131090233777584 0.00299688324142891 0 0.00703053596119144 0.0152931505801839 0
"исторического" 0.0146591741998534 0.0225047822662316 0 0.00716486350935015 0.0393270701332751 0.0119875329657157 0 0.00703053596119144 0 0
"месте" 0.00977278279990227 0 0.0259089731410312 0 0.0349573956740223 0.0119875329657157 0.010315659170621 0.0117175599353191 0 0.00979623824451411
"находились" 0 0.0112523911331158 0 0.0286594540374006 0 0.00899064972428674 0 0.00703053596119144 0.0229397258702758 0
"наш" 0.0146591741998534 0.0337571733993474 0.0172726487606875 0 0.0305877212147695 0.0119875329657157 0.010315659170621 0.00234351198706381 0 0
"обещал" 0 0 0.0172726487606875 0 0 0 0 0.0117175599353191 0.0324979449828908 0
"образования" 0.00977278279990227 0.0112523911331158 0 0.00716486350935015 0.00873934891850557 0.00599376648285783 0.041262636682484 0.0164045839094467 0.00764657529009195 0
"общественной" 0.0244319569997557 0.00562619556655789 0.00863632438034373 0.0429891810561009 0.00873934891850557 0.0149844162071446 0 0.00937404794825526 0 0
"объясняется" 0.0195455655998045 0 0.00863632438034373 0.0143297270187003 0.0174786978370111 0.0119875329657157 0.010315659170621 0.00703053596119144 0.00955821911261494 0
"окончательно" 0.00488639139995114 0.0112523911331158 0 0 0 0.00599376648285783 0.020631318341242 0.0164045839094467 0.0191164382252299 0
"отношение" 0.034204739799658 0.00562619556655789 0 0.0358243175467507 0 0 0.020631318341242 0.00703053596119144 0.00955821911261494 0.00979623824451411
"пап" 0 0 0 0 0 0 0 0.0421832157671486 0.0114698629351379 0
"перевес" 0 0.0225047822662316 0 0.0358243175467507 0 0 0 0.00937404794825526 0.0210280820477529 0
"политические" 0.00488639139995114 0 0 0.00716486350935015 0.00436967445925279 0.00299688324142891 0 0.0210916078835743 0.0191164382252299 0.00979623824451411
"представить" 0.0146591741998534 0.0112523911331158 0 0.00716486350935015 0 0.0179812994485735 0.010315659170621 0.0234351198706381 0.00191164382252299 0
"резко" 0.0146591741998534 0.0225047822662316 0 0.00716486350935015 0.0131090233777584 0.00299688324142891 0.010315659170621 0.00703053596119144 0.0152931505801839 0
"рядом" 0 0.0337571733993474 0.00863632438034373 0 0.00873934891850557 0.0179812994485735 0.010315659170621 0.00703053596119144 0.00764657529009195 0.00979623824451411
"силами" 0.00488639139995114 0.0112523911331158 0.00863632438034373 0 0 0.0149844162071446 0.010315659170621 0.00703053596119144 0.0191164382252299 0.00979623824451411
"следы" 0 0.0393833689659053 0.00863632438034373 0.0286594540374006 0.00873934891850557 0.00299688324142891 0 0.0117175599353191 0.00573493146756896 0.00979623824451411
"случаю" 0.0244319569997557 0 0 0 0 0.0329657156557181 0 0.00234351198706381 0.0133815067576609 0
"см" 0 0 0 0.0358243175467507 0.00436967445925279 0 0 0.0117175599353191 0.0248513696927988 0
"среднего" 0.00977278279990227 0.00562619556655789 0 0.00716486350935015 0 0 0 0.025778631857702 0.0172047944027069 0
"средствами" 0 0.00562619556655789 0 0 0.0174786978370111 0.00599376648285783 0 0.0164045839094467 0.0172047944027069 0.00979623824451411
"статья" 0.00488639139995114 0 0 0 0.0174786978370111 0.0149844162071446 0.082525273364968 0.00234351198706381 0.00382328764504597 0.0293887147335423
"сторона" 0 0 0 0.0286594540374006 0.0393270701332751 0.0119875329657157 0.030946977511863 0.00468702397412763 0.00382328764504597 0
"таланта" 0 0 0 0 0.00873934891850557 0.0209781826900024 0.113472250876831 0.00234351198706381 0.00573493146756896 0
"туда" 0.00488639139995114 0.00562619556655789 0.0345452975213749 0.00716486350935015 0 0.00599376648285783 0.020631318341242 0 0.0248513696927988 0
"убеждений" 0 0 0 0.0358243175467507 0.0131090233777584 0.0119875329657157 0.010315659170621 0.00234351198706381 0.0114698629351379 0.0391849529780564
"участия" 0.0146591741998534 0.00562619556655789 0 0 0.00873934891850557 0 0.010315659170621 0.0164045839094467 0.0172047944027069 0.00979623824451411
"ученых" 0.00488639139995114 0 0 0.00716486350935015 0.00436967445925279 0.00899064972428674 0.020631318341242 0.0304656558318296 0.00382328764504597 0.00979623824451411
"феодального" 0 0 0 0 0 0 0 0.0562442876895315 0 0
"форм" 0 0.0112523911331158 0 0.0214945905280504 0.00873934891850557 0.00299688324142891 0 0.025778631857702 0.00955821911261494 0
"формах" 0.00977278279990227 0.0281309778327895 0.0172726487606875 0.00716486350935015 0.00436967445925279 0.00599376648285783 0 0.0164045839094467 0.00764657529009195 0
"форму" 0.00977278279990227 0.00562619556655789 0 0.0214945905280504 0.0218483722962639 0.0119875329657157 0 0.00937404794825526 0.00764657529009195 0.00979623824451411
"французские" 0.00488639139995114 0 0 0 0.0174786978370111 0.00299688324142891 0 0.025778631857702 0.0133815067576609 0
"французский" 0.00977278279990227 0 0 0 0.0131090233777584 0.00599376648285783 0 0.0164045839094467 0.0191164382252299 0
"школа" 0 0 0 0 0.0393270701332751 0.0209781826900024 0.010315659170621 0.0117175599353191 0 0.0195924764890282
"du" 0 0 0 0 0.0305877212147695 0.0329657156557181 0 0.00468702397412763 0.00764657529009195 0
"взят" 0 0 0 0 0.00873934891850557 0 0 0.0164045839094467 0.0248513696927988 0.00979623824451411
"вопросов" 0.00977278279990227 0.0112523911331158 0.0172726487606875 0.0143297270187003 0.0218483722962639 0 0 0.00937404794825526 0.00955821911261494 0.00979623824451411
"всему" 0.0146591741998534 0 0.00863632438034373 0.0214945905280504 0.0174786978370111 0.0149844162071446 0.020631318341242 0.00703053596119144 0.00191164382252299 0.00979623824451411
"выражением" 0.00488639139995114 0.0112523911331158 0.00863632438034373 0.0286594540374006 0.0131090233777584 0.0209781826900024 0.030946977511863 0 0.00382328764504597 0
"высшее" 0.0195455655998045 0.0112523911331158 0.00863632438034373 0.0214945905280504 0.0131090233777584 0.00299688324142891 0 0.00937404794825526 0.00764657529009195 0.00979623824451411
"главным" 0.00488639139995114 0.0225047822662316 0 0.00716486350935015 0 0.00299688324142891 0 0.0140610719223829 0.0191164382252299 0
"глазах" 0 0.0225047822662316 0.00863632438034373 0 0.0131090233777584 0.0179812994485735 0 0.00468702397412763 0.00955821911261494 0.0195924764890282
"дворе" 0 0 0.00863632438034373 0 0 0.00599376648285783 0.010315659170621 0.0210916078835743 0.0191164382252299 0
"должности" 0.0146591741998534 0.0225047822662316 0 0 0 0.00599376648285783 0 0.0210916078835743 0.00955821911261494 0
"елизаветы" 0 0.00562619556655789 0 0 0 0 0 0 0.0420561640955057 0
"жи" 0.00977278279990227 0 0 0 0 0.0479501318628626 0.051578295853105 0 0 0
"жили" 0 0.0562619556655789 0.0172726487606875 0 0.00873934891850557 0 0.020631318341242 0.00703053596119144 0.00764657529009195 0
"журнала" 0.00488639139995114 0 0 0 0.0305877212147695 0.0269719491728602 0.051578295853105 0.00234351198706381 0 0
"земель" 0 0.0168785866996737 0.0345452975213749 0 0 0 0 0.0210916078835743 0.0133815067576609 0
"знаменитый" 0 0 0 0.0286594540374006 0 0.00899064972428674 0.010315659170621 0.0164045839094467 0.0152931505801839 0
"каждой" 0.00488639139995114 0.0112523911331158 0 0.0214945905280504 0.0174786978370111 0.0119875329657157 0 0.00234351198706381 0.0114698629351379 0.0195924764890282
"каких" 0.00977278279990227 0.00562619556655789 0 0 0.0174786978370111 0.00299688324142891 0.010315659170621 0.0164045839094467 0.0114698629351379 0.00979623824451411
"книгу" 0 0 0 0 0 0.0179812994485735 0.020631318341242 0.0187480958965105 0.0114698629351379 0.00979623824451411
"князьями" 0 0.0843929334983684 0.0259089731410312 0 0.00436967445925279 0 0 0.00234351198706381 0.00573493146756896 0
"конца" 0 0.0168785866996737 0.00863632438034373 0 0.00873934891850557 0.0119875329657157 0 0.0210916078835743 0.00764657529009195 0
"личные" 0 0.0168785866996737 0.0172726487606875 0.0143297270187003 0.00873934891850557 0 0 0.0164045839094467 0.00955821911261494 0.0195924764890282
"людьми" 0.00488639139995114 0.0225047822662316 0.00863632438034373 0.0143297270187003 0.00436967445925279 0.0149844162071446 0.020631318341242 0.00703053596119144 0.00764657529009195 0
"море" 0 0.0168785866996737 0 0.00716486350935015 0.00873934891850557 0.00599376648285783 0.020631318341242 0.0187480958965105 0.00191164382252299 0.0391849529780564
"находилась" 0 0.0112523911331158 0 0.0143297270187003 0.00436967445925279 0.00299688324142891 0 0.0187480958965105 0.0172047944027069 0
"нравственных" 0.0195455655998045 0.0168785866996737 0 0.0214945905280504 0.0218483722962639 0.00599376648285783 0 0.0117175599353191 0.00191164382252299 0
"область" 0.0293183483997068 0 0.0863632438034373 0 0.00873934891850557 0 0 0.00468702397412763 0.00191164382252299 0.0195924764890282
"основание" 0.0195455655998045 0.00562619556655789 0.00863632438034373 0.0286594540374006 0 0.00899064972428674 0.010315659170621 0.00937404794825526 0.00955821911261494 0
"оставалось" 0 0.0281309778327895 0 0.00716486350935015 0.0174786978370111 0 0 0.0210916078835743 0.00764657529009195 0
"отправился" 0 0 0 0 0 0 0 0.00468702397412763 0.0401445202729827 0
"парламента" 0 0 0 0 0 0 0 0.00703053596119144 0.0382328764504598 0
"подданных" 0.0146591741998534 0.00562619556655789 0.0172726487606875 0 0.00436967445925279 0 0 0.0117175599353191 0.0210280820477529 0
"протестантизма" 0 0.00562619556655789 0 0 0.00436967445925279 0 0 0 0.0363212326279368 0.0195924764890282
"противников" 0 0 0 0 0.0218483722962639 0.00899064972428674 0 0.0187480958965105 0.0133815067576609 0
"религиозные" 0.0146591741998534 0 0 0.0143297270187003 0 0.00599376648285783 0 0.00937404794825526 0.0229397258702758 0
"религиозных" 0.0146591741998534 0 0 0 0 0.0119875329657157 0 0.00468702397412763 0.0267630135153218 0
"руку" 0.00977278279990227 0 0.00863632438034373 0 0.00873934891850557 0.0209781826900024 0 0.00234351198706381 0.0152931505801839 0.0195924764890282
"русская" 0 0.0281309778327895 0.0431816219017186 0.0358243175467507 0.0131090233777584 0 0.051578295853105 0 0 0
"русское" 0.0635230881993648 0.00562619556655789 0.0172726487606875 0.0143297270187003 0.0174786978370111 0 0 0.00234351198706381 0 0
"рыцарей" 0 0 0.0172726487606875 0.00716486350935015 0 0.00299688324142891 0 0.0351526798059572 0.00764657529009195 0
"самому" 0.0244319569997557 0.0112523911331158 0.0259089731410312 0 0.0174786978370111 0.0149844162071446 0 0.00468702397412763 0.00382328764504597 0
"связь" 0.0146591741998534 0.00562619556655789 0.00863632438034373 0.0214945905280504 0 0 0 0.0281221438447658 0.00573493146756896 0
"смело" 0 0.00562619556655789 0.0259089731410312 0 0 0.0149844162071446 0.020631318341242 0.0117175599353191 0.0133815067576609 0
"сношения" 0.00488639139995114 0.0168785866996737 0.0345452975213749 0.00716486350935015 0.00436967445925279 0 0 0.00703053596119144 0.0191164382252299 0
"совести" 0.0537503053994625 0 0.00863632438034373 0.00716486350935015 0.00436967445925279 0.00899064972428674 0 0 0.0114698629351379 0
"столь" 0 0.00562619556655789 0.0172726487606875 0.00716486350935015 0.00873934891850557 0.0179812994485735 0 0.0117175599353191 0.00764657529009195 0.0195924764890282
"таков" 0.0146591741998534 0.00562619556655789 0.0172726487606875 0.00716486350935015 0.0131090233777584 0.00299688324142891 0.010315659170621 0.0164045839094467 0.00764657529009195 0
"труда" 0 0 0.00863632438034373 0.00716486350935015 0.00873934891850557 0.0239750659314313 0.010315659170621 0.00937404794825526 0 0.0587774294670846
"умы" 0.00977278279990227 0 0.00863632438034373 0.0143297270187003 0 0 0 0.00703053596119144 0.0152931505801839 0.0685736677115987
"хочет" 0.00488639139995114 0.00562619556655789 0 0 0.00873934891850557 0.0209781826900024 0.030946977511863 0.00703053596119144 0.00573493146756896 0.0293887147335423
"христианской" 0.0684094795993159 0 0.0259089731410312 0.0143297270187003 0.00436967445925279 0 0 0.00468702397412763 0.00191164382252299 0
"хуже" 0.00488639139995114 0.00562619556655789 0.0345452975213749 0 0.0174786978370111 0.0149844162071446 0.020631318341242 0.00468702397412763 0.00764657529009195 0
"человеке" 0.00977278279990227 0.0337571733993474 0 0.0429891810561009 0.0262180467555167 0 0 0 0.00191164382252299 0.0195924764890282
"шли" 0.00488639139995114 0.00562619556655789 0.00863632438034373 0 0.00436967445925279 0.00299688324142891 0 0.0187480958965105 0.0191164382252299 0
"les" 0 0 0 0 0.0349573956740223 0.0179812994485735 0.010315659170621 0.00468702397412763 0.00955821911261494 0.00979623824451411
"бежал" 0 0 0.0259089731410312 0 0 0 0 0.0140610719223829 0.0248513696927988 0
"богатства" 0 0 0.00863632438034373 0.00716486350935015 0 0.0179812994485735 0 0.0164045839094467 0.00955821911261494 0.0195924764890282
"будучи" 0.00977278279990227 0.00562619556655789 0.00863632438034373 0.00716486350935015 0 0.0179812994485735 0.020631318341242 0.00937404794825526 0.00764657529009195 0.00979623824451411
"васильевич" 0 0 0.181362811987218 0 0 0 0.010315659170621 0 0 0
"вид" 0.00488639139995114 0.0168785866996737 0 0.0214945905280504 0.0218483722962639 0.00899064972428674 0.010315659170621 0.00937404794825526 0.00191164382252299 0.00979623824451411
"внешним" 0.0146591741998534 0.0168785866996737 0.00863632438034373 0.0143297270187003 0.0131090233777584 0.00299688324142891 0 0.00937404794825526 0.00764657529009195 0.00979623824451411
"времен" 0.00977278279990227 0.0168785866996737 0 0.0143297270187003 0.0262180467555167 0.0119875329657157 0.010315659170621 0.00703053596119144 0.00191164382252299 0
"главные" 0 0.0225047822662316 0.00863632438034373 0 0.00436967445925279 0.00599376648285783 0 0.0187480958965105 0.0114698629351379 0
"говорю" 0 0 0.00863632438034373 0.0573189080748012 0.00436967445925279 0.0299688324142891 0 0.00234351198706381 0 0.00979623824451411
"дании" 0 0 0 0 0 0 0 0.00703053596119144 0.0363212326279368 0
"духе" 0.0244319569997557 0 0 0.0286594540374006 0.00873934891850557 0.00599376648285783 0.010315659170621 0 0.0133815067576609 0.00979623824451411
"духом" 0.00977278279990227 0.00562619556655789 0 0.0358243175467507 0.0131090233777584 0.00299688324142891 0 0.00937404794825526 0.00764657529009195 0.0195924764890282
"живут" 0.0244319569997557 0.0225047822662316 0.00863632438034373 0 0.0174786978370111 0 0.020631318341242 0.00937404794825526 0.00382328764504597 0
"землю" 0.0146591741998534 0.0112523911331158 0.0431816219017186 0.0143297270187003 0.00873934891850557 0.00599376648285783 0.010315659170621 0.00703053596119144 0 0.0195924764890282
"католического" 0.00488639139995114 0 0 0 0 0 0 0 0.0382328764504598 0.00979623824451411
"кровного" 0 0.0900191290649263 0 0 0.0262180467555167 0 0 0 0 0
"лично" 0.0146591741998534 0.00562619556655789 0 0.00716486350935015 0 0 0.010315659170621 0.0117175599353191 0.0210280820477529 0
"личного" 0 0.0112523911331158 0.00863632438034373 0.0214945905280504 0.0218483722962639 0.00299688324142891 0 0.00937404794825526 0.0114698629351379 0
"лучшие" 0 0 0.0431816219017186 0 0 0.00299688324142891 0.010315659170621 0.0187480958965105 0.00955821911261494 0.0195924764890282
"любил" 0 0 0.0172726487606875 0.0143297270187003 0 0.00299688324142891 0.020631318341242 0.0140610719223829 0.0152931505801839 0.00979623824451411
"наук" 0 0 0 0.0358243175467507 0.00436967445925279 0.00599376648285783 0.061893955023726 0.0117175599353191 0.00382328764504597 0.00979623824451411
"науку" 0.00488639139995114 0.0112523911331158 0 0.00716486350935015 0 0 0.010315659170621 0.0187480958965105 0 0.088166144200627
"новую" 0 0.0168785866996737 0.00863632438034373 0.0143297270187003 0 0.0119875329657157 0.020631318341242 0.00703053596119144 0.00955821911261494 0.0195924764890282
"образование" 0.0146591741998534 0 0 0.0286594540374006 0 0 0.010315659170621 0.0140610719223829 0.0152931505801839 0
"обратить" 0.00977278279990227 0.0112523911331158 0 0.0143297270187003 0.00436967445925279 0.00299688324142891 0.010315659170621 0.0117175599353191 0.0114698629351379 0.0195924764890282
"общественное" 0.0244319569997557 0.00562619556655789 0 0.0214945905280504 0.00873934891850557 0.00599376648285783 0 0.0140610719223829 0.00573493146756896 0
"осталось" 0 0.00562619556655789 0.00863632438034373 0 0 0.00299688324142891 0.010315659170621 0.0140610719223829 0.0152931505801839 0.0391849529780564
"отечественных" 0 0 0 0 0.0218483722962639 0.00299688324142891 0.165050546729936 0 0 0
"парижа" 0 0 0 0 0.00436967445925279 0.0299688324142891 0.010315659170621 0.00703053596119144 0.0133815067576609 0
"первым" 0 0.0281309778327895 0.0345452975213749 0.00716486350935015 0.00873934891850557 0.00599376648285783 0.020631318341242 0.00703053596119144 0.00573493146756896 0
"петр" 0 0.050635760099021 0 0.0143297270187003 0.0349573956740223 0 0 0.00703053596119144 0 0
"пользовался" 0 0.0112523911331158 0 0 0 0 0 0.0210916078835743 0.0210280820477529 0
"почве" 0.00488639139995114 0.0337571733993474 0 0 0.00873934891850557 0.00599376648285783 0 0.0187480958965105 0.00573493146756896 0
"предложил" 0.00488639139995114 0 0 0 0 0.00299688324142891 0 0.0140610719223829 0.0267630135153218 0
"представляют" 0.00977278279990227 0.0225047822662316 0 0.00716486350935015 0.0174786978370111 0.00599376648285783 0.010315659170621 0.0117175599353191 0.00191164382252299 0.0195924764890282
"прежней" 0.00488639139995114 0.00562619556655789 0.0345452975213749 0.050154044565451 0 0 0 0.00937404794825526 0.00955821911261494 0
"прежние" 0 0.0168785866996737 0.0518179462820624 0.00716486350935015 0.00436967445925279 0.00299688324142891 0 0.00937404794825526 0.0114698629351379 0
"признать" 0.0488639139995114 0 0 0 0.0262180467555167 0 0.010315659170621 0.00234351198706381 0.00382328764504597 0.0195924764890282
"принадлежал" 0 0.00562619556655789 0.0259089731410312 0 0 0.00299688324142891 0 0.0117175599353191 0.0210280820477529 0.00979623824451411
"приняла" 0 0 0.00863632438034373 0.0143297270187003 0.00873934891850557 0.00299688324142891 0 0.00703053596119144 0.0248513696927988 0
"прошлого" 0 0 0 0.00716486350935015 0.0174786978370111 0.00299688324142891 0.154734887559315 0 0.00191164382252299 0
"пусть" 0.0488639139995114 0 0 0 0.00873934891850557 0.0119875329657157 0.041262636682484 0.00234351198706381 0 0.00979623824451411
"разные" 0.0195455655998045 0.0281309778327895 0 0.00716486350935015 0.00873934891850557 0 0.010315659170621 0.00937404794825526 0.00573493146756896 0.0195924764890282
"религиозного" 0.0293183483997068 0 0 0.00716486350935015 0 0.00899064972428674 0.010315659170621 0.00234351198706381 0.0191164382252299 0
"свободы" 0.0244319569997557 0 0.0172726487606875 0.00716486350935015 0.00873934891850557 0.00599376648285783 0 0.00937404794825526 0.00764657529009195 0.0195924764890282
"сделано" 0 0.00562619556655789 0.0259089731410312 0 0 0.0149844162071446 0.010315659170621 0.0117175599353191 0.0114698629351379 0.00979623824451411
"сердца" 0 0 0.00863632438034373 0.0358243175467507 0.00873934891850557 0.0119875329657157 0.020631318341242 0.00468702397412763 0.00382328764504597 0.0391849529780564
"смотрел" 0 0.00562619556655789 0 0.00716486350935015 0 0.0179812994485735 0 0.00937404794825526 0.0191164382252299 0
"смотреть" 0.00488639139995114 0.00562619556655789 0 0.00716486350935015 0.00873934891850557 0.0329657156557181 0 0.00468702397412763 0.00573493146756896 0.00979623824451411
"сопротивление" 0.00488639139995114 0 0 0 0 0.00299688324142891 0 0.00234351198706381 0.0344095888054138 0.00979623824451411
"справедливо" 0.00488639139995114 0.00562619556655789 0.00863632438034373 0.00716486350935015 0.0305877212147695 0.00299688324142891 0 0.0117175599353191 0.00955821911261494 0
"среди" 0.0293183483997068 0 0 0.00716486350935015 0.0131090233777584 0 0 0.00937404794825526 0.00764657529009195 0.0391849529780564
"статей" 0.00488639139995114 0.00562619556655789 0.00863632438034373 0 0.00436967445925279 0.00899064972428674 0.072209614194347 0 0.0152931505801839 0
"талант" 0 0 0 0 0.0218483722962639 0.0119875329657157 0.123787910047452 0.00234351198706381 0 0
"уж" 0.0146591741998534 0.00562619556655789 0 0 0.00436967445925279 0.0479501318628626 0 0 0 0.00979623824451411
"условий" 0.00488639139995114 0.0112523911331158 0.00863632438034373 0.0358243175467507 0.00436967445925279 0.00899064972428674 0 0.00937404794825526 0.00955821911261494 0
"феодализм" 0 0 0 0 0 0 0 0.0492137517283401 0.00191164382252299 0
"феодализма" 0 0 0 0 0 0 0 0.0492137517283401 0 0.00979623824451411
"форме" 0.00977278279990227 0 0.00863632438034373 0.0143297270187003 0.0218483722962639 0.00899064972428674 0 0.0117175599353191 0.00382328764504597 0.0195924764890282
"характере" 0 0 0 0.050154044565451 0 0.0119875329657157 0 0.00703053596119144 0.0114698629351379 0.0195924764890282
"человеком" 0.00977278279990227 0 0.00863632438034373 0.00716486350935015 0.0174786978370111 0.0179812994485735 0 0.0187480958965105 0 0
"черты" 0.0146591741998534 0.0393833689659053 0 0 0.00436967445925279 0.00599376648285783 0.020631318341242 0.00703053596119144 0 0.0391849529780564
"чины" 0 0.0168785866996737 0.0172726487606875 0 0 0 0 0.0117175599353191 0.0229397258702758 0
"являются" 0 0 0 0.0143297270187003 0.00873934891850557 0.00599376648285783 0.030946977511863 0.0210916078835743 0.00764657529009195 0
"языка" 0.00488639139995114 0.00562619556655789 0.0172726487606875 0.00716486350935015 0 0.00599376648285783 0.030946977511863 0.0140610719223829 0.0114698629351379 0
"a" 0 0 0 0 0.0218483722962639 0.0389594821385759 0 0 0.00573493146756896 0.00979623824451411
"бороться" 0.00977278279990227 0 0.00863632438034373 0.00716486350935015 0 0 0 0.0164045839094467 0.0172047944027069 0.00979623824451411
"будущего" 0 0.0112523911331158 0.0518179462820624 0.0143297270187003 0.0218483722962639 0.00599376648285783 0 0.00703053596119144 0 0.00979623824451411
"всяких" 0.0195455655998045 0.0225047822662316 0 0.00716486350935015 0.0131090233777584 0.00899064972428674 0 0.00703053596119144 0.00382328764504597 0.00979623824451411
"высшего" 0.00977278279990227 0 0.00863632438034373 0.0286594540374006 0.00873934891850557 0.00299688324142891 0.020631318341242 0.00703053596119144 0.00955821911261494 0.00979623824451411
"гизов" 0 0 0 0 0 0 0 0 0.0401445202729827 0
"главных" 0.00488639139995114 0.0112523911331158 0 0.00716486350935015 0.00436967445925279 0.00299688324142891 0 0.00703053596119144 0.0210280820477529 0.00979623824451411
"голоса" 0.00977278279990227 0 0 0 0.00436967445925279 0.0119875329657157 0.010315659170621 0.0117175599353191 0.0133815067576609 0.00979623824451411
"государственной" 0.0244319569997557 0.0450095645324632 0.0345452975213749 0 0.00873934891850557 0 0 0.00234351198706381 0.00191164382252299 0
"государству" 0.00977278279990227 0.0225047822662316 0.0259089731410312 0.0143297270187003 0 0.00299688324142891 0 0.0117175599353191 0.00764657529009195 0
"государя" 0 0.0112523911331158 0.0431816219017186 0 0.00436967445925279 0 0 0.00937404794825526 0.0172047944027069 0
"действовали" 0 0.0281309778327895 0 0 0.00436967445925279 0 0 0.00703053596119144 0.0229397258702758 0
"дюма" 0 0 0 0 0 0.0569407815871494 0.020631318341242 0 0 0
"епископ" 0 0 0.0172726487606875 0 0 0 0 0.0140610719223829 0.0248513696927988 0
"замечательно" 0.00488639139995114 0.00562619556655789 0 0 0.0218483722962639 0.00599376648285783 0.020631318341242 0.00468702397412763 0.0152931505801839 0
"знать" 0.00488639139995114 0.0281309778327895 0.00863632438034373 0 0.00436967445925279 0.0149844162071446 0 0.00468702397412763 0.00382328764504597 0.0391849529780564
"истину" 0.0146591741998534 0.00562619556655789 0.0172726487606875 0.00716486350935015 0.00873934891850557 0.00899064972428674 0.010315659170621 0 0.00191164382252299 0.0685736677115987
"исторические" 0.00977278279990227 0.0281309778327895 0 0.0214945905280504 0.00873934891850557 0.00599376648285783 0 0.0140610719223829 0.00191164382252299 0
"каждое" 0 0.00562619556655789 0 0.0429891810561009 0.00436967445925279 0.0209781826900024 0 0.00703053596119144 0.00573493146756896 0
"казалось" 0.00488639139995114 0.0225047822662316 0.0259089731410312 0 0.0131090233777584 0.00899064972428674 0 0.00468702397412763 0.00764657529009195 0.00979623824451411
"католицизм" 0 0 0 0 0.00873934891850557 0 0 0.00234351198706381 0.0305863011603678 0.0195924764890282
"католические" 0 0 0 0 0 0 0 0 0.0401445202729827 0
"королевы" 0 0 0 0 0 0.00299688324142891 0.010315659170621 0.00468702397412763 0.0324979449828908 0
"куда" 0 0 0 0.0143297270187003 0.00873934891850557 0.0239750659314313 0.010315659170621 0.00937404794825526 0.00573493146756896 0.00979623824451411
"лишь" 0.0293183483997068 0.00562619556655789 0 0 0 0.00599376648285783 0.020631318341242 0.0117175599353191 0.00573493146756896 0.0195924764890282
"людям" 0 0 0.0259089731410312 0.00716486350935015 0.0131090233777584 0.0119875329657157 0 0.00937404794825526 0.00764657529009195 0.0195924764890282
"москве" 0.00977278279990227 0.0112523911331158 0.0777269194230935 0 0.00873934891850557 0.0119875329657157 0.020631318341242 0 0 0
"мышления" 0.00977278279990227 0.00562619556655789 0 0.0859783621122018 0 0.00299688324142891 0.010315659170621 0 0 0.0391849529780564
"народом" 0.0195455655998045 0 0.0604542706624061 0 0.0174786978370111 0.00299688324142891 0 0.00703053596119144 0.00382328764504597 0
"национального" 0.0146591741998534 0.0168785866996737 0 0.00716486350935015 0.0393270701332751 0.00599376648285783 0 0.00703053596119144 0 0
"ненависти" 0.00977278279990227 0 0.0172726487606875 0.00716486350935015 0 0 0 0.0140610719223829 0.0191164382252299 0
"нигде" 0.0146591741998534 0 0 0 0.00436967445925279 0.00599376648285783 0 0.0234351198706381 0.00573493146756896 0.0195924764890282
"ночи" 0 0 0 0 0 0.0119875329657157 0.010315659170621 0 0.0305863011603678 0
"нравы" 0 0.0168785866996737 0.00863632438034373 0.0214945905280504 0.0174786978370111 0.00299688324142891 0.020631318341242 0.00703053596119144 0.00764657529009195 0
"ныне" 0.00488639139995114 0 0.00863632438034373 0 0 0.0479501318628626 0 0.00234351198706381 0.00382328764504597 0
"обеих" 0.00977278279990227 0.00562619556655789 0 0 0 0.0149844162071446 0 0.00937404794825526 0.0152931505801839 0.00979623824451411
"образованность" 0 0 0 0.136132406677653 0 0 0.010315659170621 0.00234351198706381 0 0
"осталась" 0.00488639139995114 0 0.00863632438034373 0.00716486350935015 0.00436967445925279 0.00299688324142891 0.010315659170621 0.0117175599353191 0.0172047944027069 0.00979623824451411
"отдельные" 0.00977278279990227 0 0 0.0286594540374006 0 0 0 0.0210916078835743 0.00955821911261494 0.00979623824451411
"падение" 0 0.00562619556655789 0.0345452975213749 0 0.0131090233777584 0.0209781826900024 0 0.0140610719223829 0 0
"папе" 0 0 0 0 0 0 0 0.0304656558318296 0.0152931505801839 0
"поводу" 0.034204739799658 0 0 0 0.00873934891850557 0.00299688324142891 0.010315659170621 0 0.0191164382252299 0
"показывает" 0 0.00562619556655789 0 0 0.0131090233777584 0.0179812994485735 0.010315659170621 0.0117175599353191 0.00764657529009195 0.00979623824451411
"половине" 0 0.0168785866996737 0 0.0143297270187003 0.00436967445925279 0 0 0.0281221438447658 0.00573493146756896 0
"понимал" 0 0.00562619556655789 0.0345452975213749 0.0214945905280504 0.00436967445925279 0 0 0.00937404794825526 0.0133815067576609 0.00979623824451411
"последней" 0.00977278279990227 0.0112523911331158 0 0.0143297270187003 0.00873934891850557 0.0209781826900024 0.030946977511863 0 0.00573493146756896 0
"последним" 0.0146591741998534 0.0112523911331158 0.00863632438034373 0.0143297270187003 0.00873934891850557 0.0119875329657157 0.020631318341242 0.00703053596119144 0.00382328764504597 0
"потребности" 0.00488639139995114 0.0168785866996737 0 0.0143297270187003 0.0305877212147695 0.00299688324142891 0 0.00703053596119144 0.00764657529009195 0
"поэтому" 0.0146591741998534 0.0168785866996737 0.00863632438034373 0 0.00873934891850557 0.00899064972428674 0.030946977511863 0.0117175599353191 0.00191164382252299 0
"прежнего" 0 0.0112523911331158 0.0345452975213749 0.00716486350935015 0 0.00299688324142891 0 0.0187480958965105 0.00955821911261494 0
"протестантских" 0 0 0 0 0 0 0 0 0.0401445202729827 0
"публика" 0 0 0 0 0 0.0599376648285783 0.010315659170621 0 0 0
"путь" 0.0146591741998534 0.0225047822662316 0.00863632438034373 0.0214945905280504 0.0174786978370111 0.00299688324142891 0.010315659170621 0.00468702397412763 0 0.0195924764890282
"речь" 0.00488639139995114 0.00562619556655789 0 0 0.00873934891850557 0.0149844162071446 0 0.00937404794825526 0.00764657529009195 0.0391849529780564
"рим" 0 0 0 0.0214945905280504 0 0 0.010315659170621 0.0164045839094467 0.0172047944027069 0.00979623824451411
"русско" 0 0.0900191290649263 0 0 0.0218483722962639 0 0 0 0 0
"сделала" 0 0.0281309778327895 0 0 0.00873934891850557 0.0119875329657157 0 0.0140610719223829 0.00764657529009195 0
"системы" 0 0.0112523911331158 0 0.0214945905280504 0.0131090233777584 0.0269719491728602 0 0.00937404794825526 0 0
"собственности" 0.00977278279990227 0.00562619556655789 0 0.0429891810561009 0.00436967445925279 0 0 0.0187480958965105 0.00573493146756896 0
"событие" 0.00488639139995114 0.0168785866996737 0 0 0 0.00599376648285783 0 0.00937404794825526 0.0152931505801839 0.0293887147335423
"стать" 0.0195455655998045 0.00562619556655789 0.00863632438034373 0 0.00436967445925279 0.00299688324142891 0.010315659170621 0.00234351198706381 0.0210280820477529 0
"требует" 0.0244319569997557 0 0 0.0143297270187003 0.00436967445925279 0.00899064972428674 0.010315659170621 0.00703053596119144 0.00955821911261494 0.00979623824451411
"трех" 0.00488639139995114 0 0 0 0.00873934891850557 0.0269719491728602 0.020631318341242 0.00703053596119144 0.00573493146756896 0.00979623824451411
"угодно" 0.00488639139995114 0.00562619556655789 0.00863632438034373 0.00716486350935015 0.0131090233777584 0.0209781826900024 0.041262636682484 0.00468702397412763 0.00191164382252299 0
"умов" 0 0 0 0.0644837715841513 0.00436967445925279 0 0 0.00468702397412763 0.0133815067576609 0.0195924764890282
"умственной" 0.00488639139995114 0.00562619556655789 0 0.100308089130902 0.00436967445925279 0.0119875329657157 0 0 0 0
"факт" 0.0195455655998045 0.00562619556655789 0.00863632438034373 0 0.00873934891850557 0.0209781826900024 0.010315659170621 0.00468702397412763 0.00382328764504597 0.00979623824451411
"французы" 0.00977278279990227 0 0.00863632438034373 0 0 0 0 0.0304656558318296 0.00955821911261494 0
"ход" 0.00977278279990227 0 0.00863632438034373 0.0214945905280504 0.0305877212147695 0.00599376648285783 0.010315659170621 0.00234351198706381 0.00764657529009195 0
"целый" 0.0146591741998534 0.0112523911331158 0 0 0.0131090233777584 0.00599376648285783 0.020631318341242 0.0164045839094467 0.00382328764504597 0
"б" 0.0390911311996091 0 0 0 0.00436967445925279 0.00899064972428674 0.010315659170621 0.00468702397412763 0.00382328764504597 0.0293887147335423
"битвы" 0 0 0.00863632438034373 0 0 0 0 0.0281221438447658 0.0114698629351379 0.00979623824451411
"брат" 0.00977278279990227 0.00562619556655789 0 0 0 0 0 0.00937404794825526 0.0248513696927988 0
"будем" 0.00488639139995114 0.0225047822662316 0.0259089731410312 0 0.00436967445925279 0.00299688324142891 0.020631318341242 0.0117175599353191 0.00573493146756896 0
"важность" 0 0.0112523911331158 0 0 0.00436967445925279 0.00599376648285783 0.020631318341242 0.0187480958965105 0.00764657529009195 0.00979623824451411
"великой" 0.00488639139995114 0.0112523911331158 0.0172726487606875 0 0 0.00299688324142891 0 0.0140610719223829 0.00764657529009195 0.0391849529780564
"венеции" 0 0 0 0 0 0.00299688324142891 0 0.037496191793021 0.00573493146756896 0
"верно" 0.00488639139995114 0.0168785866996737 0.00863632438034373 0 0.0218483722962639 0.0179812994485735 0.030946977511863 0.00234351198706381 0 0
"владелец" 0 0 0 0 0 0 0 0.0468702397412763 0 0
"врагов" 0 0.0112523911331158 0.0172726487606875 0 0.00436967445925279 0.00599376648285783 0 0.0117175599353191 0.00955821911261494 0.0293887147335423
"вроде" 0.00488639139995114 0 0 0 0.00436967445925279 0.0299688324142891 0.030946977511863 0.00234351198706381 0.00764657529009195 0
"выражения" 0.0146591741998534 0.0112523911331158 0 0.0214945905280504 0.0131090233777584 0.0209781826900024 0 0.00468702397412763 0 0
"выходит" 0.0195455655998045 0.00562619556655789 0 0.00716486350935015 0.0131090233777584 0.0209781826900024 0.030946977511863 0.00234351198706381 0 0
"германия" 0.00488639139995114 0 0.00863632438034373 0 0 0 0 0.0140610719223829 0.0114698629351379 0.0587774294670846
"глубокое" 0 0.0281309778327895 0.00863632438034373 0 0.0218483722962639 0.00299688324142891 0.010315659170621 0.0140610719223829 0.00191164382252299 0
"городами" 0 0.0112523911331158 0.0172726487606875 0 0 0 0 0.0281221438447658 0.00764657529009195 0
"городе" 0.00977278279990227 0 0 0 0 0.00299688324142891 0 0.0210916078835743 0.0152931505801839 0
"государствах" 0 0.0112523911331158 0 0.0358243175467507 0.00873934891850557 0 0 0.0140610719223829 0.00955821911261494 0
"государь" 0 0.00562619556655789 0.0259089731410312 0 0.00873934891850557 0 0 0.00468702397412763 0.0229397258702758 0
"дали" 0.00488639139995114 0.0225047822662316 0.00863632438034373 0.0143297270187003 0.00873934891850557 0.00299688324142891 0 0.00703053596119144 0.0114698629351379 0
"действовал" 0 0.0225047822662316 0 0.00716486350935015 0 0 0.010315659170621 0.0117175599353191 0.0172047944027069 0
"древние" 0.00977278279990227 0.00562619556655789 0.0172726487606875 0.0214945905280504 0.00436967445925279 0.00599376648285783 0.010315659170621 0.0164045839094467 0 0.00979623824451411
"древний" 0.00977278279990227 0.0225047822662316 0.0259089731410312 0.00716486350935015 0.00873934891850557 0 0 0.0117175599353191 0 0.0293887147335423
"древности" 0.00488639139995114 0.0112523911331158 0.0431816219017186 0.00716486350935015 0 0.00299688324142891 0.020631318341242 0.00937404794825526 0.00764657529009195 0
"душе" 0.00488639139995114 0.00562619556655789 0.0259089731410312 0.0214945905280504 0.0174786978370111 0.00899064972428674 0.020631318341242 0 0.00191164382252299 0.0195924764890282
"желание" 0.00488639139995114 0.0168785866996737 0.0259089731410312 0.00716486350935015 0.0131090233777584 0.00899064972428674 0 0.00468702397412763 0.00764657529009195 0
"задача" 0.00977278279990227 0.0225047822662316 0.00863632438034373 0.0143297270187003 0.0218483722962639 0.00299688324142891 0 0.00234351198706381 0.00382328764504597 0.0195924764890282
"западного" 0 0 0 0.0859783621122018 0.0174786978370111 0.00299688324142891 0 0.00703053596119144 0 0
"земля" 0.00977278279990227 0 0.0259089731410312 0.0358243175467507 0.00873934891850557 0.00899064972428674 0 0.0117175599353191 0 0
"значении" 0.00488639139995114 0.0168785866996737 0 0 0.0131090233777584 0 0.010315659170621 0.0164045839094467 0.00955821911261494 0
"известных" 0 0.0112523911331158 0.0345452975213749 0.00716486350935015 0.00873934891850557 0.00899064972428674 0 0.0117175599353191 0.00382328764504597 0.00979623824451411
"каждом" 0.00488639139995114 0.0112523911331158 0 0 0.0218483722962639 0.00899064972428674 0 0.00937404794825526 0.00764657529009195 0.00979623824451411
"казни" 0 0.00562619556655789 0.0172726487606875 0 0.00436967445925279 0.00299688324142891 0 0.00937404794825526 0.0210280820477529 0
"карлом" 0 0 0 0 0 0 0 0.0187480958965105 0.0229397258702758 0
"мориц" 0 0 0 0 0 0.00299688324142891 0 0 0.0363212326279368 0
"москва" 0.0488639139995114 0.0112523911331158 0.0431816219017186 0 0.00873934891850557 0 0.010315659170621 0 0 0
"направлению" 0 0.00562619556655789 0 0.050154044565451 0.0174786978370111 0.00899064972428674 0.010315659170621 0.00234351198706381 0.00573493146756896 0
"нашем" 0.034204739799658 0.0225047822662316 0.00863632438034373 0.00716486350935015 0.0218483722962639 0.00299688324142891 0 0 0 0.00979623824451411
"нашим" 0.0293183483997068 0.0168785866996737 0.0172726487606875 0 0.0174786978370111 0.00599376648285783 0.020631318341242 0 0 0.00979623824451411
"нравственно" 0.0390911311996091 0.0168785866996737 0 0.0214945905280504 0.0174786978370111 0.00299688324142891 0.010315659170621 0 0 0
"община" 0 0.0112523911331158 0 0.00716486350935015 0.0305877212147695 0 0 0.0210916078835743 0.00191164382252299 0
"оказалось" 0.0146591741998534 0.00562619556655789 0 0.00716486350935015 0.00436967445925279 0.00899064972428674 0 0.00703053596119144 0.0152931505801839 0
"ответ" 0.00977278279990227 0.00562619556655789 0 0 0.0349573956740223 0.00599376648285783 0.010315659170621 0 0.00955821911261494 0.00979623824451411
"памятники" 0 0 0.00863632438034373 0 0 0.0149844162071446 0.030946977511863 0.0187480958965105 0.00573493146756896 0
"период" 0 0.0225047822662316 0.00863632438034373 0 0.0131090233777584 0.00299688324142891 0 0.0140610719223829 0.00955821911261494 0
"писал" 0 0 0 0 0.00873934891850557 0 0.010315659170621 0.025778631857702 0.0114698629351379 0
"писатели" 0 0.00562619556655789 0 0.0573189080748012 0.0174786978370111 0.00599376648285783 0.010315659170621 0.00468702397412763 0.00382328764504597 0
"план" 0.0195455655998045 0 0 0.00716486350935015 0.00436967445925279 0.00599376648285783 0 0 0.0229397258702758 0
"победы" 0 0 0.0431816219017186 0 0.00436967445925279 0.00299688324142891 0 0.00703053596119144 0.0191164382252299 0
"подумать" 0.00977278279990227 0 0.00863632438034373 0.00716486350935015 0.0131090233777584 0.0149844162071446 0 0.0117175599353191 0.00573493146756896 0
"показать" 0 0 0 0 0.00436967445925279 0.0239750659314313 0.010315659170621 0.0140610719223829 0.00573493146756896 0.00979623824451411
"положении" 0.00977278279990227 0.0112523911331158 0.00863632438034373 0.00716486350935015 0.00436967445925279 0.0149844162071446 0 0.00703053596119144 0.00764657529009195 0.00979623824451411
"получить" 0.0146591741998534 0.00562619556655789 0.00863632438034373 0.00716486350935015 0.00873934891850557 0 0.010315659170621 0.0140610719223829 0.00764657529009195 0.00979623824451411
"правления" 0.00977278279990227 0.00562619556655789 0.00863632438034373 0 0 0 0 0.0187480958965105 0.0152931505801839 0
"просил" 0 0 0.0518179462820624 0 0 0 0 0.00234351198706381 0.0248513696927988 0
"развитии" 0.00977278279990227 0.0112523911331158 0 0.050154044565451 0 0.0119875329657157 0 0.00703053596119144 0 0.0195924764890282
"рассказ" 0.0146591741998534 0 0 0 0.00873934891850557 0.00899064972428674 0.082525273364968 0.00468702397412763 0.00382328764504597 0
"религиозной" 0.0293183483997068 0 0 0 0 0.00599376648285783 0 0.00468702397412763 0.0191164382252299 0
"реформация" 0 0 0 0 0 0 0.010315659170621 0 0.0324979449828908 0.0195924764890282
"римского" 0 0 0 0.0573189080748012 0.00436967445925279 0 0 0.0187480958965105 0.00191164382252299 0.0195924764890282
"родового" 0 0.0731405423652526 0 0 0.0305877212147695 0 0 0 0 0
"св" 0.00977278279990227 0 0 0 0.0174786978370111 0.00599376648285783 0 0.0187480958965105 0.00764657529009195 0
"сила" 0.0244319569997557 0.0112523911331158 0.0172726487606875 0.0214945905280504 0.00436967445925279 0 0.010315659170621 0.00468702397412763 0.00382328764504597 0.0195924764890282
"следующие" 0.00977278279990227 0 0 0 0.0174786978370111 0.00599376648285783 0.030946977511863 0.0140610719223829 0.00573493146756896 0
"создать" 0.00488639139995114 0.0225047822662316 0.00863632438034373 0.00716486350935015 0.0262180467555167 0.00299688324142891 0 0.00937404794825526 0.00382328764504597 0
"средство" 0.0146591741998534 0 0 0 0.0131090233777584 0.00599376648285783 0 0.00468702397412763 0.0152931505801839 0.0195924764890282
"старался" 0 0.0281309778327895 0 0 0.00436967445925279 0 0 0.0140610719223829 0.0152931505801839 0
"судить" 0.00488639139995114 0.0168785866996737 0.0172726487606875 0 0.00873934891850557 0.0119875329657157 0.010315659170621 0.00937404794825526 0.00573493146756896 0
"счет" 0.00977278279990227 0.0112523911331158 0 0.0143297270187003 0.00436967445925279 0.00899064972428674 0 0.0140610719223829 0.00382328764504597 0.0195924764890282
"таково" 0.00977278279990227 0 0.0172726487606875 0.00716486350935015 0.00436967445925279 0.00899064972428674 0 0.00937404794825526 0.0114698629351379 0.00979623824451411
"тогдашнего" 0 0.0112523911331158 0.0172726487606875 0 0.00436967445925279 0.00899064972428674 0 0.00937404794825526 0.0152931505801839 0
"удержать" 0.00488639139995114 0.0168785866996737 0 0 0 0.00899064972428674 0 0.00703053596119144 0.0191164382252299 0
"усилия" 0 0 0 0.0143297270187003 0 0.0239750659314313 0.010315659170621 0.00468702397412763 0.0114698629351379 0.00979623824451411
"успеха" 0.00488639139995114 0 0.0172726487606875 0.00716486350935015 0.0131090233777584 0.0119875329657157 0.010315659170621 0.00937404794825526 0.00764657529009195 0
"фактов" 0.00488639139995114 0.0281309778327895 0 0.00716486350935015 0.00436967445925279 0.00299688324142891 0.020631318341242 0.0117175599353191 0.00382328764504597 0.0195924764890282
"чему" 0.00977278279990227 0 0 0.00716486350935015 0.0174786978370111 0.0179812994485735 0.020631318341242 0.00468702397412763 0.00382328764504597 0.00979623824451411
"читать" 0.00488639139995114 0.0112523911331158 0 0 0 0.00299688324142891 0.061893955023726 0.0117175599353191 0.00764657529009195 0.00979623824451411
"шаг" 0 0.0225047822662316 0.00863632438034373 0.00716486350935015 0.0131090233777584 0.0179812994485735 0 0.00234351198706381 0.00382328764504597 0.0195924764890282
"явно" 0 0 0 0 0 0.00899064972428674 0.010315659170621 0.00703053596119144 0.0248513696927988 0
"азии" 0 0 0.0518179462820624 0 0 0.00299688324142891 0 0.0281221438447658 0 0
"большим" 0.00488639139995114 0.0112523911331158 0 0 0.00436967445925279 0.0119875329657157 0 0.0117175599353191 0.0114698629351379 0
"важное" 0 0.0225047822662316 0 0.00716486350935015 0 0.00599376648285783 0 0.0117175599353191 0.0114698629351379 0.00979623824451411
"вести" 0.00488639139995114 0.0112523911331158 0 0.00716486350935015 0.00436967445925279 0.00299688324142891 0.010315659170621 0.00468702397412763 0.0191164382252299 0
"взгляда" 0.00488639139995114 0.0393833689659053 0 0 0.0305877212147695 0.00299688324142891 0 0.00468702397412763 0.00191164382252299 0
"вождей" 0.0146591741998534 0.00562619556655789 0 0 0 0.00299688324142891 0 0.0117175599353191 0.0172047944027069 0
"воззрения" 0.00977278279990227 0 0.00863632438034373 0.00716486350935015 0.0174786978370111 0.00599376648285783 0 0.00937404794825526 0 0.0489811912225705
"высшие" 0 0.0225047822662316 0 0.0214945905280504 0.00436967445925279 0 0.010315659170621 0.0164045839094467 0.00573493146756896 0
"гг" 0.00488639139995114 0 0 0 0.0131090233777584 0.0239750659314313 0.030946977511863 0 0.00764657529009195 0
"германцев" 0 0.0225047822662316 0 0 0.0262180467555167 0 0 0.0140610719223829 0 0.0293887147335423
"давать" 0.00488639139995114 0.0168785866996737 0 0 0.00436967445925279 0.00299688324142891 0 0.0210916078835743 0.00764657529009195 0
"дети" 0.00488639139995114 0.0225047822662316 0 0.00716486350935015 0.00436967445925279 0.0119875329657157 0.010315659170621 0.0164045839094467 0 0
"достоинстве" 0 0.0168785866996737 0 0.00716486350935015 0.0218483722962639 0.0119875329657157 0.020631318341242 0.00703053596119144 0 0.00979623824451411
"духовных" 0.00488639139995114 0.00562619556655789 0.0172726487606875 0.00716486350935015 0.0174786978370111 0.00299688324142891 0 0.00468702397412763 0.0133815067576609 0
"еврейских" 0.0879550451991205 0 0 0 0 0 0 0.00234351198706381 0 0
"ж" 0.0195455655998045 0 0 0 0.0349573956740223 0.00299688324142891 0.020631318341242 0.00234351198706381 0.00573493146756896 0
"женщины" 0 0.0112523911331158 0 0.00716486350935015 0.00873934891850557 0.0299688324142891 0 0.00234351198706381 0.00382328764504597 0.00979623824451411
"живое" 0.00488639139995114 0.00562619556655789 0.00863632438034373 0.0286594540374006 0.0131090233777584 0.00599376648285783 0.010315659170621 0.00703053596119144 0.00191164382252299 0.0195924764890282
"звание" 0.034204739799658 0.00562619556655789 0.0172726487606875 0 0 0.00599376648285783 0.010315659170621 0.00468702397412763 0.00764657529009195 0
"имея" 0.00977278279990227 0.00562619556655789 0 0.0143297270187003 0.00436967445925279 0.00599376648285783 0 0.00703053596119144 0.0114698629351379 0.0195924764890282
"источников" 0 0 0 0.0286594540374006 0.00873934891850557 0.00299688324142891 0 0.0210916078835743 0.00573493146756896 0
"италия" 0 0 0 0 0 0 0.010315659170621 0.0304656558318296 0.00955821911261494 0
"итальянских" 0 0 0 0 0 0 0 0.0351526798059572 0.00764657529009195 0
"й" 0 0 0 0 0.00873934891850557 0.00299688324142891 0.072209614194347 0.00937404794825526 0.00955821911261494 0
"каждому" 0.00488639139995114 0 0.00863632438034373 0.00716486350935015 0.00873934891850557 0.0149844162071446 0 0.00937404794825526 0.00764657529009195 0.00979623824451411
"кардинал" 0 0 0 0 0 0.00299688324142891 0 0.00703053596119144 0.0286746573378448 0
"класс" 0.0195455655998045 0 0 0.0143297270187003 0.0174786978370111 0.0149844162071446 0 0.00703053596119144 0.00191164382252299 0
"концу" 0 0.0112523911331158 0 0 0.00873934891850557 0.00599376648285783 0 0.0140610719223829 0.0133815067576609 0
"личным" 0.00977278279990227 0.0168785866996737 0 0.0286594540374006 0.00436967445925279 0 0 0.00468702397412763 0.0114698629351379 0.00979623824451411
"лучших" 0 0 0 0 0.00436967445925279 0.00899064972428674 0.041262636682484 0.00703053596119144 0.0133815067576609 0.00979623824451411
"медичис" 0 0 0 0 0 0 0 0.0210916078835743 0.0191164382252299 0
"могущество" 0.00488639139995114 0.00562619556655789 0 0 0.00873934891850557 0 0 0.0164045839094467 0.0152931505801839 0
"навсегда" 0 0.0225047822662316 0.0345452975213749 0.0214945905280504 0 0.00299688324142891 0.010315659170621 0.00703053596119144 0.00573493146756896 0
"народное" 0.0390911311996091 0.00562619556655789 0.00863632438034373 0 0.0131090233777584 0.00899064972428674 0 0.00234351198706381 0.00191164382252299 0.00979623824451411
"народность" 0.034204739799658 0.0393833689659053 0 0 0.0131090233777584 0 0 0.00234351198706381 0 0.00979623824451411
"настоящего" 0 0 0 0.00716486350935015 0.00873934891850557 0.0209781826900024 0 0.00937404794825526 0.00382328764504597 0.0293887147335423
"недостатки" 0 0.00562619556655789 0 0.00716486350935015 0.0174786978370111 0.0119875329657157 0.010315659170621 0.0117175599353191 0.00573493146756896 0
"несравненно" 0.0195455655998045 0 0.00863632438034373 0 0 0 0.010315659170621 0.0187480958965105 0.00573493146756896 0.0195924764890282
"новгорода" 0 0.0393833689659053 0.0259089731410312 0 0.0305877212147695 0 0.020631318341242 0 0 0
"обстоятельства" 0.00488639139995114 0.0168785866996737 0 0.00716486350935015 0 0 0 0.00703053596119144 0.0210280820477529 0
"общей" 0.00977278279990227 0.00562619556655789 0 0.0429891810561009 0.00873934891850557 0.00299688324142891 0 0.00703053596119144 0.00764657529009195 0
"общих" 0.0146591741998534 0.0168785866996737 0 0 0.0174786978370111 0.00299688324142891 0 0.0140610719223829 0.00382328764504597 0
"объяснить" 0.00977278279990227 0.0112523911331158 0 0.0143297270187003 0.0174786978370111 0.00899064972428674 0.010315659170621 0.00937404794825526 0.00191164382252299 0
"отчего" 0.0146591741998534 0.0281309778327895 0 0.0358243175467507 0.00436967445925279 0.00599376648285783 0.030946977511863 0 0 0
"очередь" 0.00488639139995114 0.0112523911331158 0 0.0286594540374006 0 0 0.010315659170621 0.0117175599353191 0.00955821911261494 0.00979623824451411
"петром" 0 0.0225047822662316 0.0259089731410312 0 0.0349573956740223 0 0.020631318341242 0.00468702397412763 0 0
"повести" 0 0 0 0 0.0393270701332751 0.00299688324142891 0.082525273364968 0.00234351198706381 0 0
"подобно" 0.00977278279990227 0.0281309778327895 0.00863632438034373 0 0.00873934891850557 0 0 0.0187480958965105 0 0.00979623824451411
"полное" 0.00488639139995114 0.0112523911331158 0 0.00716486350935015 0 0.0179812994485735 0.020631318341242 0.00703053596119144 0.00764657529009195 0
"понял" 0 0.0112523911331158 0.00863632438034373 0 0.00873934891850557 0.00299688324142891 0 0.00937404794825526 0.0172047944027069 0
"потребность" 0 0 0 0.0214945905280504 0.0174786978370111 0.00599376648285783 0 0.0164045839094467 0.00382328764504597 0.00979623824451411
"правление" 0 0 0.00863632438034373 0 0.00436967445925279 0 0 0.0140610719223829 0.0210280820477529 0
"правом" 0.00488639139995114 0 0.00863632438034373 0.00716486350935015 0.00873934891850557 0 0.010315659170621 0.0140610719223829 0.0133815067576609 0
"прежнему" 0 0.0562619556655789 0.0172726487606875 0.0143297270187003 0.00436967445925279 0.00599376648285783 0 0.00234351198706381 0.00191164382252299 0
"престоле" 0 0 0.0431816219017186 0 0 0 0 0.00937404794825526 0.0191164382252299 0
"притязания" 0.0195455655998045 0 0.00863632438034373 0.00716486350935015 0.00436967445925279 0 0 0.00937404794825526 0.0152931505801839 0
"причина" 0.0195455655998045 0 0 0.00716486350935015 0.00873934891850557 0.00299688324142891 0.020631318341242 0.00703053596119144 0.00573493146756896 0.0293887147335423
"протестантами" 0 0 0 0 0 0 0 0 0.0363212326279368 0
"родов" 0 0.0450095645324632 0.0172726487606875 0.00716486350935015 0.00873934891850557 0.0119875329657157 0 0.00234351198706381 0 0.00979623824451411
"роман" 0 0 0 0 0 0.0239750659314313 0.113472250876831 0 0 0
"русь" 0.00488639139995114 0.0393833689659053 0.0431816219017186 0.00716486350935015 0.0218483722962639 0 0 0 0 0
"свет" 0.00488639139995114 0 0 0.0214945905280504 0.00873934891850557 0.0179812994485735 0.020631318341242 0.00234351198706381 0.00382328764504597 0.0195924764890282
"сделалась" 0 0.00562619556655789 0.00863632438034373 0.00716486350935015 0 0.00599376648285783 0.010315659170621 0.0164045839094467 0.00573493146756896 0.0293887147335423
"систему" 0.0146591741998534 0.0281309778327895 0 0.0358243175467507 0.00873934891850557 0.00599376648285783 0 0.00234351198706381 0.00191164382252299 0
"смертью" 0 0.00562619556655789 0.00863632438034373 0 0.00873934891850557 0.0119875329657157 0.010315659170621 0.00234351198706381 0.0172047944027069 0
"собственной" 0.0146591741998534 0.00562619556655789 0 0.0286594540374006 0 0.0149844162071446 0 0.00468702397412763 0.00764657529009195 0
"сопротивления" 0.00488639139995114 0 0.0345452975213749 0 0.00436967445925279 0.00299688324142891 0 0.0187480958965105 0.00764657529009195 0
"состав" 0.00977278279990227 0.00562619556655789 0.0259089731410312 0.0143297270187003 0 0 0.010315659170621 0.0210916078835743 0.00191164382252299 0
"средневековых" 0 0 0 0 0 0 0 0.0304656558318296 0.0114698629351379 0
"средней" 0 0 0.0172726487606875 0 0 0 0 0.0351526798059572 0.00382328764504597 0
"стояли" 0.00488639139995114 0.00562619556655789 0.00863632438034373 0 0 0 0 0.0187480958965105 0.0152931505801839 0
"стремления" 0.00977278279990227 0.0168785866996737 0 0.0214945905280504 0.0218483722962639 0.00299688324142891 0.010315659170621 0.00234351198706381 0.00573493146756896 0
"суд" 0.0195455655998045 0.0168785866996737 0.0345452975213749 0 0 0.00599376648285783 0 0.00937404794825526 0.00382328764504597 0
"схоластики" 0 0 0 0.0358243175467507 0 0 0.010315659170621 0.0210916078835743 0.00382328764504597 0.0195924764890282
"требовал" 0 0 0.00863632438034373 0 0 0 0 0.00703053596119144 0.0248513696927988 0.0195924764890282
"устройстве" 0.00488639139995114 0.0562619556655789 0 0.0358243175467507 0.00436967445925279 0 0 0.00234351198706381 0.00191164382252299 0
"участь" 0 0.00562619556655789 0.00863632438034373 0 0 0.00599376648285783 0 0.00234351198706381 0.0248513696927988 0.00979623824451411
"фердинанд" 0 0 0 0 0 0 0 0.0234351198706381 0.0172047944027069 0
"флоренции" 0 0 0 0 0 0 0 0.0398397037800848 0.00382328764504597 0
"христианское" 0.0244319569997557 0.00562619556655789 0.0172726487606875 0.050154044565451 0.00436967445925279 0 0 0 0.00191164382252299 0.0195924764890282
"целого" 0.0195455655998045 0.0112523911331158 0.00863632438034373 0.0143297270187003 0.00436967445925279 0.00299688324142891 0.041262636682484 0.00468702397412763 0.00382328764504597 0
"целой" 0 0.0112523911331158 0 0 0.00436967445925279 0.00299688324142891 0.010315659170621 0.0117175599353191 0.0172047944027069 0
"честь" 0 0.00562619556655789 0.00863632438034373 0.00716486350935015 0.0131090233777584 0.0119875329657157 0.030946977511863 0.00937404794825526 0.00382328764504597 0
"швейцарии" 0 0 0 0 0 0 0 0.0140610719223829 0.0248513696927988 0
"явлений" 0.00488639139995114 0.00562619556655789 0 0 0.0218483722962639 0.0149844162071446 0 0.0140610719223829 0.00191164382252299 0
"histoire" 0 0 0 0 0 0.0119875329657157 0 0.0187480958965105 0.0133815067576609 0
"англия" 0.00977278279990227 0.00562619556655789 0.0172726487606875 0 0 0 0 0.0117175599353191 0.0152931505801839 0
"бесспорно" 0.00977278279990227 0.0112523911331158 0.00863632438034373 0 0.00436967445925279 0 0.030946977511863 0.00468702397412763 0.0133815067576609 0
"благодаря" 0.0146591741998534 0 0.00863632438034373 0.00716486350935015 0.00436967445925279 0.0119875329657157 0.010315659170621 0.00468702397412763 0.00764657529009195 0.00979623824451411
"большой" 0 0 0 0.00716486350935015 0 0.0119875329657157 0.010315659170621 0.0117175599353191 0.0133815067576609 0
"бывает" 0.00488639139995114 0.00562619556655789 0 0.0143297270187003 0.00873934891850557 0.0269719491728602 0.020631318341242 0 0.00191164382252299 0
"быстро" 0.00488639139995114 0.0112523911331158 0.0172726487606875 0.0143297270187003 0 0.00899064972428674 0 0.00234351198706381 0.0133815067576609 0
"бытия" 0.0195455655998045 0 0 0.0644837715841513 0 0 0 0.00468702397412763 0 0.0293887147335423
"вечно" 0.00977278279990227 0.0168785866996737 0.0431816219017186 0.0143297270187003 0.00436967445925279 0 0.020631318341242 0.00234351198706381 0 0.0195924764890282
"видя" 0.00488639139995114 0.0112523911331158 0.0172726487606875 0 0.00873934891850557 0 0.010315659170621 0.00703053596119144 0.0133815067576609 0
"внутренних" 0.0146591741998534 0.0168785866996737 0.00863632438034373 0.0358243175467507 0 0.00599376648285783 0 0.00234351198706381 0.00573493146756896 0
"вокруг" 0.00488639139995114 0.00562619556655789 0 0.0143297270187003 0 0.0179812994485735 0 0.00937404794825526 0.00764657529009195 0
"впервые" 0 0.0337571733993474 0 0 0.00436967445925279 0.00299688324142891 0.010315659170621 0.0140610719223829 0.00382328764504597 0.00979623824451411
"впечатление" 0 0 0 0 0.00436967445925279 0.0179812994485735 0 0.00234351198706381 0.0191164382252299 0
"вторых" 0 0.00562619556655789 0 0 0.0131090233777584 0.0119875329657157 0.010315659170621 0.00703053596119144 0.0114698629351379 0
"главная" 0.00977278279990227 0 0.00863632438034373 0.0214945905280504 0.00873934891850557 0.00299688324142891 0.010315659170621 0.0117175599353191 0.00191164382252299 0.0195924764890282
"главное" 0.00488639139995114 0.0168785866996737 0 0 0.0131090233777584 0.0119875329657157 0 0.00937404794825526 0.00191164382252299 0.0195924764890282
"говорим" 0.0195455655998045 0.0225047822662316 0 0 0 0 0.030946977511863 0.00937404794825526 0.00382328764504597 0.00979623824451411
"государством" 0.00488639139995114 0.0168785866996737 0.0172726487606875 0.0214945905280504 0 0 0 0.00468702397412763 0.0133815067576609 0
"дни" 0.0244319569997557 0 0.0172726487606875 0 0.00436967445925279 0.00599376648285783 0.020631318341242 0.00468702397412763 0.00764657529009195 0
"дочь" 0 0 0 0 0 0.0149844162071446 0 0.0187480958965105 0.00955821911261494 0
"живой" 0.00977278279990227 0.0281309778327895 0 0.0358243175467507 0.00873934891850557 0.00299688324142891 0.010315659170621 0 0 0.0195924764890282
"жители" 0 0.0112523911331158 0.0172726487606875 0 0 0 0.010315659170621 0.0164045839094467 0.0114698629351379 0
"завоевания" 0 0.0112523911331158 0.0604542706624061 0.0429891810561009 0 0 0 0.00468702397412763 0.00191164382252299 0
"законами" 0.00488639139995114 0.0281309778327895 0.0172726487606875 0.0143297270187003 0 0.00299688324142891 0.010315659170621 0.00703053596119144 0.00573493146756896 0
"записок" 0 0 0 0 0.00873934891850557 0.0119875329657157 0.082525273364968 0.00234351198706381 0.00573493146756896 0
"знания" 0.00977278279990227 0 0 0.0286594540374006 0.00873934891850557 0.00599376648285783 0.010315659170621 0.0117175599353191 0.00191164382252299 0.00979623824451411
"знаю" 0 0 0.0259089731410312 0 0 0.035962598897147 0.010315659170621 0 0 0.0195924764890282
"идеал" 0.0146591741998534 0.00562619556655789 0 0.00716486350935015 0.0174786978370111 0 0.010315659170621 0.0117175599353191 0.00191164382252299 0.0195924764890282
"известные" 0 0.0168785866996737 0.0172726487606875 0 0.00873934891850557 0 0 0.0210916078835743 0.00191164382252299 0.00979623824451411
"испанского" 0 0 0 0 0 0 0.010315659170621 0.00937404794825526 0.0248513696927988 0
"истине" 0.00977278279990227 0 0 0.0286594540374006 0.0174786978370111 0 0.020631318341242 0.00234351198706381 0 0.0489811912225705
"какою" 0.00488639139995114 0 0.0172726487606875 0.00716486350935015 0 0.0179812994485735 0.020631318341242 0.0117175599353191 0.00191164382252299 0
"кому" 0.0146591741998534 0.0112523911331158 0 0 0.00436967445925279 0.00299688324142891 0.010315659170621 0.00234351198706381 0.00955821911261494 0.0391849529780564
"личное" 0.0244319569997557 0.00562619556655789 0 0.0214945905280504 0.00436967445925279 0.00599376648285783 0 0.00234351198706381 0.00955821911261494 0
"могу" 0.00488639139995114 0 0 0 0 0.0389594821385759 0 0.00468702397412763 0.00382328764504597 0
"моря" 0 0 0.0777269194230935 0 0.00436967445925279 0.00599376648285783 0.010315659170621 0.00703053596119144 0.00191164382252299 0.00979623824451411
"н" 0 0 0 0 0.00436967445925279 0.0209781826900024 0.072209614194347 0.00468702397412763 0.00191164382252299 0
"народонаселение" 0 0.0112523911331158 0.00863632438034373 0 0 0.00299688324142891 0.010315659170621 0.0187480958965105 0.00955821911261494 0
"настоящее" 0.0146591741998534 0 0.00863632438034373 0.0214945905280504 0.00436967445925279 0.0179812994485735 0 0.00468702397412763 0.00191164382252299 0.00979623824451411
"немного" 0 0.0112523911331158 0.00863632438034373 0 0.00873934891850557 0.00899064972428674 0.020631318341242 0.00937404794825526 0.00764657529009195 0
"нидерландах" 0 0 0 0 0 0 0 0.00468702397412763 0.0305863011603678 0
"низших" 0 0.00562619556655789 0 0.0143297270187003 0 0 0.010315659170621 0.0140610719223829 0.0133815067576609 0.00979623824451411
"нравственное" 0.00488639139995114 0.0225047822662316 0.0172726487606875 0.0214945905280504 0.00873934891850557 0 0.010315659170621 0.00703053596119144 0.00382328764504597 0
"нравственности" 0.0195455655998045 0 0 0.0143297270187003 0.00436967445925279 0 0 0.0187480958965105 0.00573493146756896 0
"обратиться" 0.0195455655998045 0.0112523911331158 0.00863632438034373 0 0.0174786978370111 0.00299688324142891 0 0.00468702397412763 0.00764657529009195 0
"общественный" 0.00488639139995114 0.0225047822662316 0 0.0214945905280504 0.0218483722962639 0.00899064972428674 0 0.00234351198706381 0 0.00979623824451411
"общественных" 0.0195455655998045 0.00562619556655789 0 0.0859783621122018 0.00436967445925279 0 0 0 0 0
"общие" 0.00977278279990227 0.0168785866996737 0 0.00716486350935015 0.0131090233777584 0.00299688324142891 0 0.00703053596119144 0.00573493146756896 0.0195924764890282
"общий" 0.0195455655998045 0.00562619556655789 0.0172726487606875 0.0214945905280504 0.00436967445925279 0.00299688324142891 0 0.00468702397412763 0.00764657529009195 0
"общим" 0.0146591741998534 0.0112523911331158 0 0.0358243175467507 0.0131090233777584 0.00299688324142891 0.010315659170621 0 0.00382328764504597 0.00979623824451411
"обязан" 0.0146591741998534 0.00562619556655789 0.00863632438034373 0 0.00873934891850557 0.00299688324142891 0.020631318341242 0.0117175599353191 0.00573493146756896 0
"обязанность" 0.00977278279990227 0.0112523911331158 0.0172726487606875 0.00716486350935015 0.00873934891850557 0.00299688324142891 0 0.0164045839094467 0.00191164382252299 0
"огромное" 0 0.00562619556655789 0 0.00716486350935015 0 0.00599376648285783 0 0.0187480958965105 0.0114698629351379 0
"основе" 0.0293183483997068 0 0 0.0214945905280504 0.00873934891850557 0.00299688324142891 0 0.0117175599353191 0.00191164382252299 0
"папой" 0 0 0 0 0 0 0 0.00703053596119144 0.0286746573378448 0
"повесть" 0 0 0 0 0.0218483722962639 0 0.123787910047452 0 0.00191164382252299 0
"помощь" 0 0 0.00863632438034373 0 0.00436967445925279 0.00299688324142891 0 0.00937404794825526 0.0210280820477529 0
"понимать" 0.00977278279990227 0.00562619556655789 0.0172726487606875 0 0.0131090233777584 0.0149844162071446 0.020631318341242 0.00234351198706381 0 0.0195924764890282
"правах" 0.0195455655998045 0.0112523911331158 0.00863632438034373 0.0143297270187003 0 0.00599376648285783 0 0.00703053596119144 0.00573493146756896 0.00979623824451411
"превосходно" 0 0 0 0 0.00436967445925279 0.0119875329657157 0.010315659170621 0.00937404794825526 0.0152931505801839 0
"предметом" 0.00488639139995114 0.0168785866996737 0.00863632438034373 0.00716486350935015 0 0.00299688324142891 0 0.0117175599353191 0.00955821911261494 0.00979623824451411
"приговор" 0 0.00562619556655789 0.00863632438034373 0 0.00436967445925279 0.0119875329657157 0 0.00937404794825526 0.0133815067576609 0
"принимает" 0.00488639139995114 0 0 0 0.0218483722962639 0.00299688324142891 0 0.0210916078835743 0.00382328764504597 0
"принимать" 0 0.0112523911331158 0.00863632438034373 0.0214945905280504 0.0174786978370111 0.00299688324142891 0 0.00703053596119144 0.00382328764504597 0.0195924764890282
"прошлом" 0.00488639139995114 0 0 0 0 0 0.175366205900557 0 0 0
"путем" 0.00977278279990227 0.0112523911331158 0 0.00716486350935015 0.0305877212147695 0 0 0.00937404794825526 0.00191164382252299 0.00979623824451411
"рима" 0 0.00562619556655789 0 0.050154044565451 0.00873934891850557 0.00299688324142891 0 0.00468702397412763 0.00382328764504597 0.0293887147335423
"рыцари" 0 0 0.0431816219017186 0 0 0 0 0.0210916078835743 0.00764657529009195 0
"свободно" 0.0195455655998045 0.0225047822662316 0 0.00716486350935015 0.0174786978370111 0.00899064972428674 0 0.00234351198706381 0.00191164382252299 0
"свободу" 0.0146591741998534 0.00562619556655789 0.0259089731410312 0.00716486350935015 0.00873934891850557 0 0 0.00234351198706381 0.0114698629351379 0.00979623824451411
"скажем" 0 0.0168785866996737 0.0172726487606875 0.00716486350935015 0.0174786978370111 0 0.041262636682484 0.00703053596119144 0.00191164382252299 0
"славу" 0 0 0.0518179462820624 0 0.00436967445925279 0.00299688324142891 0 0.00937404794825526 0.00955821911261494 0.00979623824451411
"славян" 0.00977278279990227 0.0393833689659053 0.00863632438034373 0 0.0174786978370111 0 0 0.00937404794825526 0 0
"службу" 0.00977278279990227 0.0112523911331158 0.0259089731410312 0 0.00873934891850557 0 0 0.00703053596119144 0.0114698629351379 0
"собственность" 0.00488639139995114 0.0168785866996737 0 0.0214945905280504 0 0 0 0.0210916078835743 0.00382328764504597 0
"современников" 0 0.0112523911331158 0.0259089731410312 0 0.0174786978370111 0 0.020631318341242 0.00937404794825526 0.00382328764504597 0.00979623824451411
"современного" 0.0293183483997068 0 0 0.00716486350935015 0.00436967445925279 0.0149844162071446 0 0.00468702397412763 0.00382328764504597 0.00979623824451411
"согласиться" 0.00488639139995114 0.00562619556655789 0 0 0.0131090233777584 0.00599376648285783 0.020631318341242 0.00234351198706381 0.0152931505801839 0
"составить" 0 0 0 0 0.00873934891850557 0.0119875329657157 0.010315659170621 0.0164045839094467 0.00764657529009195 0
"состояния" 0.0146591741998534 0 0 0.0286594540374006 0.00436967445925279 0.00599376648285783 0.010315659170621 0.00703053596119144 0.00382328764504597 0.0195924764890282
"сочинений" 0.00977278279990227 0 0 0 0 0.00299688324142891 0.041262636682484 0.0140610719223829 0.00955821911261494 0
"справедливость" 0.00488639139995114 0 0.00863632438034373 0.0143297270187003 0.00873934891850557 0.0149844162071446 0.010315659170621 0.00937404794825526 0.00382328764504597 0
"тесно" 0.0244319569997557 0.0168785866996737 0 0.00716486350935015 0.00436967445925279 0 0.030946977511863 0.00703053596119144 0.00191164382252299 0.00979623824451411
"толпы" 0.00488639139995114 0.00562619556655789 0 0.0143297270187003 0.00436967445925279 0.00899064972428674 0.051578295853105 0.00703053596119144 0.00382328764504597 0
"третий" 0.00488639139995114 0.00562619556655789 0.00863632438034373 0.00716486350935015 0.00436967445925279 0.0209781826900024 0.020631318341242 0.00703053596119144 0.00191164382252299 0
"тысяч" 0 0 0 0 0 0.0149844162071446 0 0.0140610719223829 0.0114698629351379 0.00979623824451411
"уступить" 0.00488639139995114 0.0112523911331158 0.00863632438034373 0 0.00873934891850557 0 0 0.00703053596119144 0.0152931505801839 0.00979623824451411
"французских" 0 0 0 0 0.00873934891850557 0.00599376648285783 0.010315659170621 0.0234351198706381 0.00573493146756896 0
"христа" 0.0684094795993159 0 0.00863632438034373 0 0 0 0 0 0.00573493146756896 0
"царство" 0 0.00562619556655789 0.0863632438034373 0 0 0.0149844162071446 0 0 0 0.0195924764890282
"чести" 0.00488639139995114 0.0168785866996737 0.00863632438034373 0.00716486350935015 0.00873934891850557 0.00299688324142891 0 0.00703053596119144 0.0114698629351379 0
"ix" 0 0.0168785866996737 0 0.0143297270187003 0 0.00299688324142891 0 0.0140610719223829 0.0114698629351379 0
"xvii" 0.00488639139995114 0.0225047822662316 0.00863632438034373 0 0 0.00599376648285783 0 0.00937404794825526 0.0114698629351379 0
"английской" 0.00977278279990227 0 0 0 0 0.00599376648285783 0 0.0164045839094467 0.0114698629351379 0
"богатые" 0 0.00562619556655789 0.00863632438034373 0 0 0.00299688324142891 0 0.0187480958965105 0.00764657529009195 0.0195924764890282
"важные" 0.00488639139995114 0.0337571733993474 0 0 0 0 0.010315659170621 0.0117175599353191 0.00764657529009195 0
"взять" 0 0.00562619556655789 0 0.00716486350935015 0.00436967445925279 0.00599376648285783 0 0.00703053596119144 0.0133815067576609 0.0195924764890282
"воспитание" 0.00488639139995114 0.00562619556655789 0.00863632438034373 0.00716486350935015 0.00436967445925279 0.00899064972428674 0 0.00234351198706381 0.0152931505801839 0
"востока" 0 0 0.0345452975213749 0.00716486350935015 0.00436967445925279 0.00299688324142891 0 0.0187480958965105 0.00382328764504597 0
"вслед" 0.0195455655998045 0.00562619556655789 0.0172726487606875 0 0.00436967445925279 0.0119875329657157 0 0 0.00955821911261494 0
"высокой" 0 0.00562619556655789 0.0259089731410312 0 0 0.00599376648285783 0 0.0187480958965105 0.00573493146756896 0
"выступил" 0 0.00562619556655789 0 0 0.00436967445925279 0.00299688324142891 0 0.00937404794825526 0.0191164382252299 0
"вышло" 0 0 0 0 0.00873934891850557 0.0149844162071446 0.030946977511863 0.00937404794825526 0.00573493146756896 0
"делает" 0.00488639139995114 0.0112523911331158 0 0.00716486350935015 0.00873934891850557 0.0149844162071446 0.030946977511863 0.00468702397412763 0.00191164382252299 0
"дочери" 0 0 0 0 0 0.0119875329657157 0 0.00937404794825526 0.0172047944027069 0
"древняя" 0 0.0281309778327895 0.00863632438034373 0 0.0218483722962639 0 0 0.0140610719223829 0 0
"духовное" 0.0146591741998534 0.00562619556655789 0 0.0214945905280504 0 0.00899064972428674 0.010315659170621 0.00468702397412763 0.00764657529009195 0
"еврея" 0.0830686537991693 0 0 0 0 0 0 0 0 0
"елизавета" 0 0 0 0 0 0 0 0 0.0324979449828908 0
"западный" 0.00488639139995114 0 0.00863632438034373 0.0644837715841513 0.0131090233777584 0 0 0.00703053596119144 0 0
"ивана" 0 0 0.129544865705156 0 0 0 0.010315659170621 0 0.00191164382252299 0
"известной" 0.0146591741998534 0.00562619556655789 0 0 0.00873934891850557 0.0149844162071446 0 0.0117175599353191 0.00191164382252299 0
"известны" 0.00488639139995114 0 0 0.0429891810561009 0.00436967445925279 0.00299688324142891 0 0.0117175599353191 0.00382328764504597 0.00979623824451411
"издание" 0.00488639139995114 0 0 0 0 0.0149844162071446 0.10315659170621 0.00234351198706381 0 0
"интересами" 0.00488639139995114 0.0112523911331158 0 0.00716486350935015 0.00436967445925279 0.0119875329657157 0 0.00468702397412763 0.0114698629351379 0
"испанских" 0 0 0 0 0 0 0 0.00468702397412763 0.0286746573378448 0
"историки" 0 0 0 0.00716486350935015 0.00436967445925279 0 0 0.0187480958965105 0.0133815067576609 0
"итальянские" 0 0 0 0 0 0.00299688324142891 0 0.0210916078835743 0.0133815067576609 0
"кальвина" 0 0 0 0 0 0 0 0 0.0324979449828908 0
"картины" 0 0 0 0 0 0.0449532486214337 0.010315659170621 0.00234351198706381 0 0
"классицизм" 0 0 0 0 0.0131090233777584 0 0 0 0 0.137147335423197
"кого" 0.00977278279990227 0 0.00863632438034373 0 0.00436967445925279 0.0179812994485735 0 0.00234351198706381 0.00191164382252299 0.0489811912225705
"королевства" 0 0 0 0 0 0 0 0.0210916078835743 0.0152931505801839 0
"края" 0.034204739799658 0.00562619556655789 0.00863632438034373 0 0.00873934891850557 0 0 0.00234351198706381 0.00955821911261494 0
"курфирст" 0 0 0 0 0 0 0 0.00234351198706381 0.0305863011603678 0
"монморанси" 0 0 0 0 0 0 0 0.00234351198706381 0.0305863011603678 0
"мыслью" 0.00488639139995114 0.0112523911331158 0.00863632438034373 0 0.00873934891850557 0.0209781826900024 0 0.00234351198706381 0.00382328764504597 0.00979623824451411
"направлением" 0.00977278279990227 0 0 0.0143297270187003 0.00873934891850557 0.00899064972428674 0.010315659170621 0.00937404794825526 0.00573493146756896 0
"нидерландов" 0 0 0 0 0 0 0 0 0.0324979449828908 0
"нравов" 0 0.0112523911331158 0 0.0214945905280504 0.00873934891850557 0 0.020631318341242 0.00937404794825526 0.00764657529009195 0
"огромные" 0 0 0 0.00716486350935015 0.00436967445925279 0.00299688324142891 0 0.00703053596119144 0.0210280820477529 0
"однажды" 0.0195455655998045 0.0112523911331158 0 0 0 0 0.010315659170621 0.0117175599353191 0.00573493146756896 0.0195924764890282
"оппозиции" 0 0 0 0 0 0 0 0.0164045839094467 0.0191164382252299 0
"особенное" 0 0.00562619556655789 0 0.0143297270187003 0 0.0179812994485735 0.010315659170621 0.00937404794825526 0.00573493146756896 0
"перешел" 0 0 0 0 0 0 0 0.00937404794825526 0.0248513696927988 0
"письмо" 0.00488639139995114 0 0 0.0143297270187003 0 0.0149844162071446 0.010315659170621 0.00468702397412763 0.0114698629351379 0
"положений" 0 0.00562619556655789 0 0.00716486350935015 0 0.00899064972428674 0 0.00234351198706381 0.0210280820477529 0
"попытка" 0 0.00562619556655789 0 0 0.00873934891850557 0.00599376648285783 0 0.00937404794825526 0.0152931505801839 0
"поставить" 0.0195455655998045 0.0112523911331158 0.00863632438034373 0.00716486350935015 0.00436967445925279 0.00899064972428674 0 0.00234351198706381 0.00764657529009195 0
"правды" 0.0244319569997557 0.0112523911331158 0.0518179462820624 0.0286594540374006 0 0 0 0 0 0
"правил" 0.0244319569997557 0 0.00863632438034373 0 0 0.00899064972428674 0 0.00937404794825526 0.00764657529009195 0
"праву" 0.00488639139995114 0 0 0 0 0.00299688324142891 0 0.025778631857702 0.00573493146756896 0.00979623824451411
"предмета" 0 0.00562619556655789 0 0 0.0131090233777584 0.0269719491728602 0 0.00937404794825526 0 0
"представителем" 0 0.0225047822662316 0 0.00716486350935015 0.00436967445925279 0.00299688324142891 0.010315659170621 0.00234351198706381 0.0152931505801839 0
"преобразования" 0.00977278279990227 0.00562619556655789 0 0 0.0174786978370111 0 0 0.00703053596119144 0.0133815067576609 0
"прошедшего" 0 0.0112523911331158 0.0172726487606875 0 0.0131090233777584 0.00299688324142891 0 0.00937404794825526 0 0.0489811912225705
"пяти" 0.00488639139995114 0 0 0 0.00436967445925279 0.035962598897147 0.010315659170621 0.00468702397412763 0 0
"результатом" 0 0 0 0 0 0.00599376648285783 0.030946977511863 0.0117175599353191 0.0133815067576609 0
"религия" 0.0146591741998534 0 0 0.0143297270187003 0 0.00299688324142891 0 0.0117175599353191 0.00764657529009195 0.0195924764890282
"решения" 0.00488639139995114 0.00562619556655789 0 0 0.00873934891850557 0.00299688324142891 0 0.00468702397412763 0.0191164382252299 0
"решился" 0 0 0.00863632438034373 0 0 0.00599376648285783 0 0.00703053596119144 0.0210280820477529 0
"римских" 0 0 0 0.0429891810561009 0 0.00299688324142891 0 0.0187480958965105 0 0.0195924764890282
"русскую" 0 0.0450095645324632 0.0172726487606875 0.0143297270187003 0.0174786978370111 0 0.010315659170621 0 0 0
"рыцарство" 0 0.00562619556655789 0 0 0 0 0 0.0281221438447658 0.00382328764504597 0.0195924764890282
"рыцарь" 0 0 0 0.0214945905280504 0 0.00299688324142891 0 0.025778631857702 0.00382328764504597 0
"ряд" 0.00488639139995114 0 0.00863632438034373 0 0.0131090233777584 0.00599376648285783 0.020631318341242 0.0117175599353191 0.00573493146756896 0
"самостоятельности" 0 0.0225047822662316 0 0 0.0174786978370111 0 0 0.0164045839094467 0.00382328764504597 0
"светской" 0 0.0112523911331158 0.00863632438034373 0.00716486350935015 0 0.00299688324142891 0 0.00937404794825526 0.0152931505801839 0
"сделалось" 0 0.0112523911331158 0.00863632438034373 0 0.00873934891850557 0.0119875329657157 0 0.00703053596119144 0.00764657529009195 0.00979623824451411
"сильного" 0 0.00562619556655789 0.0172726487606875 0 0 0.0209781826900024 0 0.0117175599353191 0.00382328764504597 0
"следующее" 0.00488639139995114 0 0 0 0.00873934891850557 0.00899064972428674 0.010315659170621 0.00703053596119144 0.0133815067576609 0
"спокойно" 0 0.0168785866996737 0.00863632438034373 0.0143297270187003 0.00873934891850557 0.00899064972428674 0 0.00937404794825526 0.00382328764504597 0
"старший" 0 0.0618881512321368 0 0 0 0 0 0.00468702397412763 0.00764657529009195 0
"старых" 0 0 0.0431816219017186 0 0 0.0179812994485735 0.010315659170621 0.00468702397412763 0.00573493146756896 0
"столетий" 0 0.00562619556655789 0 0.00716486350935015 0 0.00299688324142891 0 0.0281221438447658 0.00191164382252299 0.00979623824451411
"странное" 0.00488639139995114 0.0281309778327895 0 0 0.00436967445925279 0.00599376648285783 0 0.0140610719223829 0.00382328764504597 0
"строгой" 0.00977278279990227 0.0225047822662316 0 0 0.00436967445925279 0.00299688324142891 0 0.00468702397412763 0.0114698629351379 0.00979623824451411
"таковы" 0 0.00562619556655789 0.0259089731410312 0 0.00873934891850557 0.00299688324142891 0 0.0117175599353191 0.00764657529009195 0.00979623824451411
"такую" 0.00488639139995114 0 0 0.0143297270187003 0.0131090233777584 0.00899064972428674 0.010315659170621 0 0.0114698629351379 0.00979623824451411
"торговли" 0.0146591741998534 0.00562619556655789 0.00863632438034373 0 0.00436967445925279 0.00299688324142891 0 0.0164045839094467 0.00573493146756896 0
"торговля" 0.0146591741998534 0.0112523911331158 0.0172726487606875 0 0 0 0 0.0117175599353191 0.00955821911261494 0
"убеждение" 0.0146591741998534 0.00562619556655789 0 0.0429891810561009 0.00436967445925279 0.0119875329657157 0 0.00234351198706381 0.00191164382252299 0
"университета" 0.00488639139995114 0 0 0 0.00436967445925279 0.00299688324142891 0 0.0234351198706381 0.00764657529009195 0
"учреждение" 0.00977278279990227 0.0168785866996737 0 0 0.00436967445925279 0 0 0.0140610719223829 0.00955821911261494 0
"факты" 0.00488639139995114 0.0168785866996737 0.0172726487606875 0 0 0 0.010315659170621 0.00937404794825526 0.00955821911261494 0.00979623824451411
"феодальных" 0 0 0 0.00716486350935015 0 0 0 0.0304656558318296 0.00382328764504597 0.00979623824451411
"философия" 0.00488639139995114 0 0 0.0286594540374006 0 0 0.010315659170621 0.0140610719223829 0 0.0489811912225705
"целые" 0.00488639139995114 0.0168785866996737 0.00863632438034373 0 0 0.00299688324142891 0 0.0164045839094467 0.00764657529009195 0
"эксплуатации" 0.0830686537991693 0 0 0 0 0 0 0 0 0
"элементов" 0.00977278279990227 0.0225047822662316 0 0.00716486350935015 0.00436967445925279 0 0 0.0187480958965105 0.00191164382252299 0
"английского" 0.0244319569997557 0 0 0 0 0 0 0.00937404794825526 0.0133815067576609 0
"безусловно" 0.00488639139995114 0.0168785866996737 0 0.00716486350935015 0.0305877212147695 0.00299688324142891 0 0 0.00382328764504597 0.00979623824451411
"больших" 0 0.0112523911331158 0 0 0.00436967445925279 0.00599376648285783 0.020631318341242 0.00234351198706381 0.0152931505801839 0
"большое" 0 0.0112523911331158 0 0 0 0.00599376648285783 0 0.00937404794825526 0.0152931505801839 0
"васильевича" 0 0 0.129544865705156 0.00716486350935015 0 0 0 0 0 0
"велел" 0 0 0 0 0 0 0 0.00937404794825526 0.0229397258702758 0
"взял" 0.00488639139995114 0 0.0259089731410312 0 0.00873934891850557 0.0119875329657157 0 0.0117175599353191 0.00191164382252299 0
"видите" 0 0 0 0 0.00873934891850557 0.0389594821385759 0 0 0.00191164382252299 0
"вильгельма" 0 0 0 0 0 0 0.020631318341242 0.00703053596119144 0.0210280820477529 0
"влиянию" 0 0.0281309778327895 0 0.00716486350935015 0.00873934891850557 0.00299688324142891 0 0.00234351198706381 0.00955821911261494 0.00979623824451411
"внешнее" 0.00977278279990227 0 0 0 0.00436967445925279 0.00299688324142891 0 0.00468702397412763 0.00191164382252299 0.088166144200627
"внутренняя" 0.00488639139995114 0.0225047822662316 0.0172726487606875 0.0286594540374006 0.0131090233777584 0 0 0 0 0.0195924764890282
"врагами" 0.00977278279990227 0 0.0172726487606875 0 0 0 0 0.00937404794825526 0.00955821911261494 0.0293887147335423
"герцогство" 0 0 0 0 0 0 0 0.0234351198706381 0.0114698629351379 0
"гёте" 0 0 0 0 0 0 0.020631318341242 0 0 0.137147335423197
"глазами" 0.00977278279990227 0.00562619556655789 0 0.0143297270187003 0.0131090233777584 0.0119875329657157 0 0.00234351198706381 0.00382328764504597 0.00979623824451411
"годы" 0 0 0.0172726487606875 0.00716486350935015 0 0 0.010315659170621 0.00703053596119144 0.0172047944027069 0
"головы" 0 0 0.00863632438034373 0 0.00436967445925279 0.035962598897147 0.010315659170621 0.00234351198706381 0 0
"граф" 0 0 0 0 0 0.00299688324142891 0.020631318341242 0.0140610719223829 0.0133815067576609 0
"дворяне" 0 0 0 0 0 0 0 0.00937404794825526 0.0229397258702758 0
"действие" 0.00488639139995114 0 0.00863632438034373 0.0358243175467507 0.00436967445925279 0.0119875329657157 0.010315659170621 0.00234351198706381 0.00382328764504597 0
"династии" 0 0 0 0 0.00436967445925279 0.00299688324142891 0 0.0234351198706381 0.00764657529009195 0
"епископа" 0 0 0 0 0 0 0 0.0140610719223829 0.0191164382252299 0
"жертву" 0.0146591741998534 0 0.00863632438034373 0 0.0174786978370111 0 0 0.00703053596119144 0.00573493146756896 0.0195924764890282
"журналах" 0.00977278279990227 0 0 0 0 0.0119875329657157 0.10315659170621 0 0 0
"западных" 0.0146591741998534 0.00562619556655789 0.00863632438034373 0.050154044565451 0.00436967445925279 0 0 0.00468702397412763 0.00191164382252299 0
"знаете" 0.00977278279990227 0 0 0 0 0.0419563653800048 0 0 0 0
"знали" 0 0.0112523911331158 0.0172726487606875 0.0143297270187003 0.0131090233777584 0 0 0.00703053596119144 0.00573493146756896 0.00979623824451411
"значительную" 0 0 0.00863632438034373 0.00716486350935015 0 0 0 0.0187480958965105 0.0114698629351379 0
"изучение" 0 0.00562619556655789 0 0.00716486350935015 0.00873934891850557 0.00599376648285783 0 0.0234351198706381 0 0
"иное" 0.0146591741998534 0.0112523911331158 0 0.0358243175467507 0.00873934891850557 0.00299688324142891 0 0.00234351198706381 0.00382328764504597 0
"испанские" 0 0 0 0 0 0.00899064972428674 0 0.00468702397412763 0.0210280820477529 0
"исследования" 0.00488639139995114 0.00562619556655789 0 0 0.00436967445925279 0 0.020631318341242 0.0187480958965105 0.00382328764504597 0.00979623824451411
"католиками" 0 0 0 0 0 0 0 0 0.0305863011603678 0
"католицизму" 0 0 0 0 0 0 0 0 0.0305863011603678 0
"качества" 0.0146591741998534 0.0112523911331158 0 0 0.0131090233777584 0.0149844162071446 0 0.00234351198706381 0.00382328764504597 0
"лежит" 0.00488639139995114 0.0112523911331158 0.00863632438034373 0 0.00873934891850557 0.0179812994485735 0.010315659170621 0.00703053596119144 0 0
"литературных" 0.00488639139995114 0 0 0 0.0218483722962639 0.0119875329657157 0.020631318341242 0.00468702397412763 0.00382328764504597 0
"литературу" 0 0.0168785866996737 0 0 0.0174786978370111 0 0.030946977511863 0.00937404794825526 0.00382328764504597 0
"личной" 0.00977278279990227 0 0 0.0358243175467507 0.0174786978370111 0 0 0.00937404794825526 0.00191164382252299 0
"лучшая" 0 0 0 0 0.00873934891850557 0.00299688324142891 0.030946977511863 0.0140610719223829 0.00573493146756896 0.00979623824451411
"льготы" 0.0244319569997557 0.00562619556655789 0 0 0 0.00299688324142891 0 0.00468702397412763 0.0133815067576609 0
"массы" 0.00977278279990227 0 0.00863632438034373 0 0.00436967445925279 0.00299688324142891 0 0.0117175599353191 0.00764657529009195 0.0195924764890282
"многое" 0 0.0281309778327895 0 0 0.0174786978370111 0.00599376648285783 0 0.00703053596119144 0.00191164382252299 0.00979623824451411
"москвы" 0 0.0112523911331158 0.094999568183781 0 0 0 0.030946977511863 0 0 0
"московского" 0 0.0450095645324632 0.0431816219017186 0.00716486350935015 0.00436967445925279 0 0.010315659170621 0 0 0
"названием" 0.00488639139995114 0.00562619556655789 0 0.00716486350935015 0.0131090233777584 0.00899064972428674 0.020631318341242 0.00468702397412763 0.00573493146756896 0
"насильственно" 0.00977278279990227 0.0337571733993474 0 0.0429891810561009 0.00873934891850557 0 0 0 0 0
"находим" 0 0.00562619556655789 0.0172726487606875 0.0214945905280504 0.00873934891850557 0 0 0.00703053596119144 0.00955821911261494 0
"недолго" 0 0.0168785866996737 0.00863632438034373 0.00716486350935015 0 0.00299688324142891 0 0.0140610719223829 0.00764657529009195 0
"некоторыми" 0.00977278279990227 0 0 0 0.00436967445925279 0.00299688324142891 0 0.0117175599353191 0.0133815067576609 0
"нечего" 0 0.00562619556655789 0 0 0.00873934891850557 0.00599376648285783 0.010315659170621 0.00703053596119144 0.00764657529009195 0.0293887147335423
"никак" 0.00977278279990227 0.00562619556655789 0 0 0.0131090233777584 0.0209781826900024 0.010315659170621 0.00234351198706381 0 0.00979623824451411
"новому" 0 0 0.00863632438034373 0 0 0.00599376648285783 0.010315659170621 0.00703053596119144 0.0172047944027069 0
"новыми" 0 0.00562619556655789 0.0259089731410312 0 0 0.00599376648285783 0 0.0117175599353191 0.00955821911261494 0
"нравственной" 0.034204739799658 0.00562619556655789 0.00863632438034373 0.0143297270187003 0.00436967445925279 0 0 0.00468702397412763 0.00382328764504597 0
"обвинения" 0.00488639139995114 0.00562619556655789 0 0 0.0131090233777584 0 0 0.00468702397412763 0.0152931505801839 0.00979623824451411
"обратился" 0.00977278279990227 0.00562619556655789 0 0 0 0 0.010315659170621 0.00468702397412763 0.0191164382252299 0
"общественные" 0.0293183483997068 0 0.00863632438034373 0.0143297270187003 0.00873934891850557 0.00599376648285783 0.010315659170621 0.00468702397412763 0 0
"обычай" 0 0.0168785866996737 0.0431816219017186 0 0 0.00299688324142891 0 0.0140610719223829 0.00191164382252299 0
"одною" 0 0.00562619556655789 0.0172726487606875 0.0214945905280504 0.0131090233777584 0.0119875329657157 0.020631318341242 0 0.00191164382252299 0
"ожидать" 0.0293183483997068 0 0 0.00716486350935015 0.0174786978370111 0.00299688324142891 0 0 0.00764657529009195 0
"определения" 0 0.00562619556655789 0 0 0.0218483722962639 0.00299688324142891 0 0.0117175599353191 0.00382328764504597 0.0195924764890282
"основания" 0.00977278279990227 0.0225047822662316 0 0.0143297270187003 0 0.00299688324142891 0.010315659170621 0.00234351198706381 0.00955821911261494 0
"оставить" 0 0.00562619556655789 0.00863632438034373 0.00716486350935015 0.00436967445925279 0 0 0.00937404794825526 0.0133815067576609 0.00979623824451411
"отечества" 0.00977278279990227 0.00562619556655789 0.00863632438034373 0.0429891810561009 0.00873934891850557 0.00299688324142891 0.010315659170621 0.00468702397412763 0 0
"охотно" 0.0146591741998534 0 0.00863632438034373 0.00716486350935015 0.00873934891850557 0.00299688324142891 0.010315659170621 0.00703053596119144 0.00573493146756896 0.00979623824451411
"писания" 0 0 0.0172726487606875 0.0214945905280504 0 0.00599376648285783 0 0.00468702397412763 0.0133815067576609 0
"платить" 0.00977278279990227 0 0 0 0 0 0 0.0164045839094467 0.0133815067576609 0
"племенной" 0.0635230881993648 0.00562619556655789 0 0 0.00436967445925279 0 0 0.00234351198706381 0 0
"плоды" 0 0.0112523911331158 0.0518179462820624 0.00716486350935015 0 0.00299688324142891 0.010315659170621 0.00703053596119144 0.00382328764504597 0
"податей" 0.0293183483997068 0.0112523911331158 0 0 0 0 0 0.00937404794825526 0.00764657529009195 0
"подробно" 0.00977278279990227 0.0112523911331158 0 0 0.0174786978370111 0.00299688324142891 0.010315659170621 0.0117175599353191 0.00191164382252299 0
"пожалуй" 0.034204739799658 0 0 0 0 0.0239750659314313 0 0 0 0.00979623824451411
"показал" 0 0 0.0172726487606875 0 0.00436967445925279 0.00299688324142891 0 0.00468702397412763 0.0191164382252299 0
"пользовались" 0.00977278279990227 0.00562619556655789 0.00863632438034373 0 0 0 0 0.0117175599353191 0.0133815067576609 0
"пользуется" 0.0146591741998534 0 0 0 0 0.00899064972428674 0 0.0117175599353191 0.00955821911261494 0
"понимали" 0 0.0225047822662316 0.0172726487606875 0.00716486350935015 0 0 0 0.00937404794825526 0.00955821911261494 0
"потребовал" 0 0 0.00863632438034373 0 0 0 0 0.00937404794825526 0.0191164382252299 0.00979623824451411
"почву" 0.00977278279990227 0.0225047822662316 0 0 0.00873934891850557 0.0119875329657157 0 0.00234351198706381 0.00573493146756896 0
"правителей" 0.00488639139995114 0.0675143467986947 0 0.00716486350935015 0.00436967445925279 0 0 0 0.00191164382252299 0
"предмет" 0.00977278279990227 0 0 0.0143297270187003 0.0174786978370111 0.00899064972428674 0.010315659170621 0 0.00191164382252299 0.0293887147335423
"преимуществу" 0.0195455655998045 0.00562619556655789 0 0.0143297270187003 0.00436967445925279 0.00299688324142891 0.020631318341242 0.00937404794825526 0.00191164382252299 0
"преступления" 0.00977278279990227 0.00562619556655789 0.00863632438034373 0 0.00436967445925279 0 0 0.0117175599353191 0.0114698629351379 0
"привести" 0.00977278279990227 0.00562619556655789 0.0172726487606875 0 0.00436967445925279 0.0119875329657157 0 0.00703053596119144 0.00573493146756896 0
"принимали" 0 0.0168785866996737 0 0.00716486350935015 0.00436967445925279 0.00299688324142891 0 0.00234351198706381 0.0152931505801839 0.00979623824451411
"происхождения" 0.00488639139995114 0.0225047822662316 0 0 0.00436967445925279 0.00299688324142891 0 0.0187480958965105 0.00191164382252299 0
"противоположность" 0 0.0168785866996737 0 0 0.0131090233777584 0.00899064972428674 0 0.0164045839094467 0 0
"проходит" 0 0.0168785866996737 0.00863632438034373 0.0143297270187003 0 0.0209781826900024 0.020631318341242 0.00234351198706381 0 0
"рабов" 0 0.00562619556655789 0 0 0.00873934891850557 0 0 0.0281221438447658 0 0.00979623824451411
"развитием" 0 0.0112523911331158 0.00863632438034373 0.0358243175467507 0.00873934891850557 0.00599376648285783 0 0.00703053596119144 0 0.00979623824451411
"различных" 0 0.0281309778327895 0 0.0143297270187003 0.0174786978370111 0 0 0.00468702397412763 0.00573493146756896 0
"разум" 0 0 0.0172726487606875 0.050154044565451 0 0 0.020631318341242 0 0 0.0489811912225705
"реформа" 0 0.0225047822662316 0 0 0.0305877212147695 0 0.010315659170621 0.00234351198706381 0.00573493146756896 0
"риме" 0 0 0 0.00716486350935015 0 0 0 0.00234351198706381 0.0248513696927988 0.00979623824451411
"саксонский" 0 0 0 0 0 0.00299688324142891 0 0.00234351198706381 0.0267630135153218 0
"свобода" 0.0195455655998045 0 0.0431816219017186 0.00716486350935015 0.00873934891850557 0 0 0.00468702397412763 0.00382328764504597 0
"сделали" 0 0.0112523911331158 0.00863632438034373 0.0143297270187003 0.0131090233777584 0.00899064972428674 0.010315659170621 0.00468702397412763 0.00191164382252299 0.00979623824451411
"сделаться" 0.00488639139995114 0.0168785866996737 0.00863632438034373 0.00716486350935015 0.00873934891850557 0 0.020631318341242 0.00937404794825526 0.00191164382252299 0.00979623824451411
"силою" 0.00977278279990227 0 0.0172726487606875 0.0214945905280504 0.00873934891850557 0.00599376648285783 0 0.00468702397412763 0.00573493146756896 0
"служит" 0.0146591741998534 0.0112523911331158 0 0.00716486350935015 0.0262180467555167 0.00299688324142891 0.010315659170621 0.00468702397412763 0 0
"совершенное" 0.00488639139995114 0.0112523911331158 0.00863632438034373 0 0.0174786978370111 0.00899064972428674 0 0.00234351198706381 0.00382328764504597 0.0195924764890282
"согласие" 0.00488639139995114 0 0.00863632438034373 0.0286594540374006 0.00436967445925279 0.00299688324142891 0 0.0140610719223829 0.00382328764504597 0
"спор" 0.0146591741998534 0.00562619556655789 0 0 0.0131090233777584 0.00299688324142891 0 0.0140610719223829 0.00382328764504597 0
"странно" 0.0146591741998534 0.0112523911331158 0 0.00716486350935015 0.00873934891850557 0.0179812994485735 0 0.00234351198706381 0.00191164382252299 0
"судьба" 0 0.0112523911331158 0.00863632438034373 0.00716486350935015 0 0 0.010315659170621 0.00703053596119144 0.0133815067576609 0.00979623824451411
"существовать" 0 0.0168785866996737 0.00863632438034373 0.0143297270187003 0.00873934891850557 0.00599376648285783 0 0.00468702397412763 0.00382328764504597 0.0195924764890282
"сцену" 0 0.0225047822662316 0 0 0.00873934891850557 0.0209781826900024 0 0.00468702397412763 0.00191164382252299 0
"убит" 0 0 0 0 0 0 0 0.0187480958965105 0.0152931505801839 0
"уважение" 0 0 0 0.0214945905280504 0.00436967445925279 0.00299688324142891 0 0.00703053596119144 0.0133815067576609 0.00979623824451411
"умом" 0 0 0 0.0143297270187003 0 0 0.020631318341242 0.00468702397412763 0.0172047944027069 0.00979623824451411
"фердинанда" 0 0 0 0 0 0 0 0.0187480958965105 0.0152931505801839 0
"французов" 0 0 0 0 0.00436967445925279 0.00299688324142891 0 0.0187480958965105 0.00955821911261494 0.00979623824451411
"х" 0 0 0 0 0.00436967445925279 0 0 0.0164045839094467 0.0152931505801839 0
"царства" 0.0146591741998534 0 0.0690905950427498 0 0 0.00299688324142891 0.020631318341242 0.00234351198706381 0.00191164382252299 0
"царствования" 0 0.00562619556655789 0.00863632438034373 0 0 0 0 0.00703053596119144 0.0210280820477529 0
"целей" 0.00488639139995114 0.00562619556655789 0 0.00716486350935015 0.0131090233777584 0.00299688324142891 0 0.00937404794825526 0.00955821911261494 0
"чинов" 0 0.00562619556655789 0.0172726487606875 0 0 0 0 0.00703053596119144 0.0191164382252299 0
"швеции" 0 0 0 0 0 0 0 0.00234351198706381 0.0286746573378448 0
"шел" 0 0 0 0 0 0.00899064972428674 0 0.0187480958965105 0.00764657529009195 0.00979623824451411
"аристократия" 0 0.0112523911331158 0.00863632438034373 0 0.00436967445925279 0.00899064972428674 0 0.0164045839094467 0.00191164382252299 0
"большого" 0 0 0 0 0 0.00599376648285783 0 0.0117175599353191 0.0152931505801839 0
"будущем" 0.00977278279990227 0.0112523911331158 0 0.00716486350935015 0.00436967445925279 0.00899064972428674 0.051578295853105 0 0.00191164382252299 0
"важных" 0 0 0.00863632438034373 0.00716486350935015 0.00436967445925279 0.00599376648285783 0.020631318341242 0.0164045839094467 0.00191164382252299 0
"вел" 0 0.00562619556655789 0 0 0 0.00299688324142891 0 0.00937404794825526 0.0172047944027069 0
"верности" 0.00977278279990227 0 0 0 0 0.0149844162071446 0.010315659170621 0.00937404794825526 0.00573493146756896 0
"видит" 0 0 0 0.00716486350935015 0.0349573956740223 0.00299688324142891 0 0.00234351198706381 0 0.0391849529780564
"внешнего" 0.00488639139995114 0.0168785866996737 0 0.00716486350935015 0.00436967445925279 0.00899064972428674 0.010315659170621 0 0 0.0489811912225705
"внешние" 0.00488639139995114 0.0112523911331158 0 0.0143297270187003 0 0 0 0.00937404794825526 0.00955821911261494 0.00979623824451411
"воспользоваться" 0.00977278279990227 0.00562619556655789 0.0172726487606875 0 0.0131090233777584 0 0 0.00468702397412763 0.00764657529009195 0.00979623824451411
"враждебных" 0.0146591741998534 0.0168785866996737 0 0.00716486350935015 0 0 0 0.00703053596119144 0.00955821911261494 0
"всякую" 0.00977278279990227 0.0112523911331158 0 0 0.0131090233777584 0.0149844162071446 0 0 0.00573493146756896 0
"вышла" 0 0.0112523911331158 0 0 0.00436967445925279 0.00599376648285783 0.020631318341242 0.00703053596119144 0.00764657529009195 0.00979623824451411
"гиз" 0 0 0 0 0 0 0 0 0.0286746573378448 0
"главными" 0.00488639139995114 0.0225047822662316 0 0.00716486350935015 0.00436967445925279 0 0.010315659170621 0.00234351198706381 0.0114698629351379 0
"государей" 0 0.00562619556655789 0.0172726487606875 0 0 0 0 0.0140610719223829 0.0114698629351379 0
"государственный" 0.0195455655998045 0.0281309778327895 0 0 0.00436967445925279 0 0 0.00234351198706381 0.00764657529009195 0
"готовы" 0.0244319569997557 0 0 0 0.00436967445925279 0 0 0.00468702397412763 0.00764657529009195 0.0293887147335423
"граждан" 0.00488639139995114 0 0 0.00716486350935015 0 0 0 0.0117175599353191 0.0152931505801839 0
"графа" 0.00488639139995114 0 0 0 0 0.0119875329657157 0.072209614194347 0.00234351198706381 0.00382328764504597 0
"двора" 0 0 0.00863632438034373 0 0 0 0 0.0140610719223829 0.0152931505801839 0
"делами" 0 0 0.0172726487606875 0 0.00436967445925279 0.00599376648285783 0 0.0187480958965105 0.00382328764504597 0
"делу" 0.0146591741998534 0 0.0431816219017186 0 0 0.00299688324142891 0 0 0.00955821911261494 0.00979623824451411
"деньгами" 0.00488639139995114 0 0.00863632438034373 0 0 0.00899064972428674 0 0.00937404794825526 0.0114698629351379 0
"дней" 0.00488639139995114 0 0.00863632438034373 0.00716486350935015 0.00436967445925279 0 0 0.0117175599353191 0.0114698629351379 0
"дом" 0.00977278279990227 0 0.00863632438034373 0.00716486350935015 0.0218483722962639 0 0 0.00468702397412763 0.00764657529009195 0
"достигнуть" 0 0 0 0.0214945905280504 0.00436967445925279 0 0.010315659170621 0.0164045839094467 0.00382328764504597 0.00979623824451411
"душу" 0.00977278279990227 0 0 0.0214945905280504 0.00436967445925279 0.00299688324142891 0.020631318341242 0 0 0.0587774294670846
"европейского" 0.0195455655998045 0 0 0.0573189080748012 0 0.00299688324142891 0 0.00468702397412763 0 0
"екатерины" 0 0.0112523911331158 0 0 0.00873934891850557 0 0.030946977511863 0.00234351198706381 0.0133815067576609 0
"епископы" 0 0 0 0 0 0 0 0.0117175599353191 0.0191164382252299 0
"женщин" 0.00977278279990227 0.00562619556655789 0 0.0143297270187003 0 0.00599376648285783 0.020631318341242 0.00703053596119144 0.00573493146756896 0
"живописи" 0 0 0 0 0 0.0419563653800048 0 0 0 0.00979623824451411
"журналы" 0.00977278279990227 0 0 0 0.0262180467555167 0.00899064972428674 0.030946977511863 0.00234351198706381 0 0
"закону" 0.0195455655998045 0.0168785866996737 0.0172726487606875 0.0143297270187003 0.00436967445925279 0 0 0.00234351198706381 0.00191164382252299 0.00979623824451411
"заметно" 0 0.00562619556655789 0 0.0143297270187003 0 0.00599376648285783 0.020631318341242 0.00937404794825526 0.00573493146756896 0.00979623824451411
"запад" 0 0.00562619556655789 0.0259089731410312 0.0358243175467507 0.0174786978370111 0 0 0.00468702397412763 0 0
"зачем" 0.0146591741998534 0 0 0 0.0174786978370111 0.0119875329657157 0 0 0.00573493146756896 0.00979623824451411
"землях" 0 0.0112523911331158 0.00863632438034373 0.00716486350935015 0 0 0 0.00703053596119144 0.0152931505801839 0
"значительно" 0.00977278279990227 0 0 0.00716486350935015 0.00873934891850557 0 0 0.00703053596119144 0.0133815067576609 0
"известна" 0 0.00562619556655789 0 0.00716486350935015 0 0 0 0.0117175599353191 0.0152931505801839 0
"исключением" 0.00488639139995114 0.00562619556655789 0.00863632438034373 0.0143297270187003 0.00436967445925279 0 0 0.0117175599353191 0.00573493146756896 0.00979623824451411
"испанию" 0 0 0 0 0 0.00299688324142891 0 0.00937404794825526 0.0191164382252299 0
"испания" 0 0 0 0 0 0 0 0.00937404794825526 0.0210280820477529 0
"исполнение" 0.00488639139995114 0 0 0 0 0.0209781826900024 0 0.00234351198706381 0.0114698629351379 0
"какими" 0.00977278279990227 0.0112523911331158 0 0.0143297270187003 0.00873934891850557 0.00299688324142891 0.010315659170621 0.00937404794825526 0.00191164382252299 0
"карамзин" 0 0 0 0 0.0524360935110334 0 0.010315659170621 0.00468702397412763 0 0
"католических" 0 0 0 0 0 0 0 0.00234351198706381 0.0267630135153218 0
"класса" 0.00977278279990227 0 0 0.0143297270187003 0.00436967445925279 0.0119875329657157 0 0.0117175599353191 0.00191164382252299 0
"ключ" 0.00488639139995114 0.00562619556655789 0 0 0.0174786978370111 0 0 0.00937404794825526 0.00573493146756896 0.0195924764890282
"княжества" 0 0.0393833689659053 0.0172726487606875 0.0143297270187003 0 0 0 0.00468702397412763 0.00382328764504597 0
"королевство" 0 0 0 0 0 0 0 0.0117175599353191 0.0191164382252299 0
"критики" 0.00488639139995114 0.0112523911331158 0.00863632438034373 0 0.0131090233777584 0.00599376648285783 0.030946977511863 0.00468702397412763 0 0.00979623824451411
"логической" 0.0146591741998534 0 0 0.050154044565451 0 0 0 0 0.00764657529009195 0.00979623824451411
"мер" 0.0146591741998534 0 0 0 0.00873934891850557 0.00299688324142891 0 0.00468702397412763 0.0133815067576609 0
"милан" 0 0 0 0 0 0 0 0.0234351198706381 0.00955821911261494 0
"могущества" 0.00977278279990227 0 0 0 0 0.00299688324142891 0 0.0140610719223829 0.0114698629351379 0
"молодости" 0 0 0.00863632438034373 0 0 0.0119875329657157 0 0.00703053596119144 0.0133815067576609 0
"монастырей" 0 0 0 0.0214945905280504 0 0 0.020631318341242 0.0164045839094467 0.00573493146756896 0
"надежд" 0.00488639139995114 0 0.00863632438034373 0.00716486350935015 0 0.00299688324142891 0 0.00703053596119144 0.0133815067576609 0.00979623824451411
"называется" 0.0244319569997557 0.00562619556655789 0 0 0.00873934891850557 0.0179812994485735 0.010315659170621 0 0 0
"напрасно" 0 0.0112523911331158 0.0172726487606875 0 0.00436967445925279 0.0149844162071446 0.010315659170621 0.00468702397412763 0.00382328764504597 0
"насколько" 0 0 0 0 0.00873934891850557 0.00899064972428674 0 0.0117175599353191 0.00764657529009195 0.00979623824451411
"началось" 0.00488639139995114 0 0.00863632438034373 0.00716486350935015 0 0.00599376648285783 0 0.00703053596119144 0.0133815067576609 0
"немецкие" 0 0 0.0259089731410312 0 0 0 0 0.0117175599353191 0.0133815067576609 0
"немногие" 0 0.00562619556655789 0.0172726487606875 0.0143297270187003 0.00436967445925279 0 0 0.00937404794825526 0.00955821911261494 0
"непосредственно" 0.0146591741998534 0.0168785866996737 0 0.00716486350935015 0.00436967445925279 0.00599376648285783 0 0.0117175599353191 0 0
"нередко" 0.00977278279990227 0.00562619556655789 0.0259089731410312 0.0143297270187003 0.00436967445925279 0 0 0.00468702397412763 0.00764657529009195 0
"несомненно" 0.0244319569997557 0.0112523911331158 0.00863632438034373 0 0.00436967445925279 0.0119875329657157 0 0 0.00382328764504597 0
"неужели" 0.00488639139995114 0 0 0 0.0524360935110334 0 0 0 0 0.0195924764890282
"нидерландских" 0 0 0 0 0 0 0 0 0.0286746573378448 0
"нравственные" 0.0146591741998534 0 0.00863632438034373 0.0286594540374006 0 0.00299688324142891 0 0.00703053596119144 0.00573493146756896 0
"обнаружились" 0 0.0112523911331158 0 0 0 0 0 0.0117175599353191 0.0152931505801839 0
"обычаев" 0 0.0225047822662316 0.0345452975213749 0.00716486350935015 0.00873934891850557 0 0 0.00937404794825526 0 0
"обычаи" 0 0.0112523911331158 0.0518179462820624 0.0143297270187003 0.00873934891850557 0 0 0.00703053596119144 0 0
"отдал" 0 0.0168785866996737 0.00863632438034373 0 0 0.00899064972428674 0 0.00468702397412763 0.0114698629351379 0
"отдельно" 0 0 0 0.0214945905280504 0 0.00899064972428674 0.051578295853105 0.00234351198706381 0.00191164382252299 0.0195924764890282
"отрицание" 0.034204739799658 0.0168785866996737 0 0 0.0131090233777584 0 0 0.00234351198706381 0 0.00979623824451411
"оттенок" 0 0.0168785866996737 0 0 0.00873934891850557 0.0299688324142891 0 0 0 0
"отцов" 0.00488639139995114 0.00562619556655789 0 0.0429891810561009 0 0.00599376648285783 0.010315659170621 0.00468702397412763 0.00382328764504597 0
"перейти" 0.0146591741998534 0.00562619556655789 0.00863632438034373 0 0.00436967445925279 0.00599376648285783 0 0.00468702397412763 0.00573493146756896 0.0195924764890282
"перемены" 0 0.0112523911331158 0.00863632438034373 0 0 0.00299688324142891 0 0.0187480958965105 0.00573493146756896 0
"подвиги" 0.00488639139995114 0 0.0172726487606875 0 0.0218483722962639 0 0 0.00937404794825526 0.00573493146756896 0
"поздно" 0 0.0337571733993474 0 0.00716486350935015 0.00436967445925279 0 0.010315659170621 0.00234351198706381 0.00955821911261494 0
"половины" 0 0.0112523911331158 0 0.0214945905280504 0.00873934891850557 0 0 0.00703053596119144 0.00955821911261494 0
"положено" 0 0.0112523911331158 0 0 0 0 0.010315659170621 0.00703053596119144 0.0172047944027069 0
"пользуясь" 0.0146591741998534 0 0.00863632438034373 0 0.00436967445925279 0 0 0.0117175599353191 0.00955821911261494 0
"пользы" 0 0.0168785866996737 0 0.0143297270187003 0.0218483722962639 0.00299688324142891 0 0.00468702397412763 0.00382328764504597 0
"пора" 0.00977278279990227 0.00562619556655789 0 0 0.0349573956740223 0 0 0.00468702397412763 0.00382328764504597 0
"потеряли" 0 0.0281309778327895 0 0 0 0.00299688324142891 0 0.00937404794825526 0.00955821911261494 0
"представители" 0.00977278279990227 0 0 0 0 0.00299688324142891 0 0.0187480958965105 0.00573493146756896 0.00979623824451411
"примирение" 0.00488639139995114 0.00562619556655789 0 0 0.0131090233777584 0.00299688324142891 0 0.00234351198706381 0.00955821911261494 0.0293887147335423
"принимал" 0 0.00562619556655789 0 0 0.00873934891850557 0 0 0.00937404794825526 0.0152931505801839 0
"принужден" 0 0 0 0.00716486350935015 0 0.00599376648285783 0 0.00937404794825526 0.0152931505801839 0
"причин" 0.0146591741998534 0 0.00863632438034373 0.00716486350935015 0.00873934891850557 0.00299688324142891 0 0.00937404794825526 0.00191164382252299 0.0195924764890282
"пришли" 0.0195455655998045 0.00562619556655789 0.00863632438034373 0 0.00436967445925279 0.00299688324142891 0 0.0117175599353191 0.00382328764504597 0
"провинции" 0 0 0 0 0 0.00299688324142891 0 0 0.0267630135153218 0
"произвести" 0.00977278279990227 0.00562619556655789 0.0172726487606875 0.0286594540374006 0.00436967445925279 0.00599376648285783 0 0.00234351198706381 0.00191164382252299 0.00979623824451411
"просвещение" 0.0195455655998045 0 0 0.0573189080748012 0.00436967445925279 0 0.020631318341242 0 0 0
"прошло" 0.00977278279990227 0.0225047822662316 0.00863632438034373 0.00716486350935015 0.00436967445925279 0.00299688324142891 0 0.00234351198706381 0.00382328764504597 0.0195924764890282
"пьесы" 0 0 0 0 0 0.0419563653800048 0 0 0.00191164382252299 0
"развитию" 0.00488639139995114 0.0112523911331158 0 0.0214945905280504 0.0218483722962639 0.00599376648285783 0 0 0.00382328764504597 0
"раздвоение" 0.00488639139995114 0 0 0.0859783621122018 0.00436967445925279 0 0 0 0.00191164382252299 0
"распри" 0 0.0168785866996737 0 0 0 0 0 0.0210916078835743 0.00382328764504597 0.00979623824451411
"результат" 0.00488639139995114 0 0 0.0286594540374006 0.00436967445925279 0 0 0.00468702397412763 0.00573493146756896 0.0391849529780564
"речи" 0.0244319569997557 0.00562619556655789 0 0 0 0.0149844162071446 0 0.00234351198706381 0.00191164382252299 0.0195924764890282
"римская" 0.00488639139995114 0 0 0.0644837715841513 0 0 0 0.00703053596119144 0 0.0195924764890282
"романтики" 0 0 0 0 0 0 0.061893955023726 0 0 0.088166144200627
"света" 0.0244319569997557 0 0 0 0 0.0149844162071446 0 0.00703053596119144 0 0.0195924764890282
"святого" 0 0 0.0259089731410312 0.00716486350935015 0.00436967445925279 0.00299688324142891 0 0.00937404794825526 0.00955821911261494 0
"сильные" 0 0.0112523911331158 0 0 0 0.00899064972428674 0 0.00703053596119144 0.0114698629351379 0.00979623824451411
"словам" 0.00488639139995114 0 0.0345452975213749 0.00716486350935015 0.0305877212147695 0.00299688324142891 0 0.00234351198706381 0 0
"собрание" 0.00488639139995114 0.00562619556655789 0.00863632438034373 0.0143297270187003 0 0.00599376648285783 0.020631318341242 0.00703053596119144 0.00573493146756896 0
"собственными" 0.00977278279990227 0.00562619556655789 0 0.00716486350935015 0.00436967445925279 0.0179812994485735 0 0.00234351198706381 0.00573493146756896 0
"собственных" 0 0 0.00863632438034373 0.00716486350935015 0.00436967445925279 0.0119875329657157 0 0.0117175599353191 0.00573493146756896 0
"состояла" 0.00488639139995114 0.00562619556655789 0.00863632438034373 0.0143297270187003 0 0.00299688324142891 0 0.00234351198706381 0.0152931505801839 0
"сочувствие" 0.0146591741998534 0 0 0.00716486350935015 0.0174786978370111 0.00899064972428674 0 0.00234351198706381 0.00573493146756896 0
"стоят" 0.00977278279990227 0 0 0 0.00873934891850557 0.00599376648285783 0 0.0117175599353191 0.00191164382252299 0.0293887147335423
"стремлений" 0 0.00562619556655789 0.00863632438034373 0.0358243175467507 0.00873934891850557 0.00599376648285783 0 0.00234351198706381 0.00382328764504597 0.00979623824451411
"суду" 0.00488639139995114 0 0 0 0 0 0 0.00937404794825526 0.0191164382252299 0
"теория" 0 0.0225047822662316 0 0 0.0131090233777584 0.00299688324142891 0 0.00937404794825526 0.00382328764504597 0.00979623824451411
"турок" 0.00488639139995114 0 0.0172726487606875 0 0 0 0 0.00937404794825526 0.0152931505801839 0
"умственного" 0.0146591741998534 0.00562619556655789 0.00863632438034373 0.0573189080748012 0 0 0 0.00468702397412763 0 0
"успел" 0.00488639139995114 0 0 0 0 0.00599376648285783 0 0.0164045839094467 0.00955821911261494 0
"учением" 0.00488639139995114 0 0 0.00716486350935015 0.00436967445925279 0 0 0.00234351198706381 0.0210280820477529 0
"учреждений" 0.00977278279990227 0 0 0 0.00436967445925279 0 0 0.0210916078835743 0.00382328764504597 0.00979623824451411
"февраля" 0.0146591741998534 0.00562619556655789 0 0 0 0 0 0.00234351198706381 0.0191164382252299 0
"хотела" 0 0.00562619556655789 0.0172726487606875 0 0 0.00299688324142891 0 0 0.0210280820477529 0
"художник" 0 0 0 0 0.0218483722962639 0.0299688324142891 0 0 0 0
"цезарь" 0 0 0 0 0 0 0 0.0328091678188934 0 0.00979623824451411
"цельность" 0 0 0 0.0931432256215519 0.00873934891850557 0 0 0 0 0
"числа" 0.00488639139995114 0.00562619556655789 0 0.00716486350935015 0.00436967445925279 0 0.010315659170621 0.0140610719223829 0.00764657529009195 0
"эдуарда" 0 0 0 0 0 0.00299688324142891 0.010315659170621 0.0281221438447658 0.00191164382252299 0
"юноши" 0 0 0 0 0 0 0 0.0187480958965105 0.0114698629351379 0.00979623824451411
"явилась" 0 0 0.0172726487606875 0 0 0.00899064972428674 0.010315659170621 0.0117175599353191 0.00382328764504597 0.0195924764890282
"аристократии" 0 0.00562619556655789 0.0172726487606875 0 0 0 0 0.0117175599353191 0.0114698629351379 0
"армия" 0 0 0 0 0 0 0 0.00468702397412763 0.0229397258702758 0
"берега" 0 0 0.0345452975213749 0 0 0.00599376648285783 0 0.00937404794825526 0.00382328764504597 0.0195924764890282
"большие" 0 0 0 0.00716486350935015 0.00436967445925279 0 0.010315659170621 0.00234351198706381 0.0191164382252299 0
"борджиа" 0 0 0 0 0 0 0 0.0328091678188934 0 0
"борьбу" 0 0.00562619556655789 0.00863632438034373 0 0.0131090233777584 0.00299688324142891 0 0.00703053596119144 0.00573493146756896 0.0195924764890282
"важнее" 0 0.00562619556655789 0 0.0143297270187003 0.0131090233777584 0 0 0.00937404794825526 0.00764657529009195 0
"видимо" 0 0 0.0172726487606875 0.00716486350935015 0 0.0299688324142891 0 0.00234351198706381 0 0
"возвратиться" 0.00488639139995114 0 0 0.0286594540374006 0 0 0 0.00937404794825526 0.00955821911261494 0
"возможно" 0.00488639139995114 0.00562619556655789 0.00863632438034373 0.0286594540374006 0.00873934891850557 0.00299688324142891 0.010315659170621 0.00703053596119144 0 0
"возникла" 0.00488639139995114 0.00562619556655789 0.00863632438034373 0.00716486350935015 0.00873934891850557 0 0 0.0140610719223829 0.00382328764504597 0
"войсками" 0 0 0.00863632438034373 0 0 0 0 0.00468702397412763 0.0210280820477529 0
"восстановить" 0 0 0 0 0 0.00599376648285783 0 0.00468702397412763 0.0191164382252299 0
"всюду" 0.0293183483997068 0.0168785866996737 0 0 0.00436967445925279 0.00899064972428674 0 0.00234351198706381 0 0
"высоко" 0 0.00562619556655789 0 0.0143297270187003 0.0131090233777584 0.00599376648285783 0.010315659170621 0.00468702397412763 0.00382328764504597 0.00979623824451411
"газеты" 0.0439775225995602 0 0 0 0 0.00899064972428674 0.010315659170621 0 0 0.00979623824451411
"германского" 0 0.0112523911331158 0 0 0.0218483722962639 0 0.010315659170621 0.00703053596119144 0.00191164382252299 0.0195924764890282
"германцы" 0 0.0112523911331158 0 0 0.0262180467555167 0.00299688324142891 0 0.00703053596119144 0 0.0195924764890282
"главный" 0.0195455655998045 0 0 0.0143297270187003 0 0.00899064972428674 0 0.00468702397412763 0.00191164382252299 0.0195924764890282
"главою" 0 0.0168785866996737 0 0 0 0 0 0.00468702397412763 0.0172047944027069 0
"глаз" 0 0 0 0 0 0.0269719491728602 0 0.00468702397412763 0.00191164382252299 0.0195924764890282
"глаза" 0.0146591741998534 0 0.00863632438034373 0.0143297270187003 0 0.0119875329657157 0 0 0.00382328764504597 0.0195924764890282
"годов" 0.00488639139995114 0 0 0 0.00436967445925279 0.0119875329657157 0.030946977511863 0 0.00764657529009195 0.00979623824451411
"государственные" 0 0.00562619556655789 0 0.00716486350935015 0.00436967445925279 0 0 0.00937404794825526 0.0133815067576609 0
"движении" 0.00977278279990227 0 0.00863632438034373 0.00716486350935015 0 0.0119875329657157 0 0.00703053596119144 0.00382328764504597 0.00979623824451411
"действий" 0.0244319569997557 0.00562619556655789 0.00863632438034373 0.00716486350935015 0 0 0 0.00468702397412763 0.00764657529009195 0
"действительность" 0 0.00562619556655789 0 0 0.0349573956740223 0.00599376648285783 0.010315659170621 0 0 0.0195924764890282
"действиях" 0 0.0168785866996737 0 0 0 0.0209781826900024 0 0.00468702397412763 0.00382328764504597 0
"дороге" 0 0.00562619556655789 0 0 0 0.00299688324142891 0.041262636682484 0.00937404794825526 0.00764657529009195 0
"доходы" 0 0.0168785866996737 0 0 0 0 0 0.00703053596119144 0.0152931505801839 0
"думаем" 0.0195455655998045 0.00562619556655789 0 0 0.0262180467555167 0 0.030946977511863 0 0 0
"думает" 0.00488639139995114 0.00562619556655789 0 0.00716486350935015 0.0218483722962639 0.00299688324142891 0.020631318341242 0.00234351198706381 0.00191164382252299 0.00979623824451411
"думают" 0.00977278279990227 0.0112523911331158 0 0.00716486350935015 0.00436967445925279 0.00599376648285783 0.030946977511863 0 0.00191164382252299 0.0195924764890282
"епископов" 0 0 0 0 0 0.00299688324142891 0 0.00937404794825526 0.0172047944027069 0
"живого" 0 0.00562619556655789 0.00863632438034373 0.0214945905280504 0.00436967445925279 0.00899064972428674 0.010315659170621 0.00468702397412763 0 0.0195924764890282
"живопись" 0 0 0 0 0.00436967445925279 0.0299688324142891 0 0 0 0.0293887147335423
"журнал" 0.00977278279990227 0 0 0 0.0349573956740223 0.00599376648285783 0.020631318341242 0 0 0
"забывать" 0.00488639139995114 0.0225047822662316 0.00863632438034373 0.00716486350935015 0.00873934891850557 0 0 0.00234351198706381 0.00573493146756896 0.00979623824451411
"заменить" 0.0146591741998534 0.0112523911331158 0 0 0.0174786978370111 0.00299688324142891 0 0.00703053596119144 0.00191164382252299 0
"занял" 0 0 0 0 0 0.00299688324142891 0 0.00468702397412763 0.0210280820477529 0
"знаменитых" 0 0 0 0.00716486350935015 0 0.00599376648285783 0.020631318341242 0.00937404794825526 0.00955821911261494 0
"значительное" 0.00488639139995114 0 0 0 0 0 0 0.0187480958965105 0.00955821911261494 0
"знают" 0.00488639139995114 0.0112523911331158 0.00863632438034373 0 0.00436967445925279 0.00299688324142891 0.020631318341242 0 0 0.0587774294670846
"ига" 0.0146591741998534 0.0281309778327895 0.0172726487606875 0 0 0 0 0.00468702397412763 0.00382328764504597 0
"иезуиты" 0 0 0 0 0.00436967445925279 0 0.010315659170621 0 0.0229397258702758 0
"известен" 0.00488639139995114 0 0.00863632438034373 0.00716486350935015 0 0.00599376648285783 0.010315659170621 0.00703053596119144 0.00955821911261494 0
"изучения" 0 0.0112523911331158 0 0.00716486350935015 0.0131090233777584 0.00599376648285783 0.020631318341242 0.00937404794825526 0 0
"иностранцев" 0.00488639139995114 0.0112523911331158 0.00863632438034373 0 0.00873934891850557 0.00299688324142891 0 0.0117175599353191 0.00382328764504597 0
"искусстве" 0 0 0 0 0 0.0269719491728602 0.010315659170621 0.00937404794825526 0 0
"истинного" 0.00488639139995114 0 0 0.0143297270187003 0 0.00899064972428674 0 0.00234351198706381 0.00191164382252299 0.0587774294670846
"какому" 0.00977278279990227 0.00562619556655789 0.00863632438034373 0 0.0131090233777584 0.00899064972428674 0.010315659170621 0.00468702397412763 0 0.00979623824451411
"кальвин" 0 0 0 0 0 0 0 0 0.0267630135153218 0
"картине" 0 0 0.00863632438034373 0 0.00436967445925279 0.035962598897147 0 0 0 0
"киев" 0 0.0618881512321368 0.00863632438034373 0 0.00873934891850557 0 0 0 0 0
"классов" 0 0.00562619556655789 0 0.0358243175467507 0 0 0 0.0117175599353191 0.00573493146756896 0
"колиньи" 0 0 0 0 0 0 0 0 0.0267630135153218 0
"кончилась" 0 0.00562619556655789 0.0259089731410312 0 0 0 0 0.00468702397412763 0.0152931505801839 0
"которою" 0 0 0.00863632438034373 0 0.0262180467555167 0.0119875329657157 0.020631318341242 0.00234351198706381 0 0
"крайности" 0 0 0 0.00716486350935015 0.0131090233777584 0.00899064972428674 0.020631318341242 0.00234351198706381 0.00764657529009195 0
"красоту" 0 0 0.0172726487606875 0.00716486350935015 0.00436967445925279 0.0119875329657157 0 0.00468702397412763 0.00191164382252299 0.0293887147335423
"кровь" 0.00977278279990227 0.0168785866996737 0.00863632438034373 0 0.00873934891850557 0 0 0.00703053596119144 0.00191164382252299 0.0195924764890282
"круг" 0 0.0112523911331158 0.00863632438034373 0.0358243175467507 0.0174786978370111 0 0.010315659170621 0.00234351198706381 0 0
"легче" 0.0195455655998045 0 0 0.0143297270187003 0.00436967445925279 0.00299688324142891 0 0.00703053596119144 0.00191164382252299 0.0195924764890282
"лицу" 0.00488639139995114 0.0112523911331158 0.00863632438034373 0.00716486350935015 0.00873934891850557 0.00299688324142891 0.010315659170621 0.00703053596119144 0.00191164382252299 0.00979623824451411
"личностей" 0.00488639139995114 0 0 0.00716486350935015 0.0305877212147695 0.00299688324142891 0 0.00468702397412763 0.00191164382252299 0.00979623824451411
"максимилиан" 0 0 0 0 0 0 0 0.0234351198706381 0.00764657529009195 0
"матери" 0.00488639139995114 0 0.00863632438034373 0.00716486350935015 0.00873934891850557 0.0149844162071446 0 0 0.00764657529009195 0
"мать" 0 0 0 0.00716486350935015 0 0.00299688324142891 0 0.00234351198706381 0.0191164382252299 0.00979623824451411
"мелкие" 0.00977278279990227 0 0.0172726487606875 0.00716486350935015 0 0.00299688324142891 0 0.0140610719223829 0.00382328764504597 0
"мелких" 0 0 0 0.00716486350935015 0 0 0 0.0210916078835743 0.00573493146756896 0.00979623824451411
"мимо" 0 0 0 0.00716486350935015 0.00436967445925279 0.0239750659314313 0.010315659170621 0.00234351198706381 0.00382328764504597 0
"наваррский" 0 0 0 0 0 0 0 0.00234351198706381 0.0248513696927988 0
"называли" 0 0 0.0172726487606875 0.00716486350935015 0 0 0 0.00937404794825526 0.0133815067576609 0
"наиболее" 0 0 0 0 0.0174786978370111 0.0119875329657157 0 0.00703053596119144 0.00573493146756896 0
"намерение" 0 0 0 0 0.0174786978370111 0 0 0.00234351198706381 0.0172047944027069 0
"направлении" 0 0 0 0.00716486350935015 0.0174786978370111 0.00299688324142891 0.020631318341242 0.00703053596119144 0.00191164382252299 0.0195924764890282
"народами" 0.00488639139995114 0.0112523911331158 0.0172726487606875 0.00716486350935015 0 0 0 0.0140610719223829 0.00382328764504597 0
"нашу" 0 0.0225047822662316 0.00863632438034373 0.00716486350935015 0.0131090233777584 0.00299688324142891 0.020631318341242 0.00234351198706381 0 0.00979623824451411
"негодования" 0.0195455655998045 0 0 0 0.00436967445925279 0.0119875329657157 0 0.00468702397412763 0.00573493146756896 0
"некоторое" 0.00488639139995114 0 0.00863632438034373 0.0286594540374006 0 0.0179812994485735 0 0 0.00191164382252299 0.00979623824451411
"некто" 0 0 0 0 0 0 0.010315659170621 0.00234351198706381 0.0229397258702758 0
"новом" 0 0.0168785866996737 0.0172726487606875 0 0.00873934891850557 0.00599376648285783 0.020631318341242 0.00234351198706381 0.00191164382252299 0.00979623824451411
"ночь" 0 0 0 0 0 0.0179812994485735 0.010315659170621 0.0117175599353191 0.00382328764504597 0
"обе" 0 0.00562619556655789 0 0 0.00436967445925279 0.0119875329657157 0 0.00234351198706381 0.0114698629351379 0.00979623824451411
"обнаружилось" 0 0.0112523911331158 0 0.00716486350935015 0.00873934891850557 0.00299688324142891 0.020631318341242 0.00468702397412763 0.00573493146756896 0.00979623824451411
"образа" 0 0 0.00863632438034373 0 0.0349573956740223 0.00899064972428674 0 0.00234351198706381 0.00191164382252299 0
"обратились" 0 0.00562619556655789 0.0172726487606875 0.00716486350935015 0.0131090233777584 0.00299688324142891 0 0.00468702397412763 0.00573493146756896 0.00979623824451411
"общем" 0 0.0112523911331158 0.00863632438034373 0.0286594540374006 0 0 0 0.00937404794825526 0.00573493146756896 0
"общественности" 0 0.00562619556655789 0 0.0286594540374006 0.00873934891850557 0.00299688324142891 0 0.0140610719223829 0 0
"общинное" 0 0.0168785866996737 0 0 0.0436967445925279 0 0 0.00234351198706381 0 0
"общинный" 0 0.0450095645324632 0 0 0.0218483722962639 0.00299688324142891 0 0 0 0
"одними" 0.00488639139995114 0.0112523911331158 0 0.00716486350935015 0.00436967445925279 0.00599376648285783 0.010315659170621 0.00234351198706381 0.00764657529009195 0.00979623824451411
"односторонности" 0 0 0 0.0573189080748012 0.0218483722962639 0 0 0.00234351198706381 0 0
"опыт" 0 0 0.00863632438034373 0 0.00873934891850557 0.00299688324142891 0.041262636682484 0.00468702397412763 0 0.0391849529780564
"оставался" 0 0.00562619556655789 0.00863632438034373 0.0143297270187003 0 0 0 0.00234351198706381 0.0172047944027069 0
"осуществить" 0 0.0112523911331158 0.00863632438034373 0.00716486350935015 0.0131090233777584 0 0 0.00937404794825526 0.00573493146756896 0
"отвлеченного" 0.00488639139995114 0.00562619556655789 0 0.0644837715841513 0.00873934891850557 0 0.010315659170621 0 0 0
"падения" 0.00488639139995114 0 0.0172726487606875 0.0143297270187003 0 0.0149844162071446 0.010315659170621 0.00703053596119144 0 0
"памятников" 0 0 0.00863632438034373 0.00716486350935015 0.00873934891850557 0 0.010315659170621 0.0117175599353191 0.00764657529009195 0
"партию" 0.00488639139995114 0 0 0 0 0 0 0.00468702397412763 0.0210280820477529 0
"первую" 0 0.00562619556655789 0 0.00716486350935015 0 0.0119875329657157 0.010315659170621 0.00234351198706381 0.00764657529009195 0.0195924764890282
"писать" 0 0 0 0.0143297270187003 0.00436967445925279 0.0149844162071446 0.061893955023726 0 0 0
"повестей" 0 0 0 0 0.0131090233777584 0.00599376648285783 0.082525273364968 0.00234351198706381 0 0
"повод" 0.00977278279990227 0.00562619556655789 0.00863632438034373 0 0.00436967445925279 0.00599376648285783 0 0.00937404794825526 0.00573493146756896 0
"погиб" 0 0 0 0 0 0 0 0.00468702397412763 0.0229397258702758 0
"подробности" 0 0 0 0 0 0.00299688324142891 0 0.00468702397412763 0.0210280820477529 0
"полной" 0.0146591741998534 0 0 0.0143297270187003 0 0.0119875329657157 0.010315659170621 0.00234351198706381 0.00573493146756896 0
"получила" 0 0.0112523911331158 0 0 0 0 0 0.0140610719223829 0.00955821911261494 0.00979623824451411
"понимает" 0 0.00562619556655789 0 0.00716486350935015 0.0131090233777584 0.0149844162071446 0 0.00234351198706381 0 0.0293887147335423
"понимают" 0 0.00562619556655789 0 0.0143297270187003 0.0174786978370111 0 0 0.00468702397412763 0 0.0489811912225705
"понятиями" 0 0.00562619556655789 0 0.0286594540374006 0.00873934891850557 0.00299688324142891 0 0.00468702397412763 0.00764657529009195 0
"португалии" 0 0 0 0 0 0 0 0.00703053596119144 0.0210280820477529 0
"порядком" 0.0195455655998045 0.00562619556655789 0 0.0143297270187003 0 0.00299688324142891 0 0.0117175599353191 0.00191164382252299 0
"посмотрим" 0.00977278279990227 0 0 0 0 0 0 0.0234351198706381 0.00382328764504597 0
"пределах" 0.0195455655998045 0.00562619556655789 0.00863632438034373 0 0.00873934891850557 0.00299688324142891 0.010315659170621 0.00468702397412763 0.00191164382252299 0.00979623824451411
"предмете" 0 0.00562619556655789 0 0.0143297270187003 0.00873934891850557 0.00899064972428674 0 0.00937404794825526 0.00382328764504597 0
"представитель" 0 0.0112523911331158 0.00863632438034373 0 0.0131090233777584 0.00299688324142891 0 0.00937404794825526 0.00573493146756896 0
"преемник" 0 0.0168785866996737 0 0.00716486350935015 0.00436967445925279 0 0 0.0117175599353191 0.00764657529009195 0
"презрение" 0.00488639139995114 0 0.00863632438034373 0 0 0.0119875329657157 0.010315659170621 0.0117175599353191 0.00382328764504597 0
"презрением" 0.00488639139995114 0.00562619556655789 0 0 0.00873934891850557 0 0.020631318341242 0.0117175599353191 0.00191164382252299 0.0195924764890282
"природа" 0 0.0112523911331158 0 0 0.0131090233777584 0.0119875329657157 0 0 0 0.0489811912225705
"приходится" 0.0439775225995602 0 0.0172726487606875 0 0.00436967445925279 0.00299688324142891 0 0.00234351198706381 0 0
"продолжает" 0.034204739799658 0.00562619556655789 0 0.00716486350935015 0.0174786978370111 0.00299688324142891 0 0 0 0
"проповедники" 0.00488639139995114 0 0.00863632438034373 0 0 0 0.010315659170621 0.00468702397412763 0.0172047944027069 0
"различные" 0.00488639139995114 0.0168785866996737 0 0.00716486350935015 0.0174786978370111 0.00599376648285783 0 0.00468702397412763 0.00191164382252299 0
"решение" 0.00977278279990227 0 0.0172726487606875 0 0 0 0 0.00703053596119144 0.0133815067576609 0
"римские" 0 0.00562619556655789 0 0.0143297270187003 0.00436967445925279 0 0 0.0210916078835743 0 0.00979623824451411
"романтизма" 0 0 0 0 0.00873934891850557 0 0 0 0 0.117554858934169
"русским" 0.0293183483997068 0.0112523911331158 0.0345452975213749 0 0.00436967445925279 0 0 0.00234351198706381 0 0
"ряды" 0 0.0168785866996737 0 0 0.00436967445925279 0 0 0.0117175599353191 0.00764657529009195 0.00979623824451411
"свете" 0.00977278279990227 0 0.00863632438034373 0.0143297270187003 0.00873934891850557 0.0149844162071446 0 0 0.00191164382252299 0.00979623824451411
"святой" 0.00488639139995114 0 0.0172726487606875 0.050154044565451 0.00436967445925279 0 0.010315659170621 0.00234351198706381 0.00191164382252299 0
"северной" 0 0.00562619556655789 0.00863632438034373 0 0 0 0 0.0164045839094467 0.00764657529009195 0.00979623824451411
"сейм" 0 0 0 0 0 0 0 0.00703053596119144 0.0210280820477529 0
"семейного" 0 0.00562619556655789 0.00863632438034373 0.0214945905280504 0.0393270701332751 0 0 0 0 0
"семейства" 0 0 0 0.0286594540374006 0 0.0119875329657157 0 0.00937404794825526 0.00382328764504597 0
"сентября" 0 0 0 0 0 0 0.010315659170621 0.0234351198706381 0.00573493146756896 0
"система" 0.00488639139995114 0.0337571733993474 0.00863632438034373 0.00716486350935015 0.0131090233777584 0 0 0.00468702397412763 0 0
"сказано" 0.0195455655998045 0 0 0 0.00436967445925279 0.00299688324142891 0 0.00468702397412763 0.00955821911261494 0.00979623824451411
"смелые" 0 0 0 0 0 0 0 0.0140610719223829 0.0152931505801839 0
"совершилось" 0 0.0168785866996737 0.00863632438034373 0.0143297270187003 0.0131090233777584 0 0 0.00468702397412763 0.00573493146756896 0
"согласился" 0 0 0.0172726487606875 0 0 0.00899064972428674 0 0.00234351198706381 0.0152931505801839 0
"составляли" 0 0 0 0.00716486350935015 0 0 0 0.0164045839094467 0.0114698629351379 0
"способность" 0.00488639139995114 0 0 0.00716486350935015 0.00873934891850557 0.0239750659314313 0.010315659170621 0 0 0.00979623824451411
"справедливости" 0.00977278279990227 0 0.00863632438034373 0.0214945905280504 0.0131090233777584 0.00899064972428674 0 0 0.00191164382252299 0.00979623824451411
"среднее" 0 0.0112523911331158 0 0 0.00436967445925279 0 0 0.00937404794825526 0.0133815067576609 0
"средние" 0 0 0 0.00716486350935015 0 0 0 0.0164045839094467 0.00955821911261494 0.00979623824451411
"старый" 0 0.00562619556655789 0.0172726487606875 0 0 0.00599376648285783 0.020631318341242 0.00468702397412763 0.00955821911261494 0
"стоять" 0.0146591741998534 0.0168785866996737 0.00863632438034373 0 0 0.00899064972428674 0 0.00468702397412763 0.00382328764504597 0
"страшно" 0 0.00562619556655789 0 0 0 0.00899064972428674 0.030946977511863 0.00703053596119144 0.00382328764504597 0.0195924764890282
"стюарт" 0 0 0 0 0 0.00599376648285783 0 0 0.0229397258702758 0
"суждено" 0.00488639139995114 0.0112523911331158 0.0172726487606875 0 0.00436967445925279 0.00299688324142891 0 0.0140610719223829 0.00191164382252299 0
"сущность" 0.00488639139995114 0 0.0172726487606875 0 0.00873934891850557 0.00899064972428674 0.010315659170621 0.00234351198706381 0.00191164382252299 0.0293887147335423
"талантом" 0 0 0 0 0.00873934891850557 0.00599376648285783 0.030946977511863 0.00703053596119144 0.00764657529009195 0
"требовали" 0 0.00562619556655789 0 0.00716486350935015 0 0.00299688324142891 0 0.0117175599353191 0.0114698629351379 0
"труды" 0.00488639139995114 0 0 0.00716486350935015 0 0.00299688324142891 0 0.0187480958965105 0.00382328764504597 0.00979623824451411
"ты" 0 0 0.00863632438034373 0 0 0.00299688324142891 0.082525273364968 0 0.00382328764504597 0.0195924764890282
"университет" 0 0 0 0 0 0 0 0.0234351198706381 0.00764657529009195 0
"условиях" 0.00488639139995114 0 0.0172726487606875 0.0143297270187003 0 0 0 0.00703053596119144 0.0114698629351379 0
"успели" 0 0.00562619556655789 0 0 0.00436967445925279 0.00599376648285783 0 0.0164045839094467 0.00382328764504597 0.00979623824451411
"успехом" 0 0 0.00863632438034373 0 0 0.00899064972428674 0.020631318341242 0.00468702397412763 0.0114698629351379 0
"фамилий" 0 0 0 0 0 0.00299688324142891 0 0.0164045839094467 0.0114698629351379 0
"феодальные" 0 0.00562619556655789 0 0 0 0 0 0.0304656558318296 0 0
"царю" 0 0.0112523911331158 0.0863632438034373 0 0.00436967445925279 0.00299688324142891 0 0 0 0
"цельности" 0 0 0 0.100308089130902 0 0 0 0 0 0
"четыре" 0 0 0 0 0 0.0179812994485735 0.010315659170621 0.00937404794825526 0.00573493146756896 0
"чувством" 0.00488639139995114 0.00562619556655789 0.00863632438034373 0.00716486350935015 0.0131090233777584 0.00299688324142891 0.010315659170621 0.00468702397412763 0.00382328764504597 0.00979623824451411
"школ" 0.0146591741998534 0 0 0 0.00436967445925279 0.00599376648285783 0 0 0.0114698629351379 0.0195924764890282
"элемент" 0.00977278279990227 0.0168785866996737 0 0.0143297270187003 0 0.0149844162071446 0 0 0.00382328764504597 0
"юго" 0.0244319569997557 0.0281309778327895 0.00863632438034373 0 0 0 0 0.00468702397412763 0.00191164382252299 0
"юноша" 0 0 0 0 0 0 0 0.0187480958965105 0.0114698629351379 0
"der" 0 0 0 0 0 0 0 0.0117175599353191 0.0133815067576609 0.0195924764890282
"en" 0 0 0 0 0.0262180467555167 0.0209781826900024 0 0 0.00191164382252299 0
"france" 0 0 0 0 0.00436967445925279 0.0179812994485735 0 0.00937404794825526 0.00573493146756896 0
"xiii" 0 0 0.0172726487606875 0.00716486350935015 0 0.00299688324142891 0 0.0187480958965105 0.00382328764504597 0
"xix" 0.0244319569997557 0.0112523911331158 0.00863632438034373 0.00716486350935015 0.00436967445925279 0.00599376648285783 0 0 0 0.0195924764890282
"акт" 0.00977278279990227 0 0 0 0.00873934891850557 0.00299688324142891 0 0.00234351198706381 0.0133815067576609 0
"александр" 0 0 0.00863632438034373 0 0 0.00299688324142891 0.030946977511863 0.0140610719223829 0.00382328764504597 0
"александра" 0 0.00562619556655789 0 0 0 0.0119875329657157 0.020631318341242 0.0140610719223829 0 0
"альба" 0 0 0 0 0 0 0 0 0.0248513696927988 0
"араго" 0 0 0 0 0 0.035962598897147 0.010315659170621 0 0 0
"богословов" 0 0 0 0.050154044565451 0 0 0 0.00234351198706381 0.00955821911261494 0
"быте" 0 0.0450095645324632 0 0 0.0218483722962639 0 0 0 0 0
"варфоломеевской" 0 0 0 0 0 0 0 0 0.0248513696927988 0
"варягов" 0 0.0225047822662316 0.0172726487606875 0.00716486350935015 0.0262180467555167 0 0 0 0 0
"веке" 0 0 0.0172726487606875 0.0429891810561009 0.00436967445925279 0.00299688324142891 0 0.00234351198706381 0.00191164382252299 0.00979623824451411
"великом" 0 0.0225047822662316 0.0345452975213749 0 0 0 0 0.00937404794825526 0.00191164382252299 0
"владениях" 0 0.0112523911331158 0 0 0 0 0 0.00937404794825526 0.0133815067576609 0
"внешняя" 0.0146591741998534 0.0112523911331158 0.00863632438034373 0.0143297270187003 0.00436967445925279 0 0 0.00468702397412763 0.00382328764504597 0
"возникли" 0 0 0 0 0 0 0 0.0187480958965105 0.00955821911261494 0
"возражения" 0.00488639139995114 0 0 0 0.0174786978370111 0 0 0.00234351198706381 0.00573493146756896 0.0391849529780564
"воспользовались" 0 0.0168785866996737 0.00863632438034373 0 0 0.00299688324142891 0 0.0140610719223829 0.00382328764504597 0
"восточной" 0 0.00562619556655789 0.0172726487606875 0.0286594540374006 0 0 0 0.00937404794825526 0.00382328764504597 0
"вошел" 0 0 0 0 0 0.00599376648285783 0 0.00234351198706381 0.0172047944027069 0.00979623824451411
"всякая" 0.0146591741998534 0.00562619556655789 0.00863632438034373 0.0143297270187003 0.00873934891850557 0.00899064972428674 0 0.00234351198706381 0 0
"выбор" 0 0.0112523911331158 0.0172726487606875 0.00716486350935015 0.00436967445925279 0 0 0.00468702397412763 0.00955821911261494 0
"выгоды" 0 0.00562619556655789 0.0172726487606875 0 0 0.00299688324142891 0 0.00937404794825526 0.00955821911261494 0
"вышедших" 0 0 0.00863632438034373 0.00716486350935015 0.00436967445925279 0.00299688324142891 0.051578295853105 0.00468702397412763 0.00191164382252299 0.00979623824451411
"генриху" 0 0 0 0 0 0 0 0.00468702397412763 0.0210280820477529 0
"германию" 0.00488639139995114 0.00562619556655789 0 0 0 0 0 0.00703053596119144 0.0152931505801839 0
"глубокой" 0.00488639139995114 0.00562619556655789 0.00863632438034373 0.00716486350935015 0 0.00599376648285783 0 0.00234351198706381 0.00955821911261494 0.00979623824451411
"голова" 0.00488639139995114 0 0.00863632438034373 0.00716486350935015 0 0.00899064972428674 0.020631318341242 0.00234351198706381 0.00382328764504597 0.0195924764890282
"горожане" 0 0 0 0 0 0 0 0.025778631857702 0.00382328764504597 0
"господином" 0 0.0225047822662316 0 0 0.00436967445925279 0.0119875329657157 0 0.00937404794825526 0 0
"государи" 0 0.0168785866996737 0 0 0 0 0 0.00937404794825526 0.0114698629351379 0
"граждане" 0 0 0 0 0 0 0 0.0187480958965105 0.00955821911261494 0
"греции" 0 0 0.0431816219017186 0.0358243175467507 0 0 0 0.00234351198706381 0 0.0195924764890282
"династия" 0 0.0112523911331158 0 0 0 0 0 0.0187480958965105 0.00573493146756896 0
"догматы" 0 0 0.00863632438034373 0.0143297270187003 0 0 0 0.00468702397412763 0.0152931505801839 0
"доказательства" 0.00488639139995114 0 0.0172726487606875 0 0.00873934891850557 0 0.010315659170621 0.00703053596119144 0.00573493146756896 0.00979623824451411
"доказательство" 0.00488639139995114 0.0168785866996737 0 0.00716486350935015 0 0.00599376648285783 0.010315659170621 0.00703053596119144 0 0.0195924764890282
"драма" 0 0 0 0 0 0.0389594821385759 0 0 0 0
"дружин" 0 0.0337571733993474 0 0 0.0131090233777584 0 0 0.00703053596119144 0.00191164382252299 0
"дружина" 0 0.0112523911331158 0.0172726487606875 0 0.0218483722962639 0 0 0.00703053596119144 0.00191164382252299 0
"думая" 0 0.0225047822662316 0 0 0.0131090233777584 0.00599376648285783 0 0.00234351198706381 0.00382328764504597 0.00979623824451411
"душа" 0 0 0.0345452975213749 0.0143297270187003 0 0.00299688324142891 0.030946977511863 0 0 0.0293887147335423
"еврею" 0.0635230881993648 0 0 0 0 0 0 0 0 0
"европу" 0 0 0.00863632438034373 0.0286594540374006 0 0.00299688324142891 0 0.0117175599353191 0.00382328764504597 0
"желания" 0 0 0 0.0214945905280504 0 0.0179812994485735 0 0.00234351198706381 0.00191164382252299 0.0195924764890282
"жестокости" 0 0.00562619556655789 0.00863632438034373 0 0.00436967445925279 0 0 0.00703053596119144 0.0133815067576609 0
"жирарден" 0 0 0 0 0 0.0389594821385759 0 0 0 0
"жуана" 0 0 0 0 0 0 0 0 0.0248513696927988 0
"заключил" 0 0 0.00863632438034373 0 0 0.00299688324142891 0 0.0164045839094467 0.00764657529009195 0
"законности" 0.00977278279990227 0 0 0 0.0218483722962639 0 0 0.00937404794825526 0.00382328764504597 0
"замков" 0 0 0 0.0286594540374006 0 0 0 0.0187480958965105 0.00191164382252299 0
"замок" 0 0 0 0 0 0.00299688324142891 0 0.0187480958965105 0.00764657529009195 0
"западная" 0 0.0112523911331158 0.00863632438034373 0.0358243175467507 0 0 0 0.00937404794825526 0.00191164382252299 0
"записках" 0.00977278279990227 0 0 0 0.0131090233777584 0 0.082525273364968 0 0 0
"значительная" 0.00977278279990227 0 0 0 0 0 0 0.0187480958965105 0.00573493146756896 0
"известие" 0 0.00562619556655789 0 0 0 0.00899064972428674 0 0.00234351198706381 0.0152931505801839 0
"изложения" 0 0 0 0 0 0.0179812994485735 0.010315659170621 0.00703053596119144 0.00191164382252299 0.0195924764890282
"изящной" 0 0 0 0 0.0262180467555167 0.00299688324142891 0.051578295853105 0 0.00191164382252299 0
"инквизиции" 0 0 0 0 0 0.00299688324142891 0 0.00937404794825526 0.0152931505801839 0
"искусств" 0 0 0 0.0214945905280504 0.00436967445925279 0.00899064972428674 0.030946977511863 0.00234351198706381 0.00382328764504597 0
"историческое" 0.0146591741998534 0.0112523911331158 0 0.00716486350935015 0.00873934891850557 0 0.020631318341242 0.00703053596119144 0 0
"историческую" 0.00488639139995114 0.0168785866996737 0 0 0.0131090233777584 0.00899064972428674 0.010315659170621 0.00468702397412763 0 0
"источник" 0.00488639139995114 0.00562619556655789 0.00863632438034373 0.0286594540374006 0.0174786978370111 0 0 0.00468702397412763 0 0
"исчезли" 0.00488639139995114 0.0450095645324632 0 0 0.00873934891850557 0 0 0 0.00191164382252299 0.00979623824451411
"картину" 0 0.0112523911331158 0 0.0143297270187003 0.00436967445925279 0.0119875329657157 0.010315659170621 0.00234351198706381 0.00382328764504597 0
"касательно" 0.00488639139995114 0 0 0 0 0.0149844162071446 0 0.00234351198706381 0.0114698629351379 0
"качестве" 0.0244319569997557 0 0 0 0 0 0.010315659170621 0.00234351198706381 0.0114698629351379 0
"княжеского" 0 0.0731405423652526 0 0 0 0 0 0 0 0
"князьям" 0 0.0337571733993474 0.00863632438034373 0 0.00436967445925279 0 0.020631318341242 0.00703053596119144 0 0
"крепко" 0.00977278279990227 0.00562619556655789 0 0 0 0.0179812994485735 0.010315659170621 0.00468702397412763 0.00191164382252299 0
"лены" 0 0 0 0 0 0 0 0.0304656558318296 0 0
"лицами" 0.00488639139995114 0 0 0.00716486350935015 0.00873934891850557 0.00299688324142891 0.030946977511863 0.00703053596119144 0.00382328764504597 0
"луандр" 0 0 0 0 0 0.0389594821385759 0 0 0 0
"любовью" 0 0 0.0259089731410312 0 0.00436967445925279 0.0149844162071446 0 0.00234351198706381 0.00382328764504597 0.00979623824451411
"мнений" 0 0 0.00863632438034373 0 0.00873934891850557 0.00599376648285783 0 0.00703053596119144 0.00955821911261494 0
"надеялся" 0 0 0 0.0143297270187003 0 0 0 0.00468702397412763 0.0172047944027069 0
"назначение" 0 0.0112523911331158 0.00863632438034373 0.00716486350935015 0.00873934891850557 0 0 0.00703053596119144 0.00764657529009195 0
"намерения" 0 0 0.00863632438034373 0 0.00873934891850557 0 0 0.00468702397412763 0.0133815067576609 0.00979623824451411
"народные" 0.00977278279990227 0 0.00863632438034373 0.0214945905280504 0.00873934891850557 0.00599376648285783 0 0.00234351198706381 0.00382328764504597 0
"настоящей" 0 0 0 0.00716486350935015 0.00436967445925279 0.0149844162071446 0 0.00468702397412763 0.00764657529009195 0
"началам" 0.0146591741998534 0.0393833689659053 0 0.00716486350935015 0 0 0 0.00234351198706381 0.00191164382252299 0
"началась" 0.00488639139995114 0 0.0259089731410312 0 0 0 0 0.00937404794825526 0.00955821911261494 0
"началу" 0.00488639139995114 0.0281309778327895 0 0 0 0 0 0.00703053596119144 0.00573493146756896 0.00979623824451411
"начать" 0 0.0112523911331158 0 0.00716486350935015 0.0174786978370111 0.00599376648285783 0 0.00234351198706381 0 0.0293887147335423
"начиная" 0.00977278279990227 0.00562619556655789 0 0.00716486350935015 0.00436967445925279 0.00599376648285783 0 0.0117175599353191 0.00191164382252299 0
"немецкого" 0.00488639139995114 0 0.00863632438034373 0 0 0.00299688324142891 0.020631318341242 0.00937404794825526 0.00764657529009195 0
"образе" 0.0146591741998534 0 0 0.00716486350935015 0.0131090233777584 0.00899064972428674 0 0.00703053596119144 0 0
"образовались" 0 0.0112523911331158 0 0.00716486350935015 0 0.00299688324142891 0 0.0164045839094467 0.00382328764504597 0
"общему" 0.0146591741998534 0 0.00863632438034373 0.0143297270187003 0.00873934891850557 0.00299688324142891 0 0.00703053596119144 0.00191164382252299 0
"общинного" 0 0.0225047822662316 0.00863632438034373 0 0.0305877212147695 0 0 0.00234351198706381 0 0
"обязанности" 0 0 0.0259089731410312 0.0143297270187003 0 0.00599376648285783 0 0.00937404794825526 0.00382328764504597 0
"обязаны" 0 0.00562619556655789 0 0 0 0 0.020631318341242 0.0234351198706381 0 0
"определение" 0.00977278279990227 0 0 0.00716486350935015 0.0131090233777584 0.00299688324142891 0.010315659170621 0.00703053596119144 0.00191164382252299 0.00979623824451411
"определить" 0.00488639139995114 0.00562619556655789 0 0 0.0131090233777584 0.00299688324142891 0 0.0117175599353191 0.00382328764504597 0
"особенные" 0 0.0337571733993474 0 0.00716486350935015 0.00873934891850557 0 0 0.00703053596119144 0.00191164382252299 0
"особенный" 0 0.0112523911331158 0 0.0214945905280504 0.00436967445925279 0.0119875329657157 0.010315659170621 0.00468702397412763 0 0
"остатки" 0 0 0.0172726487606875 0 0 0 0 0.0117175599353191 0.0114698629351379 0
"остаются" 0 0.00562619556655789 0 0.0214945905280504 0.00873934891850557 0.00599376648285783 0 0.00234351198706381 0.00191164382252299 0.0293887147335423
"отдать" 0.00977278279990227 0.00562619556655789 0.00863632438034373 0 0 0.00899064972428674 0 0.00468702397412763 0.00764657529009195 0
"отдел" 0 0.00562619556655789 0 0 0.00436967445925279 0.00599376648285783 0.010315659170621 0.0117175599353191 0.00573493146756896 0
"отличается" 0 0.00562619556655789 0 0.00716486350935015 0.0131090233777584 0.0149844162071446 0.020631318341242 0.00234351198706381 0 0
"передать" 0 0.00562619556655789 0 0 0.00436967445925279 0.0149844162071446 0 0.00234351198706381 0.00382328764504597 0.0293887147335423
"перемена" 0 0.0112523911331158 0.0172726487606875 0.0143297270187003 0 0.00299688324142891 0 0 0.0114698629351379 0
"плен" 0.00488639139995114 0 0 0 0 0 0 0.00937404794825526 0.0152931505801839 0
"подобных" 0.00977278279990227 0 0 0.0143297270187003 0.00873934891850557 0.0119875329657157 0 0.00234351198706381 0.00382328764504597 0
"показалось" 0 0 0 0 0.00436967445925279 0.0269719491728602 0 0.00468702397412763 0 0.00979623824451411
"показывают" 0 0 0.00863632438034373 0 0.00873934891850557 0.00599376648285783 0 0.0117175599353191 0.00573493146756896 0
"полноты" 0.00488639139995114 0 0 0.0573189080748012 0.00436967445925279 0.00599376648285783 0 0 0 0.00979623824451411
"пользоваться" 0.0244319569997557 0 0 0 0.00436967445925279 0 0 0.00468702397412763 0.00955821911261494 0
"помощью" 0.00488639139995114 0.00562619556655789 0 0 0 0.0119875329657157 0 0.00937404794825526 0.00573493146756896 0
"поняли" 0.00488639139995114 0 0 0 0 0.00299688324142891 0.010315659170621 0.00703053596119144 0.00764657529009195 0.0293887147335423
"понятно" 0 0.00562619556655789 0 0.00716486350935015 0.00873934891850557 0.0149844162071446 0 0.00468702397412763 0.00191164382252299 0.00979623824451411
"последнем" 0.00977278279990227 0 0 0 0.00873934891850557 0.0119875329657157 0.030946977511863 0 0.00382328764504597 0
"последняя" 0 0.0168785866996737 0.00863632438034373 0 0.0131090233777584 0.00599376648285783 0 0.00234351198706381 0.00573493146756896 0
"потребностей" 0 0.00562619556655789 0 0.00716486350935015 0.0131090233777584 0 0.010315659170621 0.00937404794825526 0.00573493146756896 0
"поход" 0 0 0.0345452975213749 0 0 0 0 0.00703053596119144 0.0114698629351379 0
"поэзия" 0 0 0.0172726487606875 0.0214945905280504 0 0.00899064972428674 0.041262636682484 0 0 0.00979623824451411
"появились" 0.00488639139995114 0.0450095645324632 0 0 0.00436967445925279 0.00599376648285783 0 0 0.00191164382252299 0
"пр" 0.00977278279990227 0 0.0172726487606875 0 0.0218483722962639 0.00299688324142891 0.030946977511863 0 0 0
"предметы" 0.00488639139995114 0 0 0.00716486350935015 0.0174786978370111 0.00899064972428674 0 0.00468702397412763 0.00191164382252299 0.00979623824451411
"представителей" 0.00488639139995114 0.00562619556655789 0 0.00716486350935015 0 0 0.010315659170621 0.0164045839094467 0.00382328764504597 0
"приверженцев" 0 0 0.00863632438034373 0 0 0 0 0 0.0229397258702758 0
"притязаний" 0.0146591741998534 0 0 0 0.00873934891850557 0.00299688324142891 0 0.00937404794825526 0.00573493146756896 0
"провел" 0 0 0 0 0.00873934891850557 0.00299688324142891 0 0.00234351198706381 0.0172047944027069 0
"промышленности" 0.00488639139995114 0.00562619556655789 0 0 0.00436967445925279 0.0119875329657157 0.010315659170621 0.00703053596119144 0.00382328764504597 0
"протестантам" 0 0 0 0 0 0 0 0 0.0248513696927988 0
"ради" 0.00488639139995114 0 0 0 0.0174786978370111 0.0209781826900024 0 0.00234351198706381 0 0
"развиваться" 0 0.0225047822662316 0.00863632438034373 0.00716486350935015 0.0174786978370111 0.00299688324142891 0.010315659170621 0.00234351198706381 0 0
"революции" 0 0 0 0 0.0174786978370111 0.00899064972428674 0 0.00703053596119144 0.00191164382252299 0.0195924764890282
"родился" 0 0 0.00863632438034373 0 0 0 0 0.0140610719223829 0.0114698629351379 0
"роду" 0 0.0225047822662316 0.0172726487606875 0 0 0.00299688324142891 0 0.0117175599353191 0.00191164382252299 0
"рыцарства" 0 0.00562619556655789 0.00863632438034373 0 0 0 0 0.0164045839094467 0.00573493146756896 0.00979623824451411
"силой" 0.0146591741998534 0.00562619556655789 0 0 0 0 0 0.00468702397412763 0.0133815067576609 0
"скорее" 0.00977278279990227 0.00562619556655789 0 0 0.00873934891850557 0.00299688324142891 0.010315659170621 0.00703053596119144 0.00382328764504597 0.00979623824451411
"славы" 0 0 0.0259089731410312 0 0 0.00599376648285783 0 0.00234351198706381 0.0133815067576609 0
"следовало" 0.00977278279990227 0.00562619556655789 0.0172726487606875 0 0.00436967445925279 0.00599376648285783 0.010315659170621 0 0.00764657529009195 0
"службе" 0 0.0168785866996737 0 0 0 0.00299688324142891 0 0.00703053596119144 0.0114698629351379 0
"случайно" 0 0.00562619556655789 0.0431816219017186 0.00716486350935015 0.0174786978370111 0.00299688324142891 0 0 0.00191164382252299 0
"смотря" 0 0 0 0.00716486350935015 0.0174786978370111 0.00899064972428674 0 0.00468702397412763 0.00191164382252299 0.0195924764890282
"соборе" 0 0 0 0 0 0 0 0.00703053596119144 0.0191164382252299 0
"современники" 0 0.00562619556655789 0 0 0 0.00299688324142891 0 0.0117175599353191 0.0114698629351379 0
"сочувствия" 0.00488639139995114 0 0.00863632438034373 0.00716486350935015 0.0174786978370111 0.00299688324142891 0 0.00234351198706381 0.00764657529009195 0
"средневекового" 0 0 0 0 0 0 0 0.0234351198706381 0.00573493146756896 0
"старались" 0 0.0112523911331158 0 0.00716486350935015 0 0.00299688324142891 0 0.0117175599353191 0.00764657529009195 0
"старой" 0 0 0.0172726487606875 0.00716486350935015 0 0.0179812994485735 0 0.00703053596119144 0.00191164382252299 0
"страшное" 0.00488639139995114 0 0.0172726487606875 0 0 0.00299688324142891 0 0.00937404794825526 0.00955821911261494 0
"страшные" 0 0 0 0.00716486350935015 0.00436967445925279 0.00299688324142891 0 0.0140610719223829 0.00382328764504597 0.0195924764890282
"строгий" 0.00488639139995114 0 0.0345452975213749 0 0 0 0 0.00234351198706381 0.0114698629351379 0.00979623824451411
"сумму" 0 0 0 0 0 0.00299688324142891 0 0.0164045839094467 0.00955821911261494 0
"считаем" 0.0244319569997557 0.0168785866996737 0 0 0.0131090233777584 0 0.020631318341242 0 0 0
"сыновей" 0.00488639139995114 0.0225047822662316 0 0 0.00436967445925279 0 0 0.0117175599353191 0.00382328764504597 0
"такова" 0 0 0.0172726487606875 0 0.00873934891850557 0 0.020631318341242 0.0117175599353191 0.00191164382252299 0.00979623824451411
"таланты" 0 0 0 0 0.00436967445925279 0.00899064972428674 0.010315659170621 0.00468702397412763 0.00955821911261494 0.00979623824451411
"титул" 0.00488639139995114 0.0168785866996737 0 0 0 0 0 0.00234351198706381 0.0152931505801839 0
"тогдашних" 0 0 0 0 0 0.00299688324142891 0 0.00937404794825526 0.0152931505801839 0
"толпа" 0.00977278279990227 0 0 0 0.00436967445925279 0.00899064972428674 0.020631318341242 0.00468702397412763 0.00382328764504597 0.00979623824451411
"тон" 0 0 0 0 0.0174786978370111 0.0209781826900024 0 0 0.00382328764504597 0
"торжество" 0 0 0.0172726487606875 0.00716486350935015 0.00436967445925279 0.00599376648285783 0 0 0.0114698629351379 0.00979623824451411
"требовала" 0 0 0 0.00716486350935015 0.00873934891850557 0.00599376648285783 0 0.00703053596119144 0.00955821911261494 0
"труд" 0 0 0.0172726487606875 0.00716486350935015 0.0131090233777584 0.00899064972428674 0 0.00234351198706381 0.00191164382252299 0.0195924764890282
"уважением" 0 0 0 0.0143297270187003 0 0.0149844162071446 0 0.0117175599353191 0.00191164382252299 0
"уважения" 0 0 0.00863632438034373 0 0.00436967445925279 0.00899064972428674 0.010315659170621 0.00468702397412763 0.00573493146756896 0.0195924764890282
"узнать" 0 0.0112523911331158 0 0.00716486350935015 0.0131090233777584 0.0149844162071446 0 0 0 0.0195924764890282
"умах" 0 0 0 0.0143297270187003 0.00436967445925279 0.00299688324142891 0 0 0.0152931505801839 0.00979623824451411
"уничтожение" 0.00488639139995114 0.0225047822662316 0.0259089731410312 0 0.00436967445925279 0.00299688324142891 0.010315659170621 0 0.00382328764504597 0
"употребить" 0.00488639139995114 0 0 0 0 0 0 0.0164045839094467 0.00955821911261494 0
"управление" 0 0.0281309778327895 0.00863632438034373 0 0 0 0 0.00234351198706381 0.0114698629351379 0
"условие" 0.00488639139995114 0.00562619556655789 0 0.0143297270187003 0.0131090233777584 0.00599376648285783 0 0 0.00573493146756896 0.00979623824451411
"францией" 0 0 0 0 0 0.00899064972428674 0 0.00937404794825526 0.0114698629351379 0
"церковью" 0 0 0.0172726487606875 0.0214945905280504 0.00436967445925279 0 0 0.00937404794825526 0.00573493146756896 0
"черту" 0.00488639139995114 0.00562619556655789 0 0.00716486350935015 0.00873934891850557 0.0179812994485735 0 0.00468702397412763 0 0
"читателя" 0.00488639139995114 0.00562619556655789 0 0 0.0262180467555167 0.00299688324142891 0.030946977511863 0.00234351198706381 0 0
"школе" 0.00977278279990227 0 0 0 0.0174786978370111 0.00599376648285783 0 0.00703053596119144 0.00382328764504597 0
"эразм" 0 0 0 0 0 0 0 0.0164045839094467 0.00764657529009195 0.0195924764890282
"явилось" 0 0 0.00863632438034373 0 0.00873934891850557 0.00599376648285783 0.010315659170621 0.0164045839094467 0 0
"языке" 0.00977278279990227 0.00562619556655789 0 0.00716486350935015 0.00436967445925279 0 0.010315659170621 0.00468702397412763 0.00764657529009195 0.00979623824451411
"est" 0 0 0.00863632438034373 0 0.0174786978370111 0.0209781826900024 0 0.00234351198706381 0 0
"un" 0 0 0 0 0.0131090233777584 0.0269719491728602 0 0.00234351198706381 0 0
"августа" 0.00488639139995114 0 0.00863632438034373 0 0 0.00299688324142891 0.020631318341242 0.00468702397412763 0.00955821911261494 0
"австрийского" 0 0 0 0 0 0 0 0.00468702397412763 0.0191164382252299 0
"администрации" 0.00488639139995114 0.0168785866996737 0 0 0.00436967445925279 0.00899064972428674 0 0.00468702397412763 0.00382328764504597 0
"берегу" 0 0 0.0172726487606875 0 0 0.00899064972428674 0 0.0140610719223829 0.00191164382252299 0
"бесконечно" 0 0.0168785866996737 0 0.00716486350935015 0 0.00599376648285783 0 0.00234351198706381 0.00382328764504597 0.0293887147335423
"блага" 0.00488639139995114 0 0 0.00716486350935015 0.00436967445925279 0.00299688324142891 0 0.00468702397412763 0.00955821911261494 0.00979623824451411
"ближе" 0.00977278279990227 0 0 0 0.0131090233777584 0 0 0.00703053596119144 0.00573493146756896 0.00979623824451411
"богу" 0.00977278279990227 0 0.0518179462820624 0.00716486350935015 0.00436967445925279 0.00299688324142891 0 0 0.00191164382252299 0
"брата" 0 0 0 0.00716486350935015 0 0.00599376648285783 0 0.00703053596119144 0.0114698629351379 0
"бургундского" 0 0 0 0 0 0 0 0.025778631857702 0.00191164382252299 0
"вами" 0.00488639139995114 0 0 0.0143297270187003 0.00436967445925279 0.0179812994485735 0.010315659170621 0.00234351198706381 0 0
"варяги" 0 0.0562619556655789 0 0 0.00873934891850557 0 0 0 0 0
"верх" 0 0.0225047822662316 0 0.0143297270187003 0.00436967445925279 0 0.010315659170621 0.00234351198706381 0.00573493146756896 0
"виды" 0 0 0 0.0143297270187003 0.00873934891850557 0.00599376648285783 0 0.00703053596119144 0.00573493146756896 0
"вильгельм" 0 0 0 0 0 0 0 0 0.0229397258702758 0
"внутреннюю" 0 0.0112523911331158 0.00863632438034373 0.0429891810561009 0.00436967445925279 0 0 0.00234351198706381 0.00191164382252299 0
"военной" 0 0.00562619556655789 0 0 0 0.00599376648285783 0 0.0117175599353191 0.00764657529009195 0
"военные" 0 0 0 0 0 0 0 0.0117175599353191 0.0133815067576609 0
"воинственный" 0 0.0168785866996737 0.0259089731410312 0 0 0 0 0.00703053596119144 0.00573493146756896 0
"воле" 0 0.00562619556655789 0.0172726487606875 0.00716486350935015 0 0.00299688324142891 0.010315659170621 0 0.00955821911261494 0.00979623824451411
"воспоминания" 0 0.0112523911331158 0.00863632438034373 0 0 0.00599376648285783 0 0.00234351198706381 0.00764657529009195 0.0195924764890282
"восстание" 0 0 0 0 0 0 0 0.0117175599353191 0.0133815067576609 0
"востоке" 0 0.0112523911331158 0.0259089731410312 0.0143297270187003 0.00436967445925279 0 0 0.00937404794825526 0 0
"встретили" 0 0 0.00863632438034373 0 0.0131090233777584 0.0119875329657157 0 0.00468702397412763 0.00191164382252299 0.00979623824451411
"вступить" 0 0 0.00863632438034373 0 0 0.00299688324142891 0 0.00234351198706381 0.0152931505801839 0.00979623824451411
"второе" 0.00977278279990227 0 0 0.0214945905280504 0.0174786978370111 0 0.030946977511863 0 0 0
"выйти" 0 0.0168785866996737 0 0 0.00873934891850557 0.00899064972428674 0 0.00234351198706381 0.00573493146756896 0
"выражается" 0.00977278279990227 0.00562619556655789 0 0.00716486350935015 0.0131090233777584 0.00599376648285783 0 0.00468702397412763 0 0.00979623824451411
"высшим" 0.00488639139995114 0 0.00863632438034373 0.0214945905280504 0.00436967445925279 0 0 0.00703053596119144 0.00382328764504597 0.00979623824451411
"вышел" 0.00488639139995114 0 0 0 0 0.00299688324142891 0.030946977511863 0.00468702397412763 0.00955821911261494 0
"глубже" 0 0 0 0.0143297270187003 0.0174786978370111 0 0 0.00468702397412763 0.00573493146756896 0.00979623824451411
"годах" 0 0 0 0 0.00436967445925279 0 0.010315659170621 0.00468702397412763 0.0133815067576609 0.00979623824451411
"городские" 0.00488639139995114 0 0 0.0143297270187003 0 0 0 0.0210916078835743 0 0
"готов" 0 0 0 0.0214945905280504 0 0.00599376648285783 0 0.00468702397412763 0.00955821911261494 0
"густав" 0 0 0.00863632438034373 0 0 0 0 0 0.0210280820477529 0
"давали" 0 0.00562619556655789 0 0 0 0 0 0.00937404794825526 0.0133815067576609 0
"действует" 0.00488639139995114 0.0393833689659053 0 0 0.00436967445925279 0 0 0 0.00382328764504597 0.00979623824451411
"делах" 0 0.0112523911331158 0.0172726487606875 0 0.00436967445925279 0 0 0.00703053596119144 0.00764657529009195 0
"доказывает" 0.00977278279990227 0 0.0172726487606875 0 0.0174786978370111 0.00299688324142891 0 0.00703053596119144 0 0
"другу" 0.00488639139995114 0 0.0172726487606875 0.0143297270187003 0 0 0 0.0117175599353191 0.00191164382252299 0.00979623824451411
"духовным" 0.0195455655998045 0 0 0.00716486350935015 0 0 0 0.00703053596119144 0.00764657529009195 0
"духу" 0.0146591741998534 0.00562619556655789 0 0.0143297270187003 0 0.00299688324142891 0.020631318341242 0 0.00191164382252299 0.0195924764890282
"единстве" 0.00488639139995114 0.0225047822662316 0 0.0286594540374006 0.0131090233777584 0 0 0 0 0
"заключение" 0 0.0112523911331158 0.00863632438034373 0.00716486350935015 0.00873934891850557 0.00899064972428674 0 0.00234351198706381 0.00191164382252299 0.00979623824451411
"замечательные" 0 0 0 0 0.00436967445925279 0 0.020631318341242 0.00937404794825526 0.00955821911261494 0
"записки" 0 0 0.00863632438034373 0 0 0 0.051578295853105 0.00468702397412763 0.00764657529009195 0
"играть" 0 0 0 0 0.00436967445925279 0.00599376648285783 0 0.00937404794825526 0.00764657529009195 0.00979623824451411
"иезуитов" 0 0 0 0 0.00436967445925279 0 0 0.00234351198706381 0.0191164382252299 0
"известного" 0.00488639139995114 0 0 0 0 0.00899064972428674 0 0.0117175599353191 0.00573493146756896 0
"известный" 0 0 0.00863632438034373 0 0 0.00599376648285783 0 0.00703053596119144 0.0114698629351379 0
"императором" 0 0 0 0 0 0 0 0.00234351198706381 0.0210280820477529 0
"иной" 0.0195455655998045 0 0 0.0143297270187003 0.00436967445925279 0 0 0.00468702397412763 0.00382328764504597 0.00979623824451411
"искусству" 0 0 0 0 0.00436967445925279 0.0149844162071446 0 0.00234351198706381 0.00382328764504597 0.0293887147335423
"испанией" 0 0 0 0 0 0 0 0.00234351198706381 0.0210280820477529 0
"итальянским" 0 0 0 0 0 0.00899064972428674 0 0.0164045839094467 0.00382328764504597 0
"каждую" 0 0 0 0.0143297270187003 0.00436967445925279 0.0149844162071446 0 0.00703053596119144 0 0.00979623824451411
"казнен" 0 0 0 0 0 0 0 0.00937404794825526 0.0152931505801839 0
"каковы" 0 0.0225047822662316 0.00863632438034373 0 0.00436967445925279 0.00599376648285783 0 0.00468702397412763 0.00382328764504597 0
"колумба" 0 0 0 0 0 0 0 0.0281221438447658 0 0
"комедии" 0 0 0 0 0 0.0299688324142891 0 0.00468702397412763 0 0
"лучшее" 0.00488639139995114 0.0112523911331158 0 0 0 0 0.030946977511863 0.00937404794825526 0.00382328764504597 0
"любить" 0.0146591741998534 0 0.00863632438034373 0 0.0262180467555167 0.00299688324142891 0.010315659170621 0 0 0
"любопытно" 0 0 0 0 0.00436967445925279 0.0239750659314313 0 0.00703053596119144 0 0
"максимилиана" 0 0 0 0 0 0 0 0.0210916078835743 0.00573493146756896 0
"марта" 0.0244319569997557 0 0 0 0 0.00599376648285783 0 0 0.00955821911261494 0
"меланхтон" 0 0 0 0 0 0 0 0 0.0229397258702758 0
"миллионов" 0.0146591741998534 0 0.00863632438034373 0 0 0.00599376648285783 0 0.00234351198706381 0.00955821911261494 0
"мой" 0 0 0 0 0 0.0329657156557181 0.010315659170621 0 0 0
"молодой" 0 0 0.0172726487606875 0 0 0.00599376648285783 0.010315659170621 0.00234351198706381 0.0114698629351379 0
"молодых" 0 0 0.00863632438034373 0 0 0.0149844162071446 0 0.00468702397412763 0.00764657529009195 0
"морица" 0 0 0 0 0 0 0 0 0.0229397258702758 0
"написана" 0 0 0 0 0 0.00599376648285783 0.010315659170621 0.0140610719223829 0.00573493146756896 0
"население" 0.0439775225995602 0.00562619556655789 0 0 0.00436967445925279 0 0 0.00234351198706381 0 0
"наследство" 0 0.0112523911331158 0 0 0.0131090233777584 0.00299688324142891 0 0.0117175599353191 0.00191164382252299 0
"находилось" 0 0 0.0172726487606875 0.00716486350935015 0 0 0 0.00468702397412763 0.0133815067576609 0
"находит" 0.00977278279990227 0 0 0 0.0218483722962639 0.0119875329657157 0 0 0 0.00979623824451411
"национальное" 0.0146591741998534 0 0 0 0.0305877212147695 0 0 0.00234351198706381 0.00191164382252299 0
"началах" 0.00977278279990227 0.0112523911331158 0.00863632438034373 0.0143297270187003 0.00873934891850557 0 0 0 0.00382328764504597 0.00979623824451411
"начались" 0 0.00562619556655789 0.00863632438034373 0.00716486350935015 0 0.00599376648285783 0 0.00468702397412763 0.00955821911261494 0
"нашли" 0 0.00562619556655789 0 0 0 0.00299688324142891 0 0.00468702397412763 0.0133815067576609 0.00979623824451411
"негодование" 0.00488639139995114 0 0.00863632438034373 0 0.00873934891850557 0.00299688324142891 0 0.00703053596119144 0.00764657529009195 0
"недостаток" 0.00488639139995114 0 0 0 0 0.0119875329657157 0 0.0117175599353191 0.00191164382252299 0.00979623824451411
"нидерландские" 0 0 0 0 0 0 0 0 0.0229397258702758 0
"ниже" 0 0.0225047822662316 0.00863632438034373 0 0 0 0.010315659170621 0.00468702397412763 0.00764657529009195 0
"никому" 0.00488639139995114 0.00562619556655789 0.00863632438034373 0 0.00873934891850557 0.00599376648285783 0 0.00703053596119144 0.00382328764504597 0
"образованный" 0 0 0.00863632438034373 0.00716486350935015 0.00873934891850557 0 0 0.00703053596119144 0.00955821911261494 0
"обстоятельствах" 0 0 0 0 0 0 0 0.00468702397412763 0.0191164382252299 0
"общечеловеческое" 0.00488639139995114 0 0 0.00716486350935015 0.0436967445925279 0 0 0 0 0
"объяснение" 0.00977278279990227 0 0 0.00716486350935015 0.00873934891850557 0.00599376648285783 0 0.00703053596119144 0.00382328764504597 0
"обязана" 0.00488639139995114 0.00562619556655789 0 0 0.00873934891850557 0 0 0.00468702397412763 0.00955821911261494 0.00979623824451411
"оказал" 0 0 0 0 0 0.00299688324142891 0 0 0.0210280820477529 0
"оправдание" 0.00488639139995114 0.00562619556655789 0 0 0.0305877212147695 0.00299688324142891 0 0.00234351198706381 0.00191164382252299 0
"основано" 0 0.00562619556655789 0.00863632438034373 0.00716486350935015 0.0174786978370111 0 0 0.00937404794825526 0.00191164382252299 0
"основу" 0.0146591741998534 0 0 0 0.0131090233777584 0 0.010315659170621 0.00703053596119144 0.00382328764504597 0
"особенного" 0.00488639139995114 0.00562619556655789 0 0.0286594540374006 0.00436967445925279 0.00899064972428674 0 0.00468702397412763 0 0
"отвечал" 0 0 0 0 0 0.00299688324142891 0 0 0.0191164382252299 0.00979623824451411
"отвлеченно" 0.00977278279990227 0.00562619556655789 0 0.0573189080748012 0.00436967445925279 0 0 0 0 0
"отдельными" 0.00977278279990227 0.00562619556655789 0 0 0.00436967445925279 0 0.020631318341242 0.0117175599353191 0.00191164382252299 0
"папою" 0 0 0 0 0 0 0 0.0117175599353191 0.0133815067576609 0
"первоначально" 0.00488639139995114 0.0112523911331158 0 0 0 0 0 0.0117175599353191 0.00764657529009195 0
"перевод" 0 0 0 0.00716486350935015 0 0 0.020631318341242 0.00234351198706381 0.0152931505801839 0
"переходили" 0 0.00562619556655789 0 0 0 0 0 0.0164045839094467 0.00764657529009195 0
"перешла" 0 0.0168785866996737 0.00863632438034373 0.00716486350935015 0.00436967445925279 0.00299688324142891 0 0.00234351198706381 0.00573493146756896 0.00979623824451411
"подобного" 0.00488639139995114 0 0 0 0.00873934891850557 0.0119875329657157 0.020631318341242 0.00234351198706381 0.00382328764504597 0
"подробностей" 0 0 0 0 0.00436967445925279 0.0269719491728602 0 0.00234351198706381 0.00191164382252299 0
"политическими" 0 0.00562619556655789 0 0 0.00436967445925279 0.00599376648285783 0 0.00468702397412763 0.0114698629351379 0
"полную" 0.00977278279990227 0 0.00863632438034373 0 0 0.00899064972428674 0.010315659170621 0.00234351198706381 0.00764657529009195 0
"полный" 0 0.00562619556655789 0 0 0 0.0119875329657157 0 0.00703053596119144 0.00382328764504597 0.0195924764890282
"понятиям" 0 0.0168785866996737 0.0172726487606875 0.0214945905280504 0.00873934891850557 0 0 0 0.00382328764504597 0
"потерял" 0.00488639139995114 0.0112523911331158 0 0.00716486350935015 0.00436967445925279 0 0 0.00937404794825526 0.00573493146756896 0
"праве" 0 0.00562619556655789 0.0172726487606875 0.00716486350935015 0.00873934891850557 0 0 0.0117175599353191 0.00191164382252299 0
"правительству" 0.0244319569997557 0 0.0172726487606875 0 0 0 0 0.00234351198706381 0.00764657529009195 0
"пребывания" 0.00488639139995114 0 0 0.00716486350935015 0 0 0.010315659170621 0.0117175599353191 0.00764657529009195 0
"прежний" 0 0.0337571733993474 0 0 0.00873934891850557 0.00299688324142891 0 0 0.00573493146756896 0
"природе" 0.00488639139995114 0.0112523911331158 0 0 0.00873934891850557 0.0149844162071446 0 0 0 0.0195924764890282
"произведение" 0.00488639139995114 0 0 0 0.00873934891850557 0.0119875329657157 0.020631318341242 0.00468702397412763 0.00191164382252299 0
"произошло" 0.00488639139995114 0.00562619556655789 0.00863632438034373 0.0214945905280504 0 0.00299688324142891 0.010315659170621 0.00234351198706381 0.00573493146756896 0
"происхождение" 0 0.0112523911331158 0 0 0.0131090233777584 0.00599376648285783 0 0.00468702397412763 0.00573493146756896 0
"разными" 0 0.0112523911331158 0 0 0.00436967445925279 0.00599376648285783 0 0.0117175599353191 0.00191164382252299 0.00979623824451411
"разрешение" 0.0195455655998045 0.0112523911331158 0 0 0.00436967445925279 0.00299688324142891 0 0.00468702397412763 0.00191164382252299 0.00979623824451411
"результатов" 0.00977278279990227 0.00562619556655789 0 0.0143297270187003 0.00436967445925279 0.00599376648285783 0 0.00703053596119144 0.00191164382252299 0
"родовое" 0 0.0281309778327895 0 0 0.0305877212147695 0 0 0 0 0
"роли" 0.00488639139995114 0 0 0 0 0.00599376648285783 0 0.0117175599353191 0.00764657529009195 0
"россией" 0.00488639139995114 0.0225047822662316 0.0518179462820624 0 0 0 0 0 0.00191164382252299 0
"руками" 0.00977278279990227 0.00562619556655789 0.00863632438034373 0 0.00436967445925279 0.00299688324142891 0.020631318341242 0.00234351198706381 0.00191164382252299 0.0195924764890282
"рыцарских" 0 0 0 0.00716486350935015 0 0 0 0.0164045839094467 0.00764657529009195 0
"свойство" 0 0 0 0.00716486350935015 0.0480664190517806 0 0 0 0 0
"семейный" 0 0.0337571733993474 0 0.00716486350935015 0.0174786978370111 0.00299688324142891 0 0 0 0
"сидел" 0 0 0.00863632438034373 0 0 0 0 0.00703053596119144 0.0133815067576609 0.00979623824451411
"силе" 0.00488639139995114 0 0.00863632438034373 0.00716486350935015 0.00436967445925279 0.00299688324142891 0 0.00703053596119144 0.00764657529009195 0
"сильвестр" 0 0 0.094999568183781 0 0.00436967445925279 0 0 0 0 0
"сильнее" 0.0195455655998045 0.00562619556655789 0.00863632438034373 0 0 0.0119875329657157 0 0.00234351198706381 0.00191164382252299 0
"сильных" 0 0.00562619556655789 0.00863632438034373 0 0.00436967445925279 0.0149844162071446 0 0.00937404794825526 0 0
"следующего" 0 0 0 0 0 0.0179812994485735 0 0.00468702397412763 0.00764657529009195 0
"собственного" 0 0 0 0.0143297270187003 0 0.0119875329657157 0 0.00468702397412763 0.00764657529009195 0
"советников" 0 0 0.0345452975213749 0 0 0 0 0.00468702397412763 0.0114698629351379 0
"современные" 0 0.00562619556655789 0 0 0.00436967445925279 0.00899064972428674 0 0.00703053596119144 0.00764657529009195 0
"соединились" 0 0 0.00863632438034373 0 0 0 0 0.00937404794825526 0.0114698629351379 0.00979623824451411
"создает" 0.0195455655998045 0.0225047822662316 0 0 0.00873934891850557 0.00599376648285783 0 0 0 0
"сообщить" 0.00488639139995114 0.00562619556655789 0 0.0286594540374006 0 0.00899064972428674 0 0.00468702397412763 0.00191164382252299 0
"спросить" 0.0195455655998045 0 0 0 0.00436967445925279 0 0 0.00234351198706381 0.00573493146756896 0.0293887147335423
"средневековые" 0 0 0 0 0.00436967445925279 0 0 0.0187480958965105 0.00573493146756896 0
"среды" 0.00488639139995114 0.0225047822662316 0 0 0.00873934891850557 0 0 0.00703053596119144 0.00382328764504597 0
"станем" 0.00977278279990227 0.0225047822662316 0 0 0.0174786978370111 0 0.020631318341242 0 0 0
"старого" 0 0.0112523911331158 0 0 0.00436967445925279 0.00899064972428674 0 0.00468702397412763 0.00764657529009195 0
"старшего" 0 0.0393833689659053 0 0 0.00436967445925279 0 0 0.00234351198706381 0.00573493146756896 0
"старшинства" 0 0.0562619556655789 0 0 0.00873934891850557 0 0 0 0 0
"старые" 0.00488639139995114 0 0.0345452975213749 0 0 0.00599376648285783 0.010315659170621 0.00234351198706381 0.00382328764504597 0.00979623824451411
"старым" 0 0.0168785866996737 0 0.00716486350935015 0.00436967445925279 0.0119875329657157 0 0.00234351198706381 0.00382328764504597 0
"статью" 0.00488639139995114 0 0 0.0143297270187003 0.00873934891850557 0.0119875329657157 0.010315659170621 0 0.00382328764504597 0
"степень" 0.0195455655998045 0.0112523911331158 0 0.0143297270187003 0 0.00299688324142891 0 0 0.00191164382252299 0.0195924764890282
"столетиях" 0 0 0 0 0 0 0 0.025778631857702 0.00191164382252299 0
"страны" 0.0146591741998534 0.00562619556655789 0 0.00716486350935015 0.00436967445925279 0 0 0.00703053596119144 0.00573493146756896 0
"страсть" 0 0 0 0.0214945905280504 0.00873934891850557 0.00899064972428674 0.020631318341242 0 0.00191164382252299 0.00979623824451411
"страшного" 0 0 0 0 0 0.00599376648285783 0 0.0140610719223829 0.00764657529009195 0
"строгим" 0 0 0 0 0.00436967445925279 0.00599376648285783 0 0.00703053596119144 0.0114698629351379 0
"схоластика" 0 0 0 0.0143297270187003 0 0 0 0.0210916078835743 0.00191164382252299 0
"такою" 0 0 0 0 0.00873934891850557 0.00299688324142891 0.030946977511863 0.00937404794825526 0.00382328764504597 0
"театр" 0 0 0 0 0 0.0299688324142891 0 0.00234351198706381 0 0.00979623824451411
"театре" 0 0 0 0 0 0.0299688324142891 0 0.00234351198706381 0 0.00979623824451411
"теми" 0.00488639139995114 0 0 0.00716486350935015 0.0131090233777584 0.00299688324142891 0 0.00937404794825526 0.00191164382252299 0.00979623824451411
"теорию" 0 0.00562619556655789 0 0 0.00436967445925279 0.00899064972428674 0.010315659170621 0.00703053596119144 0.00382328764504597 0.00979623824451411
"тип" 0 0.0337571733993474 0 0 0.0174786978370111 0.00599376648285783 0 0 0 0
"требовать" 0.0195455655998045 0 0.00863632438034373 0 0.00436967445925279 0.00299688324142891 0.010315659170621 0.00234351198706381 0.00382328764504597 0.00979623824451411
"удалось" 0.00977278279990227 0.00562619556655789 0 0 0.00873934891850557 0.00299688324142891 0.010315659170621 0.00468702397412763 0.00573493146756896 0
"удар" 0 0 0.0431816219017186 0 0 0.0119875329657157 0 0.00468702397412763 0.00191164382252299 0
"удивительно" 0.00977278279990227 0.0112523911331158 0 0 0 0.0149844162071446 0.010315659170621 0 0.00191164382252299 0.00979623824451411
"уме" 0 0 0.00863632438034373 0.0143297270187003 0.00873934891850557 0.00299688324142891 0.010315659170621 0 0.00764657529009195 0.00979623824451411
"умел" 0 0 0 0 0.00873934891850557 0 0.010315659170621 0.00468702397412763 0.0133815067576609 0
"упадок" 0 0.00562619556655789 0.00863632438034373 0.00716486350935015 0 0.00299688324142891 0.010315659170621 0.00468702397412763 0.00955821911261494 0
"успехи" 0.00488639139995114 0 0.0172726487606875 0 0.00436967445925279 0.00299688324142891 0.020631318341242 0.00234351198706381 0.00764657529009195 0
"хотим" 0.00488639139995114 0.0281309778327895 0 0 0.0262180467555167 0 0 0 0 0
"христианством" 0.0146591741998534 0.0112523911331158 0.0172726487606875 0 0.00873934891850557 0 0 0.00703053596119144 0 0
"цезаря" 0 0 0 0 0 0 0 0.0281221438447658 0 0
"человеческое" 0 0.0112523911331158 0 0.00716486350935015 0.0393270701332751 0 0 0 0 0
"чтения" 0 0 0 0 0 0.00299688324142891 0.072209614194347 0.00703053596119144 0.00191164382252299 0
"швейцарцев" 0 0 0 0 0 0 0 0.025778631857702 0.00191164382252299 0
"шотландии" 0 0 0 0 0 0.00299688324142891 0 0 0.0210280820477529 0
"юге" 0.034204739799658 0 0.00863632438034373 0 0 0 0 0.00937404794825526 0 0
"америки" 0 0 0 0.00716486350935015 0 0 0 0.0140610719223829 0.00764657529009195 0
"английские" 0.00977278279990227 0 0.0172726487606875 0 0 0 0 0.00468702397412763 0.00955821911261494 0
"английский" 0 0 0 0 0 0 0 0.0117175599353191 0.0114698629351379 0
"английских" 0.0146591741998534 0 0.00863632438034373 0 0 0.00299688324142891 0 0.00703053596119144 0.00573493146756896 0
"англичане" 0.0195455655998045 0 0.0172726487606875 0 0 0 0 0.00937404794825526 0.00191164382252299 0
"англию" 0.00977278279990227 0 0 0 0 0 0 0 0.0172047944027069 0
"бежать" 0 0 0 0 0 0 0 0.00937404794825526 0.0133815067576609 0
"берет" 0 0.00562619556655789 0 0.00716486350935015 0.00436967445925279 0.0209781826900024 0 0.00234351198706381 0 0
"бог" 0 0 0.00863632438034373 0 0.00436967445925279 0 0.010315659170621 0.00468702397412763 0.00382328764504597 0.0391849529780564
"богом" 0.00488639139995114 0 0.0259089731410312 0.00716486350935015 0 0 0 0.00703053596119144 0.00382328764504597 0.00979623824451411
"болезни" 0 0 0.0259089731410312 0 0 0.00599376648285783 0 0.00234351198706381 0.00764657529009195 0.00979623824451411
"болен" 0 0 0 0 0 0 0 0 0.0210280820477529 0
"братства" 0.00488639139995114 0 0.0172726487606875 0 0.00436967445925279 0 0 0.0140610719223829 0.00191164382252299 0
"важно" 0 0.0112523911331158 0 0 0.00873934891850557 0 0.010315659170621 0.00468702397412763 0.00573493146756896 0.00979623824451411
"важную" 0 0.0112523911331158 0 0 0 0 0 0.00937404794825526 0.00955821911261494 0
"венеция" 0 0 0 0 0 0 0.010315659170621 0.0210916078835743 0.00191164382252299 0
"взаимных" 0.0146591741998534 0.00562619556655789 0.00863632438034373 0.0143297270187003 0.00436967445925279 0.00299688324142891 0 0 0.00382328764504597 0
"видов" 0 0.00562619556655789 0 0.00716486350935015 0 0 0.010315659170621 0.0140610719223829 0.00382328764504597 0
"владычество" 0.00977278279990227 0.00562619556655789 0.00863632438034373 0.0143297270187003 0 0 0 0.00703053596119144 0.00191164382252299 0.00979623824451411
"внутреннем" 0 0.0225047822662316 0 0.0214945905280504 0.00873934891850557 0 0 0 0.00191164382252299 0.00979623824451411
"возник" 0 0 0 0.00716486350935015 0 0 0 0.00703053596119144 0.0133815067576609 0
"воинов" 0 0 0 0 0 0.00599376648285783 0 0.0164045839094467 0.00382328764504597 0
"войск" 0 0 0 0 0 0 0 0.00468702397412763 0.0172047944027069 0
"восстания" 0.00488639139995114 0 0 0 0.00436967445925279 0 0 0.0117175599353191 0.00764657529009195 0
"вправе" 0.0146591741998534 0 0.00863632438034373 0 0.0174786978370111 0 0 0.00234351198706381 0.00382328764504597 0
"вспомнить" 0.00977278279990227 0 0.0172726487606875 0.00716486350935015 0 0.00299688324142891 0.020631318341242 0 0.00191164382252299 0.0195924764890282
"встретить" 0 0 0 0.00716486350935015 0.00436967445925279 0.0149844162071446 0.010315659170621 0 0.00382328764504597 0.00979623824451411
"вывести" 0 0.0112523911331158 0 0.0143297270187003 0.00873934891850557 0.00599376648285783 0 0.00234351198706381 0.00191164382252299 0.00979623824451411
"выгод" 0 0 0.0172726487606875 0 0 0.00299688324142891 0.010315659170621 0.00703053596119144 0.00764657529009195 0
"гиза" 0 0 0 0 0 0 0 0 0.0210280820477529 0
"глубокие" 0 0.0112523911331158 0 0.00716486350935015 0.00436967445925279 0.00599376648285783 0 0.00468702397412763 0.00382328764504597 0.00979623824451411
"го" 0 0 0 0 0.00436967445925279 0.0119875329657157 0 0.00468702397412763 0.00764657529009195 0
"городом" 0 0 0.0172726487606875 0 0 0 0 0.00703053596119144 0.00955821911261494 0.00979623824451411
"господа" 0.0146591741998534 0.00562619556655789 0 0 0.00436967445925279 0.0119875329657157 0.010315659170621 0 0 0.00979623824451411
"господина" 0 0.0112523911331158 0 0 0 0.0119875329657157 0 0.0117175599353191 0 0
"гражданских" 0.00977278279990227 0.0168785866996737 0 0.00716486350935015 0.00436967445925279 0.00299688324142891 0 0.00703053596119144 0 0
"гражданской" 0.00977278279990227 0.0112523911331158 0.00863632438034373 0 0 0.00299688324142891 0 0.00937404794825526 0.00191164382252299 0
"границах" 0.00488639139995114 0 0.00863632438034373 0.00716486350935015 0 0 0 0.0140610719223829 0 0.0195924764890282
"дала" 0.00488639139995114 0.0168785866996737 0 0.00716486350935015 0 0.00299688324142891 0.010315659170621 0.00703053596119144 0 0.00979623824451411
"дальше" 0.00977278279990227 0.0225047822662316 0.00863632438034373 0 0.00436967445925279 0.00299688324142891 0 0 0 0.0195924764890282
"дань" 0.00488639139995114 0.0281309778327895 0.0345452975213749 0 0 0 0 0.00234351198706381 0 0
"дают" 0.00977278279990227 0 0 0.00716486350935015 0.00436967445925279 0.00599376648285783 0 0.00703053596119144 0.00191164382252299 0.00979623824451411
"движением" 0 0 0.00863632438034373 0.00716486350935015 0 0.00599376648285783 0 0.00468702397412763 0.00955821911261494 0
"двор" 0 0.00562619556655789 0.0259089731410312 0 0 0 0 0.00937404794825526 0.00573493146756896 0
"двум" 0.00977278279990227 0 0.00863632438034373 0 0 0.0119875329657157 0 0.00234351198706381 0.00191164382252299 0.0195924764890282
"декабря" 0 0 0 0 0 0.00299688324142891 0 0.00468702397412763 0.0152931505801839 0
"делали" 0 0.0112523911331158 0 0 0.00873934891850557 0 0.010315659170621 0.00468702397412763 0.00764657529009195 0
"держал" 0 0.00562619556655789 0 0 0 0 0 0.00703053596119144 0.0133815067576609 0
"детьми" 0 0.0337571733993474 0 0 0.00436967445925279 0.00899064972428674 0 0.00234351198706381 0 0
"дилетанты" 0 0 0 0 0 0 0 0 0 0.107758620689655
"доходов" 0 0.00562619556655789 0 0 0 0 0 0.0117175599353191 0.00955821911261494 0
"еврейский" 0.0439775225995602 0 0 0 0 0 0 0.00234351198706381 0.00191164382252299 0
"европейские" 0 0.0112523911331158 0 0.0214945905280504 0.00436967445925279 0.00299688324142891 0 0.00703053596119144 0.00191164382252299 0
"ереси" 0.00488639139995114 0 0 0.00716486350935015 0 0 0 0.00234351198706381 0.0152931505801839 0
"жертв" 0.00488639139995114 0 0.00863632438034373 0 0 0.00299688324142891 0 0.00937404794825526 0.00764657529009195 0
"жуан" 0 0 0 0 0 0 0 0 0.0210280820477529 0
"замечательных" 0 0 0 0.00716486350935015 0.00873934891850557 0 0.030946977511863 0.00234351198706381 0.00764657529009195 0
"замках" 0 0 0 0 0 0 0 0.00937404794825526 0.0133815067576609 0
"заслуживает" 0.00488639139995114 0.00562619556655789 0 0 0.00436967445925279 0.0149844162071446 0 0.00703053596119144 0 0
"зачатки" 0 0.0450095645324632 0 0 0.00873934891850557 0 0 0.00234351198706381 0 0
"здание" 0.00977278279990227 0 0.0172726487606875 0.0286594540374006 0 0.00299688324142891 0 0.00234351198706381 0 0.00979623824451411
"знание" 0 0.0112523911331158 0 0.0143297270187003 0.00873934891850557 0 0.010315659170621 0.00703053596119144 0 0.00979623824451411
"зная" 0 0 0 0 0.00436967445925279 0.0119875329657157 0 0.00703053596119144 0.00382328764504597 0.00979623824451411
"идею" 0.00977278279990227 0.00562619556655789 0.00863632438034373 0 0.00873934891850557 0.00899064972428674 0 0 0.00382328764504597 0
"издания" 0 0 0 0.00716486350935015 0.00436967445925279 0.00599376648285783 0.041262636682484 0.00468702397412763 0.00191164382252299 0
"изменить" 0.00488639139995114 0.0168785866996737 0 0.0214945905280504 0.00436967445925279 0 0.010315659170621 0.00234351198706381 0.00191164382252299 0
"иллюстрации" 0 0 0 0 0 0 0.113472250876831 0 0 0
"имена" 0 0.00562619556655789 0.00863632438034373 0 0.00873934891850557 0.0179812994485735 0 0 0 0.00979623824451411
"индии" 0 0 0 0 0 0 0 0.0117175599353191 0.0114698629351379 0
"инквизиция" 0 0 0 0 0 0 0 0.0140610719223829 0.00955821911261494 0
"иные" 0.00488639139995114 0 0.00863632438034373 0.00716486350935015 0.0174786978370111 0.00599376648285783 0 0 0.00191164382252299 0.00979623824451411
"искал" 0 0.00562619556655789 0.0172726487606875 0.00716486350935015 0.00436967445925279 0 0 0.0117175599353191 0.00191164382252299 0
"исключая" 0.00488639139995114 0.00562619556655789 0 0.00716486350935015 0 0.0179812994485735 0 0 0.00382328764504597 0
"искренне" 0.0439775225995602 0 0 0 0.00436967445925279 0 0 0 0.00191164382252299 0
"исполнения" 0.00488639139995114 0 0.00863632438034373 0.00716486350935015 0 0.0179812994485735 0 0 0.00382328764504597 0
"истинное" 0.00977278279990227 0 0 0.00716486350935015 0.0131090233777584 0.00299688324142891 0.010315659170621 0 0 0.0293887147335423
"историческим" 0.00977278279990227 0 0 0 0.00873934891850557 0.0179812994485735 0 0.00234351198706381 0 0
"историческими" 0 0.0337571733993474 0 0 0.00436967445925279 0.00299688324142891 0 0.00703053596119144 0 0
"итальянцев" 0.00488639139995114 0 0 0 0 0.00299688324142891 0 0.0117175599353191 0.00573493146756896 0.00979623824451411
"каков" 0.00488639139995114 0.0112523911331158 0 0 0.00873934891850557 0.00599376648285783 0 0.00468702397412763 0.00382328764504597 0
"карамзина" 0 0 0 0 0.0262180467555167 0 0.051578295853105 0 0 0
"картин" 0 0 0 0 0 0.0329657156557181 0 0 0 0
"картина" 0 0 0 0 0.0131090233777584 0.0209781826900024 0 0 0 0.00979623824451411
"князем" 0 0.0225047822662316 0.0172726487606875 0 0 0 0.020631318341242 0.00234351198706381 0.00382328764504597 0
"коннетабль" 0 0 0 0 0 0 0 0.00703053596119144 0.0152931505801839 0
"крепости" 0 0 0.0259089731410312 0 0 0.00299688324142891 0 0.00468702397412763 0.00955821911261494 0
"крестьяне" 0.0146591741998534 0.00562619556655789 0.0172726487606875 0 0 0 0 0.00468702397412763 0.00573493146756896 0
"крови" 0.00488639139995114 0 0.00863632438034373 0.00716486350935015 0.0174786978370111 0 0 0.00468702397412763 0 0.0195924764890282
"круга" 0 0.0112523911331158 0.00863632438034373 0.0214945905280504 0.00436967445925279 0.00599376648285783 0.010315659170621 0.00234351198706381 0 0
"кстати" 0.0244319569997557 0 0 0 0.00873934891850557 0.0119875329657157 0 0 0 0
"либералы" 0.0537503053994625 0 0 0 0 0 0 0 0 0
"либеральной" 0.0537503053994625 0 0 0 0 0 0 0 0 0
"линии" 0 0.0225047822662316 0 0 0 0.00599376648285783 0 0.00234351198706381 0.00573493146756896 0.00979623824451411
"лучшим" 0 0.00562619556655789 0 0.00716486350935015 0 0.00299688324142891 0.020631318341242 0.00937404794825526 0.00382328764504597 0
"медленно" 0 0.0168785866996737 0.00863632438034373 0 0.00873934891850557 0 0 0.00937404794825526 0.00191164382252299 0
"мерами" 0.00488639139995114 0.0168785866996737 0.00863632438034373 0 0 0 0 0.00234351198706381 0.00955821911261494 0
"моему" 0 0 0 0.00716486350935015 0 0.0299688324142891 0 0 0 0
"момент" 0.0195455655998045 0 0 0 0 0.00599376648285783 0 0.00703053596119144 0 0.0195924764890282
"московские" 0 0.050635760099021 0 0 0.00873934891850557 0 0 0 0 0
"наверное" 0.00488639139995114 0.00562619556655789 0 0 0 0.00299688324142891 0 0.00468702397412763 0.00955821911261494 0.00979623824451411
"названия" 0 0.0112523911331158 0 0 0.0131090233777584 0.00599376648285783 0.010315659170621 0.00468702397412763 0.00191164382252299 0
"называют" 0.0146591741998534 0.0112523911331158 0 0 0.0131090233777584 0 0 0.00234351198706381 0.00191164382252299 0.00979623824451411
"найдем" 0 0 0 0 0 0 0 0.0234351198706381 0.00191164382252299 0
"намерением" 0 0 0 0.0143297270187003 0.00436967445925279 0.0119875329657157 0 0.00234351198706381 0.00573493146756896 0
"наследие" 0.00488639139995114 0.0112523911331158 0 0 0.00873934891850557 0 0 0.00703053596119144 0.00382328764504597 0.00979623824451411
"настоящий" 0 0.0112523911331158 0 0 0 0.0149844162071446 0 0.00703053596119144 0.00191164382252299 0
"наукой" 0 0 0 0 0 0.00599376648285783 0 0.00703053596119144 0.00191164382252299 0.0489811912225705
"национальной" 0.0146591741998534 0 0 0.00716486350935015 0.00436967445925279 0.00299688324142891 0 0.00703053596119144 0.00382328764504597 0
"начальством" 0.00488639139995114 0.00562619556655789 0 0 0 0 0 0.00234351198706381 0.0152931505801839 0
"нашему" 0.00977278279990227 0.0112523911331158 0 0 0.0174786978370111 0.00299688324142891 0.010315659170621 0.00234351198706381 0 0
"небо" 0 0 0 0 0 0.0179812994485735 0.010315659170621 0 0 0.0391849529780564
"некоторым" 0.00977278279990227 0 0 0.00716486350935015 0.00873934891850557 0.0119875329657157 0 0.00468702397412763 0 0
"немецкий" 0.00488639139995114 0 0 0 0 0.00299688324142891 0 0.00937404794825526 0.00955821911261494 0
"немногих" 0 0.00562619556655789 0.00863632438034373 0.00716486350935015 0.00436967445925279 0.00299688324142891 0.010315659170621 0.00468702397412763 0.00573493146756896 0
"необходимым" 0 0.00562619556655789 0 0 0.00873934891850557 0 0.020631318341242 0.00234351198706381 0.00191164382252299 0.0391849529780564
"несправедливо" 0.00977278279990227 0 0 0 0.00436967445925279 0.00299688324142891 0.010315659170621 0.0117175599353191 0.00191164382252299 0
"нетрудно" 0 0 0 0 0 0 0 0.0187480958965105 0.00573493146756896 0
"новейшие" 0.00488639139995114 0.00562619556655789 0 0.00716486350935015 0.00873934891850557 0 0 0.00937404794825526 0.00382328764504597 0
"обстоятельств" 0 0.00562619556655789 0 0 0.00873934891850557 0 0 0.0117175599353191 0.00573493146756896 0
"общину" 0.00488639139995114 0.00562619556655789 0 0 0.00873934891850557 0.00299688324142891 0 0.0117175599353191 0.00191164382252299 0
"овладел" 0 0 0 0 0 0 0 0.00937404794825526 0.0133815067576609 0
"оправдать" 0 0 0 0 0.0218483722962639 0.00899064972428674 0 0.00234351198706381 0.00382328764504597 0
"оседлости" 0.0537503053994625 0 0 0 0 0 0 0 0 0
"особенную" 0 0 0 0 0.00436967445925279 0.0179812994485735 0.020631318341242 0.00468702397412763 0 0
"оставались" 0.00488639139995114 0 0.00863632438034373 0.0214945905280504 0 0 0 0.00468702397412763 0.00764657529009195 0
"оставив" 0.00488639139995114 0 0 0 0.00436967445925279 0.00599376648285783 0 0.00234351198706381 0.0114698629351379 0
"оставил" 0 0 0 0 0 0 0.020631318341242 0.00937404794825526 0.00955821911261494 0
"остановились" 0 0 0 0 0 0 0 0.00468702397412763 0.0152931505801839 0.00979623824451411
"отделаться" 0.00488639139995114 0 0 0 0.00436967445925279 0.00599376648285783 0.010315659170621 0.00937404794825526 0.00191164382252299 0.00979623824451411
"отделе" 0 0 0 0 0.00873934891850557 0.00299688324142891 0.082525273364968 0 0 0
"открывается" 0 0.00562619556655789 0 0 0.00436967445925279 0.0149844162071446 0 0.00703053596119144 0.00191164382252299 0
"открытие" 0 0 0.00863632438034373 0 0.00436967445925279 0.0179812994485735 0 0.00468702397412763 0 0.00979623824451411
"открытия" 0.00977278279990227 0 0.00863632438034373 0.00716486350935015 0 0.00599376648285783 0 0.00937404794825526 0.00191164382252299 0
"отличались" 0 0 0.00863632438034373 0 0.00436967445925279 0 0 0.0140610719223829 0.00573493146756896 0
"отношениями" 0.00488639139995114 0.0112523911331158 0 0.0214945905280504 0.00436967445925279 0 0.020631318341242 0 0.00382328764504597 0
"отрицания" 0.034204739799658 0.00562619556655789 0 0 0 0 0 0.00468702397412763 0.00191164382252299 0
"отрицать" 0.00977278279990227 0.00562619556655789 0 0 0.0131090233777584 0 0 0.00234351198706381 0 0.0391849529780564
"падает" 0 0.0112523911331158 0 0.0143297270187003 0.00873934891850557 0.00599376648285783 0 0.00234351198706381 0.00191164382252299 0.00979623824451411
"пал" 0 0.00562619556655789 0 0 0.00873934891850557 0 0 0.00703053596119144 0.00955821911261494 0
"папского" 0 0 0 0 0 0.00599376648285783 0 0.00234351198706381 0.0152931505801839 0
"перешли" 0 0 0 0.0286594540374006 0.00436967445925279 0.00599376648285783 0 0.00703053596119144 0.00191164382252299 0
"петербургские" 0.0195455655998045 0 0 0 0.0218483722962639 0 0.020631318341242 0 0 0
"писателя" 0 0 0 0 0.0218483722962639 0.00599376648285783 0.020631318341242 0 0.00382328764504597 0
"плохо" 0 0.00562619556655789 0 0 0 0.00899064972428674 0.010315659170621 0.00703053596119144 0.00573493146756896 0
"победа" 0 0.00562619556655789 0.00863632438034373 0 0.00436967445925279 0 0 0.00937404794825526 0.00764657529009195 0
"победу" 0 0.00562619556655789 0 0 0.00436967445925279 0 0 0.0140610719223829 0.00573493146756896 0
"подвергались" 0 0.0112523911331158 0 0 0 0 0 0.00703053596119144 0.0114698629351379 0
"подданными" 0.0146591741998534 0.00562619556655789 0 0 0 0 0 0.00234351198706381 0.0114698629351379 0
"покровительство" 0 0.00562619556655789 0.0172726487606875 0 0 0 0 0.00234351198706381 0.0133815067576609 0
"политическая" 0 0.0168785866996737 0 0 0 0 0 0.00937404794825526 0.00573493146756896 0.00979623824451411
"политическую" 0.00977278279990227 0.00562619556655789 0 0 0.00436967445925279 0.00299688324142891 0 0.00703053596119144 0.00573493146756896 0
"полного" 0.0195455655998045 0.0112523911331158 0 0 0 0.00899064972428674 0 0.00234351198706381 0 0.00979623824451411
"положением" 0.00977278279990227 0 0 0 0.00436967445925279 0.00299688324142891 0 0.00703053596119144 0.00764657529009195 0
"получило" 0 0.00562619556655789 0.0172726487606875 0.0214945905280504 0 0 0 0.00468702397412763 0.00573493146756896 0
"польского" 0.0293183483997068 0 0.0172726487606875 0 0 0 0 0.00234351198706381 0.00382328764504597 0
"польши" 0.0195455655998045 0 0.00863632438034373 0.00716486350935015 0 0 0 0.00468702397412763 0.00573493146756896 0
"португальцев" 0 0 0 0 0 0 0 0.00468702397412763 0.0172047944027069 0
"последствия" 0 0 0.0172726487606875 0 0.00436967445925279 0.00299688324142891 0 0.00234351198706381 0.0114698629351379 0
"посреди" 0 0 0 0.0214945905280504 0.00873934891850557 0.00299688324142891 0 0.00937404794825526 0.00191164382252299 0
"постановления" 0 0.00562619556655789 0.00863632438034373 0.0143297270187003 0 0 0 0 0.0133815067576609 0
"пошло" 0.00488639139995114 0.00562619556655789 0 0 0.00436967445925279 0.00299688324142891 0.020631318341242 0.00234351198706381 0.00764657529009195 0
"правительством" 0.0293183483997068 0 0 0 0 0 0 0.00468702397412763 0.00573493146756896 0
"предания" 0.00488639139995114 0.00562619556655789 0 0.0358243175467507 0 0.00299688324142891 0 0.00468702397412763 0.00191164382252299 0
"предстояло" 0.00488639139995114 0.0168785866996737 0 0 0.00873934891850557 0 0 0.00468702397412763 0.00573493146756896 0
"прекрасное" 0 0 0.0172726487606875 0 0 0.00899064972428674 0.020631318341242 0.00468702397412763 0 0.0195924764890282
"прибыл" 0 0 0 0 0 0 0 0 0.0210280820477529 0
"признак" 0.00977278279990227 0.0112523911331158 0 0.00716486350935015 0.0131090233777584 0.00299688324142891 0.010315659170621 0 0.00191164382252299 0
"признал" 0.00977278279990227 0 0.00863632438034373 0 0.00436967445925279 0 0 0.00703053596119144 0.00764657529009195 0
"признали" 0.00977278279990227 0 0.0172726487606875 0 0.00436967445925279 0 0 0.00468702397412763 0.00573493146756896 0.00979623824451411
"принадлежали" 0 0 0.00863632438034373 0 0 0 0 0.00703053596119144 0.0133815067576609 0
"присоединились" 0 0.0112523911331158 0.00863632438034373 0 0 0 0 0.00937404794825526 0.00764657529009195 0
"пришла" 0 0.0112523911331158 0.0172726487606875 0 0 0.00299688324142891 0 0.00468702397412763 0.00573493146756896 0.00979623824451411
"пришлось" 0.0146591741998534 0.00562619556655789 0.00863632438034373 0 0 0.00299688324142891 0 0.00468702397412763 0.00573493146756896 0
"про" 0.0195455655998045 0 0 0 0.0131090233777584 0.0119875329657157 0 0 0 0
"произведениях" 0 0 0 0 0.00873934891850557 0.0239750659314313 0 0.00234351198706381 0 0
"произвела" 0.00488639139995114 0 0 0.0214945905280504 0 0.00299688324142891 0 0.00234351198706381 0.00764657529009195 0.00979623824451411
"проникло" 0 0.00562619556655789 0.00863632438034373 0 0.00436967445925279 0 0.010315659170621 0 0.0133815067576609 0
"простого" 0.00977278279990227 0 0 0.00716486350935015 0 0 0.020631318341242 0.00937404794825526 0.00382328764504597 0
"протестантская" 0 0 0 0 0 0 0 0 0.0191164382252299 0.00979623824451411
"протестантской" 0 0 0 0 0 0 0 0 0.0210280820477529 0
"прочее" 0.00488639139995114 0.0112523911331158 0 0 0.00436967445925279 0.0179812994485735 0 0.00234351198706381 0 0
"прошедшее" 0 0 0 0 0.00873934891850557 0.00599376648285783 0 0.00703053596119144 0 0.0391849529780564
"разбиты" 0 0 0.00863632438034373 0 0 0 0 0.00703053596119144 0.0133815067576609 0
"развить" 0 0.0112523911331158 0.00863632438034373 0.00716486350935015 0.0131090233777584 0.00299688324142891 0 0 0.00191164382252299 0.0195924764890282
"различия" 0 0.0168785866996737 0 0.00716486350935015 0.0174786978370111 0 0 0 0.00573493146756896 0
"родом" 0.00488639139995114 0.0168785866996737 0.00863632438034373 0 0 0 0 0.00468702397412763 0.00573493146756896 0.00979623824451411
"родственный" 0 0.0393833689659053 0 0 0.0174786978370111 0 0 0 0 0
"роды" 0 0.050635760099021 0 0 0 0 0 0.00468702397412763 0 0
"самосознания" 0.00488639139995114 0 0 0.0716486350935015 0 0 0 0 0 0
"северных" 0 0.0112523911331158 0.0345452975213749 0 0.00436967445925279 0.00299688324142891 0 0 0.00573493146756896 0
"северо" 0.00977278279990227 0.0112523911331158 0.0345452975213749 0 0.00436967445925279 0 0.010315659170621 0.00234351198706381 0 0
"семейной" 0.00488639139995114 0.0168785866996737 0 0.0143297270187003 0.0174786978370111 0.00299688324142891 0 0 0 0
"сквозь" 0 0 0 0.0286594540374006 0.00436967445925279 0.00299688324142891 0.010315659170621 0 0.00382328764504597 0.0195924764890282
"слава" 0.00488639139995114 0 0.0345452975213749 0 0 0.00299688324142891 0.010315659170621 0.00703053596119144 0.00191164382252299 0
"следствием" 0 0 0.00863632438034373 0.0358243175467507 0 0.00599376648285783 0 0.00234351198706381 0.00191164382252299 0.00979623824451411
"следующий" 0.00977278279990227 0 0 0 0.00873934891850557 0.00599376648285783 0 0.00234351198706381 0.00764657529009195 0
"словах" 0 0 0.0172726487606875 0 0.0131090233777584 0.00599376648285783 0 0.00234351198706381 0.00573493146756896 0
"служил" 0 0.0112523911331158 0.0172726487606875 0 0 0.00599376648285783 0 0.00468702397412763 0.00573493146756896 0
"совершалось" 0 0.00562619556655789 0 0.0214945905280504 0 0 0 0.00937404794825526 0.00573493146756896 0
"современное" 0.0293183483997068 0 0 0.00716486350935015 0 0.00599376648285783 0 0 0.00191164382252299 0.00979623824451411
"создала" 0 0.0112523911331158 0.00863632438034373 0 0.0174786978370111 0.00299688324142891 0.010315659170621 0.00468702397412763 0 0
"сознании" 0.0244319569997557 0 0 0.00716486350935015 0.0174786978370111 0 0 0.00234351198706381 0 0
"сознательно" 0.00488639139995114 0.0112523911331158 0 0 0.0174786978370111 0 0 0 0.00382328764504597 0.0195924764890282
"сообразно" 0 0 0 0 0 0 0 0.0140610719223829 0.00955821911261494 0
"способности" 0 0 0 0.00716486350935015 0.00873934891850557 0.0119875329657157 0 0 0.00764657529009195 0
"становятся" 0.00977278279990227 0.0337571733993474 0 0 0.00436967445925279 0 0 0.00234351198706381 0.00191164382252299 0
"старается" 0.00488639139995114 0 0 0.0143297270187003 0 0.00899064972428674 0 0.00703053596119144 0.00191164382252299 0.00979623824451411
"стихах" 0 0 0 0 0 0.0119875329657157 0.072209614194347 0 0 0
"столкновения" 0.00488639139995114 0.0337571733993474 0 0 0.0131090233777584 0 0 0.00234351198706381 0 0
"стр" 0 0 0 0 0.00873934891850557 0.00899064972428674 0.010315659170621 0.00937404794825526 0.00191164382252299 0
"страдания" 0 0 0.0172726487606875 0.00716486350935015 0.00436967445925279 0 0.020631318341242 0.00468702397412763 0.00382328764504597 0.00979623824451411
"страха" 0.00488639139995114 0 0 0 0.00436967445925279 0 0 0.00234351198706381 0.0133815067576609 0.00979623824451411
"страшный" 0.00488639139995114 0.00562619556655789 0 0 0 0.00899064972428674 0.010315659170621 0.00468702397412763 0.00573493146756896 0
"суть" 0.00977278279990227 0 0 0.0143297270187003 0.00873934891850557 0.00599376648285783 0.010315659170621 0.00468702397412763 0 0
"театра" 0 0.00562619556655789 0 0 0 0.0269719491728602 0 0.00234351198706381 0 0
"томов" 0 0 0 0.00716486350935015 0 0.00899064972428674 0.010315659170621 0.0117175599353191 0.00191164382252299 0
"торговых" 0 0 0.0172726487606875 0.00716486350935015 0.00873934891850557 0 0 0.00468702397412763 0.00764657529009195 0
"торжественно" 0.00977278279990227 0 0.00863632438034373 0 0 0.00299688324142891 0 0.00234351198706381 0.00955821911261494 0.00979623824451411
"турки" 0 0 0.00863632438034373 0 0 0.00299688324142891 0 0.0164045839094467 0.00382328764504597 0
"удовольствия" 0 0 0 0.0143297270187003 0 0.0239750659314313 0 0 0.00191164382252299 0
"ужас" 0 0 0.0172726487606875 0 0.00873934891850557 0.0119875329657157 0 0 0.00382328764504597 0.00979623824451411
"укажем" 0 0.00562619556655789 0 0 0.00436967445925279 0 0 0.00703053596119144 0.0114698629351379 0
"умный" 0.00488639139995114 0 0 0 0 0.00299688324142891 0.010315659170621 0.00234351198706381 0.0133815067576609 0
"университетах" 0.00977278279990227 0 0 0 0 0 0 0.0117175599353191 0.00764657529009195 0
"уничтожить" 0.00977278279990227 0.0168785866996737 0.0172726487606875 0.00716486350935015 0 0 0 0.00234351198706381 0.00382328764504597 0
"упадка" 0 0.0168785866996737 0 0.00716486350935015 0 0.0149844162071446 0 0.00468702397412763 0 0
"упорно" 0.00977278279990227 0 0 0.00716486350935015 0 0.00599376648285783 0 0.00234351198706381 0.00573493146756896 0.0195924764890282
"управлять" 0.00488639139995114 0.00562619556655789 0.00863632438034373 0.0286594540374006 0.00436967445925279 0 0 0 0.00573493146756896 0
"услуги" 0.00488639139995114 0 0 0 0 0 0 0.0117175599353191 0.00955821911261494 0
"участвовал" 0 0 0 0 0 0 0 0.0117175599353191 0.00955821911261494 0.00979623824451411
"ученый" 0 0 0 0 0 0.00299688324142891 0 0.00937404794825526 0.00764657529009195 0.0195924764890282
"фамилия" 0 0 0 0 0 0 0 0.00468702397412763 0.0172047944027069 0
"феодальное" 0 0.0112523911331158 0 0.00716486350935015 0 0 0 0.0164045839094467 0 0.00979623824451411
"феодальной" 0 0.00562619556655789 0 0 0 0 0 0.0234351198706381 0 0
"характеру" 0.00488639139995114 0.00562619556655789 0 0.00716486350935015 0 0.00299688324142891 0 0.00703053596119144 0.00573493146756896 0.00979623824451411
"христиана" 0 0 0 0 0 0 0 0 0.0210280820477529 0
"христианских" 0.00977278279990227 0 0.0172726487606875 0.0143297270187003 0 0 0 0.0117175599353191 0 0
"человеческих" 0 0 0.0259089731410312 0.00716486350935015 0.00436967445925279 0.00899064972428674 0 0.00468702397412763 0.00191164382252299 0
"читая" 0 0 0.00863632438034373 0 0.0131090233777584 0 0.020631318341242 0.00937404794825526 0 0.00979623824451411
"член" 0 0.00562619556655789 0 0.0214945905280504 0 0 0 0.00703053596119144 0.00764657529009195 0
"членами" 0 0.0225047822662316 0 0 0 0 0 0.00234351198706381 0.0114698629351379 0
"швеция" 0 0 0.0431816219017186 0 0 0 0 0.00937404794825526 0.00382328764504597 0
"элемента" 0.0146591741998534 0.0168785866996737 0 0.0143297270187003 0 0.00299688324142891 0 0.00234351198706381 0.00191164382252299 0
"энергии" 0 0.00562619556655789 0 0 0.0131090233777584 0.0119875329657157 0 0 0.00573493146756896 0
"января" 0.00977278279990227 0 0 0 0 0 0.010315659170621 0 0.0152931505801839 0
"яснее" 0 0 0.00863632438034373 0.0143297270187003 0 0.0119875329657157 0 0.00234351198706381 0.00191164382252299 0.0195924764890282
"debats" 0 0 0 0 0 0.0329657156557181 0 0 0 0
"n" 0.00977278279990227 0 0 0 0.00873934891850557 0.00899064972428674 0 0.00234351198706381 0.00382328764504597 0.00979623824451411
"p" 0 0 0.00863632438034373 0 0 0 0 0 0.0191164382252299 0
"автором" 0 0 0 0 0.0174786978370111 0.0149844162071446 0 0 0.00191164382252299 0
"автору" 0 0 0 0 0.0218483722962639 0.00899064972428674 0.020631318341242 0 0 0
"адашев" 0 0 0.0777269194230935 0 0.00436967445925279 0 0 0 0 0
"баронов" 0 0 0 0 0 0.00299688324142891 0 0.0187480958965105 0.00191164382252299 0
"бессознательно" 0 0.0225047822662316 0 0.00716486350935015 0.00873934891850557 0 0 0.00234351198706381 0.00191164382252299 0.00979623824451411
"битве" 0 0 0 0 0 0 0 0.0117175599353191 0.00955821911261494 0
"блестящий" 0 0 0 0 0 0.0119875329657157 0 0.00468702397412763 0.00573493146756896 0.00979623824451411
"близко" 0.00488639139995114 0 0 0 0 0.0119875329657157 0 0 0.00764657529009195 0.00979623824451411
"бога" 0.0146591741998534 0.00562619556655789 0 0.00716486350935015 0.00873934891850557 0.00299688324142891 0.020631318341242 0 0 0
"богатое" 0.00488639139995114 0 0 0 0 0.00299688324142891 0.010315659170621 0.00703053596119144 0.00764657529009195 0
"большинство" 0.00977278279990227 0 0 0 0.00436967445925279 0 0 0.00468702397412763 0.00573493146756896 0.0195924764890282
"бургундии" 0 0 0 0 0 0 0 0.0164045839094467 0.00573493146756896 0
"бывало" 0.00977278279990227 0.0112523911331158 0 0 0 0.00299688324142891 0.010315659170621 0.00937404794825526 0 0
"важности" 0 0 0 0 0 0.0149844162071446 0 0.00937404794825526 0.00191164382252299 0
"ведет" 0 0.0112523911331158 0 0.00716486350935015 0.00873934891850557 0 0.020631318341242 0.00468702397412763 0.00191164382252299 0
"великая" 0 0 0.00863632438034373 0 0 0 0 0.00703053596119144 0.00955821911261494 0.00979623824451411
"великими" 0 0.0112523911331158 0.00863632438034373 0 0.00436967445925279 0 0.010315659170621 0.00937404794825526 0.00191164382252299 0
"верований" 0.0146591741998534 0 0 0.00716486350935015 0.00436967445925279 0 0 0.00703053596119144 0.00382328764504597 0
"веча" 0 0.0281309778327895 0.0172726487606875 0 0.0131090233777584 0 0 0 0 0
"владельцев" 0 0 0 0 0 0 0 0.0234351198706381 0 0
"владельцу" 0 0 0 0 0 0 0 0.0234351198706381 0 0
"вначале" 0 0 0 0.0143297270187003 0 0.00299688324142891 0 0.00703053596119144 0.00764657529009195 0
"внешний" 0.00488639139995114 0 0 0.0358243175467507 0.00436967445925279 0 0 0.00234351198706381 0.00382328764504597 0
"внутренние" 0 0.0168785866996737 0 0.00716486350935015 0.00436967445925279 0 0 0.00468702397412763 0.00573493146756896 0
"внутренним" 0.00977278279990227 0 0 0.0214945905280504 0 0.00299688324142891 0 0.00234351198706381 0.00191164382252299 0.0195924764890282
"возникло" 0.00488639139995114 0.00562619556655789 0 0.00716486350935015 0 0 0 0.0140610719223829 0.00191164382252299 0
"волю" 0.00488639139995114 0.00562619556655789 0.0172726487606875 0 0.00436967445925279 0.00299688324142891 0 0.00234351198706381 0.00573493146756896 0
"вопросом" 0.0195455655998045 0 0 0 0.00436967445925279 0.00599376648285783 0 0 0.00573493146756896 0
"вопросу" 0.0293183483997068 0 0 0 0 0.0119875329657157 0 0 0 0
"воспитан" 0.00488639139995114 0.00562619556655789 0.00863632438034373 0 0 0 0 0.00234351198706381 0.0114698629351379 0
"воспитания" 0.00977278279990227 0 0 0.00716486350935015 0.00436967445925279 0 0 0.00703053596119144 0.00573493146756896 0
"восточных" 0 0.0112523911331158 0 0.0286594540374006 0 0.00299688324142891 0 0.00468702397412763 0.00191164382252299 0
"вошли" 0 0 0 0 0 0 0 0.0210916078835743 0.00191164382252299 0
"враги" 0 0.00562619556655789 0.00863632438034373 0.00716486350935015 0 0 0.010315659170621 0.00468702397412763 0.00764657529009195 0
"временем" 0.00488639139995114 0.00562619556655789 0.0172726487606875 0 0.00436967445925279 0 0.010315659170621 0.00703053596119144 0.00191164382252299 0
"всеобщее" 0 0 0 0.00716486350935015 0.00436967445925279 0.00599376648285783 0 0 0.00191164382252299 0.0489811912225705
"всеобщей" 0 0 0 0 0 0 0.010315659170621 0.0187480958965105 0.00191164382252299 0
"всею" 0.00977278279990227 0 0.0172726487606875 0.0286594540374006 0 0.00299688324142891 0.010315659170621 0 0 0
"вступали" 0 0 0.0172726487606875 0 0 0 0 0.0164045839094467 0.00191164382252299 0
"второго" 0 0.0168785866996737 0 0 0.0131090233777584 0.0119875329657157 0 0 0 0
"вывод" 0.00488639139995114 0 0.00863632438034373 0.0358243175467507 0.0131090233777584 0 0 0 0 0
"выражает" 0 0.00562619556655789 0 0.0143297270187003 0.00873934891850557 0.0119875329657157 0 0 0 0.00979623824451411
"выразить" 0.00488639139995114 0 0.00863632438034373 0.0143297270187003 0 0.00299688324142891 0 0.00234351198706381 0.00764657529009195 0
"генрихом" 0 0 0 0 0 0 0 0.00468702397412763 0.0152931505801839 0
"германских" 0 0.00562619556655789 0 0 0.0131090233777584 0 0 0.0117175599353191 0 0.00979623824451411
"герцогов" 0 0 0 0 0 0 0 0.0187480958965105 0.00382328764504597 0
"глубине" 0.00488639139995114 0 0 0.0214945905280504 0.0131090233777584 0.00599376648285783 0 0 0 0.00979623824451411
"глубокую" 0 0.00562619556655789 0 0 0.00436967445925279 0.00299688324142891 0 0.0117175599353191 0.00382328764504597 0
"гордость" 0 0 0.0172726487606875 0.0143297270187003 0 0.00599376648285783 0 0.00703053596119144 0 0.00979623824451411
"гордостью" 0 0 0.0172726487606875 0.00716486350935015 0 0.00299688324142891 0 0.00937404794825526 0.00382328764504597 0
"гражданского" 0.00488639139995114 0.0112523911331158 0.00863632438034373 0.00716486350935015 0 0.00599376648285783 0 0.00468702397412763 0.00191164382252299 0
"границы" 0.00977278279990227 0.00562619556655789 0.0172726487606875 0.0143297270187003 0 0.00299688324142891 0 0 0.00382328764504597 0
"грозного" 0 0.00562619556655789 0.0345452975213749 0 0.0174786978370111 0.00299688324142891 0 0 0 0
"дало" 0 0.00562619556655789 0.00863632438034373 0 0.0131090233777584 0 0 0.00468702397412763 0.00573493146756896 0
"движению" 0.00977278279990227 0 0 0 0.00436967445925279 0.00599376648285783 0 0.00468702397412763 0.00573493146756896 0
"действовала" 0 0.0112523911331158 0 0 0 0 0 0.00937404794825526 0.00764657529009195 0
"делакруа" 0 0 0 0 0 0.0299688324142891 0 0 0 0
"держать" 0.0146591741998534 0 0 0 0 0.00299688324142891 0 0 0.0114698629351379 0
"днях" 0 0 0 0 0 0.0269719491728602 0.010315659170621 0 0 0
"добровольно" 0.00488639139995114 0.00562619556655789 0 0.0358243175467507 0.00436967445925279 0 0 0.00234351198706381 0.00191164382252299 0
"догматов" 0 0.00562619556655789 0 0 0 0 0 0.00234351198706381 0.0152931505801839 0
"договор" 0 0 0 0 0 0 0 0.00937404794825526 0.0114698629351379 0
"дороги" 0.00488639139995114 0 0.00863632438034373 0 0 0.00899064972428674 0 0.00468702397412763 0.00191164382252299 0.0195924764890282
"еврейское" 0.0439775225995602 0 0 0 0 0 0 0.00234351198706381 0 0
"евреях" 0.0439775225995602 0 0 0 0 0 0 0.00234351198706381 0 0
"екатерина" 0 0 0 0 0 0 0 0 0.0191164382252299 0
"живо" 0 0.00562619556655789 0.00863632438034373 0.0143297270187003 0.00436967445925279 0.00599376648285783 0 0.00234351198706381 0.00191164382252299 0.00979623824451411
"задачу" 0.0195455655998045 0 0.00863632438034373 0 0.00436967445925279 0.00299688324142891 0.010315659170621 0 0.00382328764504597 0
"заключалась" 0 0.00562619556655789 0 0.0358243175467507 0.00436967445925279 0 0 0.00468702397412763 0.00191164382252299 0
"заключить" 0 0.00562619556655789 0 0 0 0.00599376648285783 0 0.00703053596119144 0.00764657529009195 0
"заметим" 0 0.0112523911331158 0 0.00716486350935015 0.0174786978370111 0 0 0.00468702397412763 0.00191164382252299 0
"замечательны" 0 0 0 0 0 0.0119875329657157 0.020631318341242 0.00234351198706381 0.00573493146756896 0
"замечательный" 0.00488639139995114 0 0 0 0.00436967445925279 0.00599376648285783 0.010315659170621 0.00468702397412763 0.00573493146756896 0
"заниматься" 0 0 0 0 0 0.0119875329657157 0 0.00937404794825526 0.00382328764504597 0
"затем" 0.0146591741998534 0 0 0 0.00873934891850557 0.00599376648285783 0 0.00234351198706381 0.00382328764504597 0
"зло" 0.0244319569997557 0.00562619556655789 0.00863632438034373 0 0.00873934891850557 0 0 0.00234351198706381 0 0
"знамя" 0.034204739799658 0 0 0 0.00436967445925279 0 0 0.00234351198706381 0.00191164382252299 0
"играла" 0 0.00562619556655789 0 0 0 0.00299688324142891 0 0.00703053596119144 0.00955821911261494 0
"идеями" 0.00488639139995114 0 0 0 0 0 0 0.0140610719223829 0.00573493146756896 0
"известия" 0.0146591741998534 0.00562619556655789 0 0 0 0.00599376648285783 0 0.00703053596119144 0.00191164382252299 0
"известное" 0 0 0 0 0.0131090233777584 0.00299688324142891 0 0.00937404794825526 0 0.0195924764890282
"извне" 0.00488639139995114 0.0225047822662316 0 0 0.00873934891850557 0 0.020631318341242 0 0 0.00979623824451411
"издавна" 0.00977278279990227 0.0112523911331158 0 0 0.0131090233777584 0 0 0.00234351198706381 0.00382328764504597 0
"имений" 0 0.0168785866996737 0 0 0 0 0 0.00703053596119144 0.00764657529009195 0
"имущества" 0.0195455655998045 0 0 0 0 0 0 0 0.0114698629351379 0
"имущество" 0.0293183483997068 0.00562619556655789 0 0 0 0 0 0.00234351198706381 0.00382328764504597 0
"интересах" 0.00977278279990227 0.0225047822662316 0 0.00716486350935015 0 0 0 0.00468702397412763 0.00191164382252299 0
"искали" 0 0.00562619556655789 0.00863632438034373 0 0 0 0 0.0117175599353191 0.00382328764504597 0.00979623824451411
"испанской" 0 0 0 0 0 0 0 0 0.0191164382252299 0
"итальянцы" 0.00488639139995114 0 0 0 0 0.00299688324142891 0 0.00937404794825526 0.00764657529009195 0
"кавелин" 0 0 0 0 0.0436967445925279 0 0 0 0 0
"кардинала" 0 0 0 0 0 0 0 0.00234351198706381 0.0172047944027069 0
"католическим" 0 0 0 0.00716486350935015 0 0 0 0 0.0172047944027069 0
"количество" 0 0 0 0.00716486350935015 0 0.0149844162071446 0.010315659170621 0.00468702397412763 0.00191164382252299 0
"кончилось" 0 0 0 0 0 0 0 0.00703053596119144 0.0114698629351379 0.00979623824451411
"корни" 0 0 0 0.0143297270187003 0.00436967445925279 0.00299688324142891 0 0 0.00955821911261494 0.00979623824451411
"красоты" 0.00488639139995114 0 0.00863632438034373 0.0143297270187003 0.00436967445925279 0.00299688324142891 0 0 0 0.0391849529780564
"критику" 0.00977278279990227 0.00562619556655789 0 0 0.00873934891850557 0.00899064972428674 0.020631318341242 0 0 0
"лекции" 0 0 0 0 0 0.00299688324142891 0.010315659170621 0.0140610719223829 0.00382328764504597 0
"ленник" 0 0 0 0 0 0 0 0.0234351198706381 0 0
"летописи" 0 0.00562619556655789 0.00863632438034373 0 0.0174786978370111 0 0 0.00937404794825526 0 0
"лиги" 0 0 0 0 0 0 0 0 0.0191164382252299 0
"ловко" 0.00488639139995114 0 0 0 0 0.0119875329657157 0 0.00468702397412763 0.00382328764504597 0.00979623824451411
"логического" 0 0 0 0.0644837715841513 0.00436967445925279 0 0 0 0 0
"массу" 0.00488639139995114 0 0 0 0 0.00899064972428674 0 0.00468702397412763 0.00573493146756896 0.00979623824451411
"медичисов" 0 0 0 0 0 0 0 0.0140610719223829 0.00764657529009195 0
"местных" 0.00977278279990227 0 0 0.00716486350935015 0.00436967445925279 0 0 0.00703053596119144 0.00573493146756896 0
"многими" 0 0.00562619556655789 0 0 0 0.0149844162071446 0.010315659170621 0.00234351198706381 0.00382328764504597 0
"многом" 0 0 0 0.0214945905280504 0.0131090233777584 0 0 0.00234351198706381 0.00573493146756896 0
"мною" 0 0 0 0.00716486350935015 0 0.0269719491728602 0 0 0 0
"надеяться" 0 0.0112523911331158 0.00863632438034373 0.00716486350935015 0 0.0119875329657157 0 0 0.00382328764504597 0
"наемников" 0 0 0 0 0 0 0 0.00468702397412763 0.0152931505801839 0
"называет" 0.00488639139995114 0.00562619556655789 0 0 0.0174786978370111 0.00599376648285783 0 0.00234351198706381 0.00191164382252299 0
"наказание" 0.00977278279990227 0.00562619556655789 0.0345452975213749 0 0 0.00599376648285783 0 0.00234351198706381 0 0
"налогов" 0 0 0 0 0 0 0 0.00937404794825526 0.0114698629351379 0
"наоборот" 0.00977278279990227 0.00562619556655789 0 0 0.00873934891850557 0.0149844162071446 0 0 0 0
"наперед" 0 0.00562619556655789 0 0 0 0.00299688324142891 0 0.0117175599353191 0.00573493146756896 0
"народных" 0 0 0.00863632438034373 0.0143297270187003 0.00873934891850557 0.00299688324142891 0 0.00234351198706381 0.00573493146756896 0
"насилия" 0.00488639139995114 0.0112523911331158 0.0172726487606875 0 0.00873934891850557 0 0 0.00703053596119144 0 0
"наслаждения" 0 0 0 0.00716486350935015 0 0.0239750659314313 0 0 0.00191164382252299 0
"настоящую" 0 0 0 0.00716486350935015 0.00436967445925279 0.00899064972428674 0.020631318341242 0.00234351198706381 0.00382328764504597 0
"находятся" 0.00488639139995114 0 0.00863632438034373 0 0 0.0119875329657157 0 0.00468702397412763 0.00191164382252299 0.00979623824451411
"невежество" 0 0.0112523911331158 0.0172726487606875 0.00716486350935015 0.00873934891850557 0 0 0 0.00573493146756896 0
"невольно" 0.0195455655998045 0.0112523911331158 0 0.00716486350935015 0.00436967445925279 0 0.020631318341242 0 0 0
"недрах" 0 0 0.00863632438034373 0 0 0.00299688324142891 0 0.00703053596119144 0.00955821911261494 0
"неё" 0 0 0.0777269194230935 0 0 0 0 0 0 0.00979623824451411
"некоторого" 0.00488639139995114 0 0 0 0 0.0119875329657157 0 0.00234351198706381 0.00764657529009195 0
"ничто" 0.0146591741998534 0.00562619556655789 0 0 0 0 0 0.00468702397412763 0.00191164382252299 0.0293887147335423
"нужны" 0 0.0225047822662316 0 0 0.00873934891850557 0.00299688324142891 0 0.00234351198706381 0.00382328764504597 0
"обвинение" 0.00488639139995114 0.00562619556655789 0 0 0.0131090233777584 0 0 0 0.00573493146756896 0.0195924764890282
"оборот" 0.00977278279990227 0 0 0 0 0.00299688324142891 0 0.00468702397412763 0.00955821911261494 0
"образовался" 0 0 0 0.00716486350935015 0 0.00299688324142891 0 0.00937404794825526 0.00764657529009195 0
"обратил" 0 0 0 0 0.00436967445925279 0 0 0.00703053596119144 0.0114698629351379 0
"обществ" 0.0195455655998045 0 0.00863632438034373 0 0.00873934891850557 0.00599376648285783 0 0.00234351198706381 0 0
"общественным" 0.0195455655998045 0 0 0.0143297270187003 0.0131090233777584 0 0 0.00234351198706381 0 0
"обществу" 0.00488639139995114 0 0.00863632438034373 0 0.0131090233777584 0.00299688324142891 0.020631318341242 0.00234351198706381 0.00191164382252299 0
"общую" 0 0.00562619556655789 0 0.0358243175467507 0.00436967445925279 0 0 0.00468702397412763 0.00191164382252299 0
"объясняет" 0.00488639139995114 0.00562619556655789 0.00863632438034373 0 0.00873934891850557 0.0119875329657157 0 0.00234351198706381 0 0
"овладеть" 0 0 0 0 0 0 0.010315659170621 0.00234351198706381 0.0152931505801839 0
"оранского" 0 0 0 0 0 0 0 0 0.0191164382252299 0
"основанное" 0.00488639139995114 0.0225047822662316 0 0 0.00436967445925279 0.00299688324142891 0.020631318341242 0.00234351198706381 0 0
"основные" 0 0 0 0.0286594540374006 0.00873934891850557 0.00599376648285783 0 0.00234351198706381 0.00191164382252299 0
"оставаться" 0 0.00562619556655789 0.00863632438034373 0.00716486350935015 0.00436967445925279 0.00599376648285783 0.010315659170621 0.00234351198706381 0.00191164382252299 0.00979623824451411
"оставляя" 0.00977278279990227 0.00562619556655789 0.00863632438034373 0.00716486350935015 0.00873934891850557 0 0.010315659170621 0.00234351198706381 0.00191164382252299 0
"останется" 0 0 0.00863632438034373 0 0.00873934891850557 0.00299688324142891 0.030946977511863 0.00234351198706381 0.00382328764504597 0
"отвлеченной" 0.00488639139995114 0 0 0.0214945905280504 0.0174786978370111 0 0 0 0.00191164382252299 0.00979623824451411
"отдельного" 0.00977278279990227 0 0 0.0143297270187003 0 0.00299688324142891 0 0.00937404794825526 0.00191164382252299 0
"открытий" 0 0 0 0.00716486350935015 0 0.00299688324142891 0 0.0187480958965105 0 0
"относится" 0 0.0112523911331158 0 0 0.00436967445925279 0 0 0.0140610719223829 0.00191164382252299 0
"отсутствием" 0 0.0112523911331158 0.0172726487606875 0 0.00873934891850557 0.00599376648285783 0 0.00234351198706381 0.00191164382252299 0
"очерк" 0 0 0 0 0.00436967445925279 0.00299688324142891 0.061893955023726 0.00234351198706381 0 0.00979623824451411
"память" 0.00488639139995114 0 0.0345452975213749 0.00716486350935015 0 0.00299688324142891 0 0.00468702397412763 0.00191164382252299 0
"парижский" 0 0 0 0 0 0 0 0.0117175599353191 0.00955821911261494 0
"партиями" 0 0 0 0 0 0 0.010315659170621 0.00234351198706381 0.0152931505801839 0
"переворота" 0 0.00562619556655789 0 0.00716486350935015 0.00436967445925279 0.00599376648285783 0.010315659170621 0.00234351198706381 0.00382328764504597 0.00979623824451411
"переходит" 0 0.0225047822662316 0 0 0.00873934891850557 0.00299688324142891 0 0 0.00382328764504597 0.00979623824451411
"периода" 0.0146591741998534 0.0112523911331158 0 0 0.00873934891850557 0.00299688324142891 0.010315659170621 0.00234351198706381 0 0
"печать" 0.00977278279990227 0.0168785866996737 0 0 0.00873934891850557 0 0 0.00468702397412763 0 0.00979623824451411
"планы" 0 0 0 0 0 0.00299688324142891 0 0.00468702397412763 0.0133815067576609 0
"плод" 0.00488639139995114 0 0 0 0.0131090233777584 0.00299688324142891 0 0 0 0.0489811912225705
"повторяем" 0.0244319569997557 0 0 0 0.0131090233777584 0 0 0 0.00382328764504597 0
"подал" 0 0 0 0 0 0.00299688324142891 0.010315659170621 0 0.0152931505801839 0
"покорность" 0 0.00562619556655789 0.0172726487606875 0 0 0.00299688324142891 0 0 0.00955821911261494 0.00979623824451411
"получает" 0.00977278279990227 0.00562619556655789 0.00863632438034373 0 0 0.00599376648285783 0 0.00468702397412763 0.00382328764504597 0
"получал" 0 0 0 0 0 0 0 0.0140610719223829 0.00764657529009195 0
"польша" 0 0 0.0172726487606875 0 0 0 0 0.00234351198706381 0.0133815067576609 0
"польше" 0.00488639139995114 0 0.00863632438034373 0 0 0 0 0.00234351198706381 0.0133815067576609 0
"поля" 0.00488639139995114 0 0 0 0 0 0 0.00703053596119144 0.00955821911261494 0.00979623824451411
"помогать" 0 0 0 0 0 0.00299688324142891 0 0.00703053596119144 0.00955821911261494 0.00979623824451411
"понимания" 0 0 0 0 0 0.0119875329657157 0 0.00703053596119144 0.00382328764504597 0.00979623824451411
"поставил" 0.00488639139995114 0 0 0 0 0.00299688324142891 0 0.00468702397412763 0.00764657529009195 0.0195924764890282
"потеряла" 0 0 0 0 0.00873934891850557 0.00899064972428674 0 0.00703053596119144 0.00382328764504597 0
"появление" 0 0.0112523911331158 0 0 0.00436967445925279 0.0119875329657157 0 0.00234351198706381 0.00191164382252299 0.00979623824451411
"православной" 0 0 0 0.0644837715841513 0 0 0.010315659170621 0 0 0
"правы" 0 0.00562619556655789 0 0 0.0131090233777584 0.00299688324142891 0.020631318341242 0 0 0.0293887147335423
"предлогом" 0 0.00562619556655789 0 0 0 0.00299688324142891 0 0.00703053596119144 0.00955821911261494 0
"предрассудков" 0.00488639139995114 0 0 0.00716486350935015 0.00873934891850557 0 0 0.00937404794825526 0 0.0195924764890282
"представляется" 0.0146591741998534 0.0112523911331158 0.0259089731410312 0 0.00436967445925279 0.00299688324142891 0 0 0 0
"прежнее" 0 0.0112523911331158 0.0172726487606875 0.00716486350935015 0.00873934891850557 0 0 0.00234351198706381 0.00382328764504597 0
"преступлений" 0.00977278279990227 0 0.00863632438034373 0 0.00436967445925279 0 0 0.00468702397412763 0.00764657529009195 0
"призвание" 0.0244319569997557 0.00562619556655789 0 0 0.00436967445925279 0.00299688324142891 0.010315659170621 0 0.00191164382252299 0
"признавая" 0.0146591741998534 0 0 0 0.00873934891850557 0.00299688324142891 0 0.00468702397412763 0.00191164382252299 0.00979623824451411
"принесли" 0 0.0168785866996737 0.00863632438034373 0.00716486350935015 0.0174786978370111 0 0 0.00234351198706381 0 0
"присутствие" 0.00977278279990227 0 0 0 0.0174786978370111 0.0119875329657157 0 0 0 0
"приходит" 0.00488639139995114 0 0 0.00716486350935015 0 0.00599376648285783 0.020631318341242 0.00234351198706381 0 0.0293887147335423
"причину" 0.00977278279990227 0.00562619556655789 0 0 0 0.0119875329657157 0 0.00234351198706381 0.00191164382252299 0.00979623824451411
"пришло" 0 0.0112523911331158 0 0 0.00436967445925279 0.0119875329657157 0 0.00234351198706381 0.00191164382252299 0.00979623824451411
"произвело" 0 0 0 0.0143297270187003 0 0.00899064972428674 0 0.00234351198706381 0.00764657529009195 0
"проникнуть" 0 0 0.0172726487606875 0.0286594540374006 0 0.00299688324142891 0 0.00234351198706381 0.00382328764504597 0
"проповедь" 0.00488639139995114 0.00562619556655789 0.0172726487606875 0.00716486350935015 0 0.00299688324142891 0 0.00234351198706381 0.00573493146756896 0
"простой" 0.00488639139995114 0.00562619556655789 0 0 0.0131090233777584 0.00599376648285783 0 0.00703053596119144 0 0
"простота" 0 0 0.00863632438034373 0.0214945905280504 0 0.00299688324142891 0.030946977511863 0.00234351198706381 0 0.00979623824451411
"протестантизм" 0 0.00562619556655789 0 0 0.00873934891850557 0 0 0 0.0114698629351379 0.00979623824451411
"протестантского" 0 0 0 0 0 0 0 0 0.0191164382252299 0
"противоположные" 0 0.00562619556655789 0.00863632438034373 0 0.0131090233777584 0.00299688324142891 0 0 0.00191164382252299 0.0293887147335423
"противопоставить" 0.00488639139995114 0.00562619556655789 0 0 0 0 0 0.0117175599353191 0.00573493146756896 0
"противоречие" 0.0244319569997557 0 0 0.0214945905280504 0.00873934891850557 0 0 0 0 0
"процесса" 0.00488639139995114 0 0 0.0143297270187003 0.00873934891850557 0.00899064972428674 0 0.00234351198706381 0.00191164382252299 0
"прочие" 0 0.0281309778327895 0 0 0.00436967445925279 0.00299688324142891 0 0.00468702397412763 0.00191164382252299 0
"прочих" 0.00977278279990227 0.0281309778327895 0 0 0 0 0 0.00468702397412763 0.00191164382252299 0
"рабство" 0 0 0.0431816219017186 0 0.00436967445925279 0 0 0.00937404794825526 0 0
"равнодушно" 0 0.00562619556655789 0 0 0.0131090233777584 0.00299688324142891 0 0.00234351198706381 0.00764657529009195 0
"развилась" 0 0 0 0.0286594540374006 0 0 0 0.00468702397412763 0.00573493146756896 0.00979623824451411
"развились" 0 0.00562619556655789 0.00863632438034373 0.00716486350935015 0.00873934891850557 0 0 0.00703053596119144 0.00382328764504597 0
"разуметь" 0.00488639139995114 0.00562619556655789 0.00863632438034373 0 0.00873934891850557 0 0 0.00468702397412763 0.00382328764504597 0.00979623824451411
"распространение" 0.00977278279990227 0 0.00863632438034373 0 0 0 0 0.00937404794825526 0.00573493146756896 0
"рейхлин" 0 0 0 0 0 0 0 0.0210916078835743 0.00191164382252299 0
"религиозное" 0.00488639139995114 0 0 0.00716486350935015 0.00436967445925279 0 0 0.00937404794825526 0.00573493146756896 0
"религиозным" 0.0146591741998534 0 0 0 0.00436967445925279 0.00299688324142891 0 0.00468702397412763 0.00573493146756896 0
"республики" 0.00488639139995114 0 0 0 0 0 0 0.0187480958965105 0.00191164382252299 0
"реформ" 0.00488639139995114 0.0393833689659053 0 0 0.00436967445925279 0 0 0 0.00191164382252299 0
"решительный" 0 0.0112523911331158 0.00863632438034373 0.0214945905280504 0 0.00599376648285783 0 0 0.00382328764504597 0
"римское" 0 0 0 0.0286594540374006 0.00436967445925279 0 0 0.00937404794825526 0.00191164382252299 0
"родовые" 0 0.0225047822662316 0 0 0.00873934891850557 0 0 0.00468702397412763 0.00382328764504597 0
"родства" 0 0.00562619556655789 0 0 0.0262180467555167 0 0 0.00468702397412763 0.00191164382252299 0
"романа" 0 0 0 0 0.00436967445925279 0.00599376648285783 0.061893955023726 0 0.00191164382252299 0
"русском" 0.00488639139995114 0.00562619556655789 0.0172726487606875 0.0143297270187003 0.00873934891850557 0 0.010315659170621 0.00234351198706381 0 0
"сановников" 0 0 0.00863632438034373 0 0 0 0 0.00937404794825526 0.00955821911261494 0
"светских" 0 0 0.00863632438034373 0.00716486350935015 0 0 0 0.0140610719223829 0.00382328764504597 0
"святых" 0 0 0 0.0214945905280504 0 0 0.030946977511863 0.00234351198706381 0.00573493146756896 0
"сейма" 0 0 0 0 0 0 0 0.00234351198706381 0.0172047944027069 0
"сел" 0 0.00562619556655789 0 0 0 0 0 0.00937404794825526 0.00764657529009195 0.00979623824451411
"семейных" 0 0 0.00863632438034373 0.0286594540374006 0.00436967445925279 0.00599376648285783 0 0.00234351198706381 0.00191164382252299 0
"семейство" 0 0 0 0 0.00436967445925279 0.00599376648285783 0 0.0117175599353191 0.00382328764504597 0
"сен" 0 0 0 0 0 0.0149844162071446 0 0.00937404794825526 0.00191164382252299 0
"системе" 0.00488639139995114 0.00562619556655789 0 0.00716486350935015 0.00873934891850557 0.00599376648285783 0 0.00234351198706381 0.00382328764504597 0
"скажу" 0 0 0 0.0143297270187003 0 0.0239750659314313 0 0 0 0
"славою" 0 0 0.0431816219017186 0 0 0 0 0.00234351198706381 0.00764657529009195 0
"славянских" 0.00488639139995114 0.00562619556655789 0.0345452975213749 0 0.00873934891850557 0 0 0.00468702397412763 0 0
"славянского" 0 0.0281309778327895 0 0 0.0174786978370111 0.00299688324142891 0 0 0 0
"следующем" 0 0 0 0 0.00436967445925279 0 0 0.00468702397412763 0.0133815067576609 0
"служат" 0.00977278279990227 0.00562619556655789 0 0 0.00436967445925279 0.00599376648285783 0 0.00468702397412763 0.00382328764504597 0
"смелый" 0 0 0.00863632438034373 0 0 0 0 0.00234351198706381 0.0152931505801839 0
"совершенного" 0.00488639139995114 0.00562619556655789 0.00863632438034373 0.00716486350935015 0.00436967445925279 0.0119875329657157 0 0 0.00191164382252299 0
"совокупности" 0 0 0 0.0573189080748012 0.00873934891850557 0 0 0 0 0
"современника" 0 0 0 0 0.0305877212147695 0.00899064972428674 0 0 0 0
"согласно" 0.00488639139995114 0.0112523911331158 0 0.0143297270187003 0.00873934891850557 0 0 0.00468702397412763 0.00191164382252299 0
"соединялись" 0 0 0 0 0 0 0 0.00703053596119144 0.0133815067576609 0
"состоял" 0 0.00562619556655789 0.00863632438034373 0 0 0 0 0.00703053596119144 0.00955821911261494 0
"сохранить" 0 0.00562619556655789 0 0.00716486350935015 0.00436967445925279 0.00299688324142891 0 0.00703053596119144 0.00573493146756896 0
"сочинении" 0 0 0 0 0 0.00299688324142891 0.010315659170621 0.00703053596119144 0.00764657529009195 0.00979623824451411
"союзы" 0 0.0225047822662316 0 0 0.00873934891850557 0 0 0.00937404794825526 0 0
"способ" 0 0.00562619556655789 0 0.00716486350935015 0.0131090233777584 0.0119875329657157 0 0 0.00191164382252299 0
"стенами" 0 0 0.0172726487606875 0.0143297270187003 0 0.00299688324142891 0 0.00703053596119144 0.00382328764504597 0
"стоило" 0 0 0 0.00716486350935015 0.00436967445925279 0.00299688324142891 0.010315659170621 0.00703053596119144 0 0.0293887147335423
"странным" 0.00977278279990227 0.00562619556655789 0 0.00716486350935015 0.00436967445925279 0.00599376648285783 0.010315659170621 0.00234351198706381 0.00191164382252299 0
"страстей" 0 0 0.00863632438034373 0 0.00436967445925279 0.00899064972428674 0.020631318341242 0 0.00573493146756896 0
"стремился" 0.00488639139995114 0 0.0172726487606875 0.0143297270187003 0.00436967445925279 0.00299688324142891 0 0 0.00191164382252299 0.0195924764890282
"судов" 0.00977278279990227 0 0 0 0 0 0 0.00937404794825526 0.00764657529009195 0
"судом" 0.00488639139995114 0.00562619556655789 0.0172726487606875 0.00716486350935015 0 0 0 0.00703053596119144 0.00382328764504597 0
"судьбы" 0.00488639139995114 0.00562619556655789 0 0 0 0 0.010315659170621 0.0117175599353191 0.00382328764504597 0
"султана" 0 0 0.0172726487606875 0 0 0 0 0.0164045839094467 0.00191164382252299 0
"существовали" 0 0.00562619556655789 0 0 0.00873934891850557 0 0 0.0117175599353191 0.00191164382252299 0.00979623824451411
"сходство" 0 0.0168785866996737 0 0 0.00436967445925279 0.0119875329657157 0 0.00468702397412763 0 0
"считает" 0 0 0 0 0.00436967445925279 0.0119875329657157 0.010315659170621 0.00234351198706381 0.00191164382252299 0.0195924764890282
"считали" 0 0.00562619556655789 0.00863632438034373 0 0 0 0.010315659170621 0.0140610719223829 0.00191164382252299 0
"считать" 0.00488639139995114 0 0.00863632438034373 0 0.00436967445925279 0.00599376648285783 0 0.00234351198706381 0.00382328764504597 0.0195924764890282
"такими" 0 0.0112523911331158 0 0 0 0.00299688324142891 0.010315659170621 0.00468702397412763 0.00764657529009195 0
"такому" 0.0195455655998045 0 0 0 0 0.00299688324142891 0 0.00468702397412763 0.00191164382252299 0.0195924764890282
"талмуда" 0.0488639139995114 0 0 0 0 0 0 0 0 0
"татар" 0 0 0.0777269194230935 0 0.00436967445925279 0 0 0 0 0
"татары" 0 0.0112523911331158 0.0431816219017186 0.00716486350935015 0.00436967445925279 0.00299688324142891 0 0 0 0
"тело" 0 0.0112523911331158 0.00863632438034373 0.0143297270187003 0 0.00299688324142891 0 0.00234351198706381 0.00191164382252299 0.0195924764890282
"темные" 0.00488639139995114 0 0 0 0.0218483722962639 0 0 0.00703053596119144 0.00191164382252299 0
"теорий" 0 0.0112523911331158 0.00863632438034373 0 0 0.0119875329657157 0 0.00234351198706381 0.00382328764504597 0
"тесной" 0 0.00562619556655789 0 0.00716486350935015 0.00436967445925279 0 0 0.0117175599353191 0.00191164382252299 0.00979623824451411
"тысячи" 0.0146591741998534 0 0.00863632438034373 0 0.00873934891850557 0.00299688324142891 0.010315659170621 0.00468702397412763 0 0
"убеждениям" 0.00977278279990227 0 0 0.0358243175467507 0 0 0 0.00234351198706381 0.00382328764504597 0
"устранить" 0.00488639139995114 0 0.00863632438034373 0 0 0 0 0.00234351198706381 0.0133815067576609 0
"уступки" 0 0 0.00863632438034373 0 0 0 0 0.00703053596119144 0.0114698629351379 0
"уступок" 0.00488639139995114 0 0 0 0 0.00299688324142891 0 0.00937404794825526 0.00764657529009195 0
"участи" 0.00488639139995114 0 0 0 0 0.00899064972428674 0 0.00937404794825526 0.00382328764504597 0
"учению" 0.00488639139995114 0 0 0 0 0 0 0.00234351198706381 0.0152931505801839 0
"учиться" 0 0.00562619556655789 0 0 0 0 0 0.00937404794825526 0.00955821911261494 0
"феодальный" 0 0.00562619556655789 0 0 0 0 0 0.0210916078835743 0 0
"характеров" 0 0 0 0.00716486350935015 0.00436967445925279 0.00599376648285783 0.020631318341242 0.00703053596119144 0.00191164382252299 0
"христианин" 0.034204739799658 0 0.0172726487606875 0 0 0 0 0.00234351198706381 0 0
"целым" 0.00488639139995114 0.0112523911331158 0.00863632438034373 0.0143297270187003 0.00436967445925279 0 0.010315659170621 0.00234351198706381 0.00191164382252299 0
"церковные" 0.00488639139995114 0 0.00863632438034373 0.0143297270187003 0.00436967445925279 0 0 0.00703053596119144 0.00382328764504597 0
"чужой" 0.0146591741998534 0 0 0 0.00873934891850557 0.00899064972428674 0 0.00234351198706381 0 0.00979623824451411
"чуть" 0.0146591741998534 0.0112523911331158 0 0 0 0.00899064972428674 0.020631318341242 0 0 0
"шесть" 0.00488639139995114 0 0 0 0 0.00599376648285783 0.010315659170621 0.00234351198706381 0.00955821911261494 0
"эмансипации" 0.0439775225995602 0 0 0.00716486350935015 0 0 0 0 0 0
"этою" 0 0.00562619556655789 0 0.00716486350935015 0.00436967445925279 0.0119875329657157 0.010315659170621 0 0.00382328764504597 0
"южную" 0 0 0.00863632438034373 0 0 0 0 0.00234351198706381 0.0152931505801839 0
"юношей" 0 0 0 0 0 0 0 0 0.0172047944027069 0.00979623824451411
"юридические" 0 0.0112523911331158 0 0.0214945905280504 0.00436967445925279 0 0 0.00937404794825526 0 0
"юридических" 0 0.0225047822662316 0 0 0.0131090233777584 0.00299688324142891 0 0.00468702397412763 0 0
"юридической" 0 0.0225047822662316 0 0.00716486350935015 0.00873934891850557 0.00299688324142891 0 0.00234351198706381 0.00191164382252299 0
"языком" 0.00488639139995114 0.00562619556655789 0 0 0 0 0.010315659170621 0.00468702397412763 0.00573493146756896 0.0195924764890282
"ярослава" 0 0.0562619556655789 0 0 0 0 0 0 0 0
"академии" 0 0 0 0 0 0.0119875329657157 0.020631318341242 0.00468702397412763 0.00191164382252299 0
"альбрехт" 0 0 0 0 0 0 0 0 0.0172047944027069 0
"альбы" 0 0 0 0 0 0 0 0 0.0172047944027069 0
"беда" 0.00977278279990227 0 0 0 0.00873934891850557 0.00899064972428674 0.010315659170621 0 0 0.00979623824451411
"берегах" 0 0 0.0431816219017186 0 0 0 0 0.00468702397412763 0.00382328764504597 0
"бесплодно" 0 0 0.00863632438034373 0 0.00436967445925279 0.00299688324142891 0.010315659170621 0.00468702397412763 0.00382328764504597 0.00979623824451411
"близких" 0 0.0112523911331158 0 0.00716486350935015 0.00436967445925279 0 0.010315659170621 0.00468702397412763 0.00382328764504597 0
"богатство" 0 0 0.00863632438034373 0.0143297270187003 0 0.00299688324142891 0 0.00937404794825526 0.00191164382252299 0
"боясь" 0 0 0.0172726487606875 0 0 0.00299688324142891 0 0.00703053596119144 0.00382328764504597 0.00979623824451411
"брали" 0 0.0168785866996737 0 0 0 0 0 0.00937404794825526 0.00382328764504597 0
"братство" 0 0 0.00863632438034373 0 0.0174786978370111 0 0 0.00937404794825526 0 0
"брафмана" 0.0439775225995602 0 0 0 0 0 0 0 0 0
"будущее" 0.0146591741998534 0 0.0259089731410312 0.00716486350935015 0 0 0 0.00468702397412763 0 0
"бывают" 0 0 0 0 0.00436967445925279 0.0149844162071446 0.010315659170621 0 0.00382328764504597 0
"бытие" 0.034204739799658 0 0 0 0 0 0 0 0.00191164382252299 0.00979623824451411
"важным" 0.00488639139995114 0.0168785866996737 0 0 0.00436967445925279 0.00599376648285783 0 0.00468702397412763 0 0
"ввел" 0 0 0 0 0.00873934891850557 0 0.010315659170621 0.00703053596119144 0.00573493146756896 0
"ввести" 0 0.0112523911331158 0 0 0.00436967445925279 0 0 0.00234351198706381 0.00955821911261494 0
"веках" 0 0 0.00863632438034373 0 0.00873934891850557 0 0 0.0140610719223829 0 0
"величайших" 0 0.0112523911331158 0 0 0.00436967445925279 0 0 0.00468702397412763 0.00764657529009195 0
"верит" 0.00488639139995114 0.00562619556655789 0 0 0 0.0149844162071446 0 0.00234351198706381 0.00191164382252299 0
"верования" 0.0146591741998534 0 0 0.00716486350935015 0.00436967445925279 0 0.010315659170621 0 0.00191164382252299 0.0195924764890282
"видят" 0.00488639139995114 0 0 0 0.0131090233777584 0.00299688324142891 0 0.00468702397412763 0 0.0195924764890282
"византии" 0 0.00562619556655789 0 0.0214945905280504 0.00873934891850557 0.00299688324142891 0 0.00468702397412763 0 0
"владениям" 0 0.00562619556655789 0 0 0 0 0 0.0140610719223829 0.00382328764504597 0
"вожди" 0.00488639139995114 0 0 0 0 0 0 0.00703053596119144 0.00955821911261494 0
"возвратился" 0 0 0 0 0 0 0 0.00937404794825526 0.00764657529009195 0.00979623824451411
"воображение" 0 0.00562619556655789 0 0 0.0131090233777584 0 0 0.00234351198706381 0.00764657529009195 0
"воспоминание" 0 0.0112523911331158 0 0 0 0.00599376648285783 0.010315659170621 0.00234351198706381 0.00382328764504597 0.00979623824451411
"врага" 0 0.00562619556655789 0 0 0 0.00299688324142891 0 0 0.0133815067576609 0
"врагом" 0.00488639139995114 0 0.00863632438034373 0 0 0 0 0.00937404794825526 0.00573493146756896 0
"вражда" 0 0 0.0172726487606875 0 0.00436967445925279 0 0 0.00468702397412763 0.00764657529009195 0
"враждебные" 0 0 0 0 0 0.00299688324142891 0 0.00703053596119144 0.00955821911261494 0
"вреда" 0.00977278279990227 0 0 0.00716486350935015 0.00436967445925279 0.00299688324142891 0 0.00468702397412763 0.00382328764504597 0
"вселенской" 0.00488639139995114 0 0 0.0573189080748012 0 0 0 0 0 0
"встречаем" 0 0.0112523911331158 0 0 0 0 0 0.0140610719223829 0.00191164382252299 0
"встречается" 0 0 0 0.00716486350935015 0.0131090233777584 0.00899064972428674 0 0.00234351198706381 0.00191164382252299 0
"вступили" 0 0 0.00863632438034373 0 0.00436967445925279 0 0 0.00937404794825526 0.00573493146756896 0
"высказал" 0 0 0 0 0.00873934891850557 0 0 0.00468702397412763 0.00955821911261494 0
"газетах" 0.0439775225995602 0 0 0 0 0 0 0 0 0
"германские" 0 0.0112523911331158 0 0 0.00436967445925279 0 0 0.0117175599353191 0 0.00979623824451411
"германский" 0.00488639139995114 0 0.00863632438034373 0 0.0218483722962639 0 0 0 0 0.0195924764890282
"героев" 0 0 0 0 0.00436967445925279 0.0119875329657157 0.030946977511863 0 0 0.00979623824451411
"герцоги" 0 0 0 0 0 0 0 0.0140610719223829 0.00573493146756896 0
"герцогом" 0 0 0 0 0 0 0 0.00703053596119144 0.0114698629351379 0
"гессенский" 0 0 0 0 0 0 0 0 0.0172047944027069 0
"гизы" 0 0 0 0 0 0 0 0 0.0172047944027069 0
"гоголя" 0 0 0 0 0.0262180467555167 0 0.030946977511863 0 0 0
"гонение" 0 0 0 0 0 0.00299688324142891 0 0.0117175599353191 0.00573493146756896 0
"городских" 0.0195455655998045 0 0 0 0 0 0 0.00937404794825526 0.00191164382252299 0
"городской" 0.00977278279990227 0 0.00863632438034373 0 0.00436967445925279 0 0 0.0117175599353191 0 0
"горячо" 0.00977278279990227 0 0 0 0 0 0 0.00234351198706381 0.0114698629351379 0
"государственное" 0.00488639139995114 0.00562619556655789 0.00863632438034373 0.00716486350935015 0.00873934891850557 0 0 0.00234351198706381 0.00382328764504597 0
"государственном" 0 0.0393833689659053 0 0 0.00873934891850557 0 0 0 0 0
"государственную" 0 0.00562619556655789 0.0172726487606875 0 0.0131090233777584 0 0 0.00234351198706381 0.00382328764504597 0
"гражданском" 0 0.0225047822662316 0 0 0.0174786978370111 0.00299688324142891 0 0 0 0
"греческой" 0 0.00562619556655789 0.00863632438034373 0.0143297270187003 0 0 0 0.0117175599353191 0 0
"груди" 0 0.00562619556655789 0 0 0.00436967445925279 0.0119875329657157 0 0 0 0.0293887147335423
"данное" 0 0 0 0 0 0.00299688324142891 0.010315659170621 0.00468702397412763 0.00955821911261494 0
"даровитый" 0 0 0 0 0 0 0.010315659170621 0.00468702397412763 0.0114698629351379 0
"двору" 0 0 0 0 0 0.00299688324142891 0 0.00468702397412763 0.0114698629351379 0
"дворца" 0 0 0 0 0 0.0179812994485735 0 0.00468702397412763 0.00191164382252299 0
"добродетелей" 0 0.00562619556655789 0.0259089731410312 0.00716486350935015 0.00436967445925279 0.00299688324142891 0 0.00468702397412763 0 0
"добрые" 0.00488639139995114 0 0.0259089731410312 0 0.00436967445925279 0 0 0.00234351198706381 0.00191164382252299 0.0195924764890282
"долю" 0.00488639139995114 0 0 0 0.00436967445925279 0.00299688324142891 0.020631318341242 0.00234351198706381 0.00382328764504597 0.00979623824451411
"допустить" 0.0146591741998534 0 0 0 0 0.00299688324142891 0.010315659170621 0 0.00573493146756896 0.00979623824451411
"драмы" 0 0 0 0 0 0.0179812994485735 0.020631318341242 0.00234351198706381 0 0
"древним" 0 0 0.00863632438034373 0 0.00436967445925279 0.00299688324142891 0 0.0117175599353191 0 0.00979623824451411
"друзей" 0.00488639139995114 0 0 0 0 0.00299688324142891 0.010315659170621 0.00234351198706381 0.00764657529009195 0.00979623824451411
"друзья" 0 0 0 0 0 0 0.010315659170621 0.00468702397412763 0.00573493146756896 0.0293887147335423
"еврейская" 0.0439775225995602 0 0 0 0 0 0 0 0 0
"желая" 0.00977278279990227 0 0 0 0 0.00599376648285783 0.020631318341242 0.00468702397412763 0.00191164382252299 0
"живые" 0 0.0112523911331158 0 0.0214945905280504 0 0.00299688324142891 0.010315659170621 0.00234351198706381 0 0.00979623824451411
"живых" 0 0 0.0259089731410312 0.00716486350935015 0.00436967445925279 0.00299688324142891 0.020631318341242 0 0 0.00979623824451411
"зависимости" 0.0146591741998534 0.00562619556655789 0 0 0 0 0 0.00937404794825526 0.00191164382252299 0
"заметили" 0 0 0 0.0143297270187003 0 0.00299688324142891 0 0.00468702397412763 0.00764657529009195 0
"замечательное" 0 0.00562619556655789 0 0 0.00436967445925279 0.00299688324142891 0 0.0117175599353191 0.00191164382252299 0
"замке" 0 0 0 0 0 0 0 0.0164045839094467 0.00382328764504597 0
"занятия" 0 0 0 0.00716486350935015 0 0.00899064972428674 0.010315659170621 0.00468702397412763 0 0.0195924764890282
"заодно" 0.00488639139995114 0 0 0 0 0.00599376648285783 0 0 0.00764657529009195 0.0195924764890282
"заслуга" 0 0 0 0 0 0.00299688324142891 0.041262636682484 0.00234351198706381 0.00573493146756896 0
"заставил" 0 0 0.00863632438034373 0.00716486350935015 0 0.00299688324142891 0 0.00703053596119144 0.00573493146756896 0
"защиту" 0.0195455655998045 0.00562619556655789 0.00863632438034373 0 0 0 0 0.00703053596119144 0 0
"зрелище" 0.00488639139995114 0.00562619556655789 0 0 0 0.0119875329657157 0 0.00468702397412763 0.00191164382252299 0
"идут" 0 0.0112523911331158 0 0 0 0.00899064972428674 0.010315659170621 0.00234351198706381 0 0.0195924764890282
"известий" 0.0146591741998534 0 0 0 0 0 0.010315659170621 0.00703053596119144 0.00382328764504597 0
"известность" 0.00488639139995114 0 0 0 0.00436967445925279 0.00299688324142891 0 0.00703053596119144 0.00573493146756896 0
"иоанну" 0 0.0281309778327895 0 0 0.00436967445925279 0.00299688324142891 0 0 0.00382328764504597 0
"искренно" 0.0244319569997557 0.00562619556655789 0 0 0.0131090233777584 0 0 0 0 0
"искусно" 0 0.0112523911331158 0 0.0214945905280504 0 0 0 0 0.00764657529009195 0
"истинно" 0.0195455655998045 0 0 0 0 0.00299688324142891 0.030946977511863 0 0 0.00979623824451411
"историческом" 0.00488639139995114 0.00562619556655789 0 0.0143297270187003 0.0131090233777584 0 0 0.00234351198706381 0.00191164382252299 0
"казань" 0 0 0.0777269194230935 0 0 0 0 0 0 0
"классической" 0 0 0 0 0 0 0 0.00937404794825526 0.00764657529009195 0.00979623824451411
"классы" 0 0 0 0.0214945905280504 0 0.00299688324142891 0 0.0117175599353191 0 0
"князе" 0 0.0112523911331158 0.0172726487606875 0 0 0 0 0.0117175599353191 0 0
"князю" 0 0.0281309778327895 0.00863632438034373 0 0 0 0 0 0.00573493146756896 0
"кое" 0.0146591741998534 0 0.00863632438034373 0 0 0 0 0.00937404794825526 0 0.00979623824451411
"короли" 0.00488639139995114 0 0 0 0 0.00299688324142891 0 0.00937404794825526 0.00382328764504597 0.00979623824451411
"ландскнехтов" 0 0 0 0 0 0 0 0 0.0172047944027069 0
"легкой" 0 0 0 0 0 0 0.072209614194347 0 0.00191164382252299 0.00979623824451411
"литературной" 0 0.00562619556655789 0 0 0.0262180467555167 0.00299688324142891 0.010315659170621 0 0 0
"лицом" 0 0.0112523911331158 0.0172726487606875 0 0 0.00299688324142891 0 0.00468702397412763 0.00382328764504597 0
"лишена" 0 0 0 0.0143297270187003 0.00436967445925279 0.00599376648285783 0.020631318341242 0.00234351198706381 0.00191164382252299 0
"лишенный" 0 0 0 0 0 0.00299688324142891 0.010315659170621 0.00234351198706381 0.0114698629351379 0
"логики" 0.0244319569997557 0 0 0.00716486350935015 0.00436967445925279 0.00299688324142891 0 0.00234351198706381 0 0
"ложное" 0.00977278279990227 0 0 0.00716486350935015 0.0174786978370111 0.00299688324142891 0 0 0 0.00979623824451411
"ложь" 0.0146591741998534 0 0 0.0143297270187003 0 0.00899064972428674 0 0 0 0.00979623824451411
"лучшего" 0 0.0168785866996737 0 0 0.00436967445925279 0.00599376648285783 0.010315659170621 0 0.00382328764504597 0
"людовика" 0 0 0 0 0 0.0209781826900024 0 0.00468702397412763 0 0
"манеру" 0 0 0 0 0.0131090233777584 0.0149844162071446 0.010315659170621 0 0 0
"материалов" 0 0 0 0.0143297270187003 0 0.00899064972428674 0 0.00234351198706381 0.00382328764504597 0.00979623824451411
"мая" 0.00488639139995114 0 0 0 0 0.00299688324142891 0 0 0.0114698629351379 0.00979623824451411
"меньшей" 0.0293183483997068 0 0.00863632438034373 0 0 0.00299688324142891 0 0 0.00191164382252299 0
"мимоходом" 0 0.00562619556655789 0.0172726487606875 0 0.0174786978370111 0.00299688324142891 0 0 0 0.00979623824451411
"минуты" 0 0.00562619556655789 0 0.0143297270187003 0.00873934891850557 0.00599376648285783 0.010315659170621 0 0.00191164382252299 0
"мишле" 0 0 0 0 0 0.0209781826900024 0 0.00234351198706381 0.00191164382252299 0
"мнении" 0.00488639139995114 0 0 0.0143297270187003 0.00436967445925279 0 0 0.00468702397412763 0.00573493146756896 0
"многим" 0 0.0168785866996737 0 0 0 0.00599376648285783 0 0.00234351198706381 0.00382328764504597 0.00979623824451411
"могущественное" 0 0 0 0 0 0 0 0.0117175599353191 0.00764657529009195 0
"монастыри" 0 0 0.0259089731410312 0.0214945905280504 0 0 0 0 0.00573493146756896 0
"монголов" 0 0 0.0604542706624061 0 0.00436967445925279 0 0 0.00234351198706381 0 0
"московской" 0.00488639139995114 0.0168785866996737 0.00863632438034373 0 0.00873934891850557 0 0.020631318341242 0 0 0
"надолго" 0 0.0168785866996737 0.00863632438034373 0 0.00873934891850557 0.00299688324142891 0 0.00234351198706381 0.00191164382252299 0
"назначен" 0 0 0 0 0 0.00299688324142891 0 0.00234351198706381 0.0133815067576609 0
"наполеона" 0 0.0112523911331158 0 0 0 0.00299688324142891 0 0 0 0.0587774294670846
"наравне" 0.00977278279990227 0.00562619556655789 0 0.0143297270187003 0.00436967445925279 0.00599376648285783 0 0.00234351198706381 0 0
"настолько" 0.00977278279990227 0 0 0 0.00436967445925279 0.00299688324142891 0 0.00703053596119144 0.00191164382252299 0.00979623824451411
"находя" 0 0.00562619556655789 0 0 0.00873934891850557 0.00899064972428674 0 0.00468702397412763 0 0.00979623824451411
"находят" 0 0 0 0 0 0.00899064972428674 0 0.00703053596119144 0 0.0293887147335423
"национальные" 0 0.0168785866996737 0 0 0.0131090233777584 0 0 0.00234351198706381 0 0.0195924764890282
"национальный" 0.00977278279990227 0.0112523911331158 0 0 0.0131090233777584 0 0 0 0.00191164382252299 0.00979623824451411
"национальным" 0.00488639139995114 0.00562619556655789 0 0 0.0131090233777584 0.00299688324142891 0.010315659170621 0 0.00382328764504597 0
"начальник" 0 0.00562619556655789 0 0 0 0 0 0.00234351198706381 0.0133815067576609 0
"начальника" 0 0.0225047822662316 0 0 0.00873934891850557 0.00299688324142891 0.010315659170621 0 0.00191164382252299 0
"начальником" 0 0.00562619556655789 0 0 0 0 0 0.00468702397412763 0.0114698629351379 0
"начинали" 0 0.0112523911331158 0.0172726487606875 0 0.00873934891850557 0 0 0 0.00573493146756896 0
"невозможность" 0 0.00562619556655789 0.00863632438034373 0 0.00436967445925279 0 0 0 0.00573493146756896 0.0293887147335423
"недовольны" 0 0.00562619556655789 0 0 0 0 0 0 0.0114698629351379 0.0195924764890282
"недостаточно" 0.00488639139995114 0 0 0 0.00436967445925279 0 0 0.0117175599353191 0.00191164382252299 0.00979623824451411
"неизвестно" 0 0 0 0 0.0131090233777584 0.00599376648285783 0.010315659170621 0 0.00382328764504597 0.00979623824451411
"неминуемо" 0 0.00562619556655789 0 0.0214945905280504 0.00873934891850557 0 0 0.00234351198706381 0.00382328764504597 0
"немцы" 0.00488639139995114 0 0.0172726487606875 0.0143297270187003 0 0.00299688324142891 0 0.00468702397412763 0.00191164382252299 0
"необходимое" 0 0.0225047822662316 0 0.0143297270187003 0.00873934891850557 0.00299688324142891 0 0 0 0
"необычайно" 0 0 0 0 0 0.00299688324142891 0 0.0117175599353191 0.00573493146756896 0
"неприязненные" 0 0.0281309778327895 0 0 0.00873934891850557 0 0 0 0.00382328764504597 0
"ноги" 0.00977278279990227 0 0 0 0 0.0209781826900024 0 0 0 0
"носит" 0.00488639139995114 0.00562619556655789 0 0 0.00436967445925279 0.00299688324142891 0.010315659170621 0.00234351198706381 0.00382328764504597 0.00979623824451411
"носят" 0 0.00562619556655789 0 0 0 0.00899064972428674 0 0.00468702397412763 0.00573493146756896 0
"ноября" 0 0 0 0 0 0.00899064972428674 0 0.0117175599353191 0.00191164382252299 0
"нравственному" 0.0146591741998534 0.00562619556655789 0 0 0.00436967445925279 0.00599376648285783 0 0 0.00191164382252299 0.00979623824451411
"нравственность" 0 0 0.00863632438034373 0.00716486350935015 0 0 0 0.00937404794825526 0.00573493146756896 0
"нравственный" 0.00488639139995114 0 0.00863632438034373 0 0.00436967445925279 0 0 0.0117175599353191 0.00191164382252299 0
"нравственным" 0.0244319569997557 0 0.00863632438034373 0.00716486350935015 0.00436967445925279 0 0 0 0.00191164382252299 0
"нынешнего" 0 0 0 0 0.00436967445925279 0.0149844162071446 0 0.00468702397412763 0.00191164382252299 0
"нынче" 0 0 0 0.00716486350935015 0 0.00899064972428674 0 0 0 0.0489811912225705
"обещания" 0.00488639139995114 0 0 0 0 0.00299688324142891 0 0.00468702397412763 0.00955821911261494 0
"областных" 0 0.0393833689659053 0.00863632438034373 0 0.00436967445925279 0 0 0 0 0
"образовании" 0.00488639139995114 0.00562619556655789 0 0 0.0131090233777584 0.00899064972428674 0 0.00234351198706381 0 0
"обратили" 0.00488639139995114 0 0.0172726487606875 0.0143297270187003 0 0.00299688324142891 0 0 0.00382328764504597 0.00979623824451411
"общественная" 0.0146591741998534 0 0 0.0214945905280504 0.00436967445925279 0.00599376648285783 0 0 0 0
"общественном" 0.00488639139995114 0.0225047822662316 0 0.0143297270187003 0 0.00299688324142891 0 0 0.00191164382252299 0
"объявила" 0 0 0.00863632438034373 0 0 0.00899064972428674 0 0.00234351198706381 0.00764657529009195 0
"объявить" 0.00488639139995114 0 0 0 0 0.00899064972428674 0 0.00468702397412763 0.00573493146756896 0
"обязанностей" 0.00488639139995114 0 0.0259089731410312 0.0143297270187003 0.00436967445925279 0 0 0.00234351198706381 0.00191164382252299 0
"огромный" 0 0 0.00863632438034373 0 0 0 0 0.0117175599353191 0.00382328764504597 0.00979623824451411
"оказались" 0.00488639139995114 0 0 0 0 0 0.010315659170621 0.00468702397412763 0.00955821911261494 0
"оперы" 0 0 0 0 0 0.0269719491728602 0 0 0 0
"определены" 0 0.0112523911331158 0 0 0.00873934891850557 0 0 0.00937404794825526 0.00191164382252299 0
"оранский" 0 0 0 0 0 0 0 0 0.0172047944027069 0
"орденов" 0 0.00562619556655789 0 0 0 0 0 0.0140610719223829 0.00382328764504597 0
"оружие" 0 0 0 0 0 0 0 0.00703053596119144 0.0114698629351379 0
"оружием" 0 0.0112523911331158 0.00863632438034373 0 0 0 0 0.00703053596119144 0.00573493146756896 0
"освободить" 0.00488639139995114 0.0112523911331158 0 0 0 0.00599376648285783 0 0.00468702397412763 0.00191164382252299 0.00979623824451411
"основанные" 0 0.0168785866996737 0 0.00716486350935015 0.00436967445925279 0 0 0.00468702397412763 0 0.0195924764890282
"основать" 0 0.00562619556655789 0 0.00716486350935015 0.00436967445925279 0 0 0.00468702397412763 0.00764657529009195 0
"основное" 0 0.00562619556655789 0 0.00716486350935015 0.0218483722962639 0.00599376648285783 0 0 0 0
"основы" 0.034204739799658 0 0 0.00716486350935015 0.00436967445925279 0 0 0 0 0
"особые" 0.0293183483997068 0 0 0.0143297270187003 0 0 0 0.00234351198706381 0 0
"остаться" 0.00488639139995114 0 0 0 0.00873934891850557 0.00599376648285783 0 0.00234351198706381 0.00382328764504597 0.00979623824451411
"открыто" 0.0195455655998045 0 0 0 0 0.00299688324142891 0 0.00468702397412763 0.00382328764504597 0
"отличие" 0.0146591741998534 0.00562619556655789 0 0 0.00436967445925279 0 0 0.00703053596119144 0.00191164382252299 0
"относятся" 0.00488639139995114 0.00562619556655789 0 0 0.00436967445925279 0.00299688324142891 0.010315659170621 0.00937404794825526 0 0
"ошибка" 0 0.0112523911331158 0.00863632438034373 0 0.00873934891850557 0.00299688324142891 0.010315659170621 0.00234351198706381 0.00191164382252299 0
"павел" 0 0 0 0 0 0 0 0.00468702397412763 0.0133815067576609 0
"памяти" 0 0 0.00863632438034373 0 0.00873934891850557 0.00299688324142891 0.010315659170621 0 0.00573493146756896 0.00979623824451411
"первыми" 0 0.00562619556655789 0 0 0.00436967445925279 0 0 0.00468702397412763 0.00955821911261494 0
"перестали" 0 0.0112523911331158 0 0.00716486350935015 0 0.00299688324142891 0 0.00234351198706381 0.00573493146756896 0.00979623824451411
"перестают" 0.0146591741998534 0.0281309778327895 0 0 0 0 0 0.00234351198706381 0 0
"погибли" 0 0 0.00863632438034373 0 0.00436967445925279 0.00599376648285783 0 0.00937404794825526 0.00191164382252299 0
"подвиг" 0 0.00562619556655789 0.0259089731410312 0 0.00873934891850557 0 0 0.00234351198706381 0.00191164382252299 0.00979623824451411
"поднять" 0.00488639139995114 0.00562619556655789 0 0 0.00436967445925279 0.0119875329657157 0 0.00234351198706381 0 0.00979623824451411
"покорности" 0 0.00562619556655789 0 0 0 0.00299688324142891 0 0.00234351198706381 0.0114698629351379 0
"полагали" 0 0 0.0259089731410312 0 0 0 0 0.00937404794825526 0.00191164382252299 0.00979623824451411
"полагают" 0 0 0 0.0214945905280504 0.00873934891850557 0.00599376648285783 0 0.00468702397412763 0 0
"поле" 0 0 0 0 0 0.00299688324142891 0 0.00703053596119144 0.00382328764504597 0.0293887147335423
"политике" 0.0146591741998534 0 0 0 0 0.00599376648285783 0 0.00234351198706381 0.00382328764504597 0.00979623824451411
"политическим" 0 0.00562619556655789 0 0 0.00436967445925279 0 0 0.00937404794825526 0.00573493146756896 0
"политическом" 0.00977278279990227 0.0168785866996737 0 0.00716486350935015 0 0 0 0.00234351198706381 0.00382328764504597 0
"полным" 0 0 0 0.00716486350935015 0.00873934891850557 0.00599376648285783 0.010315659170621 0.00234351198706381 0.00191164382252299 0.00979623824451411
"положил" 0 0 0 0 0 0.00599376648285783 0 0.00703053596119144 0.00764657529009195 0
"поневоле" 0.00488639139995114 0 0.00863632438034373 0.00716486350935015 0.0131090233777584 0 0 0.00234351198706381 0.00382328764504597 0
"понимаем" 0 0 0 0 0.0262180467555167 0 0.020631318341242 0 0 0.00979623824451411
"попытку" 0 0 0 0 0.00436967445925279 0 0 0.00937404794825526 0.00764657529009195 0
"попыток" 0 0.00562619556655789 0 0.00716486350935015 0 0.00599376648285783 0 0.00468702397412763 0.00573493146756896 0
"порядке" 0 0 0.00863632438034373 0.0143297270187003 0.00873934891850557 0 0 0.00468702397412763 0.00191164382252299 0.00979623824451411
"поселения" 0.00488639139995114 0.0450095645324632 0 0 0 0 0 0 0 0
"постоянной" 0 0 0 0.0286594540374006 0.00436967445925279 0 0 0.00234351198706381 0.00573493146756896 0
"практической" 0.00488639139995114 0.00562619556655789 0.00863632438034373 0.00716486350935015 0.00436967445925279 0 0 0.00468702397412763 0.00382328764504597 0
"пределов" 0.00488639139995114 0.00562619556655789 0.00863632438034373 0 0 0.00299688324142891 0 0.00703053596119144 0.00382328764504597 0
"пределы" 0.0195455655998045 0 0.0259089731410312 0 0.00436967445925279 0 0 0.00234351198706381 0 0
"предполагать" 0.00488639139995114 0 0.00863632438034373 0.00716486350935015 0.00873934891850557 0.00299688324142891 0 0.00234351198706381 0.00382328764504597 0
"предположить" 0.0293183483997068 0 0 0.00716486350935015 0 0 0 0.00234351198706381 0.00191164382252299 0
"представителя" 0 0 0.00863632438034373 0 0.00436967445925279 0.00899064972428674 0 0.00468702397412763 0 0.0195924764890282
"представления" 0 0 0 0 0 0.0239750659314313 0 0.00234351198706381 0 0
"прекрасный" 0 0 0.0259089731410312 0 0 0.00899064972428674 0.010315659170621 0.00234351198706381 0.00191164382252299 0
"преобразований" 0 0.0393833689659053 0 0 0.00436967445925279 0 0 0.00234351198706381 0 0
"прибавить" 0 0 0 0.00716486350935015 0.00436967445925279 0.00899064972428674 0.020631318341242 0.00468702397412763 0 0
"привычки" 0 0.0168785866996737 0.00863632438034373 0 0 0.00299688324142891 0.010315659170621 0.00468702397412763 0.00191164382252299 0
"признает" 0.0195455655998045 0 0 0 0.00873934891850557 0 0 0.00234351198706381 0.00382328764504597 0
"признаки" 0 0.00562619556655789 0 0.0143297270187003 0.0131090233777584 0 0.010315659170621 0.00234351198706381 0.00191164382252299 0
"приказание" 0 0 0 0 0 0 0 0 0.0172047944027069 0
"примером" 0 0 0 0 0 0.0149844162071446 0 0.00234351198706381 0.00382328764504597 0.00979623824451411
"принадлежало" 0 0.00562619556655789 0.00863632438034373 0.0214945905280504 0 0 0 0 0.00764657529009195 0
"принес" 0.00488639139995114 0.00562619556655789 0 0 0 0 0 0.00937404794825526 0.00573493146756896 0
"принимают" 0.00488639139995114 0.00562619556655789 0 0 0.00436967445925279 0.00599376648285783 0.020631318341242 0 0 0.0195924764890282
"приняв" 0.00488639139995114 0.00562619556655789 0 0.0143297270187003 0.0174786978370111 0 0 0 0 0.00979623824451411
"приняло" 0 0 0 0.00716486350935015 0.00436967445925279 0.00299688324142891 0 0.00468702397412763 0.00764657529009195 0
"принято" 0 0.00562619556655789 0 0 0.0131090233777584 0 0 0.00234351198706381 0.00764657529009195 0
"присутствии" 0 0 0 0 0 0.0119875329657157 0 0.00468702397412763 0.00573493146756896 0
"приятно" 0 0 0 0 0.00436967445925279 0.0149844162071446 0.020631318341242 0 0 0.00979623824451411
"продолжали" 0 0.0112523911331158 0.00863632438034373 0.00716486350935015 0 0 0 0.00234351198706381 0.00764657529009195 0
"произвола" 0.00488639139995114 0.0168785866996737 0 0 0 0.00299688324142891 0 0.00937404794825526 0 0
"происходит" 0.00488639139995114 0.0112523911331158 0 0.00716486350935015 0.00873934891850557 0.00899064972428674 0 0 0 0
"промышленность" 0.00488639139995114 0.00562619556655789 0 0 0 0.0119875329657157 0 0.00468702397412763 0.00191164382252299 0
"проникнуты" 0.00488639139995114 0.0112523911331158 0 0.0286594540374006 0.00436967445925279 0.00299688324142891 0 0 0 0
"проповедников" 0 0 0 0 0 0 0 0 0.0172047944027069 0
"простоте" 0 0 0 0 0.00436967445925279 0.00599376648285783 0.010315659170621 0.00703053596119144 0.00382328764504597 0
"пространстве" 0 0.00562619556655789 0 0.00716486350935015 0 0.00299688324142891 0 0.0117175599353191 0 0.00979623824451411
"простым" 0.00488639139995114 0.00562619556655789 0.0172726487606875 0 0.00873934891850557 0.00899064972428674 0 0 0 0
"протестантские" 0 0 0 0 0 0 0 0 0.0172047944027069 0
"пять" 0 0 0 0 0.00436967445925279 0.00899064972428674 0.010315659170621 0.00468702397412763 0.00382328764504597 0
"рабы" 0 0 0 0 0 0.00299688324142891 0 0.0187480958965105 0 0
"раза" 0 0 0 0 0 0.00899064972428674 0 0.00234351198706381 0.00955821911261494 0
"разбора" 0 0 0 0 0 0.0119875329657157 0.020631318341242 0.00468702397412763 0.00191164382252299 0
"разрешения" 0.00977278279990227 0.0112523911331158 0 0 0.00436967445925279 0.00899064972428674 0 0 0.00191164382252299 0
"рассказы" 0 0 0.00863632438034373 0 0.00436967445925279 0.00599376648285783 0.010315659170621 0.00468702397412763 0.00382328764504597 0
"родину" 0 0 0.00863632438034373 0.00716486350935015 0 0 0 0.00703053596119144 0.00764657529009195 0
"родовым" 0 0.0281309778327895 0 0 0.0131090233777584 0 0 0.00234351198706381 0 0
"рождения" 0 0.00562619556655789 0 0.00716486350935015 0 0.00599376648285783 0 0.00234351198706381 0.00573493146756896 0.00979623824451411
"рук" 0.00488639139995114 0.00562619556655789 0.00863632438034373 0 0 0.00599376648285783 0.010315659170621 0.00234351198706381 0.00382328764504597 0
"русскому" 0.0195455655998045 0 0.0172726487606875 0.0143297270187003 0 0.00299688324142891 0 0 0 0
"свободного" 0 0 0 0 0.00873934891850557 0.0149844162071446 0 0 0.00382328764504597 0
"свойства" 0.0146591741998534 0 0 0.00716486350935015 0.0174786978370111 0 0 0 0 0.00979623824451411
"севере" 0 0.0112523911331158 0.00863632438034373 0 0.00436967445925279 0 0 0.00703053596119144 0.00382328764504597 0
"сердцу" 0.00977278279990227 0 0 0.00716486350935015 0.00436967445925279 0.00299688324142891 0 0.00234351198706381 0.00191164382252299 0.0195924764890282
"серьезного" 0.00488639139995114 0 0 0 0 0.00299688324142891 0.051578295853105 0 0.00382328764504597 0
"силах" 0 0.00562619556655789 0 0.00716486350935015 0 0 0.010315659170621 0.00703053596119144 0.00573493146756896 0
"слабого" 0 0.00562619556655789 0 0 0 0 0.010315659170621 0.00703053596119144 0.00764657529009195 0
"слабости" 0 0 0 0.00716486350935015 0.00873934891850557 0.00899064972428674 0 0 0.00573493146756896 0
"славяне" 0 0.0168785866996737 0 0 0.0218483722962639 0 0.010315659170621 0 0 0
"славяно" 0 0.0112523911331158 0 0 0.0305877212147695 0 0 0 0 0
"славянофилов" 0 0 0 0 0.0393270701332751 0 0 0 0 0
"следующим" 0 0 0 0 0.0131090233777584 0 0 0.00703053596119144 0.00573493146756896 0
"слезы" 0.00488639139995114 0 0 0.00716486350935015 0 0.00599376648285783 0.020631318341242 0 0 0.0293887147335423
"сложилась" 0 0.0112523911331158 0 0.0214945905280504 0.00436967445925279 0 0 0.00703053596119144 0 0
"службы" 0 0 0.00863632438034373 0 0 0 0 0.0140610719223829 0.00382328764504597 0
"служили" 0 0.00562619556655789 0.0172726487606875 0 0 0.00299688324142891 0 0.00468702397412763 0.00573493146756896 0
"случаях" 0 0 0 0 0.00873934891850557 0.00899064972428674 0 0.00703053596119144 0.00191164382252299 0
"смотрит" 0 0.00562619556655789 0 0 0.00436967445925279 0.00599376648285783 0 0.00703053596119144 0.00191164382252299 0.00979623824451411
"смыслом" 0.00488639139995114 0.00562619556655789 0.0172726487606875 0.0143297270187003 0 0.00299688324142891 0 0.00234351198706381 0.00191164382252299 0
"собирались" 0.00488639139995114 0.0112523911331158 0 0 0 0 0 0.0117175599353191 0.00191164382252299 0
"собирать" 0 0.00562619556655789 0.00863632438034373 0 0 0.00299688324142891 0 0 0.0114698629351379 0
"собрать" 0 0 0.00863632438034373 0 0 0 0 0.00703053596119144 0.00764657529009195 0.00979623824451411
"собственные" 0 0 0 0.00716486350935015 0.00436967445925279 0.00599376648285783 0 0.00234351198706381 0.00764657529009195 0
"событиях" 0.00488639139995114 0.00562619556655789 0 0 0.00436967445925279 0.00299688324142891 0 0 0.00764657529009195 0.00979623824451411
"совершались" 0 0.00562619556655789 0 0.00716486350935015 0 0 0 0.00703053596119144 0.00764657529009195 0
"совесть" 0.0146591741998534 0 0.00863632438034373 0.0143297270187003 0 0.00299688324142891 0 0 0.00382328764504597 0
"совета" 0 0 0.0345452975213749 0 0 0.00599376648285783 0 0.00234351198706381 0.00382328764504597 0
"советники" 0 0 0.0518179462820624 0 0 0 0 0.00234351198706381 0.00382328764504597 0
"состояли" 0 0.0112523911331158 0 0 0.00873934891850557 0 0 0.00234351198706381 0.00764657529009195 0
"старалась" 0.00488639139995114 0 0.00863632438034373 0 0 0 0 0 0.0114698629351379 0.00979623824451411
"старое" 0 0.0112523911331158 0.0172726487606875 0 0 0.00299688324142891 0.010315659170621 0.00234351198706381 0.00382328764504597 0
"статуя" 0 0 0 0 0 0.0269719491728602 0 0 0 0
"стояла" 0 0 0.00863632438034373 0.00716486350935015 0 0 0 0.00468702397412763 0.00955821911261494 0
"страхом" 0.00977278279990227 0.00562619556655789 0.00863632438034373 0.00716486350935015 0 0.00299688324142891 0 0 0.00382328764504597 0.00979623824451411
"стремлением" 0 0.00562619556655789 0 0.0143297270187003 0 0.00299688324142891 0 0.00234351198706381 0.00382328764504597 0.0195924764890282
"существенных" 0.00488639139995114 0.0168785866996737 0 0.0214945905280504 0.00436967445925279 0 0 0 0 0.00979623824451411
"существовала" 0 0.00562619556655789 0.0172726487606875 0.00716486350935015 0.0131090233777584 0 0 0.00234351198706381 0.00191164382252299 0
"сферах" 0.00977278279990227 0 0 0 0.00873934891850557 0 0 0.00703053596119144 0.00191164382252299 0.00979623824451411
"сыном" 0.00488639139995114 0 0 0 0 0.00299688324142891 0 0.00468702397412763 0.00955821911261494 0
"типы" 0 0.0112523911331158 0 0 0.0131090233777584 0.00599376648285783 0.010315659170621 0 0 0.00979623824451411
"товары" 0 0 0 0 0 0 0 0.00468702397412763 0.0133815067576609 0
"толпу" 0.00488639139995114 0 0 0 0.00873934891850557 0.00599376648285783 0.041262636682484 0 0 0
"тою" 0 0 0.00863632438034373 0.00716486350935015 0.0131090233777584 0.00299688324142891 0.020631318341242 0.00234351198706381 0 0
"требованиям" 0.00488639139995114 0 0 0 0.00873934891850557 0 0 0.00468702397412763 0.00573493146756896 0.00979623824451411
"требованиями" 0.00488639139995114 0 0 0.00716486350935015 0.00436967445925279 0 0 0.00703053596119144 0.00573493146756896 0
"тридентского" 0 0 0 0 0 0 0 0 0.0172047944027069 0
"трудов" 0 0 0.0172726487606875 0.00716486350935015 0 0.00299688324142891 0 0.00703053596119144 0.00191164382252299 0.00979623824451411
"турецкого" 0 0 0.00863632438034373 0 0 0 0 0.00937404794825526 0.00764657529009195 0
"убийства" 0.00488639139995114 0 0.00863632438034373 0 0 0.00299688324142891 0 0 0.0114698629351379 0
"удалась" 0 0 0 0 0 0.0119875329657157 0 0.00234351198706381 0.00764657529009195 0
"уделов" 0 0.0393833689659053 0 0 0.00873934891850557 0 0 0 0 0
"указал" 0.00488639139995114 0 0 0 0.00436967445925279 0 0 0.0117175599353191 0.00382328764504597 0
"умственных" 0.00977278279990227 0 0 0.0358243175467507 0.00873934891850557 0 0 0 0 0
"упомянуть" 0.00488639139995114 0 0 0 0.00436967445925279 0.00599376648285783 0.010315659170621 0.00234351198706381 0.00573493146756896 0
"управлении" 0.00488639139995114 0.0337571733993474 0 0 0.00436967445925279 0 0 0 0 0.00979623824451411
"усилий" 0 0 0 0.00716486350935015 0.00436967445925279 0.00599376648285783 0 0.00703053596119144 0.00382328764504597 0
"условием" 0 0 0.00863632438034373 0.0143297270187003 0.00873934891850557 0 0 0.00468702397412763 0.00191164382252299 0.00979623824451411
"утратила" 0.00488639139995114 0 0.0259089731410312 0 0 0 0 0.00937404794825526 0.00191164382252299 0
"хорошего" 0 0.0112523911331158 0.00863632438034373 0 0 0.00899064972428674 0 0.00468702397412763 0.00191164382252299 0
"христианами" 0.034204739799658 0 0 0 0 0 0 0.00468702397412763 0 0
"христианству" 0.0195455655998045 0 0 0 0 0 0 0.00937404794825526 0.00191164382252299 0
"художника" 0 0 0 0 0.00436967445925279 0.0239750659314313 0 0 0 0
"целом" 0.00488639139995114 0 0.00863632438034373 0 0.00436967445925279 0.00299688324142891 0.041262636682484 0 0.00191164382252299 0
"центр" 0.0195455655998045 0.00562619556655789 0.00863632438034373 0.00716486350935015 0 0 0 0.00234351198706381 0.00191164382252299 0
"церковных" 0 0 0 0 0 0 0 0.00234351198706381 0.0152931505801839 0
"частной" 0.00488639139995114 0 0.00863632438034373 0.0286594540374006 0 0 0 0.00234351198706381 0.00382328764504597 0
"частые" 0 0.0168785866996737 0.00863632438034373 0 0.0131090233777584 0 0 0 0.00382328764504597 0
"человечеству" 0.0146591741998534 0 0.00863632438034373 0 0 0.00599376648285783 0 0.00468702397412763 0 0.00979623824451411
"черта" 0.00488639139995114 0.00562619556655789 0 0 0.00873934891850557 0.00899064972428674 0 0.00468702397412763 0 0
"чтение" 0 0 0 0 0 0.00599376648285783 0.010315659170621 0.00234351198706381 0.00955821911261494 0
"шагом" 0 0.0112523911331158 0 0.00716486350935015 0.00436967445925279 0.00299688324142891 0 0 0 0.0391849529780564
"явлением" 0 0.00562619556655789 0 0.00716486350935015 0.00436967445925279 0.00599376648285783 0 0.00703053596119144 0.00191164382252299 0
"языков" 0.00488639139995114 0 0 0 0 0 0 0.0117175599353191 0.00573493146756896 0
"dans" 0 0 0 0 0.0131090233777584 0.00899064972428674 0.010315659170621 0.00468702397412763 0 0
"lui" 0 0 0 0 0.0262180467555167 0.00599376648285783 0 0 0.00191164382252299 0
"on" 0 0 0 0 0.0218483722962639 0.0119875329657157 0 0 0 0
"ranke" 0 0 0 0 0 0 0 0.0117175599353191 0.00764657529009195 0
"s" 0 0 0 0 0.00436967445925279 0.0239750659314313 0 0 0 0
"saint" 0 0 0 0 0 0.0269719491728602 0 0 0 0
"америке" 0 0 0 0 0 0 0 0.00234351198706381 0.0114698629351379 0.00979623824451411
"антверпен" 0 0 0 0 0 0 0 0 0.0152931505801839 0
"арестован" 0 0 0 0 0 0.00299688324142891 0 0 0.0133815067576609 0
"африки" 0 0 0 0 0 0 0 0.0140610719223829 0.00382328764504597 0
"барона" 0 0 0 0 0 0.00299688324142891 0.030946977511863 0.00937404794825526 0 0
"бароны" 0 0 0 0 0 0 0 0.0164045839094467 0.00191164382252299 0
"бедным" 0 0.00562619556655789 0.00863632438034373 0 0 0.0149844162071446 0 0 0.00191164382252299 0
"безусловного" 0 0.0168785866996737 0.00863632438034373 0 0.0174786978370111 0 0 0 0 0
"безусловное" 0 0.0112523911331158 0 0.00716486350935015 0.00873934891850557 0.00299688324142891 0 0 0.00382328764504597 0
"битву" 0 0 0.00863632438034373 0 0 0.00599376648285783 0 0.00468702397412763 0.00573493146756896 0
"благородных" 0.00488639139995114 0 0 0.00716486350935015 0 0 0 0.00937404794825526 0.00382328764504597 0
"благосостояния" 0.00977278279990227 0 0 0 0.00436967445925279 0.00299688324142891 0 0 0.00764657529009195 0
"богословских" 0 0 0.00863632438034373 0.0286594540374006 0 0 0.010315659170621 0 0.00382328764504597 0
"бой" 0.00488639139995114 0 0.00863632438034373 0 0 0.00299688324142891 0 0.00234351198706381 0 0.0391849529780564
"болезнь" 0 0 0.00863632438034373 0.00716486350935015 0 0.00899064972428674 0.010315659170621 0 0.00382328764504597 0
"большими" 0 0 0.00863632438034373 0 0 0.00299688324142891 0 0.00703053596119144 0.00573493146756896 0
"будущей" 0 0 0.0345452975213749 0.0143297270187003 0.00436967445925279 0.00299688324142891 0 0 0 0
"будь" 0.00977278279990227 0 0 0 0.00873934891850557 0.00599376648285783 0.020631318341242 0 0 0
"бургундские" 0 0 0 0 0 0 0 0.0164045839094467 0.00191164382252299 0
"бывший" 0 0 0 0 0 0.00299688324142891 0 0.00468702397412763 0.00955821911261494 0
"бытом" 0 0.0112523911331158 0.00863632438034373 0 0.00436967445925279 0.00599376648285783 0 0.00234351198706381 0.00191164382252299 0
"важнейшие" 0 0.0168785866996737 0 0 0.00436967445925279 0 0 0.00703053596119144 0.00191164382252299 0
"вашего" 0.00488639139995114 0 0 0.00716486350935015 0 0.0119875329657157 0 0 0.00382328764504597 0
"великолепных" 0 0 0 0 0 0.0179812994485735 0 0.00234351198706381 0.00191164382252299 0
"великому" 0 0.0112523911331158 0.0172726487606875 0 0.00436967445925279 0.00599376648285783 0 0.00234351198706381 0 0
"великую" 0 0 0 0 0 0.00299688324142891 0 0.00937404794825526 0.00382328764504597 0.00979623824451411
"величия" 0 0 0.00863632438034373 0 0.00436967445925279 0.0119875329657157 0 0.00234351198706381 0.00191164382252299 0
"взаимные" 0 0.0168785866996737 0.00863632438034373 0 0.0131090233777584 0 0 0.00234351198706381 0 0
"взглянуть" 0.00488639139995114 0.00562619556655789 0 0 0.00436967445925279 0 0 0.00703053596119144 0.00382328764504597 0
"взята" 0 0 0.00863632438034373 0 0.00436967445925279 0.00899064972428674 0 0.00468702397412763 0.00191164382252299 0
"видами" 0 0 0 0 0 0.00299688324142891 0 0 0.0133815067576609 0
"видны" 0 0.0112523911331158 0 0.00716486350935015 0.00873934891850557 0.00299688324142891 0 0 0.00191164382252299 0.00979623824451411
"виновником" 0 0 0 0 0 0 0 0.00468702397412763 0.0114698629351379 0
"владение" 0 0.00562619556655789 0 0 0 0 0 0.0117175599353191 0.00382328764504597 0
"внешними" 0.00488639139995114 0.00562619556655789 0 0.0143297270187003 0 0.00299688324142891 0 0.00234351198706381 0.00382328764504597 0
"вновь" 0 0.00562619556655789 0 0 0.00873934891850557 0.00299688324142891 0 0 0.00191164382252299 0.0293887147335423
"возбудить" 0.00488639139995114 0 0 0 0.0131090233777584 0 0 0.00234351198706381 0.00573493146756896 0
"возвратить" 0 0 0 0 0 0.00299688324142891 0 0.00234351198706381 0.00955821911261494 0.00979623824451411
"возвращение" 0.00488639139995114 0 0.00863632438034373 0 0 0.00299688324142891 0 0.00234351198706381 0.00764657529009195 0
"волги" 0 0 0.0690905950427498 0 0 0 0 0 0 0
"волнение" 0 0 0 0.00716486350935015 0 0.00599376648285783 0 0 0.00955821911261494 0
"воля" 0 0.00562619556655789 0.0172726487606875 0 0.00436967445925279 0 0.010315659170621 0 0.00573493146756896 0
"вопросами" 0.00488639139995114 0.00562619556655789 0 0 0 0.00899064972428674 0 0.00468702397412763 0 0.00979623824451411
"вопросе" 0 0 0 0 0 0.00299688324142891 0.020631318341242 0 0.00955821911261494 0
"враг" 0 0 0.00863632438034373 0 0 0.00299688324142891 0 0.00234351198706381 0.00955821911261494 0
"вселенной" 0.00977278279990227 0 0 0.00716486350935015 0 0.00899064972428674 0 0.00234351198706381 0 0.00979623824451411
"вспомним" 0 0.00562619556655789 0.0172726487606875 0.0143297270187003 0.0131090233777584 0 0 0 0 0
"всякому" 0.00977278279990227 0 0 0 0.00436967445925279 0.00899064972428674 0 0 0.00191164382252299 0.00979623824451411
"входит" 0.00977278279990227 0 0 0.0214945905280504 0.00436967445925279 0 0.010315659170621 0 0.00191164382252299 0
"входить" 0.00977278279990227 0 0 0 0 0 0 0.00234351198706381 0.00955821911261494 0
"вынес" 0 0 0 0 0.00436967445925279 0.00599376648285783 0 0.00468702397412763 0.00573493146756896 0
"германское" 0 0 0 0 0.0174786978370111 0 0 0.00937404794825526 0 0
"гизо" 0 0 0 0 0.00873934891850557 0.00299688324142891 0 0.0117175599353191 0 0
"главную" 0 0 0 0.00716486350935015 0.00436967445925279 0.00299688324142891 0.010315659170621 0 0.00764657529009195 0
"глубину" 0 0 0.00863632438034373 0.00716486350935015 0.0131090233777584 0.00299688324142891 0 0 0 0.0195924764890282
"глубокая" 0 0 0.00863632438034373 0.0143297270187003 0.00436967445925279 0 0.010315659170621 0.00468702397412763 0.00191164382252299 0
"глубоких" 0 0.00562619556655789 0 0.00716486350935015 0 0.00899064972428674 0 0.00703053596119144 0 0
"готье" 0 0 0 0 0 0.0239750659314313 0 0 0 0
"грабили" 0.00977278279990227 0 0 0 0 0 0 0 0.0114698629351379 0
"границ" 0.00488639139995114 0.0112523911331158 0.00863632438034373 0 0 0.00299688324142891 0 0 0.00573493146756896 0
"греческого" 0 0 0 0.0214945905280504 0.00436967445925279 0 0 0.00234351198706381 0.00573493146756896 0
"грозила" 0 0 0 0 0 0 0 0.00703053596119144 0.00955821911261494 0
"губерний" 0.034204739799658 0 0 0 0 0 0.010315659170621 0 0 0
"губерниях" 0.0293183483997068 0 0.00863632438034373 0 0 0 0.010315659170621 0 0 0
"гуттен" 0 0 0 0 0 0 0 0.00468702397412763 0.0114698629351379 0
"давал" 0 0.00562619556655789 0 0 0 0 0 0.00937404794825526 0.00573493146756896 0
"давало" 0 0.00562619556655789 0 0 0 0 0 0.00703053596119144 0.00764657529009195 0
"дальнейшее" 0 0.00562619556655789 0 0.00716486350935015 0 0 0 0.00703053596119144 0.00382328764504597 0.00979623824451411
"данных" 0.0146591741998534 0.00562619556655789 0.00863632438034373 0.00716486350935015 0.00436967445925279 0 0 0 0.00191164382252299 0
"дворец" 0 0 0.0259089731410312 0.00716486350935015 0 0.00599376648285783 0 0 0.00382328764504597 0
"действования" 0 0.0225047822662316 0 0 0.00436967445925279 0.00299688324142891 0 0 0.00191164382252299 0.00979623824451411
"делаются" 0.00977278279990227 0 0 0 0 0.00299688324142891 0.020631318341242 0.00468702397412763 0.00191164382252299 0
"держаться" 0.00977278279990227 0 0 0.00716486350935015 0 0 0 0 0.00764657529009195 0.00979623824451411
"доказал" 0.00488639139995114 0 0 0.0143297270187003 0.00436967445925279 0.00599376648285783 0 0.00234351198706381 0.00191164382252299 0
"доказать" 0.00488639139995114 0 0 0.00716486350935015 0.0174786978370111 0 0 0.00468702397412763 0 0
"доказывают" 0.00488639139995114 0.0168785866996737 0 0 0 0.00599376648285783 0 0.00234351198706381 0.00191164382252299 0
"домов" 0.0146591741998534 0 0.0172726487606875 0 0 0.00599376648285783 0 0.00234351198706381 0 0
"дорогой" 0 0 0 0 0 0.00299688324142891 0 0.0117175599353191 0.00382328764504597 0
"доставить" 0 0 0 0 0 0 0.020631318341242 0.00234351198706381 0.00955821911261494 0
"достигли" 0 0.00562619556655789 0 0 0.00436967445925279 0.00599376648285783 0 0.00703053596119144 0.00191164382252299 0
"др" 0 0 0 0 0 0.00599376648285783 0.010315659170621 0.00234351198706381 0.00382328764504597 0.0195924764890282
"думаю" 0 0 0 0.0214945905280504 0 0.0149844162071446 0 0 0 0
"духовенству" 0 0 0 0 0 0 0 0.00468702397412763 0.0114698629351379 0
"душой" 0.00977278279990227 0 0 0 0 0 0.010315659170621 0.00468702397412763 0.00191164382252299 0.0195924764890282
"душою" 0 0 0.00863632438034373 0.0143297270187003 0.00436967445925279 0 0.020631318341242 0 0.00382328764504597 0
"еврейские" 0.034204739799658 0 0 0 0 0 0 0.00234351198706381 0 0
"европейским" 0 0.0168785866996737 0 0.0143297270187003 0.00436967445925279 0.00299688324142891 0.010315659170621 0 0 0
"европейское" 0 0.00562619556655789 0 0.0286594540374006 0.00873934891850557 0 0.010315659170621 0 0 0
"единственное" 0.00488639139995114 0 0 0 0.00436967445925279 0.00899064972428674 0 0.00234351198706381 0.00382328764504597 0
"естественности" 0.00488639139995114 0 0 0 0.0131090233777584 0.00899064972428674 0.010315659170621 0 0 0
"жаль" 0 0 0 0 0 0 0.051578295853105 0.00234351198706381 0 0.0195924764890282
"желали" 0.00488639139995114 0.00562619556655789 0 0 0.00873934891850557 0.00599376648285783 0 0.00234351198706381 0 0.00979623824451411
"женился" 0 0 0.00863632438034373 0 0 0 0 0.00937404794825526 0.00573493146756896 0
"жестокостью" 0 0 0.00863632438034373 0 0 0 0 0.00703053596119144 0.00764657529009195 0
"живым" 0.00488639139995114 0.00562619556655789 0 0.0214945905280504 0 0 0.010315659170621 0.00234351198706381 0.00191164382252299 0
"забыть" 0 0.0225047822662316 0 0.00716486350935015 0 0 0 0 0.00191164382252299 0.0195924764890282
"зависит" 0 0.00562619556655789 0.00863632438034373 0.0214945905280504 0 0 0 0 0 0.0293887147335423
"зависти" 0 0.00562619556655789 0.00863632438034373 0.00716486350935015 0.00436967445925279 0 0 0.00468702397412763 0.00382328764504597 0
"заключению" 0 0.00562619556655789 0.0172726487606875 0 0 0.00599376648285783 0 0.00234351198706381 0.00382328764504597 0
"заметил" 0 0.00562619556655789 0 0 0.00436967445925279 0.00599376648285783 0 0 0.00573493146756896 0.00979623824451411
"замечательна" 0 0 0 0 0.00873934891850557 0.00299688324142891 0.010315659170621 0.00234351198706381 0.00573493146756896 0
"замка" 0 0 0 0.0143297270187003 0 0 0 0.0140610719223829 0 0
"замыслы" 0 0.00562619556655789 0 0 0.00436967445925279 0 0 0.00468702397412763 0.00764657529009195 0
"заняли" 0.00488639139995114 0 0 0 0 0 0 0.0117175599353191 0.00382328764504597 0
"занята" 0 0 0.00863632438034373 0 0.00436967445925279 0.0119875329657157 0 0.00234351198706381 0.00191164382252299 0
"западные" 0 0 0 0.0286594540374006 0 0 0 0.00468702397412763 0.00382328764504597 0
"зародыш" 0 0.00562619556655789 0 0.00716486350935015 0.0174786978370111 0 0 0.00234351198706381 0.00191164382252299 0
"заставляет" 0 0.0112523911331158 0 0 0.00873934891850557 0.00299688324142891 0 0 0 0.0293887147335423
"здравый" 0.00488639139995114 0 0 0 0 0.0149844162071446 0 0 0.00382328764504597 0
"иго" 0.00488639139995114 0.0168785866996737 0.0259089731410312 0 0 0 0 0.00234351198706381 0 0
"изменений" 0 0.0168785866996737 0.00863632438034373 0 0.00436967445925279 0 0 0.00468702397412763 0.00191164382252299 0
"изящных" 0 0 0 0.0214945905280504 0.00436967445925279 0.00299688324142891 0.010315659170621 0 0.00191164382252299 0.00979623824451411
"имевшие" 0 0 0 0 0 0 0 0.0164045839094467 0.00191164382252299 0
"имения" 0 0.00562619556655789 0 0 0 0 0 0.00234351198706381 0.0114698629351379 0
"имеющее" 0 0.0112523911331158 0 0.0143297270187003 0 0.00299688324142891 0 0.00234351198706381 0 0.0195924764890282
"императору" 0 0 0 0 0 0 0 0.00234351198706381 0.0133815067576609 0
"иного" 0.0146591741998534 0 0 0 0.0131090233777584 0.00299688324142891 0 0 0 0.00979623824451411
"интереса" 0 0 0.00863632438034373 0.00716486350935015 0.00436967445925279 0 0.030946977511863 0 0.00191164382252299 0.00979623824451411
"иных" 0.0195455655998045 0.00562619556655789 0 0.00716486350935015 0 0 0 0 0.00382328764504597 0
"испанский" 0 0 0 0 0 0 0 0 0.0152931505801839 0
"испанцев" 0 0 0 0 0 0.00299688324142891 0 0.00468702397412763 0.00955821911261494 0
"испанцы" 0 0 0 0 0 0 0 0.00937404794825526 0.00764657529009195 0
"историческому" 0.00488639139995114 0.0112523911331158 0 0 0.0131090233777584 0.00599376648285783 0 0 0 0
"источника" 0.00977278279990227 0.00562619556655789 0.00863632438034373 0.00716486350935015 0 0 0.020631318341242 0.00234351198706381 0 0
"исчезают" 0 0.0281309778327895 0 0 0.00436967445925279 0 0 0 0 0.0195924764890282
"исчезла" 0 0.0168785866996737 0.0172726487606875 0 0.00436967445925279 0 0 0.00234351198706381 0.00191164382252299 0
"италией" 0 0 0 0 0 0 0 0.0140610719223829 0.00382328764504597 0
"ищет" 0 0 0.00863632438034373 0.0143297270187003 0.00873934891850557 0.00299688324142891 0.010315659170621 0.00234351198706381 0 0
"кавелина" 0 0 0 0 0.0349573956740223 0 0 0 0 0
"каждым" 0.00488639139995114 0.00562619556655789 0 0 0.0131090233777584 0 0 0 0.00382328764504597 0.00979623824451411
"казани" 0 0 0.0690905950427498 0 0 0 0 0 0 0
"казнены" 0 0 0 0 0 0 0 0.00468702397412763 0.0114698629351379 0
"казнь" 0 0 0.00863632438034373 0 0 0.00299688324142891 0 0.00468702397412763 0.00764657529009195 0
"католическое" 0 0 0.00863632438034373 0 0.00436967445925279 0.00299688324142891 0 0.00234351198706381 0.00764657529009195 0
"кафедры" 0 0 0 0 0 0.00899064972428674 0 0.00703053596119144 0.00382328764504597 0
"княжеств" 0 0.0168785866996737 0 0.00716486350935015 0 0 0 0.00468702397412763 0.00382328764504597 0
"кодекс" 0.034204739799658 0 0 0 0 0 0 0.00234351198706381 0 0
"колумб" 0 0 0 0 0 0.00599376648285783 0 0.0140610719223829 0 0
"конде" 0 0 0 0 0 0.00299688324142891 0 0 0.0133815067576609 0
"кончились" 0 0.00562619556655789 0 0 0 0 0 0.00703053596119144 0.00764657529009195 0
"королей" 0.00488639139995114 0 0 0 0 0 0 0.0140610719223829 0.00191164382252299 0
"крайне" 0.00488639139995114 0.00562619556655789 0 0 0 0.0179812994485735 0 0 0 0
"кранмер" 0 0 0 0 0 0 0 0 0.0152931505801839 0
"критика" 0.00977278279990227 0 0 0 0.00873934891850557 0.00899064972428674 0.010315659170621 0 0 0
"кровные" 0 0.0393833689659053 0 0 0.00436967445925279 0 0 0 0 0
"кровных" 0 0.0337571733993474 0 0 0.00873934891850557 0 0 0 0 0
"кругом" 0.00977278279990227 0 0 0.00716486350935015 0.00436967445925279 0.00599376648285783 0.010315659170621 0 0.00191164382252299 0
"лига" 0 0 0 0 0 0 0 0.00234351198706381 0.0133815067576609 0
"личными" 0 0.00562619556655789 0 0.0143297270187003 0 0 0 0.00468702397412763 0.00573493146756896 0
"малой" 0 0.00562619556655789 0.00863632438034373 0.00716486350935015 0 0.00599376648285783 0 0.00468702397412763 0.00191164382252299 0
"маргарита" 0 0 0 0 0 0 0 0.00234351198706381 0.0133815067576609 0
"массе" 0.0195455655998045 0 0 0 0 0.00299688324142891 0 0.00468702397412763 0.00191164382252299 0
"мастерство" 0 0 0 0 0 0.0239750659314313 0 0 0 0
"мертвых" 0 0 0 0 0 0.00299688324142891 0.020631318341242 0 0 0.0489811912225705
"мест" 0.00977278279990227 0.0112523911331158 0 0 0.00873934891850557 0 0.010315659170621 0 0.00191164382252299 0
"местами" 0.00488639139995114 0 0 0 0.00436967445925279 0.00299688324142891 0.041262636682484 0.00234351198706381 0 0
"местах" 0 0.00562619556655789 0 0 0.00873934891850557 0.00299688324142891 0 0.00234351198706381 0.00573493146756896 0
"местности" 0.0195455655998045 0 0 0 0.00436967445925279 0 0 0.00703053596119144 0 0
"мечты" 0 0 0 0 0 0.00299688324142891 0.020631318341242 0 0 0.0489811912225705
"мешало" 0 0.0225047822662316 0 0.00716486350935015 0.00873934891850557 0 0 0.00234351198706381 0 0
"множеством" 0.00488639139995114 0 0.00863632438034373 0.00716486350935015 0 0.00599376648285783 0 0.00234351198706381 0.00382328764504597 0
"моего" 0.00488639139995114 0 0 0.0214945905280504 0 0.00599376648285783 0 0.00468702397412763 0 0
"молодого" 0 0 0.0259089731410312 0 0 0.00599376648285783 0 0.00468702397412763 0.00191164382252299 0
"монастырь" 0 0 0.0172726487606875 0 0 0 0 0.00937404794825526 0.00382328764504597 0
"монах" 0 0 0 0 0.00436967445925279 0.00299688324142891 0 0.00234351198706381 0.00955821911261494 0
"москву" 0 0 0.0518179462820624 0 0.00436967445925279 0.00299688324142891 0 0 0 0
"моя" 0 0 0 0 0 0.00299688324142891 0.061893955023726 0 0 0.00979623824451411
"навлек" 0 0 0 0 0 0 0 0.00468702397412763 0.0114698629351379 0
"надзором" 0 0 0.00863632438034373 0 0 0 0 0.00468702397412763 0.00955821911261494 0
"называл" 0.00488639139995114 0.0112523911331158 0 0 0 0.00599376648285783 0 0.00234351198706381 0.00191164382252299 0.00979623824451411
"наказания" 0.00977278279990227 0 0.0172726487606875 0 0 0 0 0 0.00764657529009195 0
"нападения" 0 0 0.0172726487606875 0.00716486350935015 0.00436967445925279 0 0 0.00703053596119144 0.00191164382252299 0
"нарушение" 0 0.00562619556655789 0.0172726487606875 0 0.00436967445925279 0 0 0.00234351198706381 0.00573493146756896 0
"настало" 0 0.0112523911331158 0.00863632438034373 0 0.0131090233777584 0 0 0.00234351198706381 0 0.00979623824451411
"настоящем" 0.0146591741998534 0.00562619556655789 0 0 0.00873934891850557 0.00299688324142891 0 0 0 0.00979623824451411
"наступила" 0 0.0225047822662316 0.00863632438034373 0 0 0.00599376648285783 0 0 0.00191164382252299 0
"находили" 0 0.00562619556655789 0 0.00716486350935015 0 0.00299688324142891 0 0 0.00764657529009195 0.00979623824451411
"национально" 0.0293183483997068 0.00562619556655789 0 0 0 0 0 0 0.00191164382252299 0
"национальность" 0.0195455655998045 0.0225047822662316 0 0 0 0 0 0 0 0
"недаром" 0 0 0 0 0 0 0 0.00468702397412763 0.00955821911261494 0.00979623824451411
"недостатка" 0 0 0 0.00716486350935015 0.00436967445925279 0 0 0.00703053596119144 0.00573493146756896 0
"независимости" 0 0 0.0172726487606875 0.00716486350935015 0.00436967445925279 0.00299688324142891 0 0.00703053596119144 0 0
"независимость" 0.00977278279990227 0 0.00863632438034373 0 0.00436967445925279 0 0 0.00937404794825526 0 0
"некоторой" 0.00977278279990227 0.00562619556655789 0 0.00716486350935015 0.00436967445925279 0.00299688324142891 0 0 0.00382328764504597 0
"немецкому" 0 0 0 0.00716486350935015 0 0.00899064972428674 0 0.00468702397412763 0.00382328764504597 0
"низшие" 0 0.0112523911331158 0 0 0 0 0.010315659170621 0.00937404794825526 0.00191164382252299 0
"низшим" 0 0.00562619556655789 0.0172726487606875 0.00716486350935015 0 0.00299688324142891 0 0.00234351198706381 0.00382328764504597 0
"никитенко" 0 0 0 0 0.0305877212147695 0 0.010315659170621 0 0 0
"носили" 0 0 0 0 0 0.00299688324142891 0 0.00937404794825526 0.00573493146756896 0
"ночью" 0 0 0 0 0 0.00599376648285783 0.010315659170621 0.00468702397412763 0.00573493146756896 0
"нравами" 0 0.00562619556655789 0.00863632438034373 0 0.00873934891850557 0.00299688324142891 0.010315659170621 0.00468702397412763 0 0
"нравственном" 0.00488639139995114 0 0.00863632438034373 0.00716486350935015 0.00436967445925279 0.00299688324142891 0.010315659170621 0.00234351198706381 0.00191164382252299 0
"областях" 0 0.0112523911331158 0.00863632438034373 0 0 0 0 0.00234351198706381 0.00573493146756896 0.00979623824451411
"обнаружилась" 0 0.0112523911331158 0 0 0 0 0 0.00234351198706381 0.00955821911261494 0
"обоих" 0 0 0.0172726487606875 0.00716486350935015 0 0.00599376648285783 0.010315659170621 0 0 0.0195924764890282
"образовалась" 0 0 0 0 0 0.00599376648285783 0 0.00468702397412763 0.00764657529009195 0
"образованные" 0.00977278279990227 0.00562619556655789 0 0 0 0 0.010315659170621 0.00234351198706381 0.00573493146756896 0
"образовать" 0 0 0 0 0 0.00299688324142891 0 0.00937404794825526 0.00573493146756896 0
"обращался" 0.00488639139995114 0 0 0.00716486350935015 0 0.00599376648285783 0 0.00234351198706381 0.00573493146756896 0
"обширное" 0.00488639139995114 0.0112523911331158 0.00863632438034373 0 0 0 0 0.00703053596119144 0.00191164382252299 0
"объявили" 0.00488639139995114 0.00562619556655789 0 0 0 0.00299688324142891 0 0.00234351198706381 0.00764657529009195 0
"объясняют" 0 0.0168785866996737 0 0.00716486350935015 0.00436967445925279 0.00299688324142891 0 0.00468702397412763 0 0
"огромную" 0.00488639139995114 0 0 0 0 0.00299688324142891 0 0.00468702397412763 0.00573493146756896 0.00979623824451411
"опасаясь" 0.00488639139995114 0 0 0 0 0 0 0.00703053596119144 0.00573493146756896 0.00979623824451411
"органическое" 0.00488639139995114 0.0112523911331158 0 0 0.00436967445925279 0 0 0.00937404794825526 0 0
"орудием" 0.00488639139995114 0.00562619556655789 0.0172726487606875 0 0 0 0.010315659170621 0.00234351198706381 0.00382328764504597 0
"орудия" 0.00977278279990227 0 0.00863632438034373 0 0 0 0 0.00468702397412763 0.00382328764504597 0.00979623824451411
"основал" 0 0 0.00863632438034373 0.00716486350935015 0 0 0 0.00703053596119144 0.00573493146756896 0
"основана" 0.00488639139995114 0 0.00863632438034373 0.0214945905280504 0.00436967445925279 0 0 0 0.00382328764504597 0
"основных" 0 0.00562619556655789 0 0.0143297270187003 0.00873934891850557 0 0 0 0.00382328764504597 0.00979623824451411
"особой" 0.00977278279990227 0 0 0.00716486350935015 0 0.00299688324142891 0.010315659170621 0.00234351198706381 0.00191164382252299 0.00979623824451411
"особый" 0.00977278279990227 0.0112523911331158 0 0.00716486350935015 0 0 0.010315659170621 0.00234351198706381 0 0.00979623824451411
"оставалась" 0 0.00562619556655789 0 0.00716486350935015 0 0 0 0.00234351198706381 0.00764657529009195 0.00979623824451411
"оставаясь" 0.00488639139995114 0.0168785866996737 0 0.0214945905280504 0.00436967445925279 0 0 0 0 0
"остальные" 0.00488639139995114 0.0112523911331158 0 0 0 0.00899064972428674 0 0.00468702397412763 0 0
"остановился" 0 0 0 0 0 0.0119875329657157 0 0.00234351198706381 0.00573493146756896 0
"остановиться" 0 0 0 0 0.00873934891850557 0.00899064972428674 0.010315659170621 0.00234351198706381 0.00191164382252299 0
"отвечать" 0.00488639139995114 0 0 0 0 0.00599376648285783 0 0.00234351198706381 0.00382328764504597 0.0195924764890282
"отдельное" 0.0146591741998534 0 0 0.00716486350935015 0 0.00299688324142891 0 0.00468702397412763 0.00191164382252299 0
"открыл" 0 0 0 0 0.00436967445925279 0.00899064972428674 0 0.00234351198706381 0.00573493146756896 0
"отличался" 0 0 0 0.0143297270187003 0 0 0 0.00468702397412763 0.00764657529009195 0
"отцом" 0 0.0112523911331158 0 0 0 0 0 0.00234351198706381 0.00955821911261494 0
"пали" 0.00488639139995114 0.00562619556655789 0.00863632438034373 0 0 0 0 0.00937404794825526 0.00191164382252299 0
"папской" 0 0 0 0 0 0 0 0.00703053596119144 0.00955821911261494 0
"первенство" 0 0.0281309778327895 0.00863632438034373 0 0 0 0 0.00234351198706381 0.00191164382252299 0
"первому" 0.00488639139995114 0 0.00863632438034373 0 0.00436967445925279 0.00899064972428674 0 0.00234351198706381 0.00191164382252299 0
"переворот" 0 0 0 0.0143297270187003 0.00436967445925279 0.00299688324142891 0.010315659170621 0.00234351198706381 0 0.0195924764890282
"перестал" 0 0.00562619556655789 0 0 0 0.00299688324142891 0 0.00234351198706381 0.00764657529009195 0.00979623824451411
"песни" 0.00488639139995114 0 0.00863632438034373 0 0 0.00299688324142891 0 0.00234351198706381 0.00382328764504597 0.0195924764890282
"повинностей" 0.00488639139995114 0.00562619556655789 0 0 0 0 0 0.0140610719223829 0 0
"повинности" 0.00977278279990227 0 0 0 0 0 0 0.0140610719223829 0 0
"подать" 0 0 0 0 0 0.00599376648285783 0 0.0140610719223829 0 0
"подвигов" 0 0 0.0172726487606875 0 0 0 0 0.00468702397412763 0.00764657529009195 0
"подобное" 0.00488639139995114 0 0 0.00716486350935015 0 0.00599376648285783 0 0.00468702397412763 0.00382328764504597 0
"подобные" 0.00488639139995114 0 0 0 0.00436967445925279 0.00899064972428674 0 0.00468702397412763 0.00191164382252299 0
"пожертвовать" 0 0.0112523911331158 0 0.0143297270187003 0 0.00299688324142891 0 0 0.00191164382252299 0.0195924764890282
"познакомиться" 0 0 0 0 0.00436967445925279 0 0 0.0117175599353191 0.00382328764504597 0
"поколение" 0 0 0 0 0.00436967445925279 0.00599376648285783 0 0 0.00382328764504597 0.0293887147335423
"покуда" 0 0.0112523911331158 0 0.0286594540374006 0 0.00599376648285783 0 0 0 0
"политика" 0.0146591741998534 0.00562619556655789 0 0 0 0 0 0 0.00764657529009195 0
"политический" 0.00488639139995114 0.00562619556655789 0 0 0 0.00299688324142891 0 0.00703053596119144 0.00382328764504597 0
"полнее" 0 0.00562619556655789 0 0.0214945905280504 0 0.00599376648285783 0 0.00234351198706381 0 0.00979623824451411
"полноте" 0 0 0.00863632438034373 0.0286594540374006 0.00436967445925279 0.00299688324142891 0 0 0 0.00979623824451411
"полноту" 0.00977278279990227 0 0.00863632438034373 0.0143297270187003 0 0.00599376648285783 0 0 0 0.00979623824451411
"положению" 0.00977278279990227 0 0 0 0 0.00299688324142891 0 0.00234351198706381 0.00764657529009195 0
"получали" 0 0.00562619556655789 0 0 0 0 0 0.0117175599353191 0.00382328764504597 0
"получают" 0.00488639139995114 0.0281309778327895 0 0 0.00436967445925279 0.00299688324142891 0 0 0 0
"получив" 0 0 0.0259089731410312 0 0.00436967445925279 0 0 0 0.00764657529009195 0
"помещика" 0 0.00562619556655789 0.00863632438034373 0.0214945905280504 0.0131090233777584 0 0 0 0 0
"помещиков" 0.0146591741998534 0 0.00863632438034373 0.00716486350935015 0.0131090233777584 0 0 0 0 0
"понимание" 0 0 0 0.00716486350935015 0 0.00599376648285783 0 0.0117175599353191 0 0
"понятиях" 0.00488639139995114 0 0.00863632438034373 0.0143297270187003 0 0 0 0.00703053596119144 0.00191164382252299 0
"португалия" 0 0 0 0 0 0 0 0.00703053596119144 0.00955821911261494 0
"порядку" 0.00977278279990227 0.00562619556655789 0 0 0 0.00599376648285783 0 0 0.00573493146756896 0
"последними" 0 0.00562619556655789 0 0.00716486350935015 0 0.00599376648285783 0 0.00703053596119144 0.00191164382252299 0
"посмотреть" 0.00977278279990227 0 0 0 0 0.00599376648285783 0 0.00703053596119144 0 0.00979623824451411
"поставлен" 0.0146591741998534 0.00562619556655789 0 0 0 0.00299688324142891 0.010315659170621 0 0.00382328764504597 0
"постановлений" 0.00488639139995114 0 0.00863632438034373 0.00716486350935015 0 0 0 0.00234351198706381 0.00764657529009195 0
"поступки" 0 0 0 0 0.00436967445925279 0.00299688324142891 0 0.00468702397412763 0.00764657529009195 0
"поступок" 0 0 0 0 0 0.00299688324142891 0 0 0.0133815067576609 0
"потерять" 0 0.00562619556655789 0 0 0.00873934891850557 0 0.010315659170621 0.00468702397412763 0.00382328764504597 0
"потомки" 0 0.0112523911331158 0 0 0 0.00299688324142891 0 0.00703053596119144 0.00382328764504597 0
"поэт" 0 0.00562619556655789 0 0 0.00436967445925279 0 0.020631318341242 0.00234351198706381 0 0.0293887147335423
"правила" 0.00488639139995114 0 0 0.00716486350935015 0.00436967445925279 0 0 0.00937404794825526 0.00191164382252299 0
"правильно" 0.00488639139995114 0 0 0.0143297270187003 0.00436967445925279 0.00299688324142891 0 0.00468702397412763 0.00191164382252299 0
"правители" 0 0.0225047822662316 0 0.00716486350935015 0 0 0 0 0.00573493146756896 0
"православного" 0.0146591741998534 0 0 0.0358243175467507 0 0 0 0 0 0
"предлагает" 0 0 0 0.00716486350935015 0.00436967445925279 0.00599376648285783 0 0.00468702397412763 0.00191164382252299 0.00979623824451411
"предложение" 0.00488639139995114 0 0 0 0 0.00299688324142891 0 0 0.0114698629351379 0
"предложили" 0 0 0 0 0.00436967445925279 0 0 0.00234351198706381 0.0114698629351379 0
"предоставлено" 0 0 0.00863632438034373 0.00716486350935015 0.00436967445925279 0 0 0.00703053596119144 0.00382328764504597 0
"презрения" 0.00977278279990227 0 0 0.00716486350935015 0.00436967445925279 0.00299688324142891 0 0.00468702397412763 0.00191164382252299 0
"прекрасно" 0 0 0 0.00716486350935015 0.00436967445925279 0.00599376648285783 0.010315659170621 0.00468702397412763 0 0.00979623824451411
"прелесть" 0 0 0 0 0.00436967445925279 0.00899064972428674 0.010315659170621 0.00234351198706381 0 0.0195924764890282
"преступление" 0 0 0 0 0 0.00299688324142891 0 0.00468702397412763 0.00955821911261494 0
"примирения" 0 0 0 0.00716486350935015 0.00436967445925279 0 0 0.00234351198706381 0 0.0489811912225705
"принадлежала" 0 0 0 0 0 0.00599376648285783 0 0.00468702397412763 0.00764657529009195 0
"принадлежащие" 0 0 0 0 0.00873934891850557 0.00899064972428674 0 0 0.00382328764504597 0.00979623824451411
"принимая" 0 0.00562619556655789 0.00863632438034373 0 0 0 0.010315659170621 0.00703053596119144 0.00382328764504597 0
"принят" 0 0 0 0.0143297270187003 0 0 0.010315659170621 0 0.00955821911261494 0
"приняты" 0 0 0 0 0 0.00299688324142891 0 0.00468702397412763 0.00955821911261494 0
"причиною" 0.00488639139995114 0 0 0.0143297270187003 0 0 0.020631318341242 0.00703053596119144 0 0
"продолжал" 0 0.00562619556655789 0.00863632438034373 0 0 0.00299688324142891 0.010315659170621 0.00234351198706381 0.00573493146756896 0
"продолжалась" 0 0 0.00863632438034373 0 0 0 0 0.00703053596119144 0.00573493146756896 0.00979623824451411
"произведении" 0 0 0 0 0.00436967445925279 0.0119875329657157 0.030946977511863 0 0 0
"произвел" 0 0 0 0.00716486350935015 0 0.00899064972428674 0 0 0.00764657529009195 0
"произнес" 0 0 0 0 0 0.00599376648285783 0 0.00234351198706381 0.00955821911261494 0
"произошла" 0 0 0 0.0214945905280504 0.00873934891850557 0 0 0.00234351198706381 0.00382328764504597 0
"происшествий" 0 0 0 0 0 0.0239750659314313 0 0 0 0
"пройти" 0 0 0 0 0.00436967445925279 0.0119875329657157 0 0.00703053596119144 0 0
"простая" 0 0 0 0 0.00436967445925279 0 0.030946977511863 0.00937404794825526 0 0
"противиться" 0 0 0.00863632438034373 0 0 0 0 0.00937404794825526 0.00573493146756896 0
"противника" 0 0 0 0 0 0 0 0.00468702397412763 0.0114698629351379 0
"противоречия" 0.00488639139995114 0 0 0 0.00873934891850557 0.00899064972428674 0 0 0.00191164382252299 0.00979623824451411
"публикой" 0.00488639139995114 0 0 0 0 0.0209781826900024 0 0 0 0
"публичных" 0 0 0 0 0 0.0239750659314313 0 0 0 0
"рабам" 0 0.00562619556655789 0 0 0.00873934891850557 0 0 0.0117175599353191 0 0
"равноправности" 0.0390911311996091 0 0 0 0 0 0 0 0 0
"разбит" 0 0 0 0 0 0 0 0.00703053596119144 0.00955821911261494 0
"развивается" 0.00488639139995114 0.00562619556655789 0.00863632438034373 0.00716486350935015 0 0.00899064972428674 0 0 0 0.00979623824451411
"раздавались" 0 0 0 0 0 0.00299688324142891 0 0.00937404794825526 0.00382328764504597 0.00979623824451411
"разложение" 0.00488639139995114 0.00562619556655789 0 0 0.00436967445925279 0.00299688324142891 0 0.00937404794825526 0 0
"разложения" 0.00488639139995114 0.0112523911331158 0 0 0.00436967445925279 0 0 0.00468702397412763 0.00382328764504597 0
"рассказа" 0.00488639139995114 0 0 0 0 0.00899064972428674 0.010315659170621 0.00703053596119144 0 0
"рассудочности" 0 0 0 0.0573189080748012 0 0 0 0 0 0
"рассуждать" 0.00488639139995114 0.00562619556655789 0 0 0 0.00599376648285783 0.041262636682484 0 0 0
"расчеты" 0.00488639139995114 0.00562619556655789 0 0 0 0 0 0 0.0114698629351379 0
"редактора" 0.00488639139995114 0 0 0 0.0218483722962639 0.00599376648285783 0 0 0 0
"религиозный" 0.00488639139995114 0 0 0 0 0 0 0.00468702397412763 0.00955821911261494 0
"романов" 0.00488639139995114 0 0 0 0 0.0119875329657157 0.010315659170621 0.00234351198706381 0.00191164382252299 0
"романтиков" 0 0 0 0 0 0 0.030946977511863 0 0 0.0489811912225705
"романы" 0 0 0 0 0.00436967445925279 0.00899064972428674 0.020631318341242 0.00234351198706381 0 0.00979623824451411
"рукой" 0.00488639139995114 0 0 0 0 0.0119875329657157 0 0.00234351198706381 0.00382328764504597 0
"сановники" 0 0.0112523911331158 0 0 0 0.00299688324142891 0 0.00703053596119144 0.00382328764504597 0
"своё" 0 0 0.0604542706624061 0 0 0 0 0 0 0.00979623824451411
"связать" 0 0 0 0.0143297270187003 0.0131090233777584 0.00599376648285783 0 0.00234351198706381 0 0
"север" 0 0.00562619556655789 0.0431816219017186 0 0 0 0 0.00234351198706381 0.00191164382252299 0
"северные" 0 0.0112523911331158 0.00863632438034373 0 0 0.00299688324142891 0 0 0.00764657529009195 0
"сейчас" 0 0 0 0.00716486350935015 0 0.00899064972428674 0.010315659170621 0.00703053596119144 0 0
"семейные" 0 0.0281309778327895 0 0.00716486350935015 0.00436967445925279 0.00299688324142891 0 0 0 0
"семья" 0 0.0281309778327895 0 0 0 0 0.020631318341242 0.00234351198706381 0 0
"сердцем" 0.00977278279990227 0 0 0.00716486350935015 0 0 0.010315659170621 0.00468702397412763 0 0.0195924764890282
"сильвестра" 0 0 0.0690905950427498 0 0 0 0 0 0 0
"сильный" 0 0 0 0 0 0.00899064972428674 0 0.00468702397412763 0.00382328764504597 0.00979623824451411
"славянское" 0 0.0225047822662316 0.00863632438034373 0 0.00873934891850557 0 0.010315659170621 0 0 0
"следствие" 0.00977278279990227 0.0112523911331158 0 0.0143297270187003 0 0 0 0.00234351198706381 0.00191164382252299 0
"словно" 0.0146591741998534 0 0 0 0 0.0119875329657157 0.010315659170621 0 0 0
"слоях" 0 0 0 0.0143297270187003 0 0 0 0.00234351198706381 0.00955821911261494 0
"слухи" 0 0 0 0 0 0.00599376648285783 0 0.00703053596119144 0.00573493146756896 0
"смели" 0 0 0.0345452975213749 0 0 0 0 0 0.00764657529009195 0
"смелого" 0 0 0 0 0 0 0 0.00937404794825526 0.00764657529009195 0
"смирение" 0.00488639139995114 0 0 0.00716486350935015 0.0262180467555167 0 0 0 0 0
"смотрела" 0 0 0 0 0.00436967445925279 0.00599376648285783 0 0.00234351198706381 0.00764657529009195 0
"смут" 0 0.00562619556655789 0 0 0 0 0 0 0.0133815067576609 0
"снять" 0.00488639139995114 0 0 0 0 0.00599376648285783 0 0.00234351198706381 0.00764657529009195 0
"собрал" 0 0.00562619556655789 0 0 0 0 0 0.0117175599353191 0.00382328764504597 0
"собственное" 0 0.00562619556655789 0 0 0 0.00899064972428674 0 0.00234351198706381 0.00573493146756896 0
"собственную" 0 0.00562619556655789 0 0 0 0.0149844162071446 0 0.00234351198706381 0.00191164382252299 0
"совершено" 0.00977278279990227 0 0 0 0 0 0 0.00468702397412763 0.00573493146756896 0.00979623824451411
"современная" 0.00488639139995114 0.00562619556655789 0 0 0.00436967445925279 0.00299688324142891 0.010315659170621 0 0 0.0293887147335423
"современном" 0 0 0 0.0143297270187003 0.00873934891850557 0.00599376648285783 0 0 0.00191164382252299 0.00979623824451411
"современности" 0.00488639139995114 0 0 0 0 0.00299688324142891 0 0.00468702397412763 0 0.0391849529780564
"согласитесь" 0.00977278279990227 0 0 0 0.00873934891850557 0.0119875329657157 0 0 0 0
"созвал" 0 0 0.00863632438034373 0 0 0 0 0.00234351198706381 0.0114698629351379 0
"сознанием" 0.00977278279990227 0.0112523911331158 0 0.0143297270187003 0 0.00299688324142891 0 0 0.00191164382252299 0
"сознаться" 0.00488639139995114 0 0 0 0.0174786978370111 0.00599376648285783 0 0.00234351198706381 0 0
"соображений" 0.00488639139995114 0 0 0.0143297270187003 0 0.00599376648285783 0 0.00468702397412763 0.00191164382252299 0
"состояло" 0 0.0112523911331158 0.0172726487606875 0 0 0 0 0.00703053596119144 0.00191164382252299 0
"сохранились" 0 0 0.0172726487606875 0.00716486350935015 0 0 0 0.00703053596119144 0.00382328764504597 0
"сохраняя" 0 0 0.0259089731410312 0.0143297270187003 0 0.00599376648285783 0 0 0.00191164382252299 0
"сравнении" 0.00977278279990227 0.00562619556655789 0 0 0.00873934891850557 0 0.010315659170621 0.00468702397412763 0 0
"среде" 0.0195455655998045 0.00562619556655789 0 0 0.0131090233777584 0 0 0 0 0
"средством" 0 0.0112523911331158 0 0.00716486350935015 0.00436967445925279 0.00299688324142891 0 0.00234351198706381 0.00382328764504597 0
"стараясь" 0 0 0.00863632438034373 0.0143297270187003 0 0 0.010315659170621 0.00468702397412763 0.00382328764504597 0
"старшему" 0 0.0393833689659053 0.00863632438034373 0 0 0 0 0 0 0
"старыми" 0 0.0168785866996737 0 0 0.00436967445925279 0.00299688324142891 0.010315659170621 0.00468702397412763 0 0
"стихи" 0.00488639139995114 0 0 0 0.00873934891850557 0 0.020631318341242 0.00468702397412763 0.00191164382252299 0
"стражу" 0 0 0 0 0 0 0 0.00937404794825526 0.00764657529009195 0
"странице" 0 0 0 0 0.0305877212147695 0.00299688324142891 0 0 0 0
"страшной" 0 0.00562619556655789 0 0 0 0.00599376648285783 0 0.00234351198706381 0.00573493146756896 0.00979623824451411
"страшными" 0 0 0 0 0 0 0 0.0117175599353191 0.00573493146756896 0
"строки" 0.00977278279990227 0 0 0.00716486350935015 0.0174786978370111 0.00299688324142891 0 0 0 0
"ступени" 0 0.00562619556655789 0 0.0143297270187003 0 0.00299688324142891 0 0.00234351198706381 0.00573493146756896 0
"судьбу" 0.00488639139995114 0 0 0.00716486350935015 0 0.00299688324142891 0.010315659170621 0 0.00382328764504597 0.0195924764890282
"сферы" 0.00977278279990227 0 0 0.0143297270187003 0.00873934891850557 0.00299688324142891 0.010315659170621 0 0 0
"сцены" 0 0.00562619556655789 0 0 0 0.00899064972428674 0 0 0.00764657529009195 0
"считают" 0.00488639139995114 0 0 0 0 0.00599376648285783 0.010315659170621 0.00468702397412763 0 0.0195924764890282
"сыне" 0 0.00562619556655789 0 0 0.00436967445925279 0.00299688324142891 0 0.00234351198706381 0.00764657529009195 0
"тайны" 0.00977278279990227 0 0 0 0.00436967445925279 0 0.010315659170621 0 0.00573493146756896 0.00979623824451411
"тайные" 0 0 0 0 0 0.00299688324142891 0 0.00468702397412763 0.00955821911261494 0
"талантов" 0 0 0 0 0.00436967445925279 0.00599376648285783 0.010315659170621 0 0.00573493146756896 0.00979623824451411
"твердость" 0.00488639139995114 0.00562619556655789 0 0.0214945905280504 0.00436967445925279 0.00299688324142891 0 0 0 0.00979623824451411
"театров" 0 0 0 0 0 0.0239750659314313 0 0 0 0
"тебя" 0 0 0.0345452975213749 0 0 0 0.030946977511863 0 0.00191164382252299 0
"тела" 0 0 0.00863632438034373 0 0 0.00899064972428674 0 0.00234351198706381 0.00191164382252299 0.0195924764890282
"теряет" 0.00977278279990227 0 0 0 0 0.0119875329657157 0 0 0 0.0195924764890282
"тесном" 0 0.0168785866996737 0.00863632438034373 0.00716486350935015 0.00873934891850557 0 0 0.00234351198706381 0 0
"торговые" 0 0.00562619556655789 0 0 0.00436967445925279 0 0 0.00234351198706381 0.00955821911261494 0
"требований" 0 0 0 0 0.00436967445925279 0.00299688324142891 0 0.00468702397412763 0.00573493146756896 0.00979623824451411
"требуют" 0 0 0 0 0 0 0 0.00234351198706381 0 0.0685736677115987
"трудами" 0 0 0.00863632438034373 0 0.00436967445925279 0 0 0.00703053596119144 0.00573493146756896 0
"трудом" 0 0 0 0.00716486350935015 0.00436967445925279 0.00299688324142891 0.010315659170621 0.00703053596119144 0.00191164382252299 0
"турками" 0 0 0.00863632438034373 0 0 0 0 0.00703053596119144 0.00764657529009195 0
"турции" 0 0 0.00863632438034373 0 0 0 0 0.0117175599353191 0.00382328764504597 0
"тяжесть" 0 0 0 0.00716486350935015 0 0 0 0.0117175599353191 0.00382328764504597 0
"убедиться" 0 0 0 0.0143297270187003 0.0131090233777584 0 0.010315659170621 0.00234351198706381 0.00191164382252299 0
"убеждением" 0 0 0 0.0214945905280504 0.00436967445925279 0.00299688324142891 0 0 0.00382328764504597 0.00979623824451411
"уважать" 0.00977278279990227 0 0 0.00716486350935015 0.0174786978370111 0 0 0.00234351198706381 0 0
"увидеть" 0 0 0 0.00716486350935015 0.00436967445925279 0.00299688324142891 0.020631318341242 0.00234351198706381 0.00191164382252299 0.00979623824451411
"угрожала" 0 0 0 0.00716486350935015 0 0 0 0.0140610719223829 0.00191164382252299 0
"удары" 0 0 0.00863632438034373 0 0 0.00899064972428674 0 0.00937404794825526 0 0
"уделом" 0 0.0112523911331158 0 0.0143297270187003 0 0 0.030946977511863 0.00234351198706381 0 0
"удержаться" 0 0 0 0.00716486350935015 0.00436967445925279 0.00599376648285783 0 0.00703053596119144 0 0.00979623824451411
"удовольствием" 0 0 0 0 0.00436967445925279 0.00899064972428674 0 0.00468702397412763 0.00382328764504597 0
"указали" 0 0 0 0 0 0 0.020631318341242 0.00234351198706381 0.00955821911261494 0
"умереть" 0 0 0 0 0.00436967445925279 0.00599376648285783 0 0 0.00764657529009195 0.00979623824451411
"упрек" 0 0.00562619556655789 0 0 0.00873934891850557 0.00599376648285783 0 0.00468702397412763 0.00191164382252299 0
"успехов" 0 0 0 0.00716486350935015 0 0 0.020631318341242 0.00468702397412763 0.00573493146756896 0
"устроить" 0.00977278279990227 0 0 0.00716486350935015 0 0.00299688324142891 0 0.00468702397412763 0.00382328764504597 0
"ученым" 0.00488639139995114 0 0 0.00716486350935015 0 0.00299688324142891 0 0.00468702397412763 0.00573493146756896 0
"учреждениями" 0.00488639139995114 0 0.0172726487606875 0 0 0 0 0.0117175599353191 0 0
"фердинанду" 0 0 0 0 0 0.00299688324142891 0 0.00703053596119144 0.00764657529009195 0
"фландрии" 0 0 0 0 0 0 0 0.0140610719223829 0.00382328764504597 0
"формальности" 0.00488639139995114 0 0.00863632438034373 0.0429891810561009 0 0 0 0 0 0
"францем" 0 0 0 0 0 0 0 0.00468702397412763 0.0114698629351379 0
"французская" 0 0 0 0 0 0 0 0.00937404794825526 0.00764657529009195 0
"фридриха" 0 0 0 0 0 0 0 0.00468702397412763 0.00955821911261494 0.00979623824451411
"ходили" 0 0 0 0 0 0 0.010315659170621 0.0117175599353191 0.00382328764504597 0
"христианском" 0.0293183483997068 0 0.00863632438034373 0.00716486350935015 0 0 0 0 0 0
"христианскому" 0.0293183483997068 0 0 0.00716486350935015 0 0 0 0.00234351198706381 0 0
"художников" 0 0 0 0 0 0.0149844162071446 0 0.00468702397412763 0 0.00979623824451411
"царём" 0 0 0.0690905950427498 0 0 0 0 0 0 0
"цветов" 0 0 0 0 0 0.0209781826900024 0 0 0 0.00979623824451411
"целям" 0 0 0 0.00716486350935015 0 0 0 0.0117175599353191 0.00382328764504597 0
"целями" 0.00488639139995114 0.00562619556655789 0 0.0143297270187003 0 0 0 0.00703053596119144 0.00191164382252299 0
"частей" 0 0.00562619556655789 0.0172726487606875 0 0 0.00899064972428674 0.010315659170621 0 0 0.00979623824451411
"частию" 0.00488639139995114 0 0 0.0214945905280504 0 0 0.030946977511863 0 0 0.00979623824451411
"честолюбие" 0 0.00562619556655789 0.0172726487606875 0.00716486350935015 0 0.00299688324142891 0 0 0.00573493146756896 0
"чистоту" 0 0 0.0172726487606875 0 0.00436967445925279 0.00299688324142891 0.010315659170621 0 0.00573493146756896 0
"читал" 0 0 0 0 0 0 0 0.00468702397412763 0.0114698629351379 0
"чувств" 0.00488639139995114 0 0 0.00716486350935015 0.00436967445925279 0.00299688324142891 0.020631318341242 0 0 0.0195924764890282
"чужд" 0.00488639139995114 0 0.00863632438034373 0 0.00436967445925279 0 0.020631318341242 0.00234351198706381 0.00382328764504597 0
"чужого" 0 0.00562619556655789 0 0.0143297270187003 0.0131090233777584 0 0 0 0 0.0195924764890282
"эдуард" 0 0 0 0 0 0 0 0.00937404794825526 0.00764657529009195 0
"эразма" 0 0 0 0 0 0 0 0.00468702397412763 0.00764657529009195 0.0195924764890282
"юлий" 0 0 0 0 0 0 0 0.00937404794825526 0.00764657529009195 0
"юридический" 0.00488639139995114 0.0112523911331158 0 0 0.0131090233777584 0 0 0.00468702397412763 0 0
"явиться" 0 0 0 0 0.00436967445925279 0.00899064972428674 0 0 0.00573493146756896 0.00979623824451411
"ярко" 0 0.00562619556655789 0 0 0.0131090233777584 0.00899064972428674 0 0 0.00191164382252299 0
"geschichte" 0 0 0 0 0 0 0 0.00937404794825526 0.00764657529009195 0
"nous" 0 0 0 0 0.0262180467555167 0 0 0.00468702397412763 0 0
"qu" 0 0 0 0 0.0131090233777584 0.0119875329657157 0 0 0.00191164382252299 0
"st" 0 0 0 0 0 0 0 0 0.0152931505801839 0
"theatre" 0 0 0 0 0 0.0239750659314313 0 0 0 0
"адашева" 0 0 0.0604542706624061 0 0 0 0 0 0 0
"администрация" 0.0146591741998534 0.00562619556655789 0 0 0 0.00599376648285783 0 0 0.00191164382252299 0
"актов" 0 0 0 0 0 0.00299688324142891 0.041262636682484 0 0.00382328764504597 0
"англичан" 0.00488639139995114 0 0.00863632438034373 0 0 0 0 0.00937404794825526 0.00191164382252299 0
"анны" 0 0 0 0 0 0 0 0.00234351198706381 0.0114698629351379 0
"аристотеля" 0 0 0 0.0143297270187003 0 0 0 0.00468702397412763 0.00382328764504597 0.00979623824451411
"армии" 0 0 0 0 0 0.00299688324142891 0 0.00703053596119144 0.00573493146756896 0
"архиепископ" 0 0 0 0 0 0 0 0.00234351198706381 0.0114698629351379 0
"бедности" 0 0 0.00863632438034373 0.00716486350935015 0 0.00599376648285783 0 0 0.00573493146756896 0
"бедность" 0 0 0.00863632438034373 0 0.00873934891850557 0.00599376648285783 0 0.00468702397412763 0 0
"бедных" 0 0 0.00863632438034373 0 0 0.0119875329657157 0 0 0.00382328764504597 0
"белоруссии" 0.034204739799658 0 0 0 0 0 0 0 0 0
"берегам" 0 0 0.0259089731410312 0 0 0 0 0.00234351198706381 0.00573493146756896 0
"берегов" 0 0 0.00863632438034373 0 0 0.00299688324142891 0 0.00468702397412763 0.00573493146756896 0
"бесконечное" 0 0.0112523911331158 0.00863632438034373 0 0.00436967445925279 0 0 0 0 0.0293887147335423
"блестящая" 0 0 0 0.00716486350935015 0.00436967445925279 0.00299688324142891 0 0.00468702397412763 0.00382328764504597 0
"богослов" 0 0 0 0 0 0 0 0 0.0133815067576609 0
"богословие" 0 0 0 0.0214945905280504 0 0 0 0.00937404794825526 0 0
"богословы" 0 0 0 0.0286594540374006 0 0 0 0.00234351198706381 0.00382328764504597 0
"божества" 0 0 0 0.00716486350935015 0 0.0119875329657157 0 0.00468702397412763 0 0
"большего" 0.00488639139995114 0 0 0 0 0.00599376648285783 0 0.00468702397412763 0.00382328764504597 0
"боролись" 0 0.00562619556655789 0 0.00716486350935015 0 0.00299688324142891 0 0.00937404794825526 0 0
"брать" 0 0.00562619556655789 0 0 0.00436967445925279 0.00299688324142891 0 0.00703053596119144 0.00191164382252299 0
"братьев" 0 0.0168785866996737 0.00863632438034373 0 0 0.00299688324142891 0 0 0.00382328764504597 0
"брошюра" 0 0 0 0 0 0.0209781826900024 0 0 0 0
"бумаги" 0 0 0 0 0 0.0119875329657157 0.010315659170621 0.00234351198706381 0.00191164382252299 0
"бургундских" 0 0 0 0 0 0 0 0.0140610719223829 0.00191164382252299 0
"важнейших" 0 0.0112523911331158 0.00863632438034373 0 0 0 0 0.00234351198706381 0.00573493146756896 0
"валуа" 0 0 0 0 0 0 0 0.00937404794825526 0.00573493146756896 0
"василия" 0 0.00562619556655789 0.0431816219017186 0 0.00436967445925279 0 0 0 0 0
"ввиду" 0.0195455655998045 0 0 0 0.00436967445925279 0 0 0.00468702397412763 0 0
"ведома" 0.00977278279990227 0 0 0 0.00873934891850557 0 0 0 0.00573493146756896 0
"вековые" 0 0.0168785866996737 0 0.00716486350935015 0.00873934891850557 0 0 0 0.00191164382252299 0
"вели" 0 0 0 0.00716486350935015 0 0 0 0.00703053596119144 0.00573493146756896 0
"велико" 0.00488639139995114 0 0 0.00716486350935015 0 0 0.010315659170621 0.00234351198706381 0.00573493146756896 0
"величие" 0 0 0 0 0.00436967445925279 0.0149844162071446 0 0 0 0.00979623824451411
"вере" 0.0244319569997557 0 0.00863632438034373 0 0 0 0 0 0.00191164382252299 0
"верить" 0.00488639139995114 0 0 0 0.00436967445925279 0.00599376648285783 0 0 0.00382328764504597 0.00979623824451411
"верховной" 0.00488639139995114 0 0 0 0.0131090233777584 0 0 0.00468702397412763 0.00191164382252299 0
"вечер" 0 0 0 0 0 0.00899064972428674 0.010315659170621 0.00234351198706381 0.00382328764504597 0
"вещь" 0.00488639139995114 0 0 0 0 0.0149844162071446 0.010315659170621 0 0 0
"взгляду" 0 0.0112523911331158 0 0 0.0174786978370111 0.00299688324142891 0 0 0 0
"взор" 0 0 0 0.00716486350935015 0.00436967445925279 0 0.010315659170621 0 0 0.0391849529780564
"византийской" 0 0 0 0 0 0 0 0.0164045839094467 0 0
"вилланов" 0 0 0 0 0 0 0 0.0164045839094467 0 0
"вилланы" 0 0 0 0 0 0 0 0.0164045839094467 0 0
"вину" 0.00488639139995114 0 0 0 0.00873934891850557 0.00299688324142891 0 0.00234351198706381 0.00382328764504597 0
"виттенберге" 0 0 0 0 0 0 0 0 0.0133815067576609 0
"вкратце" 0.00488639139995114 0 0 0 0 0 0 0.00234351198706381 0.00955821911261494 0
"владельцы" 0 0 0 0 0 0 0 0.0164045839094467 0 0
"владеть" 0 0.0168785866996737 0 0 0 0.00299688324142891 0 0.00468702397412763 0 0.00979623824451411
"властителей" 0 0.0112523911331158 0 0 0 0.00599376648285783 0 0.00234351198706381 0.00382328764504597 0
"внезапно" 0.00977278279990227 0.0112523911331158 0 0 0 0 0 0.00234351198706381 0.00382328764504597 0
"внутреннему" 0 0 0 0.0143297270187003 0.0131090233777584 0.00299688324142891 0 0 0 0.00979623824451411
"вождем" 0 0.00562619556655789 0 0 0 0 0 0.00937404794825526 0.00382328764504597 0
"вождя" 0 0 0 0 0 0 0 0.00234351198706381 0.0114698629351379 0
"вождями" 0.00488639139995114 0 0 0 0 0 0 0.00468702397412763 0.00764657529009195 0
"воздух" 0.00977278279990227 0 0.00863632438034373 0.00716486350935015 0 0.00299688324142891 0 0.00234351198706381 0.00191164382252299 0
"возле" 0 0.0112523911331158 0 0 0.00873934891850557 0.00299688324142891 0 0 0 0.0195924764890282
"войной" 0.00488639139995114 0.00562619556655789 0 0 0 0.00599376648285783 0 0.00234351198706381 0.00382328764504597 0
"войти" 0.00488639139995114 0 0 0 0 0.00899064972428674 0.010315659170621 0 0.00382328764504597 0
"волею" 0 0 0.00863632438034373 0.0143297270187003 0.00873934891850557 0 0 0.00468702397412763 0 0
"восстановление" 0.00488639139995114 0 0 0 0 0.00299688324142891 0 0 0.00955821911261494 0
"восторга" 0.00488639139995114 0 0.00863632438034373 0.00716486350935015 0 0.00899064972428674 0 0.00234351198706381 0 0
"впечатления" 0 0 0 0 0.0174786978370111 0.00599376648285783 0 0 0.00191164382252299 0
"всемирной" 0 0 0.00863632438034373 0 0 0 0.010315659170621 0.00468702397412763 0.00573493146756896 0
"вспомните" 0 0.00562619556655789 0 0 0.00873934891850557 0.0119875329657157 0 0 0 0
"встретил" 0 0 0.00863632438034373 0 0 0.00599376648285783 0 0 0.00764657529009195 0
"вступив" 0 0 0.00863632438034373 0 0 0 0 0.00937404794825526 0.00382328764504597 0
"втором" 0 0.00562619556655789 0 0 0.00436967445925279 0.00899064972428674 0.020631318341242 0 0 0
"второму" 0 0.0112523911331158 0 0 0.00436967445925279 0.00599376648285783 0 0 0.00382328764504597 0
"выражают" 0 0 0 0 0 0.0179812994485735 0 0 0 0.00979623824451411
"выразил" 0 0 0 0.00716486350935015 0 0.00299688324142891 0 0.00468702397412763 0.00573493146756896 0
"выразилось" 0 0 0.00863632438034373 0.00716486350935015 0 0.00599376648285783 0 0 0.00573493146756896 0
"высказать" 0.00488639139995114 0 0 0 0.00873934891850557 0.00899064972428674 0 0.00234351198706381 0 0
"высшему" 0.00488639139995114 0 0 0.0143297270187003 0 0.00299688324142891 0.010315659170621 0 0.00382328764504597 0
"высший" 0 0.0112523911331158 0.00863632438034373 0.00716486350935015 0.00873934891850557 0 0 0.00234351198706381 0 0
"высшими" 0 0.00562619556655789 0 0.00716486350935015 0.00436967445925279 0 0 0.00468702397412763 0.00382328764504597 0
"генерал" 0 0 0 0 0 0 0.030946977511863 0 0.00764657529009195 0
"гений" 0 0 0 0 0.00873934891850557 0.00599376648285783 0.030946977511863 0 0 0
"германией" 0.00488639139995114 0 0 0 0 0 0 0.00468702397412763 0.00573493146756896 0.00979623824451411
"гибель" 0 0 0.0345452975213749 0 0.00436967445925279 0 0 0.00234351198706381 0.00191164382252299 0
"глубокий" 0 0 0.00863632438034373 0 0.00436967445925279 0 0.020631318341242 0.00468702397412763 0 0.00979623824451411
"глубоким" 0 0 0.00863632438034373 0.0143297270187003 0 0 0.020631318341242 0.00234351198706381 0.00191164382252299 0
"глубокого" 0 0 0 0 0 0.00299688324142891 0.010315659170621 0.00234351198706381 0.00382328764504597 0.0195924764890282
"гнет" 0.0293183483997068 0 0 0 0 0 0 0 0 0.00979623824451411
"гоголь" 0 0 0 0 0.0262180467555167 0.00299688324142891 0 0 0 0
"годом" 0.00488639139995114 0.00562619556655789 0 0 0 0.00299688324142891 0.020631318341242 0.00234351198706381 0.00191164382252299 0
"голове" 0 0 0 0.0143297270187003 0 0.00299688324142891 0.010315659170621 0 0.00382328764504597 0.00979623824451411
"гордились" 0 0 0 0.00716486350935015 0 0 0.010315659170621 0.00468702397412763 0.00573493146756896 0
"горе" 0 0 0.00863632438034373 0.00716486350935015 0.00436967445925279 0.00599376648285783 0.020631318341242 0 0 0
"городам" 0 0 0.0172726487606875 0.00716486350935015 0 0 0 0.00703053596119144 0.00191164382252299 0
"городского" 0.0195455655998045 0 0 0 0 0 0 0.00234351198706381 0.00382328764504597 0
"господин" 0 0.0112523911331158 0 0 0 0.00899064972428674 0 0.00468702397412763 0 0
"господство" 0.00488639139995114 0.00562619556655789 0 0.0214945905280504 0.00873934891850557 0 0 0 0 0
"государственная" 0 0.0168785866996737 0 0 0.00436967445925279 0.00599376648285783 0 0 0.00191164382252299 0
"государю" 0 0.00562619556655789 0.0431816219017186 0 0 0 0 0 0.00191164382252299 0
"государями" 0 0.00562619556655789 0.0172726487606875 0 0.00436967445925279 0 0 0.00468702397412763 0.00191164382252299 0
"готовность" 0 0 0 0 0 0 0 0.00468702397412763 0.00955821911261494 0
"гражданами" 0.0146591741998534 0 0.0172726487606875 0 0 0 0 0.00468702397412763 0 0
"грей" 0 0 0 0 0 0.00299688324142891 0 0 0.0114698629351379 0
"греков" 0 0.00562619556655789 0 0.00716486350935015 0 0 0 0.00234351198706381 0.00382328764504597 0.0195924764890282
"греция" 0 0 0.0345452975213749 0 0 0 0 0.00703053596119144 0 0
"греческих" 0 0 0 0.0286594540374006 0 0 0 0.00234351198706381 0 0.0195924764890282
"грозный" 0 0 0.0259089731410312 0.00716486350935015 0 0.00599376648285783 0 0 0.00191164382252299 0
"грубо" 0 0 0 0.00716486350935015 0.00436967445925279 0.00299688324142891 0.010315659170621 0 0.00382328764504597 0.00979623824451411
"дабы" 0 0 0.0345452975213749 0 0 0 0 0 0.00573493146756896 0
"дар" 0 0 0 0 0.00873934891850557 0.00299688324142891 0 0.00468702397412763 0.00382328764504597 0
"датский" 0 0 0 0 0 0 0 0.00234351198706381 0.0114698629351379 0
"двое" 0 0 0 0 0 0 0 0.00234351198706381 0.0114698629351379 0
"дворянством" 0 0 0 0 0 0 0 0.00234351198706381 0.0114698629351379 0
"делают" 0.00488639139995114 0 0 0 0.00873934891850557 0.00299688324142891 0 0.00234351198706381 0.00191164382252299 0.00979623824451411
"держали" 0 0.0112523911331158 0 0 0 0 0 0.00468702397412763 0.00573493146756896 0
"держится" 0 0.00562619556655789 0 0 0 0.00899064972428674 0 0 0.00382328764504597 0.00979623824451411
"десяти" 0.00488639139995114 0 0.00863632438034373 0 0.00436967445925279 0.00299688324142891 0.010315659170621 0 0 0.0195924764890282
"десятки" 0.0146591741998534 0 0 0 0 0 0 0.00937404794825526 0 0
"деятелей" 0 0 0 0.00716486350935015 0.00436967445925279 0.00299688324142891 0 0 0.00764657529009195 0
"деятельный" 0 0 0 0 0 0 0 0.00468702397412763 0.00955821911261494 0
"дилетантов" 0 0 0 0 0 0 0 0 0 0.0685736677115987
"добра" 0 0 0.0431816219017186 0 0.00436967445925279 0 0.010315659170621 0 0 0
"добро" 0.00977278279990227 0 0.0259089731410312 0 0.00436967445925279 0.00299688324142891 0 0 0 0
"добродетели" 0 0.0112523911331158 0 0 0 0.00899064972428674 0 0 0.00382328764504597 0
"довольствоваться" 0.00488639139995114 0 0.00863632438034373 0.00716486350935015 0.00873934891850557 0 0 0.00468702397412763 0 0
"договора" 0.00488639139995114 0 0.00863632438034373 0 0 0 0 0.00234351198706381 0.00764657529009195 0
"документов" 0.00488639139995114 0 0 0 0 0.00599376648285783 0 0.00468702397412763 0.00382328764504597 0
"доминиканцев" 0 0 0 0 0 0.00299688324142891 0 0.0140610719223829 0 0
"дому" 0.00488639139995114 0 0 0 0 0.00599376648285783 0 0.00468702397412763 0.00382328764504597 0
"дорого" 0 0 0 0 0 0.00299688324142891 0 0.00234351198706381 0.00955821911261494 0
"достались" 0 0.00562619556655789 0 0 0 0.00299688324142891 0 0.00703053596119144 0.00382328764504597 0
"достижения" 0 0 0 0.00716486350935015 0.00436967445925279 0 0 0 0.00764657529009195 0.00979623824451411
"дохода" 0 0 0 0 0 0.00299688324142891 0 0.00468702397412763 0.00764657529009195 0
"дочерью" 0 0 0.00863632438034373 0 0 0 0 0.00234351198706381 0.00955821911261494 0
"дошли" 0 0.00562619556655789 0 0 0.00873934891850557 0 0 0 0.00573493146756896 0.00979623824451411
"драму" 0 0 0 0 0 0.0149844162071446 0.020631318341242 0 0 0
"древнюю" 0.00488639139995114 0.0112523911331158 0 0 0 0 0 0.00937404794825526 0 0
"думы" 0 0.00562619556655789 0.0259089731410312 0 0 0.00599376648285783 0 0 0 0.00979623824451411
"духовный" 0 0.0112523911331158 0 0 0.00873934891850557 0 0 0.00234351198706381 0.00191164382252299 0.00979623824451411
"дядей" 0 0.0112523911331158 0 0 0 0 0 0.00234351198706381 0.00764657529009195 0
"еврейства" 0.034204739799658 0 0 0 0 0 0 0 0 0
"единственная" 0.00488639139995114 0.0168785866996737 0 0 0 0.00599376648285783 0 0.00234351198706381 0 0
"екатериной" 0 0 0 0 0 0 0 0 0.0133815067576609 0
"естественным" 0 0.00562619556655789 0.00863632438034373 0.00716486350935015 0.00873934891850557 0.00299688324142891 0 0.00234351198706381 0 0
"жа" 0 0 0 0 0 0.0209781826900024 0 0 0 0
"жажда" 0 0 0 0 0.0131090233777584 0.00299688324142891 0.010315659170621 0 0.00191164382252299 0.00979623824451411
"желал" 0.00488639139995114 0 0.0259089731410312 0 0.00436967445925279 0 0 0.00234351198706381 0.00191164382252299 0
"желанием" 0 0.00562619556655789 0 0 0 0.0119875329657157 0 0 0.00382328764504597 0
"женат" 0 0 0 0 0 0 0 0 0.0133815067576609 0
"женщина" 0 0 0.00863632438034373 0 0.00436967445925279 0.00299688324142891 0 0.00234351198706381 0.00573493146756896 0
"жестокость" 0 0.00562619556655789 0 0 0.0131090233777584 0 0 0.00234351198706381 0.00382328764504597 0
"живому" 0 0 0 0.0286594540374006 0 0 0.010315659170621 0.00234351198706381 0 0.00979623824451411
"жила" 0 0 0.00863632438034373 0.0143297270187003 0.00436967445925279 0 0.010315659170621 0 0.00382328764504597 0
"жило" 0 0.00562619556655789 0.0259089731410312 0 0 0 0 0.00234351198706381 0.00382328764504597 0
"забывая" 0 0 0.0172726487606875 0.00716486350935015 0.00436967445925279 0 0 0 0.00191164382252299 0.0195924764890282
"завоевание" 0 0 0.00863632438034373 0 0 0.00299688324142891 0 0.00703053596119144 0.00382328764504597 0
"заключает" 0 0 0.00863632438034373 0 0 0.00299688324142891 0 0.00703053596119144 0.00191164382252299 0.00979623824451411
"заключали" 0 0.00562619556655789 0.00863632438034373 0 0 0 0 0.00937404794825526 0.00191164382252299 0
"заключалось" 0.00488639139995114 0 0 0.0143297270187003 0.00873934891850557 0 0 0.00234351198706381 0.00191164382252299 0
"заключать" 0.00488639139995114 0.00562619556655789 0 0 0.00873934891850557 0 0.010315659170621 0.00468702397412763 0 0
"законного" 0.00488639139995114 0 0.0172726487606875 0.00716486350935015 0 0.00599376648285783 0 0 0.00191164382252299 0
"замки" 0 0 0 0 0 0 0 0.00937404794825526 0.00382328764504597 0.00979623824451411
"занимался" 0.00488639139995114 0 0 0 0 0 0 0.0117175599353191 0.00191164382252299 0
"западное" 0 0 0 0.0286594540374006 0.0131090233777584 0 0 0 0 0
"западном" 0.0146591741998534 0 0 0.0214945905280504 0 0 0 0 0.00191164382252299 0
"западными" 0 0 0.00863632438034373 0.0214945905280504 0 0 0 0.00703053596119144 0 0
"заранее" 0.00977278279990227 0.00562619556655789 0 0 0.00436967445925279 0.00599376648285783 0 0.00234351198706381 0 0
"заставили" 0.00488639139995114 0 0 0 0.00436967445925279 0 0 0.00234351198706381 0.00764657529009195 0
"заставило" 0.00488639139995114 0 0 0 0 0.00299688324142891 0 0 0.00955821911261494 0
"звания" 0.00977278279990227 0.00562619556655789 0 0 0.00436967445925279 0.00299688324142891 0.010315659170621 0.00234351198706381 0 0
"здания" 0 0 0 0.0214945905280504 0 0 0 0.00234351198706381 0.00382328764504597 0.00979623824451411
"зиму" 0 0 0 0 0 0.0209781826900024 0 0 0 0
"зла" 0.0146591741998534 0.0112523911331158 0.00863632438034373 0 0.00436967445925279 0 0 0 0 0
"злоупотреблений" 0 0 0.00863632438034373 0 0 0 0 0.00234351198706381 0.00955821911261494 0
"знаком" 0.00488639139995114 0 0 0 0 0 0 0.00703053596119144 0.00573493146756896 0
"знала" 0 0.00562619556655789 0 0.0143297270187003 0 0 0 0.00234351198706381 0.00573493146756896 0
"знаменитое" 0 0 0 0 0.00436967445925279 0.00599376648285783 0 0.00234351198706381 0.00573493146756896 0
"значительных" 0 0 0 0 0 0 0 0.00937404794825526 0.00573493146756896 0
"играл" 0 0 0 0 0 0 0 0.00234351198706381 0.0114698629351379 0
"играют" 0 0.00562619556655789 0 0 0.00436967445925279 0.00599376648285783 0 0.00468702397412763 0.00191164382252299 0
"идеалы" 0.00488639139995114 0 0 0 0 0 0 0.0117175599353191 0 0.00979623824451411
"изабеллы" 0 0 0 0 0 0 0 0.0140610719223829 0.00191164382252299 0
"издании" 0.00488639139995114 0 0 0 0.00436967445925279 0.00299688324142891 0.030946977511863 0 0.00191164382252299 0
"изображать" 0 0 0 0 0.0305877212147695 0 0 0 0 0
"изображения" 0 0 0 0 0.0174786978370111 0.00599376648285783 0 0.00234351198706381 0 0
"изящное" 0 0 0 0.0143297270187003 0.00436967445925279 0 0.020631318341242 0.00234351198706381 0.00191164382252299 0
"императорской" 0 0 0 0 0 0.00299688324142891 0 0.00703053596119144 0.00573493146756896 0
"интересам" 0.00488639139995114 0.00562619556655789 0 0 0.0131090233777584 0 0 0 0.00382328764504597 0
"иоанне" 0 0.00562619556655789 0 0 0.00436967445925279 0 0 0.00468702397412763 0.00573493146756896 0
"исключение" 0 0.0112523911331158 0 0.00716486350935015 0 0.00899064972428674 0 0.00234351198706381 0 0
"исключительности" 0.0195455655998045 0 0 0 0.0131090233777584 0 0 0 0 0
"исключительных" 0 0.00562619556655789 0 0 0.0131090233777584 0.00299688324142891 0 0 0 0.0195924764890282
"искусственной" 0 0 0 0.0286594540374006 0.00873934891850557 0.00299688324142891 0 0 0 0
"исполнить" 0 0 0 0.00716486350935015 0.00436967445925279 0 0 0.00234351198706381 0.00764657529009195 0
"исследование" 0.00488639139995114 0 0 0 0 0 0.030946977511863 0.00468702397412763 0.00191164382252299 0
"исследований" 0 0.00562619556655789 0 0 0.00436967445925279 0 0 0.0117175599353191 0 0
"истин" 0.00488639139995114 0 0 0.0143297270187003 0 0 0.010315659170621 0.00234351198706381 0 0.0195924764890282
"истинный" 0.00488639139995114 0 0 0.00716486350935015 0 0 0.020631318341242 0 0.00573493146756896 0
"истинным" 0.0146591741998534 0 0 0 0.00436967445925279 0 0.010315659170621 0.00234351198706381 0 0.00979623824451411
"историк" 0.0146591741998534 0 0 0.00716486350935015 0 0 0 0.00234351198706381 0.00382328764504597 0
"историков" 0 0 0 0 0 0.00299688324142891 0 0.00937404794825526 0.00382328764504597 0
"исторический" 0.00488639139995114 0.00562619556655789 0 0 0 0.00299688324142891 0.020631318341242 0.00468702397412763 0 0
"источники" 0 0.0168785866996737 0 0 0 0 0 0.00703053596119144 0.00191164382252299 0
"итальянец" 0 0 0 0.00716486350935015 0 0 0 0.00937404794825526 0.00382328764504597 0
"иудаизма" 0.034204739799658 0 0 0 0 0 0 0 0 0
"казну" 0 0.00562619556655789 0 0 0 0 0 0.00703053596119144 0.00573493146756896 0
"картинами" 0 0 0 0 0.00436967445925279 0.0179812994485735 0 0 0 0
"католицизмом" 0 0 0 0 0 0 0 0 0.00764657529009195 0.0293887147335423
"качеств" 0.00488639139995114 0 0 0 0 0.00299688324142891 0 0.00234351198706381 0.00764657529009195 0
"киевской" 0.0146591741998534 0 0 0 0.0174786978370111 0 0 0 0 0
"княжеские" 0 0.0225047822662316 0 0.00716486350935015 0.00873934891850557 0 0 0 0 0
"кои" 0 0 0 0 0 0 0 0.0164045839094467 0 0
"комедия" 0 0 0 0 0 0.0179812994485735 0.010315659170621 0 0 0
"коннетабля" 0 0 0 0 0 0 0 0.00468702397412763 0.00955821911261494 0
"коренные" 0 0.00562619556655789 0.00863632438034373 0.0214945905280504 0.00436967445925279 0 0 0 0.00191164382252299 0
"королевского" 0 0 0 0 0 0.0119875329657157 0 0.00234351198706381 0.00382328764504597 0
"край" 0.00977278279990227 0 0 0 0 0 0.010315659170621 0 0.00764657529009195 0
"крепость" 0.00977278279990227 0 0.00863632438034373 0.0143297270187003 0 0 0 0.00234351198706381 0.00191164382252299 0
"крестьянин" 0.0195455655998045 0 0 0.00716486350935015 0.00873934891850557 0 0 0 0 0
"кровью" 0.00977278279990227 0 0.0172726487606875 0 0 0 0.010315659170621 0.00234351198706381 0 0.00979623824451411
"курфирста" 0 0 0 0 0 0 0 0.00234351198706381 0.0114698629351379 0
"ландграф" 0 0 0 0 0 0 0 0 0.0133815067576609 0
"лат" 0 0 0 0 0 0 0 0.0164045839094467 0 0
"лев" 0 0 0 0 0 0.00599376648285783 0 0.00703053596119144 0.00382328764504597 0
"лежала" 0 0.00562619556655789 0 0.00716486350935015 0 0 0 0.00234351198706381 0.00764657529009195 0
"лежали" 0 0.00562619556655789 0 0 0 0 0 0.0140610719223829 0 0
"лжи" 0.0195455655998045 0 0 0.00716486350935015 0 0.00299688324142891 0 0 0 0.00979623824451411
"либералов" 0.034204739799658 0 0 0 0 0 0 0 0 0
"либерального" 0.034204739799658 0 0 0 0 0 0 0 0 0
"личном" 0.00488639139995114 0.00562619556655789 0 0 0.0131090233777584 0 0 0.00234351198706381 0.00191164382252299 0
"личностью" 0.00488639139995114 0 0 0 0.00873934891850557 0 0 0.00468702397412763 0.00382328764504597 0
"логически" 0.00488639139995114 0 0 0.0286594540374006 0.00436967445925279 0.00299688324142891 0 0 0 0
"луи" 0 0 0 0 0 0.0179812994485735 0 0 0.00191164382252299 0
"лучшими" 0 0 0.00863632438034373 0 0.00873934891850557 0 0.010315659170621 0 0.00573493146756896 0
"любека" 0 0 0 0 0 0 0 0 0.0133815067576609 0
"людвигом" 0 0 0 0 0 0 0 0.0140610719223829 0.00191164382252299 0
"людвигу" 0 0 0 0 0 0 0 0.0164045839094467 0 0
"малороссии" 0.034204739799658 0 0 0 0 0 0 0 0 0
"марию" 0 0 0 0 0 0 0 0 0.0133815067576609 0
"масс" 0.00488639139995114 0 0 0.00716486350935015 0 0 0 0 0.00573493146756896 0.0195924764890282
"масса" 0 0 0 0 0 0.00299688324142891 0 0.00937404794825526 0.00191164382252299 0.00979623824451411
"месяца" 0.00488639139995114 0 0.00863632438034373 0 0 0.0119875329657157 0 0.00234351198706381 0 0
"министерства" 0.0195455655998045 0 0 0 0 0.00899064972428674 0 0 0 0
"мирных" 0 0.00562619556655789 0.0172726487606875 0 0.00873934891850557 0 0 0 0.00191164382252299 0.00979623824451411
"мирских" 0 0 0.00863632438034373 0.0143297270187003 0 0 0 0.00234351198706381 0.00573493146756896 0
"многочисленные" 0.00488639139995114 0 0 0.00716486350935015 0 0 0 0.00703053596119144 0.00382328764504597 0
"многочисленных" 0.00488639139995114 0 0 0 0 0.00299688324142891 0 0.00468702397412763 0.00573493146756896 0
"могущественная" 0 0 0 0 0 0 0 0.00703053596119144 0.00764657529009195 0
"моей" 0 0 0.00863632438034373 0 0 0.00599376648285783 0.041262636682484 0 0 0
"мои" 0 0 0 0.0214945905280504 0 0.00899064972428674 0 0.00234351198706381 0 0
"молодость" 0 0 0 0 0 0.00299688324142891 0 0.00234351198706381 0.00955821911261494 0
"монаха" 0 0 0 0 0 0.00599376648285783 0 0.00468702397412763 0.00382328764504597 0.00979623824451411
"монахов" 0 0 0 0 0 0 0 0.00468702397412763 0.00955821911261494 0
"мужа" 0 0 0 0 0 0.00299688324142891 0.020631318341242 0.00703053596119144 0.00191164382252299 0
"наблюдать" 0.00488639139995114 0.00562619556655789 0 0 0 0.00899064972428674 0 0.00234351198706381 0.00191164382252299 0
"надеясь" 0 0 0.0172726487606875 0 0 0.00299688324142891 0.010315659170621 0 0.00573493146756896 0
"назначал" 0 0.00562619556655789 0 0 0 0 0 0.00468702397412763 0.00764657529009195 0
"называем" 0.00488639139995114 0.00562619556655789 0.0172726487606875 0 0.00436967445925279 0 0 0.00234351198706381 0.00191164382252299 0
"называемой" 0.00488639139995114 0 0 0.0143297270187003 0.00436967445925279 0.00299688324142891 0.010315659170621 0.00234351198706381 0 0
"назывались" 0 0.00562619556655789 0 0 0.00873934891850557 0 0 0.00937404794825526 0 0
"найдет" 0 0 0 0.0143297270187003 0.00436967445925279 0.00299688324142891 0.020631318341242 0.00234351198706381 0 0
"налоги" 0 0 0 0 0 0 0 0.00937404794825526 0.00573493146756896 0
"намерений" 0 0 0 0 0 0.00299688324142891 0 0.00468702397412763 0.00764657529009195 0
"написаны" 0 0 0 0 0 0.00899064972428674 0.010315659170621 0.00703053596119144 0 0
"народную" 0 0.00562619556655789 0.00863632438034373 0.00716486350935015 0.00873934891850557 0.00299688324142891 0 0 0.00191164382252299 0
"настоящим" 0.00488639139995114 0.00562619556655789 0 0 0 0.00899064972428674 0 0.00468702397412763 0 0
"натуральная" 0 0 0 0 0.0305877212147695 0 0 0 0 0
"находиться" 0.00488639139995114 0 0.00863632438034373 0.0143297270187003 0.00436967445925279 0.00299688324142891 0 0.00234351198706381 0 0
"начался" 0 0.00562619556655789 0.00863632438034373 0 0 0 0 0 0.00764657529009195 0.00979623824451411
"нашествия" 0 0 0.0345452975213749 0 0 0 0 0.00468702397412763 0.00191164382252299 0
"нашлись" 0.00488639139995114 0 0 0 0 0 0 0.00468702397412763 0.00764657529009195 0
"неаполе" 0 0 0 0 0 0 0 0.0117175599353191 0.00382328764504597 0
"невежества" 0.00488639139995114 0 0.00863632438034373 0.00716486350935015 0.00436967445925279 0 0.010315659170621 0 0.00382328764504597 0
"недоставало" 0 0 0.00863632438034373 0 0 0 0 0.00703053596119144 0.00573493146756896 0
"немощи" 0 0 0.00863632438034373 0 0.00436967445925279 0.0149844162071446 0 0 0 0
"необходимостью" 0 0 0.00863632438034373 0.0143297270187003 0.00873934891850557 0 0 0.00234351198706381 0.00191164382252299 0
"необходимый" 0.00488639139995114 0.00562619556655789 0 0.0143297270187003 0.00436967445925279 0.00599376648285783 0 0 0 0
"неудачи" 0 0.00562619556655789 0 0.00716486350935015 0.00436967445925279 0 0 0.00234351198706381 0.00573493146756896 0
"низшего" 0 0 0 0 0 0 0 0.00703053596119144 0.00764657529009195 0
"новейшей" 0.00488639139995114 0 0 0.0143297270187003 0.0174786978370111 0 0 0 0 0
"новейших" 0.00488639139995114 0 0 0.00716486350935015 0 0 0.010315659170621 0.00703053596119144 0.00191164382252299 0
"нравам" 0 0 0 0 0.0131090233777584 0.00299688324142891 0 0 0.00382328764504597 0.00979623824451411
"нужды" 0.00488639139995114 0.0112523911331158 0 0 0.00873934891850557 0.00299688324142891 0 0 0.00191164382252299 0
"нужным" 0 0.00562619556655789 0 0 0.00873934891850557 0 0 0.00234351198706381 0.00573493146756896 0
"обвиняли" 0 0 0 0 0 0 0 0.00703053596119144 0.00764657529009195 0
"обеими" 0 0 0 0 0 0.00299688324142891 0.020631318341242 0.00234351198706381 0.00573493146756896 0
"обещая" 0 0.00562619556655789 0 0 0 0 0 0.00234351198706381 0.00955821911261494 0
"обзор" 0 0 0 0 0 0 0 0.0140610719223829 0.00191164382252299 0
"образец" 0.00488639139995114 0 0 0 0.00436967445925279 0.00899064972428674 0.010315659170621 0.00234351198706381 0 0
"образовалось" 0.00488639139995114 0.00562619556655789 0 0 0.00873934891850557 0 0 0.00703053596119144 0 0
"образованного" 0 0 0 0 0.00873934891850557 0.00299688324142891 0.010315659170621 0.00468702397412763 0.00191164382252299 0
"образцу" 0.00488639139995114 0.0112523911331158 0 0 0 0.00899064972428674 0 0 0.00191164382252299 0
"обращали" 0 0 0 0.0143297270187003 0 0.00299688324142891 0 0.00703053596119144 0.00191164382252299 0
"обряды" 0 0 0.0172726487606875 0 0 0 0 0 0.00955821911261494 0
"обстоятельство" 0 0 0 0.0143297270187003 0.00436967445925279 0.00299688324142891 0 0.00468702397412763 0.00191164382252299 0
"обширные" 0 0.00562619556655789 0 0 0 0 0.010315659170621 0.00703053596119144 0.00382328764504597 0
"общинами" 0.00488639139995114 0.0168785866996737 0 0 0.00436967445925279 0 0 0.00234351198706381 0.00191164382252299 0
"овладели" 0 0 0 0 0 0 0 0.0117175599353191 0.00382328764504597 0
"огромными" 0 0 0 0 0 0.00299688324142891 0 0.00468702397412763 0.00764657529009195 0
"огромных" 0 0.00562619556655789 0 0 0 0.00599376648285783 0 0.00468702397412763 0.00382328764504597 0
"ожиданий" 0.00488639139995114 0 0 0 0 0.00599376648285783 0 0.00234351198706381 0.00573493146756896 0
"оказывается" 0.0244319569997557 0 0 0 0 0.00299688324142891 0 0 0.00191164382252299 0
"окончания" 0 0 0 0 0 0 0.010315659170621 0.00234351198706381 0.00764657529009195 0.00979623824451411
"окончательного" 0.00488639139995114 0 0 0 0.00436967445925279 0 0 0.00234351198706381 0.00764657529009195 0
"окрестности" 0 0 0.0345452975213749 0 0 0.00299688324142891 0 0.00234351198706381 0.00191164382252299 0
"октября" 0.00488639139995114 0 0 0 0 0.00599376648285783 0 0.00937404794825526 0 0
"опасения" 0 0.0112523911331158 0 0 0 0.00299688324142891 0 0.00234351198706381 0.00573493146756896 0
"опираясь" 0.00977278279990227 0.0112523911331158 0 0 0 0.00299688324142891 0 0 0.00382328764504597 0
"оправдания" 0 0 0 0 0.0131090233777584 0.00599376648285783 0 0.00234351198706381 0.00191164382252299 0
"определений" 0 0.0225047822662316 0 0 0.00436967445925279 0 0 0.00234351198706381 0.00191164382252299 0
"определил" 0 0.00562619556655789 0 0 0.0131090233777584 0 0 0.00468702397412763 0.00191164382252299 0
"определяется" 0 0.00562619556655789 0 0 0.0131090233777584 0.00599376648285783 0.010315659170621 0 0 0
"орудие" 0 0.0112523911331158 0.00863632438034373 0 0.00873934891850557 0 0 0 0.00382328764504597 0
"ослабление" 0 0.00562619556655789 0 0.00716486350935015 0.00873934891850557 0 0 0.00234351198706381 0.00382328764504597 0
"основали" 0 0.00562619556655789 0.00863632438034373 0 0.00436967445925279 0 0 0.00468702397412763 0.00382328764504597 0
"основанный" 0 0.00562619556655789 0 0 0.0131090233777584 0 0 0 0.00382328764504597 0.00979623824451411
"основателем" 0 0 0.00863632438034373 0 0 0 0 0.00468702397412763 0.00764657529009195 0
"основательно" 0.00977278279990227 0 0 0 0 0.0119875329657157 0 0.00234351198706381 0 0
"основах" 0 0 0 0.00716486350935015 0 0 0 0.0117175599353191 0.00191164382252299 0
"особое" 0 0 0 0.0214945905280504 0 0 0 0.00703053596119144 0.00191164382252299 0
"ост" 0 0 0 0 0 0 0 0.00468702397412763 0.00955821911261494 0
"остальное" 0 0 0 0 0 0.00899064972428674 0.010315659170621 0.00703053596119144 0 0
"остальной" 0.00977278279990227 0.0225047822662316 0.00863632438034373 0 0 0 0 0 0 0
"острова" 0 0.00562619556655789 0 0 0 0 0 0.00937404794825526 0.00382328764504597 0
"осуществлению" 0 0.00562619556655789 0 0.0143297270187003 0.00873934891850557 0 0 0.00234351198706381 0.00191164382252299 0
"осуществления" 0.00977278279990227 0.0112523911331158 0 0 0 0 0 0 0.00382328764504597 0.00979623824451411
"ответа" 0.00977278279990227 0 0 0 0.00436967445925279 0.00299688324142891 0 0 0.00191164382252299 0.0195924764890282
"отвращение" 0 0 0.00863632438034373 0 0 0.0179812994485735 0 0 0 0
"отдавали" 0.00977278279990227 0 0 0 0 0.00599376648285783 0 0.00703053596119144 0 0
"отечество" 0 0.00562619556655789 0.0172726487606875 0 0.00436967445925279 0.00599376648285783 0 0 0.00191164382252299 0
"отречься" 0.0146591741998534 0 0 0 0 0.00599376648285783 0 0 0 0.0195924764890282
"отрицает" 0.0146591741998534 0.0112523911331158 0 0 0.00436967445925279 0 0 0.00234351198706381 0 0
"отрицательно" 0 0.00562619556655789 0 0 0.0131090233777584 0 0 0.00234351198706381 0.00382328764504597 0
"отстоять" 0.00488639139995114 0 0 0 0.00436967445925279 0 0 0.0117175599353191 0 0
"отступить" 0 0 0 0 0 0 0 0.00234351198706381 0.00764657529009195 0.0195924764890282
"отчета" 0.0146591741998534 0 0 0 0 0.00299688324142891 0 0.00468702397412763 0.00191164382252299 0
"переводе" 0.00488639139995114 0 0 0.00716486350935015 0 0 0.020631318341242 0.00234351198706381 0.00382328764504597 0
"переговоров" 0 0 0.00863632438034373 0 0 0 0 0.00234351198706381 0.00955821911261494 0
"переходил" 0 0 0.0172726487606875 0 0 0 0 0.00468702397412763 0.00573493146756896 0
"переходы" 0 0.0225047822662316 0 0 0.00436967445925279 0.00299688324142891 0 0.00234351198706381 0 0
"перешло" 0 0 0 0.0143297270187003 0 0.00299688324142891 0 0.00468702397412763 0.00382328764504597 0
"печати" 0.034204739799658 0 0 0 0 0 0 0 0 0
"пишет" 0 0 0 0 0.0131090233777584 0.00299688324142891 0.010315659170621 0.00234351198706381 0.00191164382252299 0
"платона" 0 0 0 0.0143297270187003 0 0 0 0.0117175599353191 0 0
"племён" 0 0 0.0604542706624061 0 0 0 0 0 0 0
"племенам" 0 0.00562619556655789 0 0 0.0131090233777584 0.00299688324142891 0.010315659170621 0.00234351198706381 0 0
"победою" 0 0.00562619556655789 0.0259089731410312 0 0 0 0 0 0.00573493146756896 0
"поверхности" 0 0.00562619556655789 0 0 0.0174786978370111 0 0.010315659170621 0.00234351198706381 0 0
"поводом" 0.00977278279990227 0 0 0 0.00436967445925279 0 0 0.00234351198706381 0.00573493146756896 0
"повсюду" 0 0 0 0 0 0 0 0.00937404794825526 0.00573493146756896 0
"погибла" 0 0 0.00863632438034373 0 0 0 0 0.00468702397412763 0.00764657529009195 0
"подали" 0 0 0.0172726487606875 0 0 0.00299688324142891 0 0.00234351198706381 0.00573493146756896 0
"подати" 0.00977278279990227 0.00562619556655789 0 0 0 0 0 0.00468702397412763 0.00382328764504597 0
"поддержать" 0 0.0168785866996737 0.00863632438034373 0 0.00436967445925279 0 0 0.00234351198706381 0.00191164382252299 0
"поддерживали" 0 0.0168785866996737 0 0 0.00436967445925279 0.00299688324142891 0 0.00234351198706381 0.00191164382252299 0
"поддерживать" 0.00488639139995114 0.0168785866996737 0 0.00716486350935015 0.00873934891850557 0 0 0 0 0
"подражания" 0 0 0.00863632438034373 0 0.00873934891850557 0.00899064972428674 0 0 0 0.00979623824451411
"показаться" 0 0 0 0 0 0.0149844162071446 0.010315659170621 0 0 0.00979623824451411
"покровительством" 0.00488639139995114 0.0112523911331158 0 0 0 0 0 0.00468702397412763 0.00382328764504597 0
"полная" 0.0146591741998534 0 0.0172726487606875 0 0 0.00599376648285783 0 0 0 0
"положить" 0 0 0 0 0 0 0 0.00468702397412763 0.00955821911261494 0
"помог" 0 0 0 0 0 0.00299688324142891 0 0.00234351198706381 0.00955821911261494 0
"помогала" 0 0 0 0 0 0 0 0.00468702397412763 0.00955821911261494 0
"помощи" 0 0 0 0 0 0 0 0.00703053596119144 0.00764657529009195 0
"попеременно" 0 0.00562619556655789 0 0 0 0.0149844162071446 0 0 0.00191164382252299 0
"пороки" 0 0 0 0 0.0218483722962639 0.00299688324142891 0 0 0.00191164382252299 0
"портреты" 0 0 0 0 0 0.00299688324142891 0.051578295853105 0 0.00191164382252299 0
"португальский" 0 0 0 0 0 0 0 0.0117175599353191 0.00382328764504597 0
"посла" 0 0 0.00863632438034373 0 0 0 0.010315659170621 0.00468702397412763 0.00573493146756896 0
"поставили" 0 0 0 0 0 0.00299688324142891 0 0.00468702397412763 0.00764657529009195 0
"посторонних" 0 0.00562619556655789 0 0.0143297270187003 0.00873934891850557 0.00599376648285783 0 0 0 0
"постоянное" 0.00488639139995114 0 0.00863632438034373 0.0214945905280504 0 0 0 0.00468702397412763 0 0
"потребовали" 0 0 0 0 0 0 0 0.0140610719223829 0.00191164382252299 0
"пошел" 0.00488639139995114 0 0 0 0.00436967445925279 0 0 0.00468702397412763 0.00573493146756896 0
"поэтов" 0 0 0 0 0.00436967445925279 0.00299688324142891 0.041262636682484 0.00234351198706381 0 0
"появляется" 0 0.00562619556655789 0 0 0 0.0179812994485735 0 0 0 0
"правильного" 0.00488639139995114 0.00562619556655789 0 0.0143297270187003 0 0.00599376648285783 0 0.00234351198706381 0 0
"правителем" 0 0 0 0 0 0 0 0 0.0133815067576609 0
"правителя" 0 0.00562619556655789 0.00863632438034373 0.00716486350935015 0 0 0 0.00234351198706381 0.00573493146756896 0
"предание" 0.00488639139995114 0 0 0 0 0.00599376648285783 0 0.00468702397412763 0.00382328764504597 0
"предмету" 0 0.00562619556655789 0 0 0.00873934891850557 0.0119875329657157 0 0 0 0
"предоставить" 0.0146591741998534 0 0 0 0 0.00299688324142891 0 0 0.00382328764504597 0.00979623824451411
"представил" 0 0 0 0.00716486350935015 0 0.00299688324142891 0.010315659170621 0.00468702397412763 0.00382328764504597 0
"представлял" 0 0.00562619556655789 0 0.00716486350935015 0 0 0 0.00468702397412763 0.00573493146756896 0
"представлять" 0 0.00562619556655789 0.00863632438034373 0 0.00436967445925279 0.00899064972428674 0 0.00234351198706381 0 0
"предстоит" 0.00488639139995114 0.00562619556655789 0 0 0.00436967445925279 0.00299688324142891 0.010315659170621 0 0.00382328764504597 0
"преемники" 0 0.0112523911331158 0.0172726487606875 0 0 0 0 0.00234351198706381 0.00382328764504597 0
"преемником" 0 0 0 0 0 0 0 0.00703053596119144 0.00764657529009195 0
"преподавание" 0.00488639139995114 0 0 0 0 0.00299688324142891 0 0.00468702397412763 0.00573493146756896 0
"привилегии" 0 0 0 0 0 0.00599376648285783 0 0.00468702397412763 0.00573493146756896 0
"приехал" 0 0 0 0 0 0 0 0.00234351198706381 0.0114698629351379 0
"признание" 0 0.0112523911331158 0 0 0.0131090233777584 0 0 0.00234351198706381 0 0.00979623824451411
"принадлежать" 0.00977278279990227 0.00562619556655789 0 0 0 0.00599376648285783 0.010315659170621 0 0.00191164382252299 0
"принесло" 0 0 0 0 0.00436967445925279 0 0.010315659170621 0.00937404794825526 0 0.00979623824451411
"принести" 0.00488639139995114 0 0 0.00716486350935015 0.0131090233777584 0 0 0.00234351198706381 0 0.00979623824451411
"принц" 0 0 0 0 0 0 0 0.00234351198706381 0.0114698629351379 0
"принца" 0 0 0 0 0 0 0 0 0.0133815067576609 0
"принята" 0 0 0 0 0 0.0119875329657157 0 0 0.00382328764504597 0.00979623824451411
"приобрести" 0 0 0.00863632438034373 0 0 0.00299688324142891 0 0.00468702397412763 0.00382328764504597 0.00979623824451411
"приписывали" 0 0 0 0 0.00436967445925279 0 0 0.00234351198706381 0.00955821911261494 0
"приступил" 0 0 0.00863632438034373 0 0.00436967445925279 0.00299688324142891 0 0.00234351198706381 0.00573493146756896 0
"приходило" 0 0 0.00863632438034373 0 0.00873934891850557 0.00299688324142891 0 0.00468702397412763 0.00191164382252299 0
"причинам" 0 0.0168785866996737 0 0 0 0.00599376648285783 0 0.00234351198706381 0.00191164382252299 0
"причине" 0.00488639139995114 0 0 0.0214945905280504 0.00873934891850557 0 0.010315659170621 0 0 0
"проводил" 0 0 0 0 0 0 0.010315659170621 0.00468702397412763 0.00764657529009195 0
"провозгласили" 0 0 0 0 0.00436967445925279 0 0.010315659170621 0 0.00764657529009195 0.00979623824451411
"прогресса" 0.0195455655998045 0 0 0.00716486350935015 0.00436967445925279 0 0 0.00234351198706381 0 0
"произведениями" 0 0 0 0 0 0.00299688324142891 0.020631318341242 0.00468702397412763 0.00191164382252299 0.00979623824451411
"произошли" 0 0.0112523911331158 0 0.00716486350935015 0.00436967445925279 0 0 0.00468702397412763 0.00191164382252299 0
"происшествие" 0.0146591741998534 0 0 0 0 0.0119875329657157 0 0 0 0
"просили" 0 0 0.0518179462820624 0 0 0.00299688324142891 0 0 0 0
"простор" 0 0.0168785866996737 0 0 0.0174786978370111 0 0 0 0 0
"простые" 0 0 0.00863632438034373 0 0.00873934891850557 0.00299688324142891 0 0.00468702397412763 0.00191164382252299 0
"протестантизму" 0 0 0 0 0 0 0 0 0.0133815067576609 0
"протестантства" 0 0 0 0 0 0 0 0 0.0133815067576609 0
"протестантству" 0 0 0 0 0 0 0 0 0.0133815067576609 0
"противоречий" 0.00488639139995114 0 0 0 0.0174786978370111 0 0.010315659170621 0 0 0.00979623824451411
"прочими" 0.00977278279990227 0.0281309778327895 0 0 0 0 0 0 0 0
"проявляется" 0 0 0 0 0.00436967445925279 0.0119875329657157 0.010315659170621 0 0 0.00979623824451411
"публике" 0.00977278279990227 0 0 0 0 0.00599376648285783 0.030946977511863 0 0 0
"публику" 0 0 0 0 0 0.0149844162071446 0.020631318341242 0 0 0
"пьеса" 0 0 0 0 0 0.0209781826900024 0 0 0 0
"рабами" 0 0 0 0 0 0 0 0.0140610719223829 0.00191164382252299 0
"рабства" 0 0 0.0172726487606875 0 0.00436967445925279 0 0 0.00703053596119144 0.00191164382252299 0
"равновесия" 0 0 0 0.0143297270187003 0.00436967445925279 0.00299688324142891 0 0.00703053596119144 0 0
"разбор" 0.00977278279990227 0 0.00863632438034373 0.00716486350935015 0.00436967445925279 0.00299688324142891 0 0 0.00191164382252299 0
"развивался" 0 0.0225047822662316 0 0 0.00436967445925279 0 0 0.00234351198706381 0.00191164382252299 0
"развито" 0 0 0 0 0.00873934891850557 0.00599376648285783 0 0.00468702397412763 0 0.00979623824451411
"разврата" 0 0 0.00863632438034373 0 0.00436967445925279 0.00599376648285783 0 0 0.00573493146756896 0
"разрешить" 0.00488639139995114 0 0.00863632438034373 0 0.00436967445925279 0.00899064972428674 0 0 0 0.00979623824451411
"разрушения" 0.00488639139995114 0.0168785866996737 0 0.00716486350935015 0.00436967445925279 0.00299688324142891 0 0 0 0
"рассмотрим" 0 0 0 0 0.00873934891850557 0 0 0.00937404794825526 0.00191164382252299 0
"реформе" 0 0 0 0 0 0.00299688324142891 0 0 0.0114698629351379 0
"реформу" 0 0.0168785866996737 0 0 0.00436967445925279 0.00299688324142891 0 0 0.00382328764504597 0
"решились" 0 0.00562619556655789 0.00863632438034373 0 0 0.00299688324142891 0 0 0.00573493146756896 0.00979623824451411
"римский" 0 0 0.00863632438034373 0.0143297270187003 0.00436967445925279 0 0 0.00468702397412763 0 0.00979623824451411
"родовых" 0 0.00562619556655789 0 0 0.00873934891850557 0 0 0.00937404794825526 0 0
"родоначальника" 0 0.0393833689659053 0 0 0 0 0 0 0 0
"родственников" 0 0.00562619556655789 0.0172726487606875 0 0 0 0 0.00703053596119144 0.00191164382252299 0
"ропот" 0 0 0 0 0 0.00299688324142891 0 0.00234351198706381 0.00955821911261494 0
"рукою" 0 0.00562619556655789 0 0 0.00436967445925279 0 0 0.00234351198706381 0.00764657529009195 0
"рыцарские" 0 0 0 0 0 0 0 0.0140610719223829 0.00191164382252299 0
"рыцаря" 0 0 0 0 0 0 0 0.0140610719223829 0.00191164382252299 0
"саксонского" 0 0 0 0 0 0 0 0.00468702397412763 0.00955821911261494 0
"самостоятельного" 0 0.00562619556655789 0 0.00716486350935015 0.00873934891850557 0.00299688324142891 0.010315659170621 0.00234351198706381 0 0
"самостоятельной" 0 0.0112523911331158 0 0.00716486350935015 0.00873934891850557 0 0 0 0.00382328764504597 0
"самыми" 0 0.00562619556655789 0 0 0 0.00299688324142891 0 0.00468702397412763 0.00573493146756896 0
"сближение" 0 0.0112523911331158 0 0 0.0131090233777584 0 0 0 0.00382328764504597 0
"сбор" 0.00488639139995114 0.0112523911331158 0 0 0 0.00299688324142891 0 0.00234351198706381 0.00382328764504597 0
"свидание" 0 0 0.0172726487606875 0.00716486350935015 0 0 0 0.00468702397412763 0.00382328764504597 0
"свободной" 0.0244319569997557 0 0 0 0.00436967445925279 0 0 0.00234351198706381 0 0
"свободные" 0 0 0 0 0 0 0 0.0164045839094467 0 0
"свободным" 0.00488639139995114 0 0.0172726487606875 0 0 0.00899064972428674 0 0.00234351198706381 0 0
"связаны" 0 0 0 0 0.00436967445925279 0.00299688324142891 0.010315659170621 0.00234351198706381 0.00573493146756896 0
"семей" 0 0.0281309778327895 0.00863632438034373 0.00716486350935015 0 0 0 0 0 0
"семейств" 0 0.00562619556655789 0 0 0.0131090233777584 0 0 0.00468702397412763 0.00191164382252299 0
"серьезно" 0.00488639139995114 0 0 0 0.00436967445925279 0.0119875329657157 0 0.00234351198706381 0 0
"сильная" 0 0.00562619556655789 0 0 0 0 0 0.00703053596119144 0.00382328764504597 0.00979623824451411
"сильной" 0.00977278279990227 0 0 0 0 0.00899064972428674 0 0.00234351198706381 0.00191164382252299 0
"сильную" 0.00488639139995114 0 0 0 0.00436967445925279 0.00599376648285783 0 0.00468702397412763 0.00191164382252299 0
"сильным" 0 0.00562619556655789 0 0.00716486350935015 0.00436967445925279 0.00599376648285783 0.010315659170621 0 0.00191164382252299 0
"скажут" 0.00977278279990227 0 0 0 0.00873934891850557 0.00299688324142891 0.010315659170621 0 0 0.00979623824451411
"сказанного" 0 0 0 0 0 0.00299688324142891 0 0.0117175599353191 0.00191164382252299 0
"слаб" 0 0.00562619556655789 0 0 0.00873934891850557 0.00299688324142891 0 0.00468702397412763 0.00191164382252299 0
"славянами" 0 0.0281309778327895 0.00863632438034373 0 0.00436967445925279 0 0 0 0 0
"слезами" 0 0 0.00863632438034373 0 0 0.00599376648285783 0.010315659170621 0 0.00382328764504597 0.00979623824451411
"случаи" 0.0195455655998045 0 0 0 0 0 0 0.00468702397412763 0.00191164382252299 0
"случалось" 0 0 0 0 0 0.0119875329657157 0 0.00468702397412763 0.00191164382252299 0
"слушателей" 0 0 0 0 0 0.00599376648285783 0 0.0117175599353191 0 0
"смелость" 0 0 0 0 0 0.00599376648285783 0 0.00468702397412763 0.00382328764504597 0.00979623824451411
"смешно" 0.00488639139995114 0.00562619556655789 0 0 0 0.00299688324142891 0.030946977511863 0 0 0.00979623824451411
"собрания" 0 0.0112523911331158 0.00863632438034373 0 0.00436967445925279 0.00299688324142891 0 0.00234351198706381 0.00191164382252299 0
"собственным" 0 0.00562619556655789 0 0.00716486350935015 0.00436967445925279 0.00599376648285783 0.010315659170621 0 0.00191164382252299 0
"событиями" 0.00488639139995114 0.00562619556655789 0 0 0 0.00299688324142891 0 0.00234351198706381 0.00573493146756896 0
"советов" 0 0 0.0345452975213749 0 0 0 0 0.00234351198706381 0.00382328764504597 0
"содействовать" 0 0 0.00863632438034373 0 0.00873934891850557 0 0.010315659170621 0.00234351198706381 0.00382328764504597 0
"содержанием" 0.00488639139995114 0 0 0 0.0131090233777584 0.00299688324142891 0.010315659170621 0.00234351198706381 0 0
"соединение" 0 0.0112523911331158 0 0 0.00436967445925279 0.00299688324142891 0 0.00468702397412763 0.00191164382252299 0
"соединился" 0 0 0 0 0 0 0 0.00468702397412763 0.00955821911261494 0
"сожалению" 0.00488639139995114 0 0 0 0.00873934891850557 0 0.030946977511863 0.00234351198706381 0 0
"сознавая" 0 0.00562619556655789 0 0.00716486350935015 0.00873934891850557 0.00299688324142891 0 0.00234351198706381 0 0.00979623824451411
"сознанию" 0 0 0.00863632438034373 0.00716486350935015 0.00873934891850557 0 0.010315659170621 0.00468702397412763 0 0
"составил" 0 0 0 0 0 0.00599376648285783 0 0.00937404794825526 0.00191164382252299 0
"составили" 0 0 0 0 0 0 0 0.00234351198706381 0.0114698629351379 0
"составлялись" 0 0 0 0.0143297270187003 0.00436967445925279 0 0 0.00468702397412763 0.00382328764504597 0
"союзом" 0.00488639139995114 0.00562619556655789 0 0 0.00873934891850557 0 0 0.00468702397412763 0.00191164382252299 0
"спасти" 0 0 0.00863632438034373 0 0.0131090233777584 0.00599376648285783 0 0 0.00191164382252299 0
"спорах" 0 0 0.00863632438034373 0.00716486350935015 0 0 0 0.00468702397412763 0.00573493146756896 0
"спорить" 0 0 0 0 0.00873934891850557 0 0.020631318341242 0.00468702397412763 0.00191164382252299 0
"способны" 0.00488639139995114 0 0.00863632438034373 0 0 0.00599376648285783 0.010315659170621 0.00234351198706381 0.00191164382252299 0
"способом" 0.0195455655998045 0 0 0 0.00873934891850557 0 0 0.00234351198706381 0 0
"средним" 0.00488639139995114 0 0 0 0 0 0 0.00703053596119144 0.00382328764504597 0.00979623824451411
"ставит" 0 0.0112523911331158 0 0 0 0.00299688324142891 0 0.00703053596119144 0 0.00979623824451411
"станут" 0.0195455655998045 0 0 0 0.00436967445925279 0.00299688324142891 0 0 0 0.00979623824451411
"старая" 0 0.00562619556655789 0.0259089731410312 0 0.00436967445925279 0.00599376648285783 0 0 0 0
"старейшин" 0 0.0281309778327895 0 0 0.00873934891850557 0 0 0 0 0
"стихотворения" 0 0 0 0 0 0.00599376648285783 0.051578295853105 0 0 0
"стран" 0.00488639139995114 0 0 0.00716486350935015 0 0 0 0.00937404794825526 0.00191164382252299 0
"стране" 0.00977278279990227 0.00562619556655789 0.00863632438034373 0 0 0 0.010315659170621 0 0.00382328764504597 0
"страшным" 0 0.00562619556655789 0 0 0 0.00299688324142891 0 0.00468702397412763 0.00573493146756896 0
"страшных" 0 0.00562619556655789 0.00863632438034373 0 0 0 0 0.00937404794825526 0.00191164382252299 0
"строгих" 0 0.00562619556655789 0 0 0 0.00299688324142891 0 0.00234351198706381 0.00764657529009195 0
"судилище" 0 0 0 0 0 0 0 0.00703053596119144 0.00573493146756896 0.00979623824451411
"судит" 0 0 0 0 0.00873934891850557 0.00899064972428674 0 0.00468702397412763 0 0
"султан" 0 0 0.00863632438034373 0 0 0 0 0.00703053596119144 0.00573493146756896 0
"сфорца" 0 0 0 0 0 0 0 0.0164045839094467 0 0
"сцене" 0 0 0 0 0 0.0209781826900024 0 0 0 0
"сыновья" 0 0.0112523911331158 0 0 0 0 0.010315659170621 0.00468702397412763 0.00382328764504597 0
"сю" 0 0 0 0 0 0.0179812994485735 0.010315659170621 0 0 0
"тайно" 0.00488639139995114 0 0.00863632438034373 0 0 0 0 0 0.00955821911261494 0
"талантами" 0 0 0 0 0.00436967445925279 0.00299688324142891 0 0.00468702397412763 0.00573493146756896 0
"твердо" 0.00488639139995114 0 0 0 0.00873934891850557 0.00599376648285783 0 0.00234351198706381 0.00191164382252299 0
"творения" 0 0 0 0.0143297270187003 0 0.00899064972428674 0.020631318341242 0 0 0
"тени" 0 0.0112523911331158 0 0 0.00436967445925279 0.00299688324142891 0 0.00234351198706381 0 0.0195924764890282
"тогдашние" 0 0 0 0 0 0 0 0.00703053596119144 0.00764657529009195 0
"толпами" 0.00977278279990227 0 0 0 0 0 0.020631318341242 0.00468702397412763 0.00191164382252299 0
"толпе" 0 0 0.00863632438034373 0.00716486350935015 0 0.00299688324142891 0.041262636682484 0 0 0
"тома" 0 0 0 0 0 0.00299688324142891 0 0.0117175599353191 0.00191164382252299 0
"торговле" 0.00488639139995114 0 0.0172726487606875 0 0 0 0 0.00468702397412763 0.00382328764504597 0
"трудности" 0 0 0 0 0 0.00299688324142891 0 0 0.00955821911261494 0.00979623824451411
"убежден" 0 0.00562619556655789 0 0 0 0.00599376648285783 0.010315659170621 0 0.00382328764504597 0.00979623824451411
"убежище" 0 0 0 0 0 0 0 0.00703053596119144 0.00764657529009195 0
"увидели" 0 0.00562619556655789 0 0.00716486350935015 0.00436967445925279 0.00299688324142891 0 0.00234351198706381 0 0.0195924764890282
"углу" 0.00488639139995114 0 0 0.0143297270187003 0 0.00899064972428674 0 0.00234351198706381 0 0
"удалиться" 0 0 0 0 0 0.00299688324142891 0 0.00234351198706381 0.00955821911261494 0
"удел" 0 0.0281309778327895 0 0 0.00436967445925279 0 0 0.00234351198706381 0 0
"уделы" 0 0.0168785866996737 0.0172726487606875 0 0.00436967445925279 0 0 0.00234351198706381 0 0
"уклонения" 0.00488639139995114 0 0 0.0143297270187003 0 0 0 0.00468702397412763 0.00382328764504597 0
"умеет" 0 0.00562619556655789 0 0 0 0.00899064972428674 0.010315659170621 0.00468702397412763 0 0
"умные" 0.00488639139995114 0.00562619556655789 0 0 0 0.00599376648285783 0.020631318341242 0 0.00191164382252299 0
"уму" 0 0 0.00863632438034373 0 0 0.00599376648285783 0 0.00468702397412763 0.00382328764504597 0
"университеты" 0.00488639139995114 0 0 0.0143297270187003 0 0 0 0.00937404794825526 0 0
"уничтожением" 0 0.0168785866996737 0.00863632438034373 0 0.00436967445925279 0.00599376648285783 0 0 0 0
"употребление" 0 0 0 0.00716486350935015 0.00436967445925279 0.00599376648285783 0 0.00234351198706381 0.00382328764504597 0
"упрека" 0 0 0 0 0 0.00899064972428674 0 0.00468702397412763 0.00382328764504597 0
"упрекнуть" 0 0.00562619556655789 0 0 0 0.00299688324142891 0 0.00703053596119144 0.00382328764504597 0
"уровень" 0.00488639139995114 0 0 0 0 0.00299688324142891 0.010315659170621 0 0.00764657529009195 0
"успешно" 0.00488639139995114 0 0 0 0 0 0 0.00937404794825526 0.00382328764504597 0
"уцелевших" 0 0 0.0172726487606875 0.0143297270187003 0 0.00599376648285783 0 0.00234351198706381 0 0
"учении" 0.00488639139995114 0 0 0.00716486350935015 0 0 0 0 0.00955821911261494 0
"учености" 0 0 0 0.00716486350935015 0 0 0 0.00703053596119144 0.00573493146756896 0
"учеными" 0 0 0 0.00716486350935015 0 0.00599376648285783 0.010315659170621 0.00468702397412763 0.00191164382252299 0
"учителей" 0.00488639139995114 0 0.00863632438034373 0.0143297270187003 0 0 0 0 0.00382328764504597 0.00979623824451411
"учителем" 0.00977278279990227 0 0 0.0143297270187003 0 0 0 0 0.00573493146756896 0
"учреждениях" 0.00488639139995114 0 0 0 0.00873934891850557 0 0 0.00234351198706381 0.00573493146756896 0
"фанатизма" 0.00488639139995114 0 0 0 0 0 0 0 0.00955821911261494 0.00979623824451411
"филиппом" 0 0 0 0 0 0.00299688324142891 0 0 0.0114698629351379 0
"флоренцию" 0 0 0 0 0 0 0 0.00937404794825526 0.00573493146756896 0
"флоренция" 0 0 0 0 0 0 0 0.0140610719223829 0.00191164382252299 0
"флот" 0 0 0 0 0 0 0 0.00234351198706381 0.0114698629351379 0
"фраз" 0.00977278279990227 0 0 0 0 0.00299688324142891 0.041262636682484 0 0 0
"фраза" 0.00488639139995114 0 0 0 0.00436967445925279 0.00599376648285783 0.010315659170621 0 0.00382328764504597 0
"французами" 0.00488639139995114 0 0 0 0 0 0 0.00234351198706381 0.00955821911261494 0
"французским" 0 0 0 0 0 0 0 0.00468702397412763 0.00955821911261494 0
"французское" 0 0 0 0 0 0.00599376648285783 0 0.00703053596119144 0.00382328764504597 0
"ханов" 0 0.0337571733993474 0.00863632438034373 0 0 0 0 0 0 0
"хорошее" 0 0.00562619556655789 0.0172726487606875 0 0 0.00299688324142891 0 0.00468702397412763 0.00191164382252299 0
"хорошие" 0 0 0 0 0.00436967445925279 0.00899064972428674 0.020631318341242 0 0.00191164382252299 0
"хороших" 0 0 0 0 0 0.00299688324142891 0.020631318341242 0.00234351198706381 0.00382328764504597 0.00979623824451411
"христиане" 0.0146591741998534 0 0 0 0 0 0 0.00468702397412763 0.00382328764504597 0
"христианина" 0.0293183483997068 0 0.00863632438034373 0 0 0 0 0 0 0
"христианские" 0 0.00562619556655789 0 0.0214945905280504 0 0 0 0.00703053596119144 0 0
"христианским" 0.0244319569997557 0 0 0 0 0 0 0.00468702397412763 0 0
"христианскую" 0.0146591741998534 0 0.0259089731410312 0 0.00436967445925279 0 0 0 0 0
"центром" 0 0.00562619556655789 0 0.00716486350935015 0 0 0 0 0.00955821911261494 0
"церквей" 0 0 0 0 0.00873934891850557 0 0.020631318341242 0 0.00573493146756896 0
"церковной" 0 0 0.00863632438034373 0 0.00873934891850557 0.00299688324142891 0 0.00234351198706381 0.00382328764504597 0
"цивилизация" 0.0146591741998534 0 0 0 0 0.00299688324142891 0 0.00703053596119144 0 0
"частного" 0.0146591741998534 0 0 0.0214945905280504 0 0 0 0.00234351198706381 0 0
"частными" 0 0.00562619556655789 0.00863632438034373 0 0 0.00599376648285783 0 0.00234351198706381 0.00382328764504597 0
"чаще" 0.00488639139995114 0 0 0 0.00873934891850557 0.00599376648285783 0 0.00234351198706381 0.00191164382252299 0
"человеческие" 0 0 0.00863632438034373 0 0.00873934891850557 0.00899064972428674 0 0 0 0.00979623824451411
"чистого" 0 0 0.0172726487606875 0.0214945905280504 0 0.00299688324142891 0 0.00234351198706381 0 0
"чистой" 0 0 0.0172726487606875 0 0 0.00899064972428674 0 0 0.00191164382252299 0.00979623824451411
"читатели" 0.0195455655998045 0 0 0 0.0131090233777584 0 0 0 0 0
"чувствуя" 0 0.00562619556655789 0.00863632438034373 0.0143297270187003 0.00436967445925279 0.00299688324142891 0 0 0.00191164382252299 0
"чужим" 0 0.00562619556655789 0 0.00716486350935015 0.00873934891850557 0.00299688324142891 0 0 0.00382328764504597 0
"швейцарцы" 0 0 0 0 0 0 0 0.0140610719223829 0.00191164382252299 0
"шиллера" 0.00977278279990227 0 0 0 0 0.00299688324142891 0.010315659170621 0 0 0.0293887147335423
"шум" 0.00488639139995114 0 0 0 0 0.0119875329657157 0 0.00234351198706381 0 0.00979623824451411
"эпохе" 0 0 0.0172726487606875 0.00716486350935015 0 0.00599376648285783 0 0.00234351198706381 0.00191164382252299 0
"являлись" 0 0.00562619556655789 0 0.00716486350935015 0 0 0 0 0.00382328764504597 0.0293887147335423
"явные" 0 0 0.0172726487606875 0.00716486350935015 0 0 0 0.00703053596119144 0.00191164382252299 0
"ясного" 0.00977278279990227 0.00562619556655789 0.00863632438034373 0 0.00436967445925279 0.00299688324142891 0 0 0 0.00979623824451411
"ясное" 0 0 0 0.0143297270187003 0 0 0 0.00703053596119144 0.00191164382252299 0.00979623824451411
"c" 0 0 0 0 0 0.0179812994485735 0 0.00234351198706381 0 0
"college" 0 0 0 0 0 0.0149844162071446 0 0 0.00382328764504597 0
"comme" 0 0 0 0 0.0131090233777584 0.00599376648285783 0 0.00468702397412763 0 0
"il" 0 0 0 0 0.0174786978370111 0.00899064972428674 0 0 0 0
"pas" 0 0 0 0 0.0218483722962639 0.00299688324142891 0 0 0 0.00979623824451411
"plus" 0 0 0.0172726487606875 0 0 0.0149844162071446 0 0 0 0
"reforme" 0 0 0 0 0 0.0149844162071446 0 0 0.00382328764504597 0
"von" 0 0 0 0 0 0 0 0.00234351198706381 0.0114698629351379 0
"абеляра" 0 0 0 0 0 0.00599376648285783 0 0.00937404794825526 0 0
"абсолютной" 0.00977278279990227 0 0 0 0.00873934891850557 0.00299688324142891 0 0.00234351198706381 0 0
"авторитета" 0.00488639139995114 0 0 0 0.00873934891850557 0 0 0 0.00382328764504597 0.00979623824451411
"авторы" 0 0 0 0 0.00873934891850557 0.0119875329657157 0 0 0 0
"актом" 0.00488639139995114 0.00562619556655789 0 0 0.00436967445925279 0 0 0.00234351198706381 0.00382328764504597 0
"аллоды" 0 0 0 0 0 0 0 0.0140610719223829 0 0
"анне" 0 0 0 0 0 0 0 0 0.0114698629351379 0
"апреля" 0 0 0 0 0 0.00299688324142891 0 0 0.00764657529009195 0.00979623824451411
"бедствие" 0.00488639139995114 0 0.0431816219017186 0 0 0 0 0 0 0
"бедствий" 0 0.00562619556655789 0.0172726487606875 0 0 0 0 0.00234351198706381 0.00382328764504597 0
"безусловном" 0 0.0112523911331158 0 0 0.0174786978370111 0 0 0 0 0
"белинского" 0 0 0 0 0.0262180467555167 0 0 0 0 0
"бесконечном" 0 0.0112523911331158 0 0 0.0131090233777584 0 0 0 0 0.00979623824451411
"беспрестанные" 0 0.0168785866996737 0.00863632438034373 0.00716486350935015 0.00436967445925279 0 0 0 0 0
"беспрестанных" 0 0.00562619556655789 0.00863632438034373 0.00716486350935015 0.00436967445925279 0 0 0.00234351198706381 0.00191164382252299 0
"бессилие" 0 0 0.00863632438034373 0 0 0.0119875329657157 0 0 0 0.00979623824451411
"бессилия" 0 0 0.00863632438034373 0 0.00436967445925279 0.00599376648285783 0 0 0.00382328764504597 0
"бесчисленное" 0 0.00562619556655789 0 0.00716486350935015 0 0.00299688324142891 0 0.00703053596119144 0 0
"бесчисленные" 0 0.00562619556655789 0 0 0.00436967445925279 0.00299688324142891 0 0.00234351198706381 0.00382328764504597 0
"битвах" 0 0 0.00863632438034373 0 0 0 0 0.00703053596119144 0.00382328764504597 0
"битвой" 0 0.00562619556655789 0 0 0.00436967445925279 0 0 0.00703053596119144 0.00191164382252299 0
"благо" 0.00488639139995114 0 0 0 0.00436967445925279 0 0 0.00703053596119144 0.00191164382252299 0
"благородный" 0 0 0 0.0143297270187003 0.00436967445925279 0.00599376648285783 0 0.00234351198706381 0 0
"блеск" 0.00488639139995114 0 0 0.0143297270187003 0 0.00899064972428674 0 0 0 0
"блестящее" 0 0 0 0 0 0.00299688324142891 0.020631318341242 0.00234351198706381 0.00382328764504597 0
"богатого" 0 0 0 0 0.00436967445925279 0.00599376648285783 0 0.00703053596119144 0 0
"богатых" 0.00488639139995114 0 0.0172726487606875 0 0 0.00299688324142891 0 0 0.00382328764504597 0
"богаче" 0 0 0.00863632438034373 0 0 0.00299688324142891 0.020631318341242 0.00234351198706381 0.00191164382252299 0
"большее" 0 0.00562619556655789 0 0 0.00436967445925279 0 0 0 0.00764657529009195 0
"большинству" 0 0.00562619556655789 0 0 0.00873934891850557 0 0.010315659170621 0.00234351198706381 0.00191164382252299 0
"боялся" 0 0.00562619556655789 0 0 0 0 0 0.00468702397412763 0.00573493146756896 0
"братья" 0.00488639139995114 0.0112523911331158 0 0 0 0 0 0.00234351198706381 0.00382328764504597 0
"братьям" 0 0.00562619556655789 0.0172726487606875 0 0 0.00299688324142891 0 0 0.00382328764504597 0
"будете" 0.00488639139995114 0 0 0.00716486350935015 0.00873934891850557 0.00599376648285783 0 0 0 0
"будущности" 0.00488639139995114 0 0 0 0.0131090233777584 0.00299688324142891 0 0 0.00191164382252299 0
"будущность" 0 0 0 0 0 0 0 0.00234351198706381 0.00764657529009195 0.00979623824451411
"бурбон" 0 0 0 0 0 0 0 0.00234351198706381 0.00955821911261494 0
"буффе" 0 0 0 0 0 0.0179812994485735 0 0 0 0
"важен" 0.00977278279990227 0.00562619556655789 0 0 0 0.00599376648285783 0 0 0.00191164382252299 0
"важного" 0 0.00562619556655789 0 0 0 0.00299688324142891 0 0.00234351198706381 0.00382328764504597 0.00979623824451411
"важный" 0.00488639139995114 0.00562619556655789 0 0 0 0.00299688324142891 0 0.00468702397412763 0.00191164382252299 0
"ваш" 0 0 0 0 0.00873934891850557 0.00899064972428674 0.010315659170621 0 0 0
"ваших" 0 0 0 0 0.00436967445925279 0.0119875329657157 0 0 0.00191164382252299 0
"вдова" 0 0 0 0 0 0.00299688324142891 0 0.00234351198706381 0.00764657529009195 0
"велик" 0 0.0112523911331158 0.00863632438034373 0 0.00436967445925279 0 0.010315659170621 0 0.00191164382252299 0
"велика" 0 0 0.0172726487606875 0 0 0 0.010315659170621 0.00468702397412763 0.00191164382252299 0
"великолепное" 0 0 0 0.00716486350935015 0 0 0.030946977511863 0.00234351198706381 0.00191164382252299 0
"венец" 0.00488639139995114 0 0 0.0143297270187003 0 0 0 0 0.00573493146756896 0
"верность" 0.00488639139995114 0 0 0 0 0.00599376648285783 0.010315659170621 0 0.00382328764504597 0
"верный" 0 0 0.00863632438034373 0 0 0.00299688324142891 0 0.00234351198706381 0.00382328764504597 0.00979623824451411
"вероисповеданию" 0.0146591741998534 0 0 0 0 0 0 0 0.00573493146756896 0
"верховный" 0 0 0 0 0.00873934891850557 0 0 0 0.00764657529009195 0
"вече" 0 0.0112523911331158 0 0 0.0174786978370111 0 0 0 0 0
"вечным" 0.00488639139995114 0.00562619556655789 0 0 0.00436967445925279 0 0 0 0.00382328764504597 0.00979623824451411
"вечных" 0 0.0112523911331158 0 0 0.00436967445925279 0 0 0.00234351198706381 0.00191164382252299 0.00979623824451411
"взамен" 0 0 0 0 0.0174786978370111 0.00299688324142891 0 0 0.00191164382252299 0
"взглядом" 0 0.00562619556655789 0.00863632438034373 0 0.00873934891850557 0.00299688324142891 0 0 0.00191164382252299 0
"вздумал" 0.00488639139995114 0 0 0 0 0.00899064972428674 0 0.00468702397412763 0 0
"взяты" 0 0 0 0 0 0.00299688324142891 0 0.00234351198706381 0.00573493146756896 0.00979623824451411
"виновных" 0.0146591741998534 0 0.00863632438034373 0 0 0 0 0 0.00382328764504597 0
"виттенберг" 0 0 0 0 0 0 0 0 0.0114698629351379 0
"вкус" 0.00977278279990227 0 0 0 0.00873934891850557 0 0 0 0 0.0195924764890282
"владельцами" 0 0.0168785866996737 0 0 0 0 0 0.00703053596119144 0 0
"владельцем" 0 0 0 0 0 0 0 0.0140610719223829 0 0
"владетели" 0 0.00562619556655789 0 0 0 0 0 0.0117175599353191 0 0
"влиянии" 0 0 0 0 0.0174786978370111 0 0 0.00234351198706381 0.00191164382252299 0
"вмешательство" 0 0.00562619556655789 0 0 0 0.00299688324142891 0 0.00234351198706381 0.00573493146756896 0
"внести" 0.00977278279990227 0 0.00863632438034373 0 0 0 0 0.00234351198706381 0.00382328764504597 0
"внизу" 0 0 0 0 0 0.0119875329657157 0 0.00234351198706381 0.00191164382252299 0
"внушить" 0 0.00562619556655789 0 0 0.00436967445925279 0 0 0.00468702397412763 0.00382328764504597 0
"военном" 0 0 0 0 0 0 0.020631318341242 0.00937404794825526 0 0
"военную" 0 0 0.00863632438034373 0 0 0 0 0.00234351198706381 0.00764657529009195 0
"возбудил" 0 0 0 0 0 0.00299688324142891 0 0.00703053596119144 0.00382328764504597 0
"возможным" 0.0146591741998534 0.00562619556655789 0 0.00716486350935015 0 0 0 0 0.00191164382252299 0
"воин" 0 0 0 0 0.00436967445925279 0.00299688324142891 0 0.00234351198706381 0.00573493146756896 0
"воинственное" 0 0 0.00863632438034373 0 0 0 0 0.00468702397412763 0.00573493146756896 0
"воинственным" 0 0 0 0 0 0 0 0.00937404794825526 0.00382328764504597 0
"волюм" 0 0 0 0 0 0.0179812994485735 0 0 0 0
"ворота" 0 0 0.0172726487606875 0 0 0.00299688324142891 0 0 0.00573493146756896 0
"воспитанием" 0 0 0.00863632438034373 0.0214945905280504 0 0 0 0.00234351198706381 0.00191164382252299 0
"воспитать" 0.00488639139995114 0.0168785866996737 0 0 0.00873934891850557 0 0 0 0 0
"восставали" 0 0.0112523911331158 0.00863632438034373 0 0 0 0 0.00234351198706381 0.00382328764504597 0
"восстановления" 0 0 0 0 0 0.00599376648285783 0 0 0.00382328764504597 0.0195924764890282
"восток" 0 0 0.0172726487606875 0 0.00873934891850557 0 0 0.00234351198706381 0.00191164382252299 0
"враждебной" 0.0146591741998534 0 0.00863632438034373 0 0 0 0 0 0.00382328764504597 0
"вражды" 0 0.00562619556655789 0.0172726487606875 0 0.00873934891850557 0 0 0.00234351198706381 0 0
"вред" 0.0146591741998534 0 0 0 0 0 0 0 0.00382328764504597 0.00979623824451411
"временам" 0 0.0112523911331158 0 0 0.00436967445925279 0.00299688324142891 0 0.00234351198706381 0.00191164382252299 0
"всадников" 0 0 0 0 0 0.00299688324142891 0 0.00703053596119144 0.00382328764504597 0
"всеобщую" 0.00488639139995114 0 0 0.00716486350935015 0 0.00299688324142891 0 0.00468702397412763 0.00191164382252299 0
"встречает" 0.00488639139995114 0 0 0.00716486350935015 0 0.00899064972428674 0.010315659170621 0 0 0
"встречал" 0 0.00562619556655789 0 0 0.0131090233777584 0.00299688324142891 0 0 0.00191164382252299 0
"вступила" 0 0.0112523911331158 0 0 0 0 0 0 0.00764657529009195 0
"вторая" 0 0 0 0 0 0.00899064972428674 0.010315659170621 0.00234351198706381 0 0.00979623824451411
"входили" 0 0 0 0 0 0 0 0.00703053596119144 0.00573493146756896 0
"выдал" 0 0 0 0 0 0.00299688324142891 0 0.00468702397412763 0.00573493146756896 0
"выражению" 0 0 0 0 0 0.00599376648285783 0 0.00703053596119144 0 0.00979623824451411
"выразиться" 0.00488639139995114 0 0 0.0143297270187003 0 0.00899064972428674 0 0 0 0
"выросли" 0.00488639139995114 0 0.00863632438034373 0 0.00436967445925279 0.00299688324142891 0 0.00234351198706381 0.00191164382252299 0
"высокое" 0 0.0112523911331158 0.0172726487606875 0 0 0 0.010315659170621 0 0 0.00979623824451411
"выставить" 0 0 0 0.00716486350935015 0.00436967445925279 0 0 0.00937404794825526 0 0
"выставка" 0 0 0 0 0 0.0179812994485735 0 0 0 0
"выставки" 0 0 0 0 0 0.0179812994485735 0 0 0 0
"высшая" 0.00977278279990227 0.0112523911331158 0 0 0 0 0 0.00468702397412763 0 0
"галлии" 0 0 0 0 0 0 0 0.0117175599353191 0.00191164382252299 0
"ганзы" 0 0 0 0 0 0 0 0.00234351198706381 0.00955821911261494 0
"гениального" 0 0.00562619556655789 0 0 0 0.00599376648285783 0.020631318341242 0 0.00191164382252299 0
"генрихе" 0 0 0 0 0 0 0 0.00234351198706381 0.00955821911261494 0
"географических" 0 0 0 0 0 0 0 0.0140610719223829 0 0
"герцогства" 0 0 0 0 0 0 0 0.00703053596119144 0.00573493146756896 0
"гильдии" 0 0 0 0 0.00873934891850557 0 0 0.00937404794825526 0 0
"глава" 0 0 0.00863632438034373 0 0 0 0 0.00468702397412763 0.00573493146756896 0
"главы" 0 0.0112523911331158 0 0.0143297270187003 0 0 0 0.00234351198706381 0.00191164382252299 0
"гнета" 0.0195455655998045 0 0 0.00716486350935015 0 0 0 0 0.00191164382252299 0
"голосов" 0 0.00562619556655789 0 0 0.00873934891850557 0.00299688324142891 0 0.00234351198706381 0.00191164382252299 0
"гордости" 0.0146591741998534 0 0 0 0 0.00299688324142891 0 0 0.00191164382252299 0.00979623824451411
"городового" 0 0.0112523911331158 0 0 0 0 0 0 0.00764657529009195 0
"городовых" 0 0 0 0 0 0 0 0.0140610719223829 0 0
"господствующего" 0 0 0 0.0286594540374006 0 0.00299688324142891 0 0.00234351198706381 0 0
"гости" 0.0146591741998534 0 0 0 0 0.00299688324142891 0 0.00234351198706381 0.00191164382252299 0
"государе" 0.00488639139995114 0 0.00863632438034373 0 0 0 0 0.00468702397412763 0.00382328764504597 0
"государем" 0 0.00562619556655789 0.0259089731410312 0 0 0 0 0.00468702397412763 0 0
"государственность" 0 0 0 0.0429891810561009 0 0 0 0 0 0
"гражданин" 0 0 0.00863632438034373 0 0 0 0 0.00703053596119144 0.00191164382252299 0.00979623824451411
"гражданина" 0 0 0 0 0 0.00299688324142891 0 0.00937404794825526 0 0.00979623824451411
"гражданский" 0.00488639139995114 0.0168785866996737 0 0 0.00873934891850557 0 0 0 0 0
"графов" 0 0 0 0 0 0.00299688324142891 0 0.0117175599353191 0 0
"громко" 0.00488639139995114 0 0.00863632438034373 0 0 0.00299688324142891 0 0 0.00382328764504597 0.00979623824451411
"грубых" 0 0 0 0.00716486350935015 0 0.00299688324142891 0 0.00234351198706381 0.00573493146756896 0
"грудь" 0 0 0 0.00716486350935015 0 0.00299688324142891 0.010315659170621 0.00234351198706381 0 0.0195924764890282
"густава" 0 0 0 0 0 0 0 0 0.0114698629351379 0
"гюго" 0 0 0 0 0 0.0119875329657157 0 0 0 0.0195924764890282
"дам" 0 0 0 0 0 0.00899064972428674 0 0 0.00382328764504597 0.00979623824451411
"дворянству" 0 0 0.00863632438034373 0 0 0 0 0 0.00955821911261494 0
"девы" 0 0 0 0.00716486350935015 0 0 0.010315659170621 0.00468702397412763 0.00191164382252299 0.00979623824451411
"действием" 0.00488639139995114 0 0.0172726487606875 0.00716486350935015 0 0.00299688324142891 0 0 0 0.00979623824451411
"действуют" 0.00488639139995114 0.0168785866996737 0 0 0.00436967445925279 0 0.010315659170621 0 0 0
"делам" 0 0 0.00863632438034373 0.00716486350935015 0 0.00599376648285783 0 0.00234351198706381 0.00191164382252299 0
"державами" 0.00488639139995114 0 0.0172726487606875 0 0 0 0 0 0.00573493146756896 0
"держались" 0 0.00562619556655789 0 0.00716486350935015 0 0 0 0.00468702397412763 0.00382328764504597 0
"десятков" 0.00977278279990227 0 0.0172726487606875 0 0 0 0 0.00468702397412763 0 0
"десять" 0 0 0 0 0 0.00599376648285783 0.010315659170621 0 0.00573493146756896 0
"детям" 0 0.00562619556655789 0.00863632438034373 0 0 0.00599376648285783 0.010315659170621 0.00234351198706381 0 0
"династий" 0 0.00562619556655789 0 0 0.00436967445925279 0 0 0.00703053596119144 0.00191164382252299 0
"дитя" 0 0.00562619556655789 0 0 0.00873934891850557 0.00299688324142891 0 0 0 0.0195924764890282
"доброго" 0 0 0.0431816219017186 0 0 0 0 0.00234351198706381 0 0
"доверие" 0 0.00562619556655789 0 0 0.00436967445925279 0 0 0.00234351198706381 0.00573493146756896 0
"доверия" 0 0.00562619556655789 0 0 0 0 0 0 0.00764657529009195 0.00979623824451411
"догмата" 0 0 0.00863632438034373 0.00716486350935015 0 0 0 0 0.00764657529009195 0
"дойти" 0 0 0 0 0.0131090233777584 0.00299688324142891 0 0 0 0.0195924764890282
"доказательств" 0 0 0.00863632438034373 0.00716486350935015 0.00436967445925279 0 0 0.00234351198706381 0 0.0195924764890282
"доказательством" 0 0.00562619556655789 0 0 0.00436967445925279 0 0.010315659170621 0.00234351198706381 0.00382328764504597 0
"долгих" 0 0 0 0 0 0 0 0.00468702397412763 0.00573493146756896 0.00979623824451411
"долгое" 0 0 0 0 0 0.00899064972428674 0 0 0.00382328764504597 0.00979623824451411
"должностей" 0 0 0.00863632438034373 0 0 0 0 0 0.00955821911261494 0
"донесения" 0 0 0 0 0 0 0 0.0140610719223829 0 0
"дорогу" 0 0.00562619556655789 0 0.00716486350935015 0.00436967445925279 0 0 0.00234351198706381 0.00382328764504597 0
"достиг" 0 0.00562619556655789 0.00863632438034373 0 0.00436967445925279 0 0 0 0.00382328764504597 0.00979623824451411
"достигла" 0 0 0 0 0 0.00299688324142891 0 0.00703053596119144 0.00191164382252299 0.00979623824451411
"достоинству" 0 0 0 0.00716486350935015 0.00873934891850557 0.00599376648285783 0 0.00234351198706381 0 0
"достояние" 0.00977278279990227 0.00562619556655789 0 0.00716486350935015 0.00436967445925279 0.00299688324142891 0 0 0 0
"достоянием" 0.0146591741998534 0 0 0.00716486350935015 0 0 0.010315659170621 0 0 0.00979623824451411
"дошел" 0 0 0 0.0143297270187003 0.0131090233777584 0 0 0 0.00191164382252299 0
"древнейшие" 0 0.0168785866996737 0 0 0.0131090233777584 0 0 0 0 0
"древнем" 0 0 0 0 0.00873934891850557 0 0 0.00703053596119144 0 0.00979623824451411
"древнему" 0 0 0.00863632438034373 0 0 0.00299688324142891 0 0.00468702397412763 0 0.0195924764890282
"другою" 0 0 0 0 0 0.0179812994485735 0 0 0 0
"дурное" 0 0 0.00863632438034373 0 0 0 0 0.00703053596119144 0.00191164382252299 0.00979623824451411
"дурную" 0 0 0 0 0.00436967445925279 0.00599376648285783 0 0.00234351198706381 0.00382328764504597 0
"духовную" 0.0146591741998534 0 0 0.0143297270187003 0 0 0 0.00234351198706381 0 0
"дядя" 0 0 0 0 0 0 0 0.00234351198706381 0.00955821911261494 0
"европой" 0.00488639139995114 0.0112523911331158 0 0 0 0.00299688324142891 0 0.00468702397412763 0 0
"европою" 0 0 0.00863632438034373 0.00716486350935015 0.0131090233777584 0 0.010315659170621 0 0 0
"единого" 0.00488639139995114 0.0112523911331158 0 0 0.00436967445925279 0.00299688324142891 0 0 0 0.00979623824451411
"ересь" 0 0.00562619556655789 0 0 0 0 0 0.00703053596119144 0.00382328764504597 0
"жаждой" 0 0.00562619556655789 0 0 0 0.0119875329657157 0 0 0 0.00979623824451411
"жалко" 0 0 0 0 0 0.0119875329657157 0.010315659170621 0 0 0.00979623824451411
"ждали" 0 0 0.00863632438034373 0 0 0 0 0.00468702397412763 0.00382328764504597 0.00979623824451411
"жены" 0 0 0.00863632438034373 0 0 0.00899064972428674 0.020631318341242 0 0 0
"жертвы" 0 0 0 0 0.00873934891850557 0.00599376648285783 0 0 0.00382328764504597 0
"жившие" 0 0 0.00863632438034373 0.00716486350935015 0.00873934891850557 0 0 0.00234351198706381 0.00191164382252299 0
"жизненных" 0.00488639139995114 0 0 0.0214945905280504 0.00436967445925279 0.00299688324142891 0 0 0 0
"завели" 0 0 0 0 0 0.00299688324142891 0 0.00234351198706381 0.00764657529009195 0
"завета" 0 0 0 0 0 0.00599376648285783 0 0.00703053596119144 0.00191164382252299 0
"зависимость" 0.00488639139995114 0.00562619556655789 0 0 0.00436967445925279 0 0 0.00234351198706381 0.00382328764504597 0
"завоеватели" 0 0.00562619556655789 0.0172726487606875 0 0 0 0 0.00703053596119144 0 0
"заключаются" 0.00488639139995114 0 0 0.00716486350935015 0.00873934891850557 0.00299688324142891 0 0.00234351198706381 0 0
"заключении" 0 0 0 0 0.00436967445925279 0.00599376648285783 0 0.00234351198706381 0.00382328764504597 0
"заключили" 0 0 0 0 0 0 0 0.00234351198706381 0.00955821911261494 0
"законам" 0.00488639139995114 0.00562619556655789 0 0.00716486350935015 0 0.00299688324142891 0 0.00234351198706381 0 0.00979623824451411
"законодательство" 0.00977278279990227 0.00562619556655789 0 0 0 0 0 0.00468702397412763 0.00191164382252299 0
"замедлил" 0 0.00562619556655789 0 0 0 0.00299688324142891 0 0 0.00573493146756896 0.00979623824451411
"замечаем" 0 0 0 0.0286594540374006 0 0 0 0.00234351198706381 0.00191164382252299 0
"замечательного" 0.00977278279990227 0 0 0 0 0.00299688324142891 0.020631318341242 0 0.00191164382252299 0
"замками" 0 0 0 0 0 0.00299688324142891 0 0.0117175599353191 0 0
"занда" 0 0 0 0 0.0131090233777584 0 0.030946977511863 0 0 0
"занимается" 0 0.00562619556655789 0 0 0 0.0119875329657157 0 0 0 0.00979623824451411
"занимала" 0 0 0 0.0143297270187003 0 0 0 0.00703053596119144 0.00191164382252299 0
"занимательности" 0.00488639139995114 0 0 0 0 0.00899064972428674 0 0.00234351198706381 0.00191164382252299 0
"занимать" 0 0 0 0 0 0.00299688324142891 0 0 0.00955821911261494 0
"занять" 0 0 0.00863632438034373 0 0 0 0 0.00468702397412763 0.00573493146756896 0
"западным" 0 0 0.0172726487606875 0.0143297270187003 0.00873934891850557 0 0 0 0 0
"заседаний" 0 0 0 0 0 0.00599376648285783 0 0 0.00764657529009195 0
"заставляют" 0.00488639139995114 0 0 0.00716486350935015 0 0.00299688324142891 0.010315659170621 0 0 0.0195924764890282
"зачатков" 0 0.0112523911331158 0 0 0.0174786978370111 0 0 0 0 0
"защитники" 0.00977278279990227 0 0.00863632438034373 0 0 0 0 0.00234351198706381 0.00191164382252299 0.00979623824451411
"защиты" 0 0.00562619556655789 0 0 0.00436967445925279 0.00599376648285783 0 0.00468702397412763 0 0
"звании" 0.0195455655998045 0 0 0 0 0 0.010315659170621 0 0.00191164382252299 0
"звуками" 0 0 0 0 0 0.0119875329657157 0.010315659170621 0 0 0.00979623824451411
"злоупотребления" 0 0.00562619556655789 0 0 0.0131090233777584 0 0 0 0.00382328764504597 0
"знаменитейших" 0 0 0.00863632438034373 0 0 0.00299688324142891 0 0 0.00764657529009195 0
"знаменитой" 0 0 0 0 0 0.00299688324142891 0 0.00234351198706381 0.00764657529009195 0
"играет" 0 0 0 0 0 0.00599376648285783 0.020631318341242 0.00468702397412763 0 0
"идеала" 0.00488639139995114 0 0 0 0 0.00299688324142891 0 0.00234351198706381 0 0.0293887147335423
"идее" 0.00977278279990227 0 0.00863632438034373 0 0.00436967445925279 0.00299688324142891 0 0 0 0.00979623824451411
"избыток" 0 0 0 0.0286594540374006 0 0 0 0.00468702397412763 0 0
"известную" 0 0 0 0 0.00436967445925279 0 0 0.00468702397412763 0.00382328764504597 0.00979623824451411
"известным" 0 0 0 0 0 0.00299688324142891 0 0.00703053596119144 0.00191164382252299 0.00979623824451411
"известными" 0 0 0 0 0 0.00299688324142891 0 0.0117175599353191 0 0
"извлечь" 0.00488639139995114 0 0 0 0.0174786978370111 0 0 0.00234351198706381 0 0
"изгнан" 0 0 0 0.00716486350935015 0 0 0 0.00234351198706381 0.00764657529009195 0
"издан" 0.00488639139995114 0 0 0 0 0 0 0.00234351198706381 0.00764657529009195 0
"изданные" 0 0 0 0 0.00436967445925279 0 0.030946977511863 0.00234351198706381 0.00191164382252299 0
"изданы" 0 0 0 0.00716486350935015 0 0.00299688324142891 0 0 0.00764657529009195 0
"изложил" 0 0 0 0.00716486350935015 0 0 0 0.00234351198706381 0.00764657529009195 0
"изменилось" 0 0.00562619556655789 0.00863632438034373 0 0.00436967445925279 0 0 0.00234351198706381 0.00382328764504597 0
"изображение" 0 0 0 0 0.0131090233777584 0 0.010315659170621 0.00234351198706381 0.00191164382252299 0
"израиля" 0.0195455655998045 0 0 0 0 0 0 0 0.00382328764504597 0
"изучать" 0 0.0225047822662316 0 0 0 0 0 0.00468702397412763 0 0
"изящная" 0 0 0 0 0.0218483722962639 0 0.010315659170621 0 0 0
"имеется" 0.0146591741998534 0 0 0 0 0 0.010315659170621 0.00234351198706381 0.00191164382252299 0
"имеющая" 0.00488639139995114 0.00562619556655789 0 0 0.00436967445925279 0.00599376648285783 0 0 0 0.00979623824451411
"имеющего" 0.00977278279990227 0 0 0 0 0.00899064972428674 0 0.00234351198706381 0 0
"имеющих" 0 0 0 0.00716486350935015 0.00436967445925279 0.00899064972428674 0 0 0 0.00979623824451411
"императоров" 0 0.00562619556655789 0 0 0 0 0 0.00937404794825526 0 0.00979623824451411
"имперских" 0 0 0 0 0 0 0 0.00468702397412763 0.00764657529009195 0
"иностранных" 0 0.00562619556655789 0 0 0 0.00899064972428674 0.010315659170621 0 0 0.00979623824451411
"иностранцами" 0 0.0168785866996737 0 0 0.00873934891850557 0 0 0 0.00191164382252299 0
"интерес" 0.00488639139995114 0.00562619556655789 0 0.00716486350935015 0 0 0.020631318341242 0 0 0.00979623824451411
"инфант" 0 0 0 0 0 0 0 0.00937404794825526 0.00382328764504597 0
"искала" 0 0.00562619556655789 0.00863632438034373 0.0143297270187003 0.00436967445925279 0 0 0 0 0.00979623824451411
"исключения" 0.00488639139995114 0 0 0 0.00436967445925279 0.00599376648285783 0.010315659170621 0 0.00191164382252299 0
"исключительность" 0.0146591741998534 0 0 0.00716486350935015 0.00436967445925279 0.00299688324142891 0 0 0 0
"испанским" 0 0 0 0 0 0.00299688324142891 0 0.00234351198706381 0.00764657529009195 0
"исполнено" 0 0 0.00863632438034373 0 0 0 0 0.00234351198706381 0.00764657529009195 0
"исполнены" 0 0.00562619556655789 0 0 0 0 0 0.00937404794825526 0.00191164382252299 0
"исследовать" 0.00488639139995114 0.00562619556655789 0 0 0.00873934891850557 0 0 0.00234351198706381 0 0.00979623824451411
"истинному" 0.00488639139995114 0 0 0.0143297270187003 0.00873934891850557 0 0 0 0.00191164382252299 0
"историею" 0 0 0 0 0.0218483722962639 0 0.010315659170621 0 0 0
"историческая" 0 0.00562619556655789 0.00863632438034373 0 0.00873934891850557 0.00299688324142891 0 0.00234351198706381 0 0
"исторически" 0.00977278279990227 0.00562619556655789 0 0 0.00436967445925279 0 0 0.00468702397412763 0 0
"источником" 0 0 0 0.00716486350935015 0.00436967445925279 0.00599376648285783 0 0 0.00191164382252299 0.00979623824451411
"исчезает" 0 0.0225047822662316 0 0 0.00436967445925279 0 0 0 0 0.00979623824451411
"исчезали" 0 0.0112523911331158 0.00863632438034373 0 0.0131090233777584 0 0 0 0 0
"исчезло" 0 0.0281309778327895 0 0 0 0 0 0.00234351198706381 0 0
"итальянской" 0 0 0 0 0 0.00899064972428674 0 0.00234351198706381 0.00382328764504597 0
"итог" 0 0 0 0.0214945905280504 0 0 0.010315659170621 0 0.00191164382252299 0.00979623824451411
"каково" 0.00488639139995114 0.00562619556655789 0.00863632438034373 0 0 0 0 0.00468702397412763 0.00191164382252299 0
"кардиналы" 0 0 0 0 0 0 0 0.00937404794825526 0.00382328764504597 0
"карле" 0 0 0 0 0 0 0 0.00703053596119144 0.00573493146756896 0
"картинах" 0 0 0 0 0 0.0149844162071446 0.010315659170621 0 0 0
"католик" 0 0 0 0 0.00436967445925279 0 0 0.00468702397412763 0.00573493146756896 0
"качествами" 0 0 0 0 0 0.00299688324142891 0 0.00468702397412763 0.00573493146756896 0
"кине" 0 0 0 0 0 0.0179812994485735 0 0 0 0
"классики" 0 0 0 0 0 0 0 0.00234351198706381 0 0.0489811912225705
"клевета" 0 0 0 0 0.0218483722962639 0.00299688324142891 0 0 0 0
"клеопатра" 0 0 0 0 0 0.0179812994485735 0 0 0 0
"книгой" 0.00488639139995114 0 0 0 0 0.00299688324142891 0 0.00468702397412763 0.00382328764504597 0
"книжке" 0 0 0 0 0.00873934891850557 0.00299688324142891 0.030946977511863 0 0 0
"княжеских" 0 0.0225047822662316 0 0 0.00873934891850557 0 0 0 0 0
"количеством" 0 0 0 0 0.00873934891850557 0.00599376648285783 0 0.00234351198706381 0.00191164382252299 0
"комментарии" 0 0 0 0 0 0.00599376648285783 0 0.00703053596119144 0.00191164382252299 0
"копенгаген" 0 0 0 0 0 0 0 0 0.0114698629351379 0
"корабль" 0 0 0 0 0 0.00299688324142891 0 0 0.00955821911261494 0
"коренных" 0.00488639139995114 0 0.00863632438034373 0.0214945905280504 0 0 0 0 0.00191164382252299 0
"королевская" 0 0 0 0 0 0 0 0.00703053596119144 0.00573493146756896 0
"королеву" 0 0 0 0 0 0 0 0 0.0114698629351379 0
"коротко" 0 0 0 0.00716486350935015 0.00436967445925279 0 0.010315659170621 0.00468702397412763 0 0.00979623824451411
"костюм" 0.00488639139995114 0.00562619556655789 0 0 0.00436967445925279 0.00599376648285783 0.010315659170621 0 0 0
"крайнее" 0 0 0 0.0143297270187003 0 0.00599376648285783 0 0.00234351198706381 0.00191164382252299 0
"кранмера" 0 0 0 0 0 0 0 0 0.0114698629351379 0
"красноречивый" 0 0 0 0.00716486350935015 0.00873934891850557 0 0 0.00234351198706381 0.00382328764504597 0
"красоте" 0 0 0.00863632438034373 0.00716486350935015 0 0.00299688324142891 0 0 0.00382328764504597 0.00979623824451411
"купцов" 0.00488639139995114 0 0 0 0 0 0 0.00703053596119144 0.00382328764504597 0
"лагерь" 0 0 0 0 0 0 0 0 0.0114698629351379 0
"ламартина" 0 0 0 0 0 0.0179812994485735 0 0 0 0
"ленника" 0 0 0 0 0 0 0 0.0140610719223829 0 0
"лермонтова" 0 0 0 0 0.00873934891850557 0 0.041262636682484 0 0 0
"лестнице" 0 0.00562619556655789 0.0172726487606875 0.00716486350935015 0 0.00599376648285783 0 0 0 0
"литературные" 0.00488639139995114 0 0 0 0.00436967445925279 0 0.010315659170621 0.00468702397412763 0.00191164382252299 0
"литературою" 0 0 0 0.00716486350935015 0.00436967445925279 0 0.030946977511863 0.00234351198706381 0 0
"лицам" 0 0 0 0 0 0.00899064972428674 0.010315659170621 0.00234351198706381 0.00191164382252299 0
"личная" 0.00488639139995114 0 0.00863632438034373 0 0 0 0 0.00468702397412763 0.00382328764504597 0
"личный" 0.00488639139995114 0.00562619556655789 0 0 0 0.00299688324142891 0 0.00234351198706381 0.00382328764504597 0
"лишены" 0.00488639139995114 0.00562619556655789 0 0 0.00873934891850557 0.00299688324142891 0 0 0.00191164382252299 0
"лишком" 0.00488639139995114 0.0112523911331158 0 0 0 0 0 0.00468702397412763 0.00191164382252299 0
"логический" 0.0146591741998534 0 0 0.0143297270187003 0.00436967445925279 0 0 0 0 0
"ложного" 0.00488639139995114 0 0 0 0.00436967445925279 0.00299688324142891 0.020631318341242 0 0 0.00979623824451411
"луандра" 0 0 0 0 0 0.0179812994485735 0 0 0 0
"любили" 0 0 0.0172726487606875 0 0 0 0 0.00937404794825526 0 0
"лютером" 0 0 0 0 0 0 0 0 0.00955821911261494 0.00979623824451411
"маленькой" 0.00977278279990227 0 0 0 0 0.00299688324142891 0 0.00234351198706381 0 0.0195924764890282
"мгновенно" 0.00977278279990227 0.0112523911331158 0 0.00716486350935015 0 0.00299688324142891 0 0 0 0
"мейер" 0 0 0 0 0 0.00299688324142891 0.020631318341242 0 0.00573493146756896 0
"мера" 0.00488639139995114 0 0 0 0 0.00599376648285783 0 0.00234351198706381 0.00191164382252299 0.00979623824451411
"мерило" 0 0.00562619556655789 0 0 0.0174786978370111 0.00299688324142891 0 0 0 0
"местные" 0.00488639139995114 0.00562619556655789 0 0 0 0 0 0.00703053596119144 0.00191164382252299 0
"местом" 0 0.00562619556655789 0.00863632438034373 0 0 0.00899064972428674 0 0.00234351198706381 0 0
"месяц" 0.00488639139995114 0 0 0 0 0.0119875329657157 0 0 0.00191164382252299 0
"мешает" 0 0 0 0 0.00436967445925279 0.00599376648285783 0.020631318341242 0.00234351198706381 0 0
"миллионер" 0 0 0 0 0 0.0179812994485735 0 0 0 0
"можете" 0 0 0 0 0 0.0179812994485735 0 0 0 0
"моисеева" 0.0293183483997068 0 0 0 0 0 0 0 0 0
"моих" 0 0 0.00863632438034373 0 0 0.00599376648285783 0.020631318341242 0 0.00191164382252299 0
"монастыре" 0 0 0.0172726487606875 0 0 0.00299688324142891 0 0 0.00573493146756896 0
"мореплаватель" 0 0 0 0 0 0 0 0.00937404794825526 0.00382328764504597 0
"муж" 0 0 0.00863632438034373 0 0 0.00299688324142891 0.010315659170621 0.00234351198706381 0.00382328764504597 0
"мыс" 0 0 0 0 0 0 0 0.0140610719223829 0 0
"мясо" 0.0244319569997557 0 0 0 0 0 0 0.00234351198706381 0 0
"наваррского" 0 0 0 0 0 0 0 0 0.0114698629351379 0
"награду" 0 0 0 0.00716486350935015 0 0 0 0.00468702397412763 0.00573493146756896 0
"надежда" 0 0 0.00863632438034373 0 0 0.00599376648285783 0.010315659170621 0 0.00382328764504597 0
"надеждах" 0 0 0 0 0 0.00599376648285783 0.010315659170621 0.00468702397412763 0.00191164382252299 0
"надежде" 0 0 0 0 0.00873934891850557 0 0 0 0.00764657529009195 0
"назначения" 0 0 0 0 0.00436967445925279 0.00599376648285783 0 0 0.00573493146756896 0
"называемый" 0.00488639139995114 0 0.00863632438034373 0.00716486350935015 0 0 0 0.00234351198706381 0.00382328764504597 0
"наклонность" 0.00488639139995114 0 0 0.00716486350935015 0 0.00899064972428674 0 0.00234351198706381 0 0
"намерении" 0 0 0.00863632438034373 0 0 0 0 0.00468702397412763 0.00573493146756896 0
"наместник" 0 0 0 0 0.00436967445925279 0 0 0.00468702397412763 0.00573493146756896 0
"написано" 0 0 0 0 0 0.00299688324142891 0 0.00703053596119144 0.00382328764504597 0
"народным" 0.00977278279990227 0.00562619556655789 0 0 0.00873934891850557 0 0 0 0.00191164382252299 0
"наружных" 0 0 0 0.0429891810561009 0 0 0 0 0 0
"наружу" 0.00488639139995114 0 0 0 0.00436967445925279 0.0119875329657157 0 0 0 0
"наряду" 0 0 0 0 0 0 0 0.00468702397412763 0.00764657529009195 0
"населению" 0.0293183483997068 0 0 0 0 0 0 0 0 0
"наследства" 0 0 0 0 0.00436967445925279 0 0.010315659170621 0.00234351198706381 0.00573493146756896 0
"настоящих" 0.00488639139995114 0 0 0 0 0.00899064972428674 0 0.00234351198706381 0 0.00979623824451411
"натуральной" 0 0 0 0 0.0262180467555167 0 0 0 0 0
"натуры" 0 0 0 0 0.0131090233777584 0 0.010315659170621 0 0.00382328764504597 0
"находил" 0 0 0 0 0.00436967445925279 0 0 0.00703053596119144 0.00382328764504597 0
"началами" 0 0.0168785866996737 0.00863632438034373 0 0 0 0 0.00234351198706381 0.00191164382252299 0
"начинал" 0 0 0.00863632438034373 0.00716486350935015 0.00436967445925279 0 0 0.00234351198706381 0 0.0195924764890282
"начинают" 0 0 0 0.00716486350935015 0 0.00899064972428674 0 0 0.00191164382252299 0.00979623824451411
"начнем" 0 0 0 0 0.00436967445925279 0 0.020631318341242 0.00234351198706381 0.00382328764504597 0
"невинных" 0 0 0.0172726487606875 0 0.00873934891850557 0 0 0 0.00191164382252299 0.00979623824451411
"недалеко" 0 0 0.00863632438034373 0 0 0 0.010315659170621 0.00703053596119144 0.00191164382252299 0
"недоверчивости" 0 0 0.00863632438034373 0.00716486350935015 0 0.00299688324142891 0 0.00703053596119144 0 0
"незаметно" 0 0 0.00863632438034373 0.00716486350935015 0 0 0.010315659170621 0.00468702397412763 0.00191164382252299 0
"некоторую" 0 0 0 0 0 0.00899064972428674 0 0 0.00573493146756896 0
"нелепости" 0 0 0 0 0.00436967445925279 0.0119875329657157 0 0 0 0.00979623824451411
"нелепость" 0.00488639139995114 0 0 0 0.00436967445925279 0.00599376648285783 0 0 0 0.0195924764890282
"немножко" 0 0 0 0 0 0.0119875329657157 0.020631318341242 0 0 0
"необходимы" 0.00977278279990227 0.00562619556655789 0 0 0.00436967445925279 0 0 0 0 0.0195924764890282
"необходимых" 0.00977278279990227 0.00562619556655789 0.00863632438034373 0 0.00436967445925279 0 0 0 0.00191164382252299 0
"необыкновенной" 0 0 0 0.00716486350935015 0.00873934891850557 0.00599376648285783 0 0 0.00191164382252299 0
"необычайной" 0 0 0 0 0 0.00599376648285783 0 0.00234351198706381 0.00573493146756896 0
"неохотно" 0 0.0112523911331158 0 0 0 0 0 0.00234351198706381 0.00573493146756896 0
"нерешительно" 0 0.00562619556655789 0 0 0 0.00599376648285783 0 0 0.00573493146756896 0
"несколькими" 0 0.0281309778327895 0 0 0 0 0 0.00234351198706381 0 0
"нравственная" 0.00977278279990227 0 0.00863632438034373 0.0143297270187003 0.00436967445925279 0 0 0 0 0
"нужна" 0.00488639139995114 0.00562619556655789 0 0 0 0.00299688324142891 0.010315659170621 0 0.00191164382252299 0.00979623824451411
"нужное" 0 0 0 0 0.00436967445925279 0.00299688324142891 0.010315659170621 0 0.00573493146756896 0
"обвинений" 0 0 0 0 0.0131090233777584 0 0 0.00234351198706381 0.00382328764504597 0
"обещаниями" 0 0 0.00863632438034373 0 0 0 0 0.00468702397412763 0.00573493146756896 0
"областями" 0 0.0168785866996737 0 0 0 0 0 0.00468702397412763 0.00191164382252299 0
"обман" 0.00977278279990227 0.00562619556655789 0 0 0 0.00299688324142891 0 0 0 0.0195924764890282
"обмануть" 0 0 0 0.0143297270187003 0 0.00599376648285783 0 0 0.00382328764504597 0
"обмена" 0 0 0 0 0 0.0179812994485735 0 0 0 0
"обнаружили" 0 0.00562619556655789 0 0 0 0 0 0.00703053596119144 0.00382328764504597 0
"образованных" 0 0.00562619556655789 0 0 0.00436967445925279 0.00299688324142891 0 0.00468702397412763 0.00191164382252299 0
"обратно" 0.00488639139995114 0 0 0 0 0 0 0.00937404794825526 0.00191164382252299 0
"обращать" 0 0 0.0172726487606875 0 0 0 0 0.00468702397412763 0.00382328764504597 0
"обращено" 0 0 0.00863632438034373 0 0.00436967445925279 0 0.010315659170621 0.00234351198706381 0.00382328764504597 0
"обращены" 0 0 0.0259089731410312 0 0 0 0 0.00468702397412763 0.00191164382252299 0
"обряд" 0 0 0.00863632438034373 0 0 0 0 0.00468702397412763 0.00573493146756896 0
"обстоятельствами" 0 0 0 0 0 0.00299688324142891 0 0.00937404794825526 0.00191164382252299 0
"общая" 0.00977278279990227 0 0 0.00716486350935015 0 0.00299688324142891 0 0.00234351198706381 0.00191164382252299 0
"общественность" 0 0.0112523911331158 0 0.0286594540374006 0 0 0 0 0 0
"общечеловеческой" 0.0293183483997068 0 0 0 0 0 0 0 0 0
"общинах" 0 0.0225047822662316 0 0 0.00436967445925279 0 0 0.00234351198706381 0 0
"объеме" 0 0 0 0.00716486350935015 0 0 0 0.0117175599353191 0 0
"обычаю" 0 0 0.00863632438034373 0 0 0 0 0.00234351198706381 0.00764657529009195 0
"обязанностях" 0 0 0 0.00716486350935015 0.00873934891850557 0.00599376648285783 0 0 0.00191164382252299 0
"огонь" 0 0 0.00863632438034373 0 0 0.00899064972428674 0 0 0.00191164382252299 0.00979623824451411
"ограничения" 0.00977278279990227 0 0 0.00716486350935015 0.00436967445925279 0.00299688324142891 0 0 0.00191164382252299 0
"ограниченной" 0 0.00562619556655789 0.00863632438034373 0.0143297270187003 0 0 0 0.00468702397412763 0 0
"ограничивается" 0.00977278279990227 0.00562619556655789 0 0.00716486350935015 0.00873934891850557 0 0 0 0 0
"одаренный" 0 0.0112523911331158 0 0 0.00436967445925279 0 0 0.00234351198706381 0.00191164382252299 0.00979623824451411
"одинаково" 0 0.00562619556655789 0.0172726487606875 0.00716486350935015 0 0 0 0.00234351198706381 0.00191164382252299 0
"одинаковое" 0 0.0112523911331158 0.00863632438034373 0 0.00436967445925279 0.00299688324142891 0 0 0.00191164382252299 0
"ожидали" 0.00488639139995114 0 0 0 0.00873934891850557 0.00599376648285783 0 0.00234351198706381 0 0
"оканчивались" 0 0.00562619556655789 0 0 0 0 0 0.0117175599353191 0 0
"окончательное" 0 0.0112523911331158 0 0 0 0 0 0 0.00573493146756896 0.00979623824451411
"опасного" 0.00488639139995114 0 0 0 0 0 0 0 0.00955821911261494 0
"описание" 0 0 0 0 0.00436967445925279 0.00599376648285783 0.010315659170621 0.00234351198706381 0.00191164382252299 0
"оправдывает" 0.00488639139995114 0 0 0 0.00436967445925279 0 0 0.00468702397412763 0.00382328764504597 0
"опровержение" 0 0 0 0.00716486350935015 0.00436967445925279 0.00899064972428674 0 0.00234351198706381 0 0
"опустошали" 0 0.0112523911331158 0.0259089731410312 0 0 0 0 0 0.00191164382252299 0
"оружия" 0 0 0.00863632438034373 0 0.00436967445925279 0 0 0.00468702397412763 0.00382328764504597 0
"осаду" 0 0 0 0 0 0 0 0.00234351198706381 0.00955821911261494 0
"освободиться" 0 0 0.0172726487606875 0 0 0.00299688324142891 0 0.00234351198706381 0.00382328764504597 0
"освобождение" 0 0 0.00863632438034373 0 0 0.00599376648285783 0 0.00703053596119144 0 0
"оскорбил" 0 0 0.00863632438034373 0 0 0 0 0.00234351198706381 0.00764657529009195 0
"основ" 0.0195455655998045 0 0 0.00716486350935015 0 0 0 0.00234351198706381 0 0
"основного" 0 0 0 0.0358243175467507 0.00436967445925279 0 0 0 0 0
"основной" 0.00977278279990227 0 0 0.00716486350935015 0.00436967445925279 0.00299688324142891 0 0.00234351198706381 0 0
"основываясь" 0 0.0112523911331158 0 0 0 0 0.010315659170621 0 0.00382328764504597 0.00979623824451411
"особе" 0 0 0 0 0 0.0119875329657157 0 0.00468702397412763 0 0
"особенным" 0 0 0 0 0 0.00599376648285783 0.010315659170621 0.00234351198706381 0.00382328764504597 0
"особенных" 0 0 0.00863632438034373 0 0 0.00599376648285783 0 0.00468702397412763 0.00191164382252299 0
"оставила" 0 0.00562619556655789 0 0 0 0 0 0.00468702397412763 0.00191164382252299 0.0195924764890282
"оставили" 0 0.00562619556655789 0 0.00716486350935015 0 0 0 0.00468702397412763 0 0.0195924764890282
"оставило" 0 0 0 0 0 0.00299688324142891 0 0.00703053596119144 0.00191164382252299 0.00979623824451411
"оставлял" 0 0 0 0 0 0.00299688324142891 0 0.00703053596119144 0.00382328764504597 0
"остановить" 0 0 0 0.0143297270187003 0 0.00299688324142891 0 0.00468702397412763 0.00191164382252299 0
"остатками" 0 0.00562619556655789 0 0.00716486350935015 0.00436967445925279 0.00299688324142891 0 0.00234351198706381 0.00191164382252299 0
"отвергать" 0 0.00562619556655789 0 0 0.0174786978370111 0 0 0 0.00191164382252299 0
"отвечает" 0 0.00562619556655789 0.00863632438034373 0 0.00873934891850557 0.00299688324142891 0 0.00234351198706381 0 0
"отвечали" 0.00488639139995114 0 0 0 0 0 0.010315659170621 0 0.00573493146756896 0.00979623824451411
"отвлеченных" 0 0 0 0.0286594540374006 0.00436967445925279 0 0.010315659170621 0 0 0
"отдает" 0 0.00562619556655789 0 0 0 0.00599376648285783 0 0.00468702397412763 0.00191164382252299 0
"отдела" 0 0 0 0 0 0.00899064972428674 0.010315659170621 0.00468702397412763 0 0
"отечестве" 0.00977278279990227 0.00562619556655789 0.0172726487606875 0.00716486350935015 0 0 0 0 0 0
"отказать" 0 0 0 0 0 0 0 0.00703053596119144 0.00573493146756896 0
"открывает" 0 0.00562619556655789 0 0 0.00873934891850557 0.00599376648285783 0.010315659170621 0 0 0
"отличительный" 0 0 0 0.0214945905280504 0.00436967445925279 0 0 0.00468702397412763 0 0
"отрекся" 0.00488639139995114 0 0 0 0.00436967445925279 0 0 0.00468702397412763 0.00382328764504597 0
"отречение" 0.0195455655998045 0 0 0 0.00436967445925279 0 0 0 0 0.00979623824451411
"отрицательное" 0 0 0 0.00716486350935015 0.0218483722962639 0 0 0 0 0
"отсутствии" 0 0.0112523911331158 0 0.00716486350935015 0.0131090233777584 0 0 0 0 0
"отцу" 0 0.00562619556655789 0 0 0 0 0 0.00468702397412763 0.00573493146756896 0
"отцы" 0 0.00562619556655789 0 0.00716486350935015 0 0.00299688324142891 0.020631318341242 0.00234351198706381 0 0
"отыскивать" 0.00488639139995114 0 0.00863632438034373 0.00716486350935015 0.00436967445925279 0.00599376648285783 0 0 0 0
"ошибочно" 0.00977278279990227 0.00562619556655789 0 0 0.00436967445925279 0 0 0.00234351198706381 0 0.00979623824451411
"падали" 0 0.00562619556655789 0 0 0.00436967445925279 0 0 0.00703053596119144 0.00191164382252299 0
"падением" 0.00977278279990227 0 0.00863632438034373 0 0 0 0 0.00468702397412763 0.00191164382252299 0
"памятник" 0 0 0.00863632438034373 0 0 0 0 0.0117175599353191 0 0
"папу" 0 0 0 0 0 0 0 0 0.00955821911261494 0.00979623824451411
"парижская" 0 0 0 0.00716486350935015 0 0.0119875329657157 0 0.00234351198706381 0 0
"парижских" 0 0 0 0 0 0.00899064972428674 0 0.00234351198706381 0.00382328764504597 0
"парижского" 0 0 0 0 0 0.00299688324142891 0 0.00468702397412763 0.00573493146756896 0
"парижской" 0 0 0 0 0 0.00899064972428674 0.010315659170621 0.00234351198706381 0.00191164382252299 0
"парламенту" 0 0 0 0 0 0 0 0.00703053596119144 0.00573493146756896 0
"первобытной" 0 0 0 0.0143297270187003 0.00436967445925279 0.00299688324142891 0.010315659170621 0.00234351198706381 0 0
"первоначальной" 0 0.00562619556655789 0.0172726487606875 0.0143297270187003 0 0.00299688324142891 0 0 0 0
"переговоры" 0 0 0 0 0 0 0 0.00234351198706381 0.00955821911261494 0
"перейдем" 0.00488639139995114 0 0 0 0 0.00299688324142891 0.010315659170621 0.00234351198706381 0.00382328764504597 0
"перемирие" 0 0 0.00863632438034373 0 0 0 0 0.00234351198706381 0.00764657529009195 0
"перестать" 0.00977278279990227 0 0 0 0.0174786978370111 0 0 0 0 0
"переходить" 0 0.0112523911331158 0.00863632438034373 0 0 0 0 0.00234351198706381 0.00382328764504597 0
"переходя" 0 0.00562619556655789 0 0.00716486350935015 0.00436967445925279 0 0 0.00234351198706381 0.00191164382252299 0.00979623824451411
"песен" 0 0 0.00863632438034373 0.0143297270187003 0 0 0 0 0.00382328764504597 0.00979623824451411
"петербурге" 0.0146591741998534 0 0 0 0.00436967445925279 0.00599376648285783 0 0 0 0
"пико" 0 0 0 0 0 0 0 0.0140610719223829 0 0
"писатель" 0 0 0 0 0 0.00599376648285783 0.030946977511863 0.00234351198706381 0 0
"плана" 0 0 0 0.00716486350935015 0.00436967445925279 0.00599376648285783 0 0.00234351198706381 0.00191164382252299 0
"платили" 0 0 0.00863632438034373 0 0 0 0 0.0117175599353191 0 0
"племенем" 0.00977278279990227 0.00562619556655789 0 0 0.00873934891850557 0 0 0.00234351198706381 0 0
"племенные" 0 0.0112523911331158 0 0.0286594540374006 0 0 0 0 0 0
"плохой" 0 0 0 0 0.00873934891850557 0.00299688324142891 0 0.00234351198706381 0.00382328764504597 0
"побед" 0 0 0.0172726487606875 0 0 0.00599376648285783 0 0 0.00382328764504597 0
"победами" 0 0 0.0259089731410312 0 0 0 0 0.00234351198706381 0.00382328764504597 0
"побуждений" 0 0 0 0.00716486350935015 0.00873934891850557 0.00299688324142891 0 0 0.00382328764504597 0
"повторяется" 0 0.0112523911331158 0 0 0.0131090233777584 0 0 0 0 0.00979623824451411
"погибло" 0 0 0.00863632438034373 0 0 0 0 0.00234351198706381 0.00764657529009195 0
"подвергся" 0 0 0 0 0 0 0 0.00234351198706381 0.00955821911261494 0
"подданные" 0.00488639139995114 0 0.00863632438034373 0 0 0 0 0 0.00764657529009195 0
"поддерживал" 0 0 0 0 0 0 0 0.00468702397412763 0.00764657529009195 0
"подлиннике" 0 0 0 0 0 0 0 0.00703053596119144 0.00573493146756896 0
"поднялись" 0 0 0 0 0 0 0 0.00703053596119144 0.00573493146756896 0
"позволил" 0 0 0 0 0 0 0 0.00703053596119144 0.00573493146756896 0
"позднее" 0.00488639139995114 0 0 0 0.0174786978370111 0 0 0.00234351198706381 0 0
"поймете" 0 0 0 0 0 0.0119875329657157 0.010315659170621 0.00234351198706381 0 0
"показали" 0.00488639139995114 0 0 0 0 0 0 0.00703053596119144 0.00382328764504597 0
"покаяние" 0 0 0.0259089731410312 0 0 0 0 0 0.00573493146756896 0
"покойного" 0.00977278279990227 0 0 0 0 0.00299688324142891 0 0.00234351198706381 0.00382328764504597 0
"полагает" 0.00977278279990227 0 0 0 0.0174786978370111 0 0 0 0 0
"полководец" 0 0 0 0 0 0 0 0 0.0114698629351379 0
"положим" 0.00977278279990227 0 0 0 0.0174786978370111 0 0 0 0 0
"положительной" 0.00977278279990227 0 0 0 0.00436967445925279 0.00299688324142891 0 0 0.00191164382252299 0.00979623824451411
"полуострова" 0 0 0 0 0 0 0 0.0117175599353191 0.00191164382252299 0
"полуострове" 0 0 0 0 0 0 0 0.00937404794825526 0.00382328764504597 0
"польшу" 0 0 0.0172726487606875 0 0 0 0 0.00234351198706381 0.00573493146756896 0
"помимо" 0 0.00562619556655789 0 0.00716486350935015 0 0.00299688324142891 0 0.00234351198706381 0.00382328764504597 0
"понимаете" 0 0 0 0 0 0.0179812994485735 0 0 0 0
"понимая" 0 0 0.00863632438034373 0 0.00436967445925279 0.00299688324142891 0.020631318341242 0.00234351198706381 0 0
"понятием" 0 0.00562619556655789 0 0.0214945905280504 0.00436967445925279 0.00299688324142891 0 0 0 0
"поражение" 0 0 0 0 0 0 0 0.00703053596119144 0.00573493146756896 0
"породить" 0.00488639139995114 0.00562619556655789 0 0.0143297270187003 0 0.00599376648285783 0 0 0 0
"поручил" 0 0.00562619556655789 0.00863632438034373 0 0 0 0 0.00468702397412763 0.00382328764504597 0
"поселений" 0 0.0281309778327895 0 0 0 0 0 0.00234351198706381 0 0
"последнему" 0 0 0 0 0 0.00599376648285783 0 0 0.00764657529009195 0
"последовательности" 0.00977278279990227 0.00562619556655789 0 0 0 0.00299688324142891 0 0 0.00191164382252299 0.00979623824451411
"последующие" 0 0 0 0 0.00873934891850557 0 0 0.00234351198706381 0.00573493146756896 0
"поспешил" 0 0 0 0 0 0 0 0.00703053596119144 0.00573493146756896 0
"поставив" 0.00977278279990227 0 0 0.00716486350935015 0.00436967445925279 0.00299688324142891 0 0 0 0.00979623824451411
"постепенное" 0 0.0225047822662316 0 0 0 0.00299688324142891 0 0.00234351198706381 0 0
"постепенном" 0.00488639139995114 0.0168785866996737 0 0 0.00873934891850557 0 0 0 0 0
"постигла" 0 0 0 0 0 0.00299688324142891 0 0.00234351198706381 0.00764657529009195 0
"постоянного" 0 0.0112523911331158 0 0.00716486350935015 0.00436967445925279 0 0 0.00234351198706381 0 0.00979623824451411
"поступков" 0 0 0 0 0 0 0 0 0.0114698629351379 0
"похода" 0 0 0 0 0 0 0 0.00703053596119144 0.00573493146756896 0
"почвы" 0 0.0112523911331158 0 0 0.00436967445925279 0 0 0.00703053596119144 0 0
"почетное" 0.00488639139995114 0 0 0 0 0.00299688324142891 0 0.00468702397412763 0.00382328764504597 0
"почувствовали" 0 0.0225047822662316 0 0 0.00873934891850557 0 0 0 0 0
"пошли" 0 0.00562619556655789 0 0 0.00436967445925279 0.00299688324142891 0 0.00234351198706381 0.00382328764504597 0
"поэтический" 0 0 0 0 0.00436967445925279 0.00299688324142891 0.020631318341242 0.00468702397412763 0 0
"поэтом" 0 0 0 0 0 0.00299688324142891 0.030946977511863 0 0 0.0195924764890282
"появления" 0 0.0112523911331158 0 0 0.00436967445925279 0.00899064972428674 0 0 0 0
"правде" 0.00977278279990227 0 0 0 0 0.0119875329657157 0 0 0 0
"правду" 0 0.00562619556655789 0 0.00716486350935015 0.00436967445925279 0.00299688324142891 0 0.00468702397412763 0 0
"правильное" 0.00977278279990227 0.00562619556655789 0 0.00716486350935015 0 0 0 0.00234351198706381 0.00191164382252299 0
"правильному" 0 0.00562619556655789 0 0 0.0174786978370111 0 0 0 0.00191164382252299 0
"практический" 0 0.00562619556655789 0 0 0.00436967445925279 0 0.020631318341242 0.00234351198706381 0 0.00979623824451411
"практических" 0 0 0 0 0 0 0 0.00468702397412763 0.00191164382252299 0.0293887147335423
"превосходный" 0 0 0 0 0 0.00599376648285783 0.020631318341242 0 0.00382328764504597 0
"предается" 0 0.00562619556655789 0 0 0.0131090233777584 0.00599376648285783 0 0 0 0
"предан" 0 0 0 0 0 0 0 0 0.0114698629351379 0
"преданий" 0 0 0.00863632438034373 0 0 0 0 0.00703053596119144 0.00191164382252299 0.00979623824451411
"преданиям" 0.00488639139995114 0 0 0 0 0.00599376648285783 0 0.00234351198706381 0 0.0195924764890282
"преданиями" 0 0.00562619556655789 0 0 0 0.00299688324142891 0.010315659170621 0.00468702397412763 0.00191164382252299 0
"предвидеть" 0.00488639139995114 0 0 0.00716486350935015 0.00436967445925279 0.00299688324142891 0 0.00234351198706381 0 0.00979623824451411
"предводительством" 0 0.00562619556655789 0.00863632438034373 0 0 0 0 0.00703053596119144 0.00191164382252299 0
"предков" 0 0.0225047822662316 0.00863632438034373 0.00716486350935015 0 0 0 0 0 0
"предметах" 0 0 0 0.0143297270187003 0 0.00299688324142891 0.020631318341242 0 0 0.00979623824451411
"предположения" 0 0 0 0.0143297270187003 0.00436967445925279 0.00599376648285783 0 0.00234351198706381 0 0
"предприятия" 0 0 0 0 0 0.00899064972428674 0 0.00468702397412763 0.00191164382252299 0
"представлений" 0.00488639139995114 0 0 0 0 0.00899064972428674 0 0.00234351198706381 0.00191164382252299 0
"преемника" 0 0 0 0 0 0 0.010315659170621 0.00234351198706381 0.00764657529009195 0
"прежнем" 0 0.0225047822662316 0 0.00716486350935015 0.00436967445925279 0 0 0 0 0
"прежнюю" 0 0.00562619556655789 0 0.00716486350935015 0 0 0 0.00703053596119144 0.00191164382252299 0
"прекрасного" 0 0 0.00863632438034373 0 0 0.00599376648285783 0.020631318341242 0.00234351198706381 0 0
"прекрасные" 0 0.00562619556655789 0 0 0.0131090233777584 0 0.020631318341242 0 0 0
"прекрасных" 0 0 0.0259089731410312 0 0 0.00599376648285783 0.010315659170621 0 0 0
"препятствий" 0.00488639139995114 0 0 0.0143297270187003 0 0 0 0.00703053596119144 0 0
"препятствия" 0 0 0.00863632438034373 0 0 0 0 0.00234351198706381 0.00764657529009195 0
"престолом" 0 0 0 0 0 0.00299688324142891 0 0.00468702397412763 0.00573493146756896 0
"преувеличения" 0 0 0 0 0.00436967445925279 0.00299688324142891 0 0.00703053596119144 0.00191164382252299 0
"прибегать" 0 0.00562619556655789 0 0 0.00436967445925279 0 0 0.00234351198706381 0.00573493146756896 0
"приверженцы" 0 0 0 0 0 0 0 0.00703053596119144 0.00573493146756896 0
"приводит" 0 0.0112523911331158 0 0 0.00436967445925279 0.00299688324142891 0.010315659170621 0.00234351198706381 0 0
"привыкли" 0.00488639139995114 0 0 0 0 0 0 0.00937404794825526 0.00191164382252299 0
"придать" 0 0.00562619556655789 0 0.00716486350935015 0 0.00899064972428674 0 0.00234351198706381 0 0
"признавать" 0.0195455655998045 0.00562619556655789 0 0 0.00436967445925279 0 0 0 0 0
"признаками" 0 0 0 0 0 0.0149844162071446 0 0 0.00191164382252299 0
"признаться" 0.00488639139995114 0 0.0172726487606875 0.00716486350935015 0.00436967445925279 0.00299688324142891 0 0 0 0
"признают" 0.0195455655998045 0 0 0 0 0 0 0 0.00191164382252299 0.00979623824451411
"призывал" 0 0 0.00863632438034373 0 0 0.00299688324142891 0 0.00703053596119144 0.00191164382252299 0
"прилично" 0 0 0 0 0 0.00599376648285783 0 0.00468702397412763 0.00382328764504597 0
"примерами" 0 0 0.0172726487606875 0 0.00436967445925279 0.00299688324142891 0 0 0.00382328764504597 0
"примеру" 0 0 0.00863632438034373 0 0 0 0 0.00234351198706381 0.00573493146756896 0.00979623824451411
"принадлежавшие" 0 0.0112523911331158 0 0 0.00436967445925279 0 0 0.00703053596119144 0 0
"принадлежащих" 0 0.00562619556655789 0 0.00716486350935015 0.00436967445925279 0.00299688324142891 0 0 0.00382328764504597 0
"принадлежностью" 0 0.00562619556655789 0.00863632438034373 0 0.00873934891850557 0 0 0.00468702397412763 0 0
"приобретение" 0 0 0 0 0 0.00599376648285783 0.020631318341242 0.00234351198706381 0.00191164382252299 0
"приступить" 0.00977278279990227 0 0.00863632438034373 0 0 0.00299688324142891 0 0.00234351198706381 0.00191164382252299 0
"присяги" 0 0 0.0259089731410312 0 0 0 0 0 0.00573493146756896 0
"присяжных" 0.00488639139995114 0.00562619556655789 0.0172726487606875 0 0 0.00599376648285783 0 0 0 0
"приходилось" 0.00488639139995114 0 0 0 0.00436967445925279 0 0 0 0.00764657529009195 0
"причиной" 0.00977278279990227 0.00562619556655789 0 0 0 0.00299688324142891 0 0 0.00382328764504597 0
"пришел" 0.0146591741998534 0 0 0 0 0 0 0.00234351198706381 0.00382328764504597 0
"прогрессисты" 0.0293183483997068 0 0 0 0 0 0 0 0 0
"произведением" 0 0 0 0 0 0.00599376648285783 0.030946977511863 0.00234351198706381 0 0
"производили" 0.00488639139995114 0.00562619556655789 0 0 0 0.00299688324142891 0 0.00234351198706381 0.00382328764504597 0
"произвол" 0 0.0112523911331158 0 0.0143297270187003 0.00436967445925279 0 0 0 0.00191164382252299 0
"произволу" 0 0.00562619556655789 0 0.00716486350935015 0.00436967445925279 0 0 0.00703053596119144 0 0
"промежуток" 0 0 0 0 0 0.00299688324142891 0 0 0.00573493146756896 0.0195924764890282
"просвещению" 0 0 0.00863632438034373 0.0286594540374006 0 0 0 0 0.00191164382252299 0
"просить" 0 0 0 0 0.00436967445925279 0.00599376648285783 0 0.00468702397412763 0.00191164382252299 0
"простом" 0 0.0168785866996737 0 0 0.00436967445925279 0 0.010315659170621 0.00234351198706381 0 0
"протест" 0.00488639139995114 0 0.00863632438034373 0 0 0 0 0 0.00764657529009195 0
"противное" 0.00488639139995114 0 0 0.0143297270187003 0.00436967445925279 0.00299688324142891 0 0 0.00191164382252299 0
"противоположный" 0 0.00562619556655789 0 0 0.0131090233777584 0 0 0 0 0.0195924764890282
"противоположных" 0.00488639139995114 0.0112523911331158 0 0.00716486350935015 0 0.00299688324142891 0 0 0.00191164382252299 0
"противоречит" 0.00977278279990227 0 0 0 0.00873934891850557 0 0 0.00468702397412763 0 0
"профессора" 0 0 0 0 0 0.00899064972428674 0 0.00468702397412763 0.00191164382252299 0
"профессоров" 0 0 0 0 0 0.00899064972428674 0 0.00468702397412763 0.00191164382252299 0
"прочли" 0 0 0 0 0.0174786978370111 0 0.010315659170621 0.00234351198706381 0 0
"прошедшим" 0 0.0112523911331158 0 0 0.00436967445925279 0.00299688324142891 0 0.00234351198706381 0 0.00979623824451411
"прошли" 0.00488639139995114 0 0.00863632438034373 0 0 0 0 0.00703053596119144 0.00191164382252299 0
"прошлый" 0 0 0 0 0 0.00299688324142891 0.051578295853105 0 0 0
"проще" 0.00977278279990227 0.00562619556655789 0 0 0.00436967445925279 0.00299688324142891 0 0.00234351198706381 0 0
"прямой" 0.00977278279990227 0 0.00863632438034373 0.00716486350935015 0.00436967445925279 0 0 0 0 0.00979623824451411
"пытались" 0 0.00562619556655789 0 0 0.00436967445925279 0 0 0.00234351198706381 0.00573493146756896 0
"пытка" 0 0.00562619556655789 0.0259089731410312 0 0 0 0 0 0.00382328764504597 0
"пьес" 0 0 0 0 0 0.0149844162071446 0.010315659170621 0 0 0
"пьесе" 0 0 0 0 0 0.0179812994485735 0 0 0 0
"пьесу" 0 0 0 0 0 0.0149844162071446 0 0 0.00191164382252299 0
"раба" 0 0.00562619556655789 0 0 0.00436967445925279 0 0 0.00937404794825526 0 0
"рабочий" 0.0244319569997557 0 0 0 0 0.00299688324142891 0 0 0 0
"равнодушие" 0.00977278279990227 0.00562619556655789 0 0 0.00436967445925279 0 0 0 0.00382328764504597 0
"равным" 0 0 0 0 0 0 0 0.0117175599353191 0.00191164382252299 0
"равными" 0 0.00562619556655789 0.00863632438034373 0 0 0 0 0.00703053596119144 0.00191164382252299 0
"разбита" 0 0 0 0 0 0.00299688324142891 0.010315659170621 0.00468702397412763 0.00382328764504597 0
"развалины" 0 0.00562619556655789 0.00863632438034373 0 0 0.00299688324142891 0 0.00234351198706381 0 0.0195924764890282
"развивалось" 0 0.0112523911331158 0 0.00716486350935015 0.00436967445925279 0 0 0.00468702397412763 0 0
"раздоров" 0 0.00562619556655789 0 0 0 0 0 0.00234351198706381 0.00764657529009195 0
"различны" 0 0.0112523911331158 0 0 0.00436967445925279 0.00599376648285783 0 0.00234351198706381 0 0
"разница" 0.00488639139995114 0.00562619556655789 0 0 0.00436967445925279 0.00599376648285783 0.010315659170621 0 0 0
"разнородных" 0 0 0 0.00716486350935015 0.00436967445925279 0.00899064972428674 0 0.00234351198706381 0 0
"разным" 0 0 0 0 0 0.00599376648285783 0.020631318341242 0.00234351198706381 0 0.00979623824451411
"разумное" 0 0.0168785866996737 0 0.00716486350935015 0.00873934891850557 0 0 0 0 0
"ранее" 0.00488639139995114 0.00562619556655789 0.00863632438034373 0 0 0.00299688324142891 0 0.00468702397412763 0 0
"распространению" 0 0 0.00863632438034373 0.00716486350935015 0 0 0 0 0.00573493146756896 0.00979623824451411
"рассказывает" 0 0 0 0 0 0.00299688324142891 0 0.00234351198706381 0.00573493146756896 0.00979623824451411
"рассудочность" 0 0 0 0.0429891810561009 0 0 0 0 0 0
"расчет" 0.00488639139995114 0 0 0 0 0.00599376648285783 0.010315659170621 0 0.00382328764504597 0
"расчетов" 0 0.00562619556655789 0 0.00716486350935015 0 0 0 0.00234351198706381 0.00573493146756896 0
"ребенка" 0 0 0 0 0 0.0149844162071446 0 0 0.00191164382252299 0
"ревностно" 0 0.0168785866996737 0 0 0.00436967445925279 0 0 0 0.00382328764504597 0
"ревностный" 0 0 0 0 0 0 0 0.00234351198706381 0.00955821911261494 0
"редактор" 0 0 0 0 0.0218483722962639 0 0.010315659170621 0 0 0
"резкую" 0 0.00562619556655789 0 0 0.00436967445925279 0.00599376648285783 0 0.00234351198706381 0.00191164382252299 0
"реки" 0 0 0.0172726487606875 0 0 0.00899064972428674 0 0.00234351198706381 0 0
"религиозная" 0 0 0 0 0 0.00599376648285783 0 0 0.00764657529009195 0
"религиозно" 0.0195455655998045 0 0 0 0 0.00599376648285783 0 0 0 0
"религиозную" 0 0 0 0.00716486350935015 0 0.00299688324142891 0 0.00234351198706381 0.00573493146756896 0
"религию" 0 0 0 0 0 0 0 0.00937404794825526 0.00382328764504597 0
"решать" 0.00488639139995114 0.00562619556655789 0 0 0 0 0 0.00468702397412763 0.00382328764504597 0
"решений" 0 0 0.00863632438034373 0 0 0 0 0 0.00955821911261494 0
"решительным" 0 0.00562619556655789 0 0.00716486350935015 0 0.00299688324142891 0 0.00234351198706381 0.00382328764504597 0
"решить" 0 0.0112523911331158 0 0 0 0 0 0 0.00764657529009195 0
"риму" 0 0 0.00863632438034373 0 0 0.00299688324142891 0 0.00468702397412763 0.00382328764504597 0
"родины" 0 0 0 0 0 0 0 0.00703053596119144 0.00382328764504597 0.00979623824451411
"родовой" 0 0.0337571733993474 0 0 0 0 0 0 0 0
"родственного" 0 0.0168785866996737 0 0 0.0131090233777584 0 0 0 0 0
"романтические" 0 0 0 0 0 0 0.010315659170621 0 0.00382328764504597 0.0293887147335423
"роскошь" 0.00488639139995114 0 0 0.0214945905280504 0.00873934891850557 0 0 0 0 0
"рыцарем" 0 0 0 0 0 0 0.010315659170621 0.00937404794825526 0.00191164382252299 0
"самою" 0 0 0 0.0214945905280504 0 0.00599376648285783 0.010315659170621 0 0 0
"сана" 0 0.00562619556655789 0.00863632438034373 0 0 0.00299688324142891 0.010315659170621 0.00234351198706381 0.00191164382252299 0
"сатиры" 0 0 0 0 0 0 0 0.00468702397412763 0.00764657529009195 0
"сведения" 0 0 0 0 0 0 0 0.00703053596119144 0.00573493146756896 0
"свидетельство" 0.0146591741998534 0 0 0 0 0.00299688324142891 0 0 0 0.0195924764890282
"свидетельствует" 0.00977278279990227 0 0 0 0.00436967445925279 0.00299688324142891 0.010315659170621 0.00234351198706381 0 0
"свободе" 0.00488639139995114 0 0 0 0 0.00299688324142891 0 0.00234351198706381 0.00573493146756896 0
"свободный" 0.00977278279990227 0 0.00863632438034373 0.00716486350935015 0 0 0 0.00468702397412763 0 0
"своя" 0 0 0 0 0.00436967445925279 0 0.010315659170621 0.00703053596119144 0 0.00979623824451411
"связанные" 0.00488639139995114 0.0168785866996737 0 0.00716486350935015 0 0 0 0.00234351198706381 0 0
"святое" 0 0.00562619556655789 0.00863632438034373 0.0143297270187003 0.00436967445925279 0 0 0 0.00191164382252299 0
"святость" 0 0 0.0259089731410312 0.0143297270187003 0 0 0 0 0.00191164382252299 0
"сеймы" 0 0 0 0 0.00436967445925279 0 0 0.00234351198706381 0.00764657529009195 0
"сельского" 0.0146591741998534 0 0 0 0 0 0.020631318341242 0.00234351198706381 0 0
"семейственный" 0 0.0225047822662316 0 0 0.00873934891850557 0 0 0 0 0
"семейственным" 0 0.0281309778327895 0 0 0.00436967445925279 0 0 0 0 0
"семитической" 0.0293183483997068 0 0 0 0 0 0 0 0 0
"сестре" 0 0 0 0 0 0.00599376648285783 0 0 0.00764657529009195 0
"сильными" 0 0 0.00863632438034373 0 0.00436967445925279 0.00899064972428674 0 0.00234351198706381 0 0
"систем" 0 0.00562619556655789 0 0.0214945905280504 0 0.00299688324142891 0 0 0.00191164382252299 0
"слабых" 0 0.00562619556655789 0 0 0 0.00299688324142891 0 0.00937404794825526 0 0
"славой" 0 0 0 0 0 0.00599376648285783 0 0.00703053596119144 0.00191164382252299 0
"славянофилы" 0 0 0 0 0.0262180467555167 0 0 0 0 0
"славянские" 0 0.00562619556655789 0.00863632438034373 0 0.00436967445925279 0 0 0.00703053596119144 0 0
"славянский" 0 0.0225047822662316 0.00863632438034373 0 0 0.00299688324142891 0 0 0 0
"следов" 0.00488639139995114 0.00562619556655789 0 0.0214945905280504 0 0 0 0.00234351198706381 0 0
"следовать" 0.00488639139995114 0 0 0 0.00436967445925279 0.00899064972428674 0 0.00234351198706381 0 0
"следующая" 0 0 0 0 0 0.00299688324142891 0 0 0.00764657529009195 0.00979623824451411
"следующих" 0.00488639139995114 0 0 0 0 0 0 0.00468702397412763 0.00573493146756896 0
