"Ан3_part1" "Х4_part1" "Х4_part2" "Я4_part1" "Я4_part2" "Я5_part1" "Я5_part2" "Я6_part1" "Я6_part2"
"и" 4.26485081981901 3.60238002845686 3.65127875180955 4.87745944080083 3.31584297134694 4.42690639209742 5.06648424473043 4.84653517561439 4.47064811672888
"в" 2.42809784069528 3.09145000646747 2.49852554822798 2.47497411114946 2.15378698387407 2.49830136413526 2.47979819573304 2.59993671553634 2.73583305055989
"не" 2.67001164770182 1.60393222092873 2.32159133558522 1.67069382119434 2.48619543419137 1.92337845607066 2.58241053486682 1.66121717118447 1.79419748897184
"я" 1.48732192455873 1.34523347561764 1.20636963165514 1.51881256472213 1.6565478970358 1.48957298907646 2.31305314464064 1.46081636958127 1.27672209026128
"с" 1.11101155810411 1.28055878928987 1.31360248780226 1.12530203658958 1.56589104694926 1.28573668530811 1.05605199025183 1.09165699820694 1.26823888700373
"на" 1.44252307140937 1.28702625792265 1.37794220149054 1.13910942354159 1.05491607373424 1.16552553180369 1.10308264568814 1.30260521042084 1.02646759416356
"как" 0.851178209837828 0.937782951752684 1.0401587046271 0.586813945460822 1.14007856927008 0.987822087492813 1.01757236307666 0.590654994198924 0.907702748557855
"ты" 1.05725293432488 0.911913077221575 0.723821778993084 0.956161546427339 0.664816900634598 0.93555636857785 0.961990679379195 1.18130998839785 0.848320325755005
"что" 1.07517247558463 0.724356486871039 0.997265562168248 0.497065930272696 1.02744430098074 0.70558720535201 0.910684509812305 0.448264950954541 0.87801153715643
"он" 0.671982797240391 0.911913077221575 1.22781620288456 0.683465654124957 0.549435455069916 0.857157790205404 1.03894993372953 0.743592448054003 0.576857821513403
"но" 0.913896604246931 0.472125210192731 0.439654710203206 0.807732136693131 0.442295541331282 0.893743793445879 1.094531617427 0.580107583588229 0.788937902952155
"а" 0.779500044798853 0.336308368904411 0.632673851268029 0.348636520538488 1.29941485124035 0.339727172947264 0.389071785882252 0.242590444045987 0.517475398710553
"мне" 0.232954036376669 0.523864959254948 0.396761567744357 0.566102865032793 0.277464904810307 0.63241519887106 0.500235153277182 0.580107583588229 0.453851374278928
"о" 0.403189678344234 0.297503557107748 0.235912283523672 0.393510528132551 0.282959259361007 0.721266921026499 0.50878618153833 0.611749815420314 0.678656260604004
"к" 0.403189678344234 0.51739749062217 0.600503994423891 0.345184673800483 0.381857641273591 0.449485182668688 0.45748001197144 0.432443835038498 0.483542585680353
"за" 0.5734253203118 0.504462553356616 0.536164280735617 0.358992060752503 0.469767314084778 0.365860032404746 0.329214588054213 0.369159371374328 0.381744146589752
"то" 0.564465549681928 0.420385461130514 0.638035494075385 0.203658957542285 0.623609241504354 0.324047457272775 0.444653469579717 0.205674506908554 0.339328130302002
"по" 0.439028760863722 0.303971025740525 0.541525923542974 0.217466344494304 0.689541496112744 0.182930016202373 0.256530847834452 0.258411559962029 0.352052935188327
"так" 0.403189678344234 0.323373431638857 0.514717709506193 0.245081118398343 0.552182632345265 0.277008310249307 0.448928983710291 0.158211159160426 0.330844927044452
"его" 0.259833348266284 0.27163368257664 0.353868425285507 0.372799447704522 0.291200791187055 0.428578895102702 0.542990294582924 0.284780086488767 0.284187309127927
"где" 0.2867126601559 0.336308368904411 0.225188997908959 0.341732827062478 0.19504958654982 0.480844614017666 0.286459446748472 0.448264950954541 0.419918561248728
"да" 0.546546008422184 0.142284309921097 0.68629027934159 0.141525716258198 0.601631823301558 0.141117441070402 0.200949164136987 0.126568927328341 0.190872073294876
"мой" 0.125436788818206 0.329840900271634 0.155487641413329 0.483258543320677 0.115381445564682 0.423352323211206 0.307837017401343 0.379706781985023 0.415676959619952
"их" 0.268793118896156 0.232828870779977 0.235912283523672 0.238177424922333 0.214279827477267 0.2874614540323 0.354867672837659 0.311148613015505 0.534441805225653
"ни" 0.367350595824747 0.142284309921097 0.257358854753096 0.20711080428029 0.39284635037499 0.209062875659855 0.406173842404549 0.279506381183419 0.301153715643027
"мы" 0.582385090941672 0.18108912171776 0.235912283523672 0.210562651018295 0.445042718606632 0.350180316730257 0.235153277181581 0.116021516717646 0.275704105870377
"нет" 0.232954036376669 0.297503557107748 0.300251997211946 0.224370037970314 0.274717727534958 0.292688025923797 0.303561503270768 0.237316738740639 0.292670512385477
"у" 0.394229907714363 0.336308368904411 0.4771862098547 0.120814635830169 0.45877860498338 0.135890869178906 0.205224678267562 0.147663748549731 0.165422463522226
"был" 0.125436788818206 0.265166213943862 0.348506782478151 0.248532965136348 0.271970550259608 0.271781738357811 0.431826927187994 0.168758569771121 0.173905666779776
"когда" 0.071678165038975 0.0776096235933256 0.0428931424588494 0.348636520538488 0.25823466388286 0.360633460513249 0.342041130445936 0.30060120240481 0.343569731930777
"от" 0.304632201415644 0.368645712068296 0.284167068789877 0.255436658612358 0.126370154666081 0.297914597815293 0.252255333703878 0.305874907710157 0.284187309127927
"ли" 0.304632201415644 0.206958996248868 0.18229585545011 0.20711080428029 0.321419741215901 0.250875450791826 0.158194022831245 0.295327497099462 0.347811333559552
"там" 0.277752889526028 0.342775837537188 0.144764355798617 0.162236796686227 0.206038295651218 0.412899179428213 0.252255333703878 0.174032275076469 0.262979300984052
"под" 0.241913807006541 0.278101151209417 0.107232856147123 0.265792198826372 0.274717727534958 0.245648878900329 0.218051220659284 0.268958970572724 0.207838479809976
"уж" 0.179195412597438 0.245763808045531 0.36459171090022 0.165688643424232 0.236257245680064 0.376313176187738 0.179571593484116 0.179305980381816 0.173905666779776
"для" 0.170235641967566 0.219893933514422 0.166210927028041 0.227821884708319 0.071426609159089 0.324047457272775 0.354867672837659 0.258411559962029 0.279945707499152
"кто" 0.188155183227309 0.258698745311085 0.193019141064822 0.245081118398343 0.206038295651218 0.198609731876862 0.312112531531917 0.147663748549731 0.212080081438751
"все" 0.0806379356688469 0.349243306169965 0.278805425982521 0.0793924749741111 0.126370154666081 0.423352323211206 0.119714395656078 0.268958970572724 0.318120122158127
"из" 0.250873577636412 0.232828870779977 0.29489035440459 0.155333103210217 0.219774182027966 0.198609731876862 0.192398135875839 0.147663748549731 0.246012894468951
"меня" 0.107517247558463 0.206958996248868 0.18229585545011 0.269244045564377 0.104392736463284 0.271781738357811 0.209500192398136 0.326969728931547 0.229046487953851
"же" 0.295672430785772 0.239296339412754 0.262720497560453 0.138073869520193 0.282959259361007 0.151570584853395 0.183847107614691 0.110747811412298 0.190872073294876
"вы" 0.188155183227309 0.0905445608588798 0.101871213339767 0.2140144977563 0.252740309332161 0.297914597815293 0.115438881525503 0.210948212213901 0.246012894468951
"нам" 0.259833348266284 0.278101151209417 0.18229585545011 0.113910942354159 0.181313700173072 0.334500601055768 0.1325409380478 0.142390043244384 0.233288089582626
"тебя" 0.161275871337694 0.187556590350537 0.160849284220685 0.234725578184329 0.052196368231642 0.250875450791826 0.200949164136987 0.326969728931547 0.237529691211401
"бы" 0.385270137084491 0.129349372655543 0.310975282826658 0.113910942354159 0.277464904810307 0.109758009721424 0.175296079353542 0.068558168969518 0.186630471666101
"без" 0.268793118896156 0.155219247186651 0.235912283523672 0.131170176044184 0.203291118375869 0.141117441070402 0.226602248920433 0.168758569771121 0.169664065151001
"нас" 0.215034495116925 0.200491527616091 0.144764355798617 0.155333103210217 0.186808054723771 0.271781738357811 0.128265423917226 0.131842632633688 0.220563284696301
"вот" 0.215034495116925 0.232828870779977 0.305613640019302 0.158784949948222 0.19779676382517 0.109758009721424 0.136816452178374 0.116021516717646 0.161180861893451
"она" 0.14335633007795 0.116414435389988 0.214465712294247 0.227821884708319 0.112634268289333 0.188156588093869 0.235153277181581 0.184579685687164 0.152697658635901
"всё" 0.0447988531493594 0.265166213943862 0.29489035440459 0.134622022782188 0.159336281970276 0.146344012961898 0.29501047500962 0.110747811412298 0.0933152358330506
"над" 0.14335633007795 0.161686715819428 0.091147927725055 0.144977562996203 0.142853218318178 0.214289447551351 0.183847107614691 0.247864149351334 0.233288089582626
"друг" 0.071678165038975 0.155219247186651 0.0857862849176988 0.210562651018295 0.052196368231642 0.381539748079235 0.119714395656078 0.226769328129944 0.254496097726502
"во" 0.134396559448078 0.122881904022765 0.123317784569192 0.220918191232309 0.0934040273618857 0.203836303768358 0.1325409380478 0.30060120240481 0.207838479809976
"твой" 0.0985574769285906 0.168154184452205 0.0643397136882741 0.279599585778391 0.0302189500288454 0.162023728636387 0.175296079353542 0.284780086488767 0.246012894468951
"её" 0.107517247558463 0.174621653084983 0.134041070183904 0.20020711080428 0.0934040273618857 0.261328594574818 0.247979819573304 0.0580107583588229 0.203596878181201
"лишь" 0.0627183944091031 0.232828870779977 0.198380783872178 0.127718329306179 0.0549435455069916 0.219516019442847 0.230877763051007 0.110747811412298 0.271462504241602
"тебе" 0.125436788818206 0.168154184452205 0.150125998605973 0.210562651018295 0.0576907227823411 0.214289447551351 0.153918508700671 0.179305980381816 0.207838479809976
"ж" 0.107517247558463 0.245763808045531 0.0589780708809179 0.151881256472213 0.118128622840032 0.277008310249307 0.128265423917226 0.121295222022993 0.203596878181201
"до" 0.259833348266284 0.116414435389988 0.246635569138384 0.131170176044184 0.178566522897723 0.0731720064809491 0.171020565222968 0.0791055795802131 0.118764845605701
"здесь" 0.170235641967566 0.232828870779977 0.0804246421103426 0.120814635830169 0.0659322546083899 0.271781738357811 0.0983368250032066 0.131842632633688 0.220563284696301
"ещё" 0.107517247558463 0.0388048117966628 0.123317784569192 0.0793924749741111 0.162083459245625 0.209062875659855 0.16246953696182 0.147663748549731 0.152697658635901
"тут" 0.161275871337694 0.0194024058983314 0.418208138973782 0.0172592336900242 0.277464904810307 0.0418125751319709 0.0684082260891872 0.0316422318320852 0.0466576179165253
"теперь" 0.161275871337694 0.0452722804294399 0.171572569835398 0.10010355540214 0.162083459245625 0.130664297287409 0.111163367394929 0.0738318742748655 0.123006447234476
"пред" 0.00895977062987188 0.122881904022765 0.0428931424588494 0.148429409734208 0.0631850773330403 0.188156588093869 0.0812347684809098 0.242590444045987 0.169664065151001
"ему" 0.071678165038975 0.0711421549605484 0.262720497560453 0.0724887814981015 0.137358863767479 0.0888517221554383 0.16246953696182 0.0949266954962557 0.0933152358330506
"ль" 0.00895977062987188 0.142284309921097 0.0589780708809179 0.203658957542285 0.0247245954781462 0.219516019442847 0.0684082260891872 0.174032275076469 0.173905666779776
"есть" 0.188155183227309 0.0582072176949942 0.219827355101603 0.0586813945460822 0.142853218318178 0.0783985783724455 0.149642994570097 0.0632844636641704 0.123006447234476
"вдруг" 0.0537586237792313 0.116414435389988 0.235912283523672 0.0931998619261305 0.13186450921678 0.177703444310877 0.0983368250032066 0.0527370530534754 0.0848320325755005
"чтоб" 0.170235641967566 0.0776096235933256 0.193019141064822 0.0724887814981015 0.104392736463284 0.0731720064809491 0.16246953696182 0.110747811412298 0.131489650492026
"любви" 0.0268793118896156 0.122881904022765 0.032169856844137 0.234725578184329 0.0274717727534958 0.193383159985366 0.115438881525503 0.200400801603206 0.0848320325755005
"быть" 0.00895977062987188 0.122881904022765 0.0589780708809179 0.10010355540214 0.115381445564682 0.146344012961898 0.158194022831245 0.110747811412298 0.165422463522226
"сам" 0.14335633007795 0.0776096235933256 0.203742426679535 0.0793924749741111 0.159336281970276 0.0783985783724455 0.136816452178374 0.0527370530534754 0.0975568374618256
"ней" 0.0537586237792313 0.200491527616091 0.176934212642754 0.0690369347600966 0.126370154666081 0.0888517221554383 0.175296079353542 0.0632844636641704 0.0848320325755005
"наш" 0.0447988531493594 0.18108912171776 0.11259449895448 0.10700724887815 0.0604379000576907 0.224742591334344 0.064132711958613 0.105474106106951 0.148456057007126
"тот" 0.134396559448078 0.097012029491657 0.107232856147123 0.0517777010700725 0.112634268289333 0.120211153504416 0.175296079353542 0.100200400801603 0.131489650492026
"вам" 0.0806379356688469 0.0711421549605484 0.0857862849176988 0.141525716258198 0.156589104694926 0.130664297287409 0.0470306554363162 0.0738318742748655 0.144214455378351
"день" 0.0268793118896156 0.122881904022765 0.160849284220685 0.103555402140145 0.0879096728111865 0.141117441070402 0.136816452178374 0.126568927328341 0.0848320325755005
"моей" 0.0268793118896156 0.142284309921097 0.0375314996514932 0.138073869520193 0.0741737864344386 0.162023728636387 0.102612339133781 0.126568927328341 0.148456057007126
"свой" 0.0627183944091031 0.142284309921097 0.091147927725055 0.151881256472213 0.0219774182027966 0.099304865938431 0.0940613108726324 0.152937453855079 0.190872073294876
"вас" 0.0537586237792313 0.0840770922261027 0.0697013564956303 0.141525716258198 0.109887091013983 0.214289447551351 0.064132711958613 0.0896529901909081 0.110281642348151
"со" 0.170235641967566 0.116414435389988 0.134041070183904 0.082844321712116 0.126370154666081 0.125437725395913 0.0726837402197614 0.0843792848855606 0.0975568374618256
"ним" 0.071678165038975 0.129349372655543 0.144764355798617 0.0862961684501208 0.0906568500865361 0.099304865938431 0.102612339133781 0.142390043244384 0.110281642348151
"ей" 0.116477018188334 0.13581684128832 0.176934212642754 0.0897480151881256 0.109887091013983 0.0836251502639419 0.141091966308949 0.0369159371374328 0.0721072276891754
"жизнь" 0.0627183944091031 0.116414435389988 0.0482547852662056 0.0448740075940628 0.0851624955358369 0.209062875659855 0.158194022831245 0.0580107583588229 0.152697658635901
"час" 0.00895977062987188 0.13581684128832 0.0857862849176988 0.0655850880220918 0.0439548364055933 0.224742591334344 0.1325409380478 0.0843792848855606 0.165422463522226
"хоть" 0.071678165038975 0.097012029491657 0.214465712294247 0.082844321712116 0.0741737864344386 0.0783985783724455 0.183847107614691 0.0580107583588229 0.0593824228028504
"жизни" 0.0268793118896156 0.13581684128832 0.0643397136882741 0.10700724887815 0.0384604818548941 0.162023728636387 0.166745051092394 0.0738318742748655 0.118764845605701
"б" 0.0627183944091031 0.0582072176949942 0.11259449895448 0.103555402140145 0.0659322546083899 0.130664297287409 0.141091966308949 0.0580107583588229 0.131489650492026
"один" 0.071678165038975 0.0776096235933256 0.0536164280735617 0.0759406282361063 0.0796681409851378 0.11498458161292 0.149642994570097 0.116021516717646 0.131489650492026
"только" 0 0.0582072176949942 0.214465712294247 0.0931998619261305 0.13186450921678 0.0731720064809491 0.064132711958613 0.0474633477481278 0.106040040719376
"им" 0.0985574769285906 0.116414435389988 0.128679427376548 0.062133241284087 0.0961512046372352 0.0783985783724455 0.085510282611484 0.0896529901909081 0.118764845605701
"чем" 0.0627183944091031 0.0840770922261027 0.123317784569192 0.0552295478080773 0.137358863767479 0.0627188626979564 0.141091966308949 0.0632844636641704 0.0805904309467255
"сердце" 0.071678165038975 0.2263614021472 0.0428931424588494 0.10010355540214 0.0467020136809428 0.0783985783724455 0.166745051092394 0.100200400801603 0.0551408211740753
"сей" 0 0.051739749062217 0.0428931424588494 0.0655850880220918 0.0357133045795445 0.219516019442847 0.0769592543503356 0.184579685687164 0.165422463522226
"будет" 0.0447988531493594 0.129349372655543 0.187657498257466 0.0862961684501208 0.0604379000576907 0.120211153504416 0.0983368250032066 0.0316422318320852 0.0848320325755005
"бог" 0.0537586237792313 0.122881904022765 0.0965095705324111 0.0931998619261305 0.140106041042829 0.0731720064809491 0.106887853264355 0.0263685265267377 0.0551408211740753
"лет" 0.0179195412597438 0.0905445608588798 0.0428931424588494 0.0586813945460822 0.0879096728111865 0.125437725395913 0.166745051092394 0.110747811412298 0.0890736342042755
"тогда" 0.107517247558463 0.0646746863277713 0.0214465712294247 0.0966517086641353 0.0549435455069916 0.156797156744891 0.128265423917226 0.0949266954962557 0.101798439090601
"иль" 0.00895977062987188 0.18108912171776 0.0268082140367809 0.10010355540214 0.0247245954781462 0.11498458161292 0.0897857967420582 0.195127096297859 0.0975568374618256
"всех" 0.0447988531493594 0.0582072176949942 0.203742426679535 0.0517777010700725 0.0439548364055933 0.156797156744891 0.0897857967420582 0.0843792848855606 0.0805904309467255
"взор" 0.0268793118896156 0.116414435389988 0.0428931424588494 0.0862961684501208 0.0164830636520975 0.120211153504416 0.136816452178374 0.131842632633688 0.114523243976926
"нем" 0.152316100707822 0.0452722804294399 0.0804246421103426 0.0552295478080773 0.0906568500865361 0.0888517221554383 0.171020565222968 0.0210948212213901 0.0721072276891754
"они" 0.125436788818206 0.0129349372655543 0.101871213339767 0.0552295478080773 0.0824153182604874 0.104531437829927 0.145367480439523 0.0421896424427803 0.0975568374618256
"может" 0 0.0582072176949942 0.0589780708809179 0.0862961684501208 0.0741737864344386 0.099304865938431 0.1325409380478 0.068558168969518 0.127248048863251
"моя" 0.0179195412597438 0.0646746863277713 0.0482547852662056 0.0897480151881256 0.0576907227823411 0.0522657189149637 0.149642994570097 0.0949266954962557 0.144214455378351
"тобой" 0.0627183944091031 0.0840770922261027 0.0697013564956303 0.120814635830169 0.0467020136809428 0.0836251502639419 0.0940613108726324 0.105474106106951 0.0848320325755005
"них" 0.0447988531493594 0.0711421549605484 0.0589780708809179 0.0483258543320677 0.0604379000576907 0.0940782940469346 0.145367480439523 0.0896529901909081 0.123006447234476
"давно" 0.0985574769285906 0.0258698745311085 0.0750629993029864 0.0862961684501208 0.101645559187934 0.0627188626979564 0.0983368250032066 0.0949266954962557 0.0636240244316254
"мир" 0.0268793118896156 0.0776096235933256 0.0643397136882741 0.0931998619261305 0.0357133045795445 0.120211153504416 0.1325409380478 0.0527370530534754 0.118764845605701
"своей" 0.0537586237792313 0.051739749062217 0.0643397136882741 0.0931998619261305 0.0686794318837395 0.0731720064809491 0.102612339133781 0.0474633477481278 0.144214455378351
"если" 0.0358390825194875 0.155219247186651 0.091147927725055 0.0552295478080773 0.0576907227823411 0.0731720064809491 0.123989909786652 0.0791055795802131 0.0763488293179505
"любовь" 0.0358390825194875 0.0711421549605484 0.0375314996514932 0.124266482568174 0.0137358863767479 0.135890869178906 0.102612339133781 0.0949266954962557 0.106040040719376
"была" 0.0895977062987188 0.0711421549605484 0.0428931424588494 0.0586813945460822 0.0961512046372352 0.0627188626979564 0.128265423917226 0.0263685265267377 0.0805904309467255
"путь" 0.0537586237792313 0.0776096235933256 0.128679427376548 0.0483258543320677 0.0631850773330403 0.104531437829927 0.0812347684809098 0.0738318742748655 0.0636240244316254
"при" 0.14335633007795 0.0646746863277713 0.0428931424588494 0.0862961684501208 0.0576907227823411 0.0731720064809491 0.0726837402197614 0.0949266954962557 0.0636240244316254
"ну" 0.0985574769285906 0.0452722804294399 0.134041070183904 0.0241629271660338 0.175819345622373 0.0104531437829927 0.042755141305742 0.0158211159160426 0.0508992195453003
"раз" 0.0447988531493594 0.0776096235933256 0.11259449895448 0.0517777010700725 0.0824153182604874 0.0731720064809491 0.106887853264355 0.0421896424427803 0.0381744146589752
"душа" 0.0627183944091031 0.0840770922261027 0.0268082140367809 0.0552295478080773 0.0302189500288454 0.0783985783724455 0.123989909786652 0.0738318742748655 0.118764845605701
"мной" 0.0447988531493594 0.0776096235933256 0.0268082140367809 0.0655850880220918 0.0631850773330403 0.0627188626979564 0.0684082260891872 0.116021516717646 0.101798439090601
"свет" 0.00895977062987188 0.109946966757211 0.0428931424588494 0.0793924749741111 0.0219774182027966 0.109758009721424 0.0684082260891872 0.100200400801603 0.0933152358330506
"вновь" 0.00895977062987188 0.0388048117966628 0.0589780708809179 0.127718329306179 0.0384604818548941 0.0627188626979564 0.115438881525503 0.110747811412298 0.0212080081438751
"меж" 0.0268793118896156 0.0646746863277713 0.091147927725055 0.082844321712116 0.019230240927447 0.0836251502639419 0.115438881525503 0.0632844636641704 0.0636240244316254
"сказал" 0.0806379356688469 0.0582072176949942 0.117956141761836 0.0276147739040387 0.162083459245625 0.0313594313489782 0.0299285989140194 0.0158211159160426 0.0339328130302002
"было" 0.0447988531493594 0.0582072176949942 0.101871213339767 0.0310666206420435 0.107139913738634 0.0783985783724455 0.0726837402197614 0.0474633477481278 0.0339328130302002
"сон" 0 0.0776096235933256 0.0107232856147123 0.127718329306179 0.0412076591302437 0.125437725395913 0.064132711958613 0.0527370530534754 0.0593824228028504
"милый" 0 0.103479498124434 0.0107232856147123 0.169140490162237 0.0109887091013983 0.125437725395913 0.0555816836974646 0.0527370530534754 0.0424160162877503
"себя" 0.0895977062987188 0.0194024058983314 0.0965095705324111 0.0586813945460822 0.0384604818548941 0.0470391470234673 0.0769592543503356 0.110747811412298 0.0763488293179505
"много" 0.0537586237792313 0.0776096235933256 0.0750629993029864 0.0276147739040387 0.0796681409851378 0.0731720064809491 0.106887853264355 0.0369159371374328 0.0508992195453003
"весь" 0.0627183944091031 0.0258698745311085 0.117956141761836 0.0276147739040387 0.0851624955358369 0.0731720064809491 0.0769592543503356 0.0421896424427803 0.0593824228028504
"тем" 0.00895977062987188 0.0388048117966628 0.11259449895448 0.0759406282361063 0.0686794318837395 0.0261328594574818 0.0726837402197614 0.0791055795802131 0.0551408211740753
"душе" 0.0358390825194875 0.0323373431638857 0.0160849284220685 0.0379703141180532 0.0467020136809428 0.0836251502639419 0.115438881525503 0.0738318742748655 0.114523243976926
"опять" 0.0985574769285906 0.051739749062217 0.0589780708809179 0.041422160856058 0.0961512046372352 0.0365860032404746 0.0555816836974646 0.0210948212213901 0.0890736342042755
"время" 0.152316100707822 0.0711421549605484 0.0428931424588494 0.0724887814981015 0.0604379000576907 0.0261328594574818 0.0769592543503356 0.0369159371374328 0.0466576179165253
"дни" 0.0627183944091031 0.0582072176949942 0.0536164280735617 0.0897480151881256 0.0219774182027966 0.141117441070402 0.042755141305742 0.0738318742748655 0.0381744146589752
"царь" 0.00895977062987188 0.0582072176949942 0.203742426679535 0.0172592336900242 0.0247245954781462 0.0418125751319709 0.0342041130445936 0.131842632633688 0.0721072276891754
"твоей" 0.0358390825194875 0.051739749062217 0.032169856844137 0.10010355540214 0.019230240927447 0.0940782940469346 0.0598571978280388 0.105474106106951 0.0551408211740753
"дней" 0 0.0776096235933256 0.0160849284220685 0.0862961684501208 0.0384604818548941 0.0679454345894528 0.0555816836974646 0.0896529901909081 0.0890736342042755
"грудь" 0.0537586237792313 0.0582072176949942 0.0268082140367809 0.0517777010700725 0.0412076591302437 0.05749229080646 0.106887853264355 0.0474633477481278 0.0678656260604004
"ночь" 0.0268793118896156 0.097012029491657 0.091147927725055 0.0483258543320677 0.0851624955358369 0.05749229080646 0.0513061695668904 0.0210948212213901 0.0169664065151001
"долго" 0.0179195412597438 0.0323373431638857 0.0804246421103426 0.0724887814981015 0.0686794318837395 0.0261328594574818 0.0726837402197614 0.0738318742748655 0.0254496097726502
"куда" 0.0806379356688469 0.0388048117966628 0.0107232856147123 0.0379703141180532 0.0906568500865361 0.0731720064809491 0.0384796271751678 0.0791055795802131 0.0466576179165253
"мои" 0.00895977062987188 0.0194024058983314 0.00536164280735617 0.124266482568174 0.0357133045795445 0.0418125751319709 0.085510282611484 0.0896529901909081 0.0466576179165253
"уже" 0.00895977062987188 0.0194024058983314 0.0268082140367809 0.082844321712116 0.0329661273041949 0.162023728636387 0.0342041130445936 0.100200400801603 0.0296912114014252
"друзья" 0 0.051739749062217 0.032169856844137 0.103555402140145 0.0329661273041949 0.0836251502639419 0.0470306554363162 0.0632844636641704 0.0551408211740753
"себе" 0.0806379356688469 0.0388048117966628 0.0965095705324111 0.0345184673800483 0.0302189500288454 0.0313594313489782 0.0684082260891872 0.0791055795802131 0.0636240244316254
"век" 0.0268793118896156 0.0452722804294399 0.0536164280735617 0.0759406282361063 0.0384604818548941 0.0418125751319709 0.0555816836974646 0.0896529901909081 0.0466576179165253
"душой" 0.0447988531493594 0.0582072176949942 0.0107232856147123 0.082844321712116 0.0164830636520975 0.0783985783724455 0.0598571978280388 0.0843792848855606 0.0593824228028504
"это" 0 0.0388048117966628 0.155487641413329 0.0379703141180532 0.0439548364055933 0.0940782940469346 0.0470306554363162 0.0369159371374328 0.0254496097726502
"ах" 0.0268793118896156 0.13581684128832 0.032169856844137 0.0552295478080773 0.0357133045795445 0.0627188626979564 0.0299285989140194 0.0210948212213901 0.0890736342042755
"всем" 0.0358390825194875 0.0323373431638857 0.0804246421103426 0.0483258543320677 0.0384604818548941 0.0888517221554383 0.0555816836974646 0.0474633477481278 0.0508992195453003
"люблю" 0.0358390825194875 0.0388048117966628 0.0482547852662056 0.0793924749741111 0.0137358863767479 0.05749229080646 0.102612339133781 0.0474633477481278 0.0508992195453003
"стал" 0 0.051739749062217 0.107232856147123 0.0310666206420435 0.0851624955358369 0.0522657189149637 0.042755141305742 0.0316422318320852 0.0339328130302002
"потом" 0.0806379356688469 0.0258698745311085 0.11259449895448 0.0310666206420435 0.0934040273618857 0.0156797156744891 0.021377570652871 0.0158211159160426 0.0508992195453003
"какой" 0.0627183944091031 0.0323373431638857 0.0160849284220685 0.0379703141180532 0.0961512046372352 0.0470391470234673 0.0555816836974646 0.0105474106106951 0.0551408211740753
"наконец" 0.0447988531493594 0.0452722804294399 0.11259449895448 0.0448740075940628 0.0247245954781462 0.0261328594574818 0.0555816836974646 0.0843792848855606 0.0381744146589752
"ум" 0.0627183944091031 0.0258698745311085 0.0107232856147123 0.0448740075940628 0.0412076591302437 0.0731720064809491 0.0684082260891872 0.0949266954962557 0.0381744146589752
"глас" 0 0.0258698745311085 0 0.0793924749741111 0.00549435455069916 0.125437725395913 0.0171020565222968 0.0632844636641704 0.118764845605701
"мою" 0.0627183944091031 0.0452722804294399 0.0214465712294247 0.0517777010700725 0.0467020136809428 0.0209062875659855 0.0726837402197614 0.0369159371374328 0.0805904309467255
"него" 0.0537586237792313 0.0452722804294399 0.155487641413329 0.0172592336900242 0.0109887091013983 0.05749229080646 0.064132711958613 0.0369159371374328 0.0551408211740753
"пускай" 0.0179195412597438 0.0129349372655543 0 0.082844321712116 0.0412076591302437 0.0888517221554383 0.0299285989140194 0.0738318742748655 0.0678656260604004
"будь" 0.0268793118896156 0.0840770922261027 0.0589780708809179 0.0310666206420435 0.0439548364055933 0.0940782940469346 0.021377570652871 0.0369159371374328 0.0551408211740753
"мог" 0.0537586237792313 0.0194024058983314 0.0214465712294247 0.0276147739040387 0.0384604818548941 0.0209062875659855 0.149642994570097 0.0316422318320852 0.0593824228028504
"твоя" 0.0358390825194875 0.0646746863277713 0.0428931424588494 0.0448740075940628 0.0164830636520975 0.0836251502639419 0.0299285989140194 0.068558168969518 0.0721072276891754
"знаю" 0.071678165038975 0.0452722804294399 0.0375314996514932 0.0379703141180532 0.0412076591302437 0.0418125751319709 0.0470306554363162 0.0421896424427803 0.0763488293179505
"той" 0.0358390825194875 0.0711421549605484 0.0589780708809179 0.020711080428029 0.0906568500865361 0.0365860032404746 0.042755141305742 0.00527370530534754 0.0381744146589752
"говорит" 0.0268793118896156 0.0582072176949942 0.176934212642754 0.0379703141180532 0.0384604818548941 0.00522657189149637 0.0342041130445936 0.00527370530534754 0.0466576179165253
"одна" 0.0358390825194875 0.0388048117966628 0.0214465712294247 0.0586813945460822 0.0631850773330403 0.0418125751319709 0.064132711958613 0.0474633477481278 0.0212080081438751
"средь" 0.0268793118896156 0.051739749062217 0.0107232856147123 0.0690369347600966 0.0137358863767479 0.0836251502639419 0.0384796271751678 0.068558168969518 0.0551408211740753
"твои" 0.0447988531493594 0.0194024058983314 0.0214465712294247 0.0586813945460822 0.019230240927447 0.0627188626979564 0.042755141305742 0.0791055795802131 0.0678656260604004
"свою" 0.0179195412597438 0.051739749062217 0.0482547852662056 0.0517777010700725 0.0439548364055933 0.0313594313489782 0.042755141305742 0.0738318742748655 0.0339328130302002
"народ" 0.071678165038975 0 0.032169856844137 0.0241629271660338 0.0741737864344386 0.0104531437829927 0.0470306554363162 0.0896529901909081 0.0381744146589752
"человек" 0.071678165038975 0.051739749062217 0.0536164280735617 0.041422160856058 0.0467020136809428 0.0104531437829927 0.0555816836974646 0.0263685265267377 0.0508992195453003
"зачем" 0.0268793118896156 0.0388048117966628 0 0.0483258543320677 0.0494491909562924 0.0522657189149637 0.085510282611484 0.0316422318320852 0.0381744146589752
"твоих" 0 0.0323373431638857 0.0107232856147123 0.0517777010700725 0.0137358863767479 0.0679454345894528 0.064132711958613 0.0738318742748655 0.0721072276891754
"ко" 0.0179195412597438 0.051739749062217 0.032169856844137 0.0552295478080773 0.0247245954781462 0.0365860032404746 0.0513061695668904 0.0632844636641704 0.0551408211740753
"скоро" 0.0358390825194875 0.103479498124434 0.0697013564956303 0.041422160856058 0.0384604818548941 0.0261328594574818 0.0256530847834452 0.0263685265267377 0.0424160162877503
"три" 0.0627183944091031 0.0258698745311085 0.0643397136882741 0.0379703141180532 0.0851624955358369 0.0313594313489782 0.0513061695668904 0 0.00848320325755005
"моих" 0.00895977062987188 0.0258698745311085 0.0107232856147123 0.0586813945460822 0.0219774182027966 0.05749229080646 0.0598571978280388 0.0632844636641704 0.0636240244316254
"шум" 0.00895977062987188 0.0323373431638857 0.0214465712294247 0.0655850880220918 0.0494491909562924 0.0888517221554383 0.0299285989140194 0.0527370530534754 0.0127248048863251
"другой" 0.071678165038975 0.00646746863277713 0.0589780708809179 0.0241629271660338 0.0686794318837395 0.0627188626979564 0.0384796271751678 0.0316422318320852 0.0169664065151001
"людей" 0.0985574769285906 0.0452722804294399 0.0160849284220685 0.0172592336900242 0.0467020136809428 0.0209062875659855 0.085510282611484 0.0158211159160426 0.0551408211740753
"мечты" 0.00895977062987188 0.0323373431638857 0.0107232856147123 0.0966517086641353 0.00549435455069916 0.0470391470234673 0.0726837402197614 0.0421896424427803 0.0466576179165253
"поэт" 0.00895977062987188 0.0129349372655543 0.00536164280735617 0.110459095616155 0.019230240927447 0.0209062875659855 0.0342041130445936 0.0949266954962557 0.0424160162877503
"дело" 0.152316100707822 0.0323373431638857 0.091147927725055 0.020711080428029 0.0769209637097882 0 0.0085510282611484 0 0.0296912114014252
"жить" 0.0358390825194875 0.0388048117966628 0.0804246421103426 0.020711080428029 0.0384604818548941 0.0470391470234673 0.0598571978280388 0.0316422318320852 0.0339328130302002
"наши" 0.00895977062987188 0.0194024058983314 0.0375314996514932 0.0586813945460822 0.0988983819125848 0.0209062875659855 0.0384796271751678 0.0158211159160426 0.00848320325755005
"рукой" 0.0358390825194875 0.0323373431638857 0.0160849284220685 0.062133241284087 0.0219774182027966 0.0470391470234673 0.042755141305742 0.0791055795802131 0.0424160162877503
"свои" 0.0268793118896156 0.0258698745311085 0.0375314996514932 0.0690369347600966 0.0439548364055933 0.0313594313489782 0.0555816836974646 0.0421896424427803 0.0212080081438751
"голос" 0.0447988531493594 0.051739749062217 0.0375314996514932 0.0793924749741111 0.0274717727534958 0.0522657189149637 0.0299285989140194 0.0263685265267377 0.0254496097726502
"надо" 0 0.051739749062217 0.0857862849176988 0.0345184673800483 0.0576907227823411 0.0209062875659855 0.0299285989140194 0.0263685265267377 0.0424160162877503
"буду" 0.0447988531493594 0.0388048117966628 0.091147927725055 0.062133241284087 0.0109887091013983 0.0209062875659855 0.0384796271751678 0.0474633477481278 0.0339328130302002
"даже" 0.0627183944091031 0.0388048117966628 0.0428931424588494 0.020711080428029 0.0659322546083899 0.0104531437829927 0.0598571978280388 0.0316422318320852 0.0296912114014252
"ночи" 0.00895977062987188 0.0840770922261027 0.0268082140367809 0.082844321712116 0.0164830636520975 0.0627188626979564 0.0299285989140194 0.0474633477481278 0.0127248048863251
"оно" 0.0627183944091031 0.0323373431638857 0.0160849284220685 0.0448740075940628 0.0412076591302437 0.0365860032404746 0.0684082260891872 0.0263685265267377 0.0381744146589752
"снова" 0.0179195412597438 0.0776096235933256 0.0589780708809179 0.0724887814981015 0.019230240927447 0.0418125751319709 0.0384796271751678 0.0263685265267377 0.0212080081438751
"туда" 0.0537586237792313 0.0323373431638857 0.0697013564956303 0.0103555402140145 0.0302189500288454 0.0261328594574818 0.0983368250032066 0.0263685265267377 0.0381744146589752
"будто" 0.0179195412597438 0.0582072176949942 0.032169856844137 0.0241629271660338 0.0549435455069916 0.0470391470234673 0.0684082260891872 0.0210948212213901 0.0254496097726502
"вижу" 0.00895977062987188 0.0776096235933256 0.0268082140367809 0.082844321712116 0.0109887091013983 0.0365860032404746 0.0256530847834452 0.0632844636641704 0.0339328130302002
"дух" 0.0179195412597438 0.0905445608588798 0.0214465712294247 0.041422160856058 0.0109887091013983 0.0627188626979564 0.0470306554363162 0.0527370530534754 0.0424160162877503
"пора" 0.0627183944091031 0.0388048117966628 0.032169856844137 0.0379703141180532 0.0467020136809428 0.0679454345894528 0.042755141305742 0.0316422318320852 0.0127248048863251
"всегда" 0.0447988531493594 0.00646746863277713 0.0160849284220685 0.0379703141180532 0.0302189500288454 0.05749229080646 0.042755141305742 0.0527370530534754 0.0678656260604004
"тобою" 0.0179195412597438 0.0258698745311085 0.0160849284220685 0.0690369347600966 0.0109887091013983 0.0522657189149637 0.0256530847834452 0.0632844636641704 0.0721072276891754
"чего" 0.0447988531493594 0.0452722804294399 0.032169856844137 0.0138073869520193 0.0467020136809428 0.0470391470234673 0.0513061695668904 0.0369159371374328 0.0466576179165253
"чуть" 0.0447988531493594 0.0129349372655543 0.0857862849176988 0.0276147739040387 0.0631850773330403 0.0418125751319709 0.0128265423917226 0.0158211159160426 0.0424160162877503
"дай" 0.0268793118896156 0.0582072176949942 0.0750629993029864 0.0379703141180532 0.0467020136809428 0.0418125751319709 0.0299285989140194 0.0158211159160426 0.0212080081438751
"пусть" 0.0985574769285906 0.051739749062217 0.0375314996514932 0.0241629271660338 0.0329661273041949 0.0261328594574818 0.021377570652871 0.0421896424427803 0.0593824228028504
"том" 0.0358390825194875 0.0258698745311085 0.0375314996514932 0.0241629271660338 0.0494491909562924 0.0418125751319709 0.0513061695668904 0.0316422318320852 0.0466576179165253
"вся" 0.0806379356688469 0.0194024058983314 0.0536164280735617 0.0241629271660338 0.071426609159089 0.05749229080646 0.0085510282611484 0.00527370530534754 0.0296912114014252
"прах" 0.0179195412597438 0.0258698745311085 0.0107232856147123 0.0276147739040387 0.00274717727534958 0.0365860032404746 0.042755141305742 0.0896529901909081 0.106040040719376
"смерть" 0.0179195412597438 0.0582072176949942 0.0214465712294247 0.0241629271660338 0.019230240927447 0.0365860032404746 0.0684082260891872 0.0580107583588229 0.0551408211740753
"тень" 0 0.0194024058983314 0.0160849284220685 0.062133241284087 0.0164830636520975 0.0470391470234673 0.0684082260891872 0.068558168969518 0.0339328130302002
"дом" 0.00895977062987188 0.0258698745311085 0.0857862849176988 0.0345184673800483 0.0357133045795445 0.0418125751319709 0.0470306554363162 0.0263685265267377 0.0296912114014252
"лучше" 0.071678165038975 0.0129349372655543 0.0965095705324111 0.020711080428029 0.0247245954781462 0.0313594313489782 0.0299285989140194 0.0474633477481278 0.0424160162877503
"про" 0.0806379356688469 0.0129349372655543 0.0857862849176988 0.0138073869520193 0.0659322546083899 0.0470391470234673 0.021377570652871 0.00527370530534754 0.0212080081438751
"скажи" 0.0179195412597438 0.00646746863277713 0.00536164280735617 0.0759406282361063 0.0329661273041949 0.0679454345894528 0.0128265423917226 0.0632844636641704 0.0381744146589752
"сказать" 0.0627183944091031 0.0840770922261027 0.0160849284220685 0.0138073869520193 0.0357133045795445 0.0679454345894528 0.042755141305742 0.00527370530534754 0.0466576179165253
"сын" 0.0179195412597438 0.0194024058983314 0.0482547852662056 0.0379703141180532 0.0274717727534958 0.0365860032404746 0.0598571978280388 0.0474633477481278 0.0424160162877503
"мною" 0.0268793118896156 0.0905445608588798 0.0214465712294247 0.0379703141180532 0.0137358863767479 0.05749229080646 0.0342041130445936 0.0369159371374328 0.0466576179165253
"молодой" 0.0179195412597438 0.051739749062217 0.0482547852662056 0.0310666206420435 0.019230240927447 0.0940782940469346 0.0342041130445936 0.0580107583588229 0.00848320325755005
"певец" 0 0.0129349372655543 0.00536164280735617 0.110459095616155 0.00549435455069916 0.05749229080646 0.0085510282611484 0.0527370530534754 0.0593824228028504
"идёт" 0.0358390825194875 0.0388048117966628 0.0643397136882741 0.0241629271660338 0.0384604818548941 0.0365860032404746 0.0513061695668904 0.0316422318320852 0.0212080081438751
"небес" 0.00895977062987188 0.0582072176949942 0 0.0276147739040387 0.0109887091013983 0.05749229080646 0.042755141305742 0.0421896424427803 0.0933152358330506
"одно" 0.071678165038975 0.0258698745311085 0.0482547852662056 0.020711080428029 0.0439548364055933 0.0261328594574818 0.042755141305742 0.0263685265267377 0.0424160162877503
"перед" 0 0.0711421549605484 0.0804246421103426 0.0172592336900242 0.0576907227823411 0.0104531437829927 0.0299285989140194 0.0263685265267377 0.0296912114014252
"два" 0.0358390825194875 0.0258698745311085 0.0589780708809179 0.0345184673800483 0.0631850773330403 0.0261328594574818 0.0299285989140194 0.0105474106106951 0.0254496097726502
"последний" 0.00895977062987188 0.0258698745311085 0.0214465712294247 0.0552295478080773 0.0164830636520975 0.0731720064809491 0.0513061695668904 0.0210948212213901 0.0466576179165253
"славы" 0.00895977062987188 0.00646746863277713 0 0.0690369347600966 0.0164830636520975 0.0418125751319709 0.0256530847834452 0.0738318742748655 0.0678656260604004
"ваш" 0.0179195412597438 0.0129349372655543 0.0107232856147123 0.0655850880220918 0.0357133045795445 0.0783985783724455 0.0171020565222968 0.0105474106106951 0.0508992195453003
"груди" 0.0537586237792313 0.0129349372655543 0.0214465712294247 0.0345184673800483 0.0247245954781462 0.0156797156744891 0.0812347684809098 0.0369159371374328 0.0466576179165253
"край" 0 0.051739749062217 0.0268082140367809 0.0276147739040387 0.0247245954781462 0.0731720064809491 0.0384796271751678 0.0369159371374328 0.0466576179165253
"друзей" 0.0179195412597438 0.0323373431638857 0.00536164280735617 0.0483258543320677 0.019230240927447 0.0470391470234673 0.0598571978280388 0.068558168969518 0.0212080081438751
"отец" 0.0179195412597438 0.051739749062217 0.0428931424588494 0.0379703141180532 0.0384604818548941 0.0313594313489782 0.0342041130445936 0.0263685265267377 0.0339328130302002
"любил" 0.0268793118896156 0.00646746863277713 0.0160849284220685 0.0172592336900242 0.0247245954781462 0.0679454345894528 0.0940613108726324 0.0369159371374328 0.0254496097726502
"нами" 0.0268793118896156 0.0258698745311085 0.0214465712294247 0.041422160856058 0.019230240927447 0.0679454345894528 0.0513061695668904 0.0369159371374328 0.0296912114014252
"небо" 0 0.0776096235933256 0.032169856844137 0.0241629271660338 0.0302189500288454 0.0156797156744891 0.0726837402197614 0.0369159371374328 0.0254496097726502
"своих" 0.0537586237792313 0.0129349372655543 0.0268082140367809 0.0552295478080773 0.0247245954781462 0.0522657189149637 0.0384796271751678 0.0316422318320852 0.0254496097726502
"слова" 0.0358390825194875 0.0258698745311085 0.0107232856147123 0.0241629271660338 0.0549435455069916 0.0365860032404746 0.0470306554363162 0.0210948212213901 0.0424160162877503
"собой" 0.0627183944091031 0.0323373431638857 0.032169856844137 0.0310666206420435 0.0137358863767479 0.05749229080646 0.042755141305742 0.0316422318320852 0.0424160162877503
"среди" 0 0.0258698745311085 0 0.0483258543320677 0.0247245954781462 0.05749229080646 0.0470306554363162 0.0421896424427803 0.0508992195453003
"брат" 0.0179195412597438 0.0388048117966628 0.0750629993029864 0.062133241284087 0.0219774182027966 0.0365860032404746 0.0085510282611484 0.0369159371374328 0.0169664065151001
"всю" 0.071678165038975 0.0323373431638857 0.0428931424588494 0.020711080428029 0.0604379000576907 0.0365860032404746 0.0256530847834452 0.0158211159160426 0.00848320325755005
"напрасно" 0.0179195412597438 0.0323373431638857 0.032169856844137 0.0345184673800483 0.0109887091013983 0.0313594313489782 0.0555816836974646 0.0474633477481278 0.0508992195453003
"своим" 0.0447988531493594 0.0129349372655543 0.0268082140367809 0.041422160856058 0.0247245954781462 0.0418125751319709 0.0384796271751678 0.0210948212213901 0.0551408211740753
"сердца" 0.00895977062987188 0.0323373431638857 0.0160849284220685 0.041422160856058 0.019230240927447 0.0418125751319709 0.0555816836974646 0.0474633477481278 0.0339328130302002
"увы" 0.0358390825194875 0.0194024058983314 0.0107232856147123 0.0690369347600966 0.00274717727534958 0.0522657189149637 0.0342041130445936 0.0316422318320852 0.0508992195453003
"ними" 0.00895977062987188 0.0129349372655543 0.0428931424588494 0.0345184673800483 0.0357133045795445 0.0365860032404746 0.0342041130445936 0.0369159371374328 0.0381744146589752
"прости" 0 0.0323373431638857 0.0214465712294247 0.0483258543320677 0.0247245954781462 0.0313594313489782 0.0598571978280388 0.0369159371374328 0.0254496097726502
"рад" 0.0268793118896156 0.0194024058983314 0.0589780708809179 0.0379703141180532 0.0329661273041949 0.0365860032404746 0.0384796271751678 0.0158211159160426 0.0254496097726502
"того" 0.0447988531493594 0 0.032169856844137 0.0241629271660338 0.0302189500288454 0.0104531437829927 0.0726837402197614 0.0210948212213901 0.0551408211740753
"хочу" 0.0447988531493594 0.0388048117966628 0.0375314996514932 0.0310666206420435 0.0247245954781462 0.0679454345894528 0.021377570652871 0.0263685265267377 0.0254496097726502
"кругом" 0.0179195412597438 0.0323373431638857 0.0375314996514932 0.062133241284087 0.0219774182027966 0.00522657189149637 0.0342041130445936 0.0369159371374328 0.0339328130302002
"люди" 0.0537586237792313 0.0129349372655543 0.0268082140367809 0.00345184673800483 0.0879096728111865 0.00522657189149637 0.0513061695668904 0.0105474106106951 0.0127248048863251
"миг" 0 0.0388048117966628 0.00536164280735617 0.0172592336900242 0.019230240927447 0.0731720064809491 0.0470306554363162 0.0369159371374328 0.0551408211740753
"ведь" 0.0268793118896156 0.0258698745311085 0.107232856147123 0.00690369347600967 0.019230240927447 0.0365860032404746 0.021377570652871 0.0210948212213901 0.0466576179165253
"знать" 0.0447988531493594 0.00646746863277713 0.0536164280735617 0.00690369347600967 0.0357133045795445 0.0365860032404746 0.042755141305742 0.0158211159160426 0.0508992195453003
"свете" 0.0358390825194875 0.0840770922261027 0.0214465712294247 0.020711080428029 0.0109887091013983 0.0522657189149637 0.0128265423917226 0.0474633477481278 0.0424160162877503
"свободы" 0.0627183944091031 0 0.00536164280735617 0.0724887814981015 0.00274717727534958 0.0365860032404746 0.0342041130445936 0.0632844636641704 0.0254496097726502
"бывало" 0.0447988531493594 0.051739749062217 0.0268082140367809 0.0448740075940628 0.0302189500288454 0.0418125751319709 0.0256530847834452 0.0158211159160426 0.0127248048863251
"венец" 0 0.0452722804294399 0.0214465712294247 0.041422160856058 0.019230240927447 0.0365860032404746 0.0128265423917226 0.0474633477481278 0.0551408211740753
"вечно" 0.0268793118896156 0.0582072176949942 0.0428931424588494 0.0345184673800483 0.0137358863767479 0.0313594313489782 0.0342041130445936 0.0369159371374328 0.0254496097726502
"руку" 0.00895977062987188 0.0258698745311085 0.0428931424588494 0.0483258543320677 0.00824153182604873 0.0418125751319709 0.0256530847834452 0.0580107583588229 0.0296912114014252
"труд" 0.0268793118896156 0 0.0214465712294247 0.0276147739040387 0.0439548364055933 0.0209062875659855 0.085510282611484 0.0263685265267377 0.00848320325755005
"этот" 0.0179195412597438 0.0194024058983314 0.032169856844137 0.0103555402140145 0.0302189500288454 0.0156797156744891 0.085510282611484 0.00527370530534754 0.0551408211740753
"глаза" 0.00895977062987188 0.051739749062217 0.032169856844137 0.0241629271660338 0.0357133045795445 0.0365860032404746 0.0256530847834452 0.0263685265267377 0.0339328130302002
"об" 0.0447988531493594 0.0582072176949942 0.0428931424588494 0.0483258543320677 0.00824153182604873 0.0313594313489782 0.0384796271751678 0.0210948212213901 0.0127248048863251
"старик" 0.107517247558463 0.0388048117966628 0.0160849284220685 0.0241629271660338 0.0467020136809428 0.0365860032404746 0.0085510282611484 0.0210948212213901 0.0127248048863251
"тишине" 0.00895977062987188 0.0582072176949942 0.00536164280735617 0.0448740075940628 0.00824153182604873 0.0470391470234673 0.0042755141305742 0.0896529901909081 0.0296912114014252
"гений" 0 0.0194024058983314 0.0107232856147123 0.0655850880220918 0.00824153182604873 0.05749229080646 0.021377570652871 0.0421896424427803 0.0381744146589752
"дар" 0 0.051739749062217 0.00536164280735617 0.0310666206420435 0.0109887091013983 0.0888517221554383 0.0085510282611484 0.0474633477481278 0.0424160162877503
"ныне" 0.0179195412597438 0.0323373431638857 0.00536164280735617 0.0552295478080773 0.00824153182604873 0.0522657189149637 0.042755141305742 0.0316422318320852 0.0296912114014252
"тихо" 0.0179195412597438 0.097012029491657 0.0107232856147123 0.0379703141180532 0.00824153182604873 0.0418125751319709 0.0171020565222968 0.0580107583588229 0.0169664065151001
"едва" 0.0268793118896156 0.00646746863277713 0.00536164280735617 0.0276147739040387 0.0164830636520975 0.0679454345894528 0.0513061695668904 0.0421896424427803 0.0296912114014252
"домой" 0.0806379356688469 0.0194024058983314 0.0428931424588494 0.0138073869520193 0.052196368231642 0.0156797156744891 0.0299285989140194 0.0105474106106951 0.0127248048863251
"земли" 0.0179195412597438 0.051739749062217 0.0375314996514932 0.0138073869520193 0.0137358863767479 0.0522657189149637 0.042755141305742 0.0158211159160426 0.0381744146589752
"очи" 0.0179195412597438 0.0776096235933256 0.0268082140367809 0.0379703141180532 0.0164830636520975 0.0365860032404746 0.0085510282611484 0.0527370530534754 0.0127248048863251
"пока" 0.00895977062987188 0.0258698745311085 0.0160849284220685 0.0310666206420435 0.0576907227823411 0.0209062875659855 0.042755141305742 0.0158211159160426 0.0127248048863251
"ту" 0.0358390825194875 0 0.0107232856147123 0.00345184673800483 0.071426609159089 0.0209062875659855 0.0256530847834452 0.0105474106106951 0.0551408211740753
"готов" 0.0358390825194875 0.00646746863277713 0.032169856844137 0.0483258543320677 0.0137358863767479 0.0365860032404746 0.0342041130445936 0.0421896424427803 0.0169664065151001
"детей" 0.0447988531493594 0.0258698745311085 0.0375314996514932 0.020711080428029 0.0219774182027966 0.0365860032404746 0.0470306554363162 0.0316422318320852 0.0127248048863251
"жар" 0 0.00646746863277713 0.032169856844137 0.041422160856058 0.00824153182604873 0.0679454345894528 0.0085510282611484 0.0632844636641704 0.0339328130302002
"земле" 0.00895977062987188 0.0711421549605484 0.0268082140367809 0.0172592336900242 0.0164830636520975 0.0627188626979564 0.0256530847834452 0.0105474106106951 0.0381744146589752
"каждый" 0.00895977062987188 0.0129349372655543 0.032169856844137 0.020711080428029 0.0219774182027966 0.0418125751319709 0.0384796271751678 0.0316422318320852 0.0466576179165253
"одной" 0.0179195412597438 0.0323373431638857 0.0160849284220685 0.0172592336900242 0.0302189500288454 0.0261328594574818 0.042755141305742 0.0421896424427803 0.0339328130302002
"речь" 0.0268793118896156 0.0323373431638857 0.0643397136882741 0.0172592336900242 0.0439548364055933 0.0261328594574818 0.0171020565222968 0.0105474106106951 0.0212080081438751
"счастье" 0.00895977062987188 0.0840770922261027 0.032169856844137 0.0276147739040387 0.0164830636520975 0.0156797156744891 0.021377570652871 0.0105474106106951 0.0551408211740753
"видел" 0.0179195412597438 0.0388048117966628 0.0107232856147123 0.0276147739040387 0.0137358863767479 0.0365860032404746 0.0513061695668904 0.0421896424427803 0.0254496097726502
"душою" 0.00895977062987188 0.0388048117966628 0 0.0276147739040387 0.00274717727534958 0.0836251502639419 0.0384796271751678 0.0580107583588229 0.0169664065151001
"знал" 0.0268793118896156 0.0129349372655543 0.0268082140367809 0.0103555402140145 0.0357133045795445 0.0470391470234673 0.0513061695668904 0.0158211159160426 0.0254496097726502
"нибудь" 0.0179195412597438 0.0194024058983314 0.0214465712294247 0.020711080428029 0.0384604818548941 0.0209062875659855 0.0555816836974646 0.0105474106106951 0.0339328130302002
"никто" 0.0268793118896156 0.0323373431638857 0.0107232856147123 0.0241629271660338 0.0219774182027966 0.00522657189149637 0.0598571978280388 0.0369159371374328 0.0381744146589752
"первый" 0.00895977062987188 0.0129349372655543 0.0375314996514932 0.0552295478080773 0.0137358863767479 0.0209062875659855 0.042755141305742 0.0263685265267377 0.0254496097726502
"порой" 0.0358390825194875 0.0582072176949942 0.0160849284220685 0.0310666206420435 0.0137358863767479 0.0313594313489782 0.021377570652871 0.0316422318320852 0.0381744146589752
"прежде" 0.0358390825194875 0.0582072176949942 0.0375314996514932 0.0310666206420435 0.0274717727534958 0.0209062875659855 0.0171020565222968 0.0158211159160426 0.0254496097726502
"рука" 0.00895977062987188 0.0194024058983314 0.0160849284220685 0.0138073869520193 0.0164830636520975 0.0470391470234673 0.0299285989140194 0.0580107583588229 0.0508992195453003
"счастья" 0.0179195412597438 0.0711421549605484 0.0268082140367809 0.0448740075940628 0.0109887091013983 0.0365860032404746 0.0171020565222968 0.0316422318320852 0.0169664065151001
"тех" 0.0179195412597438 0.0129349372655543 0 0.0103555402140145 0.0384604818548941 0.0313594313489782 0.0684082260891872 0.00527370530534754 0.0508992195453003
"честь" 0.0179195412597438 0.0258698745311085 0.0643397136882741 0.0241629271660338 0.0137358863767479 0.0261328594574818 0.0128265423917226 0.0421896424427803 0.0424160162877503
"всей" 0.00895977062987188 0.0582072176949942 0.0482547852662056 0.020711080428029 0.0467020136809428 0.0156797156744891 0.0128265423917226 0.0105474106106951 0.0212080081438751
"дум" 0.0179195412597438 0.00646746863277713 0.0214465712294247 0.0379703141180532 0.0247245954781462 0.0365860032404746 0.0513061695668904 0.0263685265267377 0.0169664065151001
"жаль" 0.0447988531493594 0.0194024058983314 0.0482547852662056 0.00690369347600967 0.0576907227823411 0.0261328594574818 0.021377570652871 0.00527370530534754 0.0169664065151001
"жил" 0.00895977062987188 0.0388048117966628 0.032169856844137 0.0138073869520193 0.0384604818548941 0.0365860032404746 0.042755141305742 0.00527370530534754 0.0254496097726502
"моё" 0.00895977062987188 0.0258698745311085 0.0107232856147123 0.0448740075940628 0.00274717727534958 0.05749229080646 0.0299285989140194 0.0369159371374328 0.0381744146589752
"сердцу" 0.00895977062987188 0.0452722804294399 0.0107232856147123 0.0448740075940628 0.0137358863767479 0.0470391470234673 0.042755141305742 0.0263685265267377 0.0127248048863251
"след" 0.0179195412597438 0.0129349372655543 0.0160849284220685 0.062133241284087 0.0164830636520975 0.0313594313489782 0.0256530847834452 0.0263685265267377 0.0296912114014252
"стихи" 0 0.00646746863277713 0.0107232856147123 0.0586813945460822 0.00549435455069916 0.0156797156744891 0.0171020565222968 0.105474106106951 0.0254496097726502
"больше" 0.0447988531493594 0.00646746863277713 0.032169856844137 0.00690369347600967 0.0412076591302437 0.0104531437829927 0.0470306554363162 0.0158211159160426 0.0381744146589752
"кому" 0.0179195412597438 0.0129349372655543 0 0.041422160856058 0.0274717727534958 0.0365860032404746 0.042755141305742 0.0369159371374328 0.0169664065151001
"можно" 0 0.0323373431638857 0.0428931424588494 0.0379703141180532 0.0164830636520975 0.05749229080646 0.021377570652871 0.0316422318320852 0.00848320325755005
"ничего" 0.0806379356688469 0.00646746863277713 0.0750629993029864 0.0103555402140145 0.0247245954781462 0.0104531437829927 0.0342041130445936 0.00527370530534754 0.0296912114014252
"солнце" 0.00895977062987188 0.0388048117966628 0.0214465712294247 0.0241629271660338 0.0302189500288454 0.0313594313489782 0.0342041130445936 0.0158211159160426 0.0339328130302002
"странники" 0 0 0.00536164280735617 0 0.145600395593528 0 0 0 0
"были" 0.0179195412597438 0.0258698745311085 0.0375314996514932 0.0172592336900242 0.0576907227823411 0.0156797156744891 0.021377570652871 0.0105474106106951 0.0169664065151001
"горе" 0.0447988531493594 0.0129349372655543 0.0428931424588494 0.0241629271660338 0.0329661273041949 0.0156797156744891 0.021377570652871 0.0210948212213901 0.0296912114014252
"кого" 0.0447988531493594 0.0129349372655543 0.0214465712294247 0.0379703141180532 0.0247245954781462 0.0365860032404746 0.0128265423917226 0.0421896424427803 0.0169664065151001
"конь" 0.00895977062987188 0.0452722804294399 0.0536164280735617 0.0517777010700725 0.0247245954781462 0.0156797156744891 0.0342041130445936 0 0
"кровь" 0.00895977062987188 0.0129349372655543 0.032169856844137 0.0310666206420435 0.0109887091013983 0.0261328594574818 0.0555816836974646 0.0369159371374328 0.0254496097726502
"мысль" 0.0179195412597438 0.0194024058983314 0.0107232856147123 0.020711080428029 0.0164830636520975 0.0418125751319709 0.064132711958613 0.0263685265267377 0.0254496097726502
"песни" 0.00895977062987188 0.0323373431638857 0.032169856844137 0.041422160856058 0.0274717727534958 0.0104531437829927 0.0085510282611484 0.0369159371374328 0.0339328130302002
"покой" 0.0179195412597438 0.0129349372655543 0.00536164280735617 0.0345184673800483 0.0219774182027966 0.0313594313489782 0.0128265423917226 0.0580107583588229 0.0424160162877503
"такой" 0.0627183944091031 0.0129349372655543 0.0536164280735617 0.00345184673800483 0.0412076591302437 0.0156797156744891 0.021377570652871 0 0.0424160162877503
"звук" 0.0179195412597438 0.0258698745311085 0 0.0310666206420435 0.00274717727534958 0.0209062875659855 0.0726837402197614 0.0263685265267377 0.0424160162877503
"мать" 0.0268793118896156 0.00646746863277713 0.0160849284220685 0.0103555402140145 0.0467020136809428 0.0261328594574818 0.0513061695668904 0.0105474106106951 0.0254496097726502
"мужик" 0.0447988531493594 0.0258698745311085 0.00536164280735617 0 0.104392736463284 0 0 0 0.0169664065151001
"судьба" 0.0179195412597438 0.0129349372655543 0.00536164280735617 0.0241629271660338 0.0219774182027966 0.0418125751319709 0.0470306554363162 0.0263685265267377 0.0339328130302002
"часто" 0 0.0452722804294399 0.0107232856147123 0.0241629271660338 0.019230240927447 0.0365860032404746 0.0256530847834452 0.0263685265267377 0.0466576179165253
"друга" 0.0179195412597438 0.0388048117966628 0.00536164280735617 0.0379703141180532 0.0109887091013983 0.0261328594574818 0.042755141305742 0.0263685265267377 0.0296912114014252
"душу" 0.0179195412597438 0.0711421549605484 0.032169856844137 0.0276147739040387 0.0109887091013983 0.0365860032404746 0.0342041130445936 0.00527370530534754 0.0169664065151001
"крестьяне" 0.00895977062987188 0 0 0 0.134611686492129 0 0 0 0.00424160162877503
"луна" 0.00895977062987188 0.051739749062217 0.032169856844137 0.0310666206420435 0.00824153182604873 0.0679454345894528 0.021377570652871 0.0105474106106951 0.0169664065151001
"любить" 0.0179195412597438 0.00646746863277713 0.0107232856147123 0.0241629271660338 0.0164830636520975 0.0470391470234673 0.0726837402197614 0.0158211159160426 0.0169664065151001
"между" 0 0.0582072176949942 0.0643397136882741 0.0138073869520193 0.0137358863767479 0.0156797156744891 0.021377570652871 0.0316422318320852 0.0296912114014252
"море" 0.0179195412597438 0.0711421549605484 0.0107232856147123 0.0241629271660338 0.0302189500288454 0.0209062875659855 0.0256530847834452 0.0263685265267377 0.0127248048863251
"очей" 0 0.0194024058983314 0.032169856844137 0.0379703141180532 0.00274717727534958 0.0156797156744891 0.042755141305742 0.0474633477481278 0.0339328130302002
"сердцем" 0 0.0452722804294399 0.0107232856147123 0.0310666206420435 0.00824153182604873 0.0418125751319709 0.0299285989140194 0.0474633477481278 0.0254496097726502
"те" 0.0447988531493594 0.0646746863277713 0.00536164280735617 0.0103555402140145 0.0384604818548941 0.00522657189149637 0.0128265423917226 0.0474633477481278 0.0212080081438751
"чу" 0.0895977062987188 0.0194024058983314 0.0214465712294247 0.0103555402140145 0.0494491909562924 0.0156797156744891 0.0299285989140194 0.0105474106106951 0.00424160162877503
"видит" 0.00895977062987188 0.0582072176949942 0.0589780708809179 0.0172592336900242 0.019230240927447 0.0261328594574818 0.0299285989140194 0.0210948212213901 0.00424160162877503
"год" 0.0179195412597438 0.051739749062217 0.0214465712294247 0 0.0219774182027966 0.0209062875659855 0.0513061695668904 0.0210948212213901 0.0339328130302002
"луч" 0 0.0388048117966628 0.00536164280735617 0.0310666206420435 0.00549435455069916 0.0261328594574818 0.0555816836974646 0.0263685265267377 0.0381744146589752
"радости" 0.0179195412597438 0.0194024058983314 0.0214465712294247 0.0310666206420435 0.0164830636520975 0.0522657189149637 0.0085510282611484 0.0474633477481278 0.0212080081438751
"тени" 0.0358390825194875 0.0452722804294399 0.00536164280735617 0.0241629271660338 0.0109887091013983 0.0313594313489782 0.021377570652871 0.0421896424427803 0.0339328130302002
"бежит" 0.0268793118896156 0.0194024058983314 0.0375314996514932 0.0276147739040387 0.0274717727534958 0.0261328594574818 0.0128265423917226 0.0316422318320852 0.0169664065151001
"надежды" 0.00895977062987188 0.0388048117966628 0.0107232856147123 0.0310666206420435 0 0.0365860032404746 0.0299285989140194 0.0527370530534754 0.0296912114014252
"печали" 0.0268793118896156 0.00646746863277713 0.0214465712294247 0.0379703141180532 0.0109887091013983 0.0470391470234673 0.0384796271751678 0.0263685265267377 0.0127248048863251
"придёт" 0.0268793118896156 0.0258698745311085 0.0107232856147123 0.0172592336900242 0.0329661273041949 0.0261328594574818 0.0342041130445936 0.0210948212213901 0.0254496097726502
"слава" 0.00895977062987188 0.0258698745311085 0.0268082140367809 0.0517777010700725 0.00549435455069916 0.0104531437829927 0.021377570652871 0.0263685265267377 0.0424160162877503
"хотя" 0 0 0.0268082140367809 0.0172592336900242 0.0137358863767479 0.0261328594574818 0.064132711958613 0.0210948212213901 0.0424160162877503
"добрый" 0 0.0711421549605484 0.0160849284220685 0.0276147739040387 0.0329661273041949 0.0365860032404746 0.0042755141305742 0.0210948212213901 0.00848320325755005
"зато" 0.0268793118896156 0.00646746863277713 0.0482547852662056 0.0103555402140145 0.0467020136809428 0.00522657189149637 0.0299285989140194 0.0105474106106951 0.0212080081438751
"ка" 0.0537586237792313 0.0129349372655543 0.0804246421103426 0 0.0439548364055933 0 0.021377570652871 0.0105474106106951 0.00848320325755005
"кем" 0.00895977062987188 0.0194024058983314 0.0160849284220685 0.0310666206420435 0.0274717727534958 0.0261328594574818 0.0256530847834452 0.0263685265267377 0.0254496097726502
"лес" 0.00895977062987188 0.0388048117966628 0.0107232856147123 0.0172592336900242 0.0302189500288454 0.0313594313489782 0.021377570652871 0.00527370530534754 0.0466576179165253
"мало" 0.00895977062987188 0.0258698745311085 0.0268082140367809 0.0103555402140145 0.0302189500288454 0.0365860032404746 0.0299285989140194 0.0369159371374328 0.0127248048863251
"наших" 0.00895977062987188 0.00646746863277713 0.0160849284220685 0.041422160856058 0.0109887091013983 0.0156797156744891 0.0342041130445936 0.0421896424427803 0.0339328130302002
"руки" 0.0179195412597438 0.0323373431638857 0.0268082140367809 0.0276147739040387 0.0357133045795445 0.00522657189149637 0.0384796271751678 0.0210948212213901 0.00424160162877503
"страстей" 0.0179195412597438 0.0194024058983314 0.00536164280735617 0.041422160856058 0.00549435455069916 0.0104531437829927 0.0769592543503356 0.0263685265267377 0.0127248048863251
"толпой" 0.00895977062987188 0.0258698745311085 0.0107232856147123 0.0345184673800483 0.0137358863767479 0.0365860032404746 0.0384796271751678 0.0210948212213901 0.0254496097726502
"хотел" 0.0447988531493594 0.0129349372655543 0.0107232856147123 0.0138073869520193 0.0137358863767479 0.0156797156744891 0.0940613108726324 0.0105474106106951 0.0127248048863251
"беда" 0.0268793118896156 0.00646746863277713 0.0536164280735617 0.020711080428029 0.0412076591302437 0.0209062875659855 0.0085510282611484 0.0105474106106951 0.0169664065151001
"вами" 0 0.0258698745311085 0.00536164280735617 0.0310666206420435 0.0247245954781462 0.0313594313489782 0.0299285989140194 0.0210948212213901 0.0296912114014252
"дитя" 0.0358390825194875 0.0323373431638857 0.032169856844137 0.0310666206420435 0.019230240927447 0.0261328594574818 0.0171020565222968 0.0105474106106951 0.0212080081438751
"муз" 0.00895977062987188 0 0.00536164280735617 0.0655850880220918 0.00274717727534958 0.0470391470234673 0 0.068558168969518 0.0127248048863251
"навек" 0.00895977062987188 0.0258698745311085 0.0160849284220685 0.0379703141180532 0.00274717727534958 0.05749229080646 0.0256530847834452 0.0158211159160426 0.0296912114014252
"пути" 0.00895977062987188 0.00646746863277713 0.0482547852662056 0.00345184673800483 0.0329661273041949 0.0365860032404746 0.0470306554363162 0.0158211159160426 0.00848320325755005
"ужель" 0 0.00646746863277713 0.0107232856147123 0.0379703141180532 0.0109887091013983 0.0313594313489782 0.0128265423917226 0.0263685265267377 0.0636240244316254
"горит" 0.00895977062987188 0.0129349372655543 0.0160849284220685 0.0310666206420435 0.019230240927447 0.0261328594574818 0.0384796271751678 0.0421896424427803 0.00848320325755005
"гроб" 0.00895977062987188 0.0388048117966628 0.0107232856147123 0.0103555402140145 0.00824153182604873 0.0522657189149637 0.0384796271751678 0.0369159371374328 0.0212080081438751
"жена" 0.00895977062987188 0.0258698745311085 0.0160849284220685 0.00345184673800483 0.0604379000576907 0.0156797156744891 0.0085510282611484 0.0263685265267377 0.0212080081438751
"летит" 0.0179195412597438 0.0388048117966628 0.0536164280735617 0.020711080428029 0.0137358863767479 0.0209062875659855 0.0085510282611484 0.0263685265267377 0.0254496097726502
"меч" 0.00895977062987188 0.0194024058983314 0.032169856844137 0.0241629271660338 0.00274717727534958 0.0313594313489782 0.0042755141305742 0.0791055795802131 0.0254496097726502
"пир" 0 0.0323373431638857 0.0536164280735617 0.041422160856058 0.00824153182604873 0.00522657189149637 0.0299285989140194 0.0158211159160426 0.0212080081438751
"сегодня" 0.0806379356688469 0.00646746863277713 0.0482547852662056 0.0310666206420435 0.019230240927447 0.0104531437829927 0.0042755141305742 0.0263685265267377 0.0127248048863251
"сил" 0 0.0194024058983314 0.0268082140367809 0.0172592336900242 0.0274717727534958 0.0261328594574818 0.0513061695668904 0.0105474106106951 0.0169664065151001
"часы" 0.00895977062987188 0.0194024058983314 0 0.0483258543320677 0.0137358863767479 0.0418125751319709 0.0042755141305742 0.0316422318320852 0.0339328130302002
"вкруг" 0.00895977062987188 0.051739749062217 0.00536164280735617 0.020711080428029 0.00274717727534958 0.0522657189149637 0.0128265423917226 0.0369159371374328 0.0339328130302002
"иногда" 0.0447988531493594 0.00646746863277713 0.0214465712294247 0.0379703141180532 0.00824153182604873 0.0156797156744891 0.0384796271751678 0.0210948212213901 0.0212080081438751
"рукою" 0.0179195412597438 0.0323373431638857 0.0107232856147123 0.0241629271660338 0.0109887091013983 0.0261328594574818 0.0128265423917226 0.0421896424427803 0.0381744146589752
"сквозь" 0.0179195412597438 0.0711421549605484 0 0.0483258543320677 0.00274717727534958 0.0365860032404746 0.0042755141305742 0.0105474106106951 0.0296912114014252
"слез" 0.0179195412597438 0.0258698745311085 0.0160849284220685 0.0138073869520193 0.0164830636520975 0.0365860032404746 0.0299285989140194 0.0263685265267377 0.0296912114014252
"словно" 0 0.0323373431638857 0.107232856147123 0 0.0467020136809428 0 0.0085510282611484 0 0.00424160162877503
"спит" 0 0.0711421549605484 0.0268082140367809 0.0103555402140145 0.0137358863767479 0.0313594313489782 0.0256530847834452 0.0369159371374328 0.00848320325755005
"тому" 0 0.0452722804294399 0.00536164280735617 0.020711080428029 0.0164830636520975 0.0418125751319709 0.0171020565222968 0.0210948212213901 0.0381744146589752
"бой" 0.00895977062987188 0.0194024058983314 0.0482547852662056 0.0138073869520193 0.0164830636520975 0.0261328594574818 0.0128265423917226 0.0316422318320852 0.0296912114014252
"ждет" 0.00895977062987188 0.0323373431638857 0.0160849284220685 0.020711080428029 0.0109887091013983 0.05749229080646 0.0171020565222968 0.0158211159160426 0.0296912114014252
"знаешь" 0.0268793118896156 0.0194024058983314 0.0375314996514932 0.0345184673800483 0.0109887091013983 0.0261328594574818 0.0299285989140194 0.0105474106106951 0.0127248048863251
"нашей" 0 0.0194024058983314 0.0160849284220685 0.0241629271660338 0.0329661273041949 0.0261328594574818 0.0256530847834452 0.0105474106106951 0.0254496097726502
"поле" 0.0179195412597438 0.0905445608588798 0.0643397136882741 0.020711080428029 0.0137358863767479 0.00522657189149637 0.0042755141305742 0.00527370530534754 0.00848320325755005
"силы" 0.0537586237792313 0.00646746863277713 0.0160849284220685 0.0138073869520193 0.0274717727534958 0.0156797156744891 0.0384796271751678 0.0105474106106951 0.0254496097726502
"сколько" 0.00895977062987188 0.0388048117966628 0.0107232856147123 0.0241629271660338 0.0247245954781462 0.0470391470234673 0.0256530847834452 0 0.0169664065151001
"тоской" 0.0268793118896156 0.0194024058983314 0.00536164280735617 0.0172592336900242 0.00549435455069916 0.0522657189149637 0.021377570652871 0.0369159371374328 0.0339328130302002
"целый" 0 0.0194024058983314 0.032169856844137 0.0138073869520193 0.0384604818548941 0.0156797156744891 0.021377570652871 0.0316422318320852 0.0127248048863251
"вид" 0.0268793118896156 0.0323373431638857 0 0.0138073869520193 0.00824153182604873 0.0209062875659855 0.0598571978280388 0.00527370530534754 0.0381744146589752
"гром" 0.00895977062987188 0.0323373431638857 0.00536164280735617 0.041422160856058 0.00549435455069916 0.0156797156744891 0.0128265423917226 0.0474633477481278 0.0296912114014252
"дал" 0.0179195412597438 0.0258698745311085 0.0375314996514932 0.0138073869520193 0.0247245954781462 0.00522657189149637 0.021377570652871 0.0210948212213901 0.0296912114014252
"зовёт" 0.0179195412597438 0.0129349372655543 0 0.0448740075940628 0.0164830636520975 0.0365860032404746 0.0128265423917226 0.0105474106106951 0.0339328130302002
"красоты" 0.0179195412597438 0.0452722804294399 0 0.041422160856058 0.00824153182604873 0.00522657189149637 0.0384796271751678 0.0210948212213901 0.0212080081438751
"лицо" 0.0268793118896156 0.0194024058983314 0.0268082140367809 0.00690369347600967 0.0302189500288454 0.0313594313489782 0.0128265423917226 0.0263685265267377 0.0212080081438751
"мире" 0.00895977062987188 0.0388048117966628 0.0268082140367809 0.0310666206420435 0.00549435455069916 0.0156797156744891 0.021377570652871 0.0158211159160426 0.0381744146589752
"моим" 0.00895977062987188 0.00646746863277713 0.0214465712294247 0.020711080428029 0.00549435455069916 0.0365860032404746 0.0342041130445936 0.0158211159160426 0.0466576179165253
"поёт" 0.0179195412597438 0.0258698745311085 0.0536164280735617 0.0172592336900242 0.0219774182027966 0.0209062875659855 0.0085510282611484 0.0316422318320852 0.00848320325755005
"предо" 0 0.0323373431638857 0.00536164280735617 0.0172592336900242 0.00824153182604873 0.0261328594574818 0.0171020565222968 0.0210948212213901 0.0678656260604004
"пришёл" 0.0179195412597438 0.0129349372655543 0.032169856844137 0.0103555402140145 0.0549435455069916 0.0261328594574818 0.0042755141305742 0.0158211159160426 0.00424160162877503
"смерти" 0.00895977062987188 0.0323373431638857 0.0214465712294247 0.0345184673800483 0.0109887091013983 0.0104531437829927 0.0384796271751678 0.0263685265267377 0.0127248048863251
"судьбе" 0.0268793118896156 0.0129349372655543 0.0214465712294247 0.0345184673800483 0.00549435455069916 0.0156797156744891 0.0384796271751678 0.0263685265267377 0.0212080081438751
"чему" 0.0358390825194875 0 0 0.0379703141180532 0.0137358863767479 0.0313594313489782 0.0171020565222968 0.0210948212213901 0.0381744146589752
"будешь" 0 0.051739749062217 0.0268082140367809 0.041422160856058 0.00549435455069916 0.0261328594574818 0.021377570652871 0.0158211159160426 0.00848320325755005
"глаз" 0.0179195412597438 0.0323373431638857 0.0160849284220685 0.0138073869520193 0.0302189500288454 0.0261328594574818 0.0342041130445936 0.0105474106106951 0.00848320325755005
"говорил" 0.0268793118896156 0 0.0428931424588494 0.0103555402140145 0.019230240927447 0.0418125751319709 0.0256530847834452 0.0158211159160426 0.0169664065151001
"грозный" 0 0.0323373431638857 0 0.0345184673800483 0.00549435455069916 0.0104531437829927 0.0171020565222968 0.0580107583588229 0.0339328130302002
"живой" 0.00895977062987188 0.0323373431638857 0.00536164280735617 0.0483258543320677 0.0137358863767479 0.0104531437829927 0.0299285989140194 0.0263685265267377 0.00848320325755005
"лежит" 0.0268793118896156 0.0258698745311085 0.0107232856147123 0.0276147739040387 0.0219774182027966 0.0365860032404746 0.0171020565222968 0.0105474106106951 0.0169664065151001
"неё" 0.071678165038975 0.0194024058983314 0.032169856844137 0.0172592336900242 0.0109887091013983 0.0104531437829927 0.0299285989140194 0.0158211159160426 0.0169664065151001
"радость" 0.0268793118896156 0.0582072176949942 0.0107232856147123 0.020711080428029 0.00824153182604873 0.0522657189149637 0.0128265423917226 0.0263685265267377 0.00424160162877503
"сидит" 0.0179195412597438 0.0194024058983314 0.0268082140367809 0.020711080428029 0.0412076591302437 0.0261328594574818 0.0042755141305742 0.0210948212213901 0.00424160162877503
"сюда" 0.0268793118896156 0.0129349372655543 0.0214465712294247 0.0103555402140145 0.0302189500288454 0 0.042755141305742 0.0263685265267377 0.0169664065151001
"удел" 0.00895977062987188 0.0129349372655543 0 0.0379703141180532 0.00549435455069916 0.0522657189149637 0.0342041130445936 0.0158211159160426 0.0212080081438751
"ха" 0 0 0.032169856844137 0 0.0988983819125848 0 0 0 0
"дня" 0.00895977062987188 0.0323373431638857 0.0214465712294247 0.0138073869520193 0.0247245954781462 0.0156797156744891 0.0342041130445936 0.0105474106106951 0.0212080081438751
"конец" 0.0179195412597438 0.0323373431638857 0.0268082140367809 0.00690369347600967 0.0164830636520975 0.0156797156744891 0.0342041130445936 0.0105474106106951 0.0339328130302002
"мира" 0 0.0388048117966628 0.00536164280735617 0.0483258543320677 0.00274717727534958 0.0156797156744891 0.0342041130445936 0.0263685265267377 0.0127248048863251
"нему" 0.0179195412597438 0.0194024058983314 0.0428931424588494 0.0138073869520193 0.0164830636520975 0.0156797156744891 0.0299285989140194 0.0158211159160426 0.0212080081438751
"святой" 0 0.0452722804294399 0.0107232856147123 0.0310666206420435 0.00274717727534958 0.0365860032404746 0.0128265423917226 0.0210948212213901 0.0339328130302002
"слов" 0.00895977062987188 0.0129349372655543 0 0.0103555402140145 0.0164830636520975 0.0365860032404746 0.0470306554363162 0.0263685265267377 0.0254496097726502
"бога" 0.0179195412597438 0.0582072176949942 0.032169856844137 0.0276147739040387 0.0109887091013983 0.0104531437829927 0.0171020565222968 0.0263685265267377 0
"глядит" 0.00895977062987188 0.0194024058983314 0.032169856844137 0.0345184673800483 0.0164830636520975 0.0156797156744891 0.021377570652871 0.0210948212213901 0.00848320325755005
"дети" 0.0268793118896156 0.0388048117966628 0.0107232856147123 0.00690369347600967 0.0247245954781462 0.0104531437829927 0.0128265423917226 0.0263685265267377 0.0339328130302002
"родной" 0.0268793118896156 0.0194024058983314 0.0107232856147123 0.0103555402140145 0.0274717727534958 0.00522657189149637 0.042755141305742 0.0158211159160426 0.0212080081438751
"света" 0.00895977062987188 0.0323373431638857 0.0160849284220685 0.0379703141180532 0.00549435455069916 0.0313594313489782 0.0171020565222968 0.0263685265267377 0.0127248048863251
"слово" 0.0627183944091031 0.00646746863277713 0.0160849284220685 0.00690369347600967 0.0631850773330403 0.00522657189149637 0.0042755141305742 0.00527370530534754 0.00424160162877503
"собою" 0 0.0258698745311085 0.0107232856147123 0.0345184673800483 0.00274717727534958 0.0209062875659855 0.0256530847834452 0.0210948212213901 0.0381744146589752
"судьбы" 0 0.0129349372655543 0.00536164280735617 0.0172592336900242 0.00824153182604873 0.0627188626979564 0.0342041130445936 0.0105474106106951 0.0296912114014252
"та" 0.0179195412597438 0.0129349372655543 0.0482547852662056 0.0103555402140145 0.0384604818548941 0.0104531437829927 0.0171020565222968 0.00527370530534754 0.0127248048863251
"твоё" 0.0179195412597438 0.0323373431638857 0.00536164280735617 0.0103555402140145 0.00549435455069916 0.0418125751319709 0.0171020565222968 0.0210948212213901 0.0466576179165253
"юности" 0 0.0194024058983314 0 0.0483258543320677 0.0109887091013983 0.0313594313489782 0.0171020565222968 0.0210948212213901 0.0212080081438751
"бедный" 0.0268793118896156 0.051739749062217 0.0107232856147123 0.0172592336900242 0.0137358863767479 0.00522657189149637 0.021377570652871 0.0316422318320852 0.0169664065151001
"верный" 0 0.0129349372655543 0 0.0517777010700725 0.00549435455069916 0.0365860032404746 0 0.0580107583588229 0.00848320325755005
"взгляд" 0.0268793118896156 0.00646746863277713 0.0160849284220685 0.0138073869520193 0.00274717727534958 0.0313594313489782 0.042755141305742 0.0158211159160426 0.0339328130302002
"две" 0.0268793118896156 0.0129349372655543 0.0428931424588494 0.020711080428029 0.0329661273041949 0.0156797156744891 0.0042755141305742 0.0158211159160426 0.00424160162877503
"знает" 0.00895977062987188 0.0194024058983314 0.0268082140367809 0.0138073869520193 0.00824153182604873 0.0313594313489782 0.0299285989140194 0.00527370530534754 0.0381744146589752
"конечно" 0.0268793118896156 0 0.0107232856147123 0.0345184673800483 0.0302189500288454 0.0209062875659855 0.0042755141305742 0.00527370530534754 0.0296912114014252
"печальный" 0 0.0129349372655543 0 0.0276147739040387 0.0164830636520975 0.0313594313489782 0.0342041130445936 0.0263685265267377 0.0169664065151001
"рок" 0 0.0388048117966628 0.00536164280735617 0.0103555402140145 0.00824153182604873 0.0365860032404746 0.0171020565222968 0.00527370530534754 0.0593824228028504
"сел" 0 0.0323373431638857 0.0589780708809179 0 0.0164830636520975 0.0261328594574818 0.0171020565222968 0.0158211159160426 0.0212080081438751
"сне" 0.0179195412597438 0.0258698745311085 0.00536164280735617 0.0310666206420435 0.0137358863767479 0.0418125751319709 0.0171020565222968 0.0158211159160426 0.0127248048863251
"сто" 0.00895977062987188 0.0323373431638857 0.0268082140367809 0.0103555402140145 0.0219774182027966 0.0209062875659855 0.0256530847834452 0.0263685265267377 0.00848320325755005
"страх" 0.0179195412597438 0.0258698745311085 0.032169856844137 0.0310666206420435 0.0109887091013983 0.0156797156744891 0.021377570652871 0.0210948212213901 0.00848320325755005
"суд" 0.0358390825194875 0.0194024058983314 0.0160849284220685 0.00690369347600967 0.0247245954781462 0.0156797156744891 0.0342041130445936 0.0158211159160426 0.0169664065151001
"чувства" 0 0.0194024058983314 0.0107232856147123 0.0379703141180532 0.0137358863767479 0.0156797156744891 0.021377570652871 0.0316422318320852 0.0169664065151001
"блеск" 0 0.0194024058983314 0 0.0172592336900242 0.0109887091013983 0.0365860032404746 0.0342041130445936 0.0210948212213901 0.0296912114014252
"везде" 0 0 0.0107232856147123 0.0345184673800483 0.00549435455069916 0.0365860032404746 0.0085510282611484 0.0421896424427803 0.0296912114014252
"господа" 0.0447988531493594 0.00646746863277713 0.0589780708809179 0.0138073869520193 0.0219774182027966 0.0156797156744891 0.0085510282611484 0.0105474106106951 0.00848320325755005
"довольно" 0.0358390825194875 0 0 0.0448740075940628 0.0247245954781462 0.00522657189149637 0.0256530847834452 0.0210948212213901 0.00424160162877503
"земля" 0.0268793118896156 0.0258698745311085 0.00536164280735617 0.0138073869520193 0.0164830636520975 0.0365860032404746 0.0171020565222968 0.0158211159160426 0.0254496097726502
"который" 0 0.00646746863277713 0 0.0310666206420435 0.019230240927447 0.0209062875659855 0.0342041130445936 0.0105474106106951 0.0296912114014252
"могу" 0.0358390825194875 0.0129349372655543 0.0107232856147123 0.0138073869520193 0.00824153182604873 0.0156797156744891 0.0470306554363162 0.0105474106106951 0.0296912114014252
"молчит" 0.00895977062987188 0.0129349372655543 0.00536164280735617 0.0310666206420435 0.0247245954781462 0.0418125751319709 0.0171020565222968 0.0105474106106951 0.00848320325755005
"никогда" 0.0179195412597438 0.00646746863277713 0.0160849284220685 0.0172592336900242 0.0137358863767479 0.0156797156744891 0.0342041130445936 0.0263685265267377 0.0254496097726502
"печаль" 0 0.0258698745311085 0.0160849284220685 0.020711080428029 0.0219774182027966 0.0365860032404746 0.0128265423917226 0.0263685265267377 0.00848320325755005
"русской" 0.0268793118896156 0.0388048117966628 0.0214465712294247 0.0276147739040387 0.019230240927447 0 0.0042755141305742 0.0369159371374328 0.00848320325755005
"близ" 0 0.0452722804294399 0.00536164280735617 0.0172592336900242 0 0.0313594313489782 0.0128265423917226 0.0474633477481278 0.0254496097726502
"быстро" 0.0179195412597438 0.0258698745311085 0.00536164280735617 0.0172592336900242 0.019230240927447 0.0261328594574818 0.021377570652871 0.0210948212213901 0.0169664065151001
"жребий" 0 0.0129349372655543 0.00536164280735617 0.0138073869520193 0.00549435455069916 0.0156797156744891 0.021377570652871 0.0421896424427803 0.0508992195453003
"очень" 0 0.0129349372655543 0.0268082140367809 0.020711080428029 0.0329661273041949 0.0209062875659855 0.0128265423917226 0.0158211159160426 0.00848320325755005
"природы" 0.0268793118896156 0.00646746863277713 0 0.0241629271660338 0 0.0209062875659855 0.021377570652871 0.0105474106106951 0.0636240244316254
"прочь" 0.0268793118896156 0.0129349372655543 0.032169856844137 0.020711080428029 0.0247245954781462 0.0156797156744891 0.0171020565222968 0 0.0169664065151001
"русский" 0.00895977062987188 0.0711421549605484 0.00536164280735617 0.00345184673800483 0.0219774182027966 0.00522657189149637 0.0256530847834452 0.0263685265267377 0.0127248048863251
"сама" 0.00895977062987188 0.0194024058983314 0.0268082140367809 0.00690369347600967 0.0357133045795445 0.0104531437829927 0.0171020565222968 0.0210948212213901 0.0127248048863251
"своё" 0.0447988531493594 0.0194024058983314 0.0375314996514932 0.0172592336900242 0.0164830636520975 0.0156797156744891 0.0042755141305742 0.0210948212213901 0.0127248048863251
"совсем" 0.0179195412597438 0.00646746863277713 0.0160849284220685 0.020711080428029 0.0164830636520975 0.0156797156744891 0.0128265423917226 0.0158211159160426 0.0424160162877503
"стих" 0.0268793118896156 0.00646746863277713 0 0.020711080428029 0.0109887091013983 0.00522657189149637 0.0171020565222968 0.0158211159160426 0.0636240244316254
"тихий" 0 0.00646746863277713 0 0.00345184673800483 0.00274717727534958 0.0365860032404746 0.0128265423917226 0.0369159371374328 0.0721072276891754
"тишина" 0.0268793118896156 0.0323373431638857 0.00536164280735617 0.020711080428029 0.0109887091013983 0.0470391470234673 0.0128265423917226 0.0158211159160426 0.0127248048863251
"ужели" 0 0.00646746863277713 0 0.0241629271660338 0.00549435455069916 0.0261328594574818 0.0384796271751678 0.0369159371374328 0.0254496097726502
"царя" 0.00895977062987188 0 0.0589780708809179 0.0138073869520193 0.0109887091013983 0.0156797156744891 0 0.0527370530534754 0.0169664065151001
"цвет" 0.00895977062987188 0.0323373431638857 0.0160849284220685 0.020711080428029 0.00274717727534958 0.0522657189149637 0.021377570652871 0.0158211159160426 0.0127248048863251
"шел" 0 0.00646746863277713 0.0214465712294247 0.00345184673800483 0.0247245954781462 0.0209062875659855 0.042755141305742 0.0210948212213901 0.0169664065151001
"взоры" 0.00895977062987188 0.0129349372655543 0.00536164280735617 0.0345184673800483 0.00549435455069916 0.0156797156744891 0.0171020565222968 0.0369159371374328 0.0254496097726502
"вина" 0.0537586237792313 0.0129349372655543 0.0214465712294247 0.0276147739040387 0.0329661273041949 0 0.0042755141305742 0.00527370530534754 0.00848320325755005
"вокруг" 0.00895977062987188 0.0129349372655543 0.00536164280735617 0.0138073869520193 0.0109887091013983 0.0365860032404746 0.0256530847834452 0.0421896424427803 0.0127248048863251
"звон" 0 0.0258698745311085 0 0.0310666206420435 0.0247245954781462 0.0209062875659855 0.0128265423917226 0.00527370530534754 0.0254496097726502
"землю" 0.0179195412597438 0.00646746863277713 0.032169856844137 0.00345184673800483 0.0164830636520975 0.0261328594574818 0.042755141305742 0.0105474106106951 0.0127248048863251
"или" 0 0.0646746863277713 0.0643397136882741 0.00345184673800483 0.0109887091013983 0.00522657189149637 0.0171020565222968 0.00527370530534754 0.0127248048863251
"круг" 0 0.0258698745311085 0.00536164280735617 0.0310666206420435 0.00549435455069916 0.0522657189149637 0.0085510282611484 0.0105474106106951 0.0254496097726502
"любовью" 0 0.0194024058983314 0.0268082140367809 0.020711080428029 0.00549435455069916 0.0313594313489782 0.0128265423917226 0.0316422318320852 0.0212080081438751
"музы" 0 0.0194024058983314 0 0.0345184673800483 0.00274717727534958 0.0313594313489782 0 0.0580107583588229 0.0212080081438751
"новый" 0 0.00646746863277713 0.0428931424588494 0.020711080428029 0.019230240927447 0.0156797156744891 0.0171020565222968 0.0210948212213901 0.0127248048863251
"пал" 0.00895977062987188 0.00646746863277713 0.0160849284220685 0.0103555402140145 0.00274717727534958 0 0.0085510282611484 0.110747811412298 0.0169664065151001
"певца" 0 0.00646746863277713 0 0.0345184673800483 0 0.0836251502639419 0.0085510282611484 0.0158211159160426 0.0169664065151001
"пор" 0.00895977062987188 0.00646746863277713 0.00536164280735617 0.00690369347600967 0.0329661273041949 0.0104531437829927 0.0470306554363162 0.00527370530534754 0.0212080081438751
"поэта" 0 0.00646746863277713 0 0.041422160856058 0.0109887091013983 0.0209062875659855 0.0128265423917226 0.0369159371374328 0.0212080081438751
"ужасный" 0.0179195412597438 0.0388048117966628 0.00536164280735617 0.0241629271660338 0.00824153182604873 0.0156797156744891 0.0042755141305742 0.0369159371374328 0.0254496097726502
"эй" 0.00895977062987188 0.0129349372655543 0.032169856844137 0.00345184673800483 0.0659322546083899 0.00522657189149637 0 0 0.00424160162877503
"богу" 0.00895977062987188 0.0323373431638857 0.0214465712294247 0.041422160856058 0.00824153182604873 0.0209062875659855 0.0085510282611484 0.0105474106106951 0.00848320325755005
"бурь" 0 0.00646746863277713 0.00536164280735617 0.020711080428029 0.0109887091013983 0.0261328594574818 0.0256530847834452 0.0263685265267377 0.0296912114014252
"вдали" 0 0.0323373431638857 0.00536164280735617 0.0345184673800483 0.0109887091013983 0.0365860032404746 0.0085510282611484 0 0.0254496097726502
"видно" 0.0447988531493594 0.0452722804294399 0.0428931424588494 0.00690369347600967 0.0164830636520975 0 0.0128265423917226 0.00527370530534754 0.0127248048863251
"вино" 0.0268793118896156 0.0258698745311085 0.032169856844137 0.0310666206420435 0.0137358863767479 0.0156797156744891 0.021377570652871 0 0
"герой" 0.0179195412597438 0.0323373431638857 0.0160849284220685 0.0241629271660338 0.0109887091013983 0.0156797156744891 0.0256530847834452 0.0210948212213901 0.00424160162877503
"головой" 0.0179195412597438 0.0129349372655543 0.0160849284220685 0.0172592336900242 0.0247245954781462 0.00522657189149637 0.0256530847834452 0.0210948212213901 0.0127248048863251
"гремит" 0.0179195412597438 0.0129349372655543 0.0160849284220685 0.0241629271660338 0.0274717727534958 0.00522657189149637 0.0128265423917226 0 0.0296912114014252
"дверь" 0 0.0258698745311085 0.0482547852662056 0.0241629271660338 0.0137358863767479 0.0261328594574818 0.0128265423917226 0.0105474106106951 0
"кажется" 0.0179195412597438 0 0.00536164280735617 0.0241629271660338 0.0164830636520975 0.0261328594574818 0.0085510282611484 0.0210948212213901 0.0339328130302002
"конца" 0.0268793118896156 0.0194024058983314 0.0268082140367809 0.020711080428029 0.0109887091013983 0.0104531437829927 0.0299285989140194 0.00527370530534754 0.0169664065151001
"могилы" 0.0179195412597438 0.0194024058983314 0.00536164280735617 0.00690369347600967 0.0109887091013983 0.0209062875659855 0.0256530847834452 0.0316422318320852 0.0296912114014252
"народа" 0.0179195412597438 0 0.0160849284220685 0.0172592336900242 0.0137358863767479 0.0156797156744891 0.021377570652871 0.0369159371374328 0.0212080081438751
"небеса" 0.0358390825194875 0.0194024058983314 0.0375314996514932 0.00690369347600967 0.00274717727534958 0.0313594313489782 0.0042755141305742 0.0210948212213901 0.0296912114014252
"пел" 0.00895977062987188 0.0258698745311085 0.0375314996514932 0.0345184673800483 0.0164830636520975 0.0104531437829927 0.0085510282611484 0.00527370530534754 0.00848320325755005
"сих" 0 0.0194024058983314 0.0107232856147123 0.0103555402140145 0.00274717727534958 0.05749229080646 0.0128265423917226 0.0210948212213901 0.0339328130302002
"скажу" 0.00895977062987188 0 0.0160849284220685 0.020711080428029 0.0329661273041949 0.0156797156744891 0.0128265423917226 0.00527370530534754 0.0254496097726502
"тоже" 0.0179195412597438 0.0129349372655543 0.0268082140367809 0.00345184673800483 0.0549435455069916 0 0.0128265423917226 0 0.00848320325755005
"улыбкой" 0.00895977062987188 0.0129349372655543 0.0268082140367809 0.0379703141180532 0.00549435455069916 0.0104531437829927 0.0042755141305742 0.0421896424427803 0.0127248048863251
"черты" 0.0179195412597438 0.0194024058983314 0.00536164280735617 0.0379703141180532 0.00549435455069916 0 0.021377570652871 0.0105474106106951 0.0381744146589752
"эти" 0.0537586237792313 0.0258698745311085 0.0160849284220685 0.00345184673800483 0.0384604818548941 0 0.0128265423917226 0.0105474106106951 0.00848320325755005
"юных" 0 0.0323373431638857 0.00536164280735617 0.020711080428029 0 0.00522657189149637 0.042755141305742 0.0369159371374328 0.0212080081438751
"брань" 0.00895977062987188 0.00646746863277713 0.00536164280735617 0.0241629271660338 0.00824153182604873 0.0156797156744891 0 0.0527370530534754 0.0339328130302002
"великий" 0 0.051739749062217 0.0160849284220685 0.0103555402140145 0.0219774182027966 0.00522657189149637 0.021377570652871 0.00527370530534754 0.0212080081438751
"вечер" 0.00895977062987188 0.00646746863277713 0.0160849284220685 0.0345184673800483 0.00824153182604873 0.0261328594574818 0.021377570652871 0.0158211159160426 0.0127248048863251
"враг" 0 0.0258698745311085 0.0160849284220685 0.0103555402140145 0.0137358863767479 0.0470391470234673 0.0128265423917226 0.0210948212213901 0.0127248048863251
"дева" 0 0.0388048117966628 0.0107232856147123 0.0310666206420435 0.00274717727534958 0.0156797156744891 0.0171020565222968 0.0369159371374328 0.00848320325755005
"князь" 0.00895977062987188 0.00646746863277713 0.0589780708809179 0.0172592336900242 0.0302189500288454 0.00522657189149637 0.0042755141305742 0 0.0127248048863251
"краса" 0 0.0258698745311085 0.0375314996514932 0.0172592336900242 0.0109887091013983 0.0313594313489782 0.0042755141305742 0.00527370530534754 0.0254496097726502
"кричит" 0.0179195412597438 0.0129349372655543 0.0214465712294247 0 0.0604379000576907 0.00522657189149637 0.0042755141305742 0 0.00848320325755005
"моём" 0.0179195412597438 0.00646746863277713 0 0.0138073869520193 0.0164830636520975 0.0104531437829927 0.0342041130445936 0.0316422318320852 0.0212080081438751
"невольно" 0.0268793118896156 0.00646746863277713 0 0.020711080428029 0.0137358863767479 0.0104531437829927 0.0299285989140194 0.0369159371374328 0.0127248048863251
"нужно" 0.00895977062987188 0.0194024058983314 0.0482547852662056 0.0172592336900242 0.0219774182027966 0.00522657189149637 0.021377570652871 0.00527370530534754 0.00424160162877503
"ответ" 0.0358390825194875 0.00646746863277713 0.0107232856147123 0.020711080428029 0.019230240927447 0.0209062875659855 0.0128265423917226 0.0263685265267377 0.00848320325755005
"печать" 0.0537586237792313 0 0.0107232856147123 0.00690369347600967 0.0137358863767479 0.0209062875659855 0.0256530847834452 0.0369159371374328 0.00848320325755005
"природа" 0.00895977062987188 0.0194024058983314 0.00536164280735617 0.0138073869520193 0.00274717727534958 0.0313594313489782 0.042755141305742 0.00527370530534754 0.0296912114014252
"роковой" 0.00895977062987188 0.0194024058983314 0.00536164280735617 0.0172592336900242 0.0137358863767479 0.0104531437829927 0.042755141305742 0.0316422318320852 0.00424160162877503
"стихов" 0 0.0129349372655543 0 0.0483258543320677 0.0109887091013983 0.0104531437829927 0.0128265423917226 0.0210948212213901 0.0212080081438751
"страсти" 0.0268793118896156 0.0323373431638857 0.0160849284220685 0.0138073869520193 0.00824153182604873 0.0104531437829927 0.0299285989140194 0.0263685265267377 0.00848320325755005
"булат" 0 0.0129349372655543 0.160849284220685 0 0 0 0 0 0.00424160162877503
"вотще" 0 0.0194024058983314 0 0.0138073869520193 0 0.0418125751319709 0.0085510282611484 0.0527370530534754 0.0254496097726502
"говорят" 0.0806379356688469 0.0323373431638857 0.0375314996514932 0.00345184673800483 0.0137358863767479 0 0.0171020565222968 0.00527370530534754 0.00424160162877503
"дедушка" 0 0 0.032169856844137 0 0.0659322546083899 0.0104531437829927 0 0 0.00424160162877503
"других" 0.0268793118896156 0.0129349372655543 0.0107232856147123 0.0138073869520193 0.00824153182604873 0.0104531437829927 0.0384796271751678 0.0263685265267377 0.0127248048863251
"закон" 0.00895977062987188 0.0194024058983314 0 0.0310666206420435 0.00824153182604873 0.0156797156744891 0.0128265423917226 0.0474633477481278 0.00848320325755005
"коня" 0.00895977062987188 0.0323373431638857 0.0643397136882741 0.0103555402140145 0.0274717727534958 0.00522657189149637 0 0.00527370530534754 0
"которых" 0.0447988531493594 0 0 0.00690369347600967 0.0109887091013983 0.0156797156744891 0.0256530847834452 0.0158211159160426 0.0424160162877503
"минуту" 0.0268793118896156 0.0258698745311085 0.0428931424588494 0.00690369347600967 0 0.0313594313489782 0.021377570652871 0.0158211159160426 0.00848320325755005
"мрак" 0 0.0388048117966628 0.0107232856147123 0.020711080428029 0.0109887091013983 0.0261328594574818 0.0128265423917226 0.0158211159160426 0.0169664065151001
"народу" 0.0358390825194875 0 0.00536164280735617 0.0138073869520193 0.0384604818548941 0.00522657189149637 0.0128265423917226 0.00527370530534754 0.0212080081438751
"однако" 0.0268793118896156 0 0 0.00345184673800483 0.0549435455069916 0.0104531437829927 0.0299285989140194 0 0
"ой" 0.00895977062987188 0 0.0160849284220685 0.00345184673800483 0.0686794318837395 0.00522657189149637 0 0 0.00848320325755005
"полна" 0.0179195412597438 0.0194024058983314 0.0107232856147123 0.020711080428029 0.0109887091013983 0.0261328594574818 0.0171020565222968 0.0158211159160426 0.0169664065151001
"сколь" 0 0.0129349372655543 0 0 0 0.0679454345894528 0 0.0369159371374328 0.0466576179165253
"скорей" 0 0.00646746863277713 0.0589780708809179 0.0103555402140145 0.0274717727534958 0.00522657189149637 0 0.0105474106106951 0.0212080081438751
"тьме" 0 0.0129349372655543 0.00536164280735617 0.020711080428029 0 0.0470391470234673 0.0085510282611484 0.0369159371374328 0.0254496097726502
"юноша" 0 0.0388048117966628 0 0.0241629271660338 0.00274717727534958 0.0104531437829927 0.0299285989140194 0.0263685265267377 0.0212080081438751
"ангел" 0 0.0582072176949942 0.00536164280735617 0.020711080428029 0.00824153182604873 0.00522657189149637 0.0256530847834452 0.0158211159160426 0.0127248048863251
"главой" 0 0.0129349372655543 0 0.0483258543320677 0.00549435455069916 0.0261328594574818 0 0.0369159371374328 0.00848320325755005
"дружбы" 0.00895977062987188 0.0194024058983314 0.00536164280735617 0.0241629271660338 0 0.0418125751319709 0.0128265423917226 0.0263685265267377 0.0169664065151001
"думал" 0.0179195412597438 0.00646746863277713 0.032169856844137 0.020711080428029 0.0164830636520975 0.00522657189149637 0.0085510282611484 0.0263685265267377 0.0127248048863251
"земных" 0 0 0.0107232856147123 0.0138073869520193 0.00549435455069916 0.0261328594574818 0.0299285989140194 0.0316422318320852 0.0254496097726502
"идут" 0.0179195412597438 0.00646746863277713 0.0375314996514932 0.00690369347600967 0.0329661273041949 0.0156797156744891 0 0.0158211159160426 0.00848320325755005
"какие" 0.0358390825194875 0.00646746863277713 0.0107232856147123 0.0103555402140145 0.0247245954781462 0.00522657189149637 0.0128265423917226 0 0.0381744146589752
"наша" 0.0358390825194875 0.00646746863277713 0.0107232856147123 0.0276147739040387 0.0137358863767479 0.0209062875659855 0.0256530847834452 0.00527370530534754 0.00424160162877503
"неба" 0.00895977062987188 0.0194024058983314 0.0107232856147123 0.0276147739040387 0.00824153182604873 0.0261328594574818 0.0085510282611484 0.0210948212213901 0.0169664065151001
"нельзя" 0.0179195412597438 0 0.0160849284220685 0.0172592336900242 0.0137358863767479 0.0156797156744891 0.0085510282611484 0.0263685265267377 0.0296912114014252
"нею" 0.00895977062987188 0.051739749062217 0.0107232856147123 0.0138073869520193 0.0302189500288454 0.0156797156744891 0 0 0.0127248048863251
"пошёл" 0.0268793118896156 0.0452722804294399 0.0214465712294247 0.00690369347600967 0.0247245954781462 0.00522657189149637 0.021377570652871 0.00527370530534754 0
"свобода" 0.0179195412597438 0.0129349372655543 0.00536164280735617 0.0345184673800483 0.00274717727534958 0.0209062875659855 0.0042755141305742 0.0316422318320852 0.0212080081438751
"священный" 0 0.00646746863277713 0 0.00690369347600967 0.00274717727534958 0.0365860032404746 0.0042755141305742 0.0580107583588229 0.0381744146589752
"слезами" 0.0179195412597438 0 0.0268082140367809 0.020711080428029 0.0137358863767479 0.0104531437829927 0.021377570652871 0.0158211159160426 0.0169664065151001
"слезы" 0.0268793118896156 0.0194024058983314 0.0214465712294247 0.0172592336900242 0.0137358863767479 0.00522657189149637 0.0171020565222968 0.0105474106106951 0.0212080081438751
"стоят" 0 0.0194024058983314 0.0160849284220685 0.00345184673800483 0.0412076591302437 0.0104531437829927 0.0171020565222968 0.0105474106106951 0.00848320325755005
"такая" 0.0268793118896156 0 0.0268082140367809 0.00345184673800483 0.052196368231642 0 0.0128265423917226 0 0.00424160162877503
"точно" 0.0179195412597438 0.0129349372655543 0.0268082140367809 0.0103555402140145 0.0302189500288454 0 0.0171020565222968 0.00527370530534754 0.0169664065151001
"царей" 0 0.00646746863277713 0 0.020711080428029 0.00274717727534958 0.0261328594574818 0.0042755141305742 0.068558168969518 0.0212080081438751
"весело" 0.00895977062987188 0.00646746863277713 0.0160849284220685 0.00690369347600967 0.0302189500288454 0.0156797156744891 0.0128265423917226 0.0210948212213901 0.0127248048863251
"весть" 0 0.0258698745311085 0.00536164280735617 0.00690369347600967 0.0247245954781462 0.0261328594574818 0.0171020565222968 0.0210948212213901 0.00848320325755005
"волн" 0 0.0129349372655543 0 0.0276147739040387 0.0109887091013983 0.0470391470234673 0.0085510282611484 0.0105474106106951 0.0169664065151001
"дела" 0.0179195412597438 0 0.0214465712294247 0.0172592336900242 0.0164830636520975 0 0.042755141305742 0.00527370530534754 0.0127248048863251
"дочь" 0.0268793118896156 0.00646746863277713 0.0482547852662056 0.00345184673800483 0.0164830636520975 0.0104531437829927 0.0256530847834452 0 0.0127248048863251
"желанья" 0.00895977062987188 0.0129349372655543 0 0.041422160856058 0 0.0104531437829927 0.0256530847834452 0.0210948212213901 0.0169664065151001
"звуки" 0.00895977062987188 0.0194024058983314 0 0.0345184673800483 0.00824153182604873 0.00522657189149637 0.0256530847834452 0.0158211159160426 0.0169664065151001
"земной" 0 0.0258698745311085 0.00536164280735617 0.0172592336900242 0.00274717727534958 0.0365860032404746 0.021377570652871 0 0.0339328130302002
"милых" 0 0.00646746863277713 0.00536164280735617 0.0345184673800483 0.0109887091013983 0.0104531437829927 0.0128265423917226 0.0316422318320852 0.0169664065151001
"назад" 0.0268793118896156 0.0194024058983314 0.0268082140367809 0.00690369347600967 0.0137358863767479 0.0156797156744891 0.0085510282611484 0 0.0339328130302002
"ночной" 0.00895977062987188 0.0129349372655543 0.0107232856147123 0.0276147739040387 0.00274717727534958 0.0365860032404746 0.0042755141305742 0.0316422318320852 0.0127248048863251
"огонь" 0.0268793118896156 0.0194024058983314 0.0107232856147123 0.0241629271660338 0.0109887091013983 0.00522657189149637 0.0256530847834452 0.0105474106106951 0.0127248048863251
"право" 0 0.0258698745311085 0.0375314996514932 0.0241629271660338 0.00274717727534958 0.0104531437829927 0.0171020565222968 0.0210948212213901 0.00848320325755005
"праздник" 0.00895977062987188 0.0129349372655543 0.032169856844137 0.020711080428029 0.0219774182027966 0.0209062875659855 0.0042755141305742 0 0.0127248048863251
"рано" 0.00895977062987188 0.0129349372655543 0.0214465712294247 0.00690369347600967 0.00824153182604873 0.00522657189149637 0.0299285989140194 0.0263685265267377 0.0254496097726502
"ряд" 0.0268793118896156 0.00646746863277713 0.0160849284220685 0.0103555402140145 0.0164830636520975 0.0104531437829927 0.0128265423917226 0.0316422318320852 0.0169664065151001
"сами" 0.0268793118896156 0 0.032169856844137 0.00345184673800483 0.0329661273041949 0.0104531437829927 0.0042755141305742 0 0.0254496097726502
"спиридон" 0 0 0.166210927028041 0 0 0 0 0 0
"старый" 0.00895977062987188 0.0323373431638857 0.0160849284220685 0.0103555402140145 0.019230240927447 0.0313594313489782 0.0128265423917226 0.0105474106106951 0.00424160162877503
"счастлив" 0.00895977062987188 0.0258698745311085 0.00536164280735617 0.0241629271660338 0.00549435455069916 0.0156797156744891 0.0171020565222968 0.0316422318320852 0.0127248048863251
"твоим" 0.00895977062987188 0.0194024058983314 0.0214465712294247 0.020711080428029 0.00549435455069916 0 0.0128265423917226 0.0158211159160426 0.0381744146589752
"тихой" 0 0.0388048117966628 0 0.0379703141180532 0.00274717727534958 0.0365860032404746 0 0.0263685265267377 0.00424160162877503
"читать" 0.0179195412597438 0.00646746863277713 0 0.0241629271660338 0.0164830636520975 0.00522657189149637 0.0256530847834452 0.0210948212213901 0.0169664065151001
"весёлый" 0.00895977062987188 0.0323373431638857 0.00536164280735617 0.0310666206420435 0 0.0313594313489782 0.0171020565222968 0.0158211159160426 0.00424160162877503
"ветер" 0 0.0258698745311085 0.0375314996514932 0.0138073869520193 0.0164830636520975 0 0.0342041130445936 0.00527370530534754 0
"вод" 0 0.0129349372655543 0 0.0241629271660338 0.00274717727534958 0.0365860032404746 0.0171020565222968 0.0263685265267377 0.0169664065151001
"всего" 0.0268793118896156 0.00646746863277713 0.0107232856147123 0.0172592336900242 0.0137358863767479 0.0365860032404746 0.0042755141305742 0.0210948212213901 0.00848320325755005
"град" 0 0 0.0107232856147123 0.00345184673800483 0.00274717727534958 0.00522657189149637 0.0726837402197614 0.0105474106106951 0.0254496097726502
"девы" 0.0268793118896156 0.051739749062217 0 0.0276147739040387 0 0.0209062875659855 0.0128265423917226 0.00527370530534754 0.0127248048863251
"дома" 0.0179195412597438 0.0194024058983314 0.0160849284220685 0.020711080428029 0.0137358863767479 0.0104531437829927 0.0085510282611484 0.0158211159160426 0.0169664065151001
"живёт" 0.00895977062987188 0.00646746863277713 0.0268082140367809 0.0172592336900242 0.0164830636520975 0.00522657189149637 0.0171020565222968 0 0.0296912114014252
"молча" 0 0.00646746863277713 0.0268082140367809 0.0345184673800483 0.0137358863767479 0.0156797156744891 0.0085510282611484 0.0210948212213901 0
"надеждой" 0 0.0194024058983314 0.0160849284220685 0.0103555402140145 0.00549435455069916 0.0209062875659855 0.0085510282611484 0.0369159371374328 0.0254496097726502
"память" 0 0.0323373431638857 0 0.0379703141180532 0.0109887091013983 0.00522657189149637 0.0085510282611484 0.0105474106106951 0.0212080081438751
"писать" 0.00895977062987188 0.00646746863277713 0.0107232856147123 0.0103555402140145 0.019230240927447 0.0104531437829927 0.0042755141305742 0.0105474106106951 0.0466576179165253
"пить" 0.0179195412597438 0.0194024058983314 0.032169856844137 0.0241629271660338 0.019230240927447 0.00522657189149637 0.0128265423917226 0.00527370530534754 0
"прав" 0.0268793118896156 0.00646746863277713 0.0107232856147123 0.0241629271660338 0.00549435455069916 0.0209062875659855 0.0256530847834452 0.0158211159160426 0.00848320325755005
"прекрасной" 0 0.0129349372655543 0.00536164280735617 0.0310666206420435 0.00274717727534958 0.0313594313489782 0.021377570652871 0.0158211159160426 0.0127248048863251
"роман" 0.00895977062987188 0 0.0697013564956303 0.00345184673800483 0.0247245954781462 0.0104531437829927 0.0042755141305742 0.00527370530534754 0.00848320325755005
"россии" 0.0268793118896156 0.0129349372655543 0.0214465712294247 0.020711080428029 0.0109887091013983 0.00522657189149637 0.0128265423917226 0.0105474106106951 0.0212080081438751
"руках" 0.0268793118896156 0 0.0214465712294247 0.0241629271660338 0.0164830636520975 0.0209062875659855 0.0085510282611484 0.00527370530534754 0.0127248048863251
"стоит" 0.0268793118896156 0.00646746863277713 0.032169856844137 0.0138073869520193 0.0247245954781462 0.0209062875659855 0.0042755141305742 0 0.00848320325755005
"уста" 0.0179195412597438 0.00646746863277713 0 0.0138073869520193 0.00824153182604873 0.0104531437829927 0.0470306554363162 0.0263685265267377 0.00848320325755005
"чужой" 0.0268793118896156 0.00646746863277713 0.0214465712294247 0.0310666206420435 0.00824153182604873 0.0156797156744891 0.021377570652871 0.00527370530534754 0.00424160162877503
"бегут" 0.0179195412597438 0.0194024058983314 0.0107232856147123 0.020711080428029 0.00549435455069916 0.0104531437829927 0.0171020565222968 0.0316422318320852 0.00848320325755005
"берегов" 0.00895977062987188 0.0194024058983314 0.00536164280735617 0.0241629271660338 0.0164830636520975 0.0104531437829927 0.0085510282611484 0.0263685265267377 0.00848320325755005
"вперёд" 0.0268793118896156 0.00646746863277713 0.0268082140367809 0.0103555402140145 0.0247245954781462 0.00522657189149637 0.0085510282611484 0.00527370530534754 0.0169664065151001
"впрочем" 0 0 0.0428931424588494 0.020711080428029 0.0274717727534958 0 0.0171020565222968 0 0.00424160162877503
"делать" 0.00895977062987188 0.0129349372655543 0.0160849284220685 0.0103555402140145 0.0302189500288454 0.0104531437829927 0.0085510282611484 0.0210948212213901 0.00424160162877503
"желал" 0.00895977062987188 0 0.0107232856147123 0.0172592336900242 0.0109887091013983 0 0.042755141305742 0.0210948212213901 0.0127248048863251
"иван" 0.00895977062987188 0.00646746863277713 0.0750629993029864 0.00345184673800483 0.0274717727534958 0.00522657189149637 0 0 0.00424160162877503
"которые" 0.00895977062987188 0 0 0.00690369347600967 0.00549435455069916 0.00522657189149637 0.021377570652871 0.0263685265267377 0.0551408211740753
"крик" 0.0179195412597438 0 0.0160849284220685 0.0241629271660338 0.0137358863767479 0.0156797156744891 0.0128265423917226 0.0158211159160426 0.0127248048863251
"мимо" 0 0.0452722804294399 0.00536164280735617 0.0138073869520193 0.0164830636520975 0.0313594313489782 0.0128265423917226 0.0105474106106951 0
"монах" 0 0.00646746863277713 0 0.0172592336900242 0 0.120211153504416 0 0 0
"муж" 0.0179195412597438 0.0194024058983314 0.0107232856147123 0.020711080428029 0.019230240927447 0 0.021377570652871 0.00527370530534754 0.0127248048863251
"недавно" 0.0358390825194875 0.0194024058983314 0 0.0345184673800483 0.00824153182604873 0.00522657189149637 0.0171020565222968 0.0158211159160426 0.00424160162877503
"нежный" 0 0.0194024058983314 0.00536164280735617 0.041422160856058 0.00274717727534958 0.0156797156744891 0.0128265423917226 0.0210948212213901 0.00848320325755005
"ночью" 0 0.051739749062217 0.0160849284220685 0.0241629271660338 0.0164830636520975 0.0209062875659855 0 0.00527370530534754 0
"одну" 0.0179195412597438 0.0194024058983314 0.0160849284220685 0.0103555402140145 0.0109887091013983 0.0156797156744891 0.0256530847834452 0.00527370530534754 0.0169664065151001
"пламень" 0 0.0194024058983314 0.00536164280735617 0.0172592336900242 0.00274717727534958 0.0156797156744891 0.0171020565222968 0.0210948212213901 0.0339328130302002
"покуда" 0.0179195412597438 0.0194024058983314 0.0160849284220685 0 0.0412076591302437 0 0.0171020565222968 0 0.00848320325755005
"пришла" 0 0.0258698745311085 0.032169856844137 0.00690369347600967 0.0357133045795445 0.00522657189149637 0.0085510282611484 0.00527370530534754 0
"рук" 0 0.00646746863277713 0.0160849284220685 0.020711080428029 0.0274717727534958 0.0104531437829927 0.0085510282611484 0.00527370530534754 0.0169664065151001
"русь" 0.00895977062987188 0.0258698745311085 0.0268082140367809 0.00690369347600967 0.0274717727534958 0.0156797156744891 0.0085510282611484 0.00527370530534754 0.00424160162877503
"славой" 0 0.0129349372655543 0 0.041422160856058 0.00549435455069916 0.00522657189149637 0.0128265423917226 0.0263685265267377 0.0169664065151001
"слишком" 0 0.00646746863277713 0.00536164280735617 0.0345184673800483 0.0109887091013983 0.0209062875659855 0.021377570652871 0.0158211159160426 0.00424160162877503
"страшный" 0 0.0129349372655543 0.0268082140367809 0.0172592336900242 0.00549435455069916 0.0104531437829927 0.0128265423917226 0.0210948212213901 0.0254496097726502
"твою" 0.0268793118896156 0.0129349372655543 0.0160849284220685 0.0103555402140145 0.00549435455069916 0.00522657189149637 0.0256530847834452 0.0158211159160426 0.0254496097726502
"тучи" 0.00895977062987188 0.0646746863277713 0.0214465712294247 0.0172592336900242 0.00824153182604873 0 0.0042755141305742 0.0158211159160426 0.00848320325755005
"хочешь" 0.0179195412597438 0.0323373431638857 0.0268082140367809 0.00690369347600967 0.0109887091013983 0.0209062875659855 0.0128265423917226 0.00527370530534754 0.0127248048863251
"этой" 0.0179195412597438 0.00646746863277713 0.0375314996514932 0.0103555402140145 0.019230240927447 0.00522657189149637 0.0085510282611484 0.00527370530534754 0.0212080081438751
"божий" 0 0.0258698745311085 0 0.00690369347600967 0.0137358863767479 0.0365860032404746 0.0128265423917226 0 0.0296912114014252
"всему" 0.00895977062987188 0.0129349372655543 0.0107232856147123 0.0172592336900242 0.00824153182604873 0.0313594313489782 0.0256530847834452 0 0.0127248048863251
"город" 0.00895977062987188 0.0258698745311085 0.032169856844137 0.00345184673800483 0.019230240927447 0.0261328594574818 0.0128265423917226 0.00527370530534754 0
"други" 0 0.0258698745311085 0.0107232856147123 0.0103555402140145 0.0219774182027966 0.0261328594574818 0 0.0316422318320852 0
"имел" 0.00895977062987188 0.0194024058983314 0.00536164280735617 0.0103555402140145 0.0219774182027966 0.0104531437829927 0.0256530847834452 0 0.0169664065151001
"иной" 0.0447988531493594 0.00646746863277713 0.00536164280735617 0.0172592336900242 0.0219774182027966 0.0156797156744891 0.0085510282611484 0.0105474106106951 0.00424160162877503
"кипит" 0.0179195412597438 0.0129349372655543 0.00536164280735617 0.0241629271660338 0.0109887091013983 0.0156797156744891 0.021377570652871 0.0210948212213901 0
"крови" 0.0358390825194875 0.00646746863277713 0.0107232856147123 0.0172592336900242 0.0164830636520975 0 0.0299285989140194 0.0105474106106951 0.00424160162877503
"леса" 0 0 0.00536164280735617 0.0103555402140145 0.0329661273041949 0.0156797156744891 0.0042755141305742 0.0263685265267377 0.0127248048863251
"лик" 0 0.0452722804294399 0 0.0103555402140145 0 0.0156797156744891 0.0128265423917226 0.0210948212213901 0.0339328130302002
"лиры" 0 0.0194024058983314 0 0.0379703141180532 0 0.00522657189149637 0.0085510282611484 0.0369159371374328 0.0169664065151001
"мечта" 0 0.00646746863277713 0.00536164280735617 0.00690369347600967 0.00274717727534958 0.0418125751319709 0.0299285989140194 0.0105474106106951 0.0254496097726502
"мил" 0.00895977062987188 0.0323373431638857 0.0214465712294247 0.0172592336900242 0.00824153182604873 0.0156797156744891 0.0171020565222968 0 0.0127248048863251
"милые" 0 0.00646746863277713 0 0.0241629271660338 0.0302189500288454 0.0104531437829927 0.0085510282611484 0.0210948212213901 0.00424160162877503
"младой" 0 0.00646746863277713 0.0107232856147123 0.041422160856058 0 0.0365860032404746 0.0085510282611484 0.0210948212213901 0
"муки" 0.0268793118896156 0.0258698745311085 0.00536164280735617 0.0172592336900242 0.00824153182604873 0.00522657189149637 0.0256530847834452 0.0105474106106951 0.0127248048863251
"надежд" 0.00895977062987188 0.00646746863277713 0 0.0138073869520193 0 0.0365860032404746 0.0256530847834452 0.0158211159160426 0.0254496097726502
"новой" 0.00895977062987188 0.0129349372655543 0.0160849284220685 0.0172592336900242 0.0137358863767479 0.0104531437829927 0.0128265423917226 0.0105474106106951 0.0212080081438751
"ног" 0 0.0258698745311085 0.0107232856147123 0.00690369347600967 0.00274717727534958 0.0365860032404746 0.021377570652871 0.0210948212213901 0.0127248048863251
"нынче" 0.0358390825194875 0.0129349372655543 0.0268082140367809 0.0172592336900242 0.0109887091013983 0.0104531437829927 0.0128265423917226 0.00527370530534754 0.00848320325755005
"простой" 0 0.0194024058983314 0.0107232856147123 0.0345184673800483 0.00549435455069916 0.0209062875659855 0 0.0105474106106951 0.0212080081438751
"разговор" 0 0.0129349372655543 0.0107232856147123 0.0172592336900242 0.0137358863767479 0.0261328594574818 0.0171020565222968 0.0158211159160426 0.00848320325755005
"смотри" 0.00895977062987188 0.00646746863277713 0.0214465712294247 0.0138073869520193 0.00549435455069916 0.0156797156744891 0.0085510282611484 0.0263685265267377 0.0254496097726502
"столь" 0 0.00646746863277713 0.00536164280735617 0.0310666206420435 0.00274717727534958 0.0261328594574818 0.0128265423917226 0.0158211159160426 0.0212080081438751
"судьбой" 0 0 0 0.020711080428029 0.00549435455069916 0.0156797156744891 0.0085510282611484 0.0474633477481278 0.0254496097726502
"счастие" 0 0.00646746863277713 0.00536164280735617 0.00690369347600967 0.0274717727534958 0.0365860032404746 0 0.00527370530534754 0.0254496097726502
"такие" 0.0447988531493594 0 0.0375314996514932 0 0.0329661273041949 0 0.0128265423917226 0.00527370530534754 0
"храм" 0 0.0258698745311085 0 0.0103555402140145 0.0109887091013983 0.0104531437829927 0.0085510282611484 0.0210948212213901 0.0381744146589752
"веселья" 0 0.0452722804294399 0 0.0241629271660338 0 0.0313594313489782 0.021377570652871 0.0105474106106951 0
"генерал" 0.0447988531493594 0.0129349372655543 0.0375314996514932 0.0138073869520193 0.019230240927447 0.00522657189149637 0 0 0.00424160162877503
"гляжу" 0.0179195412597438 0.0194024058983314 0.0107232856147123 0.0138073869520193 0.0137358863767479 0.00522657189149637 0.0171020565222968 0.0158211159160426 0.0127248048863251
"голову" 0 0.00646746863277713 0.032169856844137 0.00345184673800483 0.0274717727534958 0.0156797156744891 0.0085510282611484 0.00527370530534754 0.0127248048863251
"дань" 0.00895977062987188 0 0.0107232856147123 0.0138073869520193 0.019230240927447 0.00522657189149637 0.0042755141305742 0.0210948212213901 0.0296912114014252
"дорога" 0 0.0129349372655543 0.0268082140367809 0.00690369347600967 0.0219774182027966 0.0365860032404746 0.0085510282611484 0.00527370530534754 0
"забавы" 0 0.0129349372655543 0 0.0310666206420435 0 0.0209062875659855 0.0085510282611484 0.0369159371374328 0.0127248048863251
"заря" 0 0 0.00536164280735617 0.0103555402140145 0.00274717727534958 0.0627188626979564 0.0171020565222968 0.0158211159160426 0.0127248048863251
"итак" 0 0 0 0.0172592336900242 0.0137358863767479 0.00522657189149637 0.0042755141305742 0.0316422318320852 0.0381744146589752
"любезный" 0.00895977062987188 0.00646746863277713 0.0107232856147123 0.0448740075940628 0.00824153182604873 0.00522657189149637 0.0085510282611484 0.0210948212213901 0
"любит" 0.0358390825194875 0.00646746863277713 0.0160849284220685 0.0138073869520193 0.00824153182604873 0.0209062875659855 0.0171020565222968 0.0158211159160426 0.00424160162877503
"медленно" 0 0.0129349372655543 0.0107232856147123 0.00345184673800483 0.0109887091013983 0 0.0256530847834452 0.0421896424427803 0.0169664065151001
"муза" 0.00895977062987188 0 0 0.020711080428029 0.0137358863767479 0.0156797156744891 0.0085510282611484 0.0105474106106951 0.0339328130302002
"некогда" 0 0.00646746863277713 0.00536164280735617 0.0103555402140145 0.00824153182604873 0.0156797156744891 0.0085510282611484 0.0527370530534754 0.0169664065151001
"однажды" 0.0179195412597438 0.00646746863277713 0.032169856844137 0.00690369347600967 0.0247245954781462 0.00522657189149637 0.0085510282611484 0.0158211159160426 0.00424160162877503
"отдохнуть" 0.0268793118896156 0.00646746863277713 0.0268082140367809 0.0172592336900242 0.0164830636520975 0.0104531437829927 0.0085510282611484 0.0105474106106951 0.00424160162877503
"правда" 0.00895977062987188 0.00646746863277713 0.0214465712294247 0.00345184673800483 0.0247245954781462 0 0.0128265423917226 0.0158211159160426 0.0212080081438751
"прежних" 0 0.0129349372655543 0 0.020711080428029 0.00549435455069916 0.00522657189149637 0.0042755141305742 0.0421896424427803 0.0296912114014252
"прекрасный" 0 0.0323373431638857 0.00536164280735617 0.0103555402140145 0.00549435455069916 0.0418125751319709 0.0128265423917226 0.0105474106106951 0.0127248048863251
"сем" 0 0.00646746863277713 0 0.0138073869520193 0 0.0261328594574818 0.0085510282611484 0.0105474106106951 0.0551408211740753
"силой" 0.00895977062987188 0.00646746863277713 0.0268082140367809 0.0172592336900242 0.00824153182604873 0.0156797156744891 0.0085510282611484 0.0158211159160426 0.0169664065151001
"скажет" 0 0.0129349372655543 0 0.0103555402140145 0.0109887091013983 0.0418125751319709 0.0299285989140194 0.00527370530534754 0.00848320325755005
"сладко" 0 0.051739749062217 0.00536164280735617 0.0138073869520193 0.0137358863767479 0.0104531437829927 0.0085510282611484 0.0210948212213901 0.00424160162877503
"сна" 0.0268793118896156 0.0129349372655543 0.00536164280735617 0.020711080428029 0.00824153182604873 0.0261328594574818 0.0128265423917226 0.0105474106106951 0.00848320325755005
"стали" 0 0.0258698745311085 0.0375314996514932 0.00345184673800483 0.0274717727534958 0.00522657189149637 0.0042755141305742 0.00527370530534754 0.00848320325755005
"страданья" 0 0.0258698745311085 0 0.020711080428029 0.0109887091013983 0.0104531437829927 0.021377570652871 0 0.0254496097726502
"страшно" 0 0.0452722804294399 0.0428931424588494 0 0.0109887091013983 0.0156797156744891 0.0128265423917226 0.0105474106106951 0
"тёмный" 0 0.0194024058983314 0 0.0310666206420435 0.00274717727534958 0.0209062875659855 0.0085510282611484 0.00527370530534754 0.0296912114014252
"ясно" 0.00895977062987188 0.0258698745311085 0.0107232856147123 0.00690369347600967 0.00274717727534958 0.0365860032404746 0.021377570652871 0.0105474106106951 0.0127248048863251
"боже" 0.0268793118896156 0.0129349372655543 0.00536164280735617 0.0241629271660338 0.0109887091013983 0.0104531437829927 0.021377570652871 0.0105474106106951 0
"веселье" 0.00895977062987188 0.0129349372655543 0.0107232856147123 0.0379703141180532 0.00274717727534958 0.0156797156744891 0 0.0263685265267377 0.00424160162877503
"весны" 0 0.0258698745311085 0 0.0103555402140145 0.00549435455069916 0.0470391470234673 0 0.0263685265267377 0.0127248048863251
"вслед" 0 0.0388048117966628 0 0.0103555402140145 0.00274717727534958 0.0156797156744891 0.0085510282611484 0.0421896424427803 0.0127248048863251
"годы" 0.0179195412597438 0 0 0.0138073869520193 0.00549435455069916 0.0156797156744891 0.0256530847834452 0.0158211159160426 0.0254496097726502
"господь" 0.00895977062987188 0.0258698745311085 0.0107232856147123 0.00690369347600967 0.0247245954781462 0.0156797156744891 0.021377570652871 0 0
"дам" 0 0.0258698745311085 0.0375314996514932 0.0138073869520193 0.00824153182604873 0.0156797156744891 0.0085510282611484 0.0105474106106951 0.00424160162877503
"двух" 0.00895977062987188 0.00646746863277713 0.00536164280735617 0.00690369347600967 0.019230240927447 0.0261328594574818 0.0171020565222968 0.0158211159160426 0.00848320325755005
"добра" 0.00895977062987188 0 0.0214465712294247 0.0138073869520193 0.0247245954781462 0 0.0171020565222968 0.0105474106106951 0.00848320325755005
"дремлет" 0 0.0258698745311085 0.0107232856147123 0.0241629271660338 0.00549435455069916 0.00522657189149637 0.0042755141305742 0.0369159371374328 0.00848320325755005
"исчез" 0 0.051739749062217 0.00536164280735617 0.0241629271660338 0 0.0261328594574818 0.0085510282611484 0 0.0127248048863251
"каким" 0 0.00646746863277713 0.0214465712294247 0.0103555402140145 0.019230240927447 0.0104531437829927 0.0128265423917226 0 0.0254496097726502
"крестьянина" 0.00895977062987188 0 0 0 0.0659322546083899 0 0 0 0.00424160162877503
"легко" 0.0179195412597438 0.0129349372655543 0 0 0.0219774182027966 0.0104531437829927 0.0171020565222968 0.0210948212213901 0.0169664065151001
"лени" 0.00895977062987188 0.0258698745311085 0 0.0483258543320677 0 0.0156797156744891 0.0042755141305742 0.0158211159160426 0
"лиру" 0 0.0194024058983314 0 0.0448740075940628 0 0.0209062875659855 0 0.0158211159160426 0.0127248048863251
"милой" 0.0179195412597438 0.0258698745311085 0.00536164280735617 0.0310666206420435 0.00274717727534958 0.0261328594574818 0.0085510282611484 0.0105474106106951 0
"народы" 0 0 0 0.020711080428029 0.00549435455069916 0.0209062875659855 0.0085510282611484 0.0421896424427803 0.0169664065151001
"нашёл" 0 0 0.0160849284220685 0.00690369347600967 0.00824153182604873 0.0261328594574818 0.0256530847834452 0.0105474106106951 0.0212080081438751
"огнём" 0 0.0129349372655543 0.0107232856147123 0.0138073869520193 0.00274717727534958 0.0261328594574818 0.0256530847834452 0 0.0254496097726502
"огня" 0.00895977062987188 0.0194024058983314 0.0107232856147123 0.0103555402140145 0.00824153182604873 0.00522657189149637 0.0299285989140194 0.0105474106106951 0.0169664065151001
"оставь" 0.0179195412597438 0 0 0.020711080428029 0.0109887091013983 0.0313594313489782 0.0085510282611484 0.0158211159160426 0.0127248048863251
"песнь" 0 0.0258698745311085 0.00536164280735617 0.0103555402140145 0 0.0209062875659855 0.0171020565222968 0.0158211159160426 0.0296912114014252
"петь" 0.0179195412597438 0.0129349372655543 0.0214465712294247 0.0172592336900242 0.0109887091013983 0.0156797156744891 0.0171020565222968 0 0.00848320325755005
"пил" 0 0.00646746863277713 0.0375314996514932 0.0103555402140145 0.019230240927447 0.00522657189149637 0.0171020565222968 0.00527370530534754 0.00848320325755005
"полей" 0 0.00646746863277713 0 0.0276147739040387 0.00274717727534958 0.0104531437829927 0.0171020565222968 0.0263685265267377 0.0212080081438751
"пою" 0.0179195412597438 0.0129349372655543 0 0.020711080428029 0.00549435455069916 0.00522657189149637 0.0384796271751678 0.00527370530534754 0.0127248048863251
"ради" 0.00895977062987188 0.0452722804294399 0.0375314996514932 0.0103555402140145 0.00824153182604873 0 0.0042755141305742 0.0210948212213901 0
"речи" 0.0358390825194875 0.0194024058983314 0.0214465712294247 0.0103555402140145 0.0164830636520975 0 0.0085510282611484 0.0105474106106951 0.00848320325755005
"своём" 0.0358390825194875 0.0194024058983314 0.0160849284220685 0.0241629271660338 0 0.00522657189149637 0.0085510282611484 0.0105474106106951 0.0169664065151001
"смех" 0 0.0194024058983314 0.00536164280735617 0.0103555402140145 0.0109887091013983 0.0156797156744891 0.0128265423917226 0.0316422318320852 0.0127248048863251
"спокойно" 0.0179195412597438 0 0 0.041422160856058 0.00549435455069916 0.0209062875659855 0.0171020565222968 0 0.00848320325755005
"стало" 0 0.0323373431638857 0.0214465712294247 0.00345184673800483 0.0247245954781462 0.00522657189149637 0.0171020565222968 0.00527370530534754 0.00424160162877503
"столько" 0.00895977062987188 0.0129349372655543 0.0214465712294247 0.0172592336900242 0.0109887091013983 0.0156797156744891 0.0128265423917226 0.00527370530534754 0.0127248048863251
"таких" 0.0537586237792313 0 0.0107232856147123 0.00345184673800483 0.0137358863767479 0 0.0299285989140194 0.0105474106106951 0.0127248048863251
"творец" 0 0.0129349372655543 0.00536164280735617 0.0172592336900242 0 0.00522657189149637 0.0171020565222968 0.0158211159160426 0.0424160162877503
"хвала" 0 0.00646746863277713 0.00536164280735617 0.0241629271660338 0 0.0261328594574818 0 0.0263685265267377 0.0296912114014252
"язык" 0.00895977062987188 0 0.00536164280735617 0.020711080428029 0.00824153182604873 0.0156797156744891 0.0085510282611484 0.0158211159160426 0.0296912114014252
"блажён" 0 0 0 0.041422160856058 0.00549435455069916 0.0104531437829927 0.0042755141305742 0.00527370530534754 0.0296912114014252
"верно" 0 0.0129349372655543 0.0482547852662056 0.0103555402140145 0.0164830636520975 0.00522657189149637 0.0042755141305742 0.00527370530534754 0.00848320325755005
"верь" 0.00895977062987188 0.0452722804294399 0 0.00690369347600967 0.0137358863767479 0.0261328594574818 0 0.00527370530534754 0.0169664065151001
"гордый" 0 0.00646746863277713 0.00536164280735617 0.0241629271660338 0.00549435455069916 0.0104531437829927 0.0085510282611484 0.0369159371374328 0.0127248048863251
"грех" 0.00895977062987188 0.0388048117966628 0.0214465712294247 0.00345184673800483 0.0137358863767479 0.00522657189149637 0.0128265423917226 0.0158211159160426 0.00424160162877503
"лесов" 0.0179195412597438 0.00646746863277713 0.00536164280735617 0.0103555402140145 0.00824153182604873 0.0261328594574818 0.0042755141305742 0 0.0381744146589752
"мудрец" 0 0.0194024058983314 0.0536164280735617 0.020711080428029 0 0.0156797156744891 0 0.0158211159160426 0
"мысли" 0.00895977062987188 0.0129349372655543 0.00536164280735617 0.00345184673800483 0.00824153182604873 0.00522657189149637 0.0256530847834452 0.0369159371374328 0.0127248048863251
"наслажденья" 0 0.00646746863277713 0 0.041422160856058 0.00549435455069916 0.0209062875659855 0.0042755141305742 0.00527370530534754 0.0169664065151001
"небе" 0.0179195412597438 0.0452722804294399 0.0214465712294247 0.0103555402140145 0.00274717727534958 0.00522657189149637 0.0128265423917226 0.00527370530534754 0.0127248048863251
"небом" 0.00895977062987188 0.0323373431638857 0 0.0172592336900242 0.00824153182604873 0.0104531437829927 0.0128265423917226 0.0158211159160426 0.0127248048863251
"окно" 0.0447988531493594 0.0323373431638857 0 0.0138073869520193 0.00274717727534958 0.0209062875659855 0.0171020565222968 0.00527370530534754 0.00424160162877503
"покоя" 0.00895977062987188 0.00646746863277713 0.0160849284220685 0.0310666206420435 0.00549435455069916 0.0156797156744891 0.0085510282611484 0.00527370530534754 0.0127248048863251
"понять" 0 0.00646746863277713 0.0160849284220685 0.00345184673800483 0.0219774182027966 0.0156797156744891 0.0171020565222968 0 0.0212080081438751
"почему" 0.0179195412597438 0.0258698745311085 0.0160849284220685 0.0103555402140145 0.00824153182604873 0.0156797156744891 0.0085510282611484 0.0105474106106951 0.0127248048863251
"почти" 0.0179195412597438 0 0.0160849284220685 0 0.0412076591302437 0.00522657189149637 0 0.0105474106106951 0.00848320325755005
"почто" 0 0 0 0.0172592336900242 0 0.0209062875659855 0.0085510282611484 0.0263685265267377 0.0381744146589752
"руке" 0.0179195412597438 0.0129349372655543 0.0214465712294247 0 0.00549435455069916 0.0209062875659855 0.0128265423917226 0.0210948212213901 0.0169664065151001
"свободу" 0.0358390825194875 0 0.00536164280735617 0.020711080428029 0.0109887091013983 0.00522657189149637 0.0085510282611484 0.0263685265267377 0.00848320325755005
"славу" 0.00895977062987188 0 0 0.0345184673800483 0 0.00522657189149637 0.0085510282611484 0.0421896424427803 0.0127248048863251
"стон" 0.00895977062987188 0.0129349372655543 0.0107232856147123 0.0276147739040387 0.00274717727534958 0.0104531437829927 0.0171020565222968 0.00527370530534754 0.0169664065151001
"страсть" 0.00895977062987188 0.0194024058983314 0.0160849284220685 0.00690369347600967 0.0109887091013983 0.0156797156744891 0.021377570652871 0.0158211159160426 0.00424160162877503
"строго" 0.0268793118896156 0.0258698745311085 0.00536164280735617 0 0.0137358863767479 0.0365860032404746 0.0171020565222968 0.00527370530534754 0
"узнал" 0.00895977062987188 0.00646746863277713 0.0160849284220685 0.0241629271660338 0.00824153182604873 0.0104531437829927 0.0128265423917226 0.0105474106106951 0.0127248048863251
"умел" 0.0268793118896156 0.00646746863277713 0.00536164280735617 0.0138073869520193 0.0164830636520975 0 0.0299285989140194 0.0105474106106951 0.00424160162877503
"умер" 0.00895977062987188 0.00646746863277713 0.0160849284220685 0.0103555402140145 0.0164830636520975 0.00522657189149637 0.0384796271751678 0 0.00424160162877503
"читал" 0.00895977062987188 0 0.0107232856147123 0.0103555402140145 0.0219774182027966 0.00522657189149637 0.0171020565222968 0.0105474106106951 0.0169664065151001
"берег" 0 0.0323373431638857 0.0160849284220685 0.0345184673800483 0.00274717727534958 0 0.0085510282611484 0.0158211159160426 0
"брег" 0 0.00646746863277713 0 0.020711080428029 0 0.0313594313489782 0 0.0158211159160426 0.0339328130302002
"взором" 0.00895977062987188 0.0452722804294399 0.0107232856147123 0.0172592336900242 0.00549435455069916 0.00522657189149637 0.0085510282611484 0.0105474106106951 0.00848320325755005
"видеть" 0.0268793118896156 0.0129349372655543 0.00536164280735617 0.00690369347600967 0.0219774182027966 0.00522657189149637 0.0128265423917226 0 0.0169664065151001
"волны" 0.0179195412597438 0.0194024058983314 0.00536164280735617 0.0172592336900242 0.00549435455069916 0.0104531437829927 0.0171020565222968 0.0210948212213901 0.00424160162877503
"господин" 0.00895977062987188 0.00646746863277713 0.0214465712294247 0.0172592336900242 0.0164830636520975 0.0104531437829927 0.0171020565222968 0 0.00424160162877503
"дел" 0.0179195412597438 0 0.00536164280735617 0.00690369347600967 0.00549435455069916 0.0209062875659855 0.0171020565222968 0.0210948212213901 0.0212080081438751
"должен" 0 0 0.00536164280735617 0.0103555402140145 0.00824153182604873 0.0104531437829927 0.0299285989140194 0.0263685265267377 0.0127248048863251
"дорогу" 0.0447988531493594 0.00646746863277713 0.00536164280735617 0.0241629271660338 0.0109887091013983 0 0.0128265423917226 0 0.0127248048863251
"дым" 0 0 0.0107232856147123 0.0138073869520193 0.0137358863767479 0.0209062875659855 0.0171020565222968 0.0158211159160426 0.00848320325755005
"единый" 0.00895977062987188 0.0129349372655543 0 0.0138073869520193 0.00824153182604873 0.0104531437829927 0.021377570652871 0.0158211159160426 0.0169664065151001
"ждал" 0.00895977062987188 0.0129349372655543 0 0.0103555402140145 0.0137358863767479 0.0313594313489782 0.021377570652871 0 0.00848320325755005
"забыл" 0 0.0129349372655543 0.00536164280735617 0.0138073869520193 0.00549435455069916 0.0209062875659855 0.021377570652871 0.0105474106106951 0.0169664065151001
"иду" 0.0179195412597438 0 0.00536164280735617 0.00345184673800483 0.0219774182027966 0.0209062875659855 0.0171020565222968 0.0158211159160426 0.00424160162877503
"какая" 0.0179195412597438 0.00646746863277713 0.00536164280735617 0.0138073869520193 0.0219774182027966 0 0.0085510282611484 0.0105474106106951 0.0169664065151001
"клим" 0 0 0 0 0.0659322546083899 0 0 0 0
"месяц" 0 0.0452722804294399 0.0107232856147123 0.020711080428029 0.0109887091013983 0.00522657189149637 0 0 0.0169664065151001
"минуты" 0.0358390825194875 0.0129349372655543 0 0.0241629271660338 0 0.0156797156744891 0.0042755141305742 0.0210948212213901 0.0127248048863251
"моего" 0 0.0129349372655543 0.00536164280735617 0.0241629271660338 0.00549435455069916 0.0209062875659855 0.0085510282611484 0.0158211159160426 0.0127248048863251
"мрачный" 0.00895977062987188 0 0.0107232856147123 0.0241629271660338 0.00549435455069916 0.0104531437829927 0.0128265423917226 0.0105474106106951 0.0212080081438751
"надежда" 0 0.0194024058983314 0.00536164280735617 0.0276147739040387 0 0.0104531437829927 0.0171020565222968 0.0158211159160426 0.0127248048863251
"небесам" 0 0.0129349372655543 0.00536164280735617 0.0103555402140145 0.0109887091013983 0.0156797156744891 0.0128265423917226 0.0158211159160426 0.0212080081438751
"несчастный" 0.00895977062987188 0.0194024058983314 0.00536164280735617 0.020711080428029 0.00274717727534958 0.0209062875659855 0.0042755141305742 0.0316422318320852 0.00424160162877503
"ничто" 0.00895977062987188 0.00646746863277713 0 0.00690369347600967 0.00274717727534958 0.0261328594574818 0.0171020565222968 0.0210948212213901 0.0254496097726502
"одни" 0 0 0.00536164280735617 0.0276147739040387 0.0164830636520975 0.00522657189149637 0.0128265423917226 0.0105474106106951 0.0127248048863251
"одним" 0.00895977062987188 0.00646746863277713 0.0107232856147123 0.00690369347600967 0.00824153182604873 0.0261328594574818 0.021377570652871 0 0.0212080081438751
"помещик" 0.0179195412597438 0 0.0107232856147123 0 0.0494491909562924 0 0 0 0.00848320325755005
"пошли" 0.0179195412597438 0.00646746863277713 0.0268082140367809 0.00345184673800483 0.0357133045795445 0.00522657189149637 0 0.00527370530534754 0
"просто" 0.00895977062987188 0 0.0536164280735617 0.0138073869520193 0.0109887091013983 0 0.0085510282611484 0 0.0127248048863251
"пять" 0 0.00646746863277713 0.0107232856147123 0 0.0412076591302437 0.0104531437829927 0.0128265423917226 0.00527370530534754 0
"разлуки" 0 0.0258698745311085 0 0.0276147739040387 0.00549435455069916 0.0104531437829927 0.0085510282611484 0.0158211159160426 0.0127248048863251
"рай" 0.00895977062987188 0 0.0160849284220685 0.0103555402140145 0.0137358863767479 0.0261328594574818 0.0128265423917226 0 0.0169664065151001
"рать" 0.00895977062987188 0.0582072176949942 0.0160849284220685 0.00690369347600967 0.00274717727534958 0.0104531437829927 0 0.0210948212213901 0.00848320325755005
"россия" 0.00895977062987188 0.00646746863277713 0.00536164280735617 0.0241629271660338 0.0137358863767479 0.0104531437829927 0.0042755141305742 0.0263685265267377 0.00424160162877503
"седой" 0.00895977062987188 0.00646746863277713 0.0214465712294247 0.0103555402140145 0.00824153182604873 0.0261328594574818 0.0085510282611484 0.0158211159160426 0.00848320325755005
"семья" 0 0.0129349372655543 0.00536164280735617 0.0103555402140145 0.019230240927447 0.0261328594574818 0.0085510282611484 0 0.0169664065151001
"сень" 0 0.00646746863277713 0 0.020711080428029 0.00274717727534958 0.0104531437829927 0.0128265423917226 0.0210948212213901 0.0296912114014252
"снег" 0.0358390825194875 0.0323373431638857 0 0.0103555402140145 0.0109887091013983 0.0156797156744891 0.0085510282611484 0.0158211159160426 0
"старец" 0 0.0323373431638857 0.00536164280735617 0.00690369347600967 0.00274717727534958 0.0365860032404746 0.0128265423917226 0.0158211159160426 0.00848320325755005
"суровый" 0.0179195412597438 0.00646746863277713 0 0.0138073869520193 0.00824153182604873 0.0261328594574818 0.0085510282611484 0.0263685265267377 0.00848320325755005
"унылый" 0 0.0194024058983314 0 0.0241629271660338 0.00274717727534958 0.0365860032404746 0.0042755141305742 0.0158211159160426 0.00848320325755005
"упал" 0.00895977062987188 0.0194024058983314 0.0160849284220685 0.0138073869520193 0.00824153182604873 0.0156797156744891 0.0171020565222968 0.00527370530534754 0.00848320325755005
"чудо" 0 0.0194024058983314 0.0536164280735617 0.00690369347600967 0.019230240927447 0.00522657189149637 0.0042755141305742 0 0
"шумит" 0.00895977062987188 0.00646746863277713 0 0.0138073869520193 0.0109887091013983 0.0313594313489782 0.0128265423917226 0.0105474106106951 0.0127248048863251
"барин" 0.00895977062987188 0.0194024058983314 0.0107232856147123 0.00345184673800483 0.0412076591302437 0 0 0 0.00424160162877503
"берегу" 0 0.00646746863277713 0 0.0103555402140145 0.0109887091013983 0.0156797156744891 0.0342041130445936 0.0158211159160426 0.00424160162877503
"богов" 0 0.0129349372655543 0 0.0310666206420435 0 0.0156797156744891 0 0.0369159371374328 0.00848320325755005
"ваши" 0.00895977062987188 0.0194024058983314 0.00536164280735617 0.0241629271660338 0.00274717727534958 0.0261328594574818 0.0128265423917226 0.0105474106106951 0
"ведёт" 0.00895977062987188 0.0194024058983314 0.00536164280735617 0.0241629271660338 0.0109887091013983 0 0.0128265423917226 0.0105474106106951 0.00848320325755005
"виду" 0 0.0323373431638857 0.0268082140367809 0.00345184673800483 0.00274717727534958 0 0.0128265423917226 0.0158211159160426 0.0212080081438751
"влас" 0 0.0194024058983314 0 0 0.0549435455069916 0 0 0 0
"дальше" 0.00895977062987188 0.0129349372655543 0.032169856844137 0 0.0274717727534958 0 0.0171020565222968 0 0
"даром" 0.0179195412597438 0.0129349372655543 0.0107232856147123 0.0172592336900242 0.0247245954781462 0.00522657189149637 0.0085510282611484 0 0
"дев" 0 0.0129349372655543 0 0.020711080428029 0.00549435455069916 0.0156797156744891 0.0171020565222968 0.0105474106106951 0.0169664065151001
"днем" 0.00895977062987188 0.00646746863277713 0.0268082140367809 0.0103555402140145 0.0109887091013983 0.00522657189149637 0.0128265423917226 0.0158211159160426 0.00848320325755005
"долг" 0.00895977062987188 0.0194024058983314 0 0.0103555402140145 0.0109887091013983 0.0209062875659855 0.0085510282611484 0.00527370530534754 0.0212080081438751
"желанье" 0.0179195412597438 0.0129349372655543 0.00536164280735617 0.0138073869520193 0.00274717727534958 0.0104531437829927 0.0171020565222968 0.0105474106106951 0.0212080081438751
"завтра" 0.0179195412597438 0.0194024058983314 0.0107232856147123 0.0172592336900242 0.0137358863767479 0.00522657189149637 0.0042755141305742 0.0105474106106951 0.00848320325755005
"злодей" 0.00895977062987188 0.00646746863277713 0.00536164280735617 0.020711080428029 0.00549435455069916 0.0313594313489782 0 0.00527370530534754 0.0212080081438751
"знай" 0.00895977062987188 0.0194024058983314 0.0214465712294247 0.00690369347600967 0.0137358863767479 0 0.0128265423917226 0.0210948212213901 0.00424160162877503
"искал" 0 0.0258698745311085 0 0.0138073869520193 0.00274717727534958 0.00522657189149637 0.021377570652871 0.0210948212213901 0.0169664065151001
"ищет" 0.00895977062987188 0.0129349372655543 0.0160849284220685 0.0103555402140145 0.00274717727534958 0.00522657189149637 0.0171020565222968 0.0158211159160426 0.0212080081438751
"ищу" 0 0.0129349372655543 0 0 0.0109887091013983 0.0104531437829927 0.0384796271751678 0.0158211159160426 0.0127248048863251
"какое" 0.0179195412597438 0.00646746863277713 0.00536164280735617 0.0103555402140145 0.0109887091013983 0.00522657189149637 0.0128265423917226 0.0105474106106951 0.0254496097726502
"которой" 0 0 0.00536164280735617 0.0172592336900242 0.00824153182604873 0 0.0171020565222968 0.0263685265267377 0.0212080081438751
"матери" 0 0 0.00536164280735617 0.0103555402140145 0.0247245954781462 0.0209062875659855 0.0085510282611484 0.00527370530534754 0.0127248048863251
"мгле" 0 0.00646746863277713 0 0.0241629271660338 0 0.00522657189149637 0 0.0474633477481278 0.0212080081438751
"могила" 0.00895977062987188 0.00646746863277713 0 0.00690369347600967 0.00274717727534958 0.0261328594574818 0.0299285989140194 0.00527370530534754 0.0212080081438751
"небесный" 0 0.0194024058983314 0.0160849284220685 0.0138073869520193 0.00274717727534958 0.0209062875659855 0.0085510282611484 0.0158211159160426 0.0127248048863251
"ноги" 0.0179195412597438 0.00646746863277713 0.0268082140367809 0.00345184673800483 0.0329661273041949 0 0 0.0105474106106951 0
"оба" 0 0.0388048117966628 0.0214465712294247 0.0138073869520193 0.00549435455069916 0 0.0299285989140194 0 0
"помню" 0.00895977062987188 0.0129349372655543 0.00536164280735617 0 0.00824153182604873 0.0418125751319709 0.021377570652871 0.00527370530534754 0.00848320325755005
"после" 0 0.00646746863277713 0.0160849284220685 0.0172592336900242 0.019230240927447 0 0.0085510282611484 0.00527370530534754 0.0169664065151001
"приют" 0 0.0129349372655543 0 0.0310666206420435 0 0.0156797156744891 0.0042755141305742 0.0210948212213901 0.0169664065151001
"раб" 0 0 0.00536164280735617 0.0276147739040387 0.00274717727534958 0.00522657189149637 0.0299285989140194 0.0105474106106951 0.0127248048863251
"речей" 0.00895977062987188 0.0194024058983314 0.0214465712294247 0.0172592336900242 0.00549435455069916 0.0156797156744891 0.0085510282611484 0.00527370530534754 0.00848320325755005
"сладкий" 0.00895977062987188 0.0129349372655543 0 0.0276147739040387 0.00274717727534958 0.0209062875659855 0 0.00527370530534754 0.0254496097726502
"слышу" 0 0.00646746863277713 0 0.0310666206420435 0.00549435455069916 0.0209062875659855 0.0042755141305742 0.0158211159160426 0.0127248048863251
"спать" 0.0179195412597438 0 0.0160849284220685 0.00690369347600967 0.0219774182027966 0.0209062875659855 0.0085510282611484 0.00527370530534754 0.00424160162877503
"стану" 0.00895977062987188 0.0388048117966628 0.0428931424588494 0.00345184673800483 0 0.0209062875659855 0.0085510282611484 0 0.00424160162877503
"стол" 0.0179195412597438 0.0129349372655543 0.0214465712294247 0.0241629271660338 0.00824153182604873 0.00522657189149637 0.0128265423917226 0 0.00424160162877503
"стоял" 0 0 0.00536164280735617 0 0.0329661273041949 0.0104531437829927 0.0256530847834452 0.00527370530534754 0.00424160162877503
"страданье" 0 0.0323373431638857 0 0.0103555402140145 0.00824153182604873 0.0104531437829927 0.021377570652871 0.00527370530534754 0.0169664065151001
"толпою" 0 0.0129349372655543 0.0107232856147123 0.0241629271660338 0 0.0104531437829927 0.0171020565222968 0.0158211159160426 0.0127248048863251
"трон" 0 0.00646746863277713 0.0107232856147123 0.020711080428029 0.00274717727534958 0.00522657189149637 0.0085510282611484 0.0263685265267377 0.0212080081438751
"ума" 0.0268793118896156 0.00646746863277713 0.0268082140367809 0.0172592336900242 0.00274717727534958 0.00522657189149637 0.0042755141305742 0.0158211159160426 0.0127248048863251
"ушёл" 0.0179195412597438 0.0194024058983314 0.00536164280735617 0 0.0329661273041949 0.0104531437829927 0.0128265423917226 0 0
"этих" 0.00895977062987188 0.0258698745311085 0.0160849284220685 0.00690369347600967 0.0164830636520975 0.00522657189149637 0.0171020565222968 0 0.00848320325755005
"батюшка" 0 0 0.0107232856147123 0 0.019230240927447 0 0.0042755141305742 0.0158211159160426 0.0381744146589752
"бледный" 0 0.0194024058983314 0.00536164280735617 0.00690369347600967 0.00824153182604873 0.0209062875659855 0.0256530847834452 0.0158211159160426 0
"братец" 0 0.0323373431638857 0.0214465712294247 0.020711080428029 0.0109887091013983 0 0.0042755141305742 0.00527370530534754 0.00424160162877503
"вашей" 0 0.00646746863277713 0.0107232856147123 0.020711080428029 0.0164830636520975 0.00522657189149637 0 0 0.0254496097726502
"вдохновенья" 0 0 0 0.041422160856058 0.00549435455069916 0.00522657189149637 0.0085510282611484 0.0158211159160426 0.00848320325755005
"весна" 0.0179195412597438 0.0129349372655543 0 0.020711080428029 0.0219774182027966 0 0.0085510282611484 0 0.00848320325755005
"вечный" 0.00895977062987188 0.0388048117966628 0.0107232856147123 0.020711080428029 0.00274717727534958 0.0104531437829927 0 0.0105474106106951 0.00848320325755005
"вместе" 0 0.00646746863277713 0.0375314996514932 0.0138073869520193 0.0109887091013983 0 0.0042755141305742 0.00527370530534754 0.0169664065151001
"вождь" 0 0.0323373431638857 0 0 0 0.0365860032404746 0 0.0421896424427803 0.00848320325755005
"времена" 0.0179195412597438 0 0.00536164280735617 0.0103555402140145 0.0164830636520975 0.0104531437829927 0.0042755141305742 0.0210948212213901 0.0127248048863251
"всюду" 0.00895977062987188 0.0258698745311085 0.0160849284220685 0.0103555402140145 0.00549435455069916 0.0156797156744891 0.0085510282611484 0.0105474106106951 0.00848320325755005
"головы" 0.00895977062987188 0.0258698745311085 0.0160849284220685 0.00345184673800483 0.019230240927447 0.0104531437829927 0.0128265423917226 0 0.00424160162877503
"голосом" 0 0 0 0.00690369347600967 0.0384604818548941 0.0104531437829927 0 0.0105474106106951 0.00848320325755005
"гостей" 0.0179195412597438 0.0388048117966628 0.0160849284220685 0.0138073869520193 0.00549435455069916 0.00522657189149637 0.0042755141305742 0.00527370530534754 0.00848320325755005
"диво" 0.00895977062987188 0.0258698745311085 0.0482547852662056 0 0.0137358863767479 0 0 0.00527370530534754 0.00848320325755005
"другие" 0.00895977062987188 0.0129349372655543 0 0.0138073869520193 0.0109887091013983 0.0209062875659855 0.0042755141305742 0.0210948212213901 0.00848320325755005
"жену" 0.0179195412597438 0.0129349372655543 0.0107232856147123 0 0.0164830636520975 0.00522657189149637 0.021377570652871 0.0105474106106951 0.00848320325755005
"забот" 0 0.0129349372655543 0 0.0241629271660338 0.00274717727534958 0.0156797156744891 0.0256530847834452 0.0105474106106951 0.00424160162877503
"зверь" 0.0179195412597438 0.0194024058983314 0.0214465712294247 0.00690369347600967 0.0137358863767479 0.0104531437829927 0.0042755141305742 0.00527370530534754 0.00848320325755005
"зовут" 0.00895977062987188 0.0129349372655543 0.0107232856147123 0.0103555402140145 0.00824153182604873 0.0209062875659855 0.0085510282611484 0.0263685265267377 0
"известно" 0.0268793118896156 0.00646746863277713 0.0107232856147123 0.00345184673800483 0.019230240927447 0.00522657189149637 0.0085510282611484 0 0.0212080081438751
"каких" 0.0268793118896156 0 0.0268082140367809 0 0.0164830636520975 0.0156797156744891 0.0085510282611484 0 0.0127248048863251
"кров" 0 0 0.00536164280735617 0.0345184673800483 0.00274717727534958 0.0209062875659855 0 0 0.0254496097726502
"лежал" 0.00895977062987188 0.0129349372655543 0.00536164280735617 0.0103555402140145 0.00824153182604873 0 0.021377570652871 0.0210948212213901 0.0127248048863251
"лицом" 0.0358390825194875 0.0194024058983314 0.0214465712294247 0 0.019230240927447 0 0.0128265423917226 0.00527370530534754 0
"любя" 0 0.0129349372655543 0.0214465712294247 0.0138073869520193 0.00824153182604873 0.0104531437829927 0.0128265423917226 0.0210948212213901 0
"надежде" 0 0.0323373431638857 0.0107232856147123 0.0138073869520193 0.00274717727534958 0.0261328594574818 0.0042755141305742 0.00527370530534754 0.0127248048863251
"найти" 0 0.00646746863277713 0.0214465712294247 0.0138073869520193 0.0137358863767479 0.00522657189149637 0.0128265423917226 0.0105474106106951 0.00848320325755005
"наслаждений" 0 0.0129349372655543 0 0.0241629271660338 0 0.0156797156744891 0.0085510282611484 0.0210948212213901 0.0169664065151001
"образ" 0.00895977062987188 0.00646746863277713 0.00536164280735617 0.020711080428029 0.00274717727534958 0.0104531437829927 0.0128265423917226 0.0210948212213901 0.0127248048863251
"откуда" 0.00895977062987188 0.0194024058983314 0.00536164280735617 0.00345184673800483 0.0164830636520975 0.00522657189149637 0.0171020565222968 0.00527370530534754 0.0169664065151001
"отца" 0.00895977062987188 0.00646746863277713 0.0160849284220685 0.00345184673800483 0.0109887091013983 0.0104531437829927 0.0085510282611484 0.0210948212213901 0.0169664065151001
"отчего" 0.0627183944091031 0.0194024058983314 0.00536164280735617 0.00345184673800483 0.00274717727534958 0.0104531437829927 0.0171020565222968 0.00527370530534754 0.00848320325755005
"ох" 0 0.0194024058983314 0.0214465712294247 0.0138073869520193 0.019230240927447 0.00522657189149637 0 0.00527370530534754 0.00848320325755005
"пошла" 0.00895977062987188 0 0.0160849284220685 0.00690369347600967 0.019230240927447 0.00522657189149637 0.0256530847834452 0.0105474106106951 0
"права" 0.00895977062987188 0 0.00536164280735617 0.0103555402140145 0.0219774182027966 0.00522657189149637 0.0128265423917226 0.0263685265267377 0
"приди" 0 0 0 0.0276147739040387 0.00824153182604873 0.0365860032404746 0.0128265423917226 0.00527370530534754 0
"пройдёт" 0.0268793118896156 0.0129349372655543 0.0160849284220685 0.00690369347600967 0.00274717727534958 0.0156797156744891 0.0128265423917226 0.0158211159160426 0.00848320325755005
"родная" 0.00895977062987188 0.00646746863277713 0.0160849284220685 0.00345184673800483 0.00824153182604873 0.00522657189149637 0.0513061695668904 0 0
"рядом" 0.0179195412597438 0.0194024058983314 0.00536164280735617 0 0.0274717727534958 0 0.0128265423917226 0.0105474106106951 0.00424160162877503
"скажите" 0 0 0.00536164280735617 0.0310666206420435 0.0109887091013983 0.0104531437829927 0.0042755141305742 0.0158211159160426 0.00848320325755005
"сладкой" 0 0.0323373431638857 0 0.0172592336900242 0.00549435455069916 0.0156797156744891 0.0042755141305742 0.0263685265267377 0.00424160162877503
"слух" 0.0268793118896156 0.0129349372655543 0.00536164280735617 0.00345184673800483 0.00274717727534958 0.00522657189149637 0.0042755141305742 0.0263685265267377 0.0296912114014252
"сыны" 0 0 0 0.0103555402140145 0.0109887091013983 0.0104531437829927 0.0042755141305742 0.0316422318320852 0.0254496097726502
"также" 0 0.0194024058983314 0 0.0172592336900242 0.0109887091013983 0.0104531437829927 0.0085510282611484 0.0105474106106951 0.0169664065151001
"таков" 0 0 0.00536164280735617 0.0103555402140145 0.0164830636520975 0.0104531437829927 0.0128265423917226 0.0316422318320852 0.00424160162877503
"толпа" 0.0179195412597438 0 0 0.00690369347600967 0.0164830636520975 0 0.0342041130445936 0.0105474106106951 0.00848320325755005
"тоскою" 0 0.0194024058983314 0 0.00690369347600967 0.0109887091013983 0.0104531437829927 0.0299285989140194 0.00527370530534754 0.0127248048863251
"трудов" 0 0.0129349372655543 0.00536164280735617 0.0172592336900242 0.00824153182604873 0.00522657189149637 0.0085510282611484 0.0263685265267377 0.0127248048863251
"холодный" 0.00895977062987188 0.00646746863277713 0 0.0172592336900242 0 0.0261328594574818 0.0256530847834452 0.0105474106106951 0.00848320325755005
"хорошо" 0.0268793118896156 0 0.0160849284220685 0 0.0109887091013983 0 0.0042755141305742 0.0158211159160426 0.0339328130302002
"царю" 0 0.0194024058983314 0.0214465712294247 0.0103555402140145 0.00824153182604873 0.0104531437829927 0 0.0158211159160426 0.0169664065151001
"цвете" 0 0 0.0107232856147123 0.0103555402140145 0.00824153182604873 0.0261328594574818 0.021377570652871 0.0158211159160426 0.00424160162877503
"чести" 0 0.0194024058983314 0.0107232856147123 0.0172592336900242 0.00274717727534958 0.0104531437829927 0.0042755141305742 0 0.0339328130302002
"чувство" 0.0179195412597438 0.00646746863277713 0 0.00690369347600967 0.00824153182604873 0.00522657189149637 0.021377570652871 0.0105474106106951 0.0254496097726502
"щит" 0.00895977062987188 0 0.0107232856147123 0.0276147739040387 0 0.0156797156744891 0 0.0263685265267377 0.0127248048863251
"барина" 0 0 0.00536164280735617 0 0.0467020136809428 0 0.0085510282611484 0 0.00424160162877503
"барину" 0 0 0.0107232856147123 0 0.052196368231642 0 0 0 0
"видишь" 0 0.0194024058983314 0.0160849284220685 0.00690369347600967 0.0109887091013983 0.0156797156744891 0.0085510282611484 0.0210948212213901 0
"вмиг" 0 0.051739749062217 0.0214465712294247 0 0 0.0104531437829927 0.0171020565222968 0 0.0127248048863251
"внемлет" 0 0.00646746863277713 0.00536164280735617 0.0172592336900242 0.00549435455069916 0.00522657189149637 0.0085510282611484 0.0263685265267377 0.0169664065151001
"воле" 0.00895977062987188 0.0194024058983314 0.0160849284220685 0.0276147739040387 0.00274717727534958 0.0104531437829927 0.0128265423917226 0 0
"вослед" 0.0268793118896156 0 0.00536164280735617 0.0172592336900242 0 0.0209062875659855 0.0042755141305742 0.0105474106106951 0.0212080081438751
"главу" 0 0 0 0.0276147739040387 0 0.0104531437829927 0.0085510282611484 0.0263685265267377 0.0169664065151001
"глуши" 0.00895977062987188 0.0129349372655543 0 0.0172592336900242 0.00549435455069916 0.0313594313489782 0.0042755141305742 0.0105474106106951 0.00848320325755005
"гроба" 0.0179195412597438 0.0258698745311085 0.00536164280735617 0.00345184673800483 0.00824153182604873 0.0104531437829927 0.0128265423917226 0.0105474106106951 0.0127248048863251
"даёт" 0.00895977062987188 0.0129349372655543 0.0160849284220685 0.0138073869520193 0.0109887091013983 0.0104531437829927 0.0085510282611484 0.00527370530534754 0.00848320325755005
"дать" 0 0.00646746863277713 0.0107232856147123 0 0.0247245954781462 0.0104531437829927 0.0171020565222968 0.0105474106106951 0.00424160162877503
"дикой" 0.0179195412597438 0.0129349372655543 0.0214465712294247 0.0103555402140145 0.00549435455069916 0.0209062875659855 0 0.0210948212213901 0
"иди" 0 0.00646746863277713 0.0160849284220685 0 0.0137358863767479 0.0261328594574818 0.0128265423917226 0.0158211159160426 0.00424160162877503
"ком" 0.0179195412597438 0.0129349372655543 0.0214465712294247 0.00690369347600967 0.0109887091013983 0.00522657189149637 0.0171020565222968 0 0.00848320325755005
"красавица" 0.0179195412597438 0.00646746863277713 0 0.0241629271660338 0.00274717727534958 0.0104531437829927 0 0.0158211159160426 0.0212080081438751
"милости" 0 0 0 0.0103555402140145 0.019230240927447 0.00522657189149637 0.0128265423917226 0.0105474106106951 0.0212080081438751
"мук" 0 0.0129349372655543 0 0.00345184673800483 0.00549435455069916 0.0156797156744891 0.0555816836974646 0 0
"навеки" 0.0179195412597438 0.00646746863277713 0.0160849284220685 0.00690369347600967 0.00274717727534958 0.0104531437829927 0.021377570652871 0 0.0212080081438751
"навсегда" 0.0179195412597438 0.0129349372655543 0.00536164280735617 0.0103555402140145 0.00549435455069916 0.00522657189149637 0.021377570652871 0.0158211159160426 0.00848320325755005
"наше" 0.0179195412597438 0.0129349372655543 0.0214465712294247 0.00345184673800483 0.0137358863767479 0.0156797156744891 0 0 0.0169664065151001
"нежной" 0 0.0258698745311085 0 0.0241629271660338 0 0.0209062875659855 0.0042755141305742 0.0210948212213901 0.00424160162877503
"немного" 0 0.00646746863277713 0.0375314996514932 0.0138073869520193 0.00824153182604873 0.00522657189149637 0.0085510282611484 0.0105474106106951 0.00424160162877503
"оставил" 0.0179195412597438 0.00646746863277713 0 0.0172592336900242 0.00824153182604873 0.0104531437829927 0.0042755141305742 0.0210948212213901 0.0127248048863251
"плачет" 0 0.0129349372655543 0.0214465712294247 0.0138073869520193 0.0137358863767479 0 0.0085510282611484 0.0105474106106951 0.00848320325755005
"поверь" 0.0179195412597438 0 0.00536164280735617 0.020711080428029 0.00274717727534958 0.00522657189149637 0.0085510282611484 0.0210948212213901 0.0169664065151001
"позор" 0 0.00646746863277713 0.00536164280735617 0.0172592336900242 0.00274717727534958 0 0.0256530847834452 0.0158211159160426 0.0169664065151001
"пой" 0.00895977062987188 0.0258698745311085 0.00536164280735617 0.0172592336900242 0.00824153182604873 0 0.0042755141305742 0.0158211159160426 0.0127248048863251
"привет" 0.00895977062987188 0.0129349372655543 0 0.00345184673800483 0.00824153182604873 0.0209062875659855 0.0342041130445936 0.00527370530534754 0.00424160162877503
"равно" 0 0 0.0268082140367809 0.0103555402140145 0.0109887091013983 0.00522657189149637 0.021377570652871 0.0105474106106951 0.00424160162877503
"розы" 0.00895977062987188 0.0582072176949942 0 0.020711080428029 0.00274717727534958 0.00522657189149637 0.0085510282611484 0 0.00424160162877503
"свод" 0 0.0129349372655543 0.0160849284220685 0.0138073869520193 0.00549435455069916 0.0156797156744891 0.0042755141305742 0.00527370530534754 0.0212080081438751
"сенью" 0 0 0 0.0310666206420435 0.00274717727534958 0.0156797156744891 0.0042755141305742 0.0158211159160426 0.0169664065151001
"сидел" 0 0.0129349372655543 0.0160849284220685 0.0103555402140145 0.00549435455069916 0.0104531437829927 0.0299285989140194 0 0.00848320325755005
"сила" 0.0358390825194875 0.00646746863277713 0.0214465712294247 0.0103555402140145 0.00274717727534958 0 0.0085510282611484 0.00527370530534754 0.0212080081438751
"слышал" 0.00895977062987188 0.00646746863277713 0.0214465712294247 0.0138073869520193 0.00549435455069916 0.0209062875659855 0.0085510282611484 0.00527370530534754 0.00848320325755005
"спор" 0.00895977062987188 0.0129349372655543 0.00536164280735617 0.0138073869520193 0.019230240927447 0.00522657189149637 0.0042755141305742 0.0105474106106951 0.00848320325755005
"тишины" 0 0.0194024058983314 0 0.0138073869520193 0.00824153182604873 0.0209062875659855 0.0042755141305742 0.0158211159160426 0.0127248048863251
"туман" 0 0.0194024058983314 0 0.0138073869520193 0 0.0313594313489782 0.0256530847834452 0.00527370530534754 0.00424160162877503
"увижу" 0 0.0129349372655543 0.00536164280735617 0.00690369347600967 0 0.0209062875659855 0.0171020565222968 0.0263685265267377 0.0127248048863251
"ужас" 0 0 0.00536164280735617 0.0310666206420435 0.00824153182604873 0.00522657189149637 0.0085510282611484 0.0158211159160426 0.00848320325755005
"унылой" 0.00895977062987188 0.00646746863277713 0.00536164280735617 0.0276147739040387 0.00274717727534958 0.0156797156744891 0.0042755141305742 0.0158211159160426 0.00848320325755005
"уст" 0 0.00646746863277713 0.0107232856147123 0.0103555402140145 0.00549435455069916 0.0209062875659855 0.021377570652871 0.0158211159160426 0.00424160162877503
"холм" 0 0.0194024058983314 0 0.0103555402140145 0 0.0313594313489782 0.0042755141305742 0 0.0339328130302002
"цветы" 0.0268793118896156 0.00646746863277713 0 0.020711080428029 0.0137358863767479 0.0104531437829927 0 0.0105474106106951 0.00848320325755005
"чей" 0.00895977062987188 0 0.00536164280735617 0.020711080428029 0.00549435455069916 0.0104531437829927 0.0128265423917226 0.0158211159160426 0.0127248048863251
"чувств" 0 0.0194024058983314 0 0.00345184673800483 0.00274717727534958 0.0104531437829927 0.0299285989140194 0.0158211159160426 0.0169664065151001
"этом" 0.0179195412597438 0.00646746863277713 0.0214465712294247 0.00345184673800483 0.00824153182604873 0.00522657189149637 0.0256530847834452 0 0.0127248048863251
"эту" 0.00895977062987188 0.00646746863277713 0.0160849284220685 0.00345184673800483 0.0302189500288454 0 0.0171020565222968 0 0
"битвы" 0 0.0452722804294399 0 0.00690369347600967 0.00549435455069916 0.0156797156744891 0 0.0158211159160426 0.0127248048863251
"блаженства" 0.0179195412597438 0.0129349372655543 0.00536164280735617 0.00690369347600967 0.00274717727534958 0 0.0256530847834452 0 0.0254496097726502
"будут" 0 0.00646746863277713 0 0.0138073869520193 0.0137358863767479 0.0156797156744891 0.0085510282611484 0.0210948212213901 0.00424160162877503
"власть" 0.0179195412597438 0.00646746863277713 0.00536164280735617 0.0103555402140145 0.00549435455069916 0.0104531437829927 0.0128265423917226 0.0158211159160426 0.0127248048863251
"войны" 0.00895977062987188 0.00646746863277713 0 0.0172592336900242 0.00549435455069916 0.00522657189149637 0.0171020565222968 0.0263685265267377 0.00424160162877503
"волшебный" 0 0.0129349372655543 0.00536164280735617 0.0241629271660338 0 0.0156797156744891 0.021377570652871 0 0.00848320325755005
"волю" 0 0.0194024058983314 0.0107232856147123 0.0103555402140145 0.0164830636520975 0 0.0171020565222968 0 0.00848320325755005
"воспоминанье" 0 0.0129349372655543 0 0.0138073869520193 0 0.0209062875659855 0.0128265423917226 0.0105474106106951 0.0212080081438751
"восторгом" 0 0 0.00536164280735617 0.0276147739040387 0 0.00522657189149637 0 0.0316422318320852 0.0169664065151001
"враги" 0.0268793118896156 0.00646746863277713 0.00536164280735617 0.0172592336900242 0.00549435455069916 0.0156797156744891 0.0128265423917226 0 0.00848320325755005
"времени" 0 0.0194024058983314 0 0.00690369347600967 0.019230240927447 0.00522657189149637 0.0171020565222968 0 0.0127248048863251
"вышел" 0.0179195412597438 0 0.032169856844137 0.00690369347600967 0.0164830636520975 0 0.0128265423917226 0 0.00424160162877503
"глазах" 0.00895977062987188 0.0129349372655543 0.00536164280735617 0 0.0109887091013983 0.0261328594574818 0.0128265423917226 0.0105474106106951 0.00848320325755005
"гляди" 0.00895977062987188 0 0.0107232856147123 0 0.0384604818548941 0 0.0085510282611484 0 0.00424160162877503
"говори" 0.0179195412597438 0 0.0214465712294247 0.00345184673800483 0.00549435455069916 0.0104531437829927 0.0256530847834452 0 0.0127248048863251
"гости" 0.0179195412597438 0.00646746863277713 0.0268082140367809 0.0241629271660338 0.00549435455069916 0 0.0042755141305742 0.00527370530534754 0.00424160162877503
"гость" 0.00895977062987188 0.0258698745311085 0.00536164280735617 0.00690369347600967 0.00824153182604873 0.0261328594574818 0.0042755141305742 0.00527370530534754 0.00848320325755005
"грозно" 0.00895977062987188 0.00646746863277713 0.0107232856147123 0.0241629271660338 0.00274717727534958 0.00522657189149637 0.0085510282611484 0.0158211159160426 0.00848320325755005
"даль" 0.00895977062987188 0.0194024058983314 0.0160849284220685 0.00345184673800483 0.0137358863767479 0.0156797156744891 0.0042755141305742 0 0.0127248048863251
"едет" 0 0.0129349372655543 0.0428931424588494 0.0138073869520193 0.0164830636520975 0 0 0 0
"живу" 0 0.00646746863277713 0.0214465712294247 0.0172592336900242 0.0109887091013983 0 0.0128265423917226 0.00527370530534754 0.00848320325755005
"затем" 0.0268793118896156 0 0.0268082140367809 0 0.00549435455069916 0 0.0384796271751678 0 0.00424160162877503
"знакомый" 0 0 0.00536164280735617 0.0138073869520193 0.0164830636520975 0.00522657189149637 0.0171020565222968 0.0105474106106951 0.00848320325755005
"зрел" 0 0.0323373431638857 0 0.0103555402140145 0 0.0156797156744891 0.0128265423917226 0.0158211159160426 0.0127248048863251
"играет" 0.0268793118896156 0.0258698745311085 0 0.0103555402140145 0.00274717727534958 0.0104531437829927 0.0085510282611484 0.0210948212213901 0.00424160162877503
"имя" 0.0179195412597438 0.00646746863277713 0 0.00690369347600967 0.0137358863767479 0.0156797156744891 0.0042755141305742 0.0105474106106951 0.0169664065151001
"красой" 0.0179195412597438 0.0323373431638857 0 0.0276147739040387 0.00274717727534958 0.0104531437829927 0 0.00527370530534754 0.00424160162877503
"красотой" 0.0179195412597438 0.00646746863277713 0.00536164280735617 0.020711080428029 0 0.0313594313489782 0.0128265423917226 0 0.00424160162877503
"кругу" 0.0179195412597438 0 0 0.0138073869520193 0 0.0209062875659855 0 0.00527370530534754 0.0381744146589752
"лёгкий" 0.0179195412597438 0.0194024058983314 0.00536164280735617 0.00690369347600967 0.00549435455069916 0.0365860032404746 0.0042755141305742 0.00527370530534754 0.00424160162877503
"лица" 0.0447988531493594 0.0129349372655543 0.0107232856147123 0.00345184673800483 0.00549435455069916 0 0.0171020565222968 0.0105474106106951 0.00848320325755005
"любимый" 0.00895977062987188 0.00646746863277713 0.00536164280735617 0.0103555402140145 0.0164830636520975 0 0.0085510282611484 0.0158211159160426 0.0127248048863251
"мило" 0.0179195412597438 0.0323373431638857 0.00536164280735617 0.0103555402140145 0.00274717727534958 0.0209062875659855 0 0.0158211159160426 0.00424160162877503
"мирный" 0.00895977062987188 0.00646746863277713 0 0.0172592336900242 0 0.0313594313489782 0.0042755141305742 0.0105474106106951 0.0169664065151001
"младая" 0.0179195412597438 0.0194024058983314 0.00536164280735617 0.0138073869520193 0.00274717727534958 0.0104531437829927 0.0085510282611484 0.0210948212213901 0.00424160162877503
"младость" 0 0.0388048117966628 0.00536164280735617 0.0241629271660338 0 0.00522657189149637 0.0042755141305742 0.0158211159160426 0.00424160162877503
"наслажденье" 0.00895977062987188 0.0194024058983314 0 0.0241629271660338 0 0.0156797156744891 0.0042755141305742 0.0158211159160426 0.00848320325755005
"начал" 0 0 0.0268082140367809 0.00345184673800483 0.0219774182027966 0 0.021377570652871 0.00527370530534754 0
"нашу" 0.00895977062987188 0.0129349372655543 0.00536164280735617 0.020711080428029 0.00824153182604873 0.00522657189149637 0.0085510282611484 0.00527370530534754 0.0127248048863251
"небесной" 0 0.0258698745311085 0 0.0138073869520193 0 0.00522657189149637 0.0085510282611484 0.0316422318320852 0.0127248048863251
"недаром" 0.0447988531493594 0 0.00536164280735617 0.0138073869520193 0.0164830636520975 0 0.0171020565222968 0 0
"нечего" 0 0.00646746863277713 0 0 0.0439548364055933 0.0104531437829927 0 0.00527370530534754 0
"никак" 0.0179195412597438 0.00646746863277713 0.0214465712294247 0.00690369347600967 0.0109887091013983 0.0156797156744891 0.0042755141305742 0 0.0127248048863251
"обитель" 0.00895977062987188 0.0194024058983314 0.0107232856147123 0.00345184673800483 0 0.0261328594574818 0 0.0210948212213901 0.0169664065151001
"очами" 0 0.0129349372655543 0 0.0103555402140145 0 0.0156797156744891 0.0085510282611484 0.0263685265267377 0.0212080081438751
"песню" 0.0268793118896156 0.0129349372655543 0.0107232856147123 0 0.0274717727534958 0 0.0128265423917226 0 0
"постой" 0 0.00646746863277713 0.00536164280735617 0 0.019230240927447 0.0313594313489782 0.0042755141305742 0.0105474106106951 0.00848320325755005
"поют" 0.00895977062987188 0.0258698745311085 0.0214465712294247 0.0138073869520193 0.0109887091013983 0.0104531437829927 0 0 0.00424160162877503
"пришли" 0.0179195412597438 0 0.00536164280735617 0.00345184673800483 0.019230240927447 0.0156797156744891 0.0042755141305742 0.0158211159160426 0.00848320325755005
"прямо" 0.0179195412597438 0.0323373431638857 0.0107232856147123 0.0138073869520193 0.0109887091013983 0.00522657189149637 0.0042755141305742 0 0.00424160162877503
"рекой" 0.0268793118896156 0.0129349372655543 0.0107232856147123 0.00345184673800483 0.00824153182604873 0.00522657189149637 0.0085510282611484 0.0158211159160426 0.0127248048863251
"род" 0 0.00646746863277713 0.0160849284220685 0.0103555402140145 0.00824153182604873 0.00522657189149637 0.0085510282611484 0.0210948212213901 0.0127248048863251
"своему" 0.0179195412597438 0 0.00536164280735617 0.00690369347600967 0.0137358863767479 0.00522657189149637 0.0128265423917226 0.0210948212213901 0.00848320325755005
"се" 0 0 0 0.020711080428029 0 0.00522657189149637 0 0.0263685265267377 0.0339328130302002
"скал" 0 0 0 0.020711080428029 0 0.0261328594574818 0.0256530847834452 0.0158211159160426 0
"спи" 0 0.0776096235933256 0 0.0103555402140145 0.00274717727534958 0.0104531437829927 0.0085510282611484 0 0
"стала" 0.00895977062987188 0.00646746863277713 0.0107232856147123 0.00690369347600967 0.0137358863767479 0.00522657189149637 0.0171020565222968 0.00527370530534754 0.0127248048863251
"судьбою" 0 0.0129349372655543 0.00536164280735617 0.0138073869520193 0.00274717727534958 0.0209062875659855 0.0128265423917226 0.0210948212213901 0.00424160162877503
"сына" 0.0179195412597438 0.0129349372655543 0.0214465712294247 0.0103555402140145 0.00274717727534958 0.00522657189149637 0.0128265423917226 0.0105474106106951 0.00848320325755005
"тайной" 0 0.0129349372655543 0.00536164280735617 0.0241629271660338 0.00274717727534958 0.0104531437829927 0.0171020565222968 0.00527370530534754 0.00848320325755005
"таким" 0.00895977062987188 0.00646746863277713 0.00536164280735617 0.00690369347600967 0.019230240927447 0.00522657189149637 0.0128265423917226 0 0.0169664065151001
"товарищ" 0 0 0.0107232856147123 0.0310666206420435 0.00274717727534958 0.0156797156744891 0.0171020565222968 0.00527370530534754 0
"тоска" 0 0.0194024058983314 0.0107232856147123 0 0.00824153182604873 0.0104531437829927 0.0256530847834452 0.00527370530534754 0.0127248048863251
"труда" 0.0268793118896156 0.0129349372655543 0.0107232856147123 0.0103555402140145 0.00824153182604873 0.0104531437829927 0.0085510282611484 0 0.0127248048863251
"уединённый" 0 0.00646746863277713 0 0.0138073869520193 0 0.0261328594574818 0.0128265423917226 0.0105474106106951 0.0212080081438751
"умом" 0.0179195412597438 0.00646746863277713 0 0.00690369347600967 0.0137358863767479 0.0104531437829927 0.0042755141305742 0.0158211159160426 0.0169664065151001
"ходит" 0 0.0388048117966628 0.0268082140367809 0.00345184673800483 0.0109887091013983 0.0104531437829927 0 0 0.00848320325755005
"бед" 0 0.0194024058983314 0.00536164280735617 0.0172592336900242 0.00274717727534958 0.0209062875659855 0.0042755141305742 0.00527370530534754 0.0127248048863251
"бедной" 0 0.0194024058983314 0.0214465712294247 0.0103555402140145 0.0109887091013983 0.0104531437829927 0.0085510282611484 0.00527370530534754 0
"беспечной" 0.00895977062987188 0 0 0.0345184673800483 0.00274717727534958 0.0104531437829927 0.0042755141305742 0.00527370530534754 0.0127248048863251
"блаженство" 0 0.00646746863277713 0 0.0172592336900242 0 0.0313594313489782 0.0085510282611484 0.0158211159160426 0.00848320325755005
"брани" 0 0.0129349372655543 0 0.00345184673800483 0.00549435455069916 0 0 0.0527370530534754 0.0169664065151001
"бури" 0 0.0258698745311085 0.00536164280735617 0.0103555402140145 0.00549435455069916 0 0.0042755141305742 0.0263685265267377 0.0127248048863251
"ваших" 0.0179195412597438 0 0.00536164280735617 0.0276147739040387 0.0109887091013983 0.00522657189149637 0.0042755141305742 0 0.00848320325755005
"ве" 0 0.00646746863277713 0.032169856844137 0.00345184673800483 0.00549435455069916 0.00522657189149637 0.0085510282611484 0.00527370530534754 0.0212080081438751
"взял" 0 0.00646746863277713 0.0160849284220685 0.00690369347600967 0.0137358863767479 0.0209062875659855 0.0128265423917226 0 0.00424160162877503
"волненье" 0 0.0194024058983314 0 0.0172592336900242 0 0.0156797156744891 0.0042755141305742 0.0210948212213901 0.0127248048863251
"восторг" 0 0.00646746863277713 0.00536164280735617 0.0172592336900242 0.00549435455069916 0.0104531437829927 0.0171020565222968 0 0.0169664065151001
"вчера" 0.00895977062987188 0 0.00536164280735617 0.0241629271660338 0.0109887091013983 0.00522657189149637 0.0085510282611484 0.00527370530534754 0.00848320325755005
"главы" 0.00895977062987188 0.0129349372655543 0 0.0103555402140145 0.00824153182604873 0.0365860032404746 0.0042755141305742 0 0.00848320325755005
"глазами" 0 0.0194024058983314 0 0.00345184673800483 0.00549435455069916 0.0104531437829927 0.0128265423917226 0.0105474106106951 0.0254496097726502
"гнев" 0 0 0.00536164280735617 0.020711080428029 0.00824153182604873 0.0209062875659855 0.0042755141305742 0 0.0169664065151001
"грехи" 0.00895977062987188 0.0129349372655543 0.00536164280735617 0.0276147739040387 0.0109887091013983 0 0 0.0158211159160426 0
"гроза" 0.0179195412597438 0.0129349372655543 0.0107232856147123 0.0103555402140145 0.0109887091013983 0.00522657189149637 0.0128265423917226 0.0105474106106951 0
"грустно" 0.00895977062987188 0.0323373431638857 0.0107232856147123 0.00345184673800483 0.00274717727534958 0 0.0171020565222968 0.00527370530534754 0.0169664065151001
"гул" 0 0.0129349372655543 0.00536164280735617 0.0138073869520193 0.00549435455069916 0.0104531437829927 0 0 0.0339328130302002
"далеко" 0.0447988531493594 0.0258698745311085 0.0107232856147123 0.00345184673800483 0.00824153182604873 0.00522657189149637 0.0085510282611484 0.00527370530534754 0
"денег" 0.0179195412597438 0.00646746863277713 0.0268082140367809 0.0103555402140145 0.00824153182604873 0 0.0171020565222968 0.00527370530534754 0
"дороги" 0 0.0129349372655543 0.0107232856147123 0 0.0109887091013983 0.0156797156744891 0.021377570652871 0 0.0127248048863251
"другую" 0.00895977062987188 0.0129349372655543 0.00536164280735617 0.0138073869520193 0.00824153182604873 0 0.0128265423917226 0.00527370530534754 0.0169664065151001
"дружно" 0.0268793118896156 0.00646746863277713 0.0160849284220685 0.0138073869520193 0.00274717727534958 0 0.0171020565222968 0.0105474106106951 0.00424160162877503
"дурак" 0.00895977062987188 0.00646746863277713 0.00536164280735617 0 0.019230240927447 0.0156797156744891 0.0128265423917226 0.00527370530534754 0.00848320325755005
"души" 0.0268793118896156 0.0194024058983314 0.0214465712294247 0 0.00824153182604873 0 0.0128265423917226 0 0.0127248048863251
"жадно" 0.0179195412597438 0.00646746863277713 0.00536164280735617 0.0103555402140145 0.00824153182604873 0.00522657189149637 0.0128265423917226 0 0.0212080081438751
"жизнью" 0.00895977062987188 0.0388048117966628 0.00536164280735617 0.00345184673800483 0.00274717727534958 0.0104531437829927 0.0171020565222968 0.00527370530534754 0.00848320325755005
"забвенья" 0.00895977062987188 0.0258698745311085 0 0.0172592336900242 0.00549435455069916 0.0104531437829927 0.0042755141305742 0.00527370530534754 0.0127248048863251
"забыв" 0 0.0129349372655543 0 0.0241629271660338 0 0 0 0.0316422318320852 0.0169664065151001
"зла" 0 0.0194024058983314 0.00536164280735617 0 0.00824153182604873 0 0.0342041130445936 0.00527370530534754 0.0127248048863251
"злой" 0.00895977062987188 0.00646746863277713 0 0.0241629271660338 0.00824153182604873 0.00522657189149637 0.0085510282611484 0.0105474106106951 0.00848320325755005
"золотой" 0.00895977062987188 0.0258698745311085 0 0.0241629271660338 0 0 0.0085510282611484 0.00527370530534754 0.0169664065151001
"искать" 0 0 0.0107232856147123 0 0.0137358863767479 0.0104531437829927 0.0085510282611484 0.0158211159160426 0.0212080081438751
"кони" 0.00895977062987188 0.0323373431638857 0.0214465712294247 0.0103555402140145 0.0109887091013983 0 0.0085510282611484 0 0
"лесу" 0.00895977062987188 0.0129349372655543 0.0107232856147123 0.0103555402140145 0.019230240927447 0.00522657189149637 0.0042755141305742 0.00527370530534754 0.00424160162877503
"лира" 0 0.0129349372655543 0 0.020711080428029 0.00274717727534958 0.0156797156744891 0.0042755141305742 0.0105474106106951 0.0169664065151001
"луны" 0 0 0.0268082140367809 0.0172592336900242 0 0.0104531437829927 0.0085510282611484 0.0105474106106951 0.0127248048863251
"мечтой" 0 0.0129349372655543 0.00536164280735617 0 0.00549435455069916 0.0156797156744891 0.0171020565222968 0.0210948212213901 0.0127248048863251
"милая" 0 0 0 0.0138073869520193 0.00824153182604873 0.0156797156744891 0.0042755141305742 0.0369159371374328 0.00424160162877503
"миру" 0.00895977062987188 0.0129349372655543 0.00536164280735617 0.020711080428029 0.00549435455069916 0.0104531437829927 0.0085510282611484 0.00527370530534754 0.00848320325755005
"москвы" 0.0179195412597438 0.0194024058983314 0 0.0138073869520193 0.00549435455069916 0.0156797156744891 0.0042755141305742 0.0158211159160426 0.00424160162877503
"неги" 0 0.0323373431638857 0 0.0310666206420435 0.00274717727534958 0.0104531437829927 0 0.0105474106106951 0
"никому" 0.0179195412597438 0 0.0214465712294247 0.00690369347600967 0.00274717727534958 0 0.0342041130445936 0.00527370530534754 0.00424160162877503
"новые" 0 0 0 0.00690369347600967 0.0302189500288454 0 0.0128265423917226 0.0158211159160426 0
"нос" 0.0358390825194875 0.00646746863277713 0.00536164280735617 0.00345184673800483 0.0109887091013983 0.0104531437829927 0 0.0105474106106951 0.0169664065151001
"остался" 0.00895977062987188 0.0129349372655543 0 0.020711080428029 0.00549435455069916 0 0.0256530847834452 0 0.00848320325755005
"отцов" 0.00895977062987188 0 0.0160849284220685 0 0.00549435455069916 0.0156797156744891 0.0171020565222968 0.0158211159160426 0.0127248048863251
"памяти" 0 0.0129349372655543 0.0214465712294247 0.0103555402140145 0.00824153182604873 0 0.0171020565222968 0.00527370530534754 0.00848320325755005
"платок" 0.0179195412597438 0 0 0 0.00824153182604873 0.0104531437829927 0 0.00527370530534754 0.0466576179165253
"последние" 0 0.00646746863277713 0 0.00345184673800483 0.00824153182604873 0.0104531437829927 0.0085510282611484 0.0210948212213901 0.0254496097726502
"прекрасно" 0 0.0388048117966628 0.0107232856147123 0.0103555402140145 0.00274717727534958 0.0104531437829927 0 0 0.0212080081438751
"принёс" 0.0179195412597438 0.00646746863277713 0.0107232856147123 0.0172592336900242 0.00824153182604873 0.00522657189149637 0.0042755141305742 0.0158211159160426 0.00424160162877503
"пропал" 0 0.0194024058983314 0.032169856844137 0.00690369347600967 0.0109887091013983 0.00522657189149637 0.0085510282611484 0 0.00424160162877503
"реки" 0 0.00646746863277713 0.00536164280735617 0.00345184673800483 0.0219774182027966 0.0104531437829927 0.021377570652871 0 0.00424160162877503
"сад" 0 0.0194024058983314 0 0.0103555402140145 0.00824153182604873 0.00522657189149637 0.021377570652871 0.00527370530534754 0.0127248048863251
"своего" 0 0.0194024058983314 0.0107232856147123 0.020711080428029 0 0.0156797156744891 0.0085510282611484 0.0158211159160426 0
"славный" 0.00895977062987188 0.0194024058983314 0.00536164280735617 0.00690369347600967 0.0109887091013983 0.0156797156744891 0.0042755141305742 0.0105474106106951 0.00848320325755005
"слезах" 0.00895977062987188 0 0 0.00690369347600967 0 0.0261328594574818 0 0.0158211159160426 0.0339328130302002
"смело" 0.0179195412597438 0.0258698745311085 0.00536164280735617 0.0138073869520193 0 0 0.0085510282611484 0.0210948212213901 0.00848320325755005
"смотрит" 0.00895977062987188 0.0323373431638857 0.0214465712294247 0.0138073869520193 0.00274717727534958 0.00522657189149637 0.0128265423917226 0 0
"сначала" 0.00895977062987188 0 0.00536164280735617 0.00345184673800483 0.019230240927447 0.00522657189149637 0.0085510282611484 0.0105474106106951 0.0169664065151001
"сном" 0 0.00646746863277713 0.0107232856147123 0.00690369347600967 0.00549435455069916 0.0261328594574818 0.0171020565222968 0.00527370530534754 0.00848320325755005
"стихами" 0 0 0 0.0310666206420435 0 0.0104531437829927 0.0085510282611484 0.0210948212213901 0.00848320325755005
"стороне" 0.0179195412597438 0.00646746863277713 0.0214465712294247 0.0103555402140145 0 0.0209062875659855 0.0085510282611484 0.00527370530534754 0.00848320325755005
"стране" 0 0 0.00536164280735617 0.0138073869520193 0.00824153182604873 0.00522657189149637 0.021377570652871 0.0105474106106951 0.0127248048863251
"судьбу" 0.00895977062987188 0 0 0.00690369347600967 0.00549435455069916 0.0156797156744891 0.0342041130445936 0.0105474106106951 0.00424160162877503
"тоски" 0.00895977062987188 0 0.0107232856147123 0.0103555402140145 0.00824153182604873 0.0156797156744891 0.0128265423917226 0 0.0169664065151001
"хлад" 0.0179195412597438 0 0 0.0103555402140145 0 0.0261328594574818 0.0128265423917226 0.0316422318320852 0
"хочет" 0 0.0323373431638857 0.0107232856147123 0.00690369347600967 0.00274717727534958 0.0156797156744891 0.0128265423917226 0.0105474106106951 0.00424160162877503
"хуже" 0.00895977062987188 0 0.0107232856147123 0 0.0302189500288454 0 0.0085510282611484 0 0.0127248048863251
"чашей" 0 0.0258698745311085 0.00536164280735617 0.0276147739040387 0.00549435455069916 0.0104531437829927 0 0.00527370530534754 0.00424160162877503
"человека" 0.0358390825194875 0.00646746863277713 0.0268082140367809 0.00690369347600967 0.00549435455069916 0.00522657189149637 0.0171020565222968 0 0
"шаг" 0.00895977062987188 0 0.00536164280735617 0.00345184673800483 0.0247245954781462 0.00522657189149637 0.0128265423917226 0.00527370530534754 0.00848320325755005
"эх" 0.0179195412597438 0 0.0214465712294247 0 0.0302189500288454 0 0.0085510282611484 0 0
"юность" 0 0.0194024058983314 0.00536164280735617 0.0138073869520193 0.00549435455069916 0.0156797156744891 0 0.00527370530534754 0.0212080081438751
"юный" 0 0.00646746863277713 0.00536164280735617 0.0138073869520193 0 0.0365860032404746 0.0085510282611484 0.0158211159160426 0.00424160162877503
"ясный" 0 0.0258698745311085 0 0.0138073869520193 0 0.0156797156744891 0.0085510282611484 0.0210948212213901 0.00848320325755005
"боги" 0.00895977062987188 0.00646746863277713 0.00536164280735617 0.0138073869520193 0 0.0104531437829927 0 0.0316422318320852 0.0127248048863251
"буря" 0.00895977062987188 0.0452722804294399 0.0160849284220685 0.0103555402140145 0.00274717727534958 0.0104531437829927 0.0042755141305742 0 0
"бытия" 0 0.00646746863277713 0.00536164280735617 0.00690369347600967 0.00274717727534958 0.0313594313489782 0.0128265423917226 0.0210948212213901 0
"велик" 0.0268793118896156 0.0194024058983314 0 0 0.00549435455069916 0.0104531437829927 0.0256530847834452 0.00527370530534754 0.00424160162877503
"великой" 0 0.0129349372655543 0.0107232856147123 0.00690369347600967 0.0109887091013983 0.00522657189149637 0 0.0158211159160426 0.0169664065151001
"вечерний" 0 0.00646746863277713 0 0.00690369347600967 0.0109887091013983 0.00522657189149637 0.0085510282611484 0.0158211159160426 0.0212080081438751
"внимая" 0.0179195412597438 0 0 0.00690369347600967 0 0.0261328594574818 0.0171020565222968 0.0263685265267377 0
"вовсе" 0 0 0.0107232856147123 0.0172592336900242 0.0137358863767479 0 0.0085510282611484 0.0105474106106951 0.00848320325755005
"вон" 0.0268793118896156 0.0323373431638857 0.0107232856147123 0.00345184673800483 0.0137358863767479 0 0.0042755141305742 0 0.00424160162877503
"врагов" 0.0447988531493594 0 0.00536164280735617 0.0103555402140145 0.00274717727534958 0.00522657189149637 0.0085510282611484 0.0210948212213901 0.00424160162877503
"глубоко" 0.0358390825194875 0 0.00536164280735617 0 0.019230240927447 0 0.021377570652871 0 0.00424160162877503
"глуп" 0 0 0.0268082140367809 0.00690369347600967 0.00824153182604873 0.0209062875659855 0.0085510282611484 0 0.00848320325755005
"говорить" 0.0358390825194875 0.00646746863277713 0.00536164280735617 0 0.00824153182604873 0 0.0256530847834452 0.00527370530534754 0.00848320325755005
"голова" 0.0179195412597438 0.0129349372655543 0.0214465712294247 0 0.0164830636520975 0 0.0085510282611484 0 0.00848320325755005
"горя" 0.00895977062987188 0.0323373431638857 0.00536164280735617 0.00345184673800483 0.00549435455069916 0.00522657189149637 0.0085510282611484 0.0105474106106951 0.0127248048863251
"даст" 0 0.0129349372655543 0.0214465712294247 0.0103555402140145 0.00824153182604873 0 0.0128265423917226 0.0105474106106951 0.00424160162877503
"двадцать" 0.00895977062987188 0 0.0107232856147123 0 0.0247245954781462 0.00522657189149637 0.0171020565222968 0.00527370530534754 0
"деле" 0 0.0452722804294399 0.0214465712294247 0.00690369347600967 0.00274717727534958 0 0.0042755141305742 0.0158211159160426 0
"доволен" 0.0179195412597438 0 0 0.0103555402140145 0.00824153182604873 0.00522657189149637 0.0128265423917226 0.0263685265267377 0.00424160162877503
"долины" 0 0 0 0.0241629271660338 0.00549435455069916 0.0156797156744891 0.0042755141305742 0.0105474106106951 0.0127248048863251
"жду" 0 0.0129349372655543 0.00536164280735617 0.0172592336900242 0.00824153182604873 0.0104531437829927 0.0085510282611484 0.00527370530534754 0.00848320325755005
"жив" 0 0.00646746863277713 0.00536164280735617 0.0172592336900242 0.00549435455069916 0.0261328594574818 0.0042755141305742 0.00527370530534754 0.00848320325755005
"забыть" 0 0 0 0.0138073869520193 0.0109887091013983 0.0156797156744891 0.0171020565222968 0 0.0127248048863251
"змей" 0 0 0.0965095705324111 0 0 0 0 0 0
"клянусь" 0 0.00646746863277713 0 0.0241629271660338 0.0109887091013983 0 0.0171020565222968 0.00527370530534754 0.00424160162877503
"книги" 0.00895977062987188 0 0 0.00345184673800483 0.0219774182027966 0 0.0171020565222968 0 0.0169664065151001
"которым" 0.0179195412597438 0.00646746863277713 0 0.00690369347600967 0.0137358863767479 0.0104531437829927 0.0171020565222968 0.0105474106106951 0
"крепко" 0 0 0.0107232856147123 0.00690369347600967 0.0302189500288454 0 0.0085510282611484 0.00527370530534754 0
"кровавый" 0 0.0129349372655543 0 0.0172592336900242 0.00274717727534958 0.0156797156744891 0.0085510282611484 0.0210948212213901 0.00424160162877503
"месте" 0 0.0129349372655543 0.0107232856147123 0.00690369347600967 0.00549435455069916 0.0156797156744891 0.0128265423917226 0.0105474106106951 0.00848320325755005
"могла" 0.00895977062987188 0.00646746863277713 0.00536164280735617 0.0103555402140145 0 0.00522657189149637 0.0342041130445936 0 0.0127248048863251
"молвил" 0 0.00646746863277713 0.032169856844137 0.0138073869520193 0.0109887091013983 0 0.0042755141305742 0.00527370530534754 0.00424160162877503
"молчанье" 0 0.0258698745311085 0.00536164280735617 0.0103555402140145 0 0.0104531437829927 0.0085510282611484 0.0158211159160426 0.0127248048863251
"нежно" 0.00895977062987188 0.00646746863277713 0.00536164280735617 0.0379703141180532 0 0.00522657189149637 0.0042755141305742 0.00527370530534754 0.00424160162877503
"новых" 0.0179195412597438 0.00646746863277713 0.0107232856147123 0.0103555402140145 0.00824153182604873 0.00522657189149637 0.0128265423917226 0.0158211159160426 0
"орёл" 0 0.00646746863277713 0 0.00690369347600967 0.00274717727534958 0.0104531437829927 0.0085510282611484 0.0158211159160426 0.0296912114014252
"повсюду" 0 0 0 0.0138073869520193 0.00274717727534958 0.0104531437829927 0 0.0158211159160426 0.0339328130302002
"покров" 0 0.0194024058983314 0.0107232856147123 0.0172592336900242 0.00274717727534958 0.0209062875659855 0 0.00527370530534754 0.00848320325755005
"призрак" 0 0.0258698745311085 0 0.020711080428029 0 0.0156797156744891 0.0085510282611484 0.00527370530534754 0.00848320325755005
"прошу" 0.00895977062987188 0 0.00536164280735617 0.0172592336900242 0.019230240927447 0.00522657189149637 0 0 0.0127248048863251
"редко" 0 0.0323373431638857 0.00536164280735617 0.020711080428029 0.00824153182604873 0 0.0042755141305742 0.0105474106106951 0
"реке" 0.00895977062987188 0.0258698745311085 0.0107232856147123 0.00345184673800483 0.0137358863767479 0.00522657189149637 0.0085510282611484 0 0.00848320325755005
"родину" 0 0.0129349372655543 0.00536164280735617 0 0.0219774182027966 0.00522657189149637 0.0128265423917226 0.00527370530534754 0.00848320325755005
"рощи" 0 0.0258698745311085 0 0.0103555402140145 0.00549435455069916 0.00522657189149637 0 0.0105474106106951 0.0254496097726502
"русская" 0.0179195412597438 0 0.00536164280735617 0.00345184673800483 0.0137358863767479 0.00522657189149637 0.0128265423917226 0.00527370530534754 0.0169664065151001
"светлый" 0 0.0323373431638857 0 0.00690369347600967 0 0.0104531437829927 0.0042755141305742 0.0210948212213901 0.0169664065151001
"сильней" 0.00895977062987188 0.0129349372655543 0.0214465712294247 0.00345184673800483 0.00549435455069916 0.0104531437829927 0.0085510282611484 0.00527370530534754 0.0127248048863251
"скорее" 0.00895977062987188 0.0194024058983314 0.0107232856147123 0.00345184673800483 0.0109887091013983 0 0.0085510282611484 0.0105474106106951 0.0127248048863251
"слышится" 0 0.0194024058983314 0 0 0.0219774182027966 0.0104531437829927 0 0.00527370530534754 0.0169664065151001
"смею" 0.00895977062987188 0 0.0107232856147123 0.0241629271660338 0.00549435455069916 0.0104531437829927 0.0042755141305742 0.0105474106106951 0.00424160162877503
"смотрел" 0 0.0258698745311085 0.0160849284220685 0.00345184673800483 0.00824153182604873 0.0104531437829927 0.0085510282611484 0.00527370530534754 0.00848320325755005
"совести" 0 0.00646746863277713 0 0.00345184673800483 0.0274717727534958 0.00522657189149637 0 0.0105474106106951 0.0127248048863251
"совет" 0.00895977062987188 0.00646746863277713 0.0214465712294247 0.0138073869520193 0.00274717727534958 0.00522657189149637 0.0042755141305742 0.0210948212213901 0.00424160162877503
"солнца" 0.0268793118896156 0.0194024058983314 0.00536164280735617 0.0138073869520193 0.00549435455069916 0 0.0085510282611484 0.00527370530534754 0.00848320325755005
"стакан" 0.00895977062987188 0.00646746863277713 0.032169856844137 0.0103555402140145 0.00824153182604873 0.0104531437829927 0.0042755141305742 0 0.00424160162877503
"стран" 0.00895977062987188 0.0129349372655543 0.0268082140367809 0.00345184673800483 0 0.00522657189149637 0.0085510282611484 0.0105474106106951 0.0169664065151001
"счастия" 0 0 0 0 0.00549435455069916 0.0156797156744891 0.0085510282611484 0.0105474106106951 0.0381744146589752
"счастливый" 0 0.00646746863277713 0.00536164280735617 0.0276147739040387 0 0.0104531437829927 0.0128265423917226 0.0158211159160426 0
"тайный" 0 0.0129349372655543 0.0107232856147123 0.00690369347600967 0 0.0104531437829927 0.0085510282611484 0.0210948212213901 0.0169664065151001
"такое" 0.00895977062987188 0.0129349372655543 0 0.0138073869520193 0.0137358863767479 0 0.0171020565222968 0.00527370530534754 0.00424160162877503
"тело" 0.00895977062987188 0.0258698745311085 0.0160849284220685 0.00690369347600967 0.00824153182604873 0 0.0128265423917226 0.00527370530534754 0.00424160162877503
"удар" 0.0179195412597438 0.0129349372655543 0.00536164280735617 0.00345184673800483 0.0137358863767479 0.00522657189149637 0.0042755141305742 0.0105474106106951 0.0127248048863251
"умрёт" 0.00895977062987188 0.0194024058983314 0.0107232856147123 0.00690369347600967 0.00549435455069916 0.0104531437829927 0.0085510282611484 0.0158211159160426 0.00424160162877503
"утро" 0.0268793118896156 0.0129349372655543 0.00536164280735617 0.00345184673800483 0.0137358863767479 0.0156797156744891 0 0.0158211159160426 0
"феб" 0 0.0258698745311085 0 0.0172592336900242 0 0.0104531437829927 0 0.0105474106106951 0.0212080081438751
"четыре" 0.00895977062987188 0 0.0214465712294247 0.00345184673800483 0.0219774182027966 0 0.0085510282611484 0.00527370530534754 0.00424160162877503
"чтобы" 0 0.0258698745311085 0.032169856844137 0.00690369347600967 0.00274717727534958 0 0.0128265423917226 0.00527370530534754 0.00424160162877503
"чудный" 0 0.0129349372655543 0.0107232856147123 0.0138073869520193 0.00549435455069916 0.0104531437829927 0.0085510282611484 0.0105474106106951 0.00848320325755005
"ад" 0 0 0.0268082140367809 0 0.00549435455069916 0.0313594313489782 0.0042755141305742 0 0.0127248048863251
"благо" 0.0179195412597438 0 0.0107232856147123 0.00690369347600967 0.0137358863767479 0.00522657189149637 0.0085510282611484 0.00527370530534754 0.00848320325755005
"боле" 0 0.00646746863277713 0.0107232856147123 0.0172592336900242 0 0.00522657189149637 0.0085510282611484 0.0105474106106951 0.0169664065151001
"больно" 0 0.00646746863277713 0.0268082140367809 0.0103555402140145 0.019230240927447 0 0.0042755141305742 0 0
"большой" 0.0179195412597438 0.0194024058983314 0.0160849284220685 0.00690369347600967 0.00824153182604873 0.00522657189149637 0.0085510282611484 0 0.00424160162877503
"брата" 0.00895977062987188 0.00646746863277713 0.00536164280735617 0.0138073869520193 0.0109887091013983 0.00522657189149637 0.0085510282611484 0.00527370530534754 0.00848320325755005
"вечером" 0 0.0194024058983314 0.00536164280735617 0 0.0219774182027966 0 0.0128265423917226 0.00527370530534754 0.00424160162877503
"вином" 0 0.0194024058983314 0 0.0241629271660338 0.00824153182604873 0 0.0085510282611484 0.00527370530534754 0.00424160162877503
"вода" 0.0358390825194875 0.0129349372655543 0.0160849284220685 0 0.0109887091013983 0.0104531437829927 0.0085510282611484 0 0
"воду" 0.00895977062987188 0.00646746863277713 0.0428931424588494 0.0138073869520193 0.00274717727534958 0 0.0085510282611484 0 0
"всяк" 0.00895977062987188 0.00646746863277713 0.0107232856147123 0.00690369347600967 0.00824153182604873 0.00522657189149637 0 0.0105474106106951 0.0212080081438751
"выше" 0 0.0194024058983314 0.00536164280735617 0.00690369347600967 0.00549435455069916 0 0.0085510282611484 0.0105474106106951 0.0212080081438751
"глубокой" 0 0.00646746863277713 0 0.0276147739040387 0.00274717727534958 0.00522657189149637 0.0085510282611484 0.0158211159160426 0.00424160162877503
"гор" 0 0.00646746863277713 0 0.0103555402140145 0.00274717727534958 0.0209062875659855 0.0128265423917226 0.0158211159160426 0.00848320325755005
"гордости" 0.00895977062987188 0.00646746863277713 0 0.0103555402140145 0.00549435455069916 0.0104531437829927 0.0085510282611484 0.0105474106106951 0.0169664065151001
"горой" 0 0.00646746863277713 0.00536164280735617 0.0103555402140145 0.0164830636520975 0.0156797156744891 0 0 0.0127248048863251
"дала" 0.0179195412597438 0 0 0.00690369347600967 0.00824153182604873 0.0156797156744891 0.0085510282611484 0 0.0212080081438751
"дано" 0.00895977062987188 0.0129349372655543 0 0 0.00824153182604873 0.0156797156744891 0.0085510282611484 0.0158211159160426 0.0127248048863251
"двери" 0.00895977062987188 0.00646746863277713 0.0160849284220685 0.00690369347600967 0.019230240927447 0 0.0042755141305742 0.0105474106106951 0
"долине" 0.00895977062987188 0 0.0160849284220685 0.00690369347600967 0.00274717727534958 0.0313594313489782 0.0128265423917226 0 0.00424160162877503
"другая" 0.0179195412597438 0.00646746863277713 0 0.0103555402140145 0.0164830636520975 0.0156797156744891 0.0042755141305742 0 0.00424160162877503
"друзьям" 0.00895977062987188 0.0129349372655543 0.0214465712294247 0 0.00824153182604873 0.0156797156744891 0 0.00527370530534754 0.0127248048863251
"жен" 0 0.00646746863277713 0 0.0172592336900242 0.00549435455069916 0.0104531437829927 0.0171020565222968 0.0105474106106951 0.00424160162877503
"жестокой" 0.0179195412597438 0 0.00536164280735617 0.0276147739040387 0.00274717727534958 0.00522657189149637 0.0042755141305742 0.0158211159160426 0
"звезда" 0 0.0194024058983314 0.0107232856147123 0.0138073869520193 0 0.00522657189149637 0.0042755141305742 0.0263685265267377 0.00424160162877503
"землёй" 0.0179195412597438 0.0129349372655543 0.0160849284220685 0.00345184673800483 0 0 0.0171020565222968 0.00527370530534754 0.0169664065151001
"значит" 0.0179195412597438 0.00646746863277713 0.0107232856147123 0.00690369347600967 0.019230240927447 0 0.0085510282611484 0 0.00424160162877503
"зная" 0 0 0.00536164280735617 0.0103555402140145 0.00274717727534958 0.0104531437829927 0.0042755141305742 0.0105474106106951 0.0296912114014252
"каждого" 0 0 0.00536164280735617 0.00345184673800483 0.0274717727534958 0 0.0171020565222968 0 0.00424160162877503
"казалось" 0.0179195412597438 0 0.00536164280735617 0 0 0.0156797156744891 0.021377570652871 0.0105474106106951 0.0169664065151001
"крест" 0.00895977062987188 0.0194024058983314 0 0.00345184673800483 0.00824153182604873 0.0156797156744891 0.0128265423917226 0.0105474106106951 0.00424160162877503
"лето" 0.00895977062987188 0.0258698745311085 0.00536164280735617 0.0103555402140145 0.0109887091013983 0 0.0085510282611484 0.00527370530534754 0.00424160162877503
"летят" 0.00895977062987188 0 0.00536164280735617 0.0138073869520193 0.00274717727534958 0.0104531437829927 0.0042755141305742 0.0316422318320852 0.00424160162877503
"ложе" 0 0.00646746863277713 0 0.0276147739040387 0.00274717727534958 0.0104531437829927 0 0.0210948212213901 0.00424160162877503
"любовник" 0 0.00646746863277713 0 0.0345184673800483 0 0.0104531437829927 0 0.0158211159160426 0.00424160162877503
"марья" 0 0 0.091147927725055 0 0 0 0 0 0
"места" 0.00895977062987188 0.00646746863277713 0.0107232856147123 0 0.0247245954781462 0.00522657189149637 0.0085510282611484 0.00527370530534754 0
"младые" 0 0 0 0.020711080428029 0 0.0104531437829927 0.0171020565222968 0.0263685265267377 0
"можешь" 0.00895977062987188 0.00646746863277713 0.00536164280735617 0.00690369347600967 0.00824153182604873 0.00522657189149637 0.0128265423917226 0.0105474106106951 0.0127248048863251
"нашли" 0 0 0.0160849284220685 0.0172592336900242 0.00824153182604873 0.00522657189149637 0.0171020565222968 0 0.00424160162877503
"недолго" 0.00895977062987188 0 0.0107232856147123 0.0103555402140145 0.0137358863767479 0.0156797156744891 0.0085510282611484 0 0.00424160162877503
"песен" 0.00895977062987188 0.0129349372655543 0 0.0241629271660338 0.00274717727534958 0.0104531437829927 0.0042755141305742 0.00527370530534754 0.00848320325755005
"печальной" 0.00895977062987188 0 0 0.0138073869520193 0 0.0313594313489782 0.0085510282611484 0.0105474106106951 0.00848320325755005
"пишу" 0.00895977062987188 0 0.00536164280735617 0.0241629271660338 0.00274717727534958 0 0.021377570652871 0.0105474106106951 0
"плывёт" 0 0.0129349372655543 0.00536164280735617 0.00690369347600967 0.0109887091013983 0.0104531437829927 0.0085510282611484 0.0105474106106951 0.00848320325755005
"побед" 0 0 0 0.0103555402140145 0.00549435455069916 0.0156797156744891 0.0042755141305742 0.0158211159160426 0.0212080081438751
"полно" 0.00895977062987188 0.0194024058983314 0.0375314996514932 0.00690369347600967 0.00549435455069916 0 0 0.00527370530534754 0.00424160162877503
"полный" 0 0.0194024058983314 0 0.0138073869520193 0 0.0104531437829927 0 0.0263685265267377 0.0127248048863251
"полу" 0.00895977062987188 0.0258698745311085 0.0107232856147123 0.0172592336900242 0.00549435455069916 0.0104531437829927 0 0.00527370530534754 0
"помнишь" 0 0.0129349372655543 0 0.0138073869520193 0.00549435455069916 0.0261328594574818 0.0042755141305742 0.0105474106106951 0.00424160162877503
"помочь" 0.0358390825194875 0 0.0107232856147123 0 0.00824153182604873 0.00522657189149637 0.021377570652871 0 0.00848320325755005
"поры" 0.0268793118896156 0.0323373431638857 0.0107232856147123 0 0.00549435455069916 0.0156797156744891 0 0 0.00848320325755005
"поток" 0 0.0452722804294399 0 0.00690369347600967 0 0.0156797156744891 0 0.0210948212213901 0.00424160162877503
"потому" 0.0447988531493594 0.00646746863277713 0.0160849284220685 0 0.00274717727534958 0 0.0085510282611484 0 0.0212080081438751
"пример" 0.0268793118896156 0.0194024058983314 0 0.0103555402140145 0 0.00522657189149637 0.0128265423917226 0.0105474106106951 0.00848320325755005
"приходит" 0.00895977062987188 0.0258698745311085 0.00536164280735617 0.00345184673800483 0.00549435455069916 0.0209062875659855 0.0085510282611484 0.00527370530534754 0.00424160162877503
"рим" 0 0 0 0.00690369347600967 0 0.0104531437829927 0 0.0527370530534754 0.0127248048863251
"ручей" 0 0.0258698745311085 0.0160849284220685 0.0103555402140145 0 0 0 0.0158211159160426 0.0169664065151001
"свету" 0 0.00646746863277713 0.0160849284220685 0.0138073869520193 0.0137358863767479 0 0.0085510282611484 0 0.00848320325755005
"свиданье" 0 0.0194024058983314 0.0107232856147123 0.00690369347600967 0.00549435455069916 0.0156797156744891 0.0042755141305742 0.00527370530534754 0.0127248048863251
"святая" 0 0.0194024058983314 0 0.00690369347600967 0.00274717727534958 0.0104531437829927 0.0128265423917226 0.00527370530534754 0.0212080081438751
"семь" 0.00895977062987188 0 0.032169856844137 0.00345184673800483 0.0164830636520975 0 0.0042755141305742 0.00527370530534754 0.00424160162877503
"сильно" 0.0179195412597438 0.00646746863277713 0.00536164280735617 0.00345184673800483 0.00824153182604873 0.0209062875659855 0.0171020565222968 0 0.00424160162877503
"сладость" 0 0.0258698745311085 0 0.0103555402140145 0 0.0156797156744891 0.0085510282611484 0.00527370530534754 0.0169664065151001
"случай" 0.00895977062987188 0.00646746863277713 0.0214465712294247 0.0172592336900242 0.0109887091013983 0.00522657189149637 0.0042755141305742 0 0
"спал" 0.00895977062987188 0.00646746863277713 0.00536164280735617 0.00690369347600967 0.00824153182604873 0.0156797156744891 0.021377570652871 0 0.00424160162877503
"старого" 0 0 0.00536164280735617 0.00690369347600967 0.0274717727534958 0 0 0.00527370530534754 0.0127248048863251
"старость" 0 0.0129349372655543 0.00536164280735617 0.0103555402140145 0.00549435455069916 0.0209062875659855 0.0042755141305742 0.0105474106106951 0.00848320325755005
"страха" 0.0179195412597438 0.0129349372655543 0 0.00690369347600967 0.00274717727534958 0.0104531437829927 0.0128265423917226 0.0105474106106951 0.0127248048863251
"стыдно" 0.00895977062987188 0 0.0160849284220685 0.00690369347600967 0.00549435455069916 0.00522657189149637 0.0042755141305742 0.0105474106106951 0.0212080081438751
"такую" 0.0447988531493594 0.00646746863277713 0.00536164280735617 0 0.019230240927447 0 0.0085510282611484 0.00527370530534754 0
"трудом" 0.00895977062987188 0 0 0 0.0164830636520975 0.0104531437829927 0.021377570652871 0.00527370530534754 0.00848320325755005
"туч" 0 0.0258698745311085 0 0.00345184673800483 0 0 0.0128265423917226 0.0105474106106951 0.0296912114014252
"угрюмый" 0 0.00646746863277713 0 0.0172592336900242 0.00549435455069916 0.0156797156744891 0 0.0316422318320852 0
"улыбка" 0.0179195412597438 0 0.00536164280735617 0.0172592336900242 0 0.0104531437829927 0.0128265423917226 0.0105474106106951 0.00848320325755005
"умереть" 0.0179195412597438 0.0129349372655543 0 0.0103555402140145 0.00824153182604873 0.0104531437829927 0.0085510282611484 0.00527370530534754 0.00848320325755005
"царство" 0.0179195412597438 0.0194024058983314 0.0428931424588494 0.00690369347600967 0.00274717727534958 0.00522657189149637 0 0 0
"цели" 0.0268793118896156 0 0 0.0103555402140145 0 0.00522657189149637 0.021377570652871 0.0105474106106951 0.0127248048863251
"чай" 0.00895977062987188 0.00646746863277713 0.032169856844137 0 0.0219774182027966 0 0 0 0.00424160162877503
"через" 0 0.00646746863277713 0.0268082140367809 0.00690369347600967 0.0164830636520975 0 0.0085510282611484 0 0.00424160162877503
"чёрный" 0 0.0129349372655543 0.00536164280735617 0.0172592336900242 0.00274717727534958 0.0104531437829927 0.0171020565222968 0.00527370530534754 0.00424160162877503
"читатель" 0.0447988531493594 0 0.00536164280735617 0 0.00824153182604873 0 0.021377570652871 0.0158211159160426 0
"чудесный" 0 0.00646746863277713 0.00536164280735617 0.0172592336900242 0 0.0156797156744891 0.0085510282611484 0.0105474106106951 0.0127248048863251
"шли" 0.0268793118896156 0 0 0.0103555402140145 0.0137358863767479 0 0.0085510282611484 0 0.0169664065151001
"эта" 0 0.0129349372655543 0.0107232856147123 0 0.0164830636520975 0.00522657189149637 0.021377570652871 0 0.00424160162877503
"ай" 0 0 0.032169856844137 0 0.0274717727534958 0 0 0 0
"амур" 0 0.00646746863277713 0 0.0310666206420435 0 0.0261328594574818 0 0.00527370530534754 0
"бабы" 0.00895977062987188 0 0 0 0.0357133045795445 0 0 0.00527370530534754 0.00424160162877503
"бежал" 0.00895977062987188 0.00646746863277713 0 0.0138073869520193 0.00824153182604873 0.0104531437829927 0.0085510282611484 0.0158211159160426 0
"беспечно" 0 0.00646746863277713 0 0.00690369347600967 0.00549435455069916 0.0156797156744891 0.0128265423917226 0.0105474106106951 0.0127248048863251
"боюсь" 0.00895977062987188 0.00646746863277713 0.0107232856147123 0.0103555402140145 0.00549435455069916 0 0.021377570652871 0.00527370530534754 0.00424160162877503
"бремя" 0.00895977062987188 0.0194024058983314 0 0.0103555402140145 0.0109887091013983 0 0.0128265423917226 0.0105474106106951 0
"бьет" 0 0.00646746863277713 0.032169856844137 0 0.00549435455069916 0.0209062875659855 0.0042755141305742 0.00527370530534754 0.00424160162877503
"весьма" 0.0358390825194875 0.00646746863277713 0 0.00345184673800483 0.00824153182604873 0 0.021377570652871 0 0.00848320325755005
"взяла" 0.0179195412597438 0.0258698745311085 0.0268082140367809 0.00345184673800483 0.00824153182604873 0 0 0 0.00424160162877503
"вкус" 0 0.00646746863277713 0 0.00690369347600967 0.00549435455069916 0.0104531437829927 0.0042755141305742 0.0210948212213901 0.0169664065151001
"вместо" 0.00895977062987188 0.0129349372655543 0.032169856844137 0 0.0109887091013983 0 0.0042755141305742 0.00527370530534754 0.00424160162877503
"водой" 0 0.00646746863277713 0.0107232856147123 0.0138073869520193 0.0109887091013983 0.0156797156744891 0.0085510282611484 0 0
"воитель" 0 0 0 0.00345184673800483 0 0.0679454345894528 0 0.0105474106106951 0
"воображенье" 0 0 0 0.0138073869520193 0.00274717727534958 0.0261328594574818 0.0042755141305742 0.0105474106106951 0.0127248048863251
"вопрос" 0.0268793118896156 0 0.00536164280735617 0 0.00549435455069916 0 0.0171020565222968 0.0105474106106951 0.0169664065151001
"врага" 0.0179195412597438 0 0.0107232856147123 0.00690369347600967 0 0.0156797156744891 0.0171020565222968 0.0105474106106951 0.00424160162877503
"встань" 0 0.00646746863277713 0.0375314996514932 0.00345184673800483 0.019230240927447 0 0 0 0
"всякого" 0 0 0.0107232856147123 0.00690369347600967 0.0164830636520975 0.0104531437829927 0.0128265423917226 0 0.00424160162877503
"высокий" 0.00895977062987188 0 0.0160849284220685 0.00690369347600967 0.00549435455069916 0.0104531437829927 0.0171020565222968 0.0105474106106951 0
"высокой" 0 0.0129349372655543 0 0.0103555402140145 0.00824153182604873 0.0104531437829927 0.021377570652871 0.00527370530534754 0
"героя" 0.0358390825194875 0 0.0107232856147123 0.00690369347600967 0.00274717727534958 0 0.0128265423917226 0.0105474106106951 0.00848320325755005
"глядел" 0.0179195412597438 0.00646746863277713 0.00536164280735617 0.00690369347600967 0.0137358863767479 0.0104531437829927 0.0085510282611484 0.00527370530534754 0
"глядят" 0.0358390825194875 0.0258698745311085 0.00536164280735617 0 0.00549435455069916 0 0.0042755141305742 0.00527370530534754 0.0127248048863251
"говорю" 0.00895977062987188 0.0129349372655543 0 0.00690369347600967 0.0109887091013983 0.0104531437829927 0.0171020565222968 0 0.00424160162877503
"гордой" 0 0.00646746863277713 0.00536164280735617 0.020711080428029 0.00549435455069916 0 0.0171020565222968 0.00527370530534754 0.00424160162877503
"горят" 0.0179195412597438 0.00646746863277713 0.00536164280735617 0.00690369347600967 0.0137358863767479 0.00522657189149637 0.0128265423917226 0.00527370530534754 0
"грозой" 0 0.0194024058983314 0.00536164280735617 0.0103555402140145 0.00274717727534958 0.0104531437829927 0.0085510282611484 0.00527370530534754 0.0127248048863251
"дол" 0 0.0194024058983314 0.00536164280735617 0.00345184673800483 0 0.0104531437829927 0 0.0158211159160426 0.0254496097726502
"досуг" 0.0179195412597438 0 0 0.0138073869520193 0 0.0156797156744891 0.0085510282611484 0.0158211159160426 0.00848320325755005
"другим" 0.0268793118896156 0.00646746863277713 0 0.0103555402140145 0 0.0156797156744891 0.0128265423917226 0 0.0127248048863251
"другу" 0 0.0194024058983314 0.0107232856147123 0.0172592336900242 0.00549435455069916 0 0 0.00527370530534754 0.0127248048863251
"друзьями" 0 0.00646746863277713 0.0107232856147123 0.00690369347600967 0.00274717727534958 0.00522657189149637 0.0128265423917226 0.0158211159160426 0.0127248048863251
"думы" 0.00895977062987188 0 0 0.0103555402140145 0.00274717727534958 0.0104531437829927 0.0171020565222968 0.0210948212213901 0.00424160162877503
"ждут" 0 0.0194024058983314 0.00536164280735617 0.00690369347600967 0.00549435455069916 0.0104531437829927 0 0.0210948212213901 0.00848320325755005
"желаний" 0 0 0 0.0241629271660338 0.00549435455069916 0.0104531437829927 0.0085510282611484 0.00527370530534754 0.00848320325755005
"камень" 0 0 0.0268082140367809 0 0.00549435455069916 0 0.0128265423917226 0.00527370530534754 0.0212080081438751
"ключ" 0 0.00646746863277713 0.0160849284220685 0.0103555402140145 0 0.0209062875659855 0.0085510282611484 0.00527370530534754 0.00848320325755005
"колени" 0 0.00646746863277713 0.00536164280735617 0.00345184673800483 0.0109887091013983 0.0156797156744891 0.0128265423917226 0.00527370530534754 0.00848320325755005
"кумир" 0.00895977062987188 0.00646746863277713 0.00536164280735617 0.0138073869520193 0.00549435455069916 0.00522657189149637 0 0.0158211159160426 0.0127248048863251
"луга" 0 0.0258698745311085 0 0.00690369347600967 0.0164830636520975 0.00522657189149637 0 0.00527370530534754 0.00848320325755005
"мест" 0.0358390825194875 0.00646746863277713 0.0160849284220685 0 0.00824153182604873 0.0104531437829927 0.0085510282611484 0.00527370530534754 0
"место" 0.00895977062987188 0 0.0107232856147123 0.00690369347600967 0.00549435455069916 0.00522657189149637 0.0085510282611484 0.0210948212213901 0.00848320325755005
"могилой" 0 0.0194024058983314 0.00536164280735617 0.00345184673800483 0 0.0209062875659855 0.0128265423917226 0.00527370530534754 0.0127248048863251
"молодость" 0.00895977062987188 0 0 0.0138073869520193 0.00824153182604873 0 0.0171020565222968 0 0.0169664065151001
"молодых" 0 0 0.00536164280735617 0.0276147739040387 0.00549435455069916 0.00522657189149637 0.0042755141305742 0.0105474106106951 0.00424160162877503
"мраке" 0.00895977062987188 0.0258698745311085 0 0.0172592336900242 0 0.0156797156744891 0.0042755141305742 0.00527370530534754 0.00424160162877503
"мчится" 0 0.0194024058983314 0.00536164280735617 0.020711080428029 0 0.0104531437829927 0.0171020565222968 0 0
"небу" 0.0179195412597438 0.0129349372655543 0 0.00690369347600967 0.00274717727534958 0.00522657189149637 0.0085510282611484 0.0105474106106951 0.0169664065151001
"нигде" 0.00895977062987188 0 0.0107232856147123 0.00345184673800483 0.0109887091013983 0 0.0085510282611484 0.0105474106106951 0.0169664065151001
"оставя" 0 0.00646746863277713 0 0.0172592336900242 0 0.0209062875659855 0 0.0210948212213901 0.00848320325755005
"осторожность" 0 0 0.0750629993029864 0 0 0 0.0085510282611484 0 0
"памятник" 0 0 0 0.0172592336900242 0.00549435455069916 0.00522657189149637 0.0042755141305742 0.0210948212213901 0.0127248048863251
"пиров" 0 0.00646746863277713 0 0.0276147739040387 0.00274717727534958 0.00522657189149637 0 0.0158211159160426 0.00848320325755005
"полки" 0.00895977062987188 0.0129349372655543 0 0.00345184673800483 0.00549435455069916 0.0156797156744891 0 0.0316422318320852 0.00424160162877503
"полях" 0.00895977062987188 0.0129349372655543 0 0.00345184673800483 0.00274717727534958 0 0 0.0474633477481278 0.00848320325755005
"помилуй" 0.00895977062987188 0 0.0107232856147123 0.0241629271660338 0 0.00522657189149637 0.0042755141305742 0.0105474106106951 0.00848320325755005
"попал" 0.00895977062987188 0.00646746863277713 0.0214465712294247 0.00345184673800483 0.0164830636520975 0.00522657189149637 0 0 0.00848320325755005
"послушай" 0 0.00646746863277713 0.00536164280735617 0.0138073869520193 0.00274717727534958 0.0156797156744891 0.0042755141305742 0.0105474106106951 0.0127248048863251
"почтенный" 0.0179195412597438 0 0.0107232856147123 0.0103555402140145 0.0109887091013983 0.00522657189149637 0.0128265423917226 0 0.00424160162877503
"предел" 0 0.0194024058983314 0 0.0103555402140145 0.00274717727534958 0.0156797156744891 0.0042755141305742 0.0210948212213901 0.00424160162877503
"приговор" 0.00895977062987188 0 0.00536164280735617 0.00690369347600967 0.00824153182604873 0.00522657189149637 0.0128265423917226 0.0158211159160426 0.00848320325755005
"путём" 0.00895977062987188 0.00646746863277713 0.0107232856147123 0.00345184673800483 0.0137358863767479 0 0.0128265423917226 0.0105474106106951 0.00424160162877503
"разом" 0 0.00646746863277713 0.0375314996514932 0 0.019230240927447 0 0.0042755141305742 0 0
"рассудок" 0 0 0.00536164280735617 0.00690369347600967 0 0.0261328594574818 0.0042755141305742 0.0158211159160426 0.0169664065151001
"река" 0 0.00646746863277713 0.00536164280735617 0.00690369347600967 0.00549435455069916 0.0104531437829927 0.0171020565222968 0 0.0169664065151001
"родился" 0.00895977062987188 0.0194024058983314 0.0107232856147123 0.0103555402140145 0.00549435455069916 0.0104531437829927 0.0042755141305742 0.00527370530534754 0.00424160162877503
"родине" 0 0 0.0107232856147123 0 0.0164830636520975 0.0156797156744891 0.0085510282611484 0 0.0127248048863251
"родных" 0 0 0 0.00345184673800483 0.0109887091013983 0.0104531437829927 0.021377570652871 0.0105474106106951 0.00848320325755005
"свидетель" 0 0.00646746863277713 0.0107232856147123 0.0172592336900242 0.00824153182604873 0.0156797156744891 0 0 0.00848320325755005
"село" 0.0268793118896156 0 0.00536164280735617 0 0.0219774182027966 0.0156797156744891 0 0 0.00424160162877503
"семьи" 0.00895977062987188 0 0.00536164280735617 0.00690369347600967 0.00549435455069916 0.0104531437829927 0.0128265423917226 0.0105474106106951 0.0127248048863251
"скуки" 0 0.0194024058983314 0.00536164280735617 0.0172592336900242 0.00274717727534958 0.00522657189149637 0.0128265423917226 0.0105474106106951 0
"служил" 0.0179195412597438 0.00646746863277713 0.0107232856147123 0.0138073869520193 0.00549435455069916 0 0.0042755141305742 0 0.0169664065151001
"случилось" 0.00895977062987188 0.0194024058983314 0.00536164280735617 0 0.0109887091013983 0 0.0128265423917226 0 0.0169664065151001
"смешон" 0 0 0 0.0241629271660338 0.0109887091013983 0 0.0128265423917226 0.00527370530534754 0.00424160162877503
"смотрю" 0 0.0194024058983314 0 0.0138073869520193 0.00274717727534958 0.00522657189149637 0.0085510282611484 0.00527370530534754 0.0169664065151001
"спасенья" 0 0.00646746863277713 0.0160849284220685 0.00690369347600967 0.00274717727534958 0.0104531437829927 0.0042755141305742 0.0263685265267377 0.00424160162877503
"стан" 0.00895977062987188 0.0194024058983314 0.0160849284220685 0.00345184673800483 0 0.0104531437829927 0.0085510282611484 0.0158211159160426 0.00424160162877503
"стороны" 0 0.0194024058983314 0 0.00690369347600967 0.0137358863767479 0.00522657189149637 0.0128265423917226 0.00527370530534754 0.00424160162877503
"стучит" 0.0179195412597438 0.00646746863277713 0 0 0.0247245954781462 0.00522657189149637 0 0.0105474106106951 0.00424160162877503
"творца" 0.00895977062987188 0.0129349372655543 0 0.00690369347600967 0 0.0104531437829927 0.0256530847834452 0 0.0127248048863251
"тёмной" 0.0179195412597438 0.0323373431638857 0 0.0138073869520193 0 0 0.0085510282611484 0.0105474106106951 0.00424160162877503
"увидел" 0 0.00646746863277713 0.0214465712294247 0.00690369347600967 0 0.00522657189149637 0.0128265423917226 0.0263685265267377 0
"уме" 0.00895977062987188 0 0.0107232856147123 0 0.00274717727534958 0 0.0256530847834452 0.0210948212213901 0.00848320325755005
"уму" 0.00895977062987188 0.00646746863277713 0.0268082140367809 0.00690369347600967 0.00274717727534958 0 0.0042755141305742 0.0105474106106951 0.0127248048863251
"утра" 0.0268793118896156 0.0258698745311085 0.00536164280735617 0.00345184673800483 0.0164830636520975 0 0 0 0.00424160162877503
"хлеб" 0 0.0129349372655543 0.0160849284220685 0.00690369347600967 0.0137358863767479 0 0.0128265423917226 0 0.00424160162877503
"чашу" 0.00895977062987188 0.0452722804294399 0 0.0103555402140145 0.00274717727534958 0.00522657189149637 0.0042755141305742 0.00527370530534754 0.00424160162877503
"чья" 0.0179195412597438 0.00646746863277713 0 0.0138073869520193 0.00824153182604873 0 0.0128265423917226 0.0158211159160426 0
"явился" 0 0.0129349372655543 0.0160849284220685 0.00345184673800483 0.00549435455069916 0.00522657189149637 0 0.0210948212213901 0.0127248048863251
"беды" 0 0.00646746863277713 0.0160849284220685 0 0.0109887091013983 0.00522657189149637 0.0128265423917226 0 0.0127248048863251
"безмолвно" 0 0.0129349372655543 0 0.0103555402140145 0 0.0104531437829927 0.0085510282611484 0.0263685265267377 0.00424160162877503
"блещет" 0 0.0258698745311085 0.0160849284220685 0.0138073869520193 0.00274717727534958 0 0.0042755141305742 0.00527370530534754 0.00424160162877503
"века" 0.00895977062987188 0 0 0.00345184673800483 0.0137358863767479 0 0.021377570652871 0 0.0127248048863251
"великое" 0.0447988531493594 0 0 0.00345184673800483 0.00824153182604873 0.0104531437829927 0.0128265423917226 0.00527370530534754 0
"ветр" 0 0.00646746863277713 0.00536164280735617 0 0 0.0156797156744891 0.0042755141305742 0.0369159371374328 0.00848320325755005
"вечной" 0 0.0129349372655543 0.00536164280735617 0.0172592336900242 0 0.00522657189149637 0 0.0263685265267377 0.00424160162877503
"воды" 0.0179195412597438 0.0323373431638857 0.0107232856147123 0 0.00549435455069916 0.00522657189149637 0 0.00527370530534754 0.00848320325755005
"воин" 0 0.0129349372655543 0 0.0138073869520193 0 0.0156797156744891 0 0.0158211159160426 0.0127248048863251
"впереди" 0.0268793118896156 0.00646746863277713 0.00536164280735617 0.00345184673800483 0.00824153182604873 0 0.0171020565222968 0.0105474106106951 0
"вселенной" 0 0.0194024058983314 0.0107232856147123 0.0138073869520193 0 0.00522657189149637 0.0085510282611484 0.0158211159160426 0
"встретил" 0.0268793118896156 0 0 0.00690369347600967 0.00274717727534958 0.0104531437829927 0.0128265423917226 0.0105474106106951 0.00848320325755005
"гаснет" 0 0.0129349372655543 0 0.00690369347600967 0 0 0.0085510282611484 0.0158211159160426 0.0254496097726502
"глубине" 0 0.00646746863277713 0 0.020711080428029 0.00274717727534958 0.0156797156744891 0.0042755141305742 0 0.0127248048863251
"губернии" 0 0.0129349372655543 0.0107232856147123 0 0.0274717727534958 0 0 0 0.00424160162877503
"дары" 0 0.0129349372655543 0.00536164280735617 0.0172592336900242 0 0.0104531437829927 0 0.0105474106106951 0.0127248048863251
"двор" 0.00895977062987188 0 0.00536164280735617 0.0138073869520193 0.00824153182604873 0.00522657189149637 0 0.00527370530534754 0.0169664065151001
"деву" 0.00895977062987188 0.0388048117966628 0.00536164280735617 0.00690369347600967 0 0 0.0085510282611484 0.0105474106106951 0.00424160162877503
"дед" 0 0 0.00536164280735617 0.0138073869520193 0.0247245954781462 0 0 0.00527370530534754 0
"деньги" 0.0179195412597438 0.00646746863277713 0.0160849284220685 0.00345184673800483 0.0164830636520975 0 0 0.00527370530534754 0.00424160162877503
"длинный" 0 0.00646746863277713 0 0.00690369347600967 0.00824153182604873 0.00522657189149637 0.0171020565222968 0.0210948212213901 0
"должна" 0 0 0.00536164280735617 0 0.00824153182604873 0.0104531437829927 0.0256530847834452 0 0.0127248048863251
"жены" 0.00895977062987188 0.00646746863277713 0.0160849284220685 0.0103555402140145 0.00549435455069916 0.00522657189149637 0.0042755141305742 0.0105474106106951 0.00424160162877503
"жертву" 0 0.0194024058983314 0.00536164280735617 0.00690369347600967 0.00549435455069916 0.00522657189149637 0 0.0210948212213901 0.00848320325755005
"звал" 0.0179195412597438 0.00646746863277713 0 0.0138073869520193 0.00274717727534958 0.0104531437829927 0.0171020565222968 0.00527370530534754 0
"зло" 0.0179195412597438 0 0.0214465712294247 0.0138073869520193 0 0.00522657189149637 0.0085510282611484 0.0105474106106951 0
"знала" 0 0.0129349372655543 0.0107232856147123 0.00345184673800483 0.00824153182604873 0 0.021377570652871 0 0.00848320325755005
"идти" 0 0 0.00536164280735617 0 0.0164830636520975 0.0209062875659855 0.0085510282611484 0 0.00848320325755005
"ими" 0.00895977062987188 0.0129349372655543 0 0.020711080428029 0.00274717727534958 0 0.0042755141305742 0.0210948212213901 0
"искусства" 0.0179195412597438 0.00646746863277713 0 0.00690369347600967 0.00824153182604873 0.00522657189149637 0.0085510282611484 0.00527370530534754 0.0127248048863251
"й" 0.0179195412597438 0.00646746863277713 0.00536164280735617 0.00690369347600967 0.00549435455069916 0.0104531437829927 0.0128265423917226 0.0105474106106951 0
"каждым" 0.00895977062987188 0 0.0107232856147123 0.00345184673800483 0.0137358863767479 0 0.021377570652871 0 0.00424160162877503
"которая" 0 0 0 0.00345184673800483 0.00824153182604873 0.00522657189149637 0.0256530847834452 0.0105474106106951 0.00848320325755005
"красавицы" 0 0.0194024058983314 0 0.0138073869520193 0.00549435455069916 0.00522657189149637 0.0042755141305742 0.0105474106106951 0.00848320325755005
"лень" 0 0.00646746863277713 0.00536164280735617 0.0172592336900242 0 0.0156797156744891 0 0.0158211159160426 0.00848320325755005
"лире" 0 0.0129349372655543 0 0.020711080428029 0 0.0104531437829927 0 0.0210948212213901 0.00424160162877503
"лучей" 0 0.0194024058983314 0.0160849284220685 0.0103555402140145 0 0.0104531437829927 0.0042755141305742 0.00527370530534754 0.00848320325755005
"матушка" 0 0 0.00536164280735617 0 0.0329661273041949 0 0.0042755141305742 0 0.00424160162877503
"мёртвый" 0 0.0129349372655543 0.0107232856147123 0.00345184673800483 0.00274717727534958 0.0104531437829927 0.021377570652871 0 0.00848320325755005
"мечтою" 0 0.0129349372655543 0 0.020711080428029 0 0.00522657189149637 0 0.0210948212213901 0.00848320325755005
"могилу" 0.0179195412597438 0.0129349372655543 0.00536164280735617 0.00690369347600967 0 0.0104531437829927 0.0085510282611484 0.0105474106106951 0.00848320325755005
"молитвы" 0 0.0129349372655543 0 0.0103555402140145 0.00549435455069916 0.0156797156744891 0.0042755141305742 0.0105474106106951 0.00848320325755005
"молод" 0 0 0.00536164280735617 0.00690369347600967 0.0109887091013983 0.0209062875659855 0.0085510282611484 0.0105474106106951 0
"молчал" 0.00895977062987188 0 0.00536164280735617 0.00345184673800483 0.00824153182604873 0.0209062875659855 0.0085510282611484 0.00527370530534754 0.00848320325755005
"молю" 0 0.00646746863277713 0.0107232856147123 0 0 0.0104531437829927 0.0085510282611484 0.0105474106106951 0.0254496097726502
"москва" 0 0.0129349372655543 0 0.0103555402140145 0.00549435455069916 0.0156797156744891 0.0042755141305742 0.0158211159160426 0.00424160162877503
"народов" 0 0 0.00536164280735617 0.0103555402140145 0.00274717727534958 0.00522657189149637 0 0.0210948212213901 0.0212080081438751
"находит" 0 0.0129349372655543 0.00536164280735617 0.00690369347600967 0.00274717727534958 0.0156797156744891 0.0085510282611484 0.0158211159160426 0.00424160162877503
"немало" 0.0268793118896156 0 0.00536164280735617 0 0.0274717727534958 0 0 0 0.00424160162877503
"немой" 0 0.00646746863277713 0 0.0103555402140145 0.00549435455069916 0.0156797156744891 0.0042755141305742 0.0105474106106951 0.0127248048863251
"ничем" 0.0268793118896156 0 0 0.00690369347600967 0.00549435455069916 0.0104531437829927 0.021377570652871 0 0.00424160162877503
"обо" 0 0.00646746863277713 0.0160849284220685 0.0138073869520193 0 0 0.0085510282611484 0.0210948212213901 0.00424160162877503
"одинокой" 0 0 0.0107232856147123 0.020711080428029 0.00274717727534958 0.0104531437829927 0.0128265423917226 0.00527370530534754 0
"океан" 0 0.0129349372655543 0 0.00690369347600967 0 0.00522657189149637 0.0128265423917226 0.0263685265267377 0.00848320325755005
"отчизны" 0.0268793118896156 0 0.00536164280735617 0.0138073869520193 0.00274717727534958 0.0104531437829927 0.0085510282611484 0.00527370530534754 0.00424160162877503
"очах" 0 0.00646746863277713 0 0.0103555402140145 0.00549435455069916 0.0104531437829927 0.0128265423917226 0.00527370530534754 0.0127248048863251
"песня" 0 0 0.0107232856147123 0 0.0302189500288454 0 0.0042755141305742 0 0.00424160162877503
"питомец" 0 0 0 0.020711080428029 0 0.0156797156744891 0.0042755141305742 0.0263685265267377 0
"пламя" 0 0.0258698745311085 0 0.0103555402140145 0 0.00522657189149637 0.0085510282611484 0.0210948212213901 0.00424160162877503
"плод" 0 0.00646746863277713 0 0.0138073869520193 0.00274717727534958 0 0.0299285989140194 0.00527370530534754 0.00424160162877503
"пожалуй" 0.0268793118896156 0 0.00536164280735617 0.00345184673800483 0.00549435455069916 0 0.0042755141305742 0.0210948212213901 0.0127248048863251
"поздно" 0.0179195412597438 0.00646746863277713 0 0.00690369347600967 0.00824153182604873 0.0104531437829927 0.0085510282611484 0.00527370530534754 0.00848320325755005
"поклон" 0.00895977062987188 0.0129349372655543 0.0107232856147123 0.00690369347600967 0.00824153182604873 0 0.0042755141305742 0.00527370530534754 0.0127248048863251
"пол" 0.00895977062987188 0.0129349372655543 0.0160849284220685 0.00345184673800483 0.0109887091013983 0.0104531437829927 0.0085510282611484 0 0
"послал" 0 0.0129349372655543 0.0107232856147123 0.0103555402140145 0 0.0104531437829927 0.0128265423917226 0.00527370530534754 0.00848320325755005
"постель" 0.00895977062987188 0.00646746863277713 0.00536164280735617 0.00690369347600967 0.00549435455069916 0.00522657189149637 0.0128265423917226 0.00527370530534754 0.0127248048863251
"поэзии" 0 0 0 0.0172592336900242 0.00274717727534958 0.0156797156744891 0.0042755141305742 0.0158211159160426 0.00848320325755005
"прежнему" 0.0179195412597438 0.0194024058983314 0.0214465712294247 0.00345184673800483 0.00549435455069916 0 0.0085510282611484 0 0.00424160162877503
"прекрасен" 0.00895977062987188 0.0129349372655543 0 0.00345184673800483 0 0.0418125751319709 0 0 0.0127248048863251
"прелестной" 0 0.0129349372655543 0 0.020711080428029 0 0.0313594313489782 0 0.00527370530534754 0
"просит" 0 0.0323373431638857 0.0107232856147123 0.0103555402140145 0.00549435455069916 0 0.0085510282611484 0.00527370530534754 0
"прошли" 0 0 0 0.00690369347600967 0.00824153182604873 0.0365860032404746 0 0.00527370530534754 0.00848320325755005
"прошло" 0.00895977062987188 0.0258698745311085 0.00536164280735617 0.00345184673800483 0.00549435455069916 0.0156797156744891 0.0085510282611484 0.00527370530534754 0
"пустился" 0 0.00646746863277713 0.0268082140367809 0.0138073869520193 0 0.0156797156744891 0 0.0105474106106951 0
"пустой" 0 0.0129349372655543 0.00536164280735617 0.00690369347600967 0.00824153182604873 0 0.0085510282611484 0.00527370530534754 0.0169664065151001
"пышный" 0 0.0129349372655543 0.0107232856147123 0.00690369347600967 0.00274717727534958 0.00522657189149637 0.0042755141305742 0 0.0254496097726502
"рождён" 0.00895977062987188 0.00646746863277713 0 0.00690369347600967 0.00274717727534958 0.0209062875659855 0.021377570652871 0.00527370530534754 0
"руками" 0.00895977062987188 0 0.0107232856147123 0.0138073869520193 0.00274717727534958 0.00522657189149637 0.0128265423917226 0.0158211159160426 0
"самой" 0.0179195412597438 0.00646746863277713 0.00536164280735617 0.0103555402140145 0.00549435455069916 0 0.0042755141305742 0.0105474106106951 0.0127248048863251
"самом" 0 0.0258698745311085 0.0160849284220685 0.0103555402140145 0.00274717727534958 0.00522657189149637 0 0.0105474106106951 0.00424160162877503
"свиданья" 0 0.0129349372655543 0 0.020711080428029 0.00549435455069916 0.0156797156744891 0.0042755141305742 0 0.00424160162877503
"своды" 0 0.0129349372655543 0 0.020711080428029 0 0.0104531437829927 0.0085510282611484 0.00527370530534754 0.00848320325755005
"сижу" 0.00895977062987188 0 0.00536164280735617 0.020711080428029 0.00824153182604873 0.00522657189149637 0 0.0105474106106951 0.00424160162877503
"сказала" 0.0179195412597438 0.00646746863277713 0.00536164280735617 0.00345184673800483 0.0164830636520975 0.0156797156744891 0 0 0.00424160162877503
"славе" 0 0.00646746863277713 0.00536164280735617 0.00345184673800483 0.00549435455069916 0.00522657189149637 0 0.0263685265267377 0.0169664065151001
"слышно" 0.0268793118896156 0.0194024058983314 0.0160849284220685 0 0.00274717727534958 0.0209062875659855 0 0 0.00424160162877503
"солдат" 0.0179195412597438 0.0129349372655543 0.00536164280735617 0 0.0247245954781462 0 0 0 0.00424160162877503
"спасибо" 0.00895977062987188 0 0.0160849284220685 0.00345184673800483 0.0274717727534958 0 0 0 0
"старину" 0 0.0129349372655543 0.00536164280735617 0.00345184673800483 0.00274717727534958 0.0261328594574818 0.0128265423917226 0.0105474106106951 0
"старости" 0 0 0 0.00345184673800483 0.0164830636520975 0.00522657189149637 0.0128265423917226 0.0105474106106951 0.00848320325755005
"степь" 0 0.0194024058983314 0.0160849284220685 0.00345184673800483 0 0.00522657189149637 0.021377570652871 0.00527370530534754 0.00424160162877503
"стихах" 0.00895977062987188 0.00646746863277713 0 0.0138073869520193 0 0.00522657189149637 0 0.0105474106106951 0.0254496097726502
"страхом" 0 0.00646746863277713 0 0.0138073869520193 0.00824153182604873 0.0209062875659855 0.0042755141305742 0.0105474106106951 0
"строй" 0 0.00646746863277713 0 0.00690369347600967 0.00274717727534958 0.0156797156744891 0 0.0316422318320852 0.00848320325755005
"суеты" 0.00895977062987188 0.0129349372655543 0 0.0172592336900242 0.00274717727534958 0.00522657189149637 0.0042755141305742 0 0.0169664065151001
"сумрак" 0 0.00646746863277713 0 0.0138073869520193 0 0.0156797156744891 0.0085510282611484 0.0105474106106951 0.0127248048863251
"такого" 0.0358390825194875 0 0.0107232856147123 0 0.0109887091013983 0.00522657189149637 0.0085510282611484 0.00527370530534754 0.00424160162877503
"толпе" 0 0 0 0.00690369347600967 0.00274717727534958 0.00522657189149637 0.0085510282611484 0.0158211159160426 0.0254496097726502
"торжественно" 0 0.00646746863277713 0 0 0.00274717727534958 0.0156797156744891 0.021377570652871 0.0105474106106951 0.0127248048863251
"тотчас" 0 0 0.0107232856147123 0.00345184673800483 0.0109887091013983 0.00522657189149637 0.0171020565222968 0 0.0127248048863251
"трудно" 0.00895977062987188 0 0 0.0138073869520193 0.00824153182604873 0 0.0128265423917226 0.00527370530534754 0.0127248048863251
"труп" 0.00895977062987188 0.0258698745311085 0 0.00690369347600967 0.00274717727534958 0 0.021377570652871 0.00527370530534754 0.00424160162877503
"увидишь" 0 0.00646746863277713 0.0107232856147123 0.0103555402140145 0.00549435455069916 0.0104531437829927 0.0085510282611484 0.00527370530534754 0.00848320325755005
"ужасно" 0 0.0194024058983314 0.00536164280735617 0 0.00274717727534958 0.00522657189149637 0.0171020565222968 0.0158211159160426 0.00848320325755005
"ура" 0 0 0.0160849284220685 0.00345184673800483 0.0164830636520975 0.0104531437829927 0 0.00527370530534754 0.00848320325755005
"челе" 0.00895977062987188 0.0129349372655543 0.00536164280735617 0.00345184673800483 0.00549435455069916 0 0.021377570652871 0.0105474106106951 0.00424160162877503
"чело" 0.00895977062987188 0.00646746863277713 0 0.0103555402140145 0 0 0.0342041130445936 0.0105474106106951 0
"челом" 0.00895977062987188 0 0.00536164280735617 0.00690369347600967 0.00274717727534958 0 0.0171020565222968 0.0263685265267377 0.00424160162877503
"чрез" 0.00895977062987188 0.00646746863277713 0.0214465712294247 0 0.00549435455069916 0 0.0042755141305742 0 0.0254496097726502
"шею" 0.0179195412597438 0.00646746863277713 0.0268082140367809 0.00345184673800483 0.00824153182604873 0 0 0.00527370530534754 0.00848320325755005
"шутя" 0.00895977062987188 0.00646746863277713 0.0214465712294247 0.0103555402140145 0.0109887091013983 0.00522657189149637 0 0.00527370530534754 0
"явилась" 0.0358390825194875 0.0129349372655543 0.00536164280735617 0.0103555402140145 0.00549435455069916 0 0.0042755141305742 0 0.00848320325755005
"берега" 0 0.0194024058983314 0 0.0103555402140145 0 0.0156797156744891 0.0085510282611484 0.0105474106106951 0.00424160162877503
"блага" 0 0.00646746863277713 0 0.00345184673800483 0 0.0104531437829927 0 0.0158211159160426 0.0296912114014252
"богатый" 0.0179195412597438 0.00646746863277713 0.0107232856147123 0.00690369347600967 0.00274717727534958 0.0104531437829927 0 0.0158211159160426 0.00424160162877503
"булата" 0 0.00646746863277713 0.0536164280735617 0.00690369347600967 0 0 0.0042755141305742 0 0
"вакха" 0 0.0129349372655543 0 0.041422160856058 0 0 0 0 0
"венок" 0 0.0129349372655543 0 0.020711080428029 0 0.00522657189149637 0 0.0210948212213901 0.00424160162877503
"венца" 0.00895977062987188 0.0194024058983314 0.00536164280735617 0 0.00274717727534958 0 0.0085510282611484 0.0158211159160426 0.0127248048863251
"веры" 0 0.00646746863277713 0.00536164280735617 0.0138073869520193 0.00274717727534958 0.00522657189149637 0.0128265423917226 0.00527370530534754 0.00848320325755005
"вишь" 0.0268793118896156 0.00646746863277713 0.0214465712294247 0 0.0109887091013983 0 0.0085510282611484 0 0
"возможно" 0 0 0 0.0172592336900242 0.00549435455069916 0.00522657189149637 0.0171020565222968 0.00527370530534754 0.00424160162877503
"война" 0.0179195412597438 0.0129349372655543 0.0107232856147123 0.0138073869520193 0.00549435455069916 0.00522657189149637 0 0 0.00424160162877503
"воспоминанья" 0 0.00646746863277713 0 0.020711080428029 0 0.0156797156744891 0.0085510282611484 0 0.00848320325755005
"высоты" 0 0.0129349372655543 0.0107232856147123 0.0103555402140145 0 0.0104531437829927 0 0.0158211159160426 0.00848320325755005
"главою" 0 0.0194024058983314 0 0.0138073869520193 0.00274717727534958 0 0 0.0158211159160426 0.0127248048863251
"глядишь" 0.0268793118896156 0.00646746863277713 0.0160849284220685 0 0.00824153182604873 0.00522657189149637 0 0.0158211159160426 0
"головою" 0 0 0.00536164280735617 0.0138073869520193 0.00274717727534958 0.0209062875659855 0 0.0105474106106951 0.00848320325755005
"горы" 0 0.00646746863277713 0 0.00690369347600967 0.0164830636520975 0.0104531437829927 0.0042755141305742 0 0.00848320325755005
"господи" 0 0 0.00536164280735617 0.00690369347600967 0.019230240927447 0 0.0171020565222968 0 0
"дна" 0 0.0194024058983314 0.0107232856147123 0.00345184673800483 0.00549435455069916 0.0209062875659855 0.0085510282611484 0 0
"добро" 0.00895977062987188 0 0.0107232856147123 0.00345184673800483 0.00549435455069916 0.0209062875659855 0.0085510282611484 0 0.00848320325755005
"думай" 0 0 0.0375314996514932 0.00690369347600967 0.00549435455069916 0 0.0042755141305742 0 0.00848320325755005
"ежели" 0 0 0 0.0103555402140145 0.00824153182604873 0.0156797156744891 0.0085510282611484 0 0.0127248048863251
"ел" 0.00895977062987188 0.00646746863277713 0 0.00345184673800483 0.0164830636520975 0.0104531437829927 0 0 0.0127248048863251
"ею" 0.00895977062987188 0 0 0.020711080428029 0 0.00522657189149637 0.0171020565222968 0.0105474106106951 0
"желаю" 0 0 0 0.00690369347600967 0.00549435455069916 0 0.021377570652871 0.0105474106106951 0.0127248048863251
"женщина" 0.0179195412597438 0 0 0.00345184673800483 0.0164830636520975 0.00522657189149637 0.0171020565222968 0 0
"жизнию" 0 0.00646746863277713 0 0.0138073869520193 0 0.0104531437829927 0.0042755141305742 0.0158211159160426 0.0127248048863251
"жили" 0 0.00646746863277713 0.0160849284220685 0 0.0164830636520975 0.00522657189149637 0.0042755141305742 0 0.00848320325755005
"забав" 0 0 0 0.020711080428029 0 0.0209062875659855 0.0042755141305742 0.00527370530534754 0.00848320325755005
"забудь" 0 0 0 0.0241629271660338 0 0.00522657189149637 0.0085510282611484 0.00527370530534754 0.0127248048863251
"задумчиво" 0 0.00646746863277713 0 0.0138073869520193 0.00824153182604873 0.0156797156744891 0.0085510282611484 0 0.00424160162877503
"зима" 0 0 0 0.00345184673800483 0.0247245954781462 0 0.0085510282611484 0.0105474106106951 0
"злато" 0 0.0323373431638857 0.00536164280735617 0.00690369347600967 0.00274717727534958 0 0.0085510282611484 0 0.0127248048863251
"искусство" 0 0 0.00536164280735617 0 0.0109887091013983 0.00522657189149637 0.0171020565222968 0 0.0169664065151001
"каждой" 0.00895977062987188 0.00646746863277713 0.0107232856147123 0 0.0109887091013983 0 0.0171020565222968 0.0105474106106951 0
"красавиц" 0 0.0129349372655543 0 0.020711080428029 0 0 0.0042755141305742 0.0105474106106951 0.0127248048863251
"кубок" 0 0.0258698745311085 0.00536164280735617 0.0310666206420435 0 0 0 0 0
"кудри" 0 0.0194024058983314 0.0107232856147123 0 0 0.0104531437829927 0.0042755141305742 0.00527370530534754 0.0212080081438751
"купец" 0 0.0194024058983314 0.00536164280735617 0.00345184673800483 0.0247245954781462 0 0 0 0
"любовию" 0 0.0129349372655543 0 0 0.00274717727534958 0.00522657189149637 0.0171020565222968 0.0210948212213901 0.00848320325755005
"мгновенье" 0 0.00646746863277713 0.0107232856147123 0.00345184673800483 0.00274717727534958 0.0261328594574818 0 0 0.0169664065151001
"мила" 0.0179195412597438 0.00646746863277713 0 0.0138073869520193 0.00549435455069916 0.0104531437829927 0 0.0105474106106951 0.00424160162877503
"многих" 0.00895977062987188 0.00646746863277713 0 0 0.00824153182604873 0.0209062875659855 0.0128265423917226 0.0105474106106951 0
"молодая" 0.00895977062987188 0.0258698745311085 0 0.0103555402140145 0.00274717727534958 0.00522657189149637 0.0085510282611484 0.0105474106106951 0
"мыслию" 0 0 0 0.00345184673800483 0.00274717727534958 0.0313594313489782 0.0042755141305742 0.0105474106106951 0.0127248048863251
"навстречу" 0.00895977062987188 0.0129349372655543 0.00536164280735617 0.00690369347600967 0.0137358863767479 0 0.0042755141305742 0.0105474106106951 0
"надобно" 0 0.00646746863277713 0 0 0.0274717727534958 0.00522657189149637 0.0042755141305742 0.00527370530534754 0
"найду" 0 0.0194024058983314 0 0.0172592336900242 0.00274717727534958 0.0104531437829927 0.0042755141305742 0 0.00848320325755005
"науки" 0.00895977062987188 0.00646746863277713 0.0107232856147123 0.00345184673800483 0.00549435455069916 0 0.0085510282611484 0.00527370530534754 0.0169664065151001
"небесах" 0 0.0129349372655543 0.00536164280735617 0.00690369347600967 0.00274717727534958 0.0104531437829927 0.0171020565222968 0.00527370530534754 0.00424160162877503
"недуг" 0.0179195412597438 0 0 0.00690369347600967 0.00549435455069916 0 0.021377570652871 0.00527370530534754 0.00848320325755005
"нередко" 0 0.0129349372655543 0 0 0 0.0104531437829927 0.0171020565222968 0.0105474106106951 0.0169664065151001
"несётся" 0 0.0129349372655543 0.00536164280735617 0.0138073869520193 0.00274717727534958 0.0104531437829927 0.0042755141305742 0.00527370530534754 0.00848320325755005
"ночей" 0.0179195412597438 0.00646746863277713 0.00536164280735617 0.00345184673800483 0 0.0104531437829927 0.0171020565222968 0.0105474106106951 0.00424160162877503
"одного" 0.00895977062987188 0 0.0107232856147123 0.00345184673800483 0.00549435455069916 0.0104531437829927 0.0085510282611484 0.0105474106106951 0.00848320325755005
"оков" 0 0.00646746863277713 0 0.00345184673800483 0.00274717727534958 0.00522657189149637 0.0042755141305742 0.0263685265267377 0.0169664065151001
"оставить" 0 0 0.00536164280735617 0.020711080428029 0 0.0104531437829927 0.0042755141305742 0.0158211159160426 0.00424160162877503
"отрады" 0.0179195412597438 0.00646746863277713 0.00536164280735617 0.0138073869520193 0 0.0104531437829927 0.0128265423917226 0 0.00424160162877503
"охота" 0.00895977062987188 0.00646746863277713 0.0107232856147123 0.00690369347600967 0.00824153182604873 0 0.0042755141305742 0.0158211159160426 0.00424160162877503
"первых" 0.00895977062987188 0 0 0.0103555402140145 0.00549435455069916 0.0156797156744891 0.0042755141305742 0.0158211159160426 0.00424160162877503
"перо" 0 0 0 0.00690369347600967 0.00274717727534958 0.00522657189149637 0.0171020565222968 0.0210948212213901 0.00848320325755005
"печальных" 0.00895977062987188 0.0129349372655543 0.00536164280735617 0.00345184673800483 0 0.0104531437829927 0.0085510282611484 0 0.0212080081438751
"пламенный" 0.00895977062987188 0.00646746863277713 0.00536164280735617 0.0138073869520193 0.00274717727534958 0.00522657189149637 0 0.0158211159160426 0.00848320325755005
"плачь" 0 0.00646746863277713 0 0.00690369347600967 0.0109887091013983 0 0.0171020565222968 0.0105474106106951 0.00424160162877503
"плоды" 0.00895977062987188 0.0129349372655543 0.00536164280735617 0.0172592336900242 0 0.00522657189149637 0.0042755141305742 0.0105474106106951 0.00424160162877503
"полн" 0 0 0.00536164280735617 0.020711080428029 0.00549435455069916 0.0104531437829927 0 0.0105474106106951 0.00424160162877503
"поля" 0.0268793118896156 0.0129349372655543 0.0107232856147123 0.00345184673800483 0.00274717727534958 0 0.0085510282611484 0.00527370530534754 0.00848320325755005
"поник" 0 0 0.00536164280735617 0.0138073869520193 0.00549435455069916 0.0156797156744891 0 0.0158211159160426 0.00424160162877503
"порок" 0 0 0 0.0138073869520193 0.00549435455069916 0.00522657189149637 0.0128265423917226 0.00527370530534754 0.0127248048863251
"порою" 0 0.0258698745311085 0 0.0103555402140145 0 0.0104531437829927 0.0085510282611484 0.0105474106106951 0.00424160162877503
"поскорей" 0.0179195412597438 0.0194024058983314 0.0214465712294247 0 0.00549435455069916 0 0.0042755141305742 0.00527370530534754 0.00424160162877503
"похвал" 0.00895977062987188 0 0 0.0138073869520193 0 0.00522657189149637 0.0042755141305742 0.0210948212213901 0.0127248048863251
"поцелуй" 0 0 0.0160849284220685 0 0.00274717727534958 0.0209062875659855 0.0085510282611484 0.0105474106106951 0.00848320325755005
"прелестный" 0 0 0 0.0241629271660338 0 0.0156797156744891 0 0.00527370530534754 0.0127248048863251
"прими" 0 0 0 0.0172592336900242 0.00549435455069916 0 0.0128265423917226 0.00527370530534754 0.0127248048863251
"простите" 0 0 0 0.020711080428029 0.00824153182604873 0.00522657189149637 0.0042755141305742 0.00527370530534754 0.00848320325755005
"проходит" 0 0 0.0160849284220685 0.00345184673800483 0 0.0156797156744891 0.0085510282611484 0.0210948212213901 0.00424160162877503
"путник" 0.00895977062987188 0.0194024058983314 0.0107232856147123 0 0 0 0.0085510282611484 0.0263685265267377 0.00424160162877503
"радостей" 0 0 0 0.00690369347600967 0 0.0209062875659855 0 0.0158211159160426 0.0212080081438751
"радостью" 0 0.00646746863277713 0.0160849284220685 0.00345184673800483 0.00549435455069916 0.00522657189149637 0.0128265423917226 0.0158211159160426 0
"раздался" 0.0268793118896156 0.0194024058983314 0 0 0.00274717727534958 0.00522657189149637 0.0085510282611484 0.0158211159160426 0.00424160162877503
"разлуку" 0.00895977062987188 0.00646746863277713 0.0107232856147123 0.0103555402140145 0 0.0104531437829927 0 0.0210948212213901 0.00424160162877503
"рек" 0 0.00646746863277713 0.00536164280735617 0.0172592336900242 0.00824153182604873 0 0.0042755141305742 0.0105474106106951 0.00424160162877503
"ропот" 0 0.0258698745311085 0.00536164280735617 0.0138073869520193 0.00274717727534958 0.0104531437829927 0.0042755141305742 0.00527370530534754 0
"рот" 0 0 0.032169856844137 0 0.0109887091013983 0.00522657189149637 0 0 0.0127248048863251
"роще" 0 0.0258698745311085 0.00536164280735617 0.00690369347600967 0.0137358863767479 0 0 0 0.00848320325755005
"своею" 0.00895977062987188 0 0 0.0138073869520193 0.0137358863767479 0 0.0042755141305742 0.00527370530534754 0.00848320325755005
"сердечной" 0 0.00646746863277713 0 0.0241629271660338 0.00274717727534958 0.0104531437829927 0 0.00527370530534754 0.00848320325755005
"сим" 0 0.051739749062217 0 0.00345184673800483 0.00274717727534958 0.00522657189149637 0 0.00527370530534754 0.00848320325755005
"сияет" 0.00895977062987188 0.0129349372655543 0.00536164280735617 0.00690369347600967 0 0.0104531437829927 0 0.0158211159160426 0.0127248048863251
"слабый" 0 0 0.00536164280735617 0.0103555402140145 0.00549435455069916 0.0104531437829927 0.0085510282611484 0.0210948212213901 0
"слог" 0.0268793118896156 0 0 0.00345184673800483 0.0164830636520975 0 0 0.00527370530534754 0.0127248048863251
"слышит" 0 0.0129349372655543 0.0268082140367809 0.00345184673800483 0.00274717727534958 0.00522657189149637 0 0.00527370530534754 0.0127248048863251
"смиренно" 0 0 0 0.00345184673800483 0 0.0104531437829927 0.0128265423917226 0.0210948212213901 0.0169664065151001
"сперва" 0.00895977062987188 0.00646746863277713 0.0107232856147123 0.00690369347600967 0.0164830636520975 0 0.0042755141305742 0.00527370530534754 0
"станет" 0.00895977062987188 0.00646746863277713 0.00536164280735617 0.00690369347600967 0.00274717727534958 0.0104531437829927 0.0128265423917226 0.00527370530534754 0.00848320325755005
"старика" 0.00895977062987188 0.0129349372655543 0.0107232856147123 0.00690369347600967 0.0109887091013983 0.00522657189149637 0 0.0105474106106951 0
"стены" 0.00895977062987188 0.00646746863277713 0.0160849284220685 0.00345184673800483 0.00274717727534958 0.0104531437829927 0.0042755141305742 0 0.0169664065151001
"страна" 0.00895977062987188 0 0 0.0103555402140145 0.0137358863767479 0.00522657189149637 0.0128265423917226 0 0.00424160162877503
"страстью" 0 0.0194024058983314 0.0107232856147123 0.0241629271660338 0 0.00522657189149637 0.0042755141305742 0 0
"толпу" 0.00895977062987188 0 0 0.00690369347600967 0.00549435455069916 0 0.0128265423917226 0.0263685265267377 0.00424160162877503
"тоске" 0.00895977062987188 0.0194024058983314 0 0 0.00274717727534958 0.0209062875659855 0.0042755141305742 0.00527370530534754 0.0127248048863251
"трепещет" 0 0.0258698745311085 0.00536164280735617 0.0138073869520193 0 0 0.0085510282611484 0.0158211159160426 0
"тьма" 0 0.0194024058983314 0.0107232856147123 0 0.00274717727534958 0.00522657189149637 0.0171020565222968 0.0105474106106951 0.00424160162877503
"умён" 0.0179195412597438 0 0.00536164280735617 0.0172592336900242 0.00549435455069916 0 0.0128265423917226 0.00527370530534754 0
"уныло" 0.0179195412597438 0.0194024058983314 0 0.00345184673800483 0.00549435455069916 0.0104531437829927 0.0042755141305742 0 0.0127248048863251
"утром" 0 0.00646746863277713 0.0107232856147123 0.0103555402140145 0.0164830636520975 0 0 0.0105474106106951 0
"ходил" 0.0268793118896156 0 0.0107232856147123 0.00690369347600967 0.00824153182604873 0.00522657189149637 0.0128265423917226 0 0
"царица" 0 0.0129349372655543 0.0107232856147123 0.0172592336900242 0.00549435455069916 0.00522657189149637 0.0042755141305742 0 0.00424160162877503
"царства" 0 0 0.0428931424588494 0.00690369347600967 0.00549435455069916 0.00522657189149637 0 0 0.00424160162877503
"цветами" 0.00895977062987188 0.00646746863277713 0 0.0103555402140145 0 0.0209062875659855 0.0042755141305742 0.0105474106106951 0.00848320325755005
"чёрные" 0 0.0129349372655543 0 0 0.0109887091013983 0.00522657189149637 0.0085510282611484 0.00527370530534754 0.0169664065151001
"чистый" 0 0.0323373431638857 0 0.0103555402140145 0 0 0.0128265423917226 0.00527370530534754 0.00848320325755005
"шумный" 0 0.00646746863277713 0 0.0103555402140145 0 0.0104531437829927 0.0042755141305742 0.0105474106106951 0.0212080081438751
"шумят" 0 0.00646746863277713 0.00536164280735617 0.0138073869520193 0.0109887091013983 0 0.0042755141305742 0.0105474106106951 0.00424160162877503
"этим" 0.0268793118896156 0 0 0.00345184673800483 0.0164830636520975 0 0.0171020565222968 0 0
"бежать" 0.00895977062987188 0.0129349372655543 0.00536164280735617 0.00345184673800483 0.00274717727534958 0.0104531437829927 0.0085510282611484 0.0105474106106951 0.00424160162877503
"благослови" 0 0 0 0.0172592336900242 0.00549435455069916 0.0156797156744891 0.0085510282611484 0 0.00424160162877503
"блеском" 0 0.00646746863277713 0.0160849284220685 0.0172592336900242 0.00274717727534958 0 0.0042755141305742 0.00527370530534754 0.00424160162877503
"богат" 0.00895977062987188 0.0129349372655543 0.0214465712294247 0.00690369347600967 0.00274717727534958 0.0104531437829927 0 0 0.00424160162877503
"богом" 0 0.0129349372655543 0.00536164280735617 0.00345184673800483 0.0109887091013983 0 0.0042755141305742 0.0158211159160426 0.00424160162877503
"бьётся" 0 0.0258698745311085 0 0.0103555402140145 0.00274717727534958 0.0156797156744891 0.0085510282611484 0 0
"вблизи" 0 0.00646746863277713 0 0.0103555402140145 0.0109887091013983 0.00522657189149637 0.0128265423917226 0.00527370530534754 0
"вдохновенный" 0 0 0 0.020711080428029 0.00549435455069916 0.00522657189149637 0.0085510282611484 0.0105474106106951 0
"ведает" 0 0 0 0.00690369347600967 0.00824153182604873 0 0.0042755141305742 0.0316422318320852 0.00424160162877503
"вершины" 0 0.00646746863277713 0 0.0103555402140145 0 0.00522657189149637 0.0171020565222968 0.0210948212213901 0
"верю" 0 0.00646746863277713 0.00536164280735617 0.0103555402140145 0.00274717727534958 0 0.0171020565222968 0 0.0127248048863251
"весной" 0 0.00646746863277713 0 0.00345184673800483 0.00824153182604873 0.0104531437829927 0.0042755141305742 0.0158211159160426 0.00848320325755005
"ветерок" 0 0.0129349372655543 0 0.00345184673800483 0 0.0209062875659855 0 0.0158211159160426 0.0127248048863251
"взглянул" 0.0179195412597438 0.00646746863277713 0.00536164280735617 0.00690369347600967 0.00824153182604873 0 0.0042755141305742 0.00527370530534754 0.00848320325755005
"вздор" 0 0.00646746863277713 0 0.0103555402140145 0.00274717727534958 0.00522657189149637 0.0128265423917226 0.00527370530534754 0.0127248048863251
"взошла" 0 0.0129349372655543 0 0.00345184673800483 0 0.0261328594574818 0.0085510282611484 0 0.0127248048863251
"взять" 0.00895977062987188 0.00646746863277713 0 0 0.0274717727534958 0 0 0 0.00424160162877503
"видал" 0.0358390825194875 0.0129349372655543 0.00536164280735617 0.00345184673800483 0 0.0104531437829927 0.0085510282611484 0.00527370530534754 0
"видали" 0.0358390825194875 0 0.0107232856147123 0 0.00549435455069916 0.0104531437829927 0 0.0105474106106951 0.00424160162877503
"влечёт" 0.00895977062987188 0 0 0.00690369347600967 0.00549435455069916 0.00522657189149637 0.0042755141305742 0.0210948212213901 0.00848320325755005
"вой" 0.00895977062987188 0.00646746863277713 0.0214465712294247 0.00345184673800483 0.00824153182604873 0 0.0085510282611484 0.00527370530534754 0
"волна" 0.00895977062987188 0.0129349372655543 0.00536164280735617 0.00345184673800483 0.00274717727534958 0.0156797156744891 0.0128265423917226 0.00527370530534754 0
"вор" 0.0179195412597438 0.00646746863277713 0.00536164280735617 0 0.00824153182604873 0.0104531437829927 0.0042755141305742 0.0105474106106951 0.00424160162877503
"восемь" 0 0.0129349372655543 0.00536164280735617 0 0.0137358863767479 0.0104531437829927 0.0042755141305742 0.00527370530534754 0.00424160162877503
"всякий" 0 0.00646746863277713 0.0214465712294247 0.00345184673800483 0.0137358863767479 0 0 0 0.00848320325755005
"выходит" 0 0 0.00536164280735617 0.0138073869520193 0.0109887091013983 0.0104531437829927 0 0.0105474106106951 0
"гимн" 0 0 0 0.0103555402140145 0.00274717727534958 0.0156797156744891 0.0042755141305742 0.00527370530534754 0.0169664065151001
"глухой" 0 0 0 0.020711080428029 0 0.0209062875659855 0 0.0105474106106951 0.00424160162877503
"года" 0 0 0.00536164280735617 0 0.0109887091013983 0.0104531437829927 0.0042755141305742 0.0105474106106951 0.0127248048863251
"горько" 0 0 0.00536164280735617 0 0.0137358863767479 0.0104531437829927 0.0042755141305742 0.0158211159160426 0.00424160162877503
"гражданин" 0 0 0.0107232856147123 0.0138073869520193 0.00274717727534958 0.00522657189149637 0.0085510282611484 0.00527370530534754 0.00848320325755005
"грозной" 0 0.00646746863277713 0 0.0138073869520193 0.00549435455069916 0.00522657189149637 0 0.0158211159160426 0.00848320325755005
"грядёт" 0 0 0.0107232856147123 0.00345184673800483 0 0.0104531437829927 0 0.0316422318320852 0.00848320325755005
"дайте" 0 0.0582072176949942 0.0107232856147123 0.00690369347600967 0 0 0 0 0
"движенья" 0 0 0.00536164280735617 0.0103555402140145 0.00274717727534958 0.0156797156744891 0.0042755141305742 0.0158211159160426 0.00424160162877503
"двора" 0.0179195412597438 0.00646746863277713 0 0.0138073869520193 0.00274717727534958 0.00522657189149637 0.0085510282611484 0 0.00848320325755005
"должно" 0 0 0.00536164280735617 0 0.0164830636520975 0.0104531437829927 0.0085510282611484 0 0.00848320325755005
"дороге" 0.00895977062987188 0.0258698745311085 0.0160849284220685 0 0.00824153182604873 0.00522657189149637 0 0 0.00424160162877503
"дубравы" 0 0.0129349372655543 0 0.0138073869520193 0 0.00522657189149637 0.0085510282611484 0.0158211159160426 0.00424160162877503
"думает" 0 0.0129349372655543 0.0268082140367809 0.00690369347600967 0.00824153182604873 0 0.0042755141305742 0 0
"думаю" 0.0179195412597438 0 0 0.00345184673800483 0.00824153182604873 0 0.021377570652871 0 0.00848320325755005
"душ" 0.00895977062987188 0.0129349372655543 0.0107232856147123 0.00345184673800483 0.00824153182604873 0.0104531437829927 0.0042755141305742 0 0.00424160162877503
"дыша" 0 0.00646746863277713 0 0.0103555402140145 0 0.0209062875659855 0.0128265423917226 0.00527370530534754 0.00424160162877503
"живо" 0.0179195412597438 0.00646746863277713 0.00536164280735617 0.00690369347600967 0.00824153182604873 0.00522657189149637 0.0042755141305742 0.00527370530534754 0.00424160162877503
"живут" 0.0268793118896156 0 0.0107232856147123 0.0103555402140145 0.00549435455069916 0.00522657189149637 0.0042755141305742 0 0.00424160162877503
"заботы" 0.00895977062987188 0 0 0.0138073869520193 0.00274717727534958 0 0.0128265423917226 0.0105474106106951 0.00848320325755005
"заметил" 0.0179195412597438 0 0.0107232856147123 0.00345184673800483 0.0137358863767479 0 0.0042755141305742 0 0.00848320325755005
"земные" 0.00895977062987188 0.0129349372655543 0 0.0138073869520193 0 0.00522657189149637 0.0085510282611484 0.0158211159160426 0
"зимой" 0.0179195412597438 0.0129349372655543 0 0 0.0164830636520975 0.00522657189149637 0 0.0105474106106951 0
"идеал" 0.00895977062987188 0 0 0.00690369347600967 0.00549435455069916 0.0104531437829927 0.021377570652871 0 0.00424160162877503
"иные" 0.0268793118896156 0 0.00536164280735617 0.00690369347600967 0.00549435455069916 0.0104531437829927 0.0042755141305742 0.00527370530534754 0.00424160162877503
"иных" 0 0 0 0.00345184673800483 0.00549435455069916 0.0313594313489782 0.0085510282611484 0.00527370530534754 0.00424160162877503
"капли" 0.00895977062987188 0 0.00536164280735617 0.0103555402140145 0 0.00522657189149637 0.0171020565222968 0.00527370530534754 0.00848320325755005
"клад" 0 0.00646746863277713 0.0428931424588494 0.00345184673800483 0.00274717727534958 0 0 0.00527370530534754 0.00424160162877503
"княгиня" 0 0 0 0 0.0357133045795445 0 0 0 0
"коли" 0 0 0.0482547852662056 0 0.00824153182604873 0 0.0042755141305742 0 0
"колыбель" 0 0 0 0.00345184673800483 0.00274717727534958 0.0104531437829927 0.0042755141305742 0.0210948212213901 0.0169664065151001
"коль" 0 0 0.0107232856147123 0.00345184673800483 0.00549435455069916 0.0156797156744891 0.0042755141305742 0.0105474106106951 0.00848320325755005
"которую" 0.00895977062987188 0.00646746863277713 0.00536164280735617 0.00345184673800483 0 0.00522657189149637 0.0171020565222968 0.00527370530534754 0.0127248048863251
"красота" 0.00895977062987188 0 0.0107232856147123 0.00345184673800483 0.00274717727534958 0.00522657189149637 0.0128265423917226 0.0105474106106951 0.00848320325755005
"крестьянину" 0 0 0 0 0.0357133045795445 0 0 0 0
"лёгкой" 0 0.0258698745311085 0.00536164280735617 0.0172592336900242 0 0.0104531437829927 0 0.00527370530534754 0
"лист" 0 0.0129349372655543 0.00536164280735617 0.00690369347600967 0.00549435455069916 0.00522657189149637 0.0128265423917226 0 0.00848320325755005
"луной" 0.0179195412597438 0.0194024058983314 0.0107232856147123 0.00345184673800483 0 0 0.0042755141305742 0.00527370530534754 0.0127248048863251
"любила" 0 0 0 0.0103555402140145 0.00549435455069916 0.0156797156744891 0.0085510282611484 0.0105474106106951 0.00424160162877503
"любишь" 0 0.00646746863277713 0.00536164280735617 0.00345184673800483 0.00274717727534958 0.00522657189149637 0.0042755141305742 0.0263685265267377 0.00848320325755005
"мечтанья" 0 0 0 0.0241629271660338 0 0.0156797156744891 0.0042755141305742 0.0105474106106951 0
"милей" 0 0.00646746863277713 0.00536164280735617 0.0138073869520193 0.00824153182604873 0 0.0042755141305742 0.0105474106106951 0.00424160162877503
"минувших" 0 0.00646746863277713 0 0.00345184673800483 0 0.0261328594574818 0.0042755141305742 0.0210948212213901 0.00424160162877503
"младых" 0 0 0 0.0172592336900242 0 0.0156797156744891 0.0085510282611484 0.00527370530534754 0.00848320325755005
"мнится" 0 0.0129349372655543 0 0.00690369347600967 0 0.0156797156744891 0 0.0105474106106951 0.0169664065151001
"могиле" 0.00895977062987188 0 0 0.00690369347600967 0 0.0104531437829927 0.0128265423917226 0.0105474106106951 0.0127248048863251
"москву" 0.00895977062987188 0.0129349372655543 0 0.0172592336900242 0.00824153182604873 0 0.0042755141305742 0.00527370530534754 0
"награду" 0 0 0.0268082140367809 0.0138073869520193 0.00549435455069916 0 0 0 0.00848320325755005
"надежду" 0 0 0 0.00345184673800483 0 0.0156797156744891 0.021377570652871 0.0210948212213901 0
"найдёт" 0.00895977062987188 0.00646746863277713 0.00536164280735617 0.00345184673800483 0.00824153182604873 0.00522657189149637 0.0042755141305742 0.0105474106106951 0.00848320325755005
"найдёшь" 0 0 0.0160849284220685 0.00345184673800483 0.00824153182604873 0.0156797156744891 0 0.0105474106106951 0.00424160162877503
"нашему" 0.00895977062987188 0.00646746863277713 0 0.00690369347600967 0.019230240927447 0 0.0042755141305742 0.00527370530534754 0
"незабвенный" 0 0.00646746863277713 0 0.0172592336900242 0 0.0209062875659855 0 0.0105474106106951 0.00424160162877503
"новую" 0 0 0.00536164280735617 0.0103555402140145 0.0164830636520975 0 0 0.0105474106106951 0.00424160162877503
"нужен" 0.00895977062987188 0 0.0107232856147123 0.0138073869520193 0 0 0.0085510282611484 0.0105474106106951 0.00848320325755005
"облаков" 0 0.00646746863277713 0 0 0.00274717727534958 0.0104531437829927 0.0171020565222968 0.0158211159160426 0.00848320325755005
"объятиях" 0 0.00646746863277713 0 0.00690369347600967 0.00274717727534958 0.0104531437829927 0 0.0316422318320852 0.00424160162877503
"отечество" 0 0 0 0.00345184673800483 0 0.0104531437829927 0 0.0316422318320852 0.0169664065151001
"очам" 0 0.00646746863277713 0 0.00690369347600967 0 0 0.0128265423917226 0 0.0296912114014252
"парень" 0 0.00646746863277713 0.0160849284220685 0.00345184673800483 0.0219774182027966 0 0 0 0
"плач" 0.00895977062987188 0.0194024058983314 0.00536164280735617 0.00345184673800483 0.00549435455069916 0 0.0085510282611484 0.0105474106106951 0.00424160162877503
"погиб" 0.00895977062987188 0.0129349372655543 0.00536164280735617 0.00690369347600967 0.00549435455069916 0.00522657189149637 0.0128265423917226 0 0.00424160162877503
"поднял" 0 0 0.00536164280735617 0 0.0109887091013983 0.00522657189149637 0.0128265423917226 0.0105474106106951 0.00848320325755005
"подруга" 0 0.0258698745311085 0 0.0241629271660338 0 0 0.0085510282611484 0 0
"позволения" 0 0.0776096235933256 0 0 0 0.00522657189149637 0 0 0
"покамест" 0 0.00646746863277713 0.00536164280735617 0 0.0247245954781462 0.00522657189149637 0.0042755141305742 0 0
"покое" 0.0268793118896156 0.0129349372655543 0 0.0103555402140145 0.00274717727534958 0.0156797156744891 0 0.00527370530534754 0
"полночь" 0 0.0388048117966628 0.00536164280735617 0 0 0.0261328594574818 0 0 0.00424160162877503
"помещика" 0 0 0 0 0.0357133045795445 0 0 0 0
"потомство" 0 0 0 0.0103555402140145 0.00274717727534958 0.00522657189149637 0 0.0158211159160426 0.0212080081438751
"прекрасная" 0.0179195412597438 0 0 0.00345184673800483 0.00274717727534958 0.0104531437829927 0.0042755141305742 0.0210948212213901 0.00848320325755005
"придётся" 0.00895977062987188 0.00646746863277713 0.0160849284220685 0 0.00549435455069916 0.0104531437829927 0.0085510282611484 0.00527370530534754 0.00424160162877503
"прощай" 0 0 0 0.0138073869520193 0.00824153182604873 0 0.0128265423917226 0.0105474106106951 0.00424160162877503
"пустыне" 0 0.00646746863277713 0 0.0138073869520193 0 0.00522657189149637 0.0085510282611484 0.0263685265267377 0
"раба" 0 0 0 0 0.0219774182027966 0 0.0085510282611484 0 0.0127248048863251
"разум" 0 0 0.0160849284220685 0.00690369347600967 0.00274717727534958 0.00522657189149637 0.0128265423917226 0.0158211159160426 0
"родины" 0 0 0.00536164280735617 0.00345184673800483 0.00549435455069916 0.00522657189149637 0.0085510282611484 0.0105474106106951 0.0169664065151001
"рой" 0 0.0129349372655543 0 0.00345184673800483 0.00549435455069916 0.00522657189149637 0.0085510282611484 0.0158211159160426 0.00848320325755005
"русские" 0.00895977062987188 0 0 0.00690369347600967 0.0164830636520975 0.00522657189149637 0.0128265423917226 0 0
"русских" 0.0179195412597438 0.00646746863277713 0.00536164280735617 0.0138073869520193 0.00824153182604873 0 0.0042755141305742 0.00527370530534754 0
"свободе" 0.00895977062987188 0 0.00536164280735617 0.0103555402140145 0.00549435455069916 0.00522657189149637 0.0128265423917226 0 0.00848320325755005
"свободно" 0.00895977062987188 0.00646746863277713 0 0 0.00549435455069916 0.00522657189149637 0.0128265423917226 0.0105474106106951 0.0127248048863251
"священной" 0 0 0 0.0138073869520193 0 0.0156797156744891 0.0042755141305742 0.00527370530534754 0.0169664065151001
"сделал" 0.00895977062987188 0 0.0107232856147123 0 0.00274717727534958 0 0.0299285989140194 0 0.00848320325755005
"силах" 0.00895977062987188 0.00646746863277713 0 0.00690369347600967 0.00274717727534958 0.00522657189149637 0.0171020565222968 0.0158211159160426 0
"сиянье" 0 0.0323373431638857 0.00536164280735617 0.00690369347600967 0 0.0104531437829927 0 0 0.0127248048863251
"сказали" 0 0 0 0.00690369347600967 0.019230240927447 0.00522657189149637 0.0042755141305742 0.00527370530534754 0.00424160162877503
"славно" 0 0 0.0214465712294247 0 0.00824153182604873 0.00522657189149637 0.0085510282611484 0.00527370530534754 0.00848320325755005
"славных" 0 0.0129349372655543 0.0107232856147123 0.0103555402140145 0.00274717727534958 0.00522657189149637 0.0042755141305742 0.00527370530534754 0.00848320325755005
"следов" 0 0 0 0.0138073869520193 0 0.0313594313489782 0.0085510282611484 0 0.00424160162877503
"следы" 0.00895977062987188 0 0 0.0103555402140145 0.00274717727534958 0.0209062875659855 0.0042755141305742 0.0105474106106951 0.00424160162877503
"слеза" 0 0.0129349372655543 0.00536164280735617 0.00345184673800483 0.00274717727534958 0 0.0256530847834452 0 0.00848320325755005
"слышен" 0 0.00646746863277713 0.0160849284220685 0.00690369347600967 0.00549435455069916 0.0156797156744891 0.0042755141305742 0.00527370530534754 0
"смеётся" 0.00895977062987188 0 0 0.00690369347600967 0.0137358863767479 0 0.0042755141305742 0 0.0169664065151001
"смертный" 0 0.0258698745311085 0 0.00690369347600967 0 0 0.0042755141305742 0.0263685265267377 0.00424160162877503
"смотрите" 0.00895977062987188 0.00646746863277713 0 0.00345184673800483 0.0137358863767479 0.00522657189149637 0 0.0105474106106951 0.00848320325755005
"сны" 0 0.0194024058983314 0 0.0138073869520193 0.00549435455069916 0 0.0085510282611484 0 0.00848320325755005
"солнышко" 0.00895977062987188 0 0.0107232856147123 0 0.0247245954781462 0.00522657189149637 0 0 0
"сомненье" 0 0.0129349372655543 0.00536164280735617 0 0 0.0104531437829927 0.0171020565222968 0 0.0169664065151001
"стар" 0 0.0129349372655543 0.0107232856147123 0.00345184673800483 0.00549435455069916 0.0104531437829927 0.0042755141305742 0.00527370530534754 0.00848320325755005
"старины" 0 0.0388048117966628 0 0.00345184673800483 0.00274717727534958 0.0104531437829927 0 0 0.0127248048863251
"стихам" 0 0.00646746863277713 0 0.0138073869520193 0 0.0209062875659855 0 0.0105474106106951 0.00848320325755005
"столицы" 0.0268793118896156 0 0.00536164280735617 0.00690369347600967 0.00274717727534958 0.0104531437829927 0.0085510282611484 0.00527370530534754 0.00424160162877503
"столом" 0.0179195412597438 0.0194024058983314 0 0.0103555402140145 0.00274717727534958 0.00522657189149637 0.0085510282611484 0.00527370530534754 0
"сторон" 0 0.0194024058983314 0.0107232856147123 0.00345184673800483 0.00549435455069916 0.0209062875659855 0 0 0.00424160162877503
"страдал" 0 0.0129349372655543 0 0.00690369347600967 0.00274717727534958 0.00522657189149637 0.0128265423917226 0.00527370530534754 0.0127248048863251
"страдальца" 0 0.00646746863277713 0.0160849284220685 0.0138073869520193 0 0.0104531437829927 0.0042755141305742 0.00527370530534754 0.00424160162877503
"суда" 0 0 0.0160849284220685 0.00690369347600967 0.0109887091013983 0.00522657189149637 0.0042755141305742 0.0105474106106951 0
"счастием" 0 0.00646746863277713 0 0.00690369347600967 0.00549435455069916 0.0104531437829927 0.0042755141305742 0.00527370530534754 0.0169664065151001
"талисман" 0 0.0388048117966628 0 0.0172592336900242 0 0 0.0085510282611484 0 0
"темно" 0.00895977062987188 0.0258698745311085 0 0.00690369347600967 0.00549435455069916 0.00522657189149637 0.0042755141305742 0.00527370530534754 0.00424160162877503
"тихонько" 0 0.00646746863277713 0 0.0138073869520193 0.00824153182604873 0.0156797156744891 0.0042755141305742 0.00527370530534754 0
"томим" 0 0.0129349372655543 0.0107232856147123 0.0138073869520193 0 0.00522657189149637 0.0042755141305742 0.0105474106106951 0.00424160162877503
"томный" 0 0.0258698745311085 0 0.0138073869520193 0 0.0104531437829927 0 0.00527370530534754 0.00848320325755005
"трепет" 0 0.0129349372655543 0 0.020711080428029 0.00274717727534958 0.00522657189149637 0.0128265423917226 0 0
"тройка" 0.00895977062987188 0.00646746863277713 0 0.0103555402140145 0.019230240927447 0 0.0042755141305742 0 0
"узнать" 0.00895977062987188 0.00646746863277713 0 0.0138073869520193 0.00549435455069916 0.0104531437829927 0.0042755141305742 0 0.00848320325755005
"умру" 0.00895977062987188 0 0.00536164280735617 0 0.00274717727534958 0.0209062875659855 0.0128265423917226 0.0105474106106951 0.00424160162877503
"уныл" 0.00895977062987188 0.0129349372655543 0 0.00345184673800483 0.00549435455069916 0.0156797156744891 0.0171020565222968 0 0
"уныние" 0 0 0 0.00345184673800483 0 0.0209062875659855 0.0128265423917226 0.0210948212213901 0.00424160162877503
"устах" 0 0.00646746863277713 0 0 0.00274717727534958 0.00522657189149637 0.0256530847834452 0.0105474106106951 0.00848320325755005
"хочется" 0.00895977062987188 0.00646746863277713 0 0.00345184673800483 0.00824153182604873 0 0 0.00527370530534754 0.0254496097726502
"челн" 0 0.0323373431638857 0 0 0.00274717727534958 0.0104531437829927 0.0128265423917226 0 0.00848320325755005
"чёрной" 0.00895977062987188 0.0388048117966628 0.0107232856147123 0.00345184673800483 0 0.00522657189149637 0.0042755141305742 0 0.00424160162877503
"черт" 0 0 0.0375314996514932 0 0.0137358863767479 0 0 0 0.00424160162877503
"чистых" 0 0 0 0.0172592336900242 0 0.0104531437829927 0.0042755141305742 0.0158211159160426 0.00848320325755005
"шесть" 0 0.00646746863277713 0.0160849284220685 0 0.0137358863767479 0.00522657189149637 0.0042755141305742 0.00527370530534754 0.00424160162877503
"шумной" 0 0.00646746863277713 0 0.0241629271660338 0 0 0.0171020565222968 0.00527370530534754 0
"юные" 0.00895977062987188 0.00646746863277713 0 0.0138073869520193 0 0.0156797156744891 0.0042755141305742 0.0158211159160426 0
"яд" 0 0.00646746863277713 0.00536164280735617 0.0103555402140145 0 0.00522657189149637 0.0171020565222968 0.0158211159160426 0
"ярко" 0.0179195412597438 0.0129349372655543 0.0107232856147123 0.00345184673800483 0.00274717727534958 0 0.0085510282611484 0 0.0127248048863251
"аполлон" 0 0.00646746863277713 0 0.00690369347600967 0 0.0104531437829927 0 0.0158211159160426 0.0169664065151001
"барином" 0 0 0.0160849284220685 0.00345184673800483 0.019230240927447 0 0 0 0.00424160162877503
"барыни" 0 0 0 0 0.0329661273041949 0 0 0 0
"беден" 0.00895977062987188 0.0194024058983314 0 0.00690369347600967 0 0.0104531437829927 0.0171020565222968 0 0
"беспечный" 0 0 0 0.020711080428029 0 0.0104531437829927 0 0.0105474106106951 0.00848320325755005
"бесценный" 0 0.0194024058983314 0 0.0103555402140145 0 0.00522657189149637 0.0085510282611484 0.00527370530534754 0.00848320325755005
"бич" 0.00895977062987188 0 0 0.0138073869520193 0.00549435455069916 0 0.0042755141305742 0.0158211159160426 0.00424160162877503
"близок" 0 0 0.0160849284220685 0.0103555402140145 0 0.00522657189149637 0.0128265423917226 0.00527370530534754 0.00424160162877503
"больной" 0 0 0.00536164280735617 0.00690369347600967 0.0164830636520975 0.00522657189149637 0.0042755141305742 0.00527370530534754 0
"брега" 0 0.0258698745311085 0 0.00690369347600967 0 0.0104531437829927 0 0.00527370530534754 0.0127248048863251
"брегов" 0 0.0129349372655543 0.0107232856147123 0.00690369347600967 0 0.0104531437829927 0.0085510282611484 0.00527370530534754 0.00424160162877503
"бурных" 0 0 0 0.00690369347600967 0.00274717727534958 0.0209062875659855 0.0042755141305742 0 0.0169664065151001
"бывает" 0.00895977062987188 0.0129349372655543 0.00536164280735617 0 0.00274717727534958 0.00522657189149637 0.0042755141305742 0 0.0212080081438751
"быстрый" 0 0.00646746863277713 0 0.0138073869520193 0 0.0156797156744891 0.0128265423917226 0 0.00424160162877503
"вдаль" 0 0 0.0107232856147123 0.00690369347600967 0 0.0209062875659855 0.0085510282611484 0.0105474106106951 0
"веков" 0.00895977062987188 0.00646746863277713 0 0 0 0.0104531437829927 0.0042755141305742 0.0316422318320852 0.00424160162877503
"великого" 0 0 0 0.00345184673800483 0.00274717727534958 0.0156797156744891 0.0128265423917226 0.0210948212213901 0
"верен" 0 0.0194024058983314 0 0.0103555402140145 0.00549435455069916 0.0104531437829927 0.0042755141305742 0 0.00424160162877503
"весёлых" 0.00895977062987188 0 0 0.0241629271660338 0 0.0104531437829927 0.0042755141305742 0 0.00424160162877503
"вечерней" 0.0268793118896156 0.0129349372655543 0 0.00345184673800483 0.00274717727534958 0.00522657189149637 0 0.0105474106106951 0.00848320325755005
"видели" 0.00895977062987188 0 0.00536164280735617 0.00345184673800483 0.00824153182604873 0.00522657189149637 0.0171020565222968 0.00527370530534754 0
"виноват" 0 0.00646746863277713 0 0.00345184673800483 0.0137358863767479 0.00522657189149637 0.0042755141305742 0.00527370530534754 0.00848320325755005
"власти" 0 0.0129349372655543 0.00536164280735617 0.0103555402140145 0 0.00522657189149637 0.0085510282611484 0.0105474106106951 0.00424160162877503
"войну" 0 0.00646746863277713 0.00536164280735617 0.0103555402140145 0.00549435455069916 0.00522657189149637 0.0085510282611484 0.00527370530534754 0.00424160162877503
"волненьем" 0 0.00646746863277713 0 0.0172592336900242 0 0.0209062875659855 0 0.0105474106106951 0
"волненья" 0.00895977062987188 0.0194024058983314 0 0.0103555402140145 0 0 0.0042755141305742 0.0158211159160426 0.00424160162877503
"волной" 0.00895977062987188 0.00646746863277713 0 0.0172592336900242 0.00274717727534958 0.0104531437829927 0.0042755141305742 0.00527370530534754 0
"времён" 0.0179195412597438 0 0 0.0103555402140145 0.00274717727534958 0.00522657189149637 0.0042755141305742 0.00527370530534754 0.0127248048863251
"всякой" 0 0.0194024058983314 0 0.0138073869520193 0.00549435455069916 0.0104531437829927 0 0.00527370530534754 0
"глупца" 0 0 0 0.020711080428029 0.00549435455069916 0 0 0.0158211159160426 0.00424160162877503
"говор" 0 0 0.0107232856147123 0.0103555402140145 0.0109887091013983 0 0.0042755141305742 0 0.00848320325755005
"говоря" 0.0179195412597438 0.0129349372655543 0 0.00345184673800483 0.00274717727534958 0 0.0085510282611484 0 0.0169664065151001
"гонит" 0 0.00646746863277713 0 0.0138073869520193 0.00274717727534958 0.00522657189149637 0.0085510282611484 0.0105474106106951 0.00424160162877503
"гордо" 0 0 0.0107232856147123 0.00690369347600967 0.00549435455069916 0.0104531437829927 0.0042755141305742 0.00527370530534754 0.00848320325755005
"готова" 0.0179195412597438 0 0 0.0138073869520193 0.00549435455069916 0.00522657189149637 0.0042755141305742 0 0.00848320325755005
"граф" 0.00895977062987188 0.00646746863277713 0.00536164280735617 0.00690369347600967 0.019230240927447 0 0 0 0
"грозит" 0.0268793118896156 0 0 0.00345184673800483 0.0137358863767479 0.00522657189149637 0.0042755141305742 0.00527370530534754 0
"грустный" 0 0 0.00536164280735617 0.020711080428029 0.00274717727534958 0 0.0128265423917226 0.00527370530534754 0
"давай" 0 0 0.00536164280735617 0.00345184673800483 0.0247245954781462 0 0.0042755141305742 0 0
"давал" 0.00895977062987188 0 0.0160849284220685 0.00345184673800483 0.0109887091013983 0 0.0085510282611484 0 0.00424160162877503
"девица" 0.00895977062987188 0.0258698745311085 0.0160849284220685 0 0.00274717727534958 0.0104531437829927 0.0042755141305742 0 0
"демон" 0 0.00646746863277713 0.0107232856147123 0.00690369347600967 0.00274717727534958 0.00522657189149637 0.0128265423917226 0.00527370530534754 0.00424160162877503
"детских" 0 0 0 0.0103555402140145 0.00824153182604873 0.00522657189149637 0.0128265423917226 0.00527370530534754 0.00424160162877503
"добродетель" 0.00895977062987188 0 0.0160849284220685 0.0103555402140145 0.00549435455069916 0 0.0085510282611484 0 0.00424160162877503
"доме" 0 0.0129349372655543 0.0214465712294247 0 0.00824153182604873 0 0.0042755141305742 0 0.00848320325755005
"дорогой" 0.0268793118896156 0.00646746863277713 0.0214465712294247 0.00690369347600967 0.00274717727534958 0 0 0.00527370530534754 0
"дрожит" 0.00895977062987188 0.0194024058983314 0.00536164280735617 0.00345184673800483 0.00274717727534958 0.00522657189149637 0.0042755141305742 0.0105474106106951 0.00424160162877503
"другого" 0.0268793118896156 0.0129349372655543 0.00536164280735617 0 0.00549435455069916 0 0.0128265423917226 0.00527370530534754 0
"дуб" 0 0 0.0107232856147123 0.0103555402140145 0.00549435455069916 0 0 0 0.0212080081438751
"думали" 0 0 0.00536164280735617 0 0.0274717727534958 0 0 0.00527370530534754 0
"думать" 0.0179195412597438 0.00646746863277713 0.0107232856147123 0.00345184673800483 0.0137358863767479 0 0.0042755141305742 0 0
"е" 0 0.00646746863277713 0.0107232856147123 0.00345184673800483 0.00274717727534958 0.0156797156744891 0.0085510282611484 0.0105474106106951 0
"ермил" 0 0 0 0 0.0329661273041949 0 0 0 0
"забуду" 0 0 0 0.0103555402140145 0 0.0209062875659855 0.0042755141305742 0.0158211159160426 0.00424160162877503
"забыт" 0 0.0129349372655543 0 0.00345184673800483 0 0.00522657189149637 0.021377570652871 0 0.0127248048863251
"задумчивый" 0 0 0 0.0138073869520193 0 0.00522657189149637 0.0085510282611484 0.00527370530534754 0.0169664065151001
"зари" 0 0.0129349372655543 0.0107232856147123 0.00690369347600967 0 0.00522657189149637 0.0085510282611484 0.00527370530534754 0.00848320325755005
"здорово" 0 0 0 0.0345184673800483 0.00274717727534958 0 0.0042755141305742 0 0
"златые" 0 0.00646746863277713 0 0.0172592336900242 0 0.00522657189149637 0 0.0105474106106951 0.0127248048863251
"знаете" 0 0 0 0.00345184673800483 0.0109887091013983 0.0156797156744891 0.0128265423917226 0.00527370530534754 0
"зову" 0 0 0 0.0241629271660338 0.00274717727534958 0.00522657189149637 0.0085510282611484 0 0.00424160162877503
"зол" 0 0 0.00536164280735617 0.00345184673800483 0.00824153182604873 0.0104531437829927 0.0171020565222968 0 0.00424160162877503
"играть" 0.00895977062987188 0.00646746863277713 0 0.00690369347600967 0.00549435455069916 0.00522657189149637 0.0085510282611484 0 0.0127248048863251
"игрой" 0.0268793118896156 0.0129349372655543 0 0.00345184673800483 0 0.0104531437829927 0.0128265423917226 0.00527370530534754 0
"исчезли" 0 0.00646746863277713 0.00536164280735617 0.0103555402140145 0.00274717727534958 0.00522657189149637 0.0085510282611484 0.0105474106106951 0.00424160162877503
"корабль" 0 0 0.00536164280735617 0.00345184673800483 0.00274717727534958 0.0156797156744891 0.0042755141305742 0.0210948212213901 0.00424160162877503
"крат" 0 0 0 0.0103555402140145 0.00274717727534958 0.0209062875659855 0.0085510282611484 0.00527370530534754 0.00424160162877503
"лип" 0 0.00646746863277713 0 0.00345184673800483 0 0.0156797156744891 0.0128265423917226 0.0158211159160426 0.00424160162877503
"лирой" 0 0 0 0.00690369347600967 0.00549435455069916 0 0.0042755141305742 0.0210948212213901 0.0127248048863251
"листы" 0.00895977062987188 0.00646746863277713 0 0.00345184673800483 0 0.00522657189149637 0.0085510282611484 0.0158211159160426 0.0127248048863251
"лице" 0.0179195412597438 0.0129349372655543 0 0 0.00824153182604873 0 0.0128265423917226 0.00527370530534754 0.00424160162877503
"лоб" 0 0.0258698745311085 0.0214465712294247 0 0.00274717727534958 0.00522657189149637 0.0042755141305742 0 0.00424160162877503
"лукавый" 0 0.0194024058983314 0 0.020711080428029 0 0 0.0042755141305742 0.00527370530534754 0.00424160162877503
"льётся" 0 0.0129349372655543 0.0107232856147123 0.00345184673800483 0.00274717727534958 0.0104531437829927 0 0.0105474106106951 0.00848320325755005
"малого" 0.00895977062987188 0 0 0 0.0274717727534958 0 0.0042755141305742 0 0
"марью" 0 0 0.0643397136882741 0 0 0 0 0 0
"мгла" 0.00895977062987188 0.00646746863277713 0 0.0138073869520193 0.00274717727534958 0 0 0.0263685265267377 0
"мечту" 0 0.0129349372655543 0 0.0172592336900242 0.00274717727534958 0.00522657189149637 0 0 0.0127248048863251
"минутный" 0 0.00646746863277713 0 0.00690369347600967 0 0.0209062875659855 0 0.0105474106106951 0.0127248048863251
"мирные" 0.00895977062987188 0.00646746863277713 0 0.0103555402140145 0 0.00522657189149637 0 0.0316422318320852 0
"мнил" 0 0.0258698745311085 0 0.00345184673800483 0.00549435455069916 0.0156797156744891 0 0.00527370530534754 0.00424160162877503
"многие" 0.00895977062987188 0.00646746863277713 0 0 0.00824153182604873 0.00522657189149637 0.0171020565222968 0.00527370530534754 0.00424160162877503
"могил" 0.00895977062987188 0.00646746863277713 0 0.0103555402140145 0 0.00522657189149637 0.0256530847834452 0 0
"могли" 0.00895977062987188 0 0.00536164280735617 0.00690369347600967 0.00549435455069916 0.00522657189149637 0.0085510282611484 0.00527370530534754 0.00848320325755005
"моему" 0 0 0.00536164280735617 0.0103555402140145 0.00549435455069916 0.00522657189149637 0.0085510282611484 0.0105474106106951 0.00424160162877503
"молчаньи" 0 0.0129349372655543 0 0.0138073869520193 0 0.00522657189149637 0.0042755141305742 0.0210948212213901 0
"молчат" 0.00895977062987188 0.00646746863277713 0 0.00690369347600967 0.0109887091013983 0.0156797156744891 0 0 0.00424160162877503
"молчу" 0 0 0.0107232856147123 0.00345184673800483 0.0137358863767479 0.00522657189149637 0.0042755141305742 0.0105474106106951 0
"мороз" 0.0447988531493594 0 0 0.00690369347600967 0.00824153182604873 0.0104531437829927 0 0 0
"моря" 0 0.00646746863277713 0.0107232856147123 0.00690369347600967 0.0109887091013983 0.0104531437829927 0 0.00527370530534754 0
"москве" 0.0179195412597438 0.0129349372655543 0 0 0.0109887091013983 0.00522657189149637 0 0 0.0127248048863251
"музу" 0.0179195412597438 0 0 0.0103555402140145 0.00824153182604873 0.00522657189149637 0.0042755141305742 0.0105474106106951 0
"мыслей" 0 0 0 0.0103555402140145 0.00549435455069916 0 0.0128265423917226 0.0210948212213901 0
"настанет" 0 0.0129349372655543 0.00536164280735617 0.00345184673800483 0.00274717727534958 0 0.0171020565222968 0.0105474106106951 0.00424160162877503
"некий" 0 0.00646746863277713 0.0107232856147123 0.00345184673800483 0.00274717727534958 0 0.0085510282611484 0.0158211159160426 0.00848320325755005
"несут" 0 0 0.0160849284220685 0.00690369347600967 0.00824153182604873 0.00522657189149637 0 0.00527370530534754 0.00848320325755005
"обед" 0.0179195412597438 0.00646746863277713 0 0 0.00549435455069916 0.00522657189149637 0.021377570652871 0 0.00424160162877503
"обет" 0 0.0194024058983314 0.0160849284220685 0.00345184673800483 0.00274717727534958 0.00522657189149637 0 0.00527370530534754 0.00848320325755005
"обиды" 0 0.0194024058983314 0 0.0172592336900242 0.00274717727534958 0 0 0.0158211159160426 0
"огнь" 0.00895977062987188 0.0258698745311085 0 0.00345184673800483 0 0.0104531437829927 0 0.00527370530534754 0.0127248048863251
"окрест" 0 0.00646746863277713 0 0.00345184673800483 0 0.00522657189149637 0 0.0105474106106951 0.0296912114014252
"осени" 0 0 0 0.00345184673800483 0.0137358863767479 0.00522657189149637 0.0128265423917226 0.0105474106106951 0
"отвечать" 0.0179195412597438 0 0.00536164280735617 0.00345184673800483 0.00274717727534958 0.00522657189149637 0.0085510282611484 0.0105474106106951 0.00848320325755005
"отрада" 0 0 0.00536164280735617 0.0138073869520193 0.00274717727534958 0.0156797156744891 0 0.0105474106106951 0.00424160162877503
"певцы" 0 0 0.00536164280735617 0.0103555402140145 0 0.0209062875659855 0.0085510282611484 0.0105474106106951 0
"пером" 0.00895977062987188 0.00646746863277713 0.00536164280735617 0.00345184673800483 0.00824153182604873 0 0 0.0105474106106951 0.0127248048863251
"пиши" 0 0 0 0.00690369347600967 0.0109887091013983 0 0 0 0.0254496097726502
"плакать" 0 0.00646746863277713 0.0214465712294247 0 0.00549435455069916 0.00522657189149637 0.0042755141305742 0 0.0127248048863251
"плен" 0 0.00646746863277713 0.00536164280735617 0.0276147739040387 0 0 0.0042755141305742 0.00527370530534754 0
"подумал" 0.00895977062987188 0 0.0482547852662056 0.00345184673800483 0.00274717727534958 0 0 0 0
"подчас" 0.0268793118896156 0.0129349372655543 0.00536164280735617 0.00690369347600967 0 0 0.0042755141305742 0 0.0127248048863251
"пожар" 0.0447988531493594 0.0129349372655543 0.00536164280735617 0 0.00274717727534958 0 0.0042755141305742 0.00527370530534754 0.00424160162877503
"пойдём" 0 0 0.0107232856147123 0.0103555402140145 0.0137358863767479 0 0.0085510282611484 0 0
"пойдёт" 0.00895977062987188 0.00646746863277713 0.0160849284220685 0.00345184673800483 0.00824153182604873 0.00522657189149637 0.0042755141305742 0 0.00424160162877503
"понял" 0.0179195412597438 0 0.00536164280735617 0.00690369347600967 0.00549435455069916 0 0.0128265423917226 0.00527370530534754 0.00424160162877503
"последнее" 0.00895977062987188 0 0.00536164280735617 0.00345184673800483 0 0.0209062875659855 0.0128265423917226 0.00527370530534754 0.00424160162877503
"поэты" 0 0 0 0.0310666206420435 0 0.0104531437829927 0 0 0.00424160162877503
"предмет" 0.0268793118896156 0 0.00536164280735617 0.00345184673800483 0.00274717727534958 0.00522657189149637 0.0085510282611484 0.0158211159160426 0
"прекрасна" 0 0.0129349372655543 0.00536164280735617 0.00690369347600967 0 0.00522657189149637 0.0171020565222968 0.00527370530534754 0.00424160162877503
"прекрасное" 0.00895977062987188 0 0 0.00345184673800483 0 0.0261328594574818 0.0042755141305742 0.00527370530534754 0.0127248048863251
"природе" 0.00895977062987188 0.0323373431638857 0.0107232856147123 0.00690369347600967 0.00274717727534958 0 0 0.00527370530534754 0
"притом" 0.0179195412597438 0 0.0214465712294247 0 0.00549435455069916 0 0.0128265423917226 0 0.00424160162877503
"провёл" 0 0 0.00536164280735617 0.00690369347600967 0 0.0156797156744891 0.0042755141305742 0.0105474106106951 0.0127248048863251
"пропали" 0.0268793118896156 0 0.00536164280735617 0 0.0219774182027966 0 0 0 0
"прямой" 0 0.00646746863277713 0 0.0172592336900242 0.00274717727534958 0.00522657189149637 0.0042755141305742 0.0158211159160426 0
"пустынных" 0 0 0 0.00690369347600967 0.00549435455069916 0.00522657189149637 0.0042755141305742 0.0316422318320852 0
"пылает" 0 0 0 0.00690369347600967 0 0.0104531437829927 0 0.0105474106106951 0.0254496097726502
"радостно" 0 0.00646746863277713 0.0160849284220685 0.00690369347600967 0.00549435455069916 0.0104531437829927 0 0.0105474106106951 0
"разве" 0.00895977062987188 0 0.0107232856147123 0.00345184673800483 0.00824153182604873 0.00522657189149637 0.0128265423917226 0 0.00424160162877503
"ран" 0 0.00646746863277713 0 0.00345184673800483 0.00274717727534958 0.0104531437829927 0.0128265423917226 0.0105474106106951 0.00848320325755005
"ревёт" 0.0179195412597438 0.00646746863277713 0.0160849284220685 0.0103555402140145 0.00824153182604873 0 0 0 0
"родина" 0 0 0.00536164280735617 0 0.00274717727534958 0.00522657189149637 0.021377570652871 0 0.0169664065151001
"светило" 0 0.0129349372655543 0 0.00690369347600967 0.00274717727534958 0.00522657189149637 0.0042755141305742 0.0105474106106951 0.0127248048863251
"светит" 0 0.0388048117966628 0.00536164280735617 0.00690369347600967 0 0.0104531437829927 0 0 0.00424160162877503
"свободный" 0 0 0 0.0138073869520193 0 0 0.0042755141305742 0.0263685265267377 0.00848320325755005
"сестра" 0.00895977062987188 0 0.0107232856147123 0.00690369347600967 0.00824153182604873 0 0.0085510282611484 0.00527370530534754 0.00424160162877503
"сети" 0.0179195412597438 0.0129349372655543 0 0 0.00549435455069916 0 0.0042755141305742 0.0105474106106951 0.0127248048863251
"сидела" 0 0 0 0.0103555402140145 0.00549435455069916 0.0104531437829927 0.021377570652871 0 0
"скажешь" 0.00895977062987188 0.00646746863277713 0.0107232856147123 0.00345184673800483 0 0.0261328594574818 0 0.00527370530534754 0.00424160162877503
"склонясь" 0 0.0129349372655543 0 0.0172592336900242 0 0.00522657189149637 0 0.0158211159160426 0.00424160162877503
"скорбь" 0.0179195412597438 0.0129349372655543 0.00536164280735617 0.00690369347600967 0.00274717727534958 0 0.0042755141305742 0.0105474106106951 0.00424160162877503
"словом" 0.00895977062987188 0.00646746863277713 0 0 0.0109887091013983 0.00522657189149637 0.0042755141305742 0.00527370530534754 0.0127248048863251
"служить" 0 0 0 0.00690369347600967 0.00824153182604873 0 0.0128265423917226 0.00527370530534754 0.0127248048863251
"смелый" 0 0.00646746863277713 0.00536164280735617 0.0103555402140145 0.00824153182604873 0 0.0042755141305742 0.0158211159160426 0
"смешно" 0 0 0.00536164280735617 0.0103555402140145 0.00274717727534958 0 0.0042755141305742 0.0105474106106951 0.0169664065151001
"соловей" 0.00895977062987188 0.0258698745311085 0.00536164280735617 0.00345184673800483 0.00274717727534958 0 0.0042755141305742 0.00527370530534754 0.00848320325755005
"спеши" 0.00895977062987188 0 0.00536164280735617 0.0103555402140145 0 0.0156797156744891 0 0 0.0169664065151001
"спокоен" 0.00895977062987188 0.0129349372655543 0 0.00690369347600967 0 0.00522657189149637 0.0085510282611484 0.0158211159160426 0.00424160162877503
"старые" 0 0 0 0.00345184673800483 0.019230240927447 0.00522657189149637 0 0.00527370530534754 0.00848320325755005
"стонет" 0 0.0129349372655543 0.0107232856147123 0.00690369347600967 0.00824153182604873 0 0.0042755141305742 0.00527370530534754 0.00424160162877503
"стою" 0.0358390825194875 0.00646746863277713 0 0.00345184673800483 0.00824153182604873 0.00522657189149637 0.0042755141305742 0.00527370530534754 0
"стояла" 0 0 0.00536164280735617 0 0.0109887091013983 0.0104531437829927 0.0085510282611484 0.00527370530534754 0.00848320325755005
"стук" 0.0537586237792313 0.00646746863277713 0 0.0103555402140145 0 0 0 0.0105474106106951 0
"суждено" 0 0.0194024058983314 0 0.00690369347600967 0.00549435455069916 0.00522657189149637 0.0042755141305742 0.00527370530534754 0.00848320325755005
"счастливой" 0.00895977062987188 0.00646746863277713 0 0.020711080428029 0.00274717727534958 0.0104531437829927 0 0.00527370530534754 0
"твоём" 0.0179195412597438 0.00646746863277713 0 0.0103555402140145 0.00549435455069916 0.0104531437829927 0.0085510282611484 0 0
"тенью" 0 0.0129349372655543 0 0.0138073869520193 0 0.00522657189149637 0 0.0158211159160426 0.00848320325755005
"тих" 0.00895977062987188 0.0194024058983314 0.00536164280735617 0.00690369347600967 0.00549435455069916 0.00522657189149637 0 0.00527370530534754 0.00424160162877503
"толпы" 0 0 0 0 0 0.0104531437829927 0.0171020565222968 0.0210948212213901 0.00848320325755005
"тревожит" 0 0.00646746863277713 0.00536164280735617 0.0103555402140145 0 0.0156797156744891 0.0085510282611484 0.00527370530534754 0.00424160162877503
"тяжёлый" 0.00895977062987188 0.0129349372655543 0 0 0.00274717727534958 0 0.0171020565222968 0.0158211159160426 0.00424160162877503
"убогой" 0.00895977062987188 0.00646746863277713 0 0.0103555402140145 0.00824153182604873 0.00522657189149637 0 0.0105474106106951 0.00424160162877503
"угас" 0 0 0 0.0138073869520193 0.00274717727534958 0.0156797156744891 0.0128265423917226 0 0.00424160162877503
"украдкой" 0.0179195412597438 0.0129349372655543 0 0.0172592336900242 0.00274717727534958 0.00522657189149637 0.0042755141305742 0 0
"умирать" 0.0179195412597438 0 0.00536164280735617 0 0.00824153182604873 0.0156797156744891 0.0042755141305742 0 0.00848320325755005
"устам" 0 0.0258698745311085 0 0.00345184673800483 0 0.0156797156744891 0.0128265423917226 0.00527370530534754 0
"хозяин" 0 0.0258698745311085 0 0 0.00549435455069916 0 0.0085510282611484 0 0.0169664065151001
"холод" 0 0.0258698745311085 0.00536164280735617 0.00690369347600967 0.00274717727534958 0.00522657189149637 0.0042755141305742 0.00527370530534754 0.00424160162877503
"хотите" 0.0268793118896156 0 0 0.00690369347600967 0.00549435455069916 0.0104531437829927 0.0042755141305742 0 0.00848320325755005
"цветок" 0 0.0258698745311085 0 0.00690369347600967 0 0.00522657189149637 0.0085510282611484 0.00527370530534754 0.00848320325755005
"чаши" 0 0.0129349372655543 0.00536164280735617 0.0172592336900242 0 0.00522657189149637 0 0 0.0127248048863251
"чаще" 0 0.0129349372655543 0.00536164280735617 0.00345184673800483 0.00824153182604873 0.00522657189149637 0 0.00527370530534754 0.0127248048863251
"чела" 0 0.00646746863277713 0 0 0 0.0209062875659855 0.0171020565222968 0.00527370530534754 0.00848320325755005
"чередой" 0 0.0129349372655543 0.0160849284220685 0.00690369347600967 0 0.00522657189149637 0.0085510282611484 0 0.00848320325755005
"шалашников" 0 0 0 0 0.0329661273041949 0 0 0 0
"шепчет" 0.00895977062987188 0.0129349372655543 0.0160849284220685 0.00345184673800483 0.00274717727534958 0.00522657189149637 0 0.00527370530534754 0.00848320325755005
"этого" 0.00895977062987188 0 0.00536164280735617 0.0103555402140145 0.0109887091013983 0 0.0042755141305742 0.0105474106106951 0
"юношей" 0 0 0 0.00345184673800483 0.00824153182604873 0.0104531437829927 0.0085510282611484 0.0105474106106951 0.00848320325755005
"являлся" 0 0 0 0.00345184673800483 0.0137358863767479 0 0.0128265423917226 0.0105474106106951 0.00424160162877503
"яга" 0 0 0.0643397136882741 0 0 0 0 0 0
"ямщик" 0.0179195412597438 0.00646746863277713 0.00536164280735617 0.00345184673800483 0.019230240927447 0 0 0 0
"ада" 0.00895977062987188 0.00646746863277713 0 0.00690369347600967 0.00274717727534958 0.0156797156744891 0.0085510282611484 0 0.00424160162877503
"алтарь" 0 0 0 0 0.00549435455069916 0.00522657189149637 0 0.0210948212213901 0.0169664065151001
"баба" 0 0 0.0268082140367809 0 0.0164830636520975 0 0 0 0
"беги" 0 0 0 0.00690369347600967 0.00274717727534958 0.0313594313489782 0.0042755141305742 0 0.00424160162877503
"бедная" 0.00895977062987188 0 0 0.0103555402140145 0.0137358863767479 0 0.0042755141305742 0.00527370530534754 0
"бес" 0 0.0194024058983314 0 0.00345184673800483 0.00549435455069916 0.0156797156744891 0.0042755141305742 0 0.00424160162877503
"благ" 0 0 0 0.00345184673800483 0 0.0104531437829927 0 0.0158211159160426 0.0212080081438751
"бледна" 0.00895977062987188 0 0.0107232856147123 0.00345184673800483 0.00549435455069916 0.0104531437829927 0.0085510282611484 0.00527370530534754 0
"блестит" 0 0 0 0.0103555402140145 0 0.0104531437829927 0.0128265423917226 0.00527370530534754 0.00848320325755005
"близко" 0 0.00646746863277713 0.0214465712294247 0 0.00549435455069916 0.00522657189149637 0.0042755141305742 0.0105474106106951 0
"борьбе" 0.00895977062987188 0 0 0 0.0137358863767479 0 0.0085510282611484 0 0.0127248048863251
"бранной" 0 0.0129349372655543 0.00536164280735617 0.0103555402140145 0 0.00522657189149637 0.0042755141305742 0.0158211159160426 0
"братья" 0 0.00646746863277713 0.0107232856147123 0.0138073869520193 0 0 0 0.00527370530534754 0.0127248048863251
"бродит" 0 0.00646746863277713 0 0.00345184673800483 0.00549435455069916 0.0104531437829927 0 0.0210948212213901 0.00424160162877503
"бросил" 0.00895977062987188 0.0129349372655543 0 0.00345184673800483 0.00274717727534958 0 0.0171020565222968 0.00527370530534754 0.00424160162877503
"будем" 0.00895977062987188 0 0.0107232856147123 0.00345184673800483 0.0109887091013983 0.00522657189149637 0.0042755141305742 0.00527370530534754 0
"важный" 0 0.00646746863277713 0.0160849284220685 0.00345184673800483 0.00549435455069916 0.00522657189149637 0 0.0105474106106951 0.00424160162877503
"ваше" 0.00895977062987188 0 0.00536164280735617 0.0138073869520193 0.00274717727534958 0.00522657189149637 0.0042755141305742 0.00527370530534754 0.00424160162877503
"ввек" 0 0.0194024058983314 0 0.00690369347600967 0 0.0209062875659855 0 0.0105474106106951 0
"великих" 0.00895977062987188 0 0 0.00345184673800483 0.0109887091013983 0.0156797156744891 0 0.00527370530534754 0.00424160162877503
"вера" 0.00895977062987188 0.00646746863277713 0.00536164280735617 0.00345184673800483 0 0 0.0042755141305742 0.0210948212213901 0.00848320325755005
"веру" 0.0179195412597438 0 0 0.00345184673800483 0.00274717727534958 0.0104531437829927 0.0042755141305742 0.0105474106106951 0.00848320325755005
"вечернею" 0 0 0 0.0138073869520193 0 0.0156797156744891 0.0042755141305742 0 0.0127248048863251
"взгляни" 0.0179195412597438 0 0 0.00345184673800483 0 0.0156797156744891 0.0085510282611484 0.0105474106106951 0.00424160162877503
"вздох" 0 0.00646746863277713 0 0.00345184673800483 0.00824153182604873 0.0104531437829927 0.0042755141305742 0 0.0127248048863251
"вихорь" 0 0.00646746863277713 0 0.0138073869520193 0.00274717727534958 0 0.0042755141305742 0.00527370530534754 0.0127248048863251
"внимаю" 0 0 0 0.0103555402140145 0 0.00522657189149637 0.0042755141305742 0 0.0254496097726502
"возьми" 0 0.00646746863277713 0.00536164280735617 0.0138073869520193 0.00274717727534958 0 0.0042755141305742 0.00527370530534754 0.00848320325755005
"воскликнул" 0.00895977062987188 0 0.0107232856147123 0.00690369347600967 0.00549435455069916 0.00522657189149637 0.0042755141305742 0 0.00848320325755005
"временем" 0.00895977062987188 0 0 0 0.0164830636520975 0 0.0085510282611484 0 0.00848320325755005
"встарь" 0 0 0.0214465712294247 0 0 0.0313594313489782 0 0 0.00424160162877503
"встречал" 0 0 0 0.0103555402140145 0 0.0156797156744891 0.0085510282611484 0.00527370530534754 0.00848320325755005
"гибель" 0 0.00646746863277713 0.00536164280735617 0.0103555402140145 0 0 0.0171020565222968 0.0105474106106951 0
"глупцов" 0 0 0.00536164280735617 0.0103555402140145 0.00274717727534958 0.00522657189149637 0.0085510282611484 0.00527370530534754 0.00848320325755005
"гордись" 0.00895977062987188 0 0 0.00690369347600967 0.0109887091013983 0 0.0042755141305742 0.0158211159160426 0
"городе" 0.00895977062987188 0 0.00536164280735617 0 0.0137358863767479 0 0 0 0.0169664065151001
"государь" 0.0179195412597438 0.00646746863277713 0.0160849284220685 0.00345184673800483 0.00274717727534958 0.0104531437829927 0 0.00527370530534754 0
"готовы" 0.00895977062987188 0 0.00536164280735617 0.0103555402140145 0 0.00522657189149637 0.0085510282611484 0 0.0127248048863251
"граций" 0.00895977062987188 0.00646746863277713 0 0.0241629271660338 0 0 0 0.00527370530534754 0.00424160162877503
"гробе" 0 0.0323373431638857 0 0.00345184673800483 0 0.00522657189149637 0 0.00527370530534754 0.0127248048863251
"громко" 0.00895977062987188 0 0.0107232856147123 0.00345184673800483 0.00824153182604873 0.0104531437829927 0.0042755141305742 0 0.00424160162877503
"гусар" 0 0 0 0.0241629271660338 0 0.00522657189149637 0 0 0.0127248048863251
"далёк" 0 0.00646746863277713 0.00536164280735617 0 0.0109887091013983 0.0104531437829927 0.0085510282611484 0 0.00424160162877503
"дан" 0 0.0129349372655543 0.00536164280735617 0.00690369347600967 0 0.0104531437829927 0.0042755141305742 0.00527370530534754 0.00848320325755005
"девка" 0.00895977062987188 0 0.0268082140367809 0 0.00824153182604873 0 0 0.00527370530534754 0.00424160162877503
"деревни" 0 0.00646746863277713 0.00536164280735617 0 0.019230240927447 0.00522657189149637 0 0 0.00424160162877503
"длань" 0 0 0 0.0103555402140145 0.00274717727534958 0.0104531437829927 0 0.0158211159160426 0.00848320325755005
"добру" 0.00895977062987188 0.00646746863277713 0.00536164280735617 0 0.00549435455069916 0 0.021377570652871 0.00527370530534754 0
"дождь" 0 0.00646746863277713 0 0.00690369347600967 0.00549435455069916 0.00522657189149637 0.0042755141305742 0.0105474106106951 0.00848320325755005
"досадой" 0 0 0 0.0138073869520193 0 0.0104531437829927 0.0042755141305742 0.00527370530534754 0.0127248048863251
"досады" 0.00895977062987188 0 0.0160849284220685 0.0103555402140145 0 0 0.0085510282611484 0 0.00848320325755005
"другое" 0.0179195412597438 0.0129349372655543 0.00536164280735617 0.00690369347600967 0.00274717727534958 0.00522657189149637 0.0085510282611484 0 0
"дружбе" 0 0.00646746863277713 0.00536164280735617 0.00690369347600967 0 0 0 0.0210948212213901 0.0127248048863251
"дружины" 0 0.00646746863277713 0 0 0 0.0156797156744891 0.0042755141305742 0.0316422318320852 0
"жалеть" 0.0358390825194875 0.00646746863277713 0 0.00345184673800483 0.00824153182604873 0 0.0042755141305742 0 0.00424160162877503
"женщины" 0 0 0 0.00345184673800483 0.0137358863767479 0 0.0128265423917226 0 0.00848320325755005
"живёшь" 0 0.0194024058983314 0.0107232856147123 0.0103555402140145 0.00274717727534958 0.00522657189149637 0 0.00527370530534754 0
"живые" 0 0 0.0160849284220685 0.00690369347600967 0.00549435455069916 0 0.0042755141305742 0.00527370530534754 0.00848320325755005
"жила" 0 0.0194024058983314 0 0.00345184673800483 0 0.0104531437829927 0.0128265423917226 0.00527370530534754 0.00424160162877503
"звезд" 0.00895977062987188 0.00646746863277713 0 0.00690369347600967 0.00274717727534958 0.0104531437829927 0.0042755141305742 0 0.0127248048863251
"зеркало" 0 0.0129349372655543 0 0.00345184673800483 0.00824153182604873 0 0.0042755141305742 0.0105474106106951 0.00848320325755005
"злости" 0 0 0.0428931424588494 0.00345184673800483 0 0.00522657189149637 0 0.00527370530534754 0
"именем" 0 0.00646746863277713 0 0 0.00824153182604873 0 0.0042755141305742 0.0158211159160426 0.0127248048863251
"исполнен" 0.00895977062987188 0 0 0.00690369347600967 0 0.00522657189149637 0.0128265423917226 0.0105474106106951 0.00848320325755005
"какого" 0.0179195412597438 0.00646746863277713 0.0107232856147123 0 0.0137358863767479 0 0 0.00527370530534754 0
"капитал" 0.00895977062987188 0 0.032169856844137 0 0.00824153182604873 0 0.0042755141305742 0 0
"картины" 0.00895977062987188 0 0 0.0103555402140145 0 0 0.0042755141305742 0.0210948212213901 0.00848320325755005
"колокольчик" 0 0.0452722804294399 0.00536164280735617 0.00345184673800483 0.00549435455069916 0 0 0 0
"красы" 0 0.00646746863277713 0.00536164280735617 0.0138073869520193 0.00274717727534958 0.0104531437829927 0.0042755141305742 0.00527370530534754 0
"краткий" 0 0.00646746863277713 0 0.00345184673800483 0.00274717727534958 0.00522657189149637 0.0085510282611484 0.0105474106106951 0.0127248048863251
"кричат" 0 0 0 0.0103555402140145 0.0164830636520975 0 0.0042755141305742 0 0.00424160162877503
"кровью" 0 0.00646746863277713 0 0.00345184673800483 0.00824153182604873 0 0.0128265423917226 0.00527370530534754 0.00848320325755005
"кроме" 0 0 0.032169856844137 0 0.00549435455069916 0 0.0085510282611484 0.00527370530534754 0
"крылья" 0.0268793118896156 0.0129349372655543 0 0.00690369347600967 0.00549435455069916 0.00522657189149637 0 0.00527370530534754 0
"ланит" 0.00895977062987188 0.00646746863277713 0 0.0103555402140145 0 0 0.0128265423917226 0 0.0127248048863251
"лед" 0 0.00646746863277713 0 0 0.00549435455069916 0.0156797156744891 0.0042755141305742 0.0105474106106951 0.00848320325755005
"ленивый" 0.00895977062987188 0 0 0.0241629271660338 0.00274717727534958 0 0.0042755141305742 0 0.00424160162877503
"летел" 0 0.0129349372655543 0 0.00690369347600967 0 0.0104531437829927 0.0128265423917226 0.0105474106106951 0
"луг" 0 0.00646746863277713 0.00536164280735617 0.0103555402140145 0.00824153182604873 0 0 0.00527370530534754 0.00848320325755005
"лугов" 0.0179195412597438 0 0.00536164280735617 0 0.0109887091013983 0.00522657189149637 0 0.00527370530534754 0.00848320325755005
"любили" 0 0.00646746863277713 0.00536164280735617 0.0103555402140145 0.00549435455069916 0.00522657189149637 0.0085510282611484 0 0.00424160162877503
"малые" 0 0 0 0 0.0274717727534958 0 0 0.00527370530534754 0
"мгновенно" 0 0.0129349372655543 0 0.00345184673800483 0.00549435455069916 0.00522657189149637 0.0128265423917226 0.0105474106106951 0
"мгновенья" 0 0.0129349372655543 0.00536164280735617 0.00345184673800483 0 0.0104531437829927 0.0042755141305742 0 0.0169664065151001
"месяца" 0 0.0129349372655543 0.0160849284220685 0 0.0137358863767479 0 0 0 0.00424160162877503
"мечом" 0.0179195412597438 0 0.0160849284220685 0.00690369347600967 0.00549435455069916 0.00522657189149637 0 0 0.00424160162877503
"мечтами" 0 0 0 0.00345184673800483 0 0.0261328594574818 0.0128265423917226 0 0.00848320325755005
"милого" 0 0.00646746863277713 0 0.0103555402140145 0.00274717727534958 0.0209062875659855 0 0.00527370530534754 0.00424160162877503
"мирных" 0 0.00646746863277713 0 0 0.00274717727534958 0.0104531437829927 0.0085510282611484 0.0158211159160426 0.00848320325755005
"миром" 0 0.00646746863277713 0 0 0.00274717727534958 0.0104531437829927 0.0042755141305742 0.0158211159160426 0.0127248048863251
"младости" 0 0 0 0.00690369347600967 0.0109887091013983 0.00522657189149637 0 0.0210948212213901 0
"могут" 0.00895977062987188 0 0.00536164280735617 0.00690369347600967 0.00274717727534958 0.0104531437829927 0.0085510282611484 0.00527370530534754 0.00424160162877503
"молва" 0.00895977062987188 0 0.00536164280735617 0.00690369347600967 0.00824153182604873 0.0104531437829927 0.0042755141305742 0.00527370530534754 0
"мольбы" 0 0.0129349372655543 0 0 0 0 0.0128265423917226 0.0158211159160426 0.0127248048863251
"морей" 0 0 0 0.00690369347600967 0.00274717727534958 0.00522657189149637 0.0085510282611484 0.0210948212213901 0.00424160162877503
"мост" 0 0.0129349372655543 0 0.00345184673800483 0.0137358863767479 0.00522657189149637 0.0042755141305742 0.00527370530534754 0
"мщенья" 0 0.00646746863277713 0 0.00345184673800483 0.00274717727534958 0 0.0042755141305742 0.0316422318320852 0.00424160162877503
"надеждою" 0 0 0.0107232856147123 0.00345184673800483 0.00274717727534958 0.0104531437829927 0.0042755141305742 0.00527370530534754 0.0127248048863251
"надменный" 0 0 0 0.0138073869520193 0 0.00522657189149637 0.0042755141305742 0 0.0212080081438751
"наполеон" 0 0.00646746863277713 0 0.0103555402140145 0.00824153182604873 0.0104531437829927 0.0085510282611484 0 0
"неге" 0 0.0129349372655543 0.00536164280735617 0.0103555402140145 0 0.00522657189149637 0 0.0158211159160426 0.00424160162877503
"нежных" 0 0.0129349372655543 0 0.0172592336900242 0.00274717727534958 0.00522657189149637 0 0.00527370530534754 0.00424160162877503
"немец" 0 0.00646746863277713 0.0107232856147123 0 0.0164830636520975 0 0.0042755141305742 0 0.00424160162877503
"несёт" 0 0.00646746863277713 0.0107232856147123 0.00345184673800483 0 0.00522657189149637 0.0128265423917226 0.0158211159160426 0
"нивы" 0.00895977062987188 0.0129349372655543 0.00536164280735617 0 0 0.00522657189149637 0.0085510282611484 0.0105474106106951 0.00848320325755005
"новая" 0 0.00646746863277713 0 0 0.00549435455069916 0.00522657189149637 0.0042755141305742 0 0.0254496097726502
"ногам" 0 0.00646746863277713 0.00536164280735617 0.00690369347600967 0.00549435455069916 0.0104531437829927 0.0042755141305742 0 0.00848320325755005
"нрав" 0 0.00646746863277713 0.0107232856147123 0.0103555402140145 0.00274717727534958 0.0156797156744891 0.0042755141305742 0 0
"одних" 0 0 0.00536164280735617 0 0.00274717727534958 0.0261328594574818 0.0085510282611484 0 0.00848320325755005
"оковы" 0.0179195412597438 0.00646746863277713 0 0.0103555402140145 0.00274717727534958 0 0.0042755141305742 0 0.0127248048863251
"орлов" 0.00895977062987188 0.00646746863277713 0.00536164280735617 0.0138073869520193 0.00274717727534958 0.00522657189149637 0 0.0105474106106951 0
"остались" 0 0 0.0107232856147123 0.00690369347600967 0.00549435455069916 0 0.0171020565222968 0.00527370530534754 0
"открыл" 0.00895977062987188 0 0.0107232856147123 0.00345184673800483 0.00549435455069916 0.0156797156744891 0 0.00527370530534754 0.00424160162877503
"оттуда" 0 0.0129349372655543 0.00536164280735617 0 0.0109887091013983 0.0104531437829927 0.0085510282611484 0 0
"охоты" 0 0.00646746863277713 0.0107232856147123 0.0103555402140145 0.00274717727534958 0.00522657189149637 0.0128265423917226 0 0
"парус" 0 0.0194024058983314 0.00536164280735617 0.0138073869520193 0 0 0.0042755141305742 0.0105474106106951 0
"песенку" 0 0.00646746863277713 0.0160849284220685 0 0.0164830636520975 0 0 0 0.00424160162877503
"петербург" 0.0358390825194875 0 0.00536164280735617 0 0.00549435455069916 0 0.0128265423917226 0 0.00424160162877503
"печален" 0 0 0 0.00345184673800483 0 0.0313594313489782 0.0128265423917226 0.00527370530534754 0
"писатель" 0 0 0.0107232856147123 0.0172592336900242 0.00824153182604873 0.00522657189149637 0 0 0
"пишет" 0.0179195412597438 0 0 0.00690369347600967 0.00824153182604873 0.00522657189149637 0 0 0.0127248048863251
"пламенной" 0 0.0129349372655543 0 0.0103555402140145 0.00274717727534958 0.00522657189149637 0 0.0158211159160426 0.00424160162877503
"поймёт" 0.0179195412597438 0 0 0.00690369347600967 0.00824153182604873 0.00522657189149637 0.0085510282611484 0 0.00424160162877503
"поклоном" 0.00895977062987188 0 0.00536164280735617 0.0103555402140145 0.00274717727534958 0 0.0128265423917226 0.00527370530534754 0.00424160162877503
"поп" 0 0.00646746863277713 0.00536164280735617 0.00345184673800483 0.0137358863767479 0.0104531437829927 0.0042755141305742 0 0
"попробуй" 0.00895977062987188 0 0.00536164280735617 0.00345184673800483 0.00824153182604873 0.00522657189149637 0.0085510282611484 0.00527370530534754 0.00424160162877503
"порядки" 0 0 0 0 0.0219774182027966 0 0.0128265423917226 0 0
"посреди" 0.0179195412597438 0.0129349372655543 0 0 0 0 0 0 0.0296912114014252
"поставили" 0 0 0.00536164280735617 0 0.0274717727534958 0 0 0 0
"правды" 0 0 0.00536164280735617 0.00690369347600967 0.00549435455069916 0 0.0085510282611484 0.0158211159160426 0.00424160162877503
"презирать" 0 0 0 0.00690369347600967 0.00549435455069916 0.00522657189149637 0.0171020565222968 0.00527370530534754 0.00424160162877503
"прелесть" 0 0.0258698745311085 0 0.0103555402140145 0 0.0104531437829927 0 0.0105474106106951 0
"привык" 0 0 0 0 0.00274717727534958 0 0.0171020565222968 0.0158211159160426 0.0127248048863251
"приехал" 0.00895977062987188 0.00646746863277713 0 0.00345184673800483 0.0164830636520975 0 0.0042755141305742 0 0.00424160162877503
"признаться" 0 0.00646746863277713 0 0.00345184673800483 0.00824153182604873 0 0.0128265423917226 0.00527370530534754 0.00848320325755005
"пропасти" 0 0 0 0 0.0137358863767479 0 0.0042755141305742 0.00527370530534754 0.0169664065151001
"простор" 0.00895977062987188 0.00646746863277713 0.0107232856147123 0 0.0109887091013983 0 0.0085510282611484 0.00527370530534754 0
"прошла" 0 0.00646746863277713 0.00536164280735617 0.00690369347600967 0.00824153182604873 0.0156797156744891 0 0.00527370530534754 0
"пустынный" 0 0 0 0.020711080428029 0 0 0.0042755141305742 0.0158211159160426 0.00424160162877503
"пьет" 0 0.0129349372655543 0.00536164280735617 0.0103555402140145 0.0137358863767479 0 0 0 0
"пьян" 0 0.0129349372655543 0.0160849284220685 0.00690369347600967 0.00824153182604873 0 0 0 0.00424160162877503
"рассказ" 0.0179195412597438 0.00646746863277713 0.00536164280735617 0 0.00824153182604873 0 0.0042755141305742 0 0.0127248048863251
"робко" 0.00895977062987188 0.0194024058983314 0 0.00690369347600967 0.0109887091013983 0.00522657189149637 0 0 0
"родную" 0.0268793118896156 0.00646746863277713 0 0.00345184673800483 0.00824153182604873 0 0.0085510282611484 0.00527370530534754 0
"роз" 0 0.00646746863277713 0 0.00345184673800483 0 0.0261328594574818 0 0.00527370530534754 0.0127248048863251
"росс" 0.00895977062987188 0 0 0.0172592336900242 0 0.00522657189149637 0 0.00527370530534754 0.0127248048863251
"саду" 0 0.00646746863277713 0 0.00690369347600967 0.0137358863767479 0 0.0042755141305742 0.00527370530534754 0.00424160162877503
"свирели" 0 0.0194024058983314 0 0.0103555402140145 0 0.0104531437829927 0 0.00527370530534754 0.00848320325755005
"свободной" 0 0 0 0.00690369347600967 0.00274717727534958 0.00522657189149637 0.0128265423917226 0.0158211159160426 0.00424160162877503
"святое" 0.00895977062987188 0 0 0.00690369347600967 0.00274717727534958 0 0.0128265423917226 0 0.0169664065151001
"сердец" 0 0.00646746863277713 0.00536164280735617 0.0103555402140145 0 0.0156797156744891 0.0042755141305742 0.00527370530534754 0.00424160162877503
"скачет" 0 0.0194024058983314 0.0214465712294247 0.00345184673800483 0.00549435455069916 0 0.0042755141305742 0 0
"слаб" 0 0.00646746863277713 0.0160849284220685 0.0103555402140145 0.00274717727534958 0.00522657189149637 0 0.00527370530534754 0.00424160162877503
"славою" 0.0179195412597438 0 0 0.00690369347600967 0 0 0.0085510282611484 0.0210948212213901 0.00424160162877503
"сладостной" 0 0 0 0.0138073869520193 0 0.0156797156744891 0 0.0158211159160426 0.00424160162877503
"слезой" 0 0 0 0.00345184673800483 0.00549435455069916 0.00522657189149637 0.0085510282611484 0.00527370530534754 0.0169664065151001
"слепой" 0 0 0.00536164280735617 0.0138073869520193 0.00274717727534958 0.00522657189149637 0 0.0105474106106951 0.00848320325755005
"словам" 0.0179195412597438 0 0 0 0 0.00522657189149637 0.0042755141305742 0 0.0296912114014252
"слушал" 0 0.0194024058983314 0.00536164280735617 0.00690369347600967 0.00549435455069916 0 0.0042755141305742 0 0.00848320325755005
"смел" 0 0 0 0.0103555402140145 0.00274717727534958 0.00522657189149637 0.0128265423917226 0.00527370530534754 0.00848320325755005
"созданье" 0 0 0 0.00690369347600967 0.00274717727534958 0.00522657189149637 0.0085510282611484 0.00527370530534754 0.0169664065151001
"союз" 0 0 0.00536164280735617 0.00690369347600967 0.00274717727534958 0.0156797156744891 0 0.0105474106106951 0.00848320325755005
"спросил" 0.00895977062987188 0 0.00536164280735617 0 0.019230240927447 0.00522657189149637 0 0 0.00424160162877503
"спят" 0 0.0129349372655543 0 0.00690369347600967 0 0.0156797156744891 0 0 0.0169664065151001
"срок" 0 0.00646746863277713 0 0 0.0137358863767479 0 0.0128265423917226 0.00527370530534754 0.00424160162877503
"старая" 0 0.00646746863277713 0.0107232856147123 0.00690369347600967 0.0109887091013983 0 0 0 0.00848320325755005
"статьи" 0.0179195412597438 0 0 0 0.00549435455069916 0.00522657189149637 0.0042755141305742 0 0.0212080081438751
"стене" 0.00895977062987188 0.0194024058983314 0.0107232856147123 0.00345184673800483 0.00274717727534958 0 0.0085510282611484 0 0.00424160162877503
"степей" 0 0.00646746863277713 0.00536164280735617 0.00690369347600967 0.00274717727534958 0 0.0171020565222968 0 0.00848320325755005
"строгой" 0 0.00646746863277713 0 0.0103555402140145 0.00824153182604873 0.0104531437829927 0 0.00527370530534754 0.00424160162877503
"судил" 0.00895977062987188 0.0129349372655543 0 0.00345184673800483 0.00549435455069916 0 0.0042755141305742 0.0105474106106951 0.00848320325755005
"счастью" 0 0.00646746863277713 0.0160849284220685 0.00345184673800483 0.00274717727534958 0.0156797156744891 0.0042755141305742 0.00527370530534754 0
"твоего" 0 0 0.0107232856147123 0.00690369347600967 0.00274717727534958 0.00522657189149637 0.0042755141305742 0.0158211159160426 0.00424160162877503
"тёмные" 0 0 0 0.00345184673800483 0.00824153182604873 0.00522657189149637 0.0042755141305742 0.0158211159160426 0.00848320325755005
"тимофеевна" 0 0 0 0 0.0302189500288454 0 0 0 0
"тихая" 0 0.00646746863277713 0 0.00345184673800483 0.0109887091013983 0 0 0.0105474106106951 0.0127248048863251
"тихим" 0 0 0 0.0172592336900242 0.00824153182604873 0 0.0042755141305742 0 0.00848320325755005
"третий" 0 0.00646746863277713 0.0107232856147123 0.00345184673800483 0.0137358863767479 0 0 0.00527370530534754 0.00424160162877503
"угрюмой" 0.00895977062987188 0 0 0.0103555402140145 0 0.0104531437829927 0.0042755141305742 0.0105474106106951 0.00848320325755005
"уединенья" 0 0 0 0.0172592336900242 0.00274717727534958 0.00522657189149637 0 0.00527370530534754 0.0127248048863251
"улыбку" 0.00895977062987188 0.00646746863277713 0 0.00690369347600967 0 0.0209062875659855 0 0.0158211159160426 0
"умерла" 0.00895977062987188 0 0.00536164280735617 0.0103555402140145 0.00274717727534958 0 0.021377570652871 0 0
"устал" 0.0268793118896156 0 0.0107232856147123 0.00690369347600967 0.00549435455069916 0 0.0085510282611484 0 0
"феба" 0.00895977062987188 0.00646746863277713 0 0.020711080428029 0 0.00522657189149637 0 0.00527370530534754 0.00424160162877503
"хладный" 0 0.0129349372655543 0 0.0138073869520193 0.00274717727534958 0.0104531437829927 0 0.00527370530534754 0.00424160162877503
"холмы" 0 0.00646746863277713 0 0.0138073869520193 0.00274717727534958 0 0 0.0105474106106951 0.0127248048863251
"холодной" 0 0.0129349372655543 0 0.0138073869520193 0 0 0.0042755141305742 0.0105474106106951 0.00848320325755005
"храни" 0 0 0 0.0172592336900242 0 0.00522657189149637 0.0042755141305742 0.0158211159160426 0.00424160162877503
"хранитель" 0 0.0194024058983314 0 0.00690369347600967 0 0.00522657189149637 0 0.0105474106106951 0.0127248048863251
"цари" 0.00895977062987188 0 0 0.0103555402140145 0 0.0104531437829927 0.0042755141305742 0.0210948212213901 0
"цель" 0 0.00646746863277713 0.00536164280735617 0 0.00549435455069916 0.00522657189149637 0 0.0210948212213901 0.00848320325755005
"церковь" 0.00895977062987188 0 0.00536164280735617 0 0.0109887091013983 0.0104531437829927 0 0.0105474106106951 0.00424160162877503
"чаша" 0 0.00646746863277713 0 0.00690369347600967 0 0.0104531437829927 0 0.0105474106106951 0.0169664065151001
"честный" 0 0.00646746863277713 0.0107232856147123 0 0.0109887091013983 0 0.0128265423917226 0 0.00424160162877503
"чудес" 0 0.0129349372655543 0 0.00690369347600967 0.00549435455069916 0 0 0.00527370530534754 0.0169664065151001
"аполлона" 0 0.0129349372655543 0 0.0103555402140145 0 0 0.0042755141305742 0.0158211159160426 0.00424160162877503
"бедных" 0.0179195412597438 0.00646746863277713 0.0107232856147123 0.00345184673800483 0.00274717727534958 0 0.0042755141305742 0.00527370530534754 0.00424160162877503
"беду" 0 0.0129349372655543 0.00536164280735617 0.00345184673800483 0.00549435455069916 0 0.0042755141305742 0.00527370530534754 0.00848320325755005
"безмолвии" 0 0 0 0.00345184673800483 0 0.00522657189149637 0 0.0316422318320852 0.00848320325755005
"безумной" 0.00895977062987188 0.0129349372655543 0 0.0172592336900242 0 0 0 0.0105474106106951 0
"безумный" 0.00895977062987188 0 0 0.0103555402140145 0 0.00522657189149637 0.0128265423917226 0.00527370530534754 0.00424160162877503
"бессмертный" 0 0 0 0.0138073869520193 0 0 0 0.0263685265267377 0.00424160162877503
"бить" 0.00895977062987188 0 0.0107232856147123 0 0.0109887091013983 0 0.0085510282611484 0.00527370530534754 0
"благодать" 0.00895977062987188 0 0.00536164280735617 0.00345184673800483 0.00549435455069916 0.0104531437829927 0 0 0.0127248048863251
"благородной" 0 0.00646746863277713 0.0107232856147123 0.00690369347600967 0.00274717727534958 0.00522657189149637 0.0085510282611484 0.00527370530534754 0
"благословенья" 0 0 0 0.0103555402140145 0 0.00522657189149637 0.0042755141305742 0.0158211159160426 0.00848320325755005
"богиня" 0 0.00646746863277713 0 0.00345184673800483 0 0.00522657189149637 0.0042755141305742 0.0158211159160426 0.0127248048863251
"более" 0 0 0.00536164280735617 0 0 0.00522657189149637 0.0128265423917226 0.0158211159160426 0.00848320325755005
"болен" 0 0 0 0.0103555402140145 0.00274717727534958 0.00522657189149637 0.0085510282611484 0.0105474106106951 0.00424160162877503
"большая" 0.0179195412597438 0 0.00536164280735617 0 0.0109887091013983 0 0.0042755141305742 0 0.00848320325755005
"бородина" 0 0.0388048117966628 0 0.00690369347600967 0 0 0 0.0105474106106951 0
"брегам" 0 0.00646746863277713 0 0.0138073869520193 0 0.0104531437829927 0 0 0.0127248048863251
"ванька" 0 0.0129349372655543 0.0375314996514932 0 0 0 0.0042755141305742 0 0
"ваша" 0.00895977062987188 0 0 0.0138073869520193 0.00274717727534958 0.00522657189149637 0 0 0.0127248048863251
"вдохновений" 0 0 0 0.00690369347600967 0 0.00522657189149637 0.021377570652871 0 0.00848320325755005
"вдохновенье" 0 0 0 0.020711080428029 0 0.0104531437829927 0 0 0.00848320325755005
"верить" 0 0.0194024058983314 0 0.0103555402140145 0.00274717727534958 0 0 0 0.0127248048863251
"веселей" 0.0268793118896156 0.0129349372655543 0.0107232856147123 0 0.00549435455069916 0 0.0042755141305742 0 0
"вечеру" 0 0.00646746863277713 0.00536164280735617 0 0.019230240927447 0 0 0 0.00424160162877503
"взоров" 0.00895977062987188 0.0129349372655543 0.00536164280735617 0.0138073869520193 0 0.0104531437829927 0 0 0
"видать" 0.00895977062987188 0.00646746863277713 0 0 0.00549435455069916 0 0.0128265423917226 0.00527370530534754 0.00848320325755005
"видя" 0 0.00646746863277713 0.00536164280735617 0.00345184673800483 0.00549435455069916 0.0104531437829927 0.0085510282611484 0 0.00424160162877503
"водку" 0.00895977062987188 0 0.0107232856147123 0 0.0164830636520975 0 0.0042755141305742 0 0
"волости" 0 0 0 0 0.0274717727534958 0 0 0 0
"волшебной" 0 0.00646746863277713 0.00536164280735617 0.0172592336900242 0 0.00522657189149637 0.0042755141305742 0 0.00424160162877503
"воображенья" 0 0 0 0.0138073869520193 0.00274717727534958 0.00522657189149637 0 0.0105474106106951 0.00848320325755005
"воспоминаньем" 0 0 0 0.0172592336900242 0 0.00522657189149637 0.0085510282611484 0 0.00848320325755005
"восторга" 0 0 0.032169856844137 0.00345184673800483 0 0 0.0042755141305742 0.00527370530534754 0.00424160162877503
"восторги" 0 0 0 0.0276147739040387 0 0.00522657189149637 0 0.00527370530534754 0
"восторгов" 0 0.0129349372655543 0 0.00690369347600967 0 0.0104531437829927 0 0.0105474106106951 0.00848320325755005
"врагам" 0 0.0129349372655543 0.00536164280735617 0.00345184673800483 0.00274717727534958 0 0 0.0105474106106951 0.0127248048863251
"врагом" 0 0.00646746863277713 0 0.00345184673800483 0.00274717727534958 0.0104531437829927 0.0128265423917226 0.00527370530534754 0.00424160162877503
"вскоре" 0 0.00646746863277713 0.00536164280735617 0.0138073869520193 0 0.00522657189149637 0 0.0158211159160426 0
"вспомнил" 0 0.00646746863277713 0.0107232856147123 0 0.00549435455069916 0.00522657189149637 0.0085510282611484 0.0105474106106951 0
"встречи" 0 0.00646746863277713 0.0107232856147123 0.00345184673800483 0.00274717727534958 0.0104531437829927 0.0042755141305742 0.00527370530534754 0.00424160162877503
"всякому" 0.0179195412597438 0 0.00536164280735617 0 0.0109887091013983 0 0.0042755141305742 0.0105474106106951 0
"высоких" 0 0.00646746863277713 0.00536164280735617 0.00690369347600967 0.00549435455069916 0 0.0085510282611484 0.00527370530534754 0.00424160162877503
"вышла" 0 0.00646746863277713 0.0160849284220685 0 0.0109887091013983 0 0.0085510282611484 0 0
"вьюга" 0 0.0194024058983314 0 0.00345184673800483 0.0109887091013983 0 0 0.0105474106106951 0
"героев" 0.00895977062987188 0 0 0.0103555402140145 0.00824153182604873 0.00522657189149637 0 0.0105474106106951 0
"гибели" 0 0.00646746863277713 0 0.00690369347600967 0 0.00522657189149637 0 0.0210948212213901 0.00848320325755005
"гордость" 0 0.0194024058983314 0.00536164280735617 0 0.0109887091013983 0 0 0.00527370530534754 0.00424160162877503
"гробовой" 0 0 0.00536164280735617 0.0103555402140145 0.00274717727534958 0 0 0.0105474106106951 0.0127248048863251
"грозою" 0.00895977062987188 0 0.00536164280735617 0.0138073869520193 0.00824153182604873 0 0.0042755141305742 0 0
"грудью" 0.00895977062987188 0.0129349372655543 0.00536164280735617 0.00690369347600967 0.00824153182604873 0 0 0 0.00424160162877503
"де" 0 0.0194024058983314 0.0214465712294247 0.00345184673800483 0.00274717727534958 0.00522657189149637 0 0 0
"делу" 0 0 0.0107232856147123 0 0.0137358863767479 0 0.0085510282611484 0.00527370530534754 0
"деревне" 0 0.00646746863277713 0 0.00345184673800483 0 0.0104531437829927 0.0085510282611484 0.0105474106106951 0.00848320325755005
"детина" 0 0.0129349372655543 0.0214465712294247 0 0.0109887091013983 0 0 0 0
"днесь" 0 0 0.0107232856147123 0.0138073869520193 0 0.00522657189149637 0 0.00527370530534754 0.00848320325755005
"днях" 0.00895977062987188 0 0 0.00345184673800483 0 0.0104531437829927 0.0171020565222968 0 0.00848320325755005
"добрая" 0 0.0129349372655543 0 0 0.0164830636520975 0 0 0 0.00848320325755005
"добрых" 0 0.0129349372655543 0.0160849284220685 0.00345184673800483 0 0.0104531437829927 0.0042755141305742 0 0.00424160162877503
"довольны" 0 0 0.00536164280735617 0 0.00824153182604873 0 0 0 0.0254496097726502
"достоин" 0 0.00646746863277713 0 0.00345184673800483 0 0.0156797156744891 0.0042755141305742 0.0105474106106951 0.00848320325755005
"дружба" 0 0.00646746863277713 0 0.0138073869520193 0 0.00522657189149637 0.0042755141305742 0.00527370530534754 0.00848320325755005
"дума" 0.0179195412597438 0.00646746863277713 0 0 0.0109887091013983 0.00522657189149637 0.0085510282611484 0 0
"думала" 0 0.00646746863277713 0.0160849284220685 0 0.0164830636520975 0 0 0 0
"думой" 0.00895977062987188 0.00646746863277713 0 0.0103555402140145 0 0.0104531437829927 0 0.0105474106106951 0.00424160162877503
"дышит" 0.00895977062987188 0.00646746863277713 0.00536164280735617 0.00690369347600967 0 0.0104531437829927 0 0 0.0127248048863251
"европа" 0 0 0 0.0138073869520193 0.00274717727534958 0 0.0042755141305742 0.0158211159160426 0.00424160162877503
"елисей" 0 0 0.0536164280735617 0 0 0 0 0 0
"ест" 0.00895977062987188 0 0.00536164280735617 0.00345184673800483 0.019230240927447 0 0 0 0
"ехать" 0.00895977062987188 0.0129349372655543 0.0214465712294247 0 0.00549435455069916 0 0 0 0.00424160162877503
"ждать" 0 0.0129349372655543 0 0.00345184673800483 0 0.0156797156744891 0.0042755141305742 0.00527370530534754 0.00848320325755005
"жертва" 0.00895977062987188 0 0 0.00690369347600967 0.00274717727534958 0.0156797156744891 0 0.0105474106106951 0.00424160162877503
"живи" 0 0 0 0.0172592336900242 0 0.00522657189149637 0.0042755141305742 0.0105474106106951 0.00424160162877503
"живых" 0.00895977062987188 0.0129349372655543 0.00536164280735617 0.00345184673800483 0.00549435455069916 0 0.0042755141305742 0 0.00848320325755005
"закричал" 0.00895977062987188 0.00646746863277713 0.032169856844137 0 0.00274717727534958 0 0 0 0.00424160162877503
"зарею" 0 0 0 0.0138073869520193 0 0.0156797156744891 0.0042755141305742 0.00527370530534754 0.00424160162877503
"звезды" 0.00895977062987188 0.0129349372655543 0.00536164280735617 0.00690369347600967 0 0 0.0042755141305742 0.00527370530534754 0.00848320325755005
"зелёный" 0 0.00646746863277713 0 0.00345184673800483 0.0109887091013983 0.0104531437829927 0.0085510282611484 0 0
"знак" 0 0.00646746863277713 0.00536164280735617 0.00345184673800483 0.00274717727534958 0 0.0128265423917226 0.0105474106106951 0.00424160162877503
"знаком" 0 0 0 0.00690369347600967 0.0109887091013983 0.0104531437829927 0 0.00527370530534754 0.00424160162877503
"знакомые" 0 0 0 0 0.00274717727534958 0.00522657189149637 0.0042755141305742 0.0158211159160426 0.0169664065151001
"знали" 0.0179195412597438 0.0129349372655543 0 0.00345184673800483 0.00549435455069916 0.00522657189149637 0.0085510282611484 0 0
"зубы" 0 0.0129349372655543 0.0214465712294247 0 0.00824153182604873 0 0.0042755141305742 0 0
"известный" 0 0.00646746863277713 0.0107232856147123 0.0103555402140145 0.00549435455069916 0 0.0042755141305742 0 0.00424160162877503
"изредка" 0 0 0 0.00345184673800483 0.00549435455069916 0.00522657189149637 0 0.0105474106106951 0.0169664065151001
"ильич" 0 0 0 0 0.0247245954781462 0 0 0 0.00424160162877503
"иметь" 0.00895977062987188 0 0.0107232856147123 0 0 0 0.0042755141305742 0.0263685265267377 0.00424160162877503
"исполненный" 0 0 0 0 0.00274717727534958 0.0261328594574818 0.0085510282611484 0 0.00848320325755005
"истины" 0.00895977062987188 0 0 0.00690369347600967 0.00274717727534958 0 0.0085510282611484 0.0210948212213901 0
"кинжал" 0 0.00646746863277713 0 0.0103555402140145 0 0.00522657189149637 0.0042755141305742 0.0105474106106951 0.00848320325755005
"колена" 0 0.0129349372655543 0 0 0.00274717727534958 0 0.0042755141305742 0.0316422318320852 0
"коне" 0 0.0129349372655543 0.0375314996514932 0.00345184673800483 0 0 0 0 0
"коней" 0.00895977062987188 0 0.0107232856147123 0.00690369347600967 0.00824153182604873 0 0 0.00527370530534754 0.00424160162877503
"косой" 0 0.0129349372655543 0.00536164280735617 0.0103555402140145 0.00549435455069916 0 0.0042755141305742 0.00527370530534754 0
"кости" 0.00895977062987188 0 0.0107232856147123 0.00690369347600967 0.00274717727534958 0.0104531437829927 0.0085510282611484 0 0
"кот" 0 0.00646746863277713 0 0 0 0 0 0 0.0381744146589752
"которого" 0 0 0.00536164280735617 0.00345184673800483 0.00824153182604873 0 0 0.00527370530534754 0.0169664065151001
"котором" 0 0.00646746863277713 0 0 0.00549435455069916 0 0.0128265423917226 0.0105474106106951 0.00848320325755005
"красе" 0 0 0 0.00690369347600967 0.00824153182604873 0.00522657189149637 0.0042755141305742 0 0.0127248048863251
"красоте" 0 0.00646746863277713 0 0.0138073869520193 0 0.00522657189149637 0.0042755141305742 0.00527370530534754 0.00848320325755005
"красотою" 0 0.0194024058983314 0 0.00345184673800483 0 0 0.0042755141305742 0.0105474106106951 0.0127248048863251
"красоту" 0.00895977062987188 0.00646746863277713 0.00536164280735617 0 0.00274717727534958 0.00522657189149637 0.0042755141305742 0.00527370530534754 0.0127248048863251
"кричал" 0.00895977062987188 0 0.00536164280735617 0 0.00824153182604873 0.0104531437829927 0.0085510282611484 0.00527370530534754 0
"кровавой" 0 0.00646746863277713 0 0.020711080428029 0.00274717727534958 0 0.0085510282611484 0 0
"крылами" 0 0.00646746863277713 0.00536164280735617 0.00345184673800483 0 0 0.0128265423917226 0.0158211159160426 0.00424160162877503
"лавр" 0 0 0.00536164280735617 0.0241629271660338 0 0.00522657189149637 0 0.00527370530534754 0
"лад" 0 0.00646746863277713 0.00536164280735617 0.0172592336900242 0 0.00522657189149637 0.0085510282611484 0 0
"ладно" 0 0.00646746863277713 0.0375314996514932 0 0.00549435455069916 0 0 0 0
"лакей" 0 0 0.0107232856147123 0.00345184673800483 0.0137358863767479 0 0.0042755141305742 0 0.00424160162877503
"ле" 0 0.0194024058983314 0 0.00345184673800483 0.00274717727534958 0 0 0.0210948212213901 0.00424160162877503
"лета" 0.0179195412597438 0.00646746863277713 0.0107232856147123 0.00690369347600967 0 0.00522657189149637 0.0042755141305742 0 0.00424160162877503
"лихой" 0 0.00646746863277713 0.00536164280735617 0.0241629271660338 0.00274717727534958 0 0 0 0
"лиц" 0.00895977062987188 0 0.00536164280735617 0.00345184673800483 0.019230240927447 0 0 0 0
"ложный" 0 0.00646746863277713 0 0.0103555402140145 0 0.00522657189149637 0.0171020565222968 0.00527370530534754 0
"лукаво" 0.0268793118896156 0 0 0.00345184673800483 0.00274717727534958 0.0104531437829927 0.0085510282611484 0.00527370530534754 0
"люби" 0.00895977062987188 0 0 0.0138073869520193 0.00274717727534958 0 0 0.0210948212213901 0
"любимец" 0 0.0129349372655543 0 0.0172592336900242 0.00274717727534958 0 0 0.0105474106106951 0
"малый" 0 0 0.00536164280735617 0.00690369347600967 0.00549435455069916 0 0.0128265423917226 0.0105474106106951 0
"мглою" 0 0.0452722804294399 0 0 0 0 0 0.00527370530534754 0.00848320325755005
"меру" 0.0268793118896156 0 0.00536164280735617 0.0103555402140145 0.00549435455069916 0 0.0042755141305742 0 0
"мести" 0.00895977062987188 0 0 0.00690369347600967 0 0.00522657189149637 0.0128265423917226 0.0105474106106951 0.00424160162877503
"мечей" 0 0.00646746863277713 0 0.0172592336900242 0 0.0104531437829927 0 0 0.00848320325755005
"мечтам" 0.00895977062987188 0 0 0.00345184673800483 0 0.0209062875659855 0.0042755141305742 0.00527370530534754 0.00848320325755005
"мечтах" 0 0.00646746863277713 0 0.00690369347600967 0.00274717727534958 0.0156797156744891 0.0042755141305742 0.0105474106106951 0
"мещанин" 0 0 0 0.0310666206420435 0.00274717727534958 0 0 0 0
"мирно" 0.00895977062987188 0.00646746863277713 0.0107232856147123 0 0.00549435455069916 0.00522657189149637 0 0.00527370530534754 0.00848320325755005
"могучий" 0 0.0129349372655543 0 0.0172592336900242 0 0.0104531437829927 0.0042755141305742 0 0
"молился" 0 0.00646746863277713 0.0107232856147123 0.00690369347600967 0 0.0209062875659855 0.0042755141305742 0 0
"молчать" 0.0179195412597438 0 0 0 0.00824153182604873 0.00522657189149637 0.0085510282611484 0.00527370530534754 0.00424160162877503
"мрачных" 0 0.00646746863277713 0.0107232856147123 0.0103555402140145 0 0.00522657189149637 0.0042755141305742 0 0.00848320325755005
"мужики" 0.0179195412597438 0 0.0160849284220685 0 0.00824153182604873 0 0 0.00527370530534754 0.00424160162877503
"музой" 0.0268793118896156 0.00646746863277713 0 0.00690369347600967 0.00274717727534958 0 0.0042755141305742 0.0105474106106951 0
"музыка" 0.00895977062987188 0 0 0 0.0247245954781462 0 0 0 0
"мятежной" 0 0 0 0.00690369347600967 0 0.0156797156744891 0.0042755141305742 0.0105474106106951 0.00848320325755005
"напевы" 0 0 0 0.0138073869520193 0 0.0156797156744891 0 0 0.0127248048863251
"небесного" 0 0.00646746863277713 0 0.00690369347600967 0 0.0209062875659855 0.0042755141305742 0 0.00848320325755005
"неведомый" 0.00895977062987188 0.0129349372655543 0 0.00690369347600967 0.00274717727534958 0 0.0085510282611484 0 0.00848320325755005
"невинной" 0 0 0 0.00690369347600967 0.00274717727534958 0.00522657189149637 0.0042755141305742 0.0263685265267377 0
"неволе" 0 0.00646746863277713 0.00536164280735617 0.0138073869520193 0 0.00522657189149637 0 0.0105474106106951 0.00424160162877503
"никого" 0.0268793118896156 0.00646746863277713 0.0107232856147123 0 0.00824153182604873 0.00522657189149637 0 0 0
"новым" 0.00895977062987188 0.0129349372655543 0.00536164280735617 0.00345184673800483 0.00549435455069916 0 0 0.0158211159160426 0
"ногой" 0 0 0.0160849284220685 0.00345184673800483 0.00824153182604873 0.0104531437829927 0 0.00527370530534754 0
"нужна" 0.0179195412597438 0 0.00536164280735617 0 0.00549435455069916 0 0.0085510282611484 0.0105474106106951 0.00424160162877503
"облака" 0 0.0129349372655543 0 0.00345184673800483 0.00549435455069916 0 0.0171020565222968 0 0.00424160162877503
"объемлет" 0 0.0129349372655543 0 0.00345184673800483 0 0.0156797156744891 0.0042755141305742 0.0158211159160426 0
"обычай" 0 0.00646746863277713 0.0160849284220685 0.0103555402140145 0 0 0.0128265423917226 0 0
"одном" 0.00895977062987188 0 0.0107232856147123 0 0.00549435455069916 0.00522657189149637 0.0085510282611484 0 0.00848320325755005
"особенно" 0.0179195412597438 0 0.00536164280735617 0.00345184673800483 0.0137358863767479 0 0 0 0.00424160162877503
"оставим" 0.00895977062987188 0 0 0.0138073869520193 0.00274717727534958 0.0156797156744891 0 0.00527370530534754 0
"останься" 0 0 0.00536164280735617 0.00690369347600967 0.00274717727534958 0.0104531437829927 0.0042755141305742 0.0158211159160426 0
"ответа" 0.00895977062987188 0 0 0 0.0109887091013983 0.00522657189149637 0.0042755141305742 0.00527370530534754 0.00848320325755005
"отвечает" 0 0 0.0375314996514932 0.00345184673800483 0 0.00522657189149637 0 0 0.00424160162877503
"отвечал" 0.0179195412597438 0.0194024058983314 0.0107232856147123 0.00345184673800483 0.00549435455069916 0 0 0 0
"отцы" 0.00895977062987188 0 0 0 0.0137358863767479 0 0.0085510282611484 0 0.00848320325755005
"охотно" 0.00895977062987188 0 0.00536164280735617 0 0.00549435455069916 0 0.0085510282611484 0 0.0169664065151001
"очарованье" 0 0.00646746863277713 0 0.00690369347600967 0 0.0156797156744891 0 0.0105474106106951 0.00848320325755005
"падёт" 0 0 0 0.00690369347600967 0 0 0 0.0316422318320852 0.00848320325755005
"парни" 0 0 0 0.0103555402140145 0.0109887091013983 0.00522657189149637 0.0042755141305742 0.00527370530534754 0
"печальные" 0 0.0129349372655543 0 0.00345184673800483 0 0 0.0042755141305742 0.0210948212213901 0.00848320325755005
"плакал" 0 0 0.00536164280735617 0.00345184673800483 0.00824153182604873 0 0.0128265423917226 0 0.00848320325755005
"племя" 0.0358390825194875 0 0.00536164280735617 0.00345184673800483 0.00274717727534958 0 0.0085510282611484 0 0.00424160162877503
"площади" 0 0 0 0.00690369347600967 0.019230240927447 0 0.0042755141305742 0 0
"повесил" 0 0 0.0214465712294247 0.00690369347600967 0.0109887091013983 0 0 0 0
"подлец" 0 0 0.0268082140367809 0.00345184673800483 0.00274717727534958 0 0.0085510282611484 0.00527370530534754 0
"позабыл" 0.0179195412597438 0.0129349372655543 0.00536164280735617 0.00690369347600967 0.00274717727534958 0 0.0042755141305742 0 0.00424160162877503
"позволь" 0.00895977062987188 0 0 0.0138073869520193 0 0 0.0042755141305742 0.0210948212213901 0
"покинул" 0 0.00646746863277713 0 0.0103555402140145 0.00274717727534958 0.00522657189149637 0.0128265423917226 0 0.00424160162877503
"покрытый" 0 0 0 0.0103555402140145 0 0.0156797156744891 0 0.0105474106106951 0.00848320325755005
"полдень" 0 0 0 0.0103555402140145 0.0109887091013983 0.00522657189149637 0 0 0.00848320325755005
"полетел" 0 0.0129349372655543 0.00536164280735617 0 0 0.00522657189149637 0.0042755141305742 0.0263685265267377 0
"помещику" 0 0 0 0 0.0274717727534958 0 0 0 0
"попасть" 0 0 0.00536164280735617 0.00345184673800483 0.0164830636520975 0 0.0042755141305742 0 0.00424160162877503
"поражён" 0 0 0.00536164280735617 0.00345184673800483 0.00274717727534958 0 0.0171020565222968 0.00527370530534754 0.00848320325755005
"последних" 0 0 0 0.00345184673800483 0 0 0.0128265423917226 0.0158211159160426 0.0127248048863251
"поставил" 0.00895977062987188 0 0.00536164280735617 0 0.0137358863767479 0.00522657189149637 0 0.00527370530534754 0.00424160162877503
"праздности" 0.00895977062987188 0 0 0.00690369347600967 0 0 0.0085510282611484 0.0263685265267377 0
"прелести" 0 0.00646746863277713 0 0.00345184673800483 0 0.0104531437829927 0.0042755141305742 0.0105474106106951 0.0127248048863251
"прелестью" 0 0.00646746863277713 0 0.00690369347600967 0 0.0104531437829927 0 0 0.0212080081438751
"придёшь" 0 0 0 0 0.0109887091013983 0.00522657189149637 0.0042755141305742 0.00527370530534754 0.0127248048863251
"приду" 0.00895977062987188 0 0.0107232856147123 0.00345184673800483 0.00274717727534958 0.00522657189149637 0.0042755141305742 0.0105474106106951 0.00424160162877503
"придут" 0 0 0 0 0.0109887091013983 0.00522657189149637 0.0042755141305742 0 0.0169664065151001
"признаюсь" 0 0.0129349372655543 0 0.00690369347600967 0 0.0104531437829927 0.0042755141305742 0.00527370530534754 0.00848320325755005
"принять" 0 0 0.00536164280735617 0.00345184673800483 0 0.0156797156744891 0 0.0105474106106951 0.0127248048863251
"прихоти" 0 0 0 0.00345184673800483 0.00274717727534958 0.00522657189149637 0.0085510282611484 0.0263685265267377 0
"причина" 0.0179195412597438 0 0.0160849284220685 0 0.00274717727534958 0.00522657189149637 0.0085510282611484 0 0.00424160162877503
"против" 0 0 0.0160849284220685 0 0.0109887091013983 0 0.0085510282611484 0 0.00424160162877503
"прошёл" 0.0179195412597438 0.00646746863277713 0 0.00690369347600967 0.00549435455069916 0 0.0042755141305742 0 0.00848320325755005
"пустое" 0.00895977062987188 0.00646746863277713 0 0.00690369347600967 0 0.0209062875659855 0.0042755141305742 0 0.00424160162877503
"пустыню" 0 0 0 0.0138073869520193 0 0.00522657189149637 0.0042755141305742 0.00527370530534754 0.0127248048863251
"пустых" 0 0 0 0.0172592336900242 0 0.0156797156744891 0.0085510282611484 0 0
"пью" 0 0.00646746863277713 0.0160849284220685 0.0103555402140145 0.00274717727534958 0.0104531437829927 0 0 0
"работать" 0.00895977062987188 0 0.00536164280735617 0 0.0164830636520975 0 0.0085510282611484 0 0
"работы" 0.0179195412597438 0 0.0107232856147123 0 0.0137358863767479 0 0.0042755141305742 0 0
"рабства" 0 0 0 0.00690369347600967 0.0109887091013983 0 0 0.0105474106106951 0.00848320325755005
"ревнивый" 0.00895977062987188 0 0.00536164280735617 0.0138073869520193 0.0109887091013983 0 0 0 0
"россию" 0.00895977062987188 0 0 0.0103555402140145 0.00549435455069916 0.00522657189149637 0.0085510282611484 0 0.00424160162877503
"русского" 0.00895977062987188 0 0 0.0172592336900242 0.00549435455069916 0 0 0.0105474106106951 0
"самое" 0 0 0.00536164280735617 0.00345184673800483 0.019230240927447 0 0 0.00527370530534754 0
"свершилось" 0 0 0 0.0103555402140145 0.00549435455069916 0 0 0.0263685265267377 0
"свидетели" 0.0179195412597438 0 0 0.00690369347600967 0 0.0209062875659855 0.0042755141305742 0 0.00424160162877503
"свист" 0 0 0 0.0103555402140145 0.00549435455069916 0.0104531437829927 0 0.00527370530534754 0.00848320325755005
"севера" 0 0 0 0.00690369347600967 0.00549435455069916 0.00522657189149637 0 0.0210948212213901 0.00424160162877503
"сейчас" 0.0179195412597438 0 0 0 0.019230240927447 0 0 0 0.00424160162877503
"села" 0.0179195412597438 0 0.00536164280735617 0.0103555402140145 0.00274717727534958 0.0104531437829927 0 0.00527370530534754 0
"семью" 0 0 0 0.00690369347600967 0.00824153182604873 0.0104531437829927 0.0085510282611484 0 0.00424160162877503
"серп" 0 0 0.0482547852662056 0 0 0 0 0 0.00424160162877503
"сидят" 0.00895977062987188 0 0.00536164280735617 0.00345184673800483 0.00549435455069916 0 0.0085510282611484 0.00527370530534754 0.00848320325755005
"силу" 0.0179195412597438 0.0129349372655543 0.0214465712294247 0 0.00549435455069916 0 0 0 0
"сия" 0 0 0 0.00345184673800483 0 0.0209062875659855 0.0085510282611484 0 0.0127248048863251
"сиял" 0 0.00646746863277713 0.00536164280735617 0.0103555402140145 0 0.0104531437829927 0.0042755141305742 0.00527370530534754 0.00424160162877503
"скука" 0.00895977062987188 0.00646746863277713 0.0107232856147123 0.0103555402140145 0 0.0104531437829927 0 0 0.00424160162877503
"скуку" 0.0179195412597438 0 0.0107232856147123 0.0138073869520193 0.00274717727534958 0 0.0042755141305742 0 0
"скучен" 0 0.00646746863277713 0.00536164280735617 0.0103555402140145 0.00274717727534958 0.00522657189149637 0.0085510282611484 0 0.00424160162877503
"сладостно" 0 0.00646746863277713 0 0.00345184673800483 0 0.0261328594574818 0 0.00527370530534754 0.00848320325755005
"словах" 0 0 0 0 0.00274717727534958 0.0209062875659855 0 0.0105474106106951 0.0127248048863251
"случайно" 0.00895977062987188 0 0.0214465712294247 0 0.00274717727534958 0.00522657189149637 0.0042755141305742 0 0.00848320325755005
"случится" 0.0179195412597438 0.00646746863277713 0.0107232856147123 0 0.00274717727534958 0.0104531437829927 0.0042755141305742 0 0.00424160162877503
"слушать" 0.00895977062987188 0.0129349372655543 0.00536164280735617 0.00690369347600967 0.00549435455069916 0 0 0.00527370530534754 0.00424160162877503
"смертию" 0 0 0.00536164280735617 0.0103555402140145 0.0137358863767479 0 0 0.00527370530534754 0
"смертных" 0 0 0.00536164280735617 0.0241629271660338 0 0 0 0 0.00848320325755005
"смотреть" 0.0179195412597438 0 0 0.00345184673800483 0.00274717727534958 0.00522657189149637 0.0128265423917226 0 0.00848320325755005
"снов" 0 0 0 0.0138073869520193 0.00274717727534958 0.0209062875659855 0.0042755141305742 0 0
"совесть" 0.00895977062987188 0 0.00536164280735617 0 0.00824153182604873 0 0.0085510282611484 0.00527370530534754 0.00848320325755005
"согласен" 0 0 0 0.0103555402140145 0.00549435455069916 0.0104531437829927 0.0042755141305742 0 0.00848320325755005
"сожаленья" 0.00895977062987188 0 0.00536164280735617 0.00345184673800483 0.00274717727534958 0.00522657189149637 0.0085510282611484 0 0.0127248048863251
"сомненья" 0.00895977062987188 0 0 0.00690369347600967 0.00274717727534958 0 0.0171020565222968 0 0.00848320325755005
"спасенье" 0 0.0129349372655543 0.0107232856147123 0 0 0.00522657189149637 0.0042755141305742 0.00527370530534754 0.0127248048863251
"спеша" 0.00895977062987188 0 0.0160849284220685 0 0 0.00522657189149637 0.0171020565222968 0 0.00424160162877503
"староста" 0 0 0 0.00345184673800483 0.0247245954781462 0 0 0 0
"старых" 0 0 0.0107232856147123 0.00690369347600967 0.00549435455069916 0.00522657189149637 0.0085510282611484 0 0.00424160162877503
"стоишь" 0.00895977062987188 0.00646746863277713 0.00536164280735617 0.00690369347600967 0.00274717727534958 0 0.0128265423917226 0.00527370530534754 0
"стоны" 0.0268793118896156 0 0.00536164280735617 0 0.0137358863767479 0 0.0042755141305742 0 0
"страдать" 0.0179195412597438 0 0 0.00690369347600967 0.00274717727534958 0.00522657189149637 0.0128265423917226 0 0.00424160162877503
"страстный" 0 0 0.00536164280735617 0.020711080428029 0 0.00522657189149637 0 0.00527370530534754 0.00424160162877503
"страшен" 0 0.00646746863277713 0.00536164280735617 0.00690369347600967 0.00549435455069916 0.00522657189149637 0 0.00527370530534754 0.00848320325755005
"стрелой" 0.00895977062987188 0 0.0107232856147123 0.0138073869520193 0.00274717727534958 0.00522657189149637 0.0042755141305742 0 0
"стремленье" 0.00895977062987188 0 0 0.00690369347600967 0.00274717727534958 0.0209062875659855 0 0.00527370530534754 0.00424160162877503
"струёй" 0 0.0194024058983314 0 0.00690369347600967 0 0.0104531437829927 0.0042755141305742 0.00527370530534754 0.00424160162877503
"струя" 0 0.0129349372655543 0 0.0138073869520193 0 0.0104531437829927 0 0 0.00848320325755005
"стыд" 0 0.0129349372655543 0 0.0138073869520193 0 0 0.0042755141305742 0.0105474106106951 0.00424160162877503
"стыда" 0 0.00646746863277713 0.00536164280735617 0.0103555402140145 0.00549435455069916 0 0.0085510282611484 0 0.00424160162877503
"судия" 0.00895977062987188 0.00646746863277713 0 0 0 0.00522657189149637 0.0042755141305742 0.0263685265267377 0.00424160162877503
"супруг" 0 0 0 0 0.00274717727534958 0.0156797156744891 0 0.0105474106106951 0.0169664065151001
"счастьем" 0 0.0129349372655543 0.0107232856147123 0.00690369347600967 0.00549435455069916 0.0104531437829927 0 0 0
"считал" 0.0179195412597438 0 0 0 0.00824153182604873 0.00522657189149637 0.0085510282611484 0 0.00848320325755005
"творенье" 0 0.0129349372655543 0.00536164280735617 0.0172592336900242 0 0 0.0085510282611484 0 0
"теченье" 0.00895977062987188 0 0.0107232856147123 0.00345184673800483 0 0.0104531437829927 0.0042755141305742 0.0105474106106951 0.00424160162877503
"тишиной" 0 0.00646746863277713 0 0 0 0.00522657189149637 0 0.0263685265267377 0.0127248048863251
"торжество" 0.0179195412597438 0 0 0.00690369347600967 0.00274717727534958 0 0.0042755141305742 0.0158211159160426 0.00424160162877503
"трепетом" 0 0.00646746863277713 0 0.00690369347600967 0.00274717727534958 0.00522657189149637 0.0085510282611484 0.0158211159160426 0
"трех" 0 0.00646746863277713 0.00536164280735617 0.00345184673800483 0.00824153182604873 0.00522657189149637 0.0085510282611484 0 0.00424160162877503
"трона" 0 0.00646746863277713 0 0.0103555402140145 0 0.00522657189149637 0 0.00527370530534754 0.0169664065151001
"трус" 0 0.00646746863277713 0.0107232856147123 0.0103555402140145 0.00549435455069916 0.00522657189149637 0 0.00527370530534754 0
"тысяч" 0 0 0.0160849284220685 0 0.0137358863767479 0 0.0085510282611484 0 0
"тысячи" 0.00895977062987188 0 0.0107232856147123 0 0.00824153182604873 0 0.0085510282611484 0 0.00848320325755005
"ть" 0.00895977062987188 0 0.0107232856147123 0.0103555402140145 0.00549435455069916 0.00522657189149637 0 0 0.00424160162877503
"тяжкой" 0.00895977062987188 0.00646746863277713 0.00536164280735617 0.00690369347600967 0 0.0104531437829927 0.0042755141305742 0.0105474106106951 0
"угодно" 0 0 0.0214465712294247 0.00345184673800483 0.00549435455069916 0 0.0042755141305742 0 0.00848320325755005
"укор" 0 0 0.00536164280735617 0.00345184673800483 0.00549435455069916 0.00522657189149637 0.0128265423917226 0 0.00848320325755005
"умолк" 0 0.00646746863277713 0 0.0103555402140145 0 0.0104531437829927 0.0042755141305742 0.0105474106106951 0.00424160162877503
"умы" 0.00895977062987188 0 0 0.00345184673800483 0.00549435455069916 0 0.0042755141305742 0.00527370530534754 0.0169664065151001
"ус" 0 0.00646746863277713 0 0.0241629271660338 0.00274717727534958 0 0.0042755141305742 0 0
"усердно" 0 0.00646746863277713 0.00536164280735617 0.00690369347600967 0.00824153182604873 0 0 0.0158211159160426 0
"утих" 0 0.00646746863277713 0 0.00345184673800483 0.00274717727534958 0.0156797156744891 0.0042755141305742 0 0.0127248048863251
"утомлённый" 0 0.0258698745311085 0 0.0103555402140145 0.00274717727534958 0 0 0.0105474106106951 0
"хвост" 0 0.00646746863277713 0.0107232856147123 0 0.0109887091013983 0 0.0085510282611484 0 0.00424160162877503
"ход" 0 0.0129349372655543 0.0160849284220685 0.00690369347600967 0 0.00522657189149637 0 0 0.00848320325755005
"хорош" 0.0179195412597438 0 0.00536164280735617 0.00690369347600967 0.00549435455069916 0.00522657189149637 0.0085510282611484 0 0
"христа" 0 0.0129349372655543 0 0.00345184673800483 0.0109887091013983 0 0 0.0158211159160426 0
"царстве" 0 0 0.0375314996514932 0 0.00549435455069916 0 0.0042755141305742 0 0
"царствует" 0 0 0 0.00690369347600967 0 0.00522657189149637 0.0085510282611484 0.0105474106106951 0.0127248048863251
"цветёт" 0 0 0.00536164280735617 0.0103555402140145 0 0.00522657189149637 0.0042755141305742 0.00527370530534754 0.0127248048863251
"цепь" 0 0 0.00536164280735617 0.00690369347600967 0 0.00522657189149637 0.021377570652871 0.00527370530534754 0
"церкви" 0 0 0.00536164280735617 0.00345184673800483 0.0164830636520975 0.00522657189149637 0 0.00527370530534754 0
"челнок" 0 0.0388048117966628 0 0.00690369347600967 0.00274717727534958 0.00522657189149637 0 0 0
"черти" 0.00895977062987188 0 0.0160849284220685 0 0.0109887091013983 0.00522657189149637 0.0042755141305742 0 0
"чувством" 0 0.00646746863277713 0 0.00345184673800483 0.0137358863767479 0.00522657189149637 0.0042755141305742 0.00527370530534754 0
"чужд" 0 0 0.00536164280735617 0.00345184673800483 0.00549435455069916 0.0156797156744891 0.0085510282611484 0.00527370530534754 0
"чуждый" 0 0.0129349372655543 0 0.00690369347600967 0 0.00522657189149637 0.0042755141305742 0.0158211159160426 0.00424160162877503
"чье" 0.00895977062987188 0 0.00536164280735617 0.00345184673800483 0.0109887091013983 0.00522657189149637 0 0.0105474106106951 0
"чьи" 0.0358390825194875 0.00646746863277713 0.00536164280735617 0 0 0.00522657189149637 0 0.0158211159160426 0
"шлем" 0 0.0129349372655543 0 0.0103555402140145 0 0.00522657189149637 0 0.0210948212213901 0
"шутки" 0 0.00646746863277713 0.0214465712294247 0.00690369347600967 0.00274717727534958 0 0.0042755141305742 0 0.00424160162877503
"юношу" 0 0.0129349372655543 0 0.00345184673800483 0 0.0156797156744891 0.0085510282611484 0.0105474106106951 0
"языком" 0 0 0.00536164280735617 0.00345184673800483 0 0 0.0128265423917226 0.00527370530534754 0.0169664065151001
"ясен" 0 0.0129349372655543 0 0.00345184673800483 0.00549435455069916 0.00522657189149637 0 0.00527370530534754 0.0127248048863251
"баю" 0 0 0.00536164280735617 0 0.0219774182027966 0 0 0 0
"белой" 0.00895977062987188 0.0194024058983314 0.00536164280735617 0.00690369347600967 0.00274717727534958 0 0.0042755141305742 0 0
"белый" 0 0.0129349372655543 0 0.00690369347600967 0.00274717727534958 0.00522657189149637 0.0085510282611484 0 0.00424160162877503
"берегам" 0 0.00646746863277713 0 0.0103555402140145 0.00824153182604873 0.00522657189149637 0 0.00527370530534754 0
"берегах" 0.00895977062987188 0 0 0.0103555402140145 0.00274717727534958 0 0 0.00527370530534754 0.0127248048863251
"берегом" 0 0 0 0 0.019230240927447 0 0.0085510282611484 0 0
"беседы" 0 0 0 0.0138073869520193 0 0.0209062875659855 0 0.00527370530534754 0
"бесчувственной" 0 0.00646746863277713 0 0.00345184673800483 0 0.0104531437829927 0.0042755141305742 0.0158211159160426 0.00424160162877503
"благодарю" 0 0 0 0 0.00824153182604873 0.00522657189149637 0.0085510282611484 0.0105474106106951 0.00424160162877503
"благородный" 0 0 0.00536164280735617 0.0103555402140145 0 0.00522657189149637 0 0.0158211159160426 0.00424160162877503
"благословил" 0 0.00646746863277713 0 0.00345184673800483 0.00274717727534958 0.0156797156744891 0 0.0158211159160426 0
"блистает" 0 0.00646746863277713 0.00536164280735617 0.0138073869520193 0 0.00522657189149637 0.0042755141305742 0 0.00424160162877503
"бойся" 0 0 0.00536164280735617 0 0.019230240927447 0 0 0.00527370530534754 0
"болезнь" 0 0 0 0.00690369347600967 0.00549435455069916 0 0.0128265423917226 0 0.00848320325755005
"бразды" 0 0 0 0.0103555402140145 0 0 0.0042755141305742 0.0210948212213901 0.00424160162877503
"бременем" 0 0.00646746863277713 0 0.00345184673800483 0.00274717727534958 0 0.0042755141305742 0.0105474106106951 0.0127248048863251
"брожу" 0 0 0.00536164280735617 0.0103555402140145 0.00274717727534958 0.00522657189149637 0 0.0105474106106951 0.00424160162877503
"векам" 0 0 0 0.00345184673800483 0 0 0.0042755141305742 0.0105474106106951 0.0212080081438751
"велел" 0 0 0.0160849284220685 0.00345184673800483 0.00824153182604873 0.0104531437829927 0 0 0
"великая" 0 0 0 0.00690369347600967 0.00824153182604873 0.00522657189149637 0 0.00527370530534754 0.00848320325755005
"великие" 0.00895977062987188 0 0 0 0.019230240927447 0 0.0042755141305742 0 0
"велит" 0 0.00646746863277713 0 0.00345184673800483 0.00274717727534958 0.00522657189149637 0 0.0105474106106951 0.0127248048863251
"величие" 0.00895977062987188 0 0 0 0 0.00522657189149637 0 0.0210948212213901 0.0127248048863251
"венцы" 0 0 0 0.0138073869520193 0 0.00522657189149637 0.0128265423917226 0.00527370530534754 0
"венчанный" 0 0 0 0.0172592336900242 0.00274717727534958 0 0 0.0105474106106951 0.00424160162877503
"верная" 0 0 0 0.00690369347600967 0.00274717727534958 0.0156797156744891 0 0.0158211159160426 0
"верной" 0 0.0129349372655543 0 0.0172592336900242 0.00274717727534958 0.00522657189149637 0 0 0
"весёлой" 0 0 0 0.00345184673800483 0.00824153182604873 0.0156797156744891 0.0042755141305742 0.00527370530534754 0
"весельем" 0 0 0 0.00345184673800483 0 0.0156797156744891 0.0042755141305742 0.0158211159160426 0.00424160162877503
"вечера" 0 0 0 0.00345184673800483 0.00824153182604873 0.00522657189149637 0.0042755141305742 0.00527370530534754 0.00848320325755005
"вечная" 0 0.0194024058983314 0.00536164280735617 0.00690369347600967 0.00274717727534958 0.00522657189149637 0.0042755141305742 0 0
"видна" 0.00895977062987188 0 0.00536164280735617 0 0 0.00522657189149637 0.0128265423917226 0.00527370530534754 0.00848320325755005
"витязь" 0 0.0129349372655543 0.0375314996514932 0 0 0 0 0 0
"властью" 0 0.0129349372655543 0.0107232856147123 0.00690369347600967 0 0.00522657189149637 0.0042755141305742 0.00527370530534754 0
"внимает" 0 0 0 0.00690369347600967 0 0.0209062875659855 0 0.0105474106106951 0.00424160162877503
"вовек" 0.00895977062987188 0 0 0.00345184673800483 0.0137358863767479 0.00522657189149637 0 0.00527370530534754 0
"военный" 0 0 0 0 0.0109887091013983 0 0 0.0105474106106951 0.0127248048863251
"воз" 0.00895977062987188 0 0 0.00345184673800483 0.0109887091013983 0 0.0128265423917226 0 0
"волк" 0 0.0129349372655543 0.0107232856147123 0 0.00824153182604873 0.0104531437829927 0 0 0
"вольный" 0 0.0129349372655543 0.0160849284220685 0.00690369347600967 0 0 0.0042755141305742 0.00527370530534754 0
"ворот" 0 0.0323373431638857 0 0.00345184673800483 0.00274717727534958 0 0.0042755141305742 0.00527370530534754 0
"восстал" 0 0 0 0.00345184673800483 0.00274717727534958 0.00522657189149637 0 0.0263685265267377 0.00424160162877503
"восторге" 0 0 0.00536164280735617 0.0103555402140145 0.00274717727534958 0 0.0042755141305742 0.0158211159160426 0
"вотчина" 0 0 0 0 0.0247245954781462 0 0 0 0
"врагу" 0.00895977062987188 0.00646746863277713 0.00536164280735617 0.00345184673800483 0.00274717727534958 0 0 0.0105474106106951 0.00848320325755005
"вряд" 0.00895977062987188 0 0 0 0.0137358863767479 0 0.0042755141305742 0 0.00848320325755005
"встретит" 0 0.0129349372655543 0 0.00345184673800483 0.00274717727534958 0.0104531437829927 0.0042755141305742 0 0.00848320325755005
"вышине" 0 0.00646746863277713 0.0107232856147123 0.00690369347600967 0 0 0.0085510282611484 0.00527370530534754 0.00424160162877503
"гирина" 0 0 0 0 0.0247245954781462 0 0 0 0
"глазки" 0.00895977062987188 0.0129349372655543 0.0160849284220685 0 0 0 0 0.00527370530534754 0.00848320325755005
"гласит" 0 0 0.00536164280735617 0.00690369347600967 0.00824153182604873 0 0.0042755141305742 0 0.00848320325755005
"глупости" 0 0 0.00536164280735617 0.00690369347600967 0.00549435455069916 0 0 0.0210948212213901 0
"глядь" 0 0.00646746863277713 0.0107232856147123 0 0.0109887091013983 0 0 0.00527370530534754 0.00424160162877503
"гнева" 0.00895977062987188 0.00646746863277713 0.00536164280735617 0.00690369347600967 0 0 0.0085510282611484 0.00527370530534754 0.00424160162877503
"гордая" 0 0.0129349372655543 0 0.00690369347600967 0 0.00522657189149637 0.0085510282611484 0.00527370530534754 0.00424160162877503
"горел" 0 0 0 0.00345184673800483 0.00274717727534958 0.0104531437829927 0.021377570652871 0 0
"грозного" 0 0 0 0.00690369347600967 0.00549435455069916 0.00522657189149637 0.0042755141305742 0.0158211159160426 0
"грош" 0.0268793118896156 0.00646746863277713 0.0214465712294247 0 0.00274717727534958 0 0 0 0
"грязь" 0.00895977062987188 0 0.0160849284220685 0.00345184673800483 0.00274717727534958 0.00522657189149637 0 0.00527370530534754 0.00424160162877503
"густой" 0 0.00646746863277713 0 0.020711080428029 0 0 0 0.00527370530534754 0.00424160162877503
"дале" 0 0 0.0107232856147123 0.00690369347600967 0.00274717727534958 0 0.0085510282611484 0.0105474106106951 0
"далее" 0 0.00646746863277713 0.0107232856147123 0 0.00549435455069916 0.00522657189149637 0 0.00527370530534754 0.00848320325755005
"дают" 0.00895977062987188 0 0.00536164280735617 0 0.0137358863767479 0.0104531437829927 0 0 0
"девицы" 0.00895977062987188 0.0129349372655543 0.0107232856147123 0.00345184673800483 0.00274717727534958 0 0.0042755141305742 0.00527370530534754 0
"деда" 0 0.00646746863277713 0 0 0.0137358863767479 0.0104531437829927 0 0 0.00424160162877503
"денежки" 0 0 0.0107232856147123 0 0.0137358863767479 0 0.0042755141305742 0 0.00424160162877503
"дивный" 0 0 0 0.0103555402140145 0 0.00522657189149637 0 0.00527370530534754 0.0169664065151001
"дикий" 0 0 0 0.00690369347600967 0.00549435455069916 0 0.0042755141305742 0.00527370530534754 0.0127248048863251
"добрые" 0 0 0.00536164280735617 0.00690369347600967 0.00824153182604873 0 0.0085510282611484 0.00527370530534754 0
"должны" 0 0 0.0214465712294247 0.00345184673800483 0.00274717727534958 0 0.0085510282611484 0 0.00424160162877503
"долину" 0 0 0.0160849284220685 0.0103555402140145 0 0 0 0.0105474106106951 0.00424160162877503
"достойный" 0.00895977062987188 0 0.00536164280735617 0.0138073869520193 0 0 0.0085510282611484 0.00527370530534754 0
"дружин" 0 0 0 0.00690369347600967 0 0.0104531437829927 0 0.0158211159160426 0.00848320325755005
"думаешь" 0.0179195412597438 0 0 0 0.00824153182604873 0.0104531437829927 0.0042755141305742 0 0.00424160162877503
"единой" 0.00895977062987188 0.00646746863277713 0 0.00690369347600967 0 0.0156797156744891 0.0085510282611484 0 0
"единственный" 0 0 0 0 0.0109887091013983 0.00522657189149637 0.0085510282611484 0.00527370530534754 0.00424160162877503
"екатерины" 0 0 0 0.00690369347600967 0 0 0 0.0369159371374328 0
"ермилу" 0 0 0 0 0.0247245954781462 0 0 0 0
"жажду" 0 0.0194024058983314 0 0.0103555402140145 0.00274717727534958 0 0 0.0105474106106951 0
"ждешь" 0 0 0.00536164280735617 0 0.00824153182604873 0.00522657189149637 0 0.0105474106106951 0.00848320325755005
"желанный" 0 0.00646746863277713 0 0.00345184673800483 0.00824153182604873 0.0104531437829927 0 0.00527370530534754 0.00424160162877503
"жене" 0 0.00646746863277713 0.00536164280735617 0 0.00824153182604873 0.00522657189149637 0.0042755141305742 0.00527370530534754 0.00424160162877503
"женщин" 0 0.0129349372655543 0.00536164280735617 0.00345184673800483 0.00274717727534958 0 0.0128265423917226 0 0.00424160162877503
"журналы" 0.0268793118896156 0 0.00536164280735617 0 0 0 0 0.0210948212213901 0.00424160162877503
"запад" 0.00895977062987188 0.0129349372655543 0 0.00345184673800483 0 0.0104531437829927 0 0.00527370530534754 0.00848320325755005
"златой" 0 0.00646746863277713 0.00536164280735617 0.0138073869520193 0 0.00522657189149637 0 0.00527370530534754 0.00424160162877503
"злобы" 0 0.00646746863277713 0.00536164280735617 0.00345184673800483 0.00274717727534958 0.0104531437829927 0.0042755141305742 0.00527370530534754 0.00424160162877503
"злых" 0 0 0.0107232856147123 0.0103555402140145 0 0.00522657189149637 0.0042755141305742 0.00527370530534754 0.00424160162877503
"знаем" 0.0179195412597438 0.00646746863277713 0 0.00345184673800483 0.00549435455069916 0 0 0.00527370530534754 0.00848320325755005
"зной" 0 0.00646746863277713 0 0 0.00824153182604873 0.0104531437829927 0.0042755141305742 0.00527370530534754 0.00424160162877503
"идём" 0 0 0 0 0.0164830636520975 0 0.0085510282611484 0 0.00424160162877503
"имеет" 0.00895977062987188 0 0 0.0103555402140145 0 0.00522657189149637 0.0042755141305742 0.00527370530534754 0.00848320325755005
"имени" 0 0.00646746863277713 0 0.0138073869520193 0 0.0104531437829927 0.0042755141305742 0 0.00424160162877503
"иная" 0 0.00646746863277713 0 0.00345184673800483 0.00549435455069916 0.00522657189149637 0.0128265423917226 0.00527370530534754 0
"иным" 0.00895977062987188 0.00646746863277713 0.00536164280735617 0.00690369347600967 0 0.0104531437829927 0 0.00527370530534754 0.00424160162877503
"исчезло" 0 0.00646746863277713 0 0.00345184673800483 0 0.00522657189149637 0.0085510282611484 0.00527370530534754 0.0127248048863251
"казался" 0 0.0129349372655543 0 0.00345184673800483 0.00549435455069916 0.0104531437829927 0.0042755141305742 0 0.00424160162877503
"казнь" 0 0.00646746863277713 0 0 0 0.0104531437829927 0.0042755141305742 0.0105474106106951 0.0127248048863251
"каком" 0.0179195412597438 0 0 0.00345184673800483 0.00549435455069916 0.00522657189149637 0 0 0.0127248048863251
"кисель" 0 0 0 0 0.0219774182027966 0 0 0.00527370530534754 0
"кольцо" 0 0.00646746863277713 0.0214465712294247 0.00345184673800483 0 0.00522657189149637 0 0.00527370530534754 0.00424160162877503
"костёр" 0.00895977062987188 0 0 0 0.00549435455069916 0 0.0042755141305742 0.0158211159160426 0.00848320325755005
"красавицу" 0.0179195412597438 0.00646746863277713 0.00536164280735617 0 0 0.00522657189149637 0 0.00527370530534754 0.0127248048863251
"крестьянин" 0.00895977062987188 0 0.0160849284220685 0 0.0109887091013983 0 0.0042755141305742 0 0
"легче" 0 0.00646746863277713 0.00536164280735617 0 0.0109887091013983 0.00522657189149637 0.0085510282611484 0 0
"лесть" 0 0 0 0.00690369347600967 0 0.00522657189149637 0.0085510282611484 0.00527370530534754 0.0127248048863251
"летает" 0 0 0 0.00345184673800483 0.00824153182604873 0.00522657189149637 0.0042755141305742 0.0105474106106951 0.00424160162877503
"лети" 0 0 0 0.0172592336900242 0 0.0104531437829927 0 0.00527370530534754 0.00424160162877503
"летом" 0.0179195412597438 0.00646746863277713 0.00536164280735617 0.00345184673800483 0.00549435455069916 0 0.0042755141305742 0 0.00424160162877503
"летучий" 0 0.0258698745311085 0.00536164280735617 0 0 0 0.0128265423917226 0.00527370530534754 0
"лечу" 0 0.00646746863277713 0 0.00690369347600967 0 0.00522657189149637 0.0128265423917226 0.00527370530534754 0.00424160162877503
"лир" 0 0.00646746863277713 0 0.0172592336900242 0.00274717727534958 0.00522657189149637 0 0.00527370530534754 0
"лобзанья" 0.00895977062987188 0 0.00536164280735617 0.020711080428029 0 0 0.0042755141305742 0 0
"лоне" 0 0 0 0.0103555402140145 0 0.0104531437829927 0.0042755141305742 0.00527370530534754 0.00848320325755005
"лошадей" 0 0 0 0.00345184673800483 0.0137358863767479 0.0156797156744891 0 0 0
"лучами" 0 0.0194024058983314 0 0.0138073869520193 0 0 0.0042755141305742 0 0.00424160162877503
"льстец" 0 0 0 0.0172592336900242 0 0.0104531437829927 0 0 0.00848320325755005
"м" 0 0.00646746863277713 0.0107232856147123 0 0.0109887091013983 0.00522657189149637 0.0042755141305742 0 0
"мал" 0 0.00646746863277713 0.0107232856147123 0.00345184673800483 0.00824153182604873 0 0.0085510282611484 0 0
"мальчика" 0 0 0 0.00690369347600967 0.019230240927447 0 0 0 0
"мёртвых" 0.00895977062987188 0 0.0107232856147123 0 0.00274717727534958 0.00522657189149637 0.0085510282611484 0 0.00848320325755005
"месть" 0 0 0 0 0 0.00522657189149637 0.0128265423917226 0.0105474106106951 0.0127248048863251
"мечтанье" 0 0.00646746863277713 0 0.0138073869520193 0 0 0.0042755141305742 0.0105474106106951 0.00424160162877503
"милее" 0 0.00646746863277713 0 0.00690369347600967 0 0.0156797156744891 0.0042755141305742 0.0105474106106951 0
"минувшее" 0 0.00646746863277713 0 0.00345184673800483 0 0.0209062875659855 0.0128265423917226 0 0
"младенчества" 0 0 0 0 0.00274717727534958 0.0365860032404746 0.0042755141305742 0 0
"младую" 0 0.00646746863277713 0.00536164280735617 0.00345184673800483 0 0.0156797156744891 0.0042755141305742 0.0105474106106951 0
"молвы" 0 0 0 0.0138073869520193 0 0.00522657189149637 0 0.00527370530534754 0.0127248048863251
"молиться" 0.00895977062987188 0.0129349372655543 0 0 0.00549435455069916 0.00522657189149637 0.0085510282611484 0 0.00424160162877503
"молодец" 0.00895977062987188 0 0.0268082140367809 0.00345184673800483 0.00549435455069916 0 0 0 0
"молодые" 0 0.00646746863277713 0.0107232856147123 0 0.00824153182604873 0 0.0042755141305742 0.00527370530534754 0.00424160162877503
"монаха" 0 0 0 0.0103555402140145 0 0.0313594313489782 0 0 0
"мрачные" 0.0179195412597438 0 0 0.0103555402140145 0 0.00522657189149637 0.0042755141305742 0.0105474106106951 0
"мудрено" 0.00895977062987188 0 0 0.00690369347600967 0.0137358863767479 0 0 0 0.00424160162877503
"мщенье" 0 0.00646746863277713 0 0.00345184673800483 0.00274717727534958 0.00522657189149637 0.0085510282611484 0.0105474106106951 0.00424160162877503
"мыслил" 0 0 0.00536164280735617 0.00345184673800483 0 0.0104531437829927 0.0085510282611484 0.0158211159160426 0
"мятежный" 0 0.00646746863277713 0 0.0103555402140145 0 0.0209062875659855 0 0.00527370530534754 0
"наверно" 0.0179195412597438 0 0.0107232856147123 0.00690369347600967 0.00274717727534958 0.00522657189149637 0.0042755141305742 0 0
"награда" 0 0.00646746863277713 0 0.0103555402140145 0 0.0156797156744891 0 0.0105474106106951 0
"например" 0.00895977062987188 0.00646746863277713 0 0.00345184673800483 0.00549435455069916 0.00522657189149637 0 0 0.0127248048863251
"народе" 0.00895977062987188 0.0129349372655543 0.0107232856147123 0.00345184673800483 0.00549435455069916 0 0.0042755141305742 0 0
"народной" 0.00895977062987188 0 0 0.00690369347600967 0.00274717727534958 0 0.0085510282611484 0.0158211159160426 0
"небесных" 0 0.00646746863277713 0 0.00690369347600967 0 0 0.0128265423917226 0.00527370530534754 0.00848320325755005
"невидимо" 0 0 0.00536164280735617 0.00345184673800483 0.00549435455069916 0.0104531437829927 0 0.00527370530534754 0.00848320325755005
"негой" 0 0.00646746863277713 0 0.0172592336900242 0 0.0104531437829927 0 0.00527370530534754 0
"недугом" 0.00895977062987188 0 0 0.00345184673800483 0.00274717727534958 0 0.021377570652871 0 0.00424160162877503
"несколько" 0 0 0.00536164280735617 0 0.0137358863767479 0.00522657189149637 0.0042755141305742 0.00527370530534754 0
"нравы" 0.00895977062987188 0 0 0.00345184673800483 0 0.00522657189149637 0.0042755141305742 0.0210948212213901 0.00424160162877503
"нужды" 0 0.00646746863277713 0.0107232856147123 0.00690369347600967 0.00274717727534958 0.00522657189149637 0 0.0105474106106951 0
"обеты" 0.0179195412597438 0.00646746863277713 0.00536164280735617 0.0103555402140145 0.00274717727534958 0.00522657189149637 0 0 0
"обидно" 0.0358390825194875 0 0.0107232856147123 0 0.00549435455069916 0 0 0 0.00424160162877503
"общий" 0 0 0.00536164280735617 0.0103555402140145 0.00274717727534958 0.00522657189149637 0.0042755141305742 0 0.00848320325755005
"обязан" 0.00895977062987188 0 0.00536164280735617 0.00690369347600967 0.00549435455069916 0 0 0.00527370530534754 0.00848320325755005
"окна" 0 0.0194024058983314 0 0.00690369347600967 0.00274717727534958 0 0.0128265423917226 0 0
"окном" 0 0.0194024058983314 0 0.00690369347600967 0 0 0.0128265423917226 0.00527370530534754 0
"опасный" 0 0.00646746863277713 0 0.00690369347600967 0.00549435455069916 0.00522657189149637 0.0042755141305742 0.0105474106106951 0
"останется" 0.00895977062987188 0 0 0.00345184673800483 0.00549435455069916 0.00522657189149637 0.0085510282611484 0.0105474106106951 0
"отдай" 0 0 0.00536164280735617 0.00345184673800483 0.00824153182604873 0.00522657189149637 0 0.0105474106106951 0.00424160162877503
"отдать" 0 0.0129349372655543 0.00536164280735617 0.00345184673800483 0 0 0.0085510282611484 0 0.0127248048863251
"отправился" 0 0.00646746863277713 0.0107232856147123 0 0.0137358863767479 0 0 0 0.00424160162877503
"отцу" 0.00895977062987188 0.00646746863277713 0.0268082140367809 0 0.00549435455069916 0 0 0 0
"отчизне" 0.0179195412597438 0.00646746863277713 0.00536164280735617 0.00345184673800483 0 0.00522657189149637 0 0.00527370530534754 0.00848320325755005
"пантелей" 0 0 0.0482547852662056 0 0 0 0 0 0
"пастух" 0 0.0194024058983314 0.00536164280735617 0.00690369347600967 0.00274717727534958 0.00522657189149637 0 0.00527370530534754 0
"пенье" 0.00895977062987188 0 0 0.00345184673800483 0.00549435455069916 0 0.0042755141305742 0.00527370530534754 0.0127248048863251
"первая" 0 0 0.00536164280735617 0.00345184673800483 0.00824153182604873 0 0 0.0158211159160426 0.00424160162877503
"пес" 0 0.00646746863277713 0 0 0.0137358863767479 0.00522657189149637 0.0085510282611484 0 0
"печальная" 0 0 0 0.00345184673800483 0.00549435455069916 0.00522657189149637 0 0.0105474106106951 0.0127248048863251
"печатью" 0 0 0.00536164280735617 0.00690369347600967 0.0109887091013983 0 0.0042755141305742 0 0.00424160162877503
"пили" 0.00895977062987188 0 0.0160849284220685 0.00345184673800483 0.00549435455069916 0.00522657189149637 0.0042755141305742 0 0
"писал" 0.00895977062987188 0 0 0.00345184673800483 0.00824153182604873 0 0.0128265423917226 0 0.00424160162877503
"письмо" 0 0 0 0 0 0.00522657189149637 0.021377570652871 0.0105474106106951 0.00424160162877503
"плачу" 0 0.00646746863277713 0 0 0.00549435455069916 0.00522657189149637 0.0042755141305742 0.0105474106106951 0.00848320325755005
"племён" 0 0 0 0.00690369347600967 0.00274717727534958 0 0 0.0210948212213901 0.00848320325755005
"плуг" 0 0 0.00536164280735617 0.00345184673800483 0 0.00522657189149637 0 0.0210948212213901 0.00848320325755005
"плут" 0 0.00646746863277713 0 0.00690369347600967 0.00824153182604873 0.0156797156744891 0 0 0
"побольше" 0.0179195412597438 0 0 0.00690369347600967 0.0109887091013983 0 0 0 0.00424160162877503
"поверьте" 0 0 0 0.00690369347600967 0.00824153182604873 0 0 0 0.0169664065151001
"поди" 0 0.00646746863277713 0.0107232856147123 0 0.00549435455069916 0 0.0085510282611484 0.0105474106106951 0
"подходит" 0 0 0.0160849284220685 0.0103555402140145 0.00824153182604873 0 0 0 0
"поешь" 0.00895977062987188 0 0 0.0138073869520193 0.00274717727534958 0.00522657189149637 0 0.00527370530534754 0.00424160162877503
"полные" 0 0.0129349372655543 0 0.0103555402140145 0.00274717727534958 0.00522657189149637 0 0.0105474106106951 0
"порог" 0.0179195412597438 0.00646746863277713 0.0107232856147123 0.00345184673800483 0.00274717727534958 0.00522657189149637 0 0.00527370530534754 0
"портрет" 0 0 0.0107232856147123 0.00690369347600967 0.00549435455069916 0 0.0128265423917226 0 0
"порыв" 0.00895977062987188 0 0.00536164280735617 0.00345184673800483 0 0.00522657189149637 0.0042755141305742 0.00527370530534754 0.0127248048863251
"посланье" 0 0 0 0 0.00274717727534958 0 0 0.00527370530534754 0.0296912114014252
"последняя" 0.00895977062987188 0 0.00536164280735617 0 0.00824153182604873 0.00522657189149637 0.0042755141305742 0 0.00848320325755005
"потерял" 0.0179195412597438 0 0 0.00690369347600967 0.00274717727534958 0 0.0085510282611484 0.0105474106106951 0
"пощады" 0.00895977062987188 0 0.0160849284220685 0.00690369347600967 0 0 0.0085510282611484 0.00527370530534754 0
"предан" 0 0 0.00536164280735617 0.00345184673800483 0.00274717727534958 0 0.0171020565222968 0.00527370530534754 0.00424160162877503
"пределы" 0.00895977062987188 0 0 0.00345184673800483 0.00549435455069916 0.0104531437829927 0 0.0158211159160426 0
"предметы" 0 0 0 0.0103555402140145 0 0.00522657189149637 0.0085510282611484 0.00527370530534754 0.00848320325755005
"прежний" 0 0 0.00536164280735617 0.00345184673800483 0.00274717727534958 0.0104531437829927 0.0085510282611484 0.00527370530534754 0.00424160162877503
"припомнил" 0.00895977062987188 0 0 0 0.00549435455069916 0 0.0256530847834452 0 0
"приятель" 0.00895977062987188 0.00646746863277713 0 0.00690369347600967 0 0 0.0085510282611484 0.0105474106106951 0.00424160162877503
"прогресс" 0.0268793118896156 0 0 0 0.0164830636520975 0 0 0 0
"проказник" 0 0 0.00536164280735617 0.020711080428029 0.00274717727534958 0 0.0042755141305742 0 0
"проклятья" 0 0.00646746863277713 0.00536164280735617 0 0.00274717727534958 0 0.0171020565222968 0 0.00848320325755005
"промысла" 0 0 0 0 0 0.0104531437829927 0 0.0210948212213901 0.0127248048863251
"пропала" 0.0179195412597438 0 0 0 0.0137358863767479 0.00522657189149637 0.0042755141305742 0 0
"просвещенья" 0 0.00646746863277713 0 0.00690369347600967 0.00549435455069916 0 0 0.00527370530534754 0.0127248048863251
"проснулся" 0.00895977062987188 0 0 0.00345184673800483 0 0.0261328594574818 0 0.0105474106106951 0
"прошлых" 0.00895977062987188 0 0 0.00690369347600967 0 0 0.0085510282611484 0.0210948212213901 0
"публика" 0 0 0 0 0.0109887091013983 0 0.0042755141305742 0.00527370530534754 0.0127248048863251
"пустынной" 0 0 0 0.0138073869520193 0 0.0209062875659855 0 0 0.00424160162877503
"пыль" 0 0 0.0107232856147123 0.0103555402140145 0.00274717727534958 0 0.0042755141305742 0.00527370530534754 0.00424160162877503
"пышно" 0.0179195412597438 0.0129349372655543 0.0107232856147123 0 0.00274717727534958 0.00522657189149637 0.0042755141305742 0 0
"пьем" 0 0 0.0214465712294247 0.00690369347600967 0.00549435455069916 0 0.0042755141305742 0 0
"пятнадцать" 0.00895977062987188 0 0.00536164280735617 0.00345184673800483 0.00824153182604873 0 0.0128265423917226 0 0
"рабов" 0 0 0 0.00690369347600967 0.00274717727534958 0.00522657189149637 0.0042755141305742 0.0105474106106951 0.00848320325755005
"разврата" 0 0.00646746863277713 0 0 0 0 0.0042755141305742 0.0263685265267377 0.00848320325755005
"раздаётся" 0 0.0129349372655543 0.00536164280735617 0.00690369347600967 0 0.0104531437829927 0 0.00527370530534754 0.00424160162877503
"рассвета" 0 0 0.0214465712294247 0.00345184673800483 0 0.0156797156744891 0.0042755141305742 0 0
"рассказы" 0.00895977062987188 0 0 0.0138073869520193 0.00274717727534958 0 0.0085510282611484 0 0.00424160162877503
"ребёнка" 0.00895977062987188 0 0 0.00345184673800483 0.00549435455069916 0 0.0171020565222968 0.00527370530534754 0
"ребёнок" 0.0179195412597438 0.00646746863277713 0 0 0.00274717727534958 0 0.0128265423917226 0 0.00848320325755005
"родные" 0 0.00646746863277713 0.00536164280735617 0.00690369347600967 0.00824153182604873 0 0 0 0.00848320325755005
"роза" 0 0.0129349372655543 0 0.0138073869520193 0.00274717727534958 0 0 0.00527370530534754 0.00424160162877503
"ручья" 0 0 0 0.00690369347600967 0 0.0156797156744891 0 0.0158211159160426 0.00424160162877503
"самого" 0 0 0.00536164280735617 0.00345184673800483 0.00549435455069916 0.00522657189149637 0.0085510282611484 0 0.00848320325755005
"сват" 0 0.0129349372655543 0.032169856844137 0 0 0.00522657189149637 0 0 0
"свирель" 0 0 0 0 0 0.0104531437829927 0 0.0210948212213901 0.0127248048863251
"свирепый" 0 0 0.00536164280735617 0 0.00274717727534958 0.00522657189149637 0.0085510282611484 0.0158211159160426 0.00424160162877503
"сени" 0 0 0 0.0172592336900242 0 0 0 0.0158211159160426 0.00424160162877503
"сердечный" 0.0179195412597438 0.0194024058983314 0 0.00345184673800483 0 0.00522657189149637 0 0.00527370530534754 0.00424160162877503
"сидели" 0 0 0 0 0.0137358863767479 0.00522657189149637 0.0042755141305742 0 0.00848320325755005
"сие" 0 0 0 0 0 0.0104531437829927 0 0.0105474106106951 0.0212080081438751
"сильнее" 0.00895977062987188 0 0.0214465712294247 0 0.00274717727534958 0.00522657189149637 0 0 0.00848320325755005
"сладостный" 0 0 0 0.0172592336900242 0 0.00522657189149637 0 0.0105474106106951 0.00424160162877503
"сладострастья" 0 0.0129349372655543 0 0.0138073869520193 0.00549435455069916 0.00522657189149637 0 0 0
"слегка" 0.0268793118896156 0 0 0 0.00549435455069916 0 0.0085510282611484 0.00527370530534754 0.00424160162877503
"словами" 0 0.00646746863277713 0 0.00345184673800483 0 0.0104531437829927 0.0042755141305742 0.0105474106106951 0.00848320325755005
"смеяться" 0 0 0.0107232856147123 0.0103555402140145 0 0.00522657189149637 0.0085510282611484 0.00527370530534754 0
"смиренный" 0 0.00646746863277713 0 0.00690369347600967 0 0.00522657189149637 0 0.0263685265267377 0
"смотришь" 0 0.00646746863277713 0.0160849284220685 0.00345184673800483 0.00549435455069916 0.00522657189149637 0.0042755141305742 0 0
"сняв" 0 0 0 0.00690369347600967 0.00549435455069916 0.0156797156744891 0 0 0.00848320325755005
"собак" 0 0 0.0107232856147123 0 0.00824153182604873 0 0.0042755141305742 0.00527370530534754 0.00848320325755005
"согласно" 0 0 0.00536164280735617 0 0 0 0.0256530847834452 0 0.00848320325755005
"сосед" 0.00895977062987188 0 0 0.00690369347600967 0.00274717727534958 0.0104531437829927 0.0042755141305742 0.0105474106106951 0
"соседа" 0 0 0.0107232856147123 0.00690369347600967 0 0 0.0128265423917226 0.00527370530534754 0.00424160162877503
"спешит" 0.00895977062987188 0.0194024058983314 0 0.0103555402140145 0 0 0 0.00527370530534754 0.00424160162877503
"спешу" 0 0.00646746863277713 0 0.0138073869520193 0 0.0104531437829927 0 0 0.00848320325755005
"спорю" 0 0 0 0.00345184673800483 0.00274717727534958 0.0104531437829927 0.0042755141305742 0 0.0169664065151001
"стараясь" 0.00895977062987188 0.00646746863277713 0 0.00345184673800483 0.00274717727534958 0 0.0128265423917226 0 0.00848320325755005
"старой" 0 0.00646746863277713 0.00536164280735617 0.00690369347600967 0.0109887091013983 0 0 0.00527370530534754 0
"статья" 0 0 0 0.00345184673800483 0.0109887091013983 0 0.0085510282611484 0 0.00848320325755005
"степи" 0 0 0 0 0.0164830636520975 0 0.0085510282611484 0 0.00424160162877503
"стой" 0.00895977062987188 0 0.0107232856147123 0 0.00549435455069916 0 0 0.0105474106106951 0.00848320325755005
"стопою" 0 0 0 0 0 0.0104531437829927 0.0042755141305742 0.0105474106106951 0.0169664065151001
"сторона" 0.00895977062987188 0 0 0.00345184673800483 0.00549435455069916 0.0104531437829927 0.0085510282611484 0.00527370530534754 0
"страдания" 0.00895977062987188 0 0 0 0.00274717727534958 0.0104531437829927 0.0085510282611484 0 0.0127248048863251
"страны" 0 0 0.00536164280735617 0.00345184673800483 0.00274717727534958 0.0104531437829927 0.0085510282611484 0.0105474106106951 0
"струи" 0.00895977062987188 0.00646746863277713 0 0.00690369347600967 0 0.0104531437829927 0 0.00527370530534754 0.00848320325755005
"судить" 0 0.0129349372655543 0 0 0.00274717727534958 0.0104531437829927 0.0128265423917226 0.00527370530534754 0
"счастию" 0.00895977062987188 0 0 0 0.00824153182604873 0.00522657189149637 0.0085510282611484 0.00527370530534754 0.00424160162877503
"счастливец" 0.00895977062987188 0.0129349372655543 0.00536164280735617 0.00690369347600967 0.00274717727534958 0.00522657189149637 0 0 0.00424160162877503
"сырой" 0 0.00646746863277713 0 0.00345184673800483 0.00549435455069916 0.00522657189149637 0.0171020565222968 0 0
"таинства" 0 0 0 0 0 0.0156797156744891 0.0042755141305742 0.00527370530534754 0.0169664065151001
"таинственной" 0 0.00646746863277713 0 0.00345184673800483 0 0.0104531437829927 0.0085510282611484 0.0105474106106951 0.00424160162877503
"тайно" 0 0.0129349372655543 0 0.00690369347600967 0 0.00522657189149637 0 0.0210948212213901 0
"тайну" 0 0.00646746863277713 0.0160849284220685 0.0138073869520193 0 0 0 0.00527370530534754 0
"театр" 0.00895977062987188 0 0 0 0.0164830636520975 0 0.0042755141305742 0 0.00424160162877503
"терпеть" 0.00895977062987188 0 0.00536164280735617 0.00345184673800483 0.00274717727534958 0 0.0085510282611484 0.00527370530534754 0.00848320325755005
"тихих" 0 0.00646746863277713 0 0.0138073869520193 0.00274717727534958 0.00522657189149637 0 0.0105474106106951 0
"тихою" 0 0 0 0.0103555402140145 0 0.0104531437829927 0 0.0105474106106951 0.00848320325755005
"тишину" 0.00895977062987188 0 0 0.00690369347600967 0.00274717727534958 0 0 0.0158211159160426 0.00848320325755005
"тоскует" 0.00895977062987188 0.0129349372655543 0 0.00690369347600967 0.00549435455069916 0.00522657189149637 0 0.00527370530534754 0
"труды" 0 0 0.0107232856147123 0.00690369347600967 0 0 0.0042755141305742 0.0105474106106951 0.00848320325755005
"туча" 0.00895977062987188 0 0 0.00345184673800483 0.0109887091013983 0 0.0042755141305742 0.00527370530534754 0.00424160162877503
"тщетно" 0 0 0.00536164280735617 0 0 0.0104531437829927 0.0128265423917226 0.00527370530534754 0.00848320325755005
"тьмы" 0 0.00646746863277713 0 0 0.00824153182604873 0 0.0042755141305742 0 0.0169664065151001
"тяжко" 0.00895977062987188 0.00646746863277713 0 0.0172592336900242 0 0.0104531437829927 0 0 0
"уверен" 0 0 0.0160849284220685 0.00690369347600967 0 0 0.0171020565222968 0 0
"уголок" 0 0 0 0.0103555402140145 0.00274717727534958 0.0104531437829927 0 0.00527370530534754 0.00848320325755005
"ужаса" 0 0.00646746863277713 0 0.00345184673800483 0.00274717727534958 0.0104531437829927 0.0042755141305742 0.0158211159160426 0
"узнала" 0 0.0129349372655543 0 0.00345184673800483 0.00549435455069916 0.00522657189149637 0.0042755141305742 0.00527370530534754 0.00424160162877503
"узрел" 0 0 0.00536164280735617 0.0138073869520193 0 0.00522657189149637 0 0.0158211159160426 0
"усталый" 0 0 0 0.00690369347600967 0.00549435455069916 0.00522657189149637 0 0.0158211159160426 0.00424160162877503
"утренней" 0 0 0 0.0276147739040387 0 0 0 0.00527370530534754 0
"учёный" 0 0 0.00536164280735617 0.00690369347600967 0.00274717727534958 0 0.0085510282611484 0 0.0127248048863251
"ушла" 0 0.00646746863277713 0 0 0.00274717727534958 0.0104531437829927 0.0171020565222968 0 0.00424160162877503
"хладной" 0 0.00646746863277713 0 0.00690369347600967 0 0.0104531437829927 0.0042755141305742 0.0158211159160426 0
"хотелось" 0.0179195412597438 0 0 0.00345184673800483 0.00824153182604873 0.00522657189149637 0.0042755141305742 0 0.00424160162877503
"хохот" 0.00895977062987188 0.0129349372655543 0.0107232856147123 0.00345184673800483 0.00274717727534958 0 0.0042755141305742 0 0.00424160162877503
"хранит" 0 0 0 0.0103555402140145 0 0.00522657189149637 0.0042755141305742 0.00527370530534754 0.0127248048863251
"царевна" 0 0 0.0428931424588494 0 0.00274717727534958 0 0 0 0
"цветущий" 0 0 0.00536164280735617 0.00690369347600967 0 0.0104531437829927 0 0 0.0169664065151001
"цену" 0 0 0.00536164280735617 0.00690369347600967 0.00549435455069916 0.00522657189149637 0 0.00527370530534754 0.00848320325755005
"человеку" 0.0268793118896156 0.00646746863277713 0.00536164280735617 0 0 0 0.0128265423917226 0 0.00424160162877503
"чёрных" 0 0.00646746863277713 0 0.00345184673800483 0 0.00522657189149637 0.0128265423917226 0.00527370530534754 0.00848320325755005
"чуждых" 0.00895977062987188 0.0129349372655543 0.00536164280735617 0.00345184673800483 0 0.00522657189149637 0 0.00527370530534754 0.00848320325755005
"чужих" 0.00895977062987188 0 0 0.00345184673800483 0 0.0156797156744891 0.0042755141305742 0.00527370530534754 0.00848320325755005
"шла" 0.00895977062987188 0.00646746863277713 0.00536164280735617 0.00690369347600967 0.0109887091013983 0 0 0 0
"эрот" 0 0.0258698745311085 0 0.00345184673800483 0 0.0209062875659855 0 0 0
"ягу" 0 0 0.0482547852662056 0 0 0 0 0 0
"авось" 0 0 0.00536164280735617 0 0.0164830636520975 0 0.0042755141305742 0 0
"алтарей" 0 0 0 0.00345184673800483 0 0.00522657189149637 0 0.0210948212213901 0.00848320325755005
"баб" 0 0 0.0214465712294247 0 0.00824153182604873 0 0.0042755141305742 0 0
"бег" 0 0.0129349372655543 0 0.00345184673800483 0.00274717727534958 0 0.0042755141305742 0.0105474106106951 0.00424160162877503
"бедного" 0 0 0.00536164280735617 0.00345184673800483 0.00549435455069916 0.0104531437829927 0 0 0.00848320325755005
"безумно" 0.00895977062987188 0 0 0 0.00274717727534958 0.00522657189149637 0 0.0105474106106951 0.0127248048863251
"белая" 0 0 0.00536164280735617 0 0.0164830636520975 0.00522657189149637 0 0 0
"беру" 0.0179195412597438 0 0 0.00690369347600967 0.00274717727534958 0.00522657189149637 0 0.00527370530534754 0.00424160162877503
"бил" 0 0.0129349372655543 0.0107232856147123 0 0.00549435455069916 0 0.0042755141305742 0 0.00424160162877503
"бился" 0 0.00646746863277713 0.00536164280735617 0.00345184673800483 0.00824153182604873 0 0 0.0105474106106951 0
"блеске" 0 0.0129349372655543 0 0.0138073869520193 0 0 0 0.00527370530534754 0.00424160162877503
"блеснул" 0 0.0129349372655543 0.00536164280735617 0.00345184673800483 0.00274717727534958 0.00522657189149637 0 0.0105474106106951 0
"блестят" 0.00895977062987188 0.0129349372655543 0.00536164280735617 0 0 0.0104531437829927 0 0.00527370530534754 0.00424160162877503
"боец" 0 0.0129349372655543 0 0 0.00549435455069916 0 0 0 0.0169664065151001
"божество" 0.00895977062987188 0 0 0.0103555402140145 0 0.00522657189149637 0.0042755141305742 0.00527370530534754 0.00424160162877503
"бор" 0 0.00646746863277713 0.0107232856147123 0 0 0 0.0042755141305742 0.00527370530534754 0.0127248048863251
"брал" 0.00895977062987188 0.00646746863277713 0 0.00345184673800483 0.00824153182604873 0.00522657189149637 0 0 0.00424160162877503
"бранил" 0.00895977062987188 0 0.00536164280735617 0.00690369347600967 0 0 0.0042755141305742 0.0158211159160426 0
"брату" 0 0.00646746863277713 0.0107232856147123 0.0103555402140145 0.00274717727534958 0.00522657189149637 0 0 0
"бросился" 0 0 0 0 0.0109887091013983 0 0 0.00527370530534754 0.0127248048863251
"буйные" 0 0 0 0.00345184673800483 0.0109887091013983 0.00522657189149637 0 0.00527370530534754 0.00424160162877503
"вдохновеньем" 0.00895977062987188 0.00646746863277713 0 0.0103555402140145 0 0.00522657189149637 0 0.0105474106106951 0
"ведут" 0.00895977062987188 0 0.0214465712294247 0 0 0 0.0042755141305742 0.00527370530534754 0.00424160162877503
"веками" 0 0.00646746863277713 0 0 0.00824153182604873 0 0 0 0.0169664065151001
"величаво" 0.00895977062987188 0 0 0.00690369347600967 0.00549435455069916 0.00522657189149637 0.0042755141305742 0 0.00424160162877503
"величавый" 0 0.00646746863277713 0 0.0172592336900242 0 0 0 0.0105474106106951 0
"венком" 0 0 0 0.0138073869520193 0.00274717727534958 0.0104531437829927 0 0 0.00424160162877503
"верил" 0 0 0.00536164280735617 0.00345184673800483 0.00549435455069916 0 0.0042755141305742 0.00527370530534754 0.00848320325755005
"верна" 0 0.00646746863277713 0.00536164280735617 0.00345184673800483 0 0.0156797156744891 0.0085510282611484 0 0
"вернулся" 0 0 0.0107232856147123 0 0.0109887091013983 0 0.0085510282611484 0 0
"верные" 0 0 0 0.0103555402140145 0.00549435455069916 0.00522657189149637 0 0.00527370530534754 0.00424160162877503
"ветвей" 0 0.00646746863277713 0 0.00690369347600967 0 0.00522657189149637 0 0.0105474106106951 0.00848320325755005
"ветреный" 0 0 0 0.0172592336900242 0.00274717727534958 0.00522657189149637 0.0042755141305742 0 0
"взглянуть" 0.0179195412597438 0.00646746863277713 0.00536164280735617 0 0 0 0.0085510282611484 0.00527370530534754 0.00424160162877503
"виден" 0 0.00646746863277713 0 0.00345184673800483 0.00274717727534958 0.00522657189149637 0.0085510282611484 0 0.00848320325755005
"видим" 0 0.00646746863277713 0.00536164280735617 0 0.00824153182604873 0 0.0042755141305742 0.00527370530534754 0.00424160162877503
"владыка" 0 0.00646746863277713 0.00536164280735617 0 0 0 0 0.0158211159160426 0.0127248048863251
"властелин" 0 0 0 0.00690369347600967 0.00274717727534958 0.00522657189149637 0.0128265423917226 0.00527370530534754 0
"внезапно" 0 0 0 0.00345184673800483 0.0109887091013983 0 0.0085510282611484 0 0.00424160162877503
"внимал" 0.00895977062987188 0 0 0 0.00274717727534958 0 0.0042755141305742 0.0263685265267377 0
"вниманье" 0 0 0 0.0103555402140145 0 0 0.0042755141305742 0.0105474106106951 0.00848320325755005
"водки" 0 0 0.0107232856147123 0 0.0109887091013983 0.00522657189149637 0 0 0.00424160162877503
"водою" 0 0.0258698745311085 0 0.00345184673800483 0 0.00522657189149637 0 0 0.00848320325755005
"воет" 0 0.0129349372655543 0.0107232856147123 0.00690369347600967 0 0 0 0.00527370530534754 0.00424160162877503
"возвратился" 0.00895977062987188 0.00646746863277713 0.00536164280735617 0.00690369347600967 0 0 0.0042755141305742 0.00527370530534754 0.00424160162877503
"возвратит" 0 0.00646746863277713 0.00536164280735617 0.00345184673800483 0 0.0104531437829927 0 0 0.0127248048863251
"воздух" 0 0.0194024058983314 0 0.00345184673800483 0.00549435455069916 0.0104531437829927 0 0 0
"возьму" 0 0.00646746863277713 0 0 0 0.0209062875659855 0.0085510282611484 0 0.00424160162877503
"волнам" 0 0.00646746863277713 0 0.00345184673800483 0 0 0.0085510282611484 0.0105474106106951 0.00848320325755005
"волнуясь" 0.00895977062987188 0.00646746863277713 0 0 0.00274717727534958 0 0.0171020565222968 0.00527370530534754 0
"восток" 0 0.0129349372655543 0.00536164280735617 0.00345184673800483 0 0.00522657189149637 0.0085510282611484 0.00527370530534754 0
"впервые" 0.00895977062987188 0 0 0.00345184673800483 0.00549435455069916 0 0.0042755141305742 0 0.0127248048863251
"вражда" 0.0179195412597438 0 0 0.00345184673800483 0.00824153182604873 0 0.0085510282611484 0 0
"вражды" 0 0 0.00536164280735617 0.00690369347600967 0.00274717727534958 0 0.0085510282611484 0.00527370530534754 0.00424160162877503
"вскочил" 0 0.00646746863277713 0 0 0.019230240927447 0 0 0 0
"встречает" 0.00895977062987188 0 0 0.00345184673800483 0.00549435455069916 0.00522657189149637 0.0042755141305742 0 0.00848320325755005
"вступил" 0.00895977062987188 0 0.00536164280735617 0 0.00274717727534958 0 0.0085510282611484 0.00527370530534754 0.00848320325755005
"втайне" 0.00895977062987188 0.00646746863277713 0 0.0172592336900242 0 0 0 0.00527370530534754 0
"входит" 0 0.0129349372655543 0.0107232856147123 0 0 0 0.0042755141305742 0.0158211159160426 0
"выпил" 0.00895977062987188 0.00646746863277713 0.00536164280735617 0 0.0137358863767479 0 0 0 0
"вьются" 0 0.0258698745311085 0.0107232856147123 0.00345184673800483 0.00274717727534958 0 0 0 0
"гения" 0 0.00646746863277713 0 0.00690369347600967 0 0 0 0.0158211159160426 0.00848320325755005
"гимны" 0 0.00646746863277713 0 0.0138073869520193 0.00274717727534958 0 0 0.00527370530534754 0.00424160162877503
"глубоких" 0 0 0 0.00690369347600967 0 0.00522657189149637 0.0171020565222968 0.00527370530534754 0
"глупец" 0.00895977062987188 0 0 0 0 0.00522657189149637 0.0085510282611484 0.0158211159160426 0.00424160162877503
"глухо" 0.00895977062987188 0.00646746863277713 0 0.00690369347600967 0.00274717727534958 0 0.0085510282611484 0.00527370530534754 0
"голод" 0 0 0.0160849284220685 0 0.00549435455069916 0.00522657189149637 0.0042755141305742 0.00527370530534754 0
"гонимый" 0 0.00646746863277713 0 0.0103555402140145 0 0 0.0042755141305742 0.0105474106106951 0.00424160162877503
"гордою" 0.00895977062987188 0 0 0.00690369347600967 0 0.00522657189149637 0.0085510282611484 0.0105474106106951 0
"горести" 0 0.0129349372655543 0 0 0.00274717727534958 0 0 0.0158211159160426 0.00848320325755005
"горька" 0 0 0.00536164280735617 0.00345184673800483 0.00824153182604873 0.00522657189149637 0.0085510282611484 0 0
"горькой" 0.00895977062987188 0 0.0107232856147123 0.00345184673800483 0.00549435455069916 0.00522657189149637 0.0042755141305742 0 0
"грации" 0.0179195412597438 0 0 0.00690369347600967 0 0 0.0042755141305742 0.0105474106106951 0.00424160162877503
"грешно" 0 0 0 0.0103555402140145 0 0 0.0042755141305742 0.00527370530534754 0.0127248048863251
"громами" 0 0.00646746863277713 0 0.00345184673800483 0 0.0156797156744891 0.0042755141305742 0.00527370530534754 0.00424160162877503
"грусть" 0 0.00646746863277713 0 0.00690369347600967 0 0.00522657189149637 0.0085510282611484 0.00527370530534754 0.00424160162877503
"грядущее" 0 0 0 0 0 0.0104531437829927 0.0085510282611484 0 0.0169664065151001
"грянет" 0 0.00646746863277713 0 0.0138073869520193 0.00274717727534958 0.00522657189149637 0 0 0.00424160162877503
"гулять" 0 0.00646746863277713 0.00536164280735617 0.00345184673800483 0.0109887091013983 0 0.0042755141305742 0 0
"дав" 0.0179195412597438 0 0 0 0.00274717727534958 0.00522657189149637 0.0085510282611484 0.00527370530534754 0.00424160162877503
"дали" 0 0 0.0160849284220685 0 0.0109887091013983 0 0 0.00527370530534754 0
"дальный" 0 0.0129349372655543 0 0.0138073869520193 0 0.00522657189149637 0 0.00527370530534754 0
"дворец" 0 0.0129349372655543 0.0107232856147123 0.00345184673800483 0.00549435455069916 0 0 0.00527370530534754 0
"деве" 0 0.0129349372655543 0.00536164280735617 0.00690369347600967 0 0.00522657189149637 0 0.0105474106106951 0
"дельвиг" 0 0 0 0.0172592336900242 0 0.0104531437829927 0 0.00527370530534754 0
"дерево" 0 0 0.00536164280735617 0 0.0164830636520975 0 0.0042755141305742 0 0
"десять" 0 0 0.0160849284220685 0 0.00549435455069916 0.00522657189149637 0.0085510282611484 0 0
"дивился" 0 0 0.00536164280735617 0.00345184673800483 0 0.00522657189149637 0.0085510282611484 0.0158211159160426 0
"дне" 0 0.00646746863277713 0.00536164280735617 0.00345184673800483 0 0.00522657189149637 0.0042755141305742 0 0.0127248048863251
"добычу" 0 0 0 0.00690369347600967 0.00824153182604873 0.00522657189149637 0.0042755141305742 0 0.00424160162877503
"дороже" 0 0.00646746863277713 0 0.0138073869520193 0.00274717727534958 0.0104531437829927 0 0 0
"дружок" 0 0.00646746863277713 0.0214465712294247 0 0.00274717727534958 0.0104531437829927 0 0 0
"дубрав" 0 0 0 0.00345184673800483 0 0.0156797156744891 0 0.00527370530534754 0.0127248048863251
"думу" 0.00895977062987188 0.00646746863277713 0.00536164280735617 0 0.0109887091013983 0 0 0.00527370530534754 0
"духом" 0 0.00646746863277713 0 0.0103555402140145 0.00274717727534958 0 0 0.00527370530534754 0.00848320325755005
"дышала" 0 0 0.00536164280735617 0.0138073869520193 0.00274717727534958 0.00522657189149637 0 0.00527370530534754 0
"дядя" 0 0.0129349372655543 0.0107232856147123 0.0103555402140145 0.00274717727534958 0 0 0 0
"еду" 0 0.0129349372655543 0.0160849284220685 0 0.00549435455069916 0 0 0 0.00424160162877503
"жажды" 0 0.00646746863277713 0.00536164280735617 0.00690369347600967 0.00274717727534958 0 0.0085510282611484 0 0.00424160162877503
"жди" 0 0.00646746863277713 0 0.00345184673800483 0.00274717727534958 0 0.0128265423917226 0 0.00848320325755005
"желаньем" 0.00895977062987188 0 0 0.00690369347600967 0 0.0104531437829927 0 0 0.0127248048863251
"жестоко" 0 0 0 0.00690369347600967 0.00549435455069916 0.00522657189149637 0.0042755141305742 0.00527370530534754 0.00424160162877503
"житель" 0 0.00646746863277713 0.0107232856147123 0.00345184673800483 0.00274717727534958 0.00522657189149637 0.0042755141305742 0 0.00424160162877503
"журналист" 0 0 0.0107232856147123 0.00345184673800483 0 0.0156797156744891 0 0 0.00848320325755005
"заблужденья" 0 0 0 0.0103555402140145 0 0.0104531437829927 0 0.0105474106106951 0.00424160162877503
"забота" 0.00895977062987188 0.00646746863277713 0 0 0.00549435455069916 0 0.0085510282611484 0 0.00848320325755005
"забыли" 0.0179195412597438 0 0.00536164280735617 0.0138073869520193 0.00274717727534958 0 0 0 0
"завет" 0 0 0 0 0 0.0104531437829927 0.0042755141305742 0.00527370530534754 0.0169664065151001
"зависти" 0 0 0 0.00345184673800483 0 0 0 0.0210948212213901 0.0127248048863251
"задумчивой" 0 0 0 0.00345184673800483 0 0.00522657189149637 0 0.0105474106106951 0.0169664065151001
"заре" 0.0179195412597438 0 0.00536164280735617 0.00690369347600967 0 0.00522657189149637 0 0.00527370530534754 0.00424160162877503
"заснул" 0 0.00646746863277713 0 0.00690369347600967 0.00549435455069916 0.00522657189149637 0 0.00527370530534754 0.00424160162877503
"звездой" 0 0.0194024058983314 0.00536164280735617 0 0.00549435455069916 0.0104531437829927 0 0 0
"звездою" 0.00895977062987188 0.0129349372655543 0.00536164280735617 0.00690369347600967 0 0.00522657189149637 0 0.00527370530534754 0
"здоровье" 0 0 0.0107232856147123 0.0172592336900242 0 0 0.0042755141305742 0 0
"зрели" 0 0.00646746863277713 0 0.00690369347600967 0 0.0156797156744891 0.0042755141305742 0.00527370530534754 0
"зрит" 0 0.00646746863277713 0 0.00690369347600967 0 0.00522657189149637 0 0.0105474106106951 0.00848320325755005
"играй" 0 0.00646746863277713 0 0.0172592336900242 0.00274717727534958 0 0 0 0.00424160162877503
"идёшь" 0.0179195412597438 0.0129349372655543 0.00536164280735617 0 0.00274717727534958 0 0.0085510282611484 0 0
"избыток" 0.0179195412597438 0 0 0.00345184673800483 0 0 0.0085510282611484 0.00527370530534754 0.00848320325755005
"изменил" 0 0 0 0.00345184673800483 0.00549435455069916 0.00522657189149637 0.0042755141305742 0.0105474106106951 0.00424160162877503
"имена" 0.00895977062987188 0.00646746863277713 0 0.0103555402140145 0.00274717727534958 0.00522657189149637 0 0 0.00424160162877503
"история" 0 0 0.00536164280735617 0 0.00824153182604873 0 0.0085510282611484 0 0.00848320325755005
"кабак" 0.0179195412597438 0.00646746863277713 0.00536164280735617 0 0.0109887091013983 0 0 0 0
"кипят" 0 0 0 0.00690369347600967 0 0.00522657189149637 0.0128265423917226 0.0105474106106951 0
"клеветы" 0 0 0.00536164280735617 0.00345184673800483 0.00274717727534958 0.00522657189149637 0 0.0158211159160426 0.00424160162877503
"колыбели" 0 0 0 0 0.00274717727534958 0.0156797156744891 0.0042755141305742 0 0.0127248048863251
"красные" 0 0 0 0 0.019230240927447 0.00522657189149637 0 0 0
"красных" 0 0 0.00536164280735617 0.0138073869520193 0.00549435455069916 0.00522657189149637 0 0 0
"крестом" 0.0179195412597438 0.00646746863277713 0.00536164280735617 0 0.00549435455069916 0 0.0085510282611484 0 0
"крестьян" 0.00895977062987188 0 0.00536164280735617 0 0.0137358863767479 0 0.0042755141305742 0 0
"круглый" 0 0.00646746863277713 0 0.0103555402140145 0.00549435455069916 0.0104531437829927 0 0 0
"крылом" 0.00895977062987188 0.00646746863277713 0.00536164280735617 0.0103555402140145 0 0 0.0042755141305742 0.00527370530534754 0
"куплеты" 0.00895977062987188 0 0 0.00690369347600967 0.00274717727534958 0 0.0042755141305742 0.0158211159160426 0
"лесах" 0.00895977062987188 0.00646746863277713 0 0.0138073869520193 0 0.0104531437829927 0 0 0
"лести" 0 0.00646746863277713 0 0.0172592336900242 0 0 0.0042755141305742 0 0.00424160162877503
"летал" 0 0 0 0.0103555402140145 0.00274717727534958 0.0104531437829927 0.0042755141305742 0.00527370530534754 0
"летела" 0.00895977062987188 0 0 0.00345184673800483 0 0.0104531437829927 0.0042755141305742 0.0105474106106951 0.00424160162877503
"либерал" 0.00895977062987188 0 0.0107232856147123 0 0.00824153182604873 0 0.0085510282611484 0 0
"лишний" 0 0.00646746863277713 0.00536164280735617 0 0.00549435455069916 0.00522657189149637 0.0085510282611484 0.00527370530534754 0
"луне" 0.0179195412597438 0.00646746863277713 0.0107232856147123 0.00690369347600967 0 0 0 0 0.00424160162877503
"льзя" 0 0 0 0.0172592336900242 0 0.00522657189149637 0 0.00527370530534754 0.00424160162877503
"любезные" 0 0 0 0.00345184673800483 0.0109887091013983 0.00522657189149637 0.0042755141305742 0.00527370530534754 0
"людьми" 0 0.00646746863277713 0 0 0 0.0104531437829927 0.0171020565222968 0 0.00424160162877503
"матерь" 0 0.00646746863277713 0.00536164280735617 0.00345184673800483 0.00274717727534958 0.0156797156744891 0 0 0.00424160162877503
"меньше" 0 0.00646746863277713 0.0107232856147123 0 0.00549435455069916 0 0 0.00527370530534754 0.00848320325755005
"милое" 0.00895977062987188 0 0 0 0 0.0313594313489782 0.0042755141305742 0 0
"милую" 0 0.00646746863277713 0 0.00345184673800483 0.00274717727534958 0.0156797156744891 0 0.0105474106106951 0
"минутной" 0 0 0 0.00690369347600967 0 0.00522657189149637 0 0.0210948212213901 0.00424160162877503
"мнилось" 0 0.0258698745311085 0 0 0 0 0.0085510282611484 0.00527370530534754 0.00424160162877503
"можем" 0 0 0.00536164280735617 0 0.00274717727534958 0.00522657189149637 0.0085510282611484 0 0.0127248048863251
"молись" 0 0 0 0.00690369347600967 0.0109887091013983 0 0.0085510282611484 0 0
"молчи" 0 0.00646746863277713 0 0 0 0.0209062875659855 0.0085510282611484 0 0.00424160162877503
"мольбой" 0 0 0 0.00345184673800483 0 0.0156797156744891 0.0042755141305742 0.0105474106106951 0.00424160162877503
"молюсь" 0 0 0 0.00690369347600967 0.0137358863767479 0 0 0 0.00424160162877503
"мрачная" 0.00895977062987188 0.00646746863277713 0 0.00345184673800483 0 0 0 0.0158211159160426 0.00848320325755005
"мужа" 0.00895977062987188 0.00646746863277713 0.00536164280735617 0.00345184673800483 0.00824153182604873 0 0.0042755141305742 0 0
"мужем" 0.00895977062987188 0 0.0107232856147123 0 0.0109887091013983 0 0.0042755141305742 0 0
"мучительно" 0.0179195412597438 0 0 0.00345184673800483 0.00549435455069916 0 0.0042755141305742 0.00527370530534754 0.00424160162877503
"найдём" 0.00895977062987188 0 0 0.0138073869520193 0 0.0104531437829927 0.0042755141305742 0 0
"насладиться" 0.00895977062987188 0.0194024058983314 0 0.00345184673800483 0 0.0104531437829927 0.0042755141305742 0 0
"наследник" 0 0 0 0.0103555402140145 0.00274717727534958 0.0104531437829927 0 0.00527370530534754 0.00424160162877503
"настал" 0 0 0 0.00345184673800483 0.00274717727534958 0 0.0128265423917226 0.0105474106106951 0.00424160162877503
"начали" 0 0 0.00536164280735617 0 0.00549435455069916 0 0.0042755141305742 0 0.0169664065151001
"наяву" 0 0.00646746863277713 0.00536164280735617 0.00690369347600967 0.00274717727534958 0.00522657189149637 0.0042755141305742 0 0.00424160162877503
"небесным" 0.00895977062987188 0.0129349372655543 0 0.00345184673800483 0.00549435455069916 0.00522657189149637 0 0 0.00424160162877503
"невежд" 0.00895977062987188 0 0 0.0103555402140145 0 0.0156797156744891 0 0 0.00424160162877503
"невежества" 0 0 0 0.00345184673800483 0 0 0.0042755141305742 0.0105474106106951 0.0169664065151001
"недели" 0.00895977062987188 0.00646746863277713 0.0214465712294247 0.00345184673800483 0.00274717727534958 0 0 0 0
"незримый" 0 0.00646746863277713 0 0 0.00274717727534958 0.0104531437829927 0 0.0105474106106951 0.00848320325755005
"неизменный" 0 0.0194024058983314 0 0.00345184673800483 0 0 0 0.00527370530534754 0.0127248048863251
"нес" 0 0 0 0 0.0164830636520975 0.00522657189149637 0.0042755141305742 0 0
"несчастного" 0 0 0 0 0.00549435455069916 0 0.0042755141305742 0.0210948212213901 0.00424160162877503
"несчастной" 0 0 0.0107232856147123 0.00690369347600967 0 0.0104531437829927 0.0042755141305742 0.00527370530534754 0
"нечаянно" 0.00895977062987188 0 0.00536164280735617 0.00345184673800483 0.00274717727534958 0.00522657189149637 0.0085510282611484 0 0.00424160162877503
"нив" 0 0 0.00536164280735617 0.00345184673800483 0.00549435455069916 0.00522657189149637 0.0085510282611484 0 0.00424160162877503
"нищеты" 0.00895977062987188 0.00646746863277713 0 0 0.00274717727534958 0.00522657189149637 0.0042755141305742 0 0.0127248048863251
"носился" 0 0 0 0.00345184673800483 0.00274717727534958 0.0104531437829927 0.0042755141305742 0.0105474106106951 0.00424160162877503
"нужда" 0.00895977062987188 0 0 0 0.0137358863767479 0.00522657189149637 0.0042755141305742 0 0
"обещал" 0 0 0 0.00690369347600967 0 0.00522657189149637 0.0128265423917226 0.00527370530534754 0.00424160162877503
"облаках" 0 0.0129349372655543 0 0.0138073869520193 0 0.00522657189149637 0 0 0.00424160162877503
"образец" 0 0 0.0107232856147123 0.00690369347600967 0 0.00522657189149637 0 0.0158211159160426 0
"огне" 0 0 0.00536164280735617 0.00690369347600967 0 0.00522657189149637 0.0042755141305742 0.0158211159160426 0
"одр" 0 0 0 0.00345184673800483 0 0 0 0.0316422318320852 0.00424160162877503
"озером" 0 0.00646746863277713 0 0.0103555402140145 0 0.0104531437829927 0 0.00527370530534754 0.00424160162877503
"окружена" 0 0 0 0 0.00274717727534958 0.0104531437829927 0.0085510282611484 0.0105474106106951 0.00424160162877503
"опыт" 0 0 0.0160849284220685 0.0103555402140145 0 0.00522657189149637 0 0 0.00424160162877503
"осенью" 0 0 0 0.00345184673800483 0.00824153182604873 0 0.0042755141305742 0.0105474106106951 0.00424160162877503
"оставлю" 0.00895977062987188 0.00646746863277713 0 0 0 0.00522657189149637 0.0128265423917226 0.0105474106106951 0
"осталось" 0.00895977062987188 0.0129349372655543 0 0 0 0.00522657189149637 0.0042755141305742 0 0.0127248048863251
"отдаленьи" 0 0 0.0107232856147123 0.00690369347600967 0.00274717727534958 0 0.0085510282611484 0.00527370530534754 0
"отечества" 0.00895977062987188 0 0 0 0 0.00522657189149637 0 0.0158211159160426 0.0127248048863251
"отменно" 0 0 0 0 0.00549435455069916 0.0156797156744891 0 0 0.0127248048863251
"отрад" 0 0.0129349372655543 0 0.0172592336900242 0 0 0 0 0.00424160162877503
"отрадой" 0 0 0 0.0138073869520193 0 0.00522657189149637 0 0.00527370530534754 0.00848320325755005
"отраду" 0 0.00646746863277713 0 0.00345184673800483 0 0.00522657189149637 0.0042755141305742 0.0158211159160426 0.00424160162877503
"отчаянья" 0 0 0 0 0 0 0.0128265423917226 0.00527370530534754 0.0169664065151001
"палат" 0.0179195412597438 0 0.0160849284220685 0.00345184673800483 0 0.00522657189149637 0 0.00527370530534754 0
"пали" 0 0.00646746863277713 0 0.00690369347600967 0.00274717727534958 0 0 0.0105474106106951 0.00848320325755005
"панкратий" 0 0 0 0 0 0.0418125751319709 0 0 0
"париж" 0.0179195412597438 0.00646746863277713 0.00536164280735617 0.00345184673800483 0.00274717727534958 0.00522657189149637 0 0.00527370530534754 0
"певцу" 0 0 0 0.0138073869520193 0 0 0 0.00527370530534754 0.0127248048863251
"пегаса" 0 0.00646746863277713 0 0.00690369347600967 0 0.0104531437829927 0 0.0158211159160426 0
"пеленой" 0 0.00646746863277713 0 0.00690369347600967 0 0.0104531437829927 0 0.00527370530534754 0.00848320325755005
"пепел" 0 0.00646746863277713 0 0 0 0 0 0.0210948212213901 0.0127248048863251
"первой" 0.00895977062987188 0 0.00536164280735617 0 0 0.00522657189149637 0.0042755141305742 0.0210948212213901 0
"первые" 0.0179195412597438 0.00646746863277713 0 0.0103555402140145 0.00274717727534958 0 0 0.00527370530534754 0
"песков" 0 0 0 0 0.00274717727534958 0 0.0042755141305742 0.0316422318320852 0
"печальна" 0 0.0129349372655543 0.00536164280735617 0 0 0.0209062875659855 0 0.00527370530534754 0
"печально" 0 0.0129349372655543 0.00536164280735617 0.00690369347600967 0.00274717727534958 0 0 0.00527370530534754 0.00424160162877503
"пиры" 0 0 0 0.0103555402140145 0.00274717727534958 0 0 0.0105474106106951 0.00848320325755005
"пламенных" 0 0 0 0.0103555402140145 0 0.00522657189149637 0 0.00527370530534754 0.0127248048863251
"племена" 0 0 0 0.0172592336900242 0 0.00522657189149637 0 0.0105474106106951 0
"плечах" 0.00895977062987188 0.0194024058983314 0.00536164280735617 0.00345184673800483 0 0.00522657189149637 0 0 0.00424160162877503
"пляшет" 0 0.0194024058983314 0.0214465712294247 0 0 0 0.0042755141305742 0 0
"подвиг" 0 0 0.0107232856147123 0.00345184673800483 0.00549435455069916 0 0.0042755141305742 0.00527370530534754 0.00424160162877503
"покорствуя" 0 0 0.00536164280735617 0.00690369347600967 0 0 0.0085510282611484 0.0105474106106951 0.00424160162877503
"покровитель" 0 0.0129349372655543 0.00536164280735617 0.00690369347600967 0 0.00522657189149637 0 0.00527370530534754 0.00424160162877503
"покрыты" 0 0 0 0.00345184673800483 0.00274717727534958 0.0104531437829927 0.0042755141305742 0.0105474106106951 0.00424160162877503
"полная" 0 0.0129349372655543 0 0.00345184673800483 0.00274717727534958 0 0.0042755141305742 0 0.0127248048863251
"полней" 0 0 0.00536164280735617 0 0.00274717727534958 0.0261328594574818 0 0 0.00424160162877503
"полной" 0.00895977062987188 0.0129349372655543 0 0.00345184673800483 0.00824153182604873 0.00522657189149637 0 0 0
"положил" 0 0 0 0 0.00824153182604873 0 0 0.0158211159160426 0.00848320325755005
"помещики" 0 0 0 0 0.019230240927447 0 0 0 0.00424160162877503
"поневоле" 0.00895977062987188 0.0129349372655543 0 0.00690369347600967 0.00274717727534958 0 0.0042755141305742 0.00527370530534754 0
"попался" 0.00895977062987188 0.0129349372655543 0.0107232856147123 0 0 0.00522657189149637 0 0.00527370530534754 0.00424160162877503
"пору" 0.00895977062987188 0 0 0.00690369347600967 0.00824153182604873 0.00522657189149637 0 0 0.00424160162877503
"последнего" 0 0 0 0.00690369347600967 0.00824153182604873 0 0.0128265423917226 0 0
"последыш" 0 0 0 0 0.0219774182027966 0 0 0 0
"послушайте" 0 0 0.00536164280735617 0.00345184673800483 0.00824153182604873 0.0104531437829927 0 0.00527370530534754 0
"посмотри" 0 0.0194024058983314 0.0160849284220685 0 0.00274717727534958 0 0 0.00527370530534754 0
"похмелья" 0 0.0258698745311085 0 0.0138073869520193 0 0 0 0 0
"правит" 0 0 0.00536164280735617 0.0103555402140145 0.00549435455069916 0 0 0.0105474106106951 0
"правый" 0.0179195412597438 0 0 0 0.0109887091013983 0 0.0042755141305742 0.00527370530534754 0
"праха" 0 0.00646746863277713 0 0 0 0 0.021377570652871 0.00527370530534754 0.00424160162877503
"презреньем" 0 0.00646746863277713 0.00536164280735617 0.00345184673800483 0 0.00522657189149637 0 0.0210948212213901 0
"прекрасные" 0 0 0 0 0.00274717727534958 0 0.0128265423917226 0.0105474106106951 0.00848320325755005
"приказ" 0 0 0.00536164280735617 0.00345184673800483 0.0164830636520975 0 0 0 0
"примером" 0 0.0129349372655543 0 0.00345184673800483 0.00274717727534958 0 0 0.0105474106106951 0.00848320325755005
"приятно" 0 0 0 0.0103555402140145 0.00274717727534958 0 0.0042755141305742 0.0105474106106951 0.00424160162877503
"проводит" 0 0.0129349372655543 0.00536164280735617 0.00345184673800483 0.00549435455069916 0 0.0042755141305742 0.00527370530534754 0
"прогневался" 0 0 0 0 0.0164830636520975 0 0 0 0.00848320325755005
"проект" 0.0268793118896156 0 0.0107232856147123 0 0.00549435455069916 0 0 0 0.00424160162877503
"промчится" 0 0 0.00536164280735617 0 0 0.0209062875659855 0.0042755141305742 0 0.00848320325755005
"просить" 0 0 0.0214465712294247 0 0.00824153182604873 0 0 0 0.00424160162877503
"проходят" 0 0.00646746863277713 0.00536164280735617 0.00345184673800483 0 0.0104531437829927 0.0042755141305742 0 0.00848320325755005
"прочёл" 0 0.00646746863277713 0 0.00345184673800483 0.00274717727534958 0.00522657189149637 0.0042755141305742 0.00527370530534754 0.00848320325755005
"прочие" 0 0 0 0 0.0164830636520975 0 0.0042755141305742 0.00527370530534754 0
"пуста" 0.00895977062987188 0.0129349372655543 0.00536164280735617 0 0.0109887091013983 0 0 0 0
"пустые" 0.00895977062987188 0 0 0.0138073869520193 0.00549435455069916 0 0 0 0.00424160162877503
"пуще" 0 0 0.00536164280735617 0 0.0164830636520975 0 0 0 0.00424160162877503
"пыл" 0 0 0 0.0138073869520193 0 0 0.0042755141305742 0.0105474106106951 0.00424160162877503
"работой" 0.00895977062987188 0 0 0.00345184673800483 0.0164830636520975 0 0 0 0
"рабы" 0 0 0 0.00345184673800483 0.00824153182604873 0 0.0042755141305742 0 0.0127248048863251
"разбойники" 0 0 0 0 0.0219774182027966 0 0 0 0
"рассказывать" 0 0 0 0 0.0164830636520975 0 0 0.00527370530534754 0.00424160162877503
"рассудка" 0 0.00646746863277713 0 0.00690369347600967 0.00274717727534958 0 0.0128265423917226 0 0.00424160162877503
"ребята" 0.00895977062987188 0 0 0.00345184673800483 0.0164830636520975 0 0 0 0
"резвый" 0 0.0129349372655543 0 0.00690369347600967 0 0.0156797156744891 0 0 0.00424160162877503
"рекою" 0 0.00646746863277713 0.00536164280735617 0 0.00274717727534958 0.00522657189149637 0 0.00527370530534754 0.0127248048863251
"решился" 0 0.00646746863277713 0.00536164280735617 0.00345184673800483 0.00549435455069916 0 0.0085510282611484 0.00527370530534754 0
"рифмы" 0 0.0129349372655543 0 0.00690369347600967 0 0.00522657189149637 0 0.0158211159160426 0
"рога" 0 0.0129349372655543 0.0107232856147123 0.00345184673800483 0.00549435455069916 0 0 0 0.00424160162877503
"родителя" 0 0 0.00536164280735617 0 0.0137358863767479 0 0.0042755141305742 0 0.00424160162877503
"роду" 0.0268793118896156 0 0 0 0.0109887091013983 0 0 0.00527370530534754 0
"роптал" 0 0.00646746863277713 0 0.00690369347600967 0 0.00522657189149637 0.0128265423917226 0.00527370530534754 0
"русское" 0 0 0.0107232856147123 0 0.00824153182604873 0 0.0085510282611484 0 0.00424160162877503
"ряды" 0 0 0 0.0103555402140145 0.00549435455069916 0.00522657189149637 0.0042755141305742 0.00527370530534754 0
"сады" 0 0 0 0.00690369347600967 0.00274717727534958 0.0104531437829927 0.0042755141305742 0.0105474106106951 0
"самому" 0.0179195412597438 0 0.00536164280735617 0 0 0 0.0085510282611484 0.00527370530534754 0.00848320325755005
"свершил" 0 0 0 0 0.00549435455069916 0 0.0171020565222968 0.00527370530534754 0.00424160162877503
"светел" 0 0.0194024058983314 0.00536164280735617 0 0.00274717727534958 0 0.0085510282611484 0.00527370530534754 0
"святых" 0 0.00646746863277713 0 0.00690369347600967 0.00274717727534958 0.00522657189149637 0 0.0105474106106951 0.00424160162877503
"сделали" 0.0179195412597438 0 0 0 0.00824153182604873 0 0.0042755141305742 0 0.00848320325755005
"север" 0 0.00646746863277713 0 0.00345184673800483 0.00274717727534958 0.00522657189149637 0.0085510282611484 0.00527370530534754 0.00424160162877503
"севере" 0.0179195412597438 0.00646746863277713 0 0 0 0 0.0085510282611484 0.0105474106106951 0.00424160162877503
"сии" 0 0.00646746863277713 0 0.0103555402140145 0 0.0104531437829927 0 0.00527370530534754 0.00424160162877503
"скромный" 0 0 0.00536164280735617 0.0103555402140145 0.00549435455069916 0.00522657189149637 0 0 0.00424160162877503
"скучный" 0 0 0 0.020711080428029 0.00274717727534958 0.00522657189149637 0 0 0
"славен" 0 0 0.0160849284220685 0.00690369347600967 0 0 0 0.0105474106106951 0.00424160162877503
"славил" 0 0 0 0.0172592336900242 0 0.00522657189149637 0 0.0105474106106951 0
"сладкое" 0.00895977062987188 0 0 0.00690369347600967 0 0 0 0.00527370530534754 0.0169664065151001
"слуга" 0 0.00646746863277713 0.0107232856147123 0 0.00549435455069916 0.00522657189149637 0 0.0105474106106951 0
"службе" 0.0179195412597438 0.00646746863277713 0 0.00345184673800483 0.00274717727534958 0 0.0085510282611484 0.00527370530534754 0
"смеясь" 0 0 0.00536164280735617 0.00690369347600967 0.00549435455069916 0.00522657189149637 0.0042755141305742 0 0.00424160162877503
"снял" 0 0.00646746863277713 0 0 0.0109887091013983 0 0.0042755141305742 0 0.00848320325755005
"собаки" 0.00895977062987188 0.00646746863277713 0.00536164280735617 0.00345184673800483 0.00274717727534958 0 0.0042755141305742 0.0105474106106951 0
"сорок" 0 0.00646746863277713 0.0160849284220685 0 0.00274717727534958 0 0.0085510282611484 0 0.00424160162877503
"спину" 0.00895977062987188 0 0.00536164280735617 0 0.00549435455069916 0 0.0042755141305742 0.0105474106106951 0.00424160162877503
"стадо" 0 0.0129349372655543 0.00536164280735617 0.00345184673800483 0.00274717727534958 0.0104531437829927 0 0 0.00424160162877503
"становится" 0 0.0129349372655543 0.0107232856147123 0 0.00274717727534958 0 0.0085510282611484 0.00527370530534754 0
"станут" 0 0.00646746863277713 0.0107232856147123 0.00690369347600967 0 0 0.0128265423917226 0 0
"старался" 0 0 0 0.00345184673800483 0.00824153182604873 0 0.0042755141305742 0.0105474106106951 0.00424160162877503
"стариков" 0.00895977062987188 0.0129349372655543 0 0.00345184673800483 0 0 0.0085510282611484 0 0.00848320325755005
"старику" 0.00895977062987188 0 0.0160849284220685 0 0.00274717727534958 0 0 0.00527370530534754 0.00848320325755005
"старинушка" 0.00895977062987188 0 0 0 0.0164830636520975 0 0.0042755141305742 0 0
"столица" 0.0447988531493594 0 0.0107232856147123 0 0 0 0.0042755141305742 0 0
"столицу" 0.00895977062987188 0.0129349372655543 0 0 0.00274717727534958 0.00522657189149637 0.0085510282611484 0.00527370530534754 0
"страж" 0 0 0 0.00690369347600967 0 0 0 0.0263685265267377 0.00424160162877503
"страшась" 0 0.00646746863277713 0 0 0 0 0.0085510282611484 0.0263685265267377 0
"стремится" 0 0 0.0107232856147123 0.0103555402140145 0 0.00522657189149637 0.0042755141305742 0 0.00424160162877503
"судей" 0 0 0 0.00690369347600967 0.00824153182604873 0 0.0042755141305742 0 0.00848320325755005
"судья" 0 0.00646746863277713 0.00536164280735617 0.00345184673800483 0.00274717727534958 0.00522657189149637 0.0085510282611484 0 0.00424160162877503
"супруга" 0 0.0129349372655543 0 0.00690369347600967 0.00274717727534958 0.00522657189149637 0 0 0.00848320325755005
"сынов" 0.00895977062987188 0.00646746863277713 0.00536164280735617 0.00345184673800483 0.00274717727534958 0 0 0.00527370530534754 0.00848320325755005
"таинственно" 0 0 0 0 0 0.0104531437829927 0.0085510282611484 0.0158211159160426 0.00424160162877503
"таится" 0 0.0129349372655543 0 0.00345184673800483 0 0.00522657189149637 0.0042755141305742 0.00527370530534754 0.00848320325755005
"тайком" 0.00895977062987188 0 0.00536164280735617 0.00690369347600967 0 0.00522657189149637 0.0085510282611484 0 0.00424160162877503
"тайные" 0 0 0 0.0103555402140145 0 0 0.0085510282611484 0.0105474106106951 0.00424160162877503
"таки" 0.0179195412597438 0 0 0 0.0109887091013983 0 0.0042755141305742 0.00527370530534754 0
"таланты" 0.0179195412597438 0 0.0107232856147123 0 0.00549435455069916 0 0.0042755141305742 0 0.00424160162877503
"твоему" 0.00895977062987188 0.00646746863277713 0 0 0 0 0.0042755141305742 0.0158211159160426 0.00848320325755005
"творенья" 0 0 0 0.0103555402140145 0 0.00522657189149637 0 0.0158211159160426 0.00424160162877503
"текли" 0 0.00646746863277713 0.00536164280735617 0.00345184673800483 0.00274717727534958 0.0104531437829927 0.0085510282611484 0 0
"тёмных" 0 0.00646746863277713 0 0.0103555402140145 0.00549435455069916 0.00522657189149637 0.0042755141305742 0 0
"терек" 0 0.0258698745311085 0 0.0103555402140145 0 0 0 0 0.00424160162877503
"тише" 0 0.0129349372655543 0.0107232856147123 0.0103555402140145 0 0 0 0.00527370530534754 0
"товар" 0.0179195412597438 0 0.0107232856147123 0.00345184673800483 0.00824153182604873 0 0 0 0
"ток" 0 0 0 0.00690369347600967 0 0.0104531437829927 0 0 0.0169664065151001
"толку" 0.00895977062987188 0 0.0160849284220685 0 0.00274717727534958 0 0.0042755141305742 0 0.00848320325755005
"томной" 0 0 0 0.0172592336900242 0 0.00522657189149637 0 0.0105474106106951 0
"тревог" 0 0 0.00536164280735617 0 0.00274717727534958 0 0.0171020565222968 0 0.00848320325755005
"тревогу" 0.0358390825194875 0.00646746863277713 0 0 0.00274717727534958 0.00522657189149637 0 0.00527370530534754 0
"тропой" 0 0.00646746863277713 0 0 0.00274717727534958 0.0104531437829927 0.0085510282611484 0.00527370530534754 0.00424160162877503
"труду" 0 0 0.00536164280735617 0 0.00549435455069916 0 0.0128265423917226 0 0.00848320325755005
"туманный" 0 0.0129349372655543 0 0.00690369347600967 0 0.00522657189149637 0 0.00527370530534754 0.00848320325755005
"тяжело" 0.0179195412597438 0.00646746863277713 0 0.00345184673800483 0 0.00522657189149637 0.0085510282611484 0 0.00424160162877503
"тяжёлых" 0 0.00646746863277713 0 0.00345184673800483 0.00274717727534958 0.00522657189149637 0.0128265423917226 0.00527370530534754 0
"убьёт" 0 0.00646746863277713 0 0 0.00824153182604873 0 0.0171020565222968 0 0
"увидеть" 0 0 0 0.00690369347600967 0 0.00522657189149637 0.0042755141305742 0.00527370530534754 0.0127248048863251
"удары" 0.00895977062987188 0 0.0107232856147123 0.00690369347600967 0.00549435455069916 0 0 0.00527370530534754 0
"ужасом" 0 0 0 0.00345184673800483 0.00549435455069916 0 0.0085510282611484 0.0158211159160426 0
"укрыться" 0 0 0 0.00345184673800483 0 0 0.0299285989140194 0 0
"улице" 0.00895977062987188 0 0 0 0.00549435455069916 0.00522657189149637 0 0 0.0169664065151001
"улыбкою" 0 0 0 0.00690369347600967 0 0.0104531437829927 0.0042755141305742 0.00527370530534754 0.00848320325755005
"умней" 0 0 0.0107232856147123 0.0103555402140145 0.00549435455069916 0 0 0.00527370530534754 0
"упала" 0 0 0 0.00345184673800483 0.00824153182604873 0.0156797156744891 0.0042755141305742 0 0
"упоенье" 0 0.00646746863277713 0 0.00690369347600967 0 0.0156797156744891 0 0.00527370530534754 0.00424160162877503
"услышит" 0 0.00646746863277713 0.00536164280735617 0.00345184673800483 0 0.00522657189149637 0.0085510282611484 0.0105474106106951 0
"устами" 0 0.00646746863277713 0 0.00690369347600967 0 0.00522657189149637 0.0042755141305742 0.00527370530534754 0.00848320325755005
"утренний" 0 0.00646746863277713 0 0.0103555402140145 0 0.0156797156744891 0 0.00527370530534754 0
"уходит" 0.0179195412597438 0 0.0107232856147123 0 0.00549435455069916 0.00522657189149637 0.0042755141305742 0 0
"философ" 0 0 0 0.0172592336900242 0.00274717727534958 0.00522657189149637 0 0.00527370530534754 0
"фонарь" 0 0 0.00536164280735617 0.0138073869520193 0.00274717727534958 0.00522657189149637 0 0 0.00424160162877503
"хвалу" 0 0 0 0.00690369347600967 0.00274717727534958 0.00522657189149637 0 0.00527370530534754 0.0127248048863251
"хижины" 0 0 0 0.00345184673800483 0 0.00522657189149637 0 0.0158211159160426 0.0127248048863251
"хладны" 0 0 0 0 0 0.00522657189149637 0.0171020565222968 0.0105474106106951 0.00424160162877503
"хлоп" 0 0 0 0.00690369347600967 0.00274717727534958 0 0 0 0.0212080081438751
"ходить" 0.0268793118896156 0.00646746863277713 0 0.00690369347600967 0.00274717727534958 0.00522657189149637 0 0 0
"хозяйка" 0 0.0258698745311085 0.00536164280735617 0 0.00274717727534958 0 0 0.00527370530534754 0.00424160162877503
"хором" 0 0 0.00536164280735617 0.0103555402140145 0.00824153182604873 0 0 0 0.00424160162877503
"хороша" 0.0179195412597438 0.00646746863277713 0 0.00345184673800483 0.00274717727534958 0 0.0042755141305742 0 0.00848320325755005
"хорошего" 0.00895977062987188 0.00646746863277713 0 0 0.00274717727534958 0 0.0085510282611484 0 0.0127248048863251
"хороши" 0.0179195412597438 0 0 0.00345184673800483 0.00274717727534958 0 0.0042755141305742 0.00527370530534754 0.00848320325755005
"худо" 0 0.00646746863277713 0.0160849284220685 0 0 0 0.0085510282611484 0 0.00848320325755005
"художник" 0 0 0.00536164280735617 0.00345184673800483 0 0.00522657189149637 0.0042755141305742 0.0210948212213901 0
"царём" 0 0.0194024058983314 0.00536164280735617 0.00345184673800483 0 0 0 0.0158211159160426 0
"царский" 0 0 0.0160849284220685 0.00345184673800483 0 0 0 0.0105474106106951 0.00848320325755005
"чад" 0 0.00646746863277713 0 0.00345184673800483 0 0.00522657189149637 0 0.0158211159160426 0.00848320325755005
"чаш" 0 0 0 0.00690369347600967 0 0.0156797156744891 0.0085510282611484 0 0.00424160162877503
"черёд" 0.00895977062987188 0.0194024058983314 0.00536164280735617 0 0.00274717727534958 0.0104531437829927 0 0 0
"читает" 0.00895977062987188 0 0 0.00345184673800483 0.0137358863767479 0.00522657189149637 0 0 0
"чувствовал" 0 0 0 0 0 0 0.021377570652871 0.00527370530534754 0.00848320325755005
"чувствовать" 0 0 0 0.00345184673800483 0 0 0.0171020565222968 0.0158211159160426 0
"чувствую" 0 0 0 0 0 0.0104531437829927 0.021377570652871 0.00527370530534754 0
"чуждо" 0 0 0 0.0103555402140145 0.00274717727534958 0 0.0085510282611484 0.00527370530534754 0.00424160162877503
"широкая" 0 0 0 0 0.0164830636520975 0 0 0.0105474106106951 0
"шут" 0 0 0.0160849284220685 0.00345184673800483 0.00824153182604873 0.00522657189149637 0 0 0
"является" 0 0.00646746863277713 0 0.0103555402140145 0 0.00522657189149637 0 0.00527370530534754 0.00848320325755005
"ягой" 0 0 0.0428931424588494 0 0 0 0 0 0
"ярче" 0 0 0.00536164280735617 0.00345184673800483 0.00824153182604873 0.00522657189149637 0.0042755141305742 0.00527370530534754 0
"gt" 0 0.0129349372655543 0 0.0138073869520193 0 0.00522657189149637 0 0.00527370530534754 0
"арист" 0 0 0 0.00345184673800483 0 0 0 0.0316422318320852 0
"барон" 0.00895977062987188 0.00646746863277713 0.00536164280735617 0 0 0 0.0085510282611484 0.00527370530534754 0.00424160162877503
"барыня" 0 0 0.00536164280735617 0 0.0137358863767479 0 0.0042755141305742 0 0
"батюшки" 0 0 0 0 0.019230240927447 0 0 0 0
"бегу" 0.00895977062987188 0.00646746863277713 0 0 0.00549435455069916 0 0.0128265423917226 0 0
"бедой" 0 0 0 0.00690369347600967 0.00274717727534958 0 0.0042755141305742 0 0.0127248048863251
"бежала" 0 0.0129349372655543 0 0 0.00824153182604873 0 0.0042755141305742 0.00527370530534754 0
"бездной" 0 0.00646746863277713 0.0107232856147123 0.00345184673800483 0 0.00522657189149637 0 0.0105474106106951 0
"бездны" 0 0.0129349372655543 0 0.00690369347600967 0 0 0.0042755141305742 0 0.00848320325755005
"беззаботно" 0.00895977062987188 0.0194024058983314 0.00536164280735617 0 0.00549435455069916 0 0 0 0
"безмолвный" 0 0.00646746863277713 0 0.00690369347600967 0 0.0104531437829927 0 0.00527370530534754 0.00424160162877503
"бережно" 0 0 0.0160849284220685 0 0.0109887091013983 0 0 0 0
"бесы" 0 0.0129349372655543 0 0 0.00549435455069916 0 0 0.0158211159160426 0
"благодарность" 0.0179195412597438 0 0.00536164280735617 0 0 0 0.0042755141305742 0 0.0127248048863251
"благородных" 0 0.00646746863277713 0.00536164280735617 0.0103555402140145 0.00549435455069916 0 0 0 0
"благословенный" 0 0.00646746863277713 0 0.00345184673800483 0.00274717727534958 0 0 0.0158211159160426 0.00424160162877503
"благословенье" 0 0 0.00536164280735617 0 0 0.0156797156744891 0 0.00527370530534754 0.00848320325755005
"блаженством" 0 0.0129349372655543 0 0 0 0.0156797156744891 0.0042755141305742 0 0.00424160162877503
"бледен" 0.00895977062987188 0.00646746863277713 0 0.0103555402140145 0.00549435455069916 0 0 0 0
"ближе" 0 0.0129349372655543 0.00536164280735617 0 0.00274717727534958 0 0.0128265423917226 0 0
"богам" 0 0.00646746863277713 0 0.0138073869520193 0 0 0 0 0.00848320325755005
"богатство" 0.00895977062987188 0.00646746863277713 0.00536164280735617 0 0.00549435455069916 0 0.0042755141305742 0.00527370530534754 0
"богаты" 0.00895977062987188 0.00646746863277713 0 0 0 0.0104531437829927 0.0085510282611484 0.00527370530534754 0
"богатырь" 0 0.0129349372655543 0.0107232856147123 0 0.00549435455069916 0 0 0.00527370530534754 0
"богини" 0 0.00646746863277713 0.00536164280735617 0.00345184673800483 0 0 0 0.0105474106106951 0.00848320325755005
"божески" 0 0 0 0 0.019230240927447 0 0 0 0
"божества" 0 0 0 0.00690369347600967 0 0.0104531437829927 0 0.00527370530534754 0.00848320325755005
"божественный" 0 0 0 0.00345184673800483 0 0.00522657189149637 0 0.0105474106106951 0.0127248048863251
"боялся" 0 0 0.00536164280735617 0.00345184673800483 0.00549435455069916 0 0.0085510282611484 0 0.00424160162877503
"боях" 0 0 0 0.0103555402140145 0 0.00522657189149637 0 0.0105474106106951 0.00424160162877503
"бранит" 0 0 0 0.00690369347600967 0.00824153182604873 0 0.0042755141305742 0.00527370530534754 0
"бранью" 0 0.00646746863277713 0 0.0103555402140145 0 0 0 0.0158211159160426 0
"братцы" 0 0.00646746863277713 0.0107232856147123 0.00690369347600967 0.00549435455069916 0 0 0 0
"брегах" 0 0 0 0.00345184673800483 0 0.00522657189149637 0 0.0210948212213901 0.00424160162877503
"бродил" 0 0 0 0.00345184673800483 0.00274717727534958 0.0156797156744891 0.0042755141305742 0 0.00424160162877503
"брось" 0 0 0.0107232856147123 0.00345184673800483 0 0 0.0085510282611484 0.00527370530534754 0.00424160162877503
"буйный" 0 0.00646746863277713 0.00536164280735617 0.00690369347600967 0 0 0 0.00527370530534754 0.00848320325755005
"бумагу" 0.00895977062987188 0 0 0 0.0109887091013983 0 0.0042755141305742 0.00527370530534754 0
"бурной" 0 0.0129349372655543 0.00536164280735617 0.0103555402140145 0 0.00522657189149637 0 0 0
"бывал" 0 0 0.00536164280735617 0.00345184673800483 0.00549435455069916 0 0.0042755141305742 0 0.00848320325755005
"бывать" 0.00895977062987188 0 0 0.0138073869520193 0 0.00522657189149637 0.0042755141305742 0 0
"важен" 0 0 0.0107232856147123 0.0103555402140145 0.00549435455069916 0 0 0 0
"важно" 0 0.0194024058983314 0 0.00345184673800483 0.00274717727534958 0 0.0042755141305742 0 0.00424160162877503
"важных" 0.00895977062987188 0 0 0.0103555402140145 0.00549435455069916 0.00522657189149637 0 0 0
"валы" 0 0.0129349372655543 0 0.00690369347600967 0 0 0 0.0105474106106951 0.00424160162877503
"вашему" 0 0 0 0 0.0164830636520975 0.00522657189149637 0 0 0
"вдвоём" 0.00895977062987188 0.0129349372655543 0.00536164280735617 0.00345184673800483 0 0 0 0.0105474106106951 0
"вдоль" 0 0.00646746863277713 0 0.00345184673800483 0.00824153182604873 0 0.0042755141305742 0 0.00424160162877503
"ведьмы" 0 0 0.0268082140367809 0 0 0 0.0085510282611484 0 0
"вежды" 0 0.00646746863277713 0.00536164280735617 0 0 0.0156797156744891 0 0.00527370530534754 0.00424160162877503
"вел" 0 0.00646746863277713 0.00536164280735617 0.0103555402140145 0 0 0 0.0105474106106951 0
"венки" 0.0179195412597438 0.00646746863277713 0 0.00690369347600967 0 0.0104531437829927 0 0 0
"верит" 0 0.00646746863277713 0.00536164280735617 0.00690369347600967 0.00549435455069916 0 0.0042755141305742 0 0
"верою" 0 0 0.00536164280735617 0 0 0.0156797156744891 0 0.0105474106106951 0.00424160162877503
"верхом" 0 0.0129349372655543 0 0 0.00274717727534958 0.0104531437829927 0.0042755141305742 0 0.00424160162877503
"вечор" 0 0.00646746863277713 0 0.0103555402140145 0 0.0156797156744891 0 0 0
"взглядом" 0 0.00646746863277713 0 0.00345184673800483 0.00274717727534958 0.00522657189149637 0.0042755141305742 0.00527370530534754 0.00424160162877503
"взгляните" 0.0179195412597438 0 0 0.00345184673800483 0 0 0.0042755141305742 0.0158211159160426 0
"вздохом" 0 0.0129349372655543 0 0.00690369347600967 0 0.0104531437829927 0 0.00527370530534754 0
"взирал" 0 0 0 0 0 0.0104531437829927 0.0128265423917226 0 0.00848320325755005
"вины" 0.00895977062987188 0 0 0 0.00549435455069916 0 0.0128265423917226 0 0.00424160162877503
"вождя" 0 0 0 0 0.00549435455069916 0 0 0.0105474106106951 0.0127248048863251
"воздухе" 0 0 0 0.00345184673800483 0.0109887091013983 0 0.0042755141305742 0 0.00424160162877503
"волком" 0.00895977062987188 0.00646746863277713 0.0160849284220685 0.00345184673800483 0.00274717727534958 0 0 0 0
"волшебные" 0 0 0 0.00690369347600967 0 0 0.0042755141305742 0 0.0169664065151001
"вольности" 0 0 0 0.0103555402140145 0 0 0.0085510282611484 0.00527370530534754 0.00424160162877503
"воля" 0 0.00646746863277713 0.00536164280735617 0 0.00824153182604873 0 0.0042755141305742 0.00527370530534754 0
"вообще" 0.0447988531493594 0 0 0 0 0 0.0085510282611484 0 0
"вошёл" 0.00895977062987188 0.00646746863277713 0.0160849284220685 0 0 0 0.0085510282611484 0 0
"вполне" 0 0.0129349372655543 0.00536164280735617 0.00345184673800483 0 0 0.0128265423917226 0 0
"встал" 0.00895977062987188 0.00646746863277713 0 0 0.00549435455069916 0.00522657189149637 0.0085510282611484 0 0
"всяких" 0.0179195412597438 0.00646746863277713 0 0 0 0.00522657189149637 0.0128265423917226 0 0
"вхожу" 0.00895977062987188 0 0 0.0103555402140145 0.00274717727534958 0 0 0 0.00848320325755005
"выпьем" 0 0.0258698745311085 0.00536164280735617 0.00345184673800483 0 0.00522657189149637 0 0 0
"вышины" 0 0.0194024058983314 0 0 0.00274717727534958 0.00522657189149637 0.0042755141305742 0 0.00424160162877503
"глупые" 0 0 0 0 0.0137358863767479 0 0 0.00527370530534754 0.00424160162877503
"гневный" 0 0.00646746863277713 0.0107232856147123 0.00345184673800483 0 0 0 0.00527370530534754 0.00848320325755005
"го" 0 0.0129349372655543 0 0 0.00274717727534958 0.00522657189149637 0.0128265423917226 0 0
"говорила" 0.0179195412597438 0.00646746863277713 0 0.00345184673800483 0.00549435455069916 0.00522657189149637 0 0 0
"говорили" 0.0358390825194875 0 0 0.00345184673800483 0.00274717727534958 0 0.0042755141305742 0 0
"говоришь" 0 0 0.00536164280735617 0 0 0.0209062875659855 0 0 0.00848320325755005
"голодный" 0 0 0 0 0.00549435455069916 0 0.0171020565222968 0.00527370530534754 0
"голоду" 0 0 0.00536164280735617 0 0.0137358863767479 0 0 0 0.00424160162877503
"горам" 0.00895977062987188 0 0 0.00345184673800483 0 0.0104531437829927 0 0.00527370530534754 0.00848320325755005
"горах" 0 0.00646746863277713 0 0.00345184673800483 0.00274717727534958 0 0.0042755141305742 0.00527370530534754 0.00848320325755005
"гордые" 0 0.00646746863277713 0 0.00345184673800483 0.00549435455069916 0 0.0042755141305742 0.0105474106106951 0
"города" 0 0 0.00536164280735617 0.00345184673800483 0.0109887091013983 0.00522657189149637 0 0 0
"горю" 0 0.00646746863277713 0.00536164280735617 0.0103555402140145 0.00274717727534958 0 0 0 0.00424160162877503
"гремят" 0 0.00646746863277713 0 0 0.00274717727534958 0.0104531437829927 0.0042755141305742 0.00527370530534754 0.00424160162877503
"греха" 0 0 0 0.00345184673800483 0 0 0 0.0210948212213901 0.00848320325755005
"григорий" 0 0 0 0 0.0164830636520975 0 0.0042755141305742 0 0
"грозные" 0 0 0 0.00690369347600967 0 0.00522657189149637 0.0042755141305742 0.0105474106106951 0.00424160162877503
"громы" 0 0 0 0.00690369347600967 0.00549435455069916 0.00522657189149637 0 0.0105474106106951 0
"губитель" 0 0.00646746863277713 0 0 0.00274717727534958 0.00522657189149637 0 0.0105474106106951 0.00848320325755005
"губы" 0 0.00646746863277713 0.0160849284220685 0 0.00549435455069916 0 0.0042755141305742 0 0
"дана" 0 0.00646746863277713 0 0 0.00274717727534958 0.0156797156744891 0.0085510282611484 0 0
"даны" 0 0 0 0.00690369347600967 0 0.00522657189149637 0.0042755141305742 0.0105474106106951 0.00424160162877503
"дворовый" 0 0.00646746863277713 0 0.00345184673800483 0.0137358863767479 0 0 0 0
"действительно" 0.0268793118896156 0 0 0 0.00824153182604873 0 0 0 0.00424160162877503
"делает" 0 0 0.00536164280735617 0 0.00549435455069916 0.0104531437829927 0 0 0.00848320325755005
"демушку" 0 0 0 0 0.019230240927447 0 0 0 0
"деревню" 0.00895977062987188 0 0 0 0.00274717727534958 0.0104531437829927 0.0042755141305742 0.0105474106106951 0
"деревня" 0 0 0.00536164280735617 0.00345184673800483 0.00824153182604873 0.0104531437829927 0 0 0
"державы" 0 0.0129349372655543 0 0.00345184673800483 0 0.00522657189149637 0 0.00527370530534754 0.00848320325755005
"детки" 0 0 0.0160849284220685 0 0.00824153182604873 0 0.0042755141305742 0 0
"детства" 0.00895977062987188 0 0.00536164280735617 0.0103555402140145 0.00274717727534958 0 0 0 0.00424160162877503
"дик" 0 0.0129349372655543 0 0 0.00549435455069916 0 0.0085510282611484 0 0.00424160162877503
"дичь" 0 0 0.00536164280735617 0.00345184673800483 0.00274717727534958 0 0.0042755141305742 0 0.0127248048863251
"длани" 0 0.0129349372655543 0 0 0 0 0 0.0210948212213901 0.00424160162877503
"дождём" 0 0.00646746863277713 0 0 0.00274717727534958 0 0.0128265423917226 0.0105474106106951 0
"долгий" 0 0 0.00536164280735617 0 0 0.00522657189149637 0.0085510282611484 0.00527370530534754 0.00848320325755005
"долу" 0 0 0 0.0172592336900242 0 0 0.0042755141305742 0 0.00424160162877503
"доселе" 0 0 0.0107232856147123 0.00345184673800483 0.00549435455069916 0.00522657189149637 0 0.00527370530534754 0
"достиг" 0 0 0 0.00690369347600967 0.00274717727534958 0 0 0.0210948212213901 0
"дремлют" 0 0.00646746863277713 0 0.00690369347600967 0.00274717727534958 0.00522657189149637 0 0.0105474106106951 0
"дрожат" 0 0.0194024058983314 0 0.00345184673800483 0.00549435455069916 0 0 0 0.00424160162877503
"другом" 0 0 0 0 0 0.00522657189149637 0.021377570652871 0.00527370530534754 0
"другому" 0 0 0 0.0103555402140145 0 0 0.0085510282611484 0.00527370530534754 0.00424160162877503
"дружбу" 0 0 0.00536164280735617 0 0 0.0156797156744891 0.0042755141305742 0.00527370530534754 0.00424160162877503
"дружество" 0 0 0.00536164280735617 0.00345184673800483 0 0.0104531437829927 0 0.0105474106106951 0.00424160162877503
"дубраве" 0 0 0 0.00690369347600967 0 0.00522657189149637 0.0042755141305742 0 0.0127248048863251
"душевной" 0 0 0 0.00690369347600967 0.00549435455069916 0 0.0085510282611484 0 0.00424160162877503
"дыханья" 0 0.00646746863277713 0.00536164280735617 0 0 0.0104531437829927 0.0085510282611484 0 0.00424160162877503
"жалок" 0 0 0 0.00690369347600967 0 0 0.0128265423917226 0.00527370530534754 0.00424160162877503
"ждала" 0 0.00646746863277713 0 0 0.00824153182604873 0.0104531437829927 0 0.00527370530534754 0
"желательно" 0 0 0 0 0.0164830636520975 0.00522657189149637 0 0 0
"желая" 0.0179195412597438 0 0 0.00345184673800483 0 0 0.0085510282611484 0.00527370530534754 0.00424160162877503
"женой" 0 0.00646746863277713 0.0107232856147123 0.00345184673800483 0.00274717727534958 0 0.0042755141305742 0 0.00424160162877503
"жертвой" 0.00895977062987188 0.00646746863277713 0 0 0 0.00522657189149637 0.0042755141305742 0.0158211159160426 0
"жестокий" 0.00895977062987188 0.00646746863277713 0 0 0.00549435455069916 0.00522657189149637 0.0085510282611484 0 0
"жива" 0.00895977062987188 0 0.0107232856147123 0 0 0.0104531437829927 0 0.0105474106106951 0
"живей" 0.00895977062987188 0 0.00536164280735617 0.0103555402140145 0.00274717727534958 0 0 0.00527370530534754 0
"жмет" 0 0.00646746863277713 0.00536164280735617 0 0 0.00522657189149637 0.0085510282611484 0.0105474106106951 0
"забвенью" 0 0 0 0.0138073869520193 0 0.00522657189149637 0 0 0.00848320325755005
"забудет" 0 0.00646746863277713 0.00536164280735617 0.00345184673800483 0 0.00522657189149637 0.0085510282611484 0.00527370530534754 0
"забытый" 0 0 0.00536164280735617 0.0103555402140145 0 0.00522657189149637 0 0.00527370530534754 0.00424160162877503
"заветные" 0 0 0 0 0 0 0.0042755141305742 0.0158211159160426 0.0127248048863251
"закат" 0 0.00646746863277713 0 0 0 0.0104531437829927 0.0042755141305742 0.00527370530534754 0.00848320325755005
"законы" 0 0 0.00536164280735617 0.00345184673800483 0.00549435455069916 0.00522657189149637 0 0.0105474106106951 0
"зале" 0.00895977062987188 0.00646746863277713 0.00536164280735617 0.0103555402140145 0.00274717727534958 0 0 0 0
"залог" 0 0 0 0.00345184673800483 0 0.00522657189149637 0.0042755141305742 0.00527370530534754 0.0127248048863251
"затеяли" 0 0.00646746863277713 0 0 0.0164830636520975 0 0 0 0
"звала" 0 0 0.00536164280735617 0.00345184673800483 0.00549435455069916 0.00522657189149637 0.0085510282611484 0 0
"звенит" 0 0.0258698745311085 0 0 0.00549435455069916 0 0 0.00527370530534754 0
"звуке" 0 0 0 0.0103555402140145 0 0 0 0.0158211159160426 0.00424160162877503
"звуков" 0 0 0.00536164280735617 0.00690369347600967 0.00274717727534958 0 0.0085510282611484 0.00527370530534754 0
"здравый" 0 0 0 0 0 0.00522657189149637 0 0.0210948212213901 0.00848320325755005
"земное" 0 0.00646746863277713 0 0 0 0.0156797156744891 0.0042755141305742 0.00527370530534754 0.00424160162877503
"зефир" 0 0.0129349372655543 0 0.00690369347600967 0 0.00522657189149637 0.0042755141305742 0 0.00424160162877503
"злата" 0 0.00646746863277713 0 0.0138073869520193 0 0 0 0 0.00848320325755005
"злоба" 0.00895977062987188 0 0 0 0.00824153182604873 0 0.0085510282611484 0.00527370530534754 0
"злодею" 0.00895977062987188 0.00646746863277713 0.00536164280735617 0 0 0 0.0042755141305742 0.00527370530534754 0.00848320325755005
"знамя" 0 0.00646746863277713 0 0.00345184673800483 0.00274717727534958 0.00522657189149637 0.0128265423917226 0 0
"зоил" 0 0 0 0.0172592336900242 0 0 0 0.00527370530534754 0.00424160162877503
"зреть" 0 0.00646746863277713 0 0 0 0.0209062875659855 0 0.00527370530534754 0.00424160162877503
"играл" 0 0 0.00536164280735617 0.00690369347600967 0.00274717727534958 0.00522657189149637 0.0085510282611484 0 0
"играла" 0 0 0 0 0.00274717727534958 0 0.0128265423917226 0.0105474106106951 0.00424160162877503
"игривый" 0 0.0129349372655543 0 0.00690369347600967 0.00274717727534958 0 0 0.00527370530534754 0.00424160162877503
"идите" 0 0 0 0 0.0164830636520975 0.00522657189149637 0 0 0
"изволь" 0 0 0.00536164280735617 0.00690369347600967 0.00274717727534958 0 0.0085510282611484 0 0.00424160162877503
"изменила" 0.0179195412597438 0.0129349372655543 0 0.00345184673800483 0.00274717727534958 0 0 0.00527370530534754 0
"измены" 0 0.0129349372655543 0 0.00345184673800483 0 0.00522657189149637 0.0042755141305742 0.00527370530534754 0.00424160162877503
"исчезнет" 0 0.00646746863277713 0 0.00345184673800483 0.00274717727534958 0 0.0042755141305742 0.0105474106106951 0.00424160162877503
"кавказа" 0 0 0 0 0 0.0104531437829927 0.0085510282611484 0.0158211159160426 0
"каждая" 0 0.0129349372655543 0.00536164280735617 0.00345184673800483 0.00274717727534958 0 0 0 0.00848320325755005
"каждом" 0.0268793118896156 0 0 0.00345184673800483 0.00549435455069916 0 0 0.00527370530534754 0
"какую" 0.00895977062987188 0.00646746863277713 0 0.00690369347600967 0.00274717727534958 0.00522657189149637 0.0042755141305742 0 0
"карман" 0 0 0.0214465712294247 0.00345184673800483 0 0 0.0042755141305742 0 0.00424160162877503
"картина" 0 0 0.0107232856147123 0 0.00549435455069916 0 0 0 0.0127248048863251
"качая" 0 0.00646746863277713 0 0.00690369347600967 0.00274717727534958 0.00522657189149637 0.0042755141305742 0 0.00424160162877503
"клики" 0 0.0129349372655543 0 0.00345184673800483 0 0 0 0.0210948212213901 0
"книг" 0 0 0 0 0.00549435455069916 0 0.0085510282611484 0.0105474106106951 0.00424160162877503
"кораблей" 0 0.0129349372655543 0 0.0103555402140145 0 0 0.0042755141305742 0.00527370530534754 0
"короче" 0.00895977062987188 0 0.00536164280735617 0.00345184673800483 0.00549435455069916 0 0 0 0.00848320325755005
"кость" 0 0 0.00536164280735617 0.00345184673800483 0.00824153182604873 0 0.0085510282611484 0 0
"кота" 0 0.00646746863277713 0 0 0.00274717727534958 0.0104531437829927 0 0 0.0127248048863251
"красный" 0 0.0129349372655543 0 0.00690369347600967 0.00274717727534958 0.00522657189149637 0 0 0.00424160162877503
"красу" 0 0 0 0.0138073869520193 0 0 0 0 0.0127248048863251
"краше" 0.00895977062987188 0 0.0107232856147123 0 0.0109887091013983 0 0 0 0
"крестьянином" 0 0 0 0 0.0109887091013983 0 0.0085510282611484 0 0.00424160162877503
"крохотный" 0 0 0 0 0.0164830636520975 0 0 0.00527370530534754 0
"купить" 0.00895977062987188 0 0.00536164280735617 0.00690369347600967 0.00274717727534958 0 0.0042755141305742 0 0.00424160162877503
"лаврами" 0 0 0 0.00690369347600967 0 0 0 0.0210948212213901 0.00424160162877503
"лавры" 0 0 0.00536164280735617 0 0 0.0104531437829927 0.0042755141305742 0.0158211159160426 0
"лампады" 0 0.0129349372655543 0 0.00345184673800483 0 0 0.0085510282611484 0.00527370530534754 0.00424160162877503
"лег" 0 0 0.0107232856147123 0.00345184673800483 0.00549435455069916 0 0.0042755141305742 0.00527370530534754 0
"лёгкие" 0 0.00646746863277713 0 0.00690369347600967 0 0 0.0042755141305742 0.0105474106106951 0.00424160162877503
"лежали" 0 0 0 0.00345184673800483 0.00824153182604873 0.00522657189149637 0 0.0105474106106951 0
"лёты" 0 0.00646746863277713 0.00536164280735617 0.00690369347600967 0 0 0 0.0105474106106951 0.00424160162877503
"лить" 0 0.0194024058983314 0 0 0 0 0.0042755141305742 0 0.0127248048863251
"лишённый" 0 0 0 0 0 0.0104531437829927 0.0042755141305742 0.00527370530534754 0.0127248048863251
"ловить" 0 0 0 0.00345184673800483 0.00549435455069916 0.0104531437829927 0 0 0.00848320325755005
"лугу" 0.00895977062987188 0 0.0107232856147123 0 0.00274717727534958 0.0104531437829927 0 0 0.00424160162877503
"льет" 0.00895977062987188 0.00646746863277713 0.0160849284220685 0 0 0 0.0042755141305742 0 0.00424160162877503
"любана" 0 0 0.0375314996514932 0 0 0 0 0 0
"любим" 0.00895977062987188 0 0 0 0 0 0.0085510282611484 0.00527370530534754 0.0127248048863251
"любимца" 0 0.0194024058983314 0 0.00690369347600967 0 0 0.0042755141305742 0 0.00424160162877503
"любо" 0 0 0.00536164280735617 0 0.0109887091013983 0 0.0042755141305742 0 0.00424160162877503
"любовницы" 0 0 0 0.020711080428029 0 0 0 0.00527370530534754 0
"мавзолей" 0 0.00646746863277713 0 0 0 0 0.0042755141305742 0.00527370530534754 0.0169664065151001
"макар" 0.00895977062987188 0 0.00536164280735617 0 0.0137358863767479 0 0 0 0
"мальчик" 0 0.0129349372655543 0 0.0103555402140145 0.00549435455069916 0 0 0 0
"мере" 0 0 0 0.00345184673800483 0.00824153182604873 0.00522657189149637 0.0085510282611484 0 0
"мертвец" 0 0.00646746863277713 0 0.0103555402140145 0.00824153182604873 0 0 0 0
"местах" 0.00895977062987188 0 0 0.00690369347600967 0.00274717727534958 0.0104531437829927 0 0.00527370530534754 0
"мечтал" 0 0 0.00536164280735617 0.00690369347600967 0 0 0.0128265423917226 0 0.00424160162877503
"мечтаний" 0 0 0 0.0103555402140145 0 0.0104531437829927 0.0042755141305742 0 0.00424160162877503
"мечтать" 0 0 0 0.0103555402140145 0.00274717727534958 0.00522657189149637 0.0042755141305742 0 0.00424160162877503
"мешает" 0 0 0.0107232856147123 0 0.00274717727534958 0 0.0128265423917226 0.00527370530534754 0
"миллионы" 0.0179195412597438 0 0.0214465712294247 0.00345184673800483 0 0 0 0 0
"милость" 0 0.0129349372655543 0 0.00690369347600967 0.00274717727534958 0.00522657189149637 0 0 0.00424160162877503
"младое" 0 0.00646746863277713 0 0.00345184673800483 0 0.0156797156744891 0 0.00527370530534754 0.00424160162877503
"могущих" 0 0 0 0.00345184673800483 0 0 0 0 0.0254496097726502
"моею" 0.0179195412597438 0 0 0.00690369347600967 0.00274717727534958 0.00522657189149637 0 0 0.00424160162877503
"молвить" 0 0.00646746863277713 0.0160849284220685 0.00690369347600967 0 0 0 0 0.00424160162877503
"молода" 0.0358390825194875 0 0.00536164280735617 0 0 0.00522657189149637 0.0042755141305742 0 0
"молодого" 0.00895977062987188 0 0 0.00690369347600967 0 0.00522657189149637 0.0042755141305742 0 0.00848320325755005
"молчании" 0 0 0 0.00690369347600967 0 0.00522657189149637 0.0085510282611484 0.00527370530534754 0.00424160162877503
"морях" 0 0 0 0 0.00274717727534958 0.00522657189149637 0.0128265423917226 0.0105474106106951 0
"мощный" 0 0.00646746863277713 0 0 0 0 0.0042755141305742 0.0105474106106951 0.0127248048863251
"мрамор" 0 0 0 0.0172592336900242 0 0.00522657189149637 0.0042755141305742 0 0
"мрачен" 0 0.00646746863277713 0.00536164280735617 0 0.00549435455069916 0.00522657189149637 0.0085510282611484 0 0
"мрачной" 0 0.00646746863277713 0 0.00345184673800483 0 0.00522657189149637 0.0042755141305742 0.0158211159160426 0
"мужика" 0.0268793118896156 0.0129349372655543 0.00536164280735617 0 0 0 0 0 0.00424160162877503
"мужиков" 0.00895977062987188 0 0.0160849284220685 0 0.00274717727534958 0 0 0 0.00848320325755005
"мужу" 0 0.0129349372655543 0.00536164280735617 0 0.00824153182604873 0 0 0 0.00424160162877503
"мучений" 0 0 0 0.0138073869520193 0 0 0 0.00527370530534754 0.00848320325755005
"мчатся" 0 0.0452722804294399 0 0 0 0 0 0 0
"наблюдал" 0 0.00646746863277713 0.00536164280735617 0 0.00274717727534958 0 0.0085510282611484 0 0.00848320325755005
"наводит" 0 0 0 0.00345184673800483 0.00549435455069916 0.00522657189149637 0.0042755141305742 0.0105474106106951 0
"напев" 0.00895977062987188 0 0.00536164280735617 0.00345184673800483 0.00274717727534958 0 0 0 0.0127248048863251
"наперсник" 0 0 0 0.0138073869520193 0 0 0 0.0105474106106951 0.00424160162877503
"написал" 0.00895977062987188 0.00646746863277713 0 0.00345184673800483 0.00274717727534958 0 0 0.00527370530534754 0.00848320325755005
"народом" 0 0 0.00536164280735617 0.00345184673800483 0.00274717727534958 0.00522657189149637 0.0128265423917226 0 0
"наряд" 0.00895977062987188 0.00646746863277713 0 0 0.00549435455069916 0 0.0042755141305742 0 0.00848320325755005
"наследники" 0 0 0 0 0.0164830636520975 0.00522657189149637 0 0 0
"насмешливо" 0.00895977062987188 0 0 0.00345184673800483 0.00274717727534958 0 0.0128265423917226 0.00527370530534754 0
"настоящее" 0.0358390825194875 0.00646746863277713 0 0 0 0 0 0 0.00848320325755005
"наук" 0.00895977062987188 0.00646746863277713 0 0.00345184673800483 0.00274717727534958 0.00522657189149637 0 0 0.00848320325755005
"нашим" 0 0 0.00536164280735617 0 0.0137358863767479 0 0 0.00527370530534754 0
"небосклон" 0 0 0 0.00690369347600967 0 0.0104531437829927 0.0042755141305742 0.00527370530534754 0.00424160162877503
"небось" 0 0 0 0 0.019230240927447 0 0 0 0
"небрежно" 0.00895977062987188 0 0 0.00690369347600967 0.00274717727534958 0 0.0085510282611484 0.00527370530534754 0
"невежество" 0 0 0 0 0.00274717727534958 0 0.0042755141305742 0.0210948212213901 0.00424160162877503
"неверной" 0 0 0 0.00690369347600967 0 0 0 0.0210948212213901 0.00424160162877503
"неверный" 0 0 0 0.00345184673800483 0 0.00522657189149637 0.0085510282611484 0.0105474106106951 0.00424160162877503
"невинность" 0.00895977062987188 0.00646746863277713 0.00536164280735617 0 0 0.00522657189149637 0 0.0105474106106951 0.00424160162877503
"невинных" 0 0 0.00536164280735617 0.00345184673800483 0 0.00522657189149637 0.0128265423917226 0 0.00424160162877503
"нег" 0 0 0 0.0138073869520193 0 0.00522657189149637 0 0.00527370530534754 0.00424160162877503
"недвижно" 0 0 0.00536164280735617 0.00345184673800483 0.00549435455069916 0.00522657189149637 0.0042755141305742 0 0.00424160162877503
"недуга" 0 0.0129349372655543 0 0 0.00274717727534958 0 0.0085510282611484 0.00527370530534754 0.00424160162877503
"нежные" 0 0 0 0.00690369347600967 0.00274717727534958 0 0.0042755141305742 0.0158211159160426 0
"немножко" 0 0.0129349372655543 0.0214465712294247 0 0 0 0.0042755141305742 0 0
"немые" 0.0179195412597438 0 0 0.0103555402140145 0 0 0.0042755141305742 0.00527370530534754 0
"несчастье" 0.00895977062987188 0 0 0 0 0.0104531437829927 0.0171020565222968 0 0
"нету" 0 0.00646746863277713 0.00536164280735617 0.00345184673800483 0.00549435455069916 0 0 0 0.00848320325755005
"ново" 0.00895977062987188 0 0 0.00345184673800483 0.00274717727534958 0.0104531437829927 0 0 0.00848320325755005
"нового" 0 0.00646746863277713 0 0.00345184673800483 0.00549435455069916 0.00522657189149637 0 0.00527370530534754 0.00424160162877503
"ногами" 0.00895977062987188 0 0 0 0.00824153182604873 0 0.0042755141305742 0.00527370530534754 0.00424160162877503
"нож" 0.00895977062987188 0.0129349372655543 0 0 0.00274717727534958 0 0.0128265423917226 0 0
"носил" 0.00895977062987188 0 0 0.00345184673800483 0.00824153182604873 0.00522657189149637 0.0042755141305742 0 0
"ночам" 0 0 0 0.0103555402140145 0.00274717727534958 0 0.0042755141305742 0.00527370530534754 0.00424160162877503
"нравится" 0 0 0 0 0.00549435455069916 0.00522657189149637 0 0.0158211159160426 0.00424160162877503
"обители" 0 0 0 0.00690369347600967 0 0.0104531437829927 0 0 0.0127248048863251
"обман" 0 0 0 0.0103555402140145 0.00274717727534958 0 0.0085510282611484 0.00527370530534754 0
"обманет" 0 0.0194024058983314 0.00536164280735617 0 0 0.00522657189149637 0 0 0.00848320325755005
"обманчивых" 0 0 0 0.00345184673800483 0 0.00522657189149637 0.0042755141305742 0.0210948212213901 0
"объятия" 0 0.00646746863277713 0 0.00690369347600967 0 0.0104531437829927 0.0042755141305742 0 0.00424160162877503
"объятья" 0 0.00646746863277713 0 0 0.00274717727534958 0 0.0171020565222968 0 0.00424160162877503
"од" 0 0 0 0.0103555402140145 0 0 0 0.0158211159160426 0.00424160162877503
"одинок" 0 0.00646746863277713 0.00536164280735617 0.00345184673800483 0 0.00522657189149637 0.0128265423917226 0 0
"ожиданье" 0 0.00646746863277713 0.00536164280735617 0.00345184673800483 0 0.00522657189149637 0 0.00527370530534754 0.00848320325755005
"осгар" 0 0 0 0 0 0 0 0.0369159371374328 0
"осторожно" 0.00895977062987188 0.00646746863277713 0.00536164280735617 0 0.00274717727534958 0.00522657189149637 0 0.00527370530534754 0.00424160162877503
"острог" 0.00895977062987188 0 0.0107232856147123 0 0.0109887091013983 0 0 0 0
"осуждён" 0 0 0 0 0 0.0104531437829927 0.0042755141305742 0.00527370530534754 0.0127248048863251
"ответила" 0 0 0 0 0.0164830636520975 0 0.0042755141305742 0 0
"отрадный" 0 0.00646746863277713 0 0.0103555402140145 0 0 0 0.0105474106106951 0.00424160162877503
"отцом" 0 0 0.0107232856147123 0 0.00549435455069916 0.0104531437829927 0.0042755141305742 0 0
"отчаяньем" 0 0 0.00536164280735617 0 0.00274717727534958 0 0.0171020565222968 0.00527370530534754 0
"ошибкой" 0 0 0.0160849284220685 0.00345184673800483 0 0 0 0.00527370530534754 0.00848320325755005
"падут" 0 0 0 0.0172592336900242 0 0 0 0 0.00848320325755005
"палач" 0.00895977062987188 0 0 0.00345184673800483 0.00274717727534958 0.00522657189149637 0 0.0105474106106951 0.00424160162877503
"парнас" 0 0 0 0.00345184673800483 0.00549435455069916 0.00522657189149637 0 0 0.0127248048863251
"парнасса" 0 0 0 0.0138073869520193 0 0.00522657189149637 0 0.0105474106106951 0
"пахом" 0 0 0 0.00345184673800483 0.0164830636520975 0 0 0 0
"пей" 0 0 0 0.0103555402140145 0.00824153182604873 0 0.0042755141305742 0 0
"пели" 0 0 0.00536164280735617 0 0.00549435455069916 0.00522657189149637 0.0085510282611484 0 0.00424160162877503
"пена" 0 0.00646746863277713 0 0.0103555402140145 0 0.0104531437829927 0.0042755141305742 0 0
"первом" 0 0.00646746863277713 0 0.00690369347600967 0.00549435455069916 0 0.0042755141305742 0.00527370530534754 0
"песней" 0 0 0 0.00345184673800483 0.00549435455069916 0 0.0042755141305742 0.00527370530534754 0.00848320325755005
"песок" 0 0.0129349372655543 0 0.00345184673800483 0.00549435455069916 0 0.0042755141305742 0.00527370530534754 0
"петербурге" 0.0268793118896156 0 0.00536164280735617 0 0.00549435455069916 0 0 0 0.00424160162877503
"печалью" 0 0.00646746863277713 0 0 0 0 0.0171020565222968 0 0.00848320325755005
"питал" 0 0 0 0.00690369347600967 0.00274717727534958 0.00522657189149637 0.0085510282611484 0.00527370530534754 0
"питер" 0.00895977062987188 0 0 0 0.00549435455069916 0 0.0171020565222968 0 0
"пламенем" 0 0 0 0.0103555402140145 0 0 0 0.0158211159160426 0.00424160162877503
"плачут" 0.0179195412597438 0.00646746863277713 0.0107232856147123 0.00345184673800483 0.00274717727534958 0 0 0 0
"плащ" 0 0.0258698745311085 0 0.00345184673800483 0 0 0.0085510282611484 0 0
"пленяет" 0 0.0129349372655543 0 0.00690369347600967 0 0.00522657189149637 0 0 0.00848320325755005
"площадь" 0.00895977062987188 0 0 0.00345184673800483 0.0109887091013983 0 0 0.00527370530534754 0
"побег" 0 0 0 0.0103555402140145 0.00274717727534958 0 0 0.0158211159160426 0
"погоди" 0 0.0129349372655543 0.0107232856147123 0.00345184673800483 0 0.00522657189149637 0.0042755141305742 0 0
"погубил" 0.00895977062987188 0.0129349372655543 0 0 0.00549435455069916 0 0.0085510282611484 0 0
"подарок" 0 0 0 0.00345184673800483 0.00824153182604873 0 0.0128265423917226 0 0
"подо" 0 0.00646746863277713 0 0.00345184673800483 0.00274717727534958 0 0.0042755141305742 0.0158211159160426 0
"подобные" 0.0179195412597438 0.00646746863277713 0 0 0 0.00522657189149637 0.0085510282611484 0 0.00424160162877503
"подруги" 0 0.00646746863277713 0 0.0103555402140145 0 0.00522657189149637 0.0042755141305742 0.00527370530534754 0
"пожаров" 0.0268793118896156 0 0 0.0138073869520193 0 0 0 0 0
"пожелать" 0.00895977062987188 0.0129349372655543 0 0.00690369347600967 0 0.0104531437829927 0 0 0
"поздний" 0 0 0 0.00345184673800483 0 0.0156797156744891 0 0.0158211159160426 0
"покинув" 0.0179195412597438 0 0 0.00345184673800483 0.00549435455069916 0 0 0 0.00848320325755005
"покойный" 0 0 0 0.0103555402140145 0 0 0.0042755141305742 0.0158211159160426 0
"покорный" 0 0 0 0.00690369347600967 0.00274717727534958 0.00522657189149637 0 0.00527370530534754 0.00848320325755005
"покрывало" 0 0.0194024058983314 0 0.00345184673800483 0 0.0156797156744891 0 0 0
"полдневный" 0 0.00646746863277713 0 0.00690369347600967 0.00274717727534958 0.00522657189149637 0.0085510282611484 0 0
"полуночи" 0 0 0 0.0103555402140145 0.00549435455069916 0.00522657189149637 0 0.00527370530534754 0
"пользу" 0.0179195412597438 0 0.00536164280735617 0 0 0.00522657189149637 0.0042755141305742 0.00527370530534754 0.00424160162877503
"пользы" 0.0179195412597438 0 0 0 0.00824153182604873 0 0.0042755141305742 0.00527370530534754 0
"полям" 0 0 0 0.00345184673800483 0 0 0.0085510282611484 0.00527370530534754 0.0127248048863251
"порога" 0.00895977062987188 0 0 0.00690369347600967 0.00274717727534958 0.00522657189149637 0.0042755141305742 0.00527370530534754 0
"посланья" 0 0 0 0.0138073869520193 0 0.0104531437829927 0 0 0.00424160162877503
"посмотрим" 0 0 0 0 0.019230240927447 0 0 0 0
"потух" 0 0.00646746863277713 0 0.0138073869520193 0.00274717727534958 0 0 0.00527370530534754 0
"поэзия" 0 0.0129349372655543 0 0 0.00274717727534958 0 0.0042755141305742 0.0105474106106951 0.00424160162877503
"поэтов" 0 0 0 0.00690369347600967 0.00549435455069916 0 0 0.0105474106106951 0.00424160162877503
"поэтом" 0 0 0.00536164280735617 0.0103555402140145 0 0 0.0042755141305742 0.00527370530534754 0.00424160162877503
"поэту" 0 0.00646746863277713 0 0.00690369347600967 0.00274717727534958 0.00522657189149637 0.0042755141305742 0 0.00424160162877503
"правду" 0 0 0.0160849284220685 0.00345184673800483 0.00274717727534958 0 0 0.0105474106106951 0
"прахом" 0 0 0 0.00345184673800483 0 0.00522657189149637 0 0.00527370530534754 0.0169664065151001
"предков" 0 0 0 0.0138073869520193 0 0.00522657189149637 0 0 0.00848320325755005
"презрев" 0 0 0 0.0138073869520193 0 0 0.0042755141305742 0.0105474106106951 0
"презренной" 0.00895977062987188 0.0129349372655543 0 0.00690369347600967 0.00274717727534958 0.00522657189149637 0 0 0
"презренный" 0 0 0 0.00690369347600967 0.00549435455069916 0 0.0128265423917226 0 0
"прекрасных" 0 0.00646746863277713 0 0 0 0.0261328594574818 0.0042755141305742 0 0
"привёл" 0.0179195412597438 0 0 0.00345184673800483 0.00274717727534958 0 0.0085510282611484 0 0.00424160162877503
"привычка" 0 0 0 0 0.0109887091013983 0.00522657189149637 0 0 0.00848320325755005
"прилично" 0 0 0.00536164280735617 0 0.00824153182604873 0 0.0042755141305742 0 0.00848320325755005
"принесла" 0 0.0129349372655543 0.0107232856147123 0 0.00274717727534958 0 0.0085510282611484 0 0
"приняв" 0 0.0129349372655543 0 0 0.00274717727534958 0 0 0.00527370530534754 0.0127248048863251
"приняла" 0.00895977062987188 0 0 0 0 0.00522657189149637 0.0171020565222968 0 0.00424160162877503
"природу" 0.00895977062987188 0 0 0 0.00274717727534958 0 0.0085510282611484 0.00527370530534754 0.00848320325755005
"причины" 0 0 0.00536164280735617 0.00345184673800483 0 0.0104531437829927 0.0085510282611484 0.00527370530534754 0
"прозы" 0.00895977062987188 0 0 0.0103555402140145 0.00274717727534958 0 0 0.0105474106106951 0
"проказы" 0 0.00646746863277713 0.0107232856147123 0.0103555402140145 0 0 0 0 0.00424160162877503
"пророк" 0 0 0 0.0103555402140145 0 0 0.0042755141305742 0.00527370530534754 0.00848320325755005
"простёр" 0 0 0 0.00345184673800483 0 0 0.0042755141305742 0.0263685265267377 0
"простотой" 0 0.00646746863277713 0 0.00345184673800483 0 0.00522657189149637 0.0042755141305742 0 0.0127248048863251
"простоты" 0 0 0 0.00690369347600967 0 0 0.0042755141305742 0.00527370530534754 0.0127248048863251
"простую" 0 0 0.0107232856147123 0 0 0.00522657189149637 0.0128265423917226 0.00527370530534754 0
"прощальный" 0 0 0 0.00345184673800483 0 0.00522657189149637 0.0171020565222968 0.00527370530534754 0
"пруд" 0 0 0 0.00690369347600967 0.00824153182604873 0.00522657189149637 0 0.00527370530534754 0
"пустились" 0 0.00646746863277713 0.0214465712294247 0.00690369347600967 0 0 0 0 0
"путем" 0 0 0.0107232856147123 0 0.0137358863767479 0 0 0 0
"пылал" 0 0 0 0.00345184673800483 0.00274717727534958 0.00522657189149637 0.0085510282611484 0.00527370530534754 0.00424160162877503
"пылая" 0 0 0 0.0138073869520193 0 0 0.0042755141305742 0.00527370530534754 0.00424160162877503
"пьют" 0 0.00646746863277713 0 0.0103555402140145 0.00549435455069916 0.00522657189149637 0 0 0
"работаю" 0 0.00646746863277713 0 0 0.0164830636520975 0 0 0 0
"равен" 0 0 0.00536164280735617 0.0103555402140145 0.00274717727534958 0 0 0.00527370530534754 0.00424160162877503
"равнодушно" 0 0.0194024058983314 0 0.00345184673800483 0 0.0104531437829927 0 0.00527370530534754 0
"рады" 0.00895977062987188 0 0.00536164280735617 0.00345184673800483 0.00824153182604873 0 0 0 0.00424160162877503
"разбудит" 0 0.00646746863277713 0 0.0138073869520193 0.00274717727534958 0 0 0.00527370530534754 0
"развалин" 0 0 0 0.00345184673800483 0 0 0.0128265423917226 0.0105474106106951 0.00424160162877503
"разврат" 0 0 0 0.0138073869520193 0 0 0 0 0.0127248048863251
"разуму" 0 0 0 0 0.019230240927447 0 0 0 0
"ранний" 0 0 0 0.0103555402140145 0 0 0.0042755141305742 0.0105474106106951 0.00424160162877503
"раны" 0 0.00646746863277713 0.00536164280735617 0 0.00824153182604873 0 0 0 0.00848320325755005
"рая" 0.00895977062987188 0.0194024058983314 0 0.00345184673800483 0 0 0.0085510282611484 0 0
"ребёнком" 0.00895977062987188 0 0.0107232856147123 0 0.00549435455069916 0 0.0042755141305742 0 0.00424160162877503
"резец" 0 0.00646746863277713 0 0.0138073869520193 0 0.00522657189149637 0 0.00527370530534754 0
"родимый" 0 0 0.0107232856147123 0 0.00549435455069916 0.0104531437829927 0 0 0.00424160162877503
"родитель" 0 0 0.0107232856147123 0.00345184673800483 0.00274717727534958 0 0.0128265423917226 0 0
"рожденья" 0 0.00646746863277713 0.00536164280735617 0.00345184673800483 0.00274717727534958 0 0.0042755141305742 0 0.00848320325755005
"рожь" 0 0 0.00536164280735617 0 0.0137358863767479 0 0.0042755141305742 0 0
"розами" 0 0.0129349372655543 0 0.00690369347600967 0 0.00522657189149637 0 0.0105474106106951 0
"романа" 0.00895977062987188 0 0.0214465712294247 0 0 0 0.0042755141305742 0 0.00424160162877503
"рублей" 0.0179195412597438 0.00646746863277713 0.0107232856147123 0 0.00274717727534958 0.00522657189149637 0 0 0
"рукам" 0 0 0.0107232856147123 0.0138073869520193 0 0 0 0 0.00424160162877503
"руси" 0 0 0.0268082140367809 0.00345184673800483 0.00274717727534958 0 0 0 0
"русским" 0.00895977062987188 0 0 0 0.00274717727534958 0 0.0042755141305742 0 0.0169664065151001
"садись" 0 0.00646746863277713 0.00536164280735617 0.00690369347600967 0.00549435455069916 0 0.0042755141305742 0 0
"самим" 0 0 0 0 0.00274717727534958 0.0156797156744891 0.0085510282611484 0 0.00424160162877503
"самый" 0 0 0.0160849284220685 0 0.00274717727534958 0.00522657189149637 0 0.00527370530534754 0.00424160162877503
"сатана" 0 0 0.0268082140367809 0.00345184673800483 0 0.00522657189149637 0 0 0
"сатиры" 0.00895977062987188 0 0 0.0172592336900242 0 0 0 0 0.00424160162877503
"сверкая" 0 0.0129349372655543 0 0.00690369347600967 0 0.00522657189149637 0 0 0.00848320325755005
"светлых" 0.00895977062987188 0.00646746863277713 0 0.00690369347600967 0.00274717727534958 0.0104531437829927 0 0 0
"свищет" 0 0 0.0214465712294247 0.00690369347600967 0.00274717727534958 0 0 0 0
"свободен" 0 0 0.0107232856147123 0 0.00274717727534958 0.00522657189149637 0 0.0105474106106951 0.00424160162877503
"сводня" 0 0.0323373431638857 0 0.00690369347600967 0 0 0 0 0
"сгоряча" 0.0179195412597438 0 0 0.00345184673800483 0.00274717727534958 0.00522657189149637 0.0042755141305742 0 0.00424160162877503
"седого" 0 0.0129349372655543 0 0 0 0.00522657189149637 0.0042755141305742 0.0105474106106951 0.00424160162877503
"семьдесят" 0 0 0.032169856844137 0 0.00274717727534958 0 0 0 0
"сердечно" 0.00895977062987188 0.00646746863277713 0.0160849284220685 0.00345184673800483 0 0.00522657189149637 0 0 0
"сердитый" 0 0.00646746863277713 0.00536164280735617 0 0.0109887091013983 0 0.0042755141305742 0 0
"серый" 0 0.0129349372655543 0 0 0.00549435455069916 0.00522657189149637 0.0042755141305742 0 0.00424160162877503
"силен" 0.00895977062987188 0.00646746863277713 0.00536164280735617 0.00690369347600967 0 0 0.0042755141305742 0 0.00424160162877503
"сильна" 0.00895977062987188 0 0 0.00345184673800483 0.00549435455069916 0 0.0128265423917226 0 0
"сильных" 0 0.00646746863277713 0 0.00690369347600967 0 0 0.0085510282611484 0 0.00848320325755005
"сияют" 0 0.00646746863277713 0 0.00690369347600967 0 0.00522657189149637 0.0042755141305742 0 0.00848320325755005
"сказки" 0 0.0194024058983314 0.0107232856147123 0 0.00274717727534958 0 0.0042755141305742 0 0
"скалы" 0 0.0129349372655543 0 0.00345184673800483 0 0.00522657189149637 0.0085510282611484 0 0.00424160162877503
"скатерть" 0.00895977062987188 0 0 0.00345184673800483 0.0109887091013983 0 0 0 0.00424160162877503
"скрылся" 0 0.00646746863277713 0.00536164280735617 0.00345184673800483 0.00274717727534958 0.0104531437829927 0.0042755141305742 0 0
"скучно" 0 0.00646746863277713 0.0160849284220685 0 0.00274717727534958 0.00522657189149637 0 0 0.00424160162877503
"славян" 0 0 0 0.00345184673800483 0 0 0 0.0105474106106951 0.0169664065151001
"случалось" 0 0 0.00536164280735617 0 0.00549435455069916 0.0104531437829927 0 0 0.00848320325755005
"слушает" 0 0 0 0.00345184673800483 0.0109887091013983 0 0 0.0105474106106951 0
"слушая" 0 0 0 0 0.00549435455069916 0.00522657189149637 0.0085510282611484 0.00527370530534754 0.00424160162877503
"слыхал" 0 0 0.00536164280735617 0.00345184673800483 0.00274717727534958 0 0.0128265423917226 0 0.00424160162877503
"слыхали" 0 0 0 0 0.0109887091013983 0.0104531437829927 0.0042755141305742 0 0
"смертью" 0 0.00646746863277713 0 0 0.00274717727534958 0 0.0085510282611484 0.00527370530534754 0.00848320325755005
"смея" 0.00895977062987188 0 0 0.00345184673800483 0 0.00522657189149637 0 0.0158211159160426 0.00424160162877503
"смиренной" 0 0 0 0.00690369347600967 0 0.00522657189149637 0 0.0158211159160426 0.00424160162877503
"смысл" 0 0.00646746863277713 0.0107232856147123 0 0 0.00522657189149637 0 0.00527370530534754 0.00848320325755005
"снега" 0 0.0129349372655543 0 0 0.00274717727534958 0.0104531437829927 0 0.0105474106106951 0
"собственной" 0 0 0 0 0.019230240927447 0 0 0 0
"создатель" 0 0.00646746863277713 0.0160849284220685 0.00345184673800483 0.00274717727534958 0.00522657189149637 0 0 0
"сойду" 0.00895977062987188 0 0 0.00345184673800483 0.00274717727534958 0 0.0085510282611484 0.0105474106106951 0
"сокрылся" 0 0 0 0.020711080428029 0 0 0 0.00527370530534754 0
"сокрыт" 0 0.00646746863277713 0 0.00345184673800483 0 0.0104531437829927 0 0.0105474106106951 0.00424160162877503
"союза" 0 0 0.00536164280735617 0 0.00274717727534958 0.0104531437829927 0.0042755141305742 0 0.00848320325755005
"спас" 0 0.0129349372655543 0 0.00690369347600967 0 0 0.0085510282611484 0 0.00424160162877503
"спаситель" 0 0.00646746863277713 0 0.00345184673800483 0 0.0104531437829927 0.0042755141305742 0.00527370530534754 0.00424160162877503
"спорили" 0 0 0 0 0.0164830636520975 0 0.0042755141305742 0 0
"спутник" 0 0.0129349372655543 0.0107232856147123 0 0.00274717727534958 0.00522657189149637 0 0 0.00424160162877503
"старому" 0 0.00646746863277713 0 0 0.0164830636520975 0 0 0 0
"старуха" 0 0 0 0 0.0137358863767479 0 0.0085510282611484 0 0
"старушка" 0 0.00646746863277713 0 0.00345184673800483 0.0137358863767479 0 0 0 0
"стен" 0.00895977062987188 0.00646746863277713 0 0.00690369347600967 0.00274717727534958 0.00522657189149637 0 0 0.00424160162877503
"стишки" 0 0 0.00536164280735617 0.0103555402140145 0 0 0.0128265423917226 0 0
"столе" 0 0.00646746863277713 0.0160849284220685 0.00345184673800483 0 0 0.0085510282611484 0 0
"столице" 0.0179195412597438 0 0 0 0.00274717727534958 0 0.0128265423917226 0.00527370530534754 0
"сторону" 0 0 0.00536164280735617 0 0.0137358863767479 0 0 0 0.00424160162877503
"страданий" 0.00895977062987188 0 0 0.00690369347600967 0 0 0.0042755141305742 0 0.0127248048863251
"странник" 0 0.0129349372655543 0.00536164280735617 0.00345184673800483 0 0.00522657189149637 0 0 0.00848320325755005
"страну" 0.00895977062987188 0.00646746863277713 0 0 0 0 0 0.0210948212213901 0.00424160162877503
"струится" 0.00895977062987188 0.0129349372655543 0.00536164280735617 0.00690369347600967 0 0 0.0042755141305742 0 0
"струн" 0 0 0 0.0103555402140145 0 0.00522657189149637 0 0.00527370530534754 0.00848320325755005
"ступай" 0 0 0.00536164280735617 0.00690369347600967 0 0.00522657189149637 0.0042755141305742 0.0105474106106951 0
"судом" 0.0268793118896156 0 0 0 0.00549435455069916 0 0.0085510282611484 0 0
"сумраке" 0 0.00646746863277713 0.00536164280735617 0.00345184673800483 0 0 0 0 0.0169664065151001
"суровой" 0.00895977062987188 0 0 0 0.00549435455069916 0.00522657189149637 0.0042755141305742 0 0.00848320325755005
"суровые" 0.0179195412597438 0 0 0 0.00549435455069916 0 0.0042755141305742 0.00527370530534754 0.00424160162877503
"суровых" 0 0 0 0.0138073869520193 0.00274717727534958 0 0.0042755141305742 0 0.00424160162877503
"счастливо" 0 0 0.0107232856147123 0 0.00274717727534958 0 0.0042755141305742 0.00527370530534754 0.00848320325755005
"счастливого" 0.00895977062987188 0 0 0 0.0109887091013983 0.00522657189149637 0.0042755141305742 0 0
"сырую" 0.0179195412597438 0 0 0 0 0 0.021377570652871 0 0
"тайных" 0 0 0 0.00345184673800483 0.00549435455069916 0 0.0085510282611484 0.00527370530534754 0.00424160162877503
"тварь" 0.00895977062987188 0.00646746863277713 0.00536164280735617 0.00345184673800483 0 0 0 0.00527370530534754 0.00848320325755005
"творит" 0 0.00646746863277713 0 0.00345184673800483 0.00274717727534958 0 0.0042755141305742 0.00527370530534754 0.00848320325755005
"текла" 0 0 0 0.00690369347600967 0.00274717727534958 0.00522657189149637 0 0 0.0127248048863251
"телом" 0 0 0 0.00345184673800483 0.00274717727534958 0 0.0171020565222968 0 0.00424160162877503
"темноте" 0 0.00646746863277713 0 0.0103555402140145 0 0.0104531437829927 0 0 0.00424160162877503
"темнотой" 0 0.0129349372655543 0 0.00690369347600967 0 0 0.0085510282611484 0.00527370530534754 0
"течёт" 0 0 0.0107232856147123 0.00345184673800483 0.00274717727534958 0 0 0.00527370530534754 0.00848320325755005
"тиран" 0 0.00646746863277713 0.00536164280735617 0.0103555402140145 0 0 0 0 0.00848320325755005
"тихое" 0 0.00646746863277713 0 0 0.00274717727534958 0.0104531437829927 0 0.0105474106106951 0.00424160162877503
"товарищей" 0 0 0 0.00345184673800483 0.0109887091013983 0.00522657189149637 0.0042755141305742 0 0
"томны" 0 0.0129349372655543 0 0 0 0.0104531437829927 0 0.0158211159160426 0
"тоску" 0.00895977062987188 0 0.00536164280735617 0.00690369347600967 0 0 0.0085510282611484 0 0.00424160162877503
"трава" 0 0 0 0 0.00824153182604873 0 0.0085510282611484 0.00527370530534754 0.00424160162877503
"тревоги" 0 0 0 0.0138073869520193 0 0 0.0042755141305742 0.0105474106106951 0
"тревожить" 0 0.00646746863277713 0.00536164280735617 0.0103555402140145 0 0 0.0042755141305742 0.00527370530534754 0
"трепетал" 0 0 0 0.00345184673800483 0 0.0156797156744891 0.0085510282611484 0 0.00424160162877503
"тумане" 0 0.0129349372655543 0.00536164280735617 0.00345184673800483 0 0 0 0.00527370530534754 0.00848320325755005
"тянет" 0.00895977062987188 0.0129349372655543 0.0107232856147123 0 0 0.00522657189149637 0 0.00527370530534754 0
"тянется" 0 0 0 0.00345184673800483 0.0137358863767479 0 0 0.00527370530534754 0
"убил" 0 0 0.00536164280735617 0 0.0109887091013983 0 0.0042755141305742 0 0.00424160162877503
"убор" 0 0 0 0.00345184673800483 0 0.0104531437829927 0.0128265423917226 0 0.00424160162877503
"увидели" 0.00895977062987188 0 0 0.00345184673800483 0.00824153182604873 0.0104531437829927 0 0 0
"угрюм" 0.00895977062987188 0.00646746863277713 0.00536164280735617 0 0.00824153182604873 0 0 0.00527370530534754 0
"удалось" 0 0 0.00536164280735617 0.00690369347600967 0 0.00522657189149637 0.0042755141305742 0.00527370530534754 0.00424160162877503
"узы" 0 0 0 0.0103555402140145 0 0.0104531437829927 0.0042755141305742 0 0.00424160162877503
"умеет" 0 0 0 0.00345184673800483 0 0.00522657189149637 0.0042755141305742 0.0158211159160426 0.00424160162877503
"умея" 0 0 0.00536164280735617 0.00345184673800483 0 0.00522657189149637 0 0.00527370530534754 0.0127248048863251
"умирает" 0.0179195412597438 0.00646746863277713 0 0 0.00274717727534958 0.00522657189149637 0 0.00527370530534754 0.00424160162877503
"упованье" 0 0.0129349372655543 0 0 0 0.0209062875659855 0 0 0.00424160162877503
"упрёк" 0 0 0 0.0103555402140145 0.00274717727534958 0 0.0085510282611484 0 0.00424160162877503
"услышал" 0 0.00646746863277713 0.00536164280735617 0.00690369347600967 0 0.00522657189149637 0.0042755141305742 0.00527370530534754 0
"учитель" 0.00895977062987188 0.00646746863277713 0 0 0 0.0104531437829927 0.0085510282611484 0.00527370530534754 0
"учиться" 0 0.00646746863277713 0 0.00345184673800483 0.00274717727534958 0 0.0042755141305742 0 0.0127248048863251
"уши" 0 0.0129349372655543 0.0107232856147123 0.00345184673800483 0.00274717727534958 0.00522657189149637 0 0 0
"французской" 0.0179195412597438 0 0 0.00345184673800483 0.00274717727534958 0 0.0042755141305742 0 0.00848320325755005
"харит" 0 0 0 0.0172592336900242 0 0 0 0.0105474106106951 0
"хвалы" 0 0 0 0.0103555402140145 0 0.00522657189149637 0.0042755141305742 0.00527370530534754 0.00424160162877503
"хитрости" 0 0 0 0.00345184673800483 0.0109887091013983 0 0.0042755141305742 0 0.00424160162877503
"хладен" 0.00895977062987188 0.0129349372655543 0 0.00345184673800483 0 0 0.0085510282611484 0 0.00424160162877503
"хладно" 0.00895977062987188 0.0129349372655543 0 0.0138073869520193 0 0 0 0 0
"хлебушка" 0 0 0 0 0.019230240927447 0 0 0 0
"ходят" 0.00895977062987188 0 0.0160849284220685 0 0.00549435455069916 0 0.0042755141305742 0 0
"хозяюшка" 0 0 0 0 0.0164830636520975 0 0 0 0.00424160162877503
"холмов" 0 0 0 0.00690369347600967 0 0.0104531437829927 0.0042755141305742 0.0105474106106951 0
"холодно" 0 0 0 0 0.0164830636520975 0 0 0 0.00424160162877503
"хор" 0 0.00646746863277713 0.00536164280735617 0.00345184673800483 0.00549435455069916 0 0.0042755141305742 0 0.00424160162877503
"хотела" 0 0 0.00536164280735617 0.00345184673800483 0.00549435455069916 0 0.0042755141305742 0.00527370530534754 0.00424160162877503
"хотели" 0.00895977062987188 0 0.0107232856147123 0 0.00274717727534958 0 0.0085510282611484 0 0.00424160162877503
"царевну" 0 0 0.0375314996514932 0 0 0 0 0 0
"цветов" 0.00895977062987188 0.0129349372655543 0 0.00345184673800483 0 0.00522657189149637 0 0.0105474106106951 0
"часов" 0.00895977062987188 0.00646746863277713 0 0.00690369347600967 0.00549435455069916 0 0.0042755141305742 0 0
"часть" 0 0 0 0 0.00824153182604873 0.0104531437829927 0 0.00527370530534754 0.00424160162877503
"червь" 0.0179195412597438 0 0 0 0 0.00522657189149637 0.0085510282611484 0 0.00848320325755005
"чёрная" 0.00895977062987188 0 0 0.00345184673800483 0.0137358863767479 0 0 0 0
"чертах" 0.00895977062987188 0.0129349372655543 0 0.00345184673800483 0.00549435455069916 0 0.0042755141305742 0 0
"честью" 0 0.00646746863277713 0.00536164280735617 0.00690369347600967 0.00274717727534958 0.00522657189149637 0 0 0.00424160162877503
"чин" 0 0 0 0.00345184673800483 0.0137358863767479 0 0.0042755141305742 0 0
"чиновник" 0.0268793118896156 0.0129349372655543 0 0 0.00274717727534958 0 0.0042755141305742 0 0
"чист" 0 0.00646746863277713 0.0160849284220685 0 0 0 0 0 0.0127248048863251
"читай" 0.00895977062987188 0 0.00536164280735617 0 0.00824153182604873 0 0 0.00527370530534754 0.00424160162877503
"чуждые" 0 0 0 0.0103555402140145 0.00549435455069916 0 0 0.00527370530534754 0.00424160162877503
"шалости" 0 0 0 0.0103555402140145 0 0.00522657189149637 0 0.0105474106106951 0.00424160162877503
"шёпот" 0 0.00646746863277713 0.00536164280735617 0 0.00824153182604873 0 0.0042755141305742 0 0.00424160162877503
"широкий" 0.00895977062987188 0 0.0107232856147123 0.00345184673800483 0.00824153182604873 0 0 0 0
"широкой" 0 0.00646746863277713 0 0 0.00824153182604873 0.00522657189149637 0.0042755141305742 0.00527370530534754 0
"шуми" 0 0 0 0.00345184673800483 0 0.0313594313489782 0 0 0
"юноши" 0 0.00646746863277713 0 0.00345184673800483 0 0 0.0042755141305742 0.0158211159160426 0.00424160162877503
"яму" 0.00895977062987188 0.00646746863277713 0 0 0.00824153182604873 0 0.0085510282611484 0 0
"ярость" 0 0 0.0107232856147123 0.00345184673800483 0 0.00522657189149637 0 0.00527370530534754 0.00848320325755005
"ясным" 0 0.0129349372655543 0 0.0138073869520193 0.00274717727534958 0 0 0 0
"алтари" 0 0 0 0.00345184673800483 0 0.0104531437829927 0 0.0105474106106951 0.00424160162877503
"алтынников" 0 0 0 0 0.0164830636520975 0 0 0 0
"аминь" 0 0.00646746863277713 0 0 0.00274717727534958 0.0209062875659855 0 0 0
"ангелов" 0 0.00646746863277713 0 0 0.00549435455069916 0 0.0042755141305742 0.00527370530534754 0.00424160162877503
"ба" 0 0 0.00536164280735617 0 0.00549435455069916 0 0.0085510282611484 0.00527370530534754 0
"балы" 0.00895977062987188 0 0.00536164280735617 0 0.0109887091013983 0 0 0 0
"барабан" 0 0 0 0 0.0109887091013983 0 0 0.00527370530534754 0.00424160162877503
"бедные" 0 0 0 0 0.0164830636520975 0 0 0 0
"бежишь" 0.0179195412597438 0 0.00536164280735617 0.00345184673800483 0 0.00522657189149637 0 0.00527370530534754 0
"безбожно" 0 0 0 0 0.00274717727534958 0.00522657189149637 0 0.00527370530534754 0.0127248048863251
"безвестный" 0 0 0 0.00690369347600967 0 0.00522657189149637 0.0128265423917226 0 0
"бездействии" 0 0 0 0 0.00274717727534958 0 0.0128265423917226 0.0105474106106951 0
"безмятежной" 0 0.00646746863277713 0 0.00690369347600967 0.00274717727534958 0.00522657189149637 0 0.00527370530534754 0
"безмятежный" 0 0.0129349372655543 0 0.00345184673800483 0 0 0 0.0158211159160426 0
"безумец" 0 0 0 0 0.00549435455069916 0.00522657189149637 0 0 0.0127248048863251
"безумных" 0 0 0 0.00690369347600967 0 0.00522657189149637 0 0.0158211159160426 0
"белое" 0 0 0.00536164280735617 0 0.0109887091013983 0 0 0.00527370530534754 0
"благодатный" 0 0.0129349372655543 0.00536164280735617 0 0 0.00522657189149637 0 0 0.00848320325755005
"благости" 0 0 0.00536164280735617 0 0 0.00522657189149637 0.0042755141305742 0 0.0127248048863251
"бледное" 0 0 0 0.00690369347600967 0.00274717727534958 0 0.0042755141305742 0.0105474106106951 0
"блеснёт" 0 0 0 0.00345184673800483 0.00274717727534958 0.0156797156744891 0.0042755141305742 0 0
"блестящей" 0 0 0 0.00345184673800483 0 0.00522657189149637 0 0.0105474106106951 0.00848320325755005
"блестящий" 0 0 0 0.00690369347600967 0.00274717727534958 0.0104531437829927 0 0 0.00424160162877503
"близка" 0 0 0 0.00345184673800483 0 0.00522657189149637 0.0128265423917226 0 0.00424160162877503
"блистала" 0 0.00646746863277713 0 0.00345184673800483 0 0.00522657189149637 0.0042755141305742 0 0.00848320325755005
"боем" 0.00895977062987188 0.00646746863277713 0.0107232856147123 0.00345184673800483 0 0 0 0.00527370530534754 0
"божии" 0.00895977062987188 0 0.00536164280735617 0 0.00824153182604873 0 0 0 0.00424160162877503
"бока" 0.0179195412597438 0.00646746863277713 0 0 0.00274717727534958 0.00522657189149637 0.0042755141305742 0 0
"бокал" 0 0.00646746863277713 0.00536164280735617 0.0138073869520193 0 0 0 0 0
"борьба" 0.00895977062987188 0 0.00536164280735617 0 0.00274717727534958 0 0.0085510282611484 0 0.00424160162877503
"борьбу" 0 0 0 0 0.00549435455069916 0.00522657189149637 0.0128265423917226 0 0
"боярину" 0 0 0 0 0.0164830636520975 0 0 0 0
"брала" 0 0.00646746863277713 0.0107232856147123 0 0 0 0.0042755141305742 0.0105474106106951 0
"бранных" 0 0 0 0.0103555402140145 0 0.00522657189149637 0 0.00527370530534754 0.00424160162877503
"брать" 0 0.00646746863277713 0.0107232856147123 0 0.00549435455069916 0.00522657189149637 0 0 0
"бредит" 0 0 0.0160849284220685 0.00345184673800483 0.00549435455069916 0 0 0 0
"бродить" 0 0 0 0.00690369347600967 0 0 0.0085510282611484 0.00527370530534754 0.00424160162877503
"бросает" 0.00895977062987188 0 0 0.00345184673800483 0.00549435455069916 0 0 0.0105474106106951 0
"брут" 0 0 0 0.00690369347600967 0 0 0 0.0105474106106951 0.00848320325755005
"будит" 0 0 0 0 0.00824153182604873 0.00522657189149637 0 0.00527370530534754 0.00424160162877503
"бурмистр" 0 0 0 0 0.0164830636520975 0 0 0 0
"бутылки" 0.00895977062987188 0.00646746863277713 0 0.0103555402140145 0 0 0 0.00527370530534754 0
"бывали" 0.0179195412597438 0.00646746863277713 0 0 0.00549435455069916 0 0 0.00527370530534754 0
"бык" 0.00895977062987188 0 0 0 0.0109887091013983 0 0.0042755141305742 0 0
"вашим" 0 0 0.00536164280735617 0.00345184673800483 0.00549435455069916 0.00522657189149637 0.0042755141305742 0 0
"вашу" 0 0 0 0.0103555402140145 0 0 0 0 0.0127248048863251
"вверх" 0.00895977062987188 0.0129349372655543 0.0107232856147123 0 0.00274717727534958 0 0 0 0
"вдалеке" 0 0.00646746863277713 0.00536164280735617 0 0.00274717727534958 0.00522657189149637 0 0.00527370530534754 0.00424160162877503
"ведал" 0 0.00646746863277713 0.00536164280735617 0 0.00549435455069916 0 0.0042755141305742 0 0.00424160162877503
"веди" 0 0 0.0160849284220685 0 0 0 0 0.0105474106106951 0.00424160162877503
"ведро" 0 0 0 0 0.0164830636520975 0 0 0 0
"веет" 0 0 0 0.00345184673800483 0 0.0156797156744891 0.0042755141305742 0 0.00424160162877503
"вековой" 0 0.00646746863277713 0.0107232856147123 0.00690369347600967 0 0 0.0042755141305742 0 0
"великан" 0 0.00646746863277713 0 0.00345184673800483 0 0 0.0128265423917226 0.00527370530534754 0
"вельмож" 0 0 0 0 0.00549435455069916 0.00522657189149637 0 0.0158211159160426 0
"вельможному" 0 0 0 0 0.0164830636520975 0 0 0 0
"вернее" 0.0179195412597438 0 0 0 0.00274717727534958 0.00522657189149637 0.0042755141305742 0 0.00424160162877503
"верней" 0 0 0 0.00345184673800483 0.00274717727534958 0.0156797156744891 0 0 0.00424160162877503
"верное" 0 0 0 0 0.0137358863767479 0 0 0.00527370530534754 0
"весёлые" 0 0 0 0.00690369347600967 0 0.0104531437829927 0 0 0.00848320325755005
"веселью" 0 0 0 0.00345184673800483 0.00274717727534958 0.00522657189149637 0 0.0105474106106951 0.00424160162877503
"весенний" 0 0 0 0 0.0109887091013983 0 0.0085510282611484 0 0
"вечным" 0 0.00646746863277713 0.00536164280735617 0.00345184673800483 0.00274717727534958 0.00522657189149637 0.0042755141305742 0 0
"вещал" 0.00895977062987188 0.00646746863277713 0 0.00345184673800483 0 0 0 0.0158211159160426 0
"вздохнула" 0 0 0 0.00345184673800483 0.00824153182604873 0.00522657189149637 0.0042755141305742 0 0
"вздохнуть" 0 0 0.00536164280735617 0 0 0.00522657189149637 0.0085510282611484 0.00527370530534754 0.00424160162877503
"вздыхает" 0.00895977062987188 0 0 0.0103555402140145 0 0 0 0.00527370530534754 0.00424160162877503
"вздыхал" 0.00895977062987188 0 0.00536164280735617 0.00690369347600967 0 0.0104531437829927 0 0 0
"взора" 0.00895977062987188 0.00646746863277713 0 0.00690369347600967 0 0 0 0.00527370530534754 0.00424160162877503
"взоре" 0.00895977062987188 0 0 0 0 0.00522657189149637 0.0085510282611484 0.00527370530534754 0.00424160162877503
"вин" 0 0.00646746863277713 0 0.00345184673800483 0.00549435455069916 0.00522657189149637 0.0042755141305742 0 0
"вине" 0 0.00646746863277713 0.00536164280735617 0.0138073869520193 0 0 0 0 0
"витии" 0.00895977062987188 0 0.00536164280735617 0.00345184673800483 0.00274717727534958 0 0 0.0105474106106951 0
"вконец" 0.00895977062987188 0 0.0107232856147123 0 0.00274717727534958 0 0 0 0.00848320325755005
"владыки" 0 0.00646746863277713 0.0107232856147123 0.00690369347600967 0 0 0 0 0.00424160162877503
"влюблён" 0.00895977062987188 0.00646746863277713 0.0107232856147123 0.00345184673800483 0 0 0 0.00527370530534754 0
"внимала" 0 0.00646746863277713 0 0.00345184673800483 0.00274717727534958 0.00522657189149637 0 0.00527370530534754 0.00424160162877503
"внук" 0 0 0.00536164280735617 0.00345184673800483 0.00274717727534958 0.00522657189149637 0 0.00527370530534754 0.00424160162877503
"водами" 0 0.00646746863277713 0.00536164280735617 0.0103555402140145 0 0 0 0 0.00424160162877503
"водится" 0 0 0 0 0.00824153182604873 0 0.0042755141305742 0 0.00848320325755005
"воевода" 0.00895977062987188 0.0258698745311085 0 0 0.00274717727534958 0 0 0 0
"возвышенной" 0 0.00646746863277713 0 0.0103555402140145 0 0.00522657189149637 0 0.00527370530534754 0
"возможность" 0 0 0.0214465712294247 0 0 0 0.0085510282611484 0 0
"войне" 0 0.0129349372655543 0 0.00345184673800483 0.00274717727534958 0 0 0 0.00848320325755005
"волге" 0 0 0 0 0.0137358863767479 0 0 0 0.00424160162877503
"волгу" 0 0 0.00536164280735617 0 0.0109887091013983 0 0.0042755141305742 0 0
"волен" 0 0.00646746863277713 0 0.00345184673800483 0 0.00522657189149637 0.0085510282611484 0.00527370530534754 0
"волшебница" 0.00895977062987188 0.0129349372655543 0 0 0 0.00522657189149637 0 0.0105474106106951 0
"воображаю" 0 0 0 0.0103555402140145 0 0 0 0 0.0127248048863251
"воображение" 0 0 0 0.00690369347600967 0 0 0.0042755141305742 0.00527370530534754 0.00848320325755005
"ворчит" 0.00895977062987188 0 0 0.00690369347600967 0.00549435455069916 0.00522657189149637 0 0 0
"востока" 0 0.0129349372655543 0 0.00690369347600967 0 0.0104531437829927 0 0 0
"восторженный" 0 0 0 0.00345184673800483 0 0.00522657189149637 0.0042755141305742 0.00527370530534754 0.00848320325755005
"всечасно" 0 0 0 0.00690369347600967 0.00274717727534958 0 0.0042755141305742 0.00527370530534754 0.00424160162877503
"вскричал" 0 0 0 0.00345184673800483 0.00549435455069916 0.0156797156744891 0 0 0
"вспомни" 0 0.0129349372655543 0 0.00690369347600967 0 0 0 0.00527370530534754 0.00424160162877503
"выдержал" 0 0 0.00536164280735617 0 0.00549435455069916 0 0.0128265423917226 0 0
"выпив" 0 0.00646746863277713 0.00536164280735617 0 0.00549435455069916 0.00522657189149637 0.0042755141305742 0 0
"высоко" 0.00895977062987188 0 0.00536164280735617 0 0 0 0.0085510282611484 0 0.00848320325755005
"высокое" 0 0.00646746863277713 0 0.00690369347600967 0 0 0.0085510282611484 0 0.00424160162877503
"героем" 0 0 0 0.00345184673800483 0 0 0.0085510282611484 0.00527370530534754 0.00848320325755005
"герои" 0.00895977062987188 0 0.0107232856147123 0 0.00549435455069916 0 0 0 0.00424160162877503
"гименей" 0 0 0 0.020711080428029 0 0 0 0 0
"глава" 0 0 0 0.00690369347600967 0 0.00522657189149637 0.0042755141305742 0.00527370530534754 0.00424160162877503
"гласность" 0.0179195412597438 0 0 0 0.00549435455069916 0 0.0042755141305742 0 0.00424160162877503
"глубокий" 0 0.00646746863277713 0 0 0 0 0.0171020565222968 0 0.00424160162877503
"глупей" 0 0 0.0107232856147123 0.00345184673800483 0.00274717727534958 0 0.0042755141305742 0.00527370530534754 0
"глупцы" 0.0179195412597438 0 0 0.00345184673800483 0.00274717727534958 0 0.0085510282611484 0 0
"глушь" 0 0.00646746863277713 0.0107232856147123 0 0.00549435455069916 0 0 0 0.00424160162877503
"глядеть" 0 0 0.00536164280735617 0.00345184673800483 0.00824153182604873 0 0.0042755141305742 0 0
"глядим" 0 0 0 0.00345184673800483 0.00549435455069916 0.0104531437829927 0 0.00527370530534754 0
"году" 0 0 0.0107232856147123 0.00345184673800483 0.00824153182604873 0 0 0 0
"голове" 0 0 0 0 0 0.0104531437829927 0.0085510282611484 0.0105474106106951 0
"горд" 0 0 0.00536164280735617 0.00690369347600967 0.00274717727534958 0.00522657189149637 0.0042755141305742 0 0
"гордую" 0.00895977062987188 0 0 0 0 0.00522657189149637 0 0.0158211159160426 0.00424160162877503
"горестей" 0 0 0 0.00690369347600967 0.00274717727534958 0.00522657189149637 0 0.0105474106106951 0
"горестной" 0 0.00646746863277713 0.00536164280735617 0.00345184673800483 0 0 0 0.0105474106106951 0.00424160162877503
"горячо" 0 0 0.0107232856147123 0 0.00274717727534958 0 0.0085510282611484 0 0.00424160162877503
"господу" 0 0 0.00536164280735617 0 0.00824153182604873 0 0.0042755141305742 0.00527370530534754 0
"градом" 0 0 0 0 0.00824153182604873 0.00522657189149637 0 0.0105474106106951 0
"грёзы" 0 0.0129349372655543 0 0.00345184673800483 0.00274717727534958 0.00522657189149637 0 0.00527370530534754 0
"грек" 0.00895977062987188 0 0.0107232856147123 0 0.00274717727534958 0.00522657189149637 0 0.00527370530534754 0
"гремел" 0 0.00646746863277713 0 0.00345184673800483 0.00549435455069916 0 0.0085510282611484 0 0
"грешен" 0 0 0.0107232856147123 0 0.00274717727534958 0.00522657189149637 0.0042755141305742 0.00527370530534754 0
"гробом" 0.00895977062987188 0.00646746863277713 0.00536164280735617 0 0 0.00522657189149637 0 0.00527370530534754 0.00424160162877503
"грозным" 0 0.00646746863277713 0 0.0103555402140145 0 0.00522657189149637 0 0.00527370530534754 0
"грядущего" 0 0 0 0 0 0.0104531437829927 0 0.0158211159160426 0.00424160162877503
"грядущих" 0 0 0 0 0.00274717727534958 0.00522657189149637 0 0.0105474106106951 0.00848320325755005
"грянули" 0.00895977062987188 0.00646746863277713 0 0 0.00549435455069916 0 0 0.00527370530534754 0.00424160162877503
"далёкий" 0 0.00646746863277713 0 0 0 0 0.0128265423917226 0 0.00848320325755005
"далёкой" 0.00895977062987188 0.00646746863277713 0 0.00345184673800483 0 0.00522657189149637 0 0.00527370530534754 0.00424160162877503
"дальним" 0 0 0.00536164280735617 0.00345184673800483 0.00274717727534958 0 0.0042755141305742 0.00527370530534754 0.00424160162877503
"дальних" 0.00895977062987188 0 0 0.00690369347600967 0 0.0104531437829927 0 0 0.00424160162877503
"движенье" 0.0179195412597438 0.00646746863277713 0 0 0 0.00522657189149637 0.0085510282611484 0 0
"дворяне" 0.0179195412597438 0 0.0107232856147123 0 0.00549435455069916 0 0 0 0
"дворянин" 0 0 0.0107232856147123 0.0103555402140145 0 0 0 0 0.00424160162877503
"дворянское" 0 0 0 0 0.0137358863767479 0 0.0042755141305742 0 0
"дворянство" 0.0179195412597438 0 0.00536164280735617 0 0.00549435455069916 0 0 0 0.00424160162877503
"делить" 0 0 0 0 0 0 0.0085510282611484 0 0.0169664065151001
"демьян" 0 0 0 0 0.0164830636520975 0 0 0 0
"денис" 0 0 0.00536164280735617 0.0172592336900242 0 0 0 0 0
"денницы" 0 0 0 0.0138073869520193 0 0 0 0.00527370530534754 0.00424160162877503
"державин" 0 0 0 0.0103555402140145 0 0 0 0.0158211159160426 0
"державный" 0 0.0129349372655543 0 0.00690369347600967 0 0.00522657189149637 0 0.00527370530534754 0
"держал" 0 0 0.00536164280735617 0 0.00274717727534958 0 0.0128265423917226 0 0.00424160162877503
"дерзну" 0 0 0 0.00345184673800483 0 0.00522657189149637 0.0042755141305742 0 0.0127248048863251
"детство" 0.00895977062987188 0 0.00536164280735617 0 0.00549435455069916 0.00522657189149637 0.0042755141305742 0 0
"детьми" 0 0 0 0 0.00549435455069916 0.0104531437829927 0.0042755141305742 0 0.00424160162877503
"дикие" 0 0 0 0 0 0 0.0085510282611484 0.0158211159160426 0.00424160162877503
"диком" 0 0.00646746863277713 0 0.00690369347600967 0 0 0.0042755141305742 0.00527370530534754 0.00424160162877503
"дин" 0 0.0388048117966628 0 0 0 0 0 0 0
"дно" 0 0.00646746863277713 0.00536164280735617 0 0.00549435455069916 0.0104531437829927 0 0 0
"добр" 0 0 0 0 0.00549435455069916 0.00522657189149637 0.0042755141305742 0 0.00848320325755005
"доброго" 0 0 0 0.00345184673800483 0 0.00522657189149637 0 0.0105474106106951 0.00848320325755005
"доброе" 0.00895977062987188 0 0 0 0.00824153182604873 0.00522657189149637 0 0 0.00424160162877503
"докучный" 0 0.00646746863277713 0 0.00690369347600967 0 0.0104531437829927 0 0.00527370530534754 0
"долгих" 0 0.00646746863277713 0 0.00690369347600967 0.00274717727534958 0 0 0.0105474106106951 0
"домашние" 0 0 0 0.00690369347600967 0.00274717727534958 0 0 0.00527370530534754 0.00848320325755005
"домик" 0 0 0 0.0138073869520193 0 0.0104531437829927 0 0 0
"домишки" 0 0 0 0 0.0164830636520975 0 0 0 0
"доподлинно" 0 0 0.00536164280735617 0 0.0137358863767479 0 0 0 0
"дорог" 0.00895977062987188 0 0.00536164280735617 0 0.00274717727534958 0 0.0128265423917226 0 0
"достаточно" 0 0 0 0 0.0137358863767479 0 0.0042755141305742 0 0
"досуга" 0.00895977062987188 0.00646746863277713 0 0.00345184673800483 0.00274717727534958 0.00522657189149637 0 0.00527370530534754 0
"доходы" 0.0268793118896156 0 0 0 0.00549435455069916 0 0.0042755141305742 0 0
"дочери" 0 0 0.00536164280735617 0.00345184673800483 0.00824153182604873 0 0.0042755141305742 0 0
"древний" 0.00895977062987188 0.0129349372655543 0 0.00345184673800483 0.00274717727534958 0 0.0042755141305742 0 0
"древних" 0.00895977062987188 0.00646746863277713 0 0 0 0 0 0.0158211159160426 0.00424160162877503
"дремал" 0.00895977062987188 0 0.00536164280735617 0.00345184673800483 0.00274717727534958 0 0.0042755141305742 0.00527370530534754 0
"дрожал" 0 0 0.00536164280735617 0.00345184673800483 0.00824153182604873 0 0 0 0.00424160162877503
"думою" 0 0 0.00536164280735617 0.0103555402140145 0.00274717727534958 0 0 0 0.00424160162877503
"дураков" 0.0179195412597438 0 0.00536164280735617 0.00345184673800483 0.00274717727534958 0 0.0042755141305742 0 0
"душевных" 0 0 0 0 0 0.0104531437829927 0.0085510282611484 0.00527370530534754 0.00424160162877503
"дыханье" 0 0.00646746863277713 0 0 0 0.0104531437829927 0.0042755141305742 0 0.00848320325755005
"дыханьем" 0 0 0 0.00690369347600967 0 0.00522657189149637 0.0042755141305742 0.00527370530534754 0.00424160162877503
"дышал" 0 0 0 0.00690369347600967 0 0.00522657189149637 0 0.0105474106106951 0.00424160162877503
"европы" 0 0.00646746863277713 0 0.0103555402140145 0 0.0104531437829927 0 0 0
"естьли" 0 0 0 0.00690369347600967 0 0.0104531437829927 0 0.0105474106106951 0
"жажда" 0 0 0 0 0.00549435455069916 0 0.0042755141305742 0.00527370530534754 0.00848320325755005
"жалкой" 0.00895977062987188 0 0.0107232856147123 0 0.00549435455069916 0 0 0.00527370530534754 0
"жалобно" 0 0.00646746863277713 0.0107232856147123 0 0.00549435455069916 0 0 0.00527370530534754 0
"жаркий" 0 0.00646746863277713 0.00536164280735617 0 0.00274717727534958 0 0.0085510282611484 0 0.00424160162877503
"женою" 0 0 0.00536164280735617 0 0.00274717727534958 0.00522657189149637 0 0.00527370530534754 0.00848320325755005
"живого" 0 0.00646746863277713 0.00536164280735617 0.00345184673800483 0 0 0.0042755141305742 0 0.00848320325755005
"журнал" 0.00895977062987188 0 0 0.00345184673800483 0.00274717727534958 0 0 0 0.0127248048863251
"журнальный" 0.00895977062987188 0 0 0.00345184673800483 0.00274717727534958 0.0156797156744891 0 0 0
"журча" 0 0.00646746863277713 0.00536164280735617 0 0.00274717727534958 0.00522657189149637 0 0.0105474106106951 0
"журчит" 0 0.00646746863277713 0 0.00690369347600967 0 0.0104531437829927 0 0 0.00424160162877503
"забвенный" 0.00895977062987188 0 0 0.00345184673800483 0 0 0.0042755141305742 0 0.0127248048863251
"забвенье" 0 0.0129349372655543 0 0 0 0.0104531437829927 0.0085510282611484 0 0
"забежавший" 0 0 0 0 0.0164830636520975 0 0 0 0
"забывал" 0 0 0 0.00345184673800483 0 0.0104531437829927 0.0042755141305742 0.0105474106106951 0
"забывшись" 0 0.00646746863277713 0 0 0 0.00522657189149637 0.0042755141305742 0 0.0127248048863251
"забыла" 0 0 0 0 0.00549435455069916 0.0104531437829927 0 0 0.00848320325755005
"забыты" 0 0 0 0 0 0.0104531437829927 0 0.0210948212213901 0
"заветный" 0 0.0129349372655543 0 0 0 0.00522657189149637 0.0042755141305742 0.00527370530534754 0.00424160162877503
"задумался" 0 0 0.00536164280735617 0 0.00274717727534958 0 0.0085510282611484 0.00527370530534754 0.00424160162877503
"замечает" 0.0268793118896156 0 0.00536164280735617 0.00345184673800483 0 0 0 0.00527370530534754 0
"замолчал" 0 0.0194024058983314 0 0 0.00824153182604873 0 0 0 0
"заране" 0 0.0129349372655543 0 0.00690369347600967 0 0 0 0.0105474106106951 0
"заснуть" 0.00895977062987188 0 0 0.0103555402140145 0.00274717727534958 0 0 0.00527370530534754 0
"затеи" 0.00895977062987188 0 0 0.00345184673800483 0.00274717727534958 0 0 0.00527370530534754 0.00848320325755005
"затей" 0 0.00646746863277713 0 0.00345184673800483 0.00549435455069916 0.00522657189149637 0 0.00527370530534754 0
"затих" 0 0.00646746863277713 0 0 0.00549435455069916 0.00522657189149637 0 0.00527370530534754 0.00424160162877503
"захочет" 0.0179195412597438 0 0.00536164280735617 0 0.00274717727534958 0 0 0.00527370530534754 0.00424160162877503
"звучал" 0 0 0 0.00690369347600967 0.00274717727534958 0 0 0 0.0127248048863251
"звучно" 0 0.0129349372655543 0 0 0 0 0 0.0105474106106951 0.00848320325755005
"зевеса" 0 0.00646746863277713 0 0.00345184673800483 0.00274717727534958 0.00522657189149637 0 0.0105474106106951 0
"земная" 0 0 0 0.00345184673800483 0 0.0261328594574818 0 0 0
"зерно" 0 0 0.0107232856147123 0 0.00549435455069916 0 0.0042755141305742 0 0.00424160162877503
"злобный" 0 0.00646746863277713 0 0.00690369347600967 0.00274717727534958 0.00522657189149637 0 0.00527370530534754 0
"злобой" 0 0 0.0107232856147123 0.00345184673800483 0 0 0.0042755141305742 0.00527370530534754 0.00424160162877503
"злодея" 0.00895977062987188 0 0 0.00690369347600967 0 0.00522657189149637 0 0.00527370530534754 0.00424160162877503
"знают" 0 0.00646746863277713 0 0.0103555402140145 0 0.00522657189149637 0.0042755141305742 0 0
"знойный" 0 0.00646746863277713 0 0.00690369347600967 0 0.00522657189149637 0 0.00527370530534754 0.00424160162877503
"зов" 0 0.00646746863277713 0 0.0103555402140145 0.00274717727534958 0 0.0042755141305742 0 0
"золотое" 0 0.00646746863277713 0 0.00345184673800483 0 0.0104531437829927 0.0085510282611484 0 0
"золотом" 0 0.0129349372655543 0 0 0.00549435455069916 0 0 0.0105474106106951 0
"зыбкий" 0 0 0 0 0 0 0 0.0316422318320852 0
"иваныч" 0.0179195412597438 0 0.0107232856147123 0 0.00549435455069916 0 0 0 0
"игом" 0.00895977062987188 0 0 0.00345184673800483 0.00549435455069916 0.00522657189149637 0.0042755141305742 0 0
"имею" 0.0179195412597438 0 0 0.00345184673800483 0.00274717727534958 0.00522657189149637 0 0.00527370530534754 0
"искала" 0 0 0 0 0 0 0.0128265423917226 0.0105474106106951 0.00424160162877503
"испытанья" 0 0 0 0.00345184673800483 0.00274717727534958 0 0.0085510282611484 0.00527370530534754 0.00424160162877503
"истине" 0 0 0.00536164280735617 0 0.00274717727534958 0 0.0042755141305742 0.0105474106106951 0.00424160162877503
"исчезает" 0 0 0 0.0103555402140145 0 0.00522657189149637 0 0 0.00848320325755005
"исчезла" 0 0.00646746863277713 0 0.00690369347600967 0.00274717727534958 0 0.0042755141305742 0.00527370530534754 0
"каждому" 0 0.00646746863277713 0 0 0.00824153182604873 0 0 0 0.00848320325755005
"каков" 0 0 0.00536164280735617 0.00345184673800483 0.00549435455069916 0 0 0.00527370530534754 0.00424160162877503
"какою" 0.00895977062987188 0 0.00536164280735617 0.00345184673800483 0.00274717727534958 0.00522657189149637 0 0 0.00424160162877503
"картин" 0.0268793118896156 0 0 0 0.00549435455069916 0 0 0.00527370530534754 0
"картину" 0 0 0 0.00690369347600967 0.00274717727534958 0.00522657189149637 0 0.00527370530534754 0.00424160162877503
"катается" 0.00895977062987188 0 0.00536164280735617 0 0.0109887091013983 0 0 0 0
"кипела" 0.00895977062987188 0.00646746863277713 0.00536164280735617 0.00345184673800483 0 0 0.0042755141305742 0.00527370530534754 0
"кипридой" 0 0 0 0.0138073869520193 0 0 0 0.0105474106106951 0
"киприды" 0 0.00646746863277713 0 0.0138073869520193 0 0.00522657189149637 0 0 0
"кисть" 0 0.00646746863277713 0 0.00690369347600967 0 0.0104531437829927 0 0 0.00424160162877503
"клич" 0 0 0 0.00690369347600967 0 0.00522657189149637 0 0 0.0127248048863251
"ключи" 0 0 0.00536164280735617 0 0.0109887091013983 0 0 0 0.00424160162877503
"книге" 0 0 0.00536164280735617 0.00345184673800483 0.0109887091013983 0 0 0 0
"колом" 0 0 0.00536164280735617 0 0.0137358863767479 0 0 0 0
"конце" 0.00895977062987188 0.00646746863277713 0 0.0103555402140145 0 0 0.0042755141305742 0 0
"кончил" 0 0 0.00536164280735617 0 0.00824153182604873 0 0 0 0.00848320325755005
"кончилось" 0 0 0 0 0.0164830636520975 0 0 0 0
"кончины" 0 0 0 0 0 0.00522657189149637 0.0042755141305742 0 0.0169664065151001
"корова" 0 0.00646746863277713 0 0 0.0109887091013983 0 0 0.00527370530534754 0
"которыми" 0.00895977062987188 0 0 0 0 0.00522657189149637 0.0171020565222968 0 0
"красавец" 0 0.00646746863277713 0 0.00345184673800483 0 0.00522657189149637 0.0042755141305742 0.0105474106106951 0
"красное" 0 0 0.00536164280735617 0.00345184673800483 0.00824153182604873 0 0 0.00527370530534754 0
"красноречив" 0 0.00646746863277713 0 0.00345184673800483 0.00274717727534958 0 0.0042755141305742 0 0.00848320325755005
"края" 0.00895977062987188 0.00646746863277713 0.00536164280735617 0 0 0.00522657189149637 0.0042755141305742 0 0.00424160162877503
"креста" 0.00895977062987188 0.00646746863277713 0 0.00345184673800483 0 0 0.0042755141305742 0.00527370530534754 0.00424160162877503
"крестится" 0 0 0.00536164280735617 0 0.0137358863767479 0 0 0 0
"крикнул" 0 0 0 0 0.00824153182604873 0 0 0.00527370530534754 0.00848320325755005
"криком" 0 0.00646746863277713 0.0107232856147123 0.00345184673800483 0.00549435455069916 0 0 0 0
"критики" 0 0 0 0 0.00274717727534958 0.00522657189149637 0 0.00527370530534754 0.0127248048863251
"кряхтя" 0 0 0 0.00345184673800483 0 0.0104531437829927 0.0042755141305742 0.00527370530534754 0.00424160162877503
"кулак" 0 0 0.0107232856147123 0 0.00824153182604873 0 0.0042755141305742 0 0
"куст" 0 0 0 0 0 0.0156797156744891 0.0085510282611484 0 0.00424160162877503
"кусты" 0.00895977062987188 0 0 0 0.00274717727534958 0.00522657189149637 0.0042755141305742 0 0.00848320325755005
"кушать" 0.00895977062987188 0 0.0107232856147123 0 0.00549435455069916 0 0 0.00527370530534754 0
"л" 0.00895977062987188 0 0 0 0 0.0156797156744891 0 0 0.00848320325755005
"ладья" 0 0.00646746863277713 0 0.00345184673800483 0.00274717727534958 0 0.0042755141305742 0.0105474106106951 0
"лампаду" 0 0 0 0.0172592336900242 0 0 0 0 0.00424160162877503
"лапти" 0.00895977062987188 0 0.00536164280735617 0 0.0109887091013983 0 0 0 0
"ласки" 0.00895977062987188 0.00646746863277713 0.00536164280735617 0.00345184673800483 0 0 0.0042755141305742 0 0.00424160162877503
"лёгкою" 0 0.00646746863277713 0 0.00690369347600967 0 0.0104531437829927 0 0 0.00424160162877503
"ленивой" 0.00895977062987188 0.00646746863277713 0 0.00690369347600967 0.00274717727534958 0 0 0.00527370530534754 0
"лепет" 0 0.0129349372655543 0 0.00690369347600967 0 0.00522657189149637 0 0.00527370530534754 0
"лесам" 0.0179195412597438 0 0.00536164280735617 0.0103555402140145 0 0 0 0 0
"лесной" 0 0 0.00536164280735617 0 0.00274717727534958 0.0156797156744891 0 0 0.00424160162877503
"летали" 0 0.0129349372655543 0 0.00690369347600967 0 0.00522657189149637 0 0 0.00424160162877503
"летели" 0 0 0.00536164280735617 0.00345184673800483 0 0.00522657189149637 0 0.0158211159160426 0
"летний" 0 0 0 0 0.00274717727534958 0.0156797156744891 0 0 0.00848320325755005
"листок" 0 0.00646746863277713 0 0 0.00274717727534958 0 0 0.0105474106106951 0.00848320325755005
"лихая" 0.00895977062987188 0 0 0.00345184673800483 0.00549435455069916 0.00522657189149637 0 0 0.00424160162877503
"лишён" 0.00895977062987188 0 0 0.00345184673800483 0 0.0156797156744891 0 0.00527370530534754 0
"лови" 0 0.0194024058983314 0 0.00690369347600967 0 0 0 0.00527370530534754 0
"лошади" 0 0 0.00536164280735617 0 0.0109887091013983 0 0.0042755141305742 0 0
"лугах" 0 0.00646746863277713 0 0.0103555402140145 0 0.00522657189149637 0.0042755141305742 0 0
"лук" 0 0.00646746863277713 0 0.00345184673800483 0.00274717727534958 0 0.0085510282611484 0 0.00424160162877503
"луною" 0 0.00646746863277713 0 0.00345184673800483 0.00274717727534958 0.0104531437829927 0 0.00527370530534754 0
"лучом" 0 0 0 0.00345184673800483 0.00274717727534958 0.00522657189149637 0.0042755141305742 0 0.00848320325755005
"лучший" 0 0 0.00536164280735617 0 0 0.0156797156744891 0.0085510282611484 0 0
"льстит" 0 0.00646746863277713 0 0.00345184673800483 0 0 0.0085510282611484 0 0.00848320325755005
"любану" 0 0 0.032169856844137 0 0 0 0 0 0
"любимой" 0.00895977062987188 0 0 0 0.00549435455069916 0.00522657189149637 0.0042755141305742 0 0.00424160162877503
"людской" 0 0 0 0.00690369347600967 0 0 0.0085510282611484 0.00527370530534754 0.00424160162877503
"лютый" 0 0.00646746863277713 0.00536164280735617 0.00345184673800483 0.00549435455069916 0 0 0 0.00424160162877503
"малая" 0 0 0 0 0.0164830636520975 0 0 0 0
"матренушка" 0 0 0 0 0.0164830636520975 0 0 0 0
"мгновенный" 0 0 0 0 0 0.0156797156744891 0.0042755141305742 0.00527370530534754 0.00424160162877503
"мелких" 0.0179195412597438 0 0.00536164280735617 0 0.00274717727534958 0 0.0042755141305742 0.00527370530534754 0
"мер" 0.00895977062987188 0 0.00536164280735617 0 0.00549435455069916 0 0 0 0.00848320325755005
"меры" 0.0179195412597438 0 0 0.00345184673800483 0.00549435455069916 0 0.0042755141305742 0 0
"мечи" 0 0.00646746863277713 0 0.00690369347600967 0 0.00522657189149637 0 0.00527370530534754 0.00424160162877503
"мечтатель" 0 0 0 0.0103555402140145 0 0 0 0.0105474106106951 0.00424160162877503
"мечте" 0 0.00646746863277713 0 0.00345184673800483 0 0 0 0.0158211159160426 0.00424160162877503
"мигом" 0 0 0.00536164280735617 0.00690369347600967 0.00274717727534958 0 0 0.00527370530534754 0.00424160162877503
"милыми" 0 0 0 0.00690369347600967 0 0.0209062875659855 0 0 0
"министру" 0.0179195412597438 0 0 0 0.0109887091013983 0 0 0 0
"мирной" 0 0 0 0.0103555402140145 0.00274717727534958 0.0104531437829927 0 0 0
"мирт" 0 0 0 0 0 0.0104531437829927 0.0042755141305742 0.0105474106106951 0.00424160162877503
"младенец" 0 0.0258698745311085 0.00536164280735617 0 0 0.00522657189149637 0 0 0
"младенца" 0 0 0 0.0103555402140145 0 0.0104531437829927 0 0.00527370530534754 0
"младенчестве" 0 0 0 0 0 0 0.0085510282611484 0.0105474106106951 0.00848320325755005
"моды" 0 0 0 0.0138073869520193 0 0 0.0042755141305742 0 0.00424160162877503
"молилась" 0.00895977062987188 0.00646746863277713 0 0 0.00824153182604873 0 0 0 0.00424160162877503
"молитву" 0 0 0 0 0.00549435455069916 0.0104531437829927 0.0042755141305742 0 0.00424160162877503
"молодою" 0 0.0129349372655543 0 0.00345184673800483 0.00274717727534958 0.00522657189149637 0 0.00527370530534754 0
"мораль" 0 0 0 0 0.0109887091013983 0 0 0 0.00848320325755005
"морем" 0 0.00646746863277713 0 0 0.00549435455069916 0 0.0085510282611484 0.00527370530534754 0
"морщины" 0 0.00646746863277713 0.00536164280735617 0 0.00274717727534958 0.00522657189149637 0 0.00527370530534754 0.00424160162877503
"мох" 0 0 0 0 0 0.0156797156744891 0.0085510282611484 0.00527370530534754 0
"мрачно" 0 0 0 0.00690369347600967 0 0.00522657189149637 0.0085510282611484 0 0.00424160162877503
"мрачную" 0 0.00646746863277713 0 0.00690369347600967 0 0 0 0.0158211159160426 0
"мужья" 0 0 0.0107232856147123 0.0103555402140145 0 0 0.0042755141305742 0 0
"мученик" 0 0 0.00536164280735617 0.0103555402140145 0 0 0 0.0105474106106951 0
"мучитель" 0 0.00646746863277713 0 0 0.00549435455069916 0.00522657189149637 0.0042755141305742 0.00527370530534754 0
"мыслит" 0 0 0.00536164280735617 0.00345184673800483 0 0.00522657189149637 0.0042755141305742 0.00527370530534754 0.00424160162877503
"мыслью" 0 0 0.0107232856147123 0 0.00274717727534958 0.00522657189149637 0.0042755141305742 0.00527370530534754 0
"награды" 0 0.00646746863277713 0 0.0138073869520193 0.00274717727534958 0 0 0 0
"надменно" 0.00895977062987188 0.00646746863277713 0 0 0.00274717727534958 0 0.0085510282611484 0 0.00424160162877503
"назло" 0.0179195412597438 0 0.0160849284220685 0 0 0 0 0 0.00424160162877503
"назначен" 0 0 0 0 0.00274717727534958 0.0209062875659855 0.0042755141305742 0 0
"наказывали" 0 0 0 0 0 0.0313594313489782 0 0 0
"наклали" 0 0 0 0 0.0164830636520975 0 0 0 0
"направо" 0.00895977062987188 0 0.00536164280735617 0.00345184673800483 0.00549435455069916 0 0.0042755141305742 0 0
"напрасной" 0 0 0 0.00345184673800483 0 0.0104531437829927 0.0128265423917226 0 0
"напротив" 0.0179195412597438 0 0 0 0.00274717727534958 0 0 0 0.0127248048863251
"народного" 0 0 0 0.00690369347600967 0.00549435455069916 0 0 0.0105474106106951 0
"народный" 0 0 0 0.00690369347600967 0.00549435455069916 0.00522657189149637 0 0 0.00424160162877503
"наслаждался" 0.00895977062987188 0.00646746863277713 0 0.00345184673800483 0 0.0104531437829927 0 0.00527370530534754 0
"наследие" 0.00895977062987188 0 0 0.00345184673800483 0 0.00522657189149637 0 0 0.0127248048863251
"наследство" 0 0 0 0.00690369347600967 0.00549435455069916 0 0.0085510282611484 0 0
"настала" 0 0 0 0.00345184673800483 0.00824153182604873 0.00522657189149637 0 0.00527370530534754 0
"науке" 0 0 0.0107232856147123 0.00345184673800483 0 0.00522657189149637 0.0042755141305742 0 0.00424160162877503
"наутро" 0 0 0.00536164280735617 0.00345184673800483 0.00824153182604873 0 0 0 0.00424160162877503
"начала" 0.00895977062987188 0.00646746863277713 0.0160849284220685 0 0.00274717727534958 0 0 0 0
"начале" 0 0 0.0107232856147123 0.00345184673800483 0 0.0104531437829927 0 0 0.00424160162877503
"начало" 0 0 0 0.00690369347600967 0 0.00522657189149637 0 0.0105474106106951 0.00424160162877503
"нашего" 0 0 0.0107232856147123 0 0 0.00522657189149637 0.0042755141305742 0.00527370530534754 0.00424160162877503
"нашем" 0 0.0129349372655543 0.0107232856147123 0 0 0.00522657189149637 0.0042755141305742 0 0
"нашла" 0 0.0129349372655543 0 0 0.00549435455069916 0.00522657189149637 0.0042755141305742 0 0
"небесами" 0 0 0 0.00690369347600967 0 0.00522657189149637 0.0085510282611484 0 0.00424160162877503
"невежды" 0 0.00646746863277713 0 0.00345184673800483 0.00274717727534958 0.00522657189149637 0 0.00527370530534754 0.00424160162877503
"невзначай" 0.00895977062987188 0 0.0160849284220685 0 0.00274717727534958 0 0.0042755141305742 0 0
"невинности" 0 0.0129349372655543 0 0.00345184673800483 0.00274717727534958 0.00522657189149637 0 0 0.00424160162877503
"невозможно" 0.0268793118896156 0 0 0 0.00274717727534958 0 0.0042755141305742 0.00527370530534754 0
"невскому" 0.0268793118896156 0 0 0.00345184673800483 0.00274717727534958 0 0.0042755141305742 0 0
"недвижим" 0 0 0 0 0 0.0104531437829927 0.0128265423917226 0.00527370530534754 0
"недвижный" 0 0.0129349372655543 0 0 0 0 0.0042755141305742 0.0105474106106951 0.00424160162877503
"неделю" 0.0179195412597438 0 0.00536164280735617 0 0.00549435455069916 0 0.0042755141305742 0 0
"нежная" 0 0 0 0 0.00274717727534958 0.0104531437829927 0.0042755141305742 0.00527370530534754 0.00424160162877503
"ненавижу" 0 0 0.00536164280735617 0.00690369347600967 0 0.00522657189149637 0 0.00527370530534754 0.00424160162877503
"ненависть" 0 0.00646746863277713 0.0107232856147123 0.00690369347600967 0 0 0.0042755141305742 0 0
"неси" 0 0 0 0.0103555402140145 0.00274717727534958 0.00522657189149637 0 0.00527370530534754 0
"несли" 0 0.00646746863277713 0 0.00345184673800483 0.00549435455069916 0.00522657189149637 0 0.00527370530534754 0
"несчастью" 0.00895977062987188 0 0 0.0103555402140145 0 0 0.0085510282611484 0 0
"неужели" 0.0358390825194875 0 0.0107232856147123 0 0 0 0 0 0
"низко" 0 0 0.00536164280735617 0 0.00824153182604873 0 0.0042755141305742 0 0.00424160162877503
"никаких" 0.0358390825194875 0 0.00536164280735617 0 0 0 0 0 0.00424160162877503
"ничтожный" 0 0.00646746863277713 0 0.00345184673800483 0 0.00522657189149637 0.0042755141305742 0.00527370530534754 0.00424160162877503
"новое" 0.00895977062987188 0 0.00536164280735617 0 0.0109887091013983 0 0 0 0
"новою" 0 0 0 0 0.00549435455069916 0.00522657189149637 0.0042755141305742 0.00527370530534754 0.00424160162877503
"ногах" 0.00895977062987188 0 0.00536164280735617 0 0 0.00522657189149637 0.0085510282611484 0.00527370530534754 0
"ногу" 0.00895977062987188 0 0 0.00690369347600967 0.00824153182604873 0 0 0 0
"носом" 0 0 0.00536164280735617 0.00690369347600967 0.00274717727534958 0 0.0042755141305742 0 0.00424160162877503
"ночном" 0.00895977062987188 0.00646746863277713 0 0.0103555402140145 0 0 0 0.00527370530534754 0
"няня" 0 0 0.0107232856147123 0 0.00549435455069916 0 0.0042755141305742 0 0.00424160162877503
"обгонял" 0 0 0 0 0 0 0 0.0316422318320852 0
"обнялись" 0 0 0.0160849284220685 0 0.00274717727534958 0.00522657189149637 0 0 0.00424160162877503
"образы" 0 0 0 0 0.00274717727534958 0.00522657189149637 0.0085510282611484 0.00527370530534754 0.00424160162877503
"обратил" 0 0 0 0.00690369347600967 0 0.00522657189149637 0 0.0105474106106951 0.00424160162877503
"огни" 0 0.00646746863277713 0 0.00345184673800483 0 0.0156797156744891 0 0 0.00424160162877503
"огромный" 0 0.00646746863277713 0.0107232856147123 0.00345184673800483 0.00274717727534958 0 0.0042755141305742 0 0
"одежд" 0 0.00646746863277713 0 0.00690369347600967 0 0.00522657189149637 0.0085510282611484 0 0
"одет" 0.00895977062987188 0.00646746863277713 0.00536164280735617 0 0.00549435455069916 0 0.0042755141305742 0 0
"оду" 0 0 0 0.0138073869520193 0 0 0 0.0105474106106951 0
"оратор" 0 0 0.00536164280735617 0.00345184673800483 0.00274717727534958 0.00522657189149637 0 0.0105474106106951 0
"особая" 0 0 0 0 0.0137358863767479 0 0.0042755141305742 0 0
"оставленный" 0 0 0 0 0 0.0104531437829927 0 0 0.0169664065151001
"острый" 0 0 0 0.00690369347600967 0 0.00522657189149637 0.0042755141305742 0.0105474106106951 0
"отважно" 0 0 0 0.00345184673800483 0 0.00522657189149637 0 0.0158211159160426 0.00424160162877503
"отдалённый" 0 0.00646746863277713 0 0.0103555402140145 0.00274717727534958 0 0 0.00527370530534754 0
"оттудова" 0 0 0 0 0.0164830636520975 0 0 0 0
"отчизну" 0.00895977062987188 0.0129349372655543 0 0 0 0 0.0042755141305742 0.00527370530534754 0.00424160162877503
"охоту" 0 0 0 0.00690369347600967 0.00274717727534958 0 0.0042755141305742 0 0.00848320325755005
"очутился" 0 0.0194024058983314 0 0.00690369347600967 0.00274717727534958 0 0 0 0
"ощутил" 0 0 0.00536164280735617 0 0.00549435455069916 0 0 0.0158211159160426 0
"падает" 0 0 0.0107232856147123 0 0.00274717727534958 0 0.0128265423917226 0 0
"падших" 0 0 0 0.00690369347600967 0 0.00522657189149637 0 0.00527370530534754 0.00848320325755005
"пала" 0 0.00646746863277713 0 0.00345184673800483 0.00274717727534958 0.00522657189149637 0 0.00527370530534754 0.00424160162877503
"патриот" 0 0 0.00536164280735617 0 0.00549435455069916 0 0.0042755141305742 0 0.00848320325755005
"пахарь" 0.00895977062987188 0.0129349372655543 0 0 0.00824153182604873 0 0 0 0
"певцов" 0 0 0 0.0138073869520193 0 0 0.0042755141305742 0 0.00424160162877503
"пеной" 0 0.00646746863277713 0.00536164280735617 0.0103555402140145 0 0 0 0 0.00424160162877503
"передней" 0 0 0.00536164280735617 0.00345184673800483 0.00549435455069916 0 0 0.0105474106106951 0
"перейдёт" 0 0 0.00536164280735617 0 0 0.0104531437829927 0.0085510282611484 0 0.00424160162877503
"перемена" 0 0.00646746863277713 0 0 0.00549435455069916 0 0 0.0158211159160426 0
"перун" 0 0 0 0.00345184673800483 0 0 0 0.00527370530534754 0.0169664065151001
"песенки" 0.00895977062987188 0.00646746863277713 0.0107232856147123 0 0.00274717727534958 0.00522657189149637 0 0 0
"песнею" 0 0 0.00536164280735617 0 0.00549435455069916 0.00522657189149637 0 0 0.00848320325755005
"песнями" 0 0 0 0.00345184673800483 0.00549435455069916 0.0104531437829927 0.0042755141305742 0 0
"петр" 0.0179195412597438 0 0 0 0.00274717727534958 0.00522657189149637 0.0042755141305742 0.00527370530534754 0
"печальным" 0 0 0 0.0103555402140145 0 0.00522657189149637 0.0042755141305742 0 0.00424160162877503
"пешком" 0.00895977062987188 0.00646746863277713 0.00536164280735617 0 0 0 0.0085510282611484 0 0.00424160162877503
"пирах" 0 0.0129349372655543 0 0.00345184673800483 0 0 0.0042755141305742 0.0105474106106951 0
"пищу" 0.00895977062987188 0 0 0 0 0.00522657189149637 0.0171020565222968 0 0
"пламенно" 0 0 0.00536164280735617 0 0.00274717727534958 0.00522657189149637 0.0085510282611484 0 0.00424160162877503
"план" 0 0 0.0107232856147123 0 0.00274717727534958 0.00522657189149637 0 0 0.00848320325755005
"плеч" 0.0179195412597438 0.0129349372655543 0.00536164280735617 0 0 0 0 0.00527370530534754 0
"плещет" 0 0.0194024058983314 0 0.00690369347600967 0.00274717727534958 0 0 0 0
"победа" 0 0 0.00536164280735617 0.00690369347600967 0.00274717727534958 0.00522657189149637 0.0042755141305742 0 0
"победы" 0 0.00646746863277713 0 0.00345184673800483 0 0.00522657189149637 0.0042755141305742 0 0.00848320325755005
"погибели" 0.00895977062987188 0.00646746863277713 0 0 0 0 0.0042755141305742 0.0105474106106951 0.00424160162877503
"подобен" 0 0.0129349372655543 0.00536164280735617 0 0.00274717727534958 0 0.0042755141305742 0 0.00424160162877503
"подобный" 0 0.00646746863277713 0 0.00690369347600967 0.00274717727534958 0 0.0042755141305742 0.00527370530534754 0
"подобных" 0 0 0.0107232856147123 0.00345184673800483 0 0.00522657189149637 0 0.00527370530534754 0.00424160162877503
"подруг" 0.00895977062987188 0 0 0.0138073869520193 0 0 0 0 0.00424160162877503
"поехал" 0 0 0.0107232856147123 0 0.00549435455069916 0.00522657189149637 0 0 0.00424160162877503
"позабыть" 0 0.00646746863277713 0 0.00345184673800483 0.00274717727534958 0.0104531437829927 0 0 0.00424160162877503
"позором" 0 0 0 0.00345184673800483 0.00549435455069916 0 0.0128265423917226 0 0
"поймал" 0 0 0 0 0.00824153182604873 0.00522657189149637 0 0 0.00848320325755005
"покажется" 0.00895977062987188 0 0 0 0.00274717727534958 0 0.0171020565222968 0 0
"поклонник" 0 0 0 0.0103555402140145 0 0.00522657189149637 0 0.0105474106106951 0
"покоится" 0.00895977062987188 0 0 0.00690369347600967 0 0.0104531437829927 0 0.00527370530534754 0
"покойно" 0.00895977062987188 0.00646746863277713 0.00536164280735617 0.00345184673800483 0 0.00522657189149637 0.0042755141305742 0 0
"поколений" 0 0 0 0 0.00549435455069916 0.0156797156744891 0 0.00527370530534754 0
"полков" 0.00895977062987188 0.00646746863277713 0.00536164280735617 0 0 0.00522657189149637 0 0.0105474106106951 0
"получил" 0 0 0 0.00345184673800483 0.00549435455069916 0 0 0.0105474106106951 0.00424160162877503
"помилуйте" 0 0 0 0.00345184673800483 0.00824153182604873 0 0 0 0.00848320325755005
"поминать" 0 0.0258698745311085 0 0.00345184673800483 0 0 0.0042755141305742 0 0
"помни" 0 0.00646746863277713 0 0.0103555402140145 0 0.00522657189149637 0.0042755141305742 0 0
"помощь" 0 0 0.0268082140367809 0 0.00274717727534958 0 0 0 0
"помчался" 0.00895977062987188 0.0129349372655543 0.0107232856147123 0 0 0 0 0.00527370530534754 0
"помянуть" 0 0.0258698745311085 0 0 0.00274717727534958 0 0.0042755141305742 0 0
"понимаем" 0.00895977062987188 0 0 0 0 0 0.0128265423917226 0 0.00848320325755005
"попова" 0 0 0 0 0.0164830636520975 0 0 0 0
"пополам" 0.00895977062987188 0 0 0.00690369347600967 0.00274717727534958 0 0.0042755141305742 0.00527370530534754 0
"порыве" 0.00895977062987188 0 0 0 0.00274717727534958 0.00522657189149637 0 0 0.0127248048863251
"порядок" 0.0179195412597438 0 0 0.00345184673800483 0.00549435455069916 0 0 0 0.00424160162877503
"посетил" 0 0.00646746863277713 0 0 0 0.00522657189149637 0.0128265423917226 0.00527370530534754 0
"последней" 0.00895977062987188 0.00646746863277713 0 0.00690369347600967 0.00274717727534958 0 0 0 0.00424160162877503
"последыша" 0 0 0 0 0.0164830636520975 0 0 0 0
"пословица" 0 0 0.00536164280735617 0 0.0109887091013983 0 0.0042755141305742 0 0
"послушать" 0 0 0 0.00690369347600967 0.00549435455069916 0.00522657189149637 0.0042755141305742 0 0
"послушный" 0 0.00646746863277713 0 0.0172592336900242 0 0 0 0 0
"посмотрела" 0.0179195412597438 0 0.0214465712294247 0 0 0 0 0 0
"постеле" 0 0.00646746863277713 0.00536164280735617 0.00690369347600967 0 0.00522657189149637 0 0.00527370530534754 0
"постигнет" 0 0 0 0 0.00549435455069916 0 0 0.0105474106106951 0.00848320325755005
"посылал" 0.00895977062987188 0 0.0107232856147123 0 0.00274717727534958 0 0 0.00527370530534754 0.00424160162877503
"потеряв" 0 0.00646746863277713 0 0.00690369347600967 0.00274717727534958 0 0.0042755141305742 0.00527370530534754 0
"потоком" 0 0.0129349372655543 0 0.00345184673800483 0.00274717727534958 0 0 0.00527370530534754 0.00424160162877503
"похож" 0.00895977062987188 0 0.0107232856147123 0 0.00549435455069916 0.00522657189149637 0 0 0
"пошло" 0 0 0 0 0.0164830636520975 0 0 0 0
"поэмы" 0.0179195412597438 0 0 0.00345184673800483 0.00274717727534958 0 0 0.0105474106106951 0
"православные" 0 0 0 0 0.0164830636520975 0 0 0 0
"прахе" 0 0 0 0.0103555402140145 0 0.00522657189149637 0 0.00527370530534754 0.00424160162877503
"прежней" 0 0.0129349372655543 0 0.00345184673800483 0 0 0.0085510282611484 0 0.00424160162877503
"прекрасней" 0.00895977062987188 0 0.00536164280735617 0.00345184673800483 0 0 0.0128265423917226 0 0
"прекрасным" 0 0.0129349372655543 0 0.0103555402140145 0 0 0 0 0.00424160162877503
"прелестная" 0 0 0 0.00690369347600967 0 0.0104531437829927 0 0.00527370530534754 0.00424160162877503
"престолу" 0 0.00646746863277713 0 0.00345184673800483 0 0 0.0042755141305742 0.00527370530534754 0.00848320325755005
"привёз" 0 0.0258698745311085 0.00536164280735617 0 0.00274717727534958 0 0 0 0
"приветствую" 0 0 0 0 0 0.00522657189149637 0.0042755141305742 0.0105474106106951 0.00848320325755005
"прилетел" 0 0.0129349372655543 0.00536164280735617 0 0 0 0.0085510282611484 0.00527370530534754 0
"примите" 0 0 0 0.00690369347600967 0.00274717727534958 0.0104531437829927 0 0 0.00424160162877503
"приник" 0 0 0 0.00345184673800483 0.00274717727534958 0.00522657189149637 0 0.0105474106106951 0.00424160162877503
"природой" 0 0 0 0.00345184673800483 0 0.00522657189149637 0 0.0105474106106951 0.00848320325755005
"прислал" 0 0 0.00536164280735617 0.00345184673800483 0.0109887091013983 0 0 0 0
"приятной" 0 0 0 0.00690369347600967 0.00274717727534958 0.0104531437829927 0 0.00527370530534754 0
"проводить" 0 0.0129349372655543 0.0160849284220685 0.00345184673800483 0 0 0 0 0
"продолжать" 0.00895977062987188 0 0 0.00345184673800483 0 0.0209062875659855 0 0 0
"проклинал" 0 0 0.0107232856147123 0.00345184673800483 0.00274717727534958 0 0.0042755141305742 0.00527370530534754 0
"проклятый" 0.0179195412597438 0 0 0 0.00274717727534958 0.0156797156744891 0 0 0
"пролетел" 0 0.00646746863277713 0.00536164280735617 0.00345184673800483 0.00274717727534958 0.00522657189149637 0 0.00527370530534754 0
"пропало" 0 0.0194024058983314 0 0 0.00274717727534958 0.00522657189149637 0.0042755141305742 0 0
"прохлада" 0 0.00646746863277713 0 0 0 0.0104531437829927 0.0042755141305742 0 0.00848320325755005
"прочих" 0 0 0 0 0 0.0313594313489782 0 0 0
"прощенья" 0.00895977062987188 0 0.00536164280735617 0 0.00824153182604873 0 0.0042755141305742 0 0
"псов" 0 0 0.00536164280735617 0.00345184673800483 0.00274717727534958 0 0.0042755141305742 0 0.00848320325755005
"птица" 0 0 0 0.00345184673800483 0.00824153182604873 0 0.0085510282611484 0 0
"публике" 0 0 0 0 0.00824153182604873 0 0 0.00527370530534754 0.00848320325755005
"пустил" 0 0.0194024058983314 0 0 0.00824153182604873 0 0 0 0
"пустыни" 0 0 0 0.00345184673800483 0 0.00522657189149637 0.0042755141305742 0.0158211159160426 0
"пушки" 0.00895977062987188 0.00646746863277713 0 0 0.00549435455069916 0 0 0.0105474106106951 0
"пушкин" 0 0.0129349372655543 0.00536164280735617 0.00345184673800483 0 0 0 0.00527370530534754 0.00424160162877503
"пылкой" 0 0.0194024058983314 0 0.00345184673800483 0 0 0 0.0105474106106951 0
"пьяного" 0 0 0 0 0.0164830636520975 0 0 0 0
"пьяный" 0 0.00646746863277713 0.0160849284220685 0 0.00549435455069916 0 0 0 0
"работа" 0.0179195412597438 0 0 0 0.00824153182604873 0 0 0 0.00424160162877503
"работает" 0.00895977062987188 0 0 0 0.0137358863767479 0 0 0 0
"равнины" 0 0 0 0.00345184673800483 0 0 0.0042755141305742 0.0158211159160426 0.00424160162877503
"равны" 0 0 0 0.00345184673800483 0.00274717727534958 0.0104531437829927 0.0042755141305742 0 0.00424160162877503
"разговоры" 0.00895977062987188 0 0.00536164280735617 0.00345184673800483 0 0.00522657189149637 0 0.0105474106106951 0
"разлуке" 0.00895977062987188 0.00646746863277713 0 0 0 0 0.0085510282611484 0.00527370530534754 0.00424160162877503
"разумно" 0.0179195412597438 0 0 0 0.00274717727534958 0 0 0 0.0127248048863251
"разумом" 0 0.00646746863277713 0 0.00690369347600967 0.00549435455069916 0 0 0.00527370530534754 0
"рассуждать" 0 0 0.00536164280735617 0 0.00549435455069916 0 0.0042755141305742 0.00527370530534754 0.00424160162877503
"растёт" 0.0179195412597438 0 0.00536164280735617 0 0 0 0.0085510282611484 0 0.00424160162877503
"ратник" 0 0 0 0.0103555402140145 0 0 0 0.0158211159160426 0
"ребятами" 0 0 0 0 0.0164830636520975 0 0 0 0
"ревел" 0 0 0.00536164280735617 0 0.00274717727534958 0.00522657189149637 0.0042755141305742 0 0.00848320325755005
"редкий" 0 0 0.00536164280735617 0 0.00274717727534958 0 0 0.00527370530534754 0.0127248048863251
"резвою" 0 0 0 0.0138073869520193 0 0.00522657189149637 0 0.00527370530534754 0
"резвых" 0 0.00646746863277713 0 0.0103555402140145 0 0 0 0.00527370530534754 0.00424160162877503
"робкая" 0 0.00646746863277713 0 0.00345184673800483 0 0 0 0.00527370530534754 0.0127248048863251
"робкий" 0 0.00646746863277713 0 0.00690369347600967 0.00274717727534958 0 0 0 0.00848320325755005
"робкой" 0 0.00646746863277713 0 0.00690369347600967 0 0 0.0042755141305742 0.0105474106106951 0
"ровно" 0 0 0.0107232856147123 0 0.00549435455069916 0 0.0085510282611484 0 0
"рог" 0 0 0.00536164280735617 0.00345184673800483 0.00274717727534958 0.00522657189149637 0 0.00527370530534754 0.00424160162877503
"родного" 0 0 0.0160849284220685 0.00345184673800483 0 0 0.0042755141305742 0 0.00424160162877503
"рока" 0 0 0 0.00345184673800483 0 0 0.0085510282611484 0 0.0127248048863251
"роскошь" 0.0179195412597438 0 0.00536164280735617 0.00690369347600967 0 0 0 0 0.00424160162877503
"роща" 0 0.00646746863277713 0 0 0.00549435455069916 0.0104531437829927 0 0.00527370530534754 0
"рощице" 0 0.0194024058983314 0 0.00690369347600967 0 0 0 0.00527370530534754 0
"русскому" 0 0 0.00536164280735617 0.00345184673800483 0.00824153182604873 0 0 0.00527370530534754 0
"ручьи" 0 0 0 0 0 0.00522657189149637 0 0.0263685265267377 0
"рыдал" 0.00895977062987188 0 0 0 0.0109887091013983 0 0.0042755141305742 0 0
"рюмку" 0 0 0 0.00690369347600967 0.00824153182604873 0 0.0042755141305742 0 0
"рядком" 0 0 0.00536164280735617 0.00345184673800483 0.00274717727534958 0 0.0085510282611484 0.00527370530534754 0
"савелий" 0 0 0 0 0.0164830636520975 0 0 0 0
"сватай" 0 0 0.032169856844137 0 0 0 0 0 0
"свекровь" 0.00895977062987188 0 0.00536164280735617 0 0.0109887091013983 0 0 0 0
"свершив" 0 0.0129349372655543 0 0 0.00274717727534958 0.0104531437829927 0 0 0.00424160162877503
"светильник" 0 0 0 0.00345184673800483 0 0 0.0042755141305742 0.0105474106106951 0.00848320325755005
"светла" 0 0.00646746863277713 0.00536164280735617 0 0.00549435455069916 0 0 0.0105474106106951 0
"светлое" 0.00895977062987188 0.0129349372655543 0 0 0.00549435455069916 0.00522657189149637 0 0 0
"свеча" 0 0 0 0.00345184673800483 0 0 0.0128265423917226 0.0105474106106951 0
"свирепо" 0.00895977062987188 0 0.0268082140367809 0 0 0 0 0 0
"свистом" 0 0.00646746863277713 0 0.00345184673800483 0 0.00522657189149637 0 0.00527370530534754 0.00848320325755005
"свободой" 0.00895977062987188 0 0 0.00690369347600967 0 0 0 0.0105474106106951 0.00424160162877503
"сводом" 0 0 0 0.00690369347600967 0 0.00522657189149637 0.0085510282611484 0 0.00424160162877503
"святого" 0 0.00646746863277713 0 0 0 0.0104531437829927 0 0.00527370530534754 0.00848320325755005
"святую" 0 0 0 0.00690369347600967 0.00274717727534958 0.00522657189149637 0.0042755141305742 0.00527370530534754 0
"святые" 0 0.00646746863277713 0 0.00690369347600967 0 0 0.0042755141305742 0.00527370530534754 0.00424160162877503
"сделался" 0 0 0.00536164280735617 0 0.00549435455069916 0 0.0042755141305742 0 0.00848320325755005
"сделать" 0 0 0.00536164280735617 0.00345184673800483 0.00274717727534958 0 0.0128265423917226 0 0
"северной" 0 0 0 0.0103555402140145 0.00274717727534958 0 0 0.00527370530534754 0.00424160162877503
"сего" 0 0.00646746863277713 0 0 0 0.00522657189149637 0.0042755141305742 0.0105474106106951 0.00424160162877503
"сед" 0 0.0129349372655543 0.0160849284220685 0 0.00274717727534958 0 0 0 0
"седые" 0 0 0 0 0.0109887091013983 0 0 0.00527370530534754 0.00424160162877503
"сельской" 0 0.00646746863277713 0 0.0138073869520193 0 0.00522657189149637 0 0 0
"семье" 0 0.00646746863277713 0 0.00690369347600967 0.00274717727534958 0 0 0.0105474106106951 0
"сердечного" 0 0.00646746863277713 0.00536164280735617 0 0.00274717727534958 0 0 0.00527370530534754 0.00848320325755005
"сердцам" 0.00895977062987188 0.00646746863277713 0 0 0 0 0.0042755141305742 0.0158211159160426 0
"серебра" 0 0 0.00536164280735617 0.0103555402140145 0.00549435455069916 0 0 0 0
"сеть" 0 0 0 0 0 0.0104531437829927 0 0.00527370530534754 0.0127248048863251
"сиди" 0 0 0.00536164280735617 0.00345184673800483 0.00824153182604873 0 0 0.00527370530534754 0
"сильного" 0 0 0.00536164280735617 0 0.00274717727534958 0 0 0.0158211159160426 0.00424160162877503
"сияньи" 0 0.0194024058983314 0 0.0103555402140145 0 0 0 0 0
"скажут" 0 0 0 0.00345184673800483 0.00549435455069916 0.00522657189149637 0.0042755141305742 0.00527370530534754 0
"скакал" 0 0.00646746863277713 0.0107232856147123 0.00345184673800483 0.00274717727534958 0 0.0042755141305742 0 0
"скакать" 0 0 0 0.00345184673800483 0.00274717727534958 0.00522657189149637 0 0 0.0127248048863251
"скорби" 0 0.0129349372655543 0 0 0 0.00522657189149637 0 0.0105474106106951 0.00424160162877503
"скорбный" 0 0.00646746863277713 0 0.00690369347600967 0 0 0 0 0.0127248048863251
"скромной" 0 0 0 0.00345184673800483 0.00274717727534958 0 0 0.0105474106106951 0.00848320325755005
"скрыть" 0 0.00646746863277713 0.00536164280735617 0.00345184673800483 0 0 0.0042755141305742 0.00527370530534754 0.00424160162877503
"славной" 0 0.00646746863277713 0 0.00690369347600967 0 0 0.0042755141305742 0.0105474106106951 0
"сладка" 0 0 0 0 0.0109887091013983 0.00522657189149637 0.0042755141305742 0 0
"сладких" 0 0 0 0.00690369347600967 0 0.00522657189149637 0.0042755141305742 0 0.00848320325755005
"сладок" 0 0.00646746863277713 0 0.00690369347600967 0 0.0104531437829927 0 0 0.00424160162877503
"сладострастной" 0 0.0129349372655543 0 0.00690369347600967 0 0.00522657189149637 0 0.00527370530534754 0
"слаще" 0 0 0 0.00690369347600967 0.00274717727534958 0.00522657189149637 0 0 0.00848320325755005
"сложил" 0.00895977062987188 0 0.0214465712294247 0 0.00274717727534958 0 0 0 0
"слушай" 0 0.0129349372655543 0.00536164280735617 0.00690369347600967 0 0 0 0.00527370530534754 0
"слышать" 0.00895977062987188 0 0 0.0103555402140145 0.00274717727534958 0 0 0 0.00424160162877503
"смеет" 0 0.0194024058983314 0 0.00690369347600967 0 0 0 0.00527370530534754 0
"смекнул" 0 0 0 0 0.0109887091013983 0.0104531437829927 0 0 0
"смеха" 0 0 0.00536164280735617 0.00345184673800483 0.00274717727534958 0 0.0042755141305742 0.00527370530534754 0.00424160162877503
"смущённый" 0 0 0.00536164280735617 0.0103555402140145 0 0.00522657189149637 0 0 0.00424160162877503
"сожалений" 0 0 0 0.00690369347600967 0.00274717727534958 0 0.0085510282611484 0 0.00424160162877503
"сожаленьем" 0 0.00646746863277713 0.0107232856147123 0 0 0 0.0128265423917226 0 0
"созданья" 0 0 0 0 0 0.00522657189149637 0.0042755141305742 0.00527370530534754 0.0127248048863251
"сокол" 0 0.0194024058983314 0.00536164280735617 0 0 0 0 0 0.00848320325755005
"солнцем" 0 0 0.0160849284220685 0 0.00549435455069916 0 0.0042755141305742 0 0
"сонные" 0.00895977062987188 0.00646746863277713 0 0 0.00549435455069916 0 0 0.0105474106106951 0
"составляет" 0 0 0 0 0 0.0313594313489782 0 0 0
"сохрани" 0 0.0129349372655543 0.0160849284220685 0.00345184673800483 0 0 0 0 0
"спесь" 0 0 0 0.00690369347600967 0.00274717727534958 0 0.0085510282611484 0 0.00424160162877503
"спешил" 0.00895977062987188 0 0 0 0 0.0104531437829927 0 0.0105474106106951 0.00424160162877503
"спина" 0 0 0 0 0.0109887091013983 0 0.0042755141305742 0 0.00424160162877503
"спится" 0.00895977062987188 0.00646746863277713 0.0160849284220685 0 0.00274717727534958 0 0 0 0
"спишь" 0 0 0.00536164280735617 0.00690369347600967 0.00274717727534958 0 0 0.0105474106106951 0
"спокойный" 0 0 0 0.00345184673800483 0 0.00522657189149637 0 0.00527370530534754 0.0127248048863251
"спорить" 0 0.0129349372655543 0 0 0.0109887091013983 0 0 0 0
"споры" 0.0179195412597438 0 0 0.00690369347600967 0 0 0 0.00527370530534754 0.00424160162877503
"сражений" 0 0.00646746863277713 0 0.0138073869520193 0 0 0 0.00527370530534754 0
"станем" 0 0.0194024058983314 0.00536164280735617 0 0.00274717727534958 0.00522657189149637 0 0 0
"стариками" 0 0 0 0 0.0164830636520975 0 0 0 0
"старинных" 0 0.00646746863277713 0 0.00345184673800483 0.00274717727534958 0 0.0042755141305742 0.0105474106106951 0
"старосту" 0.00895977062987188 0 0 0 0.0109887091013983 0 0 0 0.00424160162877503
"статейку" 0 0 0 0 0.00824153182604873 0.00522657189149637 0 0 0.00848320325755005
"стая" 0.00895977062987188 0.00646746863277713 0.00536164280735617 0.00345184673800483 0 0 0.0085510282611484 0 0
"стезя" 0 0.00646746863277713 0 0.00345184673800483 0 0.00522657189149637 0 0.0158211159160426 0
"стольких" 0 0 0 0 0 0.0156797156744891 0.0128265423917226 0 0
"странникам" 0 0 0 0 0.0164830636520975 0 0 0 0
"страстно" 0.00895977062987188 0.00646746863277713 0.00536164280735617 0 0 0 0.0085510282611484 0 0.00424160162877503
"страстям" 0.00895977062987188 0 0 0 0 0 0.0171020565222968 0 0.00424160162877503
"страшись" 0 0 0 0.00345184673800483 0.00274717727534958 0.00522657189149637 0 0.0105474106106951 0.00424160162877503
"строг" 0.00895977062987188 0 0 0 0.00549435455069916 0.00522657189149637 0 0.00527370530534754 0.00424160162877503
"строгою" 0 0 0 0 0 0 0.0171020565222968 0 0.00848320325755005
"стройные" 0 0 0.00536164280735617 0.00345184673800483 0 0 0 0.0105474106106951 0.00848320325755005
"стул" 0 0 0.00536164280735617 0 0.00824153182604873 0.0104531437829927 0 0 0
"стулом" 0.00895977062987188 0.00646746863277713 0 0 0.0109887091013983 0 0 0 0
"стыдливой" 0 0 0 0.0172592336900242 0 0 0 0.00527370530534754 0
"судьбина" 0 0.00646746863277713 0.00536164280735617 0 0 0.0104531437829927 0.0042755141305742 0 0.00424160162877503
"сумрачный" 0 0.00646746863277713 0 0 0.00274717727534958 0 0.0042755141305742 0.0105474106106951 0.00424160162877503
"сух" 0 0 0 0.00690369347600967 0.00274717727534958 0 0.0042755141305742 0 0.00848320325755005
"счастливая" 0 0 0 0.00345184673800483 0.00274717727534958 0.0104531437829927 0.0042755141305742 0.00527370530534754 0
"счастливца" 0 0.0129349372655543 0 0.0103555402140145 0 0.00522657189149637 0 0 0
"счет" 0.00895977062987188 0.00646746863277713 0.00536164280735617 0 0.00274717727534958 0.00522657189149637 0 0.00527370530534754 0
"сыне" 0.0268793118896156 0 0 0.00345184673800483 0.00274717727534958 0 0.0042755141305742 0 0
"сыну" 0 0.00646746863277713 0.0214465712294247 0 0.00274717727534958 0 0 0 0
"таинственные" 0 0 0 0.00345184673800483 0 0.0104531437829927 0.0042755141305742 0.00527370530534754 0.00424160162877503
"тайною" 0 0 0.00536164280735617 0.00690369347600967 0 0 0 0 0.0127248048863251
"тайным" 0 0.00646746863277713 0 0.00690369347600967 0 0 0.0042755141305742 0 0.00848320325755005
"талант" 0 0 0.00536164280735617 0 0.00549435455069916 0.00522657189149637 0.0042755141305742 0 0.00424160162877503
"твоею" 0.00895977062987188 0 0 0.0103555402140145 0 0 0 0.00527370530534754 0.00424160162877503
"текут" 0 0 0 0.00690369347600967 0 0.00522657189149637 0 0.0158211159160426 0
"тел" 0 0.00646746863277713 0 0 0 0 0.0085510282611484 0.00527370530534754 0.00848320325755005
"темна" 0 0.00646746863277713 0.0107232856147123 0 0.00274717727534958 0.00522657189149637 0.0042755141305742 0 0
"темницу" 0 0.0129349372655543 0.00536164280735617 0 0 0 0.0085510282611484 0.00527370530534754 0
"тёмное" 0.00895977062987188 0.00646746863277713 0.00536164280735617 0 0.00549435455069916 0.00522657189149637 0 0 0
"тёмную" 0 0.00646746863277713 0 0.00345184673800483 0.00274717727534958 0 0 0.00527370530534754 0.00848320325755005
"теней" 0 0 0 0.00345184673800483 0 0.00522657189149637 0.0128265423917226 0 0.00424160162877503
"теряя" 0 0 0.0107232856147123 0 0.00274717727534958 0.00522657189149637 0.0042755141305742 0 0.00424160162877503
"теснится" 0 0 0 0.00690369347600967 0 0.00522657189149637 0 0.00527370530534754 0.00848320325755005
"тетрадь" 0 0 0.00536164280735617 0.00345184673800483 0.00549435455069916 0.00522657189149637 0 0 0.00424160162877503
"тон" 0 0 0 0.00690369347600967 0.00274717727534958 0 0.0042755141305742 0 0.00848320325755005
"торгаш" 0 0 0.0214465712294247 0.00345184673800483 0 0 0 0 0.00424160162877503
"тоскар" 0 0 0 0.020711080428029 0 0 0 0 0
"тоскуя" 0 0 0.00536164280735617 0.0103555402140145 0 0 0.0042755141305742 0 0.00424160162877503
"точки" 0.00895977062987188 0 0 0 0.0109887091013983 0 0.0042755141305742 0 0
"траву" 0.0179195412597438 0 0 0 0.00549435455069916 0 0.0085510282611484 0 0
"тревоге" 0.00895977062987188 0 0 0.00690369347600967 0.00274717727534958 0 0.0042755141305742 0 0.00424160162877503
"треском" 0 0 0.0107232856147123 0.00690369347600967 0.00274717727534958 0.00522657189149637 0 0 0
"трудись" 0 0 0 0 0.0109887091013983 0 0.0085510282611484 0 0
"трудиться" 0 0 0 0.00690369347600967 0 0.00522657189149637 0.0042755141305742 0 0.00848320325755005
"труженик" 0 0 0.0107232856147123 0 0 0.00522657189149637 0 0.0105474106106951 0.00424160162877503
"тусклый" 0 0.00646746863277713 0 0.00690369347600967 0 0 0 0.0105474106106951 0.00424160162877503
"тьму" 0 0.0194024058983314 0.00536164280735617 0 0 0 0.0042755141305742 0.00527370530534754 0
"тюрьму" 0.0179195412597438 0 0.0107232856147123 0 0.00274717727534958 0 0.0042755141305742 0 0
"тяжких" 0.00895977062987188 0 0 0.00690369347600967 0 0 0.0085510282611484 0 0.00424160162877503
"увидал" 0.00895977062987188 0 0.00536164280735617 0 0.00274717727534958 0.00522657189149637 0.0042755141305742 0 0.00424160162877503
"увидела" 0.00895977062987188 0 0 0 0.0109887091013983 0 0 0.00527370530534754 0
"увял" 0 0.0129349372655543 0 0.0103555402140145 0 0 0 0.00527370530534754 0
"уголке" 0 0.00646746863277713 0 0.00345184673800483 0 0.00522657189149637 0 0.0158211159160426 0
"угрюмо" 0 0.00646746863277713 0 0.00345184673800483 0.00549435455069916 0.00522657189149637 0 0.00527370530534754 0
"ударил" 0 0.0129349372655543 0 0 0.00549435455069916 0 0.0042755141305742 0.00527370530534754 0
"ударит" 0 0 0.0107232856147123 0 0.00274717727534958 0.00522657189149637 0 0.00527370530534754 0.00424160162877503
"ударов" 0.00895977062987188 0 0.00536164280735617 0.0103555402140145 0 0 0 0 0.00424160162877503
"уединеньи" 0 0.00646746863277713 0 0.0138073869520193 0 0 0 0.00527370530534754 0
"уз" 0 0 0.00536164280735617 0.00345184673800483 0.00274717727534958 0 0 0.00527370530534754 0.00848320325755005
"узнает" 0 0 0 0 0.00274717727534958 0.0104531437829927 0.0128265423917226 0 0
"узнаешь" 0.00895977062987188 0.0129349372655543 0 0 0 0 0.0085510282611484 0 0.00424160162877503
"узнай" 0 0 0 0.00690369347600967 0.00274717727534958 0.0104531437829927 0.0042755141305742 0 0
"уйти" 0 0 0.0268082140367809 0 0 0 0 0 0.00424160162877503
"указал" 0 0 0.00536164280735617 0.00345184673800483 0.00274717727534958 0.0104531437829927 0.0042755141305742 0 0
"умею" 0.00895977062987188 0 0.00536164280735617 0.00690369347600967 0.00274717727534958 0 0.0042755141305742 0 0
"уносит" 0 0 0.00536164280735617 0 0 0.00522657189149637 0.0042755141305742 0.0158211159160426 0
"унылы" 0.00895977062987188 0.00646746863277713 0 0 0 0.00522657189149637 0.0128265423917226 0 0
"упали" 0 0 0.00536164280735617 0.00345184673800483 0.00824153182604873 0 0 0.00527370530534754 0
"упованья" 0 0.00646746863277713 0 0.00345184673800483 0 0.0156797156744891 0 0.00527370530534754 0
"упоенья" 0 0 0 0.00690369347600967 0 0.00522657189149637 0.0042755141305742 0.00527370530534754 0.00424160162877503
"урок" 0 0.00646746863277713 0 0 0.00274717727534958 0.0104531437829927 0.0042755141305742 0 0.00424160162877503
"усердный" 0.00895977062987188 0 0 0.00345184673800483 0 0.00522657189149637 0.0042755141305742 0.00527370530534754 0.00424160162877503
"услышь" 0 0.00646746863277713 0 0.00345184673800483 0 0.0104531437829927 0 0.0105474106106951 0
"уснул" 0 0.00646746863277713 0 0.00345184673800483 0.00549435455069916 0.00522657189149637 0 0 0.00424160162877503
"усы" 0.00895977062987188 0 0.00536164280735617 0.00690369347600967 0.00549435455069916 0 0 0 0
"учился" 0.00895977062987188 0 0 0 0.0109887091013983 0 0.0042755141305742 0 0
"фантазии" 0 0 0.00536164280735617 0.00345184673800483 0.00274717727534958 0.00522657189149637 0.0085510282611484 0 0
"фонтан" 0 0.00646746863277713 0 0.0138073869520193 0.00274717727534958 0 0 0 0
"халат" 0 0 0 0.00690369347600967 0.00549435455069916 0 0.0042755141305742 0 0.00424160162877503
"хвостов" 0 0 0 0.020711080428029 0 0 0 0 0
"хвостова" 0 0.0129349372655543 0 0.0103555402140145 0 0 0 0.00527370530534754 0
"хижине" 0 0 0 0.00345184673800483 0.00274717727534958 0.00522657189149637 0 0.00527370530534754 0.00848320325755005
"хитрый" 0 0.0129349372655543 0 0.00345184673800483 0 0.00522657189149637 0.0042755141305742 0.00527370530534754 0
"хлада" 0 0.00646746863277713 0.00536164280735617 0 0 0.0156797156744891 0 0.00527370530534754 0
"хлеба" 0 0 0.00536164280735617 0 0.00824153182604873 0 0.0042755141305742 0 0.00424160162877503
"ходи" 0.00895977062987188 0 0.00536164280735617 0.00345184673800483 0.00549435455069916 0 0 0.00527370530534754 0
"хожу" 0.0179195412597438 0 0 0.0103555402140145 0.00274717727534958 0 0 0 0
"холмам" 0.00895977062987188 0.0258698745311085 0 0.00345184673800483 0 0 0 0 0
"холодною" 0.0268793118896156 0 0 0 0 0.00522657189149637 0 0.00527370530534754 0.00424160162877503
"холодных" 0 0.00646746863277713 0 0.00690369347600967 0 0 0.0042755141305742 0.00527370530534754 0.00424160162877503
"хороший" 0.00895977062987188 0.00646746863277713 0.00536164280735617 0.00345184673800483 0 0 0.0085510282611484 0 0
"христос" 0 0 0 0.0138073869520193 0.00549435455069916 0 0 0 0
"царевич" 0 0 0.0268082140367809 0.00345184673800483 0 0 0 0 0
"царевне" 0 0 0.0268082140367809 0 0.00274717727534958 0 0 0 0
"царям" 0 0.00646746863277713 0 0.00345184673800483 0 0 0 0.0158211159160426 0.00424160162877503
"цвела" 0 0 0 0 0 0.00522657189149637 0 0 0.0212080081438751
"цензор" 0.00895977062987188 0 0 0.00345184673800483 0.00274717727534958 0.00522657189149637 0 0.0105474106106951 0
"часа" 0.00895977062987188 0 0.00536164280735617 0 0.00274717727534958 0 0.0085510282611484 0 0.00424160162877503
"часовой" 0.0179195412597438 0.00646746863277713 0 0.00690369347600967 0.00274717727534958 0 0 0 0
"чаше" 0 0.0194024058983314 0.00536164280735617 0.00690369347600967 0 0 0 0 0
"череп" 0 0.00646746863277713 0.00536164280735617 0 0.00274717727534958 0 0.0085510282611484 0.00527370530534754 0
"чертог" 0 0 0 0.00345184673800483 0 0.0156797156744891 0 0.0105474106106951 0
"честно" 0.00895977062987188 0 0.0107232856147123 0.00345184673800483 0 0 0.0042755141305742 0 0.00424160162877503
"чиновнику" 0 0 0 0 0.0164830636520975 0 0 0 0
"чиста" 0.00895977062987188 0.00646746863277713 0 0 0 0 0.0042755141305742 0.0105474106106951 0.00424160162877503
"чисто" 0.0179195412597438 0 0.00536164280735617 0.00345184673800483 0 0.00522657189149637 0.0042755141305742 0 0
"чистом" 0 0.0323373431638857 0 0 0.00274717727534958 0 0 0 0
"чувствует" 0 0 0 0 0.00274717727534958 0 0.0042755141305742 0.0105474106106951 0.00848320325755005
"чудится" 0.00895977062987188 0 0 0.00345184673800483 0.00549435455069916 0.00522657189149637 0.0042755141305742 0 0
"шагов" 0 0 0.00536164280735617 0.00345184673800483 0.00274717727534958 0.0104531437829927 0.0042755141305742 0 0
"шалаш" 0 0 0 0.0103555402140145 0.00274717727534958 0 0 0.00527370530534754 0.00424160162877503
"шевеля" 0.00895977062987188 0 0 0 0.00274717727534958 0 0.0128265423917226 0.00527370530534754 0
"шире" 0.00895977062987188 0 0 0 0.00274717727534958 0 0.0128265423917226 0 0.00424160162877503
"шума" 0.00895977062987188 0.0129349372655543 0 0 0.00274717727534958 0 0.0042755141305742 0.00527370530534754 0
"шуме" 0 0.00646746863277713 0 0.00690369347600967 0 0.0104531437829927 0 0 0.00424160162877503
"шумных" 0 0 0 0.00690369347600967 0 0.00522657189149637 0 0.00527370530534754 0.00848320325755005
"юбку" 0 0 0 0 0 0.0313594313489782 0 0 0
"юг" 0 0 0 0.00345184673800483 0.0109887091013983 0.00522657189149637 0 0 0
"юной" 0 0.0129349372655543 0 0.0103555402140145 0.00274717727534958 0 0 0 0
"ярем" 0 0 0 0.00690369347600967 0 0.00522657189149637 0 0.0158211159160426 0
"автор" 0 0 0.00536164280735617 0 0.00274717727534958 0 0.0042755141305742 0 0.00848320325755005
"агап" 0 0 0 0 0.0137358863767479 0 0 0 0
"алтарём" 0 0 0 0 0.00274717727534958 0.0104531437829927 0 0.0105474106106951 0
"аполлоном" 0 0.00646746863277713 0 0.0103555402140145 0 0.00522657189149637 0 0 0
"аромат" 0 0 0 0 0.00549435455069916 0 0.0042755141305742 0 0.00848320325755005
"байрона" 0 0 0 0.0103555402140145 0 0 0.0042755141305742 0.00527370530534754 0
"бал" 0.00895977062987188 0 0 0.00345184673800483 0.00549435455069916 0.00522657189149637 0 0 0
"барщину" 0 0 0 0 0.0137358863767479 0 0 0 0
"барыши" 0 0 0.0214465712294247 0 0 0 0 0 0.00424160162877503
"башне" 0 0 0 0.00345184673800483 0 0.0104531437829927 0 0 0.00848320325755005
"бедняжка" 0.00895977062987188 0.00646746863277713 0 0.00345184673800483 0.00274717727534958 0 0 0.00527370530534754 0
"бедствия" 0 0.00646746863277713 0 0 0 0 0 0.0158211159160426 0.00424160162877503
"безобразный" 0 0 0 0.00690369347600967 0 0.00522657189149637 0.0085510282611484 0 0
"белые" 0 0.0129349372655543 0 0 0.00824153182604873 0 0 0 0
"бери" 0 0 0 0 0.0109887091013983 0 0.0042755141305742 0 0
"беседа" 0.00895977062987188 0 0.00536164280735617 0.00690369347600967 0.00274717727534958 0 0 0 0
"беседе" 0 0 0.00536164280735617 0.00690369347600967 0.00274717727534958 0 0 0.00527370530534754 0
"беседует" 0 0 0 0 0.00549435455069916 0.00522657189149637 0 0 0.00848320325755005
"беспечности" 0 0 0 0.0103555402140145 0 0 0.0042755141305742 0.00527370530534754 0
"беспечные" 0 0 0 0 0 0.0104531437829927 0.0042755141305742 0.0105474106106951 0
"бесплодно" 0 0 0 0.00345184673800483 0.00274717727534958 0 0.0042755141305742 0 0.00848320325755005
"беспокойный" 0.00895977062987188 0.00646746863277713 0 0.00345184673800483 0 0.00522657189149637 0.0042755141305742 0 0
"бессмертные" 0 0 0 0.00345184673800483 0 0 0.0042755141305742 0.0105474106106951 0.00424160162877503
"бешено" 0 0 0.00536164280735617 0 0.00549435455069916 0 0.0042755141305742 0 0.00424160162877503
"било" 0 0.0258698745311085 0 0 0 0.00522657189149637 0 0 0
"битве" 0 0.00646746863277713 0.00536164280735617 0 0 0 0 0.00527370530534754 0.00848320325755005
"благие" 0.00895977062987188 0 0 0.00345184673800483 0.00274717727534958 0.00522657189149637 0 0.00527370530534754 0
"благородное" 0.00895977062987188 0.00646746863277713 0 0 0.00549435455069916 0 0.0042755141305742 0 0
"благословенные" 0 0 0.00536164280735617 0.0103555402140145 0.00274717727534958 0 0 0 0
"благословит" 0 0 0 0 0 0 0.0085510282611484 0.00527370530534754 0.00848320325755005
"бледнел" 0 0 0 0.00690369347600967 0.00274717727534958 0 0.0085510282611484 0 0
"блещут" 0 0.00646746863277713 0 0.0103555402140145 0 0 0 0 0.00424160162877503
"ближнего" 0.00895977062987188 0.00646746863277713 0.00536164280735617 0 0.00274717727534958 0 0.0042755141305742 0 0
"близких" 0 0 0.00536164280735617 0.00345184673800483 0.00274717727534958 0 0 0.00527370530534754 0.00424160162877503
"блистал" 0 0.00646746863277713 0 0.00345184673800483 0.00274717727534958 0.00522657189149637 0 0 0.00424160162877503
"блистанье" 0 0 0 0.00690369347600967 0 0.00522657189149637 0.0042755141305742 0 0.00424160162877503
"блистательный" 0 0 0 0.00345184673800483 0 0.00522657189149637 0.0042755141305742 0 0.00848320325755005
"блистают" 0 0 0 0 0 0.0104531437829927 0 0.00527370530534754 0.00848320325755005
"блуждал" 0 0 0 0 0.00274717727534958 0 0.0085510282611484 0.00527370530534754 0.00424160162877503
"богата" 0 0 0.00536164280735617 0 0 0.00522657189149637 0.0042755141305742 0.00527370530534754 0.00424160162877503
"богаче" 0.0179195412597438 0 0.0107232856147123 0 0.00274717727534958 0 0 0 0
"боготворить" 0 0 0 0.0138073869520193 0 0 0 0.00527370530534754 0
"бодро" 0 0 0 0.00690369347600967 0.00274717727534958 0.0104531437829927 0 0 0
"боевой" 0 0 0 0.0103555402140145 0 0 0 0.0105474106106951 0
"боевые" 0 0.00646746863277713 0 0.00345184673800483 0.00274717727534958 0 0 0.00527370530534754 0.00424160162877503
"божия" 0 0 0 0 0.0137358863767479 0 0 0 0
"божьего" 0 0.0129349372655543 0.00536164280735617 0 0.00274717727534958 0 0 0 0.00424160162877503
"болота" 0 0 0.00536164280735617 0 0.00549435455069916 0 0.0085510282611484 0 0
"большие" 0.00895977062987188 0 0 0 0.00824153182604873 0 0.0042755141305742 0 0
"большим" 0.00895977062987188 0 0.00536164280735617 0 0.00549435455069916 0 0.0042755141305742 0 0
"больших" 0.0179195412597438 0 0 0.00345184673800483 0.00274717727534958 0.00522657189149637 0 0 0
"борьбы" 0 0 0 0 0.00549435455069916 0 0.0085510282611484 0 0.00424160162877503
"бою" 0.0179195412597438 0.00646746863277713 0.0107232856147123 0 0 0 0 0 0
"боя" 0.00895977062987188 0 0 0.00690369347600967 0 0 0.0042755141305742 0.00527370530534754 0
"бояться" 0.00895977062987188 0 0.00536164280735617 0.00345184673800483 0.00549435455069916 0 0 0 0
"бранный" 0 0.00646746863277713 0 0.00345184673800483 0 0 0 0.0158211159160426 0
"бровь" 0.00895977062987188 0.0129349372655543 0 0 0.00549435455069916 0 0 0 0
"бросить" 0 0.00646746863277713 0 0.00345184673800483 0 0.00522657189149637 0.0042755141305742 0 0.00424160162877503
"будущем" 0 0.00646746863277713 0 0 0 0.00522657189149637 0.0085510282611484 0 0.00424160162877503
"бурю" 0 0.0129349372655543 0 0 0.00824153182604873 0 0 0 0
"бурями" 0 0 0 0.0103555402140145 0.00274717727534958 0 0 0 0.00424160162877503
"бушует" 0 0 0 0 0.00824153182604873 0 0.0042755141305742 0 0.00424160162877503
"былое" 0 0.00646746863277713 0 0.00345184673800483 0 0 0.0085510282611484 0 0.00424160162877503
"быстрой" 0 0 0 0.0103555402140145 0 0 0 0.0105474106106951 0
"быстрые" 0 0 0 0.00690369347600967 0 0 0 0.0105474106106951 0.00424160162877503
"бьют" 0 0.00646746863277713 0.00536164280735617 0.00345184673800483 0.00274717727534958 0 0.0042755141305742 0 0
"важностью" 0 0 0.00536164280735617 0.00690369347600967 0.00274717727534958 0 0.0042755141305742 0 0
"важным" 0 0.0129349372655543 0.00536164280735617 0.00690369347600967 0 0 0 0 0
"варшавы" 0 0 0 0.0138073869520193 0 0 0.0042755141305742 0 0
"вдвое" 0.00895977062987188 0 0.00536164280735617 0 0 0 0.0085510282611484 0.00527370530534754 0
"ведая" 0 0 0 0.00345184673800483 0.00274717727534958 0.00522657189149637 0 0.00527370530534754 0.00424160162877503
"вели" 0 0 0.0107232856147123 0.00345184673800483 0 0 0.0042755141305742 0.00527370530534754 0
"великом" 0 0 0.00536164280735617 0 0.00274717727534958 0.0104531437829927 0 0.00527370530534754 0
"величии" 0 0 0.00536164280735617 0.00345184673800483 0 0.0104531437829927 0 0.00527370530534754 0
"венцом" 0 0 0 0 0 0 0.0042755141305742 0.0158211159160426 0.00424160162877503
"вероломство" 0 0 0 0 0.00274717727534958 0 0 0 0.0169664065151001
"верст" 0 0 0.00536164280735617 0 0.00824153182604873 0 0.0042755141305742 0 0
"вершине" 0.00895977062987188 0 0 0 0.00549435455069916 0.0104531437829927 0 0 0
"весела" 0.0179195412597438 0 0 0.00690369347600967 0 0 0.0042755141305742 0 0
"веселее" 0 0.00646746863277713 0.0107232856147123 0.00690369347600967 0 0 0 0 0
"веселий" 0 0 0 0.00690369347600967 0 0 0 0.0105474106106951 0.00424160162877503
"веселит" 0 0 0.00536164280735617 0 0.00274717727534958 0 0.0085510282611484 0 0.00424160162877503
"весёлую" 0 0 0.00536164280735617 0 0.00824153182604873 0.00522657189149637 0 0 0
"весною" 0 0.0194024058983314 0 0.00345184673800483 0.00274717727534958 0 0 0 0
"ветви" 0 0.00646746863277713 0.0107232856147123 0 0.00274717727534958 0 0 0 0.00424160162877503
"ветра" 0 0.00646746863277713 0.00536164280735617 0.00345184673800483 0 0.00522657189149637 0 0 0.00424160162877503
"ветром" 0 0 0.00536164280735617 0.00345184673800483 0.00274717727534958 0 0.0085510282611484 0 0
"ветру" 0.00895977062987188 0.00646746863277713 0 0.00690369347600967 0.00274717727534958 0 0 0 0
"ветхий" 0 0.00646746863277713 0 0.00690369347600967 0 0.00522657189149637 0 0 0.00424160162877503
"вечерком" 0 0.00646746863277713 0 0.00345184673800483 0.00274717727534958 0 0 0.00527370530534754 0.00424160162877503
"вечности" 0 0 0 0 0 0 0.0128265423917226 0.00527370530534754 0.00424160162877503
"вечность" 0.00895977062987188 0 0 0.00690369347600967 0 0 0.0042755141305742 0 0.00424160162877503
"взгляде" 0 0.00646746863277713 0 0.00345184673800483 0.00274717727534958 0 0.0085510282611484 0 0
"взглянет" 0 0 0 0 0.00824153182604873 0.00522657189149637 0 0.00527370530534754 0
"вздохнул" 0 0 0 0.0103555402140145 0.00274717727534958 0 0.0042755141305742 0 0
"вздумали" 0 0 0 0 0.00549435455069916 0 0.0042755141305742 0.00527370530534754 0.00424160162877503
"взирает" 0 0 0 0.00690369347600967 0 0 0.0042755141305742 0.0105474106106951 0
"взойдёт" 0 0 0 0.00345184673800483 0 0.0104531437829927 0.0042755141305742 0.00527370530534754 0
"взяв" 0.00895977062987188 0.0129349372655543 0.00536164280735617 0 0 0.00522657189149637 0 0 0
"взяли" 0 0 0.0107232856147123 0.00345184673800483 0.00549435455069916 0 0 0 0
"виде" 0 0 0.0107232856147123 0.00345184673800483 0.00274717727534958 0.00522657189149637 0 0 0
"видеться" 0 0 0 0.00345184673800483 0.0109887091013983 0 0 0 0
"вихрем" 0 0.0129349372655543 0 0.00345184673800483 0 0 0 0.00527370530534754 0.00424160162877503
"вкуса" 0 0 0 0.00345184673800483 0 0 0.0042755141305742 0.00527370530534754 0.00848320325755005
"владеет" 0 0.0129349372655543 0 0.00345184673800483 0 0 0.0042755141305742 0 0.00424160162877503
"владыко" 0 0 0 0.00345184673800483 0.00274717727534958 0.0104531437829927 0 0.00527370530534754 0
"влачил" 0 0 0 0.00690369347600967 0 0 0 0.0158211159160426 0
"внемлю" 0 0.00646746863277713 0 0.00690369347600967 0 0 0 0.00527370530534754 0.00424160162877503
"вниз" 0 0.00646746863277713 0.00536164280735617 0 0 0.00522657189149637 0 0.0105474106106951 0
"вниманья" 0 0 0 0.00690369347600967 0 0.00522657189149637 0.0042755141305742 0.00527370530534754 0
"внимать" 0 0 0 0.00690369347600967 0 0.00522657189149637 0 0.00527370530534754 0.00424160162877503
"военной" 0 0.0129349372655543 0 0.00345184673800483 0.00274717727534958 0 0 0.00527370530534754 0
"вожатый" 0.00895977062987188 0.0129349372655543 0 0 0 0.0104531437829927 0 0 0
"вождей" 0 0.0129349372655543 0 0 0 0.00522657189149637 0 0.00527370530534754 0.00424160162877503
"возводит" 0 0 0 0.00345184673800483 0.00274717727534958 0 0 0.0158211159160426 0
"воздвиг" 0 0 0 0.00345184673800483 0 0 0.0085510282611484 0.0105474106106951 0
"воздвигнись" 0 0 0 0 0 0 0 0 0.0212080081438751
"воздуху" 0 0 0.0107232856147123 0 0.00549435455069916 0.00522657189149637 0 0 0
"возненавидел" 0 0.0129349372655543 0 0.00345184673800483 0 0.00522657189149637 0.0042755141305742 0 0
"войной" 0 0 0 0.00345184673800483 0.00274717727534958 0.00522657189149637 0 0.00527370530534754 0.00424160162877503
"волгой" 0 0 0.00536164280735617 0 0.0109887091013983 0 0 0 0
"волею" 0.00895977062987188 0.00646746863277713 0 0.00345184673800483 0.00549435455069916 0 0 0 0
"волнах" 0 0 0 0.00345184673800483 0 0.00522657189149637 0.0042755141305742 0.0105474106106951 0
"волнуется" 0 0 0 0 0 0 0.0085510282611484 0.00527370530534754 0.00848320325755005
"волоса" 0 0.00646746863277713 0.0107232856147123 0 0.00274717727534958 0 0.0042755141305742 0 0
"волшебник" 0 0 0 0.0103555402140145 0.00274717727534958 0 0 0 0.00424160162877503
"вольно" 0.00895977062987188 0.00646746863277713 0.00536164280735617 0.00345184673800483 0.00274717727534958 0 0 0 0
"вольтер" 0 0 0 0 0.00274717727534958 0.0104531437829927 0 0.0105474106106951 0
"вопрошал" 0 0 0.00536164280735617 0.00345184673800483 0 0.00522657189149637 0.0085510282611484 0 0
"ворота" 0.00895977062987188 0.0129349372655543 0 0 0.00274717727534958 0 0.0042755141305742 0 0
"ворочаться" 0 0 0 0 0.0137358863767479 0 0 0 0
"воскрес" 0.00895977062987188 0 0 0.0103555402140145 0.00274717727534958 0 0 0 0
"воскресли" 0 0 0 0.0138073869520193 0 0 0 0 0.00424160162877503
"воспевать" 0 0 0 0.00345184673800483 0 0 0 0.00527370530534754 0.0127248048863251
"воспеть" 0.00895977062987188 0 0 0.00345184673800483 0 0.00522657189149637 0.0042755141305742 0.00527370530534754 0
"восстанет" 0 0 0 0.0103555402140145 0 0 0 0 0.00848320325755005
"восторгах" 0 0 0 0.00690369347600967 0 0 0 0.0158211159160426 0
"вотчиной" 0 0 0 0 0.0137358863767479 0 0 0 0
"впервой" 0.0179195412597438 0 0 0 0.00274717727534958 0 0 0.00527370530534754 0.00424160162877503
"впечатлений" 0 0 0 0.0103555402140145 0 0 0 0 0.00848320325755005
"врагами" 0 0.00646746863277713 0 0 0.00549435455069916 0.00522657189149637 0 0 0.00424160162877503
"враждебный" 0 0 0 0 0.00274717727534958 0.00522657189149637 0.0042755141305742 0.0105474106106951 0
"всесильный" 0.00895977062987188 0.00646746863277713 0 0 0 0 0.0085510282611484 0 0.00424160162877503
"всею" 0 0 0 0 0.00824153182604873 0 0.0042755141305742 0.00527370530534754 0
"вспоминать" 0 0.00646746863277713 0.0107232856147123 0 0.00274717727534958 0 0 0.00527370530534754 0
"вспомнит" 0 0 0 0.00345184673800483 0 0.0104531437829927 0 0.0105474106106951 0
"вспомнишь" 0 0 0 0 0 0.00522657189149637 0 0 0.0169664065151001
"вспыхнет" 0 0.00646746863277713 0.00536164280735617 0 0.00274717727534958 0.00522657189149637 0 0 0.00424160162877503
"вспять" 0 0 0 0.00345184673800483 0 0.00522657189149637 0.0042755141305742 0.00527370530534754 0.00424160162877503
"встаёт" 0 0 0 0.00690369347600967 0.00274717727534958 0.0104531437829927 0 0 0
"встревожит" 0 0.00646746863277713 0 0.00345184673800483 0 0 0.0042755141305742 0.00527370530534754 0.00424160162877503
"встретишь" 0.00895977062987188 0.00646746863277713 0 0.00690369347600967 0.00274717727534958 0 0 0 0
"встречать" 0 0 0 0 0 0.00522657189149637 0 0.00527370530534754 0.0127248048863251
"встречая" 0 0.00646746863277713 0.00536164280735617 0 0 0.0156797156744891 0 0 0
"встречу" 0 0.00646746863277713 0.0107232856147123 0 0 0 0.0085510282611484 0 0
"вход" 0 0.00646746863277713 0 0 0 0.0104531437829927 0 0.00527370530534754 0.00424160162877503
"выл" 0 0 0.0107232856147123 0 0.00549435455069916 0 0 0 0.00424160162877503
"выпей" 0 0.00646746863277713 0 0.00345184673800483 0.00824153182604873 0 0 0 0
"выпили" 0 0.00646746863277713 0 0 0.0109887091013983 0 0 0 0
"высокие" 0 0 0 0 0.00549435455069916 0.00522657189149637 0.0085510282611484 0 0
"высоте" 0 0 0 0 0 0.0104531437829927 0 0 0.0127248048863251
"вьётся" 0 0.0129349372655543 0.00536164280735617 0.00345184673800483 0 0.00522657189149637 0 0 0
"гаврило" 0 0 0 0 0.0137358863767479 0 0 0 0
"гармонии" 0 0 0 0.00345184673800483 0 0 0.0042755141305742 0 0.0127248048863251
"гвардейцы" 0 0 0 0 0.0137358863767479 0 0 0 0
"геликона" 0 0.00646746863277713 0 0.00690369347600967 0 0 0 0.0105474106106951 0
"герою" 0 0 0.00536164280735617 0.0103555402140145 0 0 0 0.00527370530534754 0
"гибельный" 0 0 0 0.00690369347600967 0 0 0.0042755141305742 0.00527370530534754 0.00424160162877503
"глад" 0 0 0 0 0 0.00522657189149637 0.0085510282611484 0.0105474106106951 0
"глубок" 0 0 0 0.00690369347600967 0.00274717727534958 0.00522657189149637 0 0 0.00424160162877503
"глупа" 0.0179195412597438 0.0129349372655543 0 0 0 0 0.0042755141305742 0 0
"глупая" 0 0 0 0 0.0137358863767479 0 0 0 0
"глупо" 0.00895977062987188 0 0.00536164280735617 0 0.00274717727534958 0 0.0042755141305742 0 0.00424160162877503
"глупость" 0.00895977062987188 0 0.00536164280735617 0.00345184673800483 0 0.00522657189149637 0 0 0.00424160162877503
"глупых" 0 0.00646746863277713 0.00536164280735617 0.00345184673800483 0.00274717727534958 0 0 0 0.00424160162877503
"глухая" 0 0 0 0 0.00549435455069916 0 0.0085510282611484 0.00527370530534754 0
"глядела" 0.00895977062987188 0 0 0.00345184673800483 0.00274717727534958 0.00522657189149637 0.0042755141305742 0 0
"глядели" 0.00895977062987188 0.00646746863277713 0 0 0.00824153182604873 0 0 0 0
"гневе" 0 0 0 0 0.00274717727534958 0 0 0.0105474106106951 0.00848320325755005
"гневом" 0.0179195412597438 0 0 0.00345184673800483 0.00274717727534958 0.00522657189149637 0 0 0
"годами" 0 0.00646746863277713 0 0 0 0 0.0128265423917226 0 0.00424160162877503
"гол" 0 0.00646746863277713 0.00536164280735617 0 0.00274717727534958 0.0104531437829927 0 0 0
"голодную" 0 0 0 0 0.0137358863767479 0 0 0 0
"голодные" 0 0 0 0 0.0137358863767479 0 0 0 0
"голый" 0 0.00646746863277713 0 0 0.00549435455069916 0 0 0.0105474106106951 0
"голь" 0 0 0.0107232856147123 0.00345184673800483 0.00549435455069916 0 0 0 0
"гоненье" 0 0 0 0.00345184673800483 0 0.0156797156744891 0 0 0.00424160162877503
"гоненья" 0 0 0 0.0172592336900242 0 0 0 0 0
"горда" 0.00895977062987188 0 0 0 0.00549435455069916 0 0.0042755141305742 0 0.00424160162877503
"гордиться" 0 0 0.00536164280735617 0 0 0.00522657189149637 0.0042755141305742 0.0105474106106951 0
"гордого" 0 0 0 0.00345184673800483 0.00274717727534958 0 0 0.00527370530534754 0.00848320325755005
"гордым" 0 0.00646746863277713 0.00536164280735617 0.00345184673800483 0 0.00522657189149637 0 0 0.00424160162877503
"гордых" 0 0 0 0.0103555402140145 0 0 0.0042755141305742 0 0.00424160162877503
"горек" 0 0 0 0 0.00274717727534958 0.00522657189149637 0.0128265423917226 0 0
"горем" 0 0.00646746863277713 0 0 0.00274717727534958 0 0.0085510282611484 0.00527370530534754 0
"горло" 0.00895977062987188 0 0.0160849284220685 0 0 0 0 0 0.00424160162877503
"горнице" 0 0 0 0 0.0137358863767479 0 0 0 0
"горьких" 0 0.00646746863277713 0 0 0 0.0104531437829927 0.0042755141305742 0 0.00424160162877503
"господский" 0 0 0 0 0.0137358863767479 0 0 0 0
"гостя" 0 0.0194024058983314 0 0.00345184673800483 0.00274717727534958 0 0 0 0
"грамоте" 0.00895977062987188 0 0 0.00345184673800483 0.00824153182604873 0 0 0 0
"границ" 0 0 0 0 0.00549435455069916 0 0.0085510282611484 0 0.00424160162877503
"грибы" 0.00895977062987188 0 0.00536164280735617 0.00345184673800483 0.00549435455069916 0 0 0 0
"гробов" 0.00895977062987188 0 0 0.00345184673800483 0 0 0.0042755141305742 0.00527370530534754 0.00424160162877503
"гробу" 0.00895977062987188 0 0 0 0 0 0.0042755141305742 0 0.0127248048863251
"грозная" 0 0 0 0.00345184673800483 0 0.00522657189149637 0 0.00527370530534754 0.00848320325755005
"грозною" 0 0 0 0 0 0 0.0042755141305742 0.0158211159160426 0.00424160162877503
"грозных" 0 0 0 0.0103555402140145 0 0 0 0.0105474106106951 0
"громкий" 0 0 0 0.00690369347600967 0.00274717727534958 0 0.0042755141305742 0 0.00424160162877503
"громким" 0 0 0 0.00345184673800483 0.00824153182604873 0 0 0 0.00424160162877503
"громом" 0 0.00646746863277713 0.0107232856147123 0.00345184673800483 0 0 0 0.00527370530534754 0
"гроша" 0.0179195412597438 0 0.0107232856147123 0 0 0 0 0 0.00424160162877503
"грустен" 0.00895977062987188 0.0194024058983314 0 0 0 0 0.0042755141305742 0 0
"грустью" 0 0 0.00536164280735617 0.00345184673800483 0 0.00522657189149637 0.0042755141305742 0 0.00424160162877503
"грянул" 0 0.00646746863277713 0 0 0 0.00522657189149637 0 0.0105474106106951 0.00424160162877503
"гусей" 0.00895977062987188 0 0 0 0.00274717727534958 0.00522657189149637 0.0042755141305742 0 0.00424160162877503
"дадут" 0 0 0.00536164280735617 0.00345184673800483 0.00274717727534958 0 0.0042755141305742 0.00527370530534754 0
"дальней" 0 0 0.00536164280735617 0.0103555402140145 0.00274717727534958 0 0 0 0
"дальний" 0 0 0.00536164280735617 0.0103555402140145 0 0 0 0.00527370530534754 0
"дальной" 0 0 0.00536164280735617 0.0103555402140145 0 0 0 0 0.00424160162877503
"даю" 0 0 0.0160849284220685 0 0.00274717727534958 0 0 0.00527370530534754 0
"двенадцать" 0.00895977062987188 0 0.0160849284220685 0.00345184673800483 0 0 0 0 0
"дверей" 0 0.0129349372655543 0.00536164280735617 0 0.00274717727534958 0.00522657189149637 0 0 0
"движений" 0 0.0129349372655543 0.00536164280735617 0.00345184673800483 0 0 0 0 0.00424160162877503
"двое" 0 0.00646746863277713 0.00536164280735617 0 0.00274717727534958 0 0.0085510282611484 0 0
"дворянские" 0 0 0.00536164280735617 0 0.0109887091013983 0 0 0 0
"девиз" 0 0 0 0 0.00549435455069916 0 0.0085510282611484 0 0.00424160162877503
"делам" 0.00895977062987188 0 0 0 0.00274717727534958 0 0 0.00527370530534754 0.00848320325755005
"делил" 0 0.0129349372655543 0 0.00345184673800483 0 0 0.0042755141305742 0 0.00424160162877503
"делом" 0 0.00646746863277713 0.00536164280735617 0.00345184673800483 0.00549435455069916 0 0 0 0
"дельфин" 0 0 0 0 0 0 0 0 0.0212080081438751
"деревцо" 0 0 0.0268082140367809 0 0 0 0 0 0
"дерзал" 0.00895977062987188 0 0 0 0.00274717727534958 0.0104531437829927 0 0 0.00424160162877503
"дерзнёт" 0 0 0 0.00345184673800483 0 0.00522657189149637 0 0.00527370530534754 0.00848320325755005
"десницу" 0 0.00646746863277713 0 0.00345184673800483 0 0 0 0.0158211159160426 0
"детской" 0 0.0129349372655543 0.00536164280735617 0.00345184673800483 0 0 0 0.00527370530534754 0
"дивись" 0 0 0 0 0.00274717727534958 0.0104531437829927 0 0.0105474106106951 0
"дивная" 0 0 0 0.00345184673800483 0.00274717727534958 0.0104531437829927 0 0 0.00424160162877503
"диким" 0.00895977062987188 0.00646746863277713 0 0.00345184673800483 0.00549435455069916 0 0 0 0
"добродетели" 0.0179195412597438 0 0.0107232856147123 0.00345184673800483 0 0 0 0 0
"добычей" 0.00895977062987188 0 0.00536164280735617 0.00345184673800483 0 0.00522657189149637 0 0 0.00424160162877503
"добычи" 0.00895977062987188 0.00646746863277713 0 0 0 0.00522657189149637 0 0.00527370530534754 0.00424160162877503
"доктор" 0 0.0129349372655543 0 0 0.00824153182604873 0 0 0 0
"долгой" 0 0.00646746863277713 0 0.0103555402140145 0.00274717727534958 0 0 0 0
"долгую" 0 0.00646746863277713 0 0 0.00274717727534958 0.00522657189149637 0.0042755141305742 0.00527370530534754 0
"долин" 0 0.00646746863277713 0 0 0.00274717727534958 0.00522657189149637 0.0042755141305742 0.00527370530534754 0
"доля" 0.00895977062987188 0 0 0 0.00549435455069916 0 0.0042755141305742 0.00527370530534754 0
"домов" 0.00895977062987188 0 0 0.00345184673800483 0 0.0104531437829927 0.0042755141305742 0 0
"доныне" 0.0268793118896156 0 0 0.00345184673800483 0 0 0.0042755141305742 0 0
"дорогою" 0 0 0 0 0.0137358863767479 0 0 0 0
"дороженька" 0 0 0.00536164280735617 0 0.0109887091013983 0 0 0 0
"досель" 0 0 0 0 0 0.00522657189149637 0.0042755141305742 0.0105474106106951 0.00424160162877503
"досуге" 0 0.0129349372655543 0.0107232856147123 0 0 0 0.0042755141305742 0 0
"драться" 0 0 0.0160849284220685 0.00345184673800483 0.00274717727534958 0 0 0 0
"дрожащий" 0 0.00646746863277713 0 0.00345184673800483 0 0.00522657189149637 0.0042755141305742 0.00527370530534754 0
"дряхлый" 0 0.00646746863277713 0 0.0103555402140145 0 0 0.0042755141305742 0 0
"дует" 0 0 0.0160849284220685 0 0.00274717727534958 0.00522657189149637 0 0 0
"дуралей" 0 0.00646746863277713 0 0.00690369347600967 0 0 0.0085510282611484 0 0
"духу" 0 0.00646746863277713 0.0107232856147123 0 0.00274717727534958 0 0 0 0.00424160162877503
"дымился" 0.00895977062987188 0 0 0.00345184673800483 0.00274717727534958 0.00522657189149637 0.0042755141305742 0 0
"дымясь" 0.00895977062987188 0.00646746863277713 0 0 0.00549435455069916 0 0.0042755141305742 0 0
"дышать" 0.00895977062987188 0.00646746863277713 0 0.00690369347600967 0 0 0 0 0.00424160162877503
"дьячок" 0 0 0 0 0.00824153182604873 0.00522657189149637 0 0.00527370530534754 0
"европу" 0.00895977062987188 0 0.00536164280735617 0 0.00274717727534958 0.00522657189149637 0 0 0.00424160162877503
"ели" 0.00895977062987188 0 0.0107232856147123 0 0 0 0 0 0.00848320325755005
"ехал" 0 0.0129349372655543 0.0107232856147123 0.00345184673800483 0 0 0 0 0
"жадный" 0 0.00646746863277713 0.00536164280735617 0 0.00274717727534958 0 0.0042755141305742 0.00527370530534754 0
"жаждет" 0 0 0 0.00690369347600967 0.00549435455069916 0 0.0042755141305742 0 0
"жалкий" 0 0.00646746863277713 0 0 0.00274717727534958 0 0.0042755141305742 0.00527370530534754 0.00424160162877503
"жару" 0 0 0.0107232856147123 0.00345184673800483 0 0.00522657189149637 0 0 0.00424160162877503
"желала" 0 0 0 0 0.00274717727534958 0 0.0042755141305742 0.00527370530534754 0.00848320325755005
"желание" 0.00895977062987188 0 0 0 0.00274717727534958 0.00522657189149637 0.0042755141305742 0.00527370530534754 0
"желания" 0 0 0.00536164280735617 0 0.00274717727534958 0.00522657189149637 0 0.0105474106106951 0
"желанной" 0.00895977062987188 0.00646746863277713 0 0 0 0 0.0042755141305742 0.0105474106106951 0
"железный" 0 0 0 0.00690369347600967 0 0.00522657189149637 0.0042755141305742 0 0.00424160162877503
"жениха" 0 0 0.0107232856147123 0.00345184673800483 0.00274717727534958 0.00522657189149637 0 0 0
"жертвовал" 0 0 0 0 0 0.00522657189149637 0.0085510282611484 0.00527370530534754 0.00424160162877503
"жертвуя" 0 0 0 0.00690369347600967 0 0 0.0085510282611484 0 0.00424160162877503
"живее" 0 0 0 0.00690369347600967 0 0.00522657189149637 0 0.00527370530534754 0.00424160162877503
"живём" 0 0.00646746863277713 0 0.00345184673800483 0.00824153182604873 0 0 0 0
"живётся" 0 0 0 0.00345184673800483 0.0109887091013983 0 0 0 0
"живое" 0.00895977062987188 0 0 0.00345184673800483 0 0 0.0042755141305742 0 0.00848320325755005
"живым" 0 0 0.00536164280735617 0.00345184673800483 0 0.0104531437829927 0.0042755141305742 0 0
"живя" 0.00895977062987188 0 0 0 0 0 0.0171020565222968 0 0
"жилец" 0 0 0 0 0 0.0104531437829927 0.0085510282611484 0.00527370530534754 0
"житье" 0 0 0 0.0103555402140145 0.00549435455069916 0 0 0 0
"забвения" 0 0 0 0 0 0.00522657189149637 0.0042755141305742 0.0105474106106951 0.00424160162877503
"заботушка" 0 0 0 0 0.0137358863767479 0 0 0 0
"забудешь" 0.00895977062987188 0 0 0.00690369347600967 0 0 0 0 0.00848320325755005
"забываю" 0 0 0.00536164280735617 0.0103555402140145 0 0 0 0.00527370530534754 0
"завета" 0 0 0 0.00345184673800483 0 0.0156797156744891 0 0 0.00424160162877503
"заводит" 0 0.00646746863277713 0 0.00690369347600967 0 0.00522657189149637 0 0 0.00424160162877503
"задумчив" 0 0 0 0 0 0.00522657189149637 0.0085510282611484 0.00527370530534754 0.00424160162877503
"закипит" 0 0.00646746863277713 0 0 0 0.00522657189149637 0.0085510282611484 0 0.00424160162877503
"заключенье" 0.00895977062987188 0 0.00536164280735617 0.00345184673800483 0.00274717727534958 0.00522657189149637 0 0 0
"закона" 0 0 0 0.00345184673800483 0.00274717727534958 0 0.0042755141305742 0.0105474106106951 0
"закону" 0 0 0 0.00345184673800483 0 0.00522657189149637 0.0085510282611484 0.00527370530534754 0
"зал" 0 0 0.00536164280735617 0 0.00549435455069916 0.00522657189149637 0.0042755141305742 0 0
"зала" 0.00895977062987188 0 0.0107232856147123 0 0.00549435455069916 0 0 0 0
"занят" 0 0 0 0.00690369347600967 0 0 0.0128265423917226 0 0
"заплатова" 0 0 0 0 0.0137358863767479 0 0 0 0
"зарей" 0.00895977062987188 0 0 0.00345184673800483 0 0 0 0 0.0127248048863251
"заслужил" 0 0 0 0 0.00274717727534958 0.00522657189149637 0.0085510282611484 0.00527370530534754 0
"заточенье" 0 0 0 0.00690369347600967 0.00274717727534958 0 0 0.00527370530534754 0.00424160162877503
"заутра" 0 0 0 0.00345184673800483 0 0.00522657189149637 0 0.00527370530534754 0.00848320325755005
"заяц" 0 0.00646746863277713 0.0160849284220685 0 0 0 0 0 0.00424160162877503
"звонкие" 0 0 0.00536164280735617 0.00690369347600967 0 0.00522657189149637 0 0.00527370530534754 0
"звонкой" 0.00895977062987188 0.0129349372655543 0.00536164280735617 0.00345184673800483 0 0 0 0 0
"звонят" 0.00895977062987188 0.00646746863277713 0 0 0.00549435455069916 0 0.0042755141305742 0 0
"звука" 0 0 0 0 0.00274717727534958 0.00522657189149637 0.0085510282611484 0 0.00424160162877503
"звучит" 0.00895977062987188 0 0 0.00690369347600967 0.00274717727534958 0 0 0.00527370530534754 0
"здоров" 0 0 0 0 0.00549435455069916 0 0.0085510282611484 0.00527370530534754 0
"здоровья" 0 0 0.00536164280735617 0 0 0.00522657189149637 0.0085510282611484 0.00527370530534754 0
"земель" 0 0 0.00536164280735617 0.00345184673800483 0.00549435455069916 0 0 0 0.00424160162877503
"земного" 0 0 0 0.00345184673800483 0.00274717727534958 0.00522657189149637 0.0042755141305742 0 0.00424160162877503
"земным" 0 0 0 0.00345184673800483 0 0 0.0128265423917226 0 0.00424160162877503
"зимних" 0 0 0 0.00345184673800483 0 0 0.0042755141305742 0.0105474106106951 0.00424160162877503
"зиму" 0.00895977062987188 0 0 0 0.00824153182604873 0 0 0 0.00424160162877503
"злобе" 0 0 0.00536164280735617 0 0 0 0.0042755141305742 0 0.0127248048863251
"злобу" 0.00895977062987188 0 0 0.00345184673800483 0.00274717727534958 0 0 0.00527370530534754 0.00424160162877503
"злое" 0 0 0 0.00345184673800483 0 0 0.0085510282611484 0.00527370530534754 0.00424160162877503
"знакомая" 0 0.00646746863277713 0 0 0.00274717727534958 0 0.0042755141305742 0.00527370530534754 0.00424160162877503
"знакомых" 0.00895977062987188 0 0 0.00345184673800483 0 0.00522657189149637 0 0.00527370530534754 0.00424160162877503
"знобишина" 0 0 0 0 0.0137358863767479 0 0 0 0
"зовёшь" 0.00895977062987188 0 0 0 0 0.0104531437829927 0 0.00527370530534754 0.00424160162877503
"золотая" 0.00895977062987188 0.00646746863277713 0 0 0 0.00522657189149637 0.0042755141305742 0.00527370530534754 0
"золото" 0 0 0.00536164280735617 0 0.00274717727534958 0 0 0.0105474106106951 0.00424160162877503
"золотые" 0 0.00646746863277713 0 0.00345184673800483 0 0 0 0.0105474106106951 0.00424160162877503
"зря" 0 0 0.00536164280735617 0 0 0.00522657189149637 0 0.00527370530534754 0.00848320325755005
"играешь" 0 0.00646746863277713 0.00536164280735617 0 0.00274717727534958 0.0104531437829927 0 0 0
"играйте" 0 0 0 0.00690369347600967 0.00274717727534958 0.00522657189149637 0.0042755141305742 0 0
"играли" 0.0179195412597438 0 0 0 0.00274717727534958 0.00522657189149637 0.0042755141305742 0 0
"идеи" 0.00895977062987188 0 0.00536164280735617 0 0.00824153182604873 0 0 0 0
"идею" 0.00895977062987188 0 0 0 0.0109887091013983 0 0 0 0
"идя" 0 0 0 0 0.0109887091013983 0.00522657189149637 0 0 0
"избе" 0 0 0.00536164280735617 0.00345184673800483 0.00824153182604873 0 0 0 0
"избу" 0 0.00646746863277713 0 0 0.0109887091013983 0 0 0 0
"известен" 0 0 0 0.00690369347600967 0.00274717727534958 0.00522657189149637 0.0042755141305742 0 0
"извольте" 0 0 0 0 0.00274717727534958 0 0.0042755141305742 0.00527370530534754 0.00848320325755005
"изгнанье" 0 0 0 0.00345184673800483 0.00274717727534958 0.00522657189149637 0.0042755141305742 0.00527370530534754 0
"издатель" 0 0 0.0107232856147123 0.00690369347600967 0 0 0.0042755141305742 0 0
"изменили" 0 0 0.00536164280735617 0 0.00274717727534958 0 0.0085510282611484 0 0.00424160162877503
"изменило" 0 0.00646746863277713 0.00536164280735617 0.00345184673800483 0 0.00522657189149637 0.0042755141305742 0 0
"измученный" 0 0 0 0 0.00274717727534958 0 0.0085510282611484 0 0.00848320325755005
"исполнены" 0.00895977062987188 0 0 0.00345184673800483 0 0 0.0042755141305742 0.0105474106106951 0
"истинно" 0 0 0 0.0103555402140145 0 0 0.0042755141305742 0 0.00424160162877503
"истории" 0.00895977062987188 0 0.0107232856147123 0 0.00274717727534958 0 0 0 0.00424160162877503
"источник" 0 0 0 0.00690369347600967 0 0 0.0128265423917226 0 0
"ищи" 0 0.00646746863277713 0 0 0 0.00522657189149637 0 0.00527370530534754 0.00848320325755005
"кабы" 0 0 0.0214465712294247 0 0.00274717727534958 0 0 0 0
"казни" 0.00895977062987188 0 0 0 0 0 0.0085510282611484 0.0105474106106951 0
"казну" 0 0 0.0107232856147123 0 0.00824153182604873 0 0 0 0
"каково" 0.0358390825194875 0 0 0 0 0 0.0042755141305742 0 0
"камин" 0.00895977062987188 0 0 0.00345184673800483 0.00274717727534958 0.00522657189149637 0 0 0.00424160162877503
"камня" 0.00895977062987188 0.00646746863277713 0 0.00345184673800483 0.00274717727534958 0 0 0 0.00424160162877503
"качает" 0 0 0.00536164280735617 0 0 0.0104531437829927 0.0042755141305742 0.00527370530534754 0
"качаясь" 0 0.00646746863277713 0 0 0.00549435455069916 0.00522657189149637 0 0.00527370530534754 0
"кивает" 0 0 0.00536164280735617 0.00690369347600967 0 0 0.0042755141305742 0.00527370530534754 0
"кистью" 0.00895977062987188 0.00646746863277713 0 0.00690369347600967 0 0.00522657189149637 0 0 0
"кланялся" 0 0 0 0 0.0137358863767479 0 0 0 0
"клит" 0 0 0 0.00345184673800483 0 0.0104531437829927 0 0.0105474106106951 0
"клонит" 0 0 0.00536164280735617 0.00345184673800483 0.00274717727534958 0.00522657189149637 0 0.00527370530534754 0
"книжку" 0.00895977062987188 0.00646746863277713 0 0.00345184673800483 0 0 0 0 0.00848320325755005
"княгине" 0 0.00646746863277713 0 0 0.0109887091013983 0 0 0 0
"князя" 0 0 0 0 0.0137358863767479 0 0 0 0
"коварный" 0 0.00646746863277713 0 0.00690369347600967 0.00274717727534958 0 0 0 0.00424160162877503
"коей" 0 0 0 0.00345184673800483 0.00274717727534958 0.0104531437829927 0 0 0.00424160162877503
"колдунья" 0 0 0.0268082140367809 0 0 0 0 0 0
"коле" 0 0 0 0 0.00274717727534958 0.00522657189149637 0.0042755141305742 0.0105474106106951 0
"колос" 0.0179195412597438 0 0 0 0.00824153182604873 0 0 0 0
"концы" 0 0.00646746863277713 0 0 0 0 0.0085510282611484 0 0.00848320325755005
"корабли" 0 0 0.00536164280735617 0 0.00274717727534958 0.00522657189149637 0 0 0.00848320325755005
"корни" 0.00895977062987188 0 0 0.00690369347600967 0 0 0.0042755141305742 0 0.00424160162877503
"короля" 0 0.0258698745311085 0 0 0 0 0 0.00527370530534754 0
"коснётся" 0 0 0 0.00690369347600967 0 0.00522657189149637 0.0042755141305742 0.00527370530534754 0
"кошка" 0 0 0 0.00345184673800483 0.00549435455069916 0 0 0 0.00848320325755005
"крайней" 0.00895977062987188 0 0 0.00345184673800483 0.00274717727534958 0.00522657189149637 0.0042755141305742 0 0
"красна" 0 0 0.0160849284220685 0 0.00549435455069916 0 0 0 0
"красно" 0 0.00646746863277713 0 0.00690369347600967 0.00274717727534958 0 0 0 0.00424160162877503
"красот" 0 0 0.00536164280735617 0.00345184673800483 0 0.00522657189149637 0 0.0105474106106951 0
"крики" 0 0.00646746863277713 0.00536164280735617 0 0 0 0 0.00527370530534754 0.00848320325755005
"кричали" 0 0 0.0107232856147123 0.00345184673800483 0.00274717727534958 0 0 0.00527370530534754 0
"кричать" 0 0.00646746863277713 0.0107232856147123 0 0.00274717727534958 0 0 0 0.00424160162877503
"кричи" 0 0 0 0 0.00824153182604873 0 0.0042755141305742 0.00527370530534754 0
"кровавыми" 0 0 0 0 0 0 0.0042755141305742 0.0105474106106951 0.00848320325755005
"кровавых" 0 0 0 0.00690369347600967 0.00274717727534958 0.00522657189149637 0 0 0.00424160162877503
"кровать" 0 0.00646746863277713 0.00536164280735617 0 0.00549435455069916 0 0.0042755141305742 0 0
"кровом" 0 0.00646746863277713 0 0.00345184673800483 0.00274717727534958 0.00522657189149637 0 0 0.00424160162877503
"крыл" 0.0179195412597438 0.00646746863277713 0 0 0 0 0.0042755141305742 0 0.00424160162877503
"кстати" 0 0.00646746863277713 0 0.00690369347600967 0.00274717727534958 0 0 0 0.00424160162877503
"кудрявый" 0 0.00646746863277713 0.00536164280735617 0.00690369347600967 0 0.00522657189149637 0 0 0
"кумиры" 0 0 0 0 0 0.00522657189149637 0 0.0210948212213901 0
"купидон" 0 0 0 0.0138073869520193 0 0.00522657189149637 0 0 0
"купил" 0 0.00646746863277713 0.00536164280735617 0 0.00549435455069916 0 0.0042755141305742 0 0
"купчине" 0 0 0 0 0.0137358863767479 0 0 0 0
"кустами" 0.00895977062987188 0.00646746863277713 0 0 0 0.00522657189149637 0.0042755141305742 0 0.00424160162877503
"ланиты" 0 0 0 0.00690369347600967 0.00549435455069916 0 0.0042755141305742 0 0
"ласково" 0 0 0.00536164280735617 0 0.00824153182604873 0 0 0 0.00424160162877503
"ласточка" 0 0 0 0 0.00274717727534958 0.0104531437829927 0 0 0.00848320325755005
"лбу" 0.0179195412597438 0 0 0 0.00274717727534958 0.00522657189149637 0.0042755141305742 0 0
"лебедь" 0 0.00646746863277713 0 0 0 0.00522657189149637 0 0.0158211159160426 0
"лев" 0 0 0 0 0 0.00522657189149637 0 0.0105474106106951 0.00848320325755005
"лёгким" 0 0 0 0.00690369347600967 0 0 0 0.0105474106106951 0.00424160162877503
"лежала" 0 0 0 0.00345184673800483 0 0 0.0042755141305742 0.00527370530534754 0.00848320325755005
"лежат" 0 0 0.00536164280735617 0 0.00274717727534958 0.0104531437829927 0.0042755141305742 0 0
"лезет" 0 0.0129349372655543 0.00536164280735617 0 0.00274717727534958 0 0 0.00527370530534754 0
"лейся" 0 0.0194024058983314 0 0.00690369347600967 0 0 0 0 0
"лениво" 0 0.0129349372655543 0 0.00690369347600967 0 0 0 0 0.00424160162877503
"ленью" 0 0 0 0.0103555402140145 0 0 0.0042755141305742 0 0.00424160162877503
"леонид" 0 0 0.0214465712294247 0 0.00274717727534958 0 0 0 0
"летать" 0 0.00646746863277713 0 0 0 0.00522657189149637 0.0042755141305742 0.00527370530534754 0.00424160162877503
"лететь" 0 0 0 0.00690369347600967 0 0.00522657189149637 0.0042755141305742 0.00527370530534754 0
"лил" 0 0 0.0107232856147123 0.00345184673800483 0.00274717727534958 0 0.0042755141305742 0 0
"липа" 0 0 0 0.00345184673800483 0.00549435455069916 0 0 0.0105474106106951 0
"лирою" 0 0 0 0.00690369347600967 0.00274717727534958 0 0 0.0105474106106951 0
"листам" 0.00895977062987188 0.00646746863277713 0 0 0 0.00522657189149637 0.0042755141305742 0 0.00424160162877503
"литературе" 0 0 0.00536164280735617 0 0.00824153182604873 0 0 0 0.00424160162877503
"лихих" 0.00895977062987188 0.00646746863277713 0 0.00345184673800483 0.00274717727534958 0.00522657189149637 0 0 0
"лицах" 0 0 0 0.00345184673800483 0.00274717727534958 0 0.0042755141305742 0 0.00848320325755005
"лицей" 0 0 0 0.00690369347600967 0 0.0156797156744891 0 0 0
"лицу" 0 0.0129349372655543 0.00536164280735617 0 0.00274717727534958 0 0 0.00527370530534754 0
"лобзать" 0 0 0 0.00345184673800483 0 0 0.0128265423917226 0 0.00424160162877503
"ложа" 0.00895977062987188 0 0 0.00345184673800483 0.00274717727534958 0 0.0042755141305742 0.00527370530534754 0
"лопнул" 0 0.00646746863277713 0.0107232856147123 0 0 0.00522657189149637 0 0.00527370530534754 0
"лучи" 0.00895977062987188 0 0.00536164280735617 0 0 0.00522657189149637 0.0042755141305742 0 0.00424160162877503
"лучшее" 0.0179195412597438 0 0 0 0.00549435455069916 0.00522657189149637 0 0 0
"любезен" 0 0.00646746863277713 0 0.00345184673800483 0 0.00522657189149637 0 0.00527370530534754 0.00424160162877503
"любимая" 0 0 0.00536164280735617 0 0.00274717727534958 0 0.0085510282611484 0 0.00424160162877503
"любови" 0 0.0129349372655543 0 0 0 0 0 0 0.0127248048863251
"любую" 0 0 0.0214465712294247 0 0 0 0.0042755141305742 0 0
"малыми" 0 0 0 0 0.0137358863767479 0 0 0 0
"марать" 0 0.00646746863277713 0 0.00345184673800483 0 0 0 0 0.0127248048863251
"маской" 0.00895977062987188 0.00646746863277713 0 0 0.00274717727534958 0 0 0 0.00848320325755005
"матерью" 0 0 0 0 0 0.0156797156744891 0.0042755141305742 0.00527370530534754 0
"матушки" 0 0.00646746863277713 0 0 0.00549435455069916 0 0 0 0.00848320325755005
"матушку" 0.00895977062987188 0 0.00536164280735617 0 0.00824153182604873 0 0 0 0
"маша" 0 0 0 0.0138073869520193 0 0 0.0042755141305742 0 0
"мая" 0.00895977062987188 0.00646746863277713 0.0107232856147123 0 0 0 0 0.00527370530534754 0
"медведя" 0.00895977062987188 0 0.00536164280735617 0 0.00824153182604873 0 0 0 0
"мелькают" 0 0 0 0.00345184673800483 0.00274717727534958 0 0.0042755141305742 0 0.00848320325755005
"мельница" 0 0 0 0 0.00549435455069916 0.0104531437829927 0.0042755141305742 0 0
"мёртвая" 0 0 0 0 0.00824153182604873 0.0104531437829927 0 0 0
"мёртвой" 0 0.0194024058983314 0.00536164280735617 0.00345184673800483 0 0 0 0 0
"мёртвые" 0 0 0.0107232856147123 0 0.00274717727534958 0.00522657189149637 0 0.00527370530534754 0
"мечам" 0 0 0 0 0 0.00522657189149637 0 0.0158211159160426 0.00424160162877503
"мечтаю" 0 0 0.0107232856147123 0 0 0.00522657189149637 0.0042755141305742 0 0.00424160162877503
"миллион" 0.00895977062987188 0 0.0107232856147123 0 0.00549435455069916 0 0 0 0
"милостив" 0 0 0.00536164280735617 0 0.00824153182604873 0 0 0 0.00424160162877503
"минута" 0.00895977062987188 0 0 0 0.00274717727534958 0 0.0042755141305742 0.0105474106106951 0
"минутное" 0 0 0 0.00345184673800483 0 0.0104531437829927 0 0.00527370530534754 0.00424160162877503
"мирную" 0 0 0 0.00690369347600967 0 0.0104531437829927 0 0.00527370530534754 0
"младенческой" 0 0 0 0 0 0.0104531437829927 0 0.00527370530534754 0.00848320325755005
"мненья" 0 0 0.0107232856147123 0.00345184673800483 0 0 0.0042755141305742 0.00527370530534754 0
"могильный" 0 0 0 0.00345184673800483 0.00274717727534958 0 0.0042755141305742 0.00527370530534754 0.00424160162877503
"могучей" 0 0.00646746863277713 0 0.00690369347600967 0.00549435455069916 0 0 0 0
"моде" 0 0 0 0.00690369347600967 0.00274717727534958 0.00522657189149637 0 0.00527370530534754 0
"модных" 0 0 0 0.0103555402140145 0 0.0104531437829927 0 0 0
"молвой" 0 0 0 0 0 0.0104531437829927 0.0042755141305742 0.0105474106106951 0
"моленья" 0 0 0 0 0 0 0.0085510282611484 0.0105474106106951 0.00424160162877503
"молил" 0 0 0 0.00690369347600967 0 0 0 0.0105474106106951 0.00424160162877503
"молит" 0 0.00646746863277713 0.00536164280735617 0 0 0 0 0.00527370530534754 0.00848320325755005
"молитвою" 0.00895977062987188 0.00646746863277713 0 0 0.00274717727534958 0.00522657189149637 0 0.00527370530534754 0
"молится" 0 0 0 0.00345184673800483 0.00549435455069916 0.0104531437829927 0 0 0
"молодое" 0.00895977062987188 0.00646746863277713 0 0.00345184673800483 0 0 0.0085510282611484 0 0
"молодую" 0 0 0.00536164280735617 0.00690369347600967 0 0.00522657189149637 0 0.00527370530534754 0
"молчаливой" 0 0 0 0.00690369347600967 0 0.00522657189149637 0 0.00527370530534754 0.00424160162877503
"молчаливый" 0 0.00646746863277713 0 0.00690369347600967 0 0.00522657189149637 0 0 0.00424160162877503
"молчаньем" 0.00895977062987188 0 0 0.00345184673800483 0 0.00522657189149637 0.0085510282611484 0 0
"москвою" 0 0 0 0.00345184673800483 0.00274717727534958 0.00522657189149637 0 0.0105474106106951 0
"мощи" 0 0 0 0.00345184673800483 0.00274717727534958 0 0 0.0158211159160426 0
"мрака" 0.00895977062987188 0 0.00536164280735617 0.00690369347600967 0 0 0 0 0.00424160162877503
"мудрецов" 0 0 0.00536164280735617 0.00345184673800483 0.00274717727534958 0.00522657189149637 0 0.00527370530534754 0
"мудрецы" 0.00895977062987188 0 0 0 0 0.00522657189149637 0.0042755141305742 0.00527370530534754 0.00424160162877503
"мудрости" 0 0 0 0.00690369347600967 0 0 0.0128265423917226 0 0
"мужику" 0 0.00646746863277713 0.00536164280735617 0 0.00549435455069916 0 0.0042755141305742 0 0
"мужчина" 0.00895977062987188 0.00646746863277713 0 0 0.00549435455069916 0 0 0 0.00424160162877503
"музою" 0 0 0 0.0103555402140145 0 0 0 0.0105474106106951 0
"музыку" 0.00895977062987188 0 0 0 0.0109887091013983 0 0 0 0
"муках" 0 0 0 0.00345184673800483 0.00274717727534958 0 0.0085510282611484 0.00527370530534754 0
"мундир" 0 0 0 0.0103555402140145 0.00274717727534958 0 0 0 0.00424160162877503
"мучительных" 0.0179195412597438 0 0.00536164280735617 0.00345184673800483 0 0 0.0042755141305742 0 0
"мчат" 0 0.0194024058983314 0 0.00345184673800483 0.00274717727534958 0 0 0 0
"мыслить" 0 0 0.00536164280735617 0 0 0.00522657189149637 0.0085510282611484 0 0.00424160162877503
"мыслях" 0 0 0.00536164280735617 0.00345184673800483 0 0.00522657189149637 0.0042755141305742 0 0.00424160162877503
"надел" 0 0 0.00536164280735617 0 0.00824153182604873 0.00522657189149637 0 0 0
"надменной" 0 0 0 0.0138073869520193 0 0 0 0.00527370530534754 0
"название" 0.00895977062987188 0.00646746863277713 0 0 0 0 0 0.00527370530534754 0.00848320325755005
"назначено" 0 0 0 0 0.00824153182604873 0 0 0.00527370530534754 0.00424160162877503
"найдёте" 0.00895977062987188 0 0 0.00690369347600967 0.00274717727534958 0 0.0042755141305742 0 0
"налево" 0 0 0 0.00345184673800483 0.00824153182604873 0 0.0042755141305742 0 0
"наливай" 0 0.0194024058983314 0.00536164280735617 0.00345184673800483 0 0 0 0 0
"налоги" 0.00895977062987188 0 0 0 0 0 0.0128265423917226 0.00527370530534754 0
"намерен" 0 0 0 0.00345184673800483 0 0.00522657189149637 0.0085510282611484 0.00527370530534754 0
"наперсники" 0 0 0 0 0 0.00522657189149637 0 0.00527370530534754 0.0127248048863251
"написать" 0 0 0.00536164280735617 0.00345184673800483 0.00274717727534958 0 0.0042755141305742 0.00527370530534754 0
"напиток" 0 0 0.00536164280735617 0 0 0 0.0128265423917226 0.00527370530534754 0
"напоминают" 0 0 0 0.0138073869520193 0.00274717727534958 0 0 0 0
"напрасен" 0 0 0 0.00690369347600967 0 0 0.0085510282611484 0.00527370530534754 0
"народную" 0 0 0 0 0.00824153182604873 0 0 0.0105474106106951 0
"народные" 0.0179195412597438 0 0 0 0.00274717727534958 0 0 0.00527370530534754 0.00424160162877503
"наслаждайся" 0 0.0258698745311085 0 0 0 0 0.0042755141305742 0 0
"наслажденьи" 0.00895977062987188 0 0 0.00690369347600967 0 0 0.0042755141305742 0 0.00424160162877503
"наступил" 0 0 0 0 0.00549435455069916 0.0104531437829927 0 0.00527370530534754 0
"насчёт" 0 0 0 0.0138073869520193 0.00274717727534958 0 0 0 0
"наташа" 0 0.00646746863277713 0 0.0103555402140145 0.00274717727534958 0 0 0 0
"наука" 0.00895977062987188 0 0 0 0.00274717727534958 0 0.0042755141305742 0 0.00848320325755005
"наум" 0 0 0 0 0.0137358863767479 0 0 0 0
"находил" 0 0 0 0 0 0.00522657189149637 0 0.00527370530534754 0.0127248048863251
"нахожу" 0 0 0.00536164280735617 0.00345184673800483 0.00274717727534958 0 0.0085510282611484 0 0
"начальник" 0 0 0 0 0.0109887091013983 0 0.0042755141305742 0 0
"начнёт" 0.00895977062987188 0.00646746863277713 0.00536164280735617 0 0 0.00522657189149637 0.0042755141305742 0 0
"начнут" 0 0 0.00536164280735617 0 0.00824153182604873 0.00522657189149637 0 0 0
"небесное" 0.00895977062987188 0 0.00536164280735617 0 0.00274717727534958 0 0 0.0105474106106951 0
"небесные" 0 0 0 0.0103555402140145 0 0 0.0042755141305742 0 0.00424160162877503
"небрежной" 0 0 0 0.00345184673800483 0 0.00522657189149637 0 0.0105474106106951 0.00424160162877503
"небрежный" 0 0 0 0.0103555402140145 0 0.00522657189149637 0.0042755141305742 0 0
"нева" 0 0.0129349372655543 0 0 0 0 0 0.0105474106106951 0.00424160162877503
"невеста" 0 0 0.0160849284220685 0.00690369347600967 0 0 0 0 0
"невидимой" 0 0 0 0.00345184673800483 0 0.00522657189149637 0 0.00527370530534754 0.00848320325755005
"невидимый" 0 0 0 0 0 0.00522657189149637 0 0.0105474106106951 0.00848320325755005
"невинностью" 0 0.00646746863277713 0 0 0 0 0 0 0.0169664065151001
"невольный" 0 0.00646746863277713 0 0.00690369347600967 0 0 0.0042755141305742 0 0.00424160162877503
"неволю" 0 0 0 0.00690369347600967 0 0.00522657189149637 0 0.0105474106106951 0
"невы" 0 0.00646746863277713 0 0.00690369347600967 0.00274717727534958 0.00522657189149637 0 0 0
"негодуя" 0.00895977062987188 0 0 0 0.00549435455069916 0.00522657189149637 0.0042755141305742 0 0
"неземной" 0 0.00646746863277713 0.00536164280735617 0 0.00274717727534958 0.00522657189149637 0.0042755141305742 0 0
"некому" 0.00895977062987188 0 0 0 0.00549435455069916 0.00522657189149637 0.0042755141305742 0 0
"немца" 0 0 0.00536164280735617 0.00345184673800483 0.00824153182604873 0 0 0 0
"ненавидеть" 0 0 0 0 0.00549435455069916 0 0.0042755141305742 0.00527370530534754 0.00424160162877503
"неопытный" 0 0 0 0.00690369347600967 0 0.00522657189149637 0 0.0105474106106951 0
"несите" 0 0 0 0.0138073869520193 0 0 0 0.00527370530534754 0
"несла" 0 0.00646746863277713 0 0 0 0 0.0042755141305742 0.00527370530534754 0.00848320325755005
"несу" 0 0 0.00536164280735617 0.00345184673800483 0.00274717727534958 0.00522657189149637 0 0.00527370530534754 0
"несчастие" 0 0 0.00536164280735617 0 0 0.00522657189149637 0.0085510282611484 0 0.00424160162877503
"несчастных" 0 0 0 0 0 0 0.0085510282611484 0.00527370530534754 0.00848320325755005
"несчастья" 0 0 0.0214465712294247 0.00345184673800483 0 0 0 0 0
"нехорошо" 0 0 0 0.00345184673800483 0.00274717727534958 0 0 0.0158211159160426 0
"низкой" 0 0 0 0.00690369347600967 0 0.00522657189149637 0 0.0105474106106951 0
"нимало" 0.00895977062987188 0 0 0 0 0.00522657189149637 0 0.00527370530534754 0.00848320325755005
"нина" 0 0.0194024058983314 0 0 0 0 0 0 0.00848320325755005
"ничтожество" 0 0.00646746863277713 0 0 0 0 0.0085510282611484 0.00527370530534754 0.00424160162877503
"нищего" 0 0.0129349372655543 0 0.00345184673800483 0.00274717727534958 0 0.0042755141305742 0 0
"нищета" 0.00895977062987188 0 0 0 0.00274717727534958 0 0.0042755141305742 0.00527370530534754 0.00424160162877503
"нищете" 0 0.00646746863277713 0 0 0 0.00522657189149637 0.0042755141305742 0 0.00848320325755005
"нищие" 0 0 0 0 0.0137358863767479 0 0 0 0
"новом" 0.00895977062987188 0 0 0.00345184673800483 0.00274717727534958 0 0 0 0.00848320325755005
"новому" 0 0 0 0 0.00824153182604873 0 0.0042755141305742 0.00527370530534754 0
"носились" 0.00895977062987188 0.00646746863277713 0.00536164280735617 0 0.00549435455069916 0 0 0 0
"носу" 0.00895977062987188 0 0.00536164280735617 0 0.00274717727534958 0 0 0.00527370530534754 0.00424160162877503
"ночных" 0 0 0 0.0103555402140145 0 0 0.0085510282611484 0 0
"ношу" 0.00895977062987188 0 0.00536164280735617 0.00345184673800483 0 0 0.0042755141305742 0 0.00424160162877503
"обидеть" 0.00895977062987188 0 0 0.0103555402140145 0 0 0 0.00527370530534754 0
"обильный" 0 0 0 0.0103555402140145 0 0.00522657189149637 0 0 0.00424160162877503
"области" 0 0.00646746863277713 0 0.00345184673800483 0 0.0104531437829927 0 0.00527370530534754 0
"обмануть" 0.00895977062987188 0 0.00536164280735617 0.00345184673800483 0 0 0 0 0.00848320325755005
"обняла" 0 0.00646746863277713 0 0.00345184673800483 0.00274717727534958 0.00522657189149637 0 0.00527370530534754 0
"обратно" 0 0 0 0 0 0 0.0128265423917226 0.00527370530534754 0.00424160162877503
"общую" 0 0.00646746863277713 0 0 0 0 0.0128265423917226 0 0.00424160162877503
"обычной" 0 0 0.00536164280735617 0 0.00274717727534958 0.00522657189149637 0.0042755141305742 0 0.00424160162877503
"овидий" 0.00895977062987188 0 0 0.00345184673800483 0 0 0 0.0158211159160426 0
"оглянулся" 0 0.00646746863277713 0.0160849284220685 0 0 0.00522657189149637 0 0 0
"одежде" 0 0 0.00536164280735617 0 0.00274717727534958 0.00522657189149637 0 0.0105474106106951 0
"одеты" 0.00895977062987188 0.0129349372655543 0 0 0.00274717727534958 0 0 0 0.00424160162877503
"одному" 0.00895977062987188 0 0 0.00345184673800483 0 0.00522657189149637 0 0.00527370530534754 0.00424160162877503
"оживить" 0 0 0 0.00345184673800483 0.00549435455069916 0 0.0042755141305742 0 0.00424160162877503
"ожидает" 0 0 0 0 0 0 0.0085510282611484 0.0105474106106951 0.00424160162877503
"оказия" 0 0 0 0 0.0137358863767479 0 0 0 0
"окон" 0.00895977062987188 0.00646746863277713 0 0 0.00274717727534958 0.00522657189149637 0 0 0.00424160162877503
"окошки" 0 0 0.00536164280735617 0.00690369347600967 0.00549435455069916 0 0 0 0
"оный" 0 0 0 0 0.00274717727534958 0.0156797156744891 0 0.00527370530534754 0
"опасно" 0 0 0 0.00690369347600967 0 0.00522657189149637 0 0.00527370530534754 0.00424160162877503
"опомнись" 0 0 0 0.00345184673800483 0.00549435455069916 0 0 0.00527370530534754 0.00424160162877503
"опор" 0 0 0 0.00345184673800483 0.00549435455069916 0.00522657189149637 0 0.00527370530534754 0
"опыта" 0 0 0 0 0 0.00522657189149637 0.0085510282611484 0.00527370530534754 0.00424160162877503
"орлы" 0 0 0 0.0103555402140145 0 0.00522657189149637 0.0042755141305742 0 0
"осенней" 0 0 0 0.00345184673800483 0.00274717727534958 0.0156797156744891 0 0 0
"особой" 0 0 0.0107232856147123 0 0.00824153182604873 0 0 0 0
"оставили" 0 0 0 0.00345184673800483 0.00824153182604873 0 0.0042755141305742 0 0
"остаётся" 0.0179195412597438 0 0.0107232856147123 0 0.00274717727534958 0 0 0 0
"осталась" 0 0 0.00536164280735617 0 0.00824153182604873 0 0 0 0.00424160162877503
"остаток" 0 0 0 0 0.00274717727534958 0 0.0128265423917226 0 0.00424160162877503
"отвагу" 0 0.00646746863277713 0.00536164280735617 0.00345184673800483 0 0 0 0.0105474106106951 0
"ответил" 0.00895977062987188 0 0.0107232856147123 0 0.00274717727534958 0 0.0042755141305742 0 0
"отдаёт" 0 0.00646746863277713 0.00536164280735617 0 0 0.0104531437829927 0 0 0.00424160162877503
"отдала" 0 0.00646746863277713 0 0 0 0.00522657189149637 0.0085510282611484 0 0.00424160162877503
"отдалённой" 0 0 0 0.0103555402140145 0 0.00522657189149637 0 0.00527370530534754 0
"отдаленье" 0 0.00646746863277713 0 0.00345184673800483 0 0.0104531437829927 0 0.00527370530534754 0
"отдыхать" 0 0.00646746863277713 0.0107232856147123 0 0 0 0.0085510282611484 0 0
"отечески" 0.0179195412597438 0 0 0 0.00274717727534958 0 0.0042755141305742 0.00527370530534754 0
"отечестве" 0 0 0.00536164280735617 0 0 0.0104531437829927 0 0.00527370530534754 0.00424160162877503
"открылась" 0 0 0.0107232856147123 0.00345184673800483 0 0.00522657189149637 0 0 0.00424160162877503
"открыты" 0 0 0 0 0.00274717727534958 0 0.0042755141305742 0.0105474106106951 0.00424160162877503
"откудова" 0 0 0 0 0.0137358863767479 0 0 0 0
"отныне" 0 0 0.00536164280735617 0.00345184673800483 0 0.0104531437829927 0 0.00527370530534754 0
"отсюда" 0 0 0.00536164280735617 0 0 0 0.0128265423917226 0 0.00424160162877503
"охоте" 0.0179195412597438 0 0.00536164280735617 0 0 0 0.0042755141305742 0 0.00424160162877503
"очарован" 0 0.0129349372655543 0 0.0103555402140145 0 0 0 0 0
"очарованья" 0 0.0129349372655543 0 0 0 0.0104531437829927 0 0.00527370530534754 0
"ошибки" 0.00895977062987188 0 0.00536164280735617 0 0.00274717727534958 0 0.0042755141305742 0 0.00424160162877503
"падший" 0 0 0 0.00345184673800483 0 0.0104531437829927 0.0042755141305742 0 0.00424160162877503
"памятью" 0 0.00646746863277713 0 0.00345184673800483 0 0 0 0.00527370530534754 0.00848320325755005
"паруса" 0 0.00646746863277713 0.00536164280735617 0.00345184673800483 0.00274717727534958 0 0 0 0.00424160162877503
"певица" 0 0.00646746863277713 0 0.0103555402140145 0 0 0 0 0.00424160162877503
"пела" 0.00895977062987188 0.00646746863277713 0 0 0.00549435455069916 0 0.0042755141305742 0 0
"первую" 0 0.00646746863277713 0.00536164280735617 0.00345184673800483 0 0.00522657189149637 0 0.00527370530534754 0
"перевод" 0 0.00646746863277713 0 0.00345184673800483 0 0.00522657189149637 0 0.00527370530534754 0.00424160162877503
"пережить" 0 0.0129349372655543 0 0 0 0 0.0042755141305742 0.00527370530534754 0.00424160162877503
"пери" 0 0.0323373431638857 0 0 0 0 0 0 0
"пернатый" 0 0.00646746863277713 0 0.0103555402140145 0 0 0 0 0.00424160162877503
"перстами" 0 0 0 0.00345184673800483 0 0.00522657189149637 0 0.0158211159160426 0
"песке" 0 0.00646746863277713 0.00536164280735617 0 0.00549435455069916 0 0.0042755141305742 0 0
"песнопенья" 0 0 0 0 0 0 0 0.0158211159160426 0.00848320325755005
"пинда" 0 0 0 0.0138073869520193 0 0.00522657189149637 0 0 0
"питать" 0 0 0 0.00690369347600967 0.00274717727534958 0.00522657189149637 0 0.00527370530534754 0
"питере" 0 0 0 0 0.0137358863767479 0 0 0 0
"питомцы" 0 0 0 0.0103555402140145 0 0.00522657189149637 0 0.00527370530534754 0
"плакала" 0 0 0 0 0.00549435455069916 0 0.0085510282611484 0 0.00424160162877503
"пламени" 0 0 0 0.00690369347600967 0 0.00522657189149637 0 0.00527370530534754 0.00424160162877503
"пламенном" 0 0 0 0.00690369347600967 0 0 0 0.0105474106106951 0.00424160162877503
"пленительной" 0 0 0 0 0 0.0156797156744891 0.0085510282611484 0 0
"пленительный" 0 0 0 0 0 0.0104531437829927 0 0.00527370530534754 0.00848320325755005
"пленяло" 0 0.00646746863277713 0 0.00345184673800483 0 0.00522657189149637 0 0.00527370530534754 0.00424160162877503
"плеча" 0.00895977062987188 0 0.00536164280735617 0 0.00549435455069916 0 0 0 0.00424160162877503
"плечи" 0 0 0.00536164280735617 0 0.00274717727534958 0 0.0042755141305742 0.00527370530534754 0.00424160162877503
"плечу" 0 0 0.0160849284220685 0.00345184673800483 0.00274717727534958 0 0 0 0
"пловец" 0 0 0 0.00690369347600967 0 0.00522657189149637 0.0085510282611484 0 0
"плотно" 0.0179195412597438 0.00646746863277713 0.00536164280735617 0 0 0.00522657189149637 0 0 0
"плохо" 0 0 0.0160849284220685 0 0.00274717727534958 0.00522657189149637 0 0 0
"плывут" 0 0 0 0 0.00274717727534958 0.0104531437829927 0.0042755141305742 0.00527370530534754 0
"пляшут" 0 0.00646746863277713 0.0107232856147123 0 0 0.00522657189149637 0 0 0.00424160162877503
"победитель" 0 0 0 0.00345184673800483 0 0.00522657189149637 0 0.0158211159160426 0
"победу" 0.00895977062987188 0.0129349372655543 0 0 0 0 0 0.00527370530534754 0.00424160162877503
"побежал" 0.0268793118896156 0 0 0 0.00274717727534958 0 0 0.00527370530534754 0
"поближе" 0 0.00646746863277713 0 0 0.00274717727534958 0.00522657189149637 0 0.00527370530534754 0.00424160162877503
"повели" 0.0179195412597438 0 0 0.00345184673800483 0.00274717727534958 0 0 0 0.00424160162877503
"повеса" 0 0.00646746863277713 0 0.0138073869520193 0 0 0 0 0
"повторял" 0 0.00646746863277713 0 0 0 0.00522657189149637 0.0042755141305742 0.00527370530534754 0.00424160162877503
"поглядел" 0 0.0129349372655543 0.00536164280735617 0.00345184673800483 0.00274717727534958 0 0 0 0
"погода" 0.00895977062987188 0.0129349372655543 0 0.00345184673800483 0.00274717727534958 0 0 0 0
"подаёт" 0 0 0.00536164280735617 0 0 0.00522657189149637 0.0085510282611484 0.00527370530534754 0
"подати" 0 0 0 0 0.0137358863767479 0 0 0 0
"подземный" 0 0.00646746863277713 0 0.00345184673800483 0 0.00522657189149637 0.0042755141305742 0 0.00424160162877503
"подобно" 0 0 0 0 0 0 0 0.0105474106106951 0.0127248048863251
"подошёл" 0 0 0.0214465712294247 0 0 0 0.0042755141305742 0 0
"подтянутой" 0 0 0 0 0.0137358863767479 0 0 0 0
"подумать" 0 0 0 0 0.00549435455069916 0.00522657189149637 0.0042755141305742 0.00527370530534754 0
"подушку" 0 0 0 0.0138073869520193 0 0 0 0 0.00424160162877503
"подъезжает" 0.00895977062987188 0.00646746863277713 0.00536164280735617 0 0.00274717727534958 0 0.0042755141305742 0 0
"подъемлет" 0 0.00646746863277713 0 0.00345184673800483 0.00274717727534958 0 0 0 0.00848320325755005
"подьячие" 0 0 0 0 0.0137358863767479 0 0 0 0
"поил" 0 0.0129349372655543 0 0 0.00274717727534958 0 0.0042755141305742 0 0.00424160162877503
"пойдёшь" 0.00895977062987188 0 0 0 0.00824153182604873 0 0 0.00527370530534754 0
"пойте" 0 0.00646746863277713 0.00536164280735617 0.00690369347600967 0 0.00522657189149637 0 0 0
"покинуть" 0 0 0 0.00345184673800483 0.00274717727534958 0.0104531437829927 0 0.00527370530534754 0
"поклонилася" 0 0 0 0 0.0109887091013983 0 0.0042755141305742 0 0
"покойника" 0.00895977062987188 0 0 0 0.00549435455069916 0 0.0085510282611484 0 0
"покорной" 0 0 0 0.00690369347600967 0 0.00522657189149637 0 0.00527370530534754 0.00424160162877503
"полетела" 0.00895977062987188 0.0129349372655543 0 0.00345184673800483 0 0 0 0.00527370530534754 0
"ползёт" 0 0 0.00536164280735617 0 0.00549435455069916 0.0104531437829927 0 0 0
"ползком" 0 0 0 0.00345184673800483 0.00549435455069916 0.00522657189149637 0 0 0.00424160162877503
"полночи" 0 0 0.00536164280735617 0.00690369347600967 0.00274717727534958 0 0.0042755141305742 0 0
"полны" 0 0 0 0 0 0.00522657189149637 0.0085510282611484 0.00527370530534754 0.00424160162877503
"полным" 0.0179195412597438 0 0.00536164280735617 0.00345184673800483 0.00274717727534958 0 0 0 0
"помещиком" 0.00895977062987188 0 0 0 0.00824153182604873 0 0 0 0.00424160162877503
"помещичья" 0 0 0 0 0.0137358863767479 0 0 0 0
"помнится" 0 0 0 0.00690369347600967 0 0.00522657189149637 0 0.00527370530534754 0.00424160162877503
"понеслись" 0 0.0129349372655543 0 0.00345184673800483 0 0.00522657189149637 0 0.00527370530534754 0
"поникнув" 0 0 0 0.00690369347600967 0 0 0 0.0105474106106951 0.00424160162877503
"понимал" 0 0 0 0.00690369347600967 0.00274717727534958 0 0.0042755141305742 0 0.00424160162877503
"понимать" 0 0 0 0 0.00274717727534958 0 0.0042755141305742 0 0.0127248048863251
"понимая" 0 0 0 0.00690369347600967 0.00274717727534958 0.00522657189149637 0 0.00527370530534754 0
"поняла" 0 0 0 0 0.00549435455069916 0 0.0042755141305742 0.00527370530534754 0.00424160162877503
"поняли" 0 0 0 0 0.0109887091013983 0 0 0 0.00424160162877503
"попов" 0 0 0.00536164280735617 0.00345184673800483 0.00549435455069916 0.00522657189149637 0 0 0
"поправил" 0.0179195412597438 0 0.00536164280735617 0 0 0 0 0 0.00848320325755005
"порогу" 0 0 0 0.0103555402140145 0 0.00522657189149637 0 0.00527370530534754 0
"посвятил" 0 0 0 0.00345184673800483 0.00274717727534958 0 0 0.0105474106106951 0.00424160162877503
"поседелый" 0 0 0 0.00345184673800483 0 0.00522657189149637 0 0.0158211159160426 0
"посетитель" 0 0.00646746863277713 0 0.00690369347600967 0 0.00522657189149637 0 0.00527370530534754 0
"поскорее" 0 0 0.0160849284220685 0.00345184673800483 0 0 0.0042755141305742 0 0
"послала" 0 0 0.00536164280735617 0.00345184673800483 0.00274717727534958 0.0104531437829927 0 0 0
"последним" 0 0 0 0.00345184673800483 0.00274717727534958 0.0104531437829927 0 0.00527370530534754 0
"последнюю" 0.00895977062987188 0 0 0 0.00274717727534958 0 0.0085510282611484 0 0.00424160162877503
"послушен" 0.00895977062987188 0 0.00536164280735617 0.00345184673800483 0 0.0104531437829927 0 0 0
"посмотрел" 0.00895977062987188 0.00646746863277713 0.00536164280735617 0 0.00274717727534958 0 0.0042755141305742 0 0
"посмотрите" 0.00895977062987188 0.0194024058983314 0.00536164280735617 0 0 0 0 0 0
"посмотришь" 0 0 0 0 0.00274717727534958 0.0156797156744891 0.0042755141305742 0 0
"пост" 0 0.00646746863277713 0 0 0.00824153182604873 0 0.0042755141305742 0 0
"поставить" 0.00895977062987188 0 0.00536164280735617 0 0.00274717727534958 0 0.0042755141305742 0 0.00424160162877503
"пот" 0.00895977062987188 0 0 0.00345184673800483 0.00274717727534958 0 0 0.00527370530534754 0.00424160162877503
"потап" 0 0 0 0 0 0 0 0 0.0212080081438751
"потеху" 0 0 0.00536164280735617 0.00345184673800483 0.00274717727534958 0 0.0042755141305742 0 0.00424160162877503
"потомок" 0 0 0 0.0103555402140145 0 0 0 0.0105474106106951 0
"потомству" 0 0 0 0 0 0.00522657189149637 0.0042755141305742 0.0158211159160426 0
"похмелье" 0 0 0 0.0103555402140145 0 0.0104531437829927 0 0 0
"поцелуя" 0 0 0.0160849284220685 0.00345184673800483 0 0 0.0042755141305742 0 0
"почестей" 0 0 0 0 0 0 0.0042755141305742 0.00527370530534754 0.0127248048863251
"почил" 0.00895977062987188 0 0 0.00345184673800483 0 0 0 0.0105474106106951 0.00424160162877503
"появился" 0.0179195412597438 0 0.0107232856147123 0 0 0 0.0042755141305742 0 0
"праздной" 0 0 0 0.0138073869520193 0 0 0 0.00527370530534754 0
"праздный" 0 0 0 0.00690369347600967 0 0 0.0042755141305742 0.00527370530534754 0.00424160162877503
"преданный" 0 0.00646746863277713 0 0 0.00824153182604873 0 0 0.00527370530534754 0
"преданья" 0 0 0.00536164280735617 0 0 0.00522657189149637 0 0.00527370530534754 0.00848320325755005
"предвижу" 0 0 0 0.00690369347600967 0 0.00522657189149637 0 0.0105474106106951 0
"председатель" 0.0268793118896156 0.00646746863277713 0 0 0 0.00522657189149637 0 0 0
"представил" 0 0 0 0 0.00549435455069916 0.0104531437829927 0.0042755141305742 0 0
"прежние" 0 0 0 0.0103555402140145 0 0 0 0 0.00848320325755005
